origin,initial_converged,initial_iterations,initial_warnflag,initial_objective_value,initial_optimizer_message,initial_optimizer_status,initial_parameters,retry_attempted,retry_accepted,retry_count,retry_drift_offset,retry_converged,retry_iterations,retry_warnflag,retry_objective_value,retry_optimizer_message,retry_optimizer_status,retry_history,converged,iterations,warnflag,objective_value,optimizer_message,optimizer_status,parameters,forecast_is_finite,parameters_are_finite
2018-12-31,True,2,0,-3.0469735303854457,,,"{'const': 0.0003379631015615244, 'ma.L1': -0.06385512513772312, 'ma.L2': -0.0548376824465254, 'sigma2': 0.0001320156103574473}",False,False,0,,,,,,,,[],True,2,0,-3.0469735303854457,,,"{'const': 0.0003379631015615244, 'ma.L1': -0.06385512513772312, 'ma.L2': -0.0548376824465254, 'sigma2': 0.0001320156103574473}",True,True
2019-01-08,True,2,0,-3.046349809266574,,,"{'const': 0.0003417736437331328, 'ma.L1': -0.0643563373490101, 'ma.L2': -0.05479137966459643, 'sigma2': 0.00013218019542136442}",False,False,0,,,,,,,,[],True,2,0,-3.046349809266574,,,"{'const': 0.0003417736437331328, 'ma.L1': -0.0643563373490101, 'ma.L2': -0.05479137966459643, 'sigma2': 0.00013218019542136442}",True,True
2019-01-15,True,2,0,-3.0466164161328857,,,"{'const': 0.00034371426589258763, 'ma.L1': -0.06433233813283976, 'ma.L2': -0.054694826047484074, 'sigma2': 0.00013211009370496973}",False,False,0,,,,,,,,[],True,2,0,-3.0466164161328857,,,"{'const': 0.00034371426589258763, 'ma.L1': -0.06433233813283976, 'ma.L2': -0.054694826047484074, 'sigma2': 0.00013211009370496973}",True,True
2019-01-23,True,2,0,-3.0467589102783674,,,"{'const': 0.0003453754503040323, 'ma.L1': -0.06438488121442873, 'ma.L2': -0.054659219497783046, 'sigma2': 0.00013207299960809568}",False,False,0,,,,,,,,[],True,2,0,-3.0467589102783674,,,"{'const': 0.0003453754503040323, 'ma.L1': -0.06438488121442873, 'ma.L2': -0.054659219497783046, 'sigma2': 0.00013207299960809568}",True,True
2019-01-30,True,2,0,-3.046941311839075,,,"{'const': 0.0003472932151660452, 'ma.L1': -0.06446396703242446, 'ma.L2': -0.05477850572326054, 'sigma2': 0.000132023912383219}",False,False,0,,,,,,,,[],True,2,0,-3.046941311839075,,,"{'const': 0.0003472932151660452, 'ma.L1': -0.06446396703242446, 'ma.L2': -0.05477850572326054, 'sigma2': 0.000132023912383219}",True,True
2019-02-06,True,2,0,-3.047229972287381,,,"{'const': 0.00035009715205118616, 'ma.L1': -0.06423805405336197, 'ma.L2': -0.05470116564862898, 'sigma2': 0.00013194835897518723}",False,False,0,,,,,,,,[],True,2,0,-3.047229972287381,,,"{'const': 0.00035009715205118616, 'ma.L1': -0.06423805405336197, 'ma.L2': -0.05470116564862898, 'sigma2': 0.00013194835897518723}",True,True
2019-02-13,True,2,0,-3.047459581951896,,,"{'const': 0.00035098237251716193, 'ma.L1': -0.06418744581091468, 'ma.L2': -0.05475931549362605, 'sigma2': 0.00013188728665758528}",False,False,0,,,,,,,,[],True,2,0,-3.047459581951896,,,"{'const': 0.00035098237251716193, 'ma.L1': -0.06418744581091468, 'ma.L2': -0.05475931549362605, 'sigma2': 0.00013188728665758528}",True,True
2019-02-21,False,1,2,-3.0477612496517668,,,"{'const': 0.00035219357058597603, 'ma.L1': -0.0641909006747705, 'ma.L2': -0.05471816952931318, 'sigma2': 0.00013180830318156714}",True,True,2,5e-07,True,1.0,0.0,-3.0477612629868753,,,"[{'attempt': 1, 'drift_offset': 1e-06, 'converged': False, 'iterations': 0.0, 'warnflag': 2.0, 'objective_value': -3.04776127387895}, {'attempt': 2, 'drift_offset': 5e-07, 'converged': True, 'iterations': 1.0, 'warnflag': 0.0, 'objective_value': -3.0477612629868753}]",True,1,0,-3.0477612629868753,,,"{'const': 0.0003526935705767369, 'ma.L1': -0.06419090067477036, 'ma.L2': -0.05471816952931364, 'sigma2': 0.0001318083031814846}",True,True
2019-02-28,True,2,0,-3.0481187011360755,,,"{'const': 0.00035261416332572107, 'ma.L1': -0.06420290468207504, 'ma.L2': -0.05470965997842616, 'sigma2': 0.00013171407047728138}",False,False,0,,,,,,,,[],True,2,0,-3.0481187011360755,,,"{'const': 0.00035261416332572107, 'ma.L1': -0.06420290468207504, 'ma.L2': -0.05470965997842616, 'sigma2': 0.00013171407047728138}",True,True
2019-03-07,True,2,0,-3.048394891622824,,,"{'const': 0.0003504395530573261, 'ma.L1': -0.06415107971560648, 'ma.L2': -0.054672079142714325, 'sigma2': 0.0001316417503775174}",False,False,0,,,,,,,,[],True,2,0,-3.048394891622824,,,"{'const': 0.0003504395530573261, 'ma.L1': -0.06415107971560648, 'ma.L2': -0.054672079142714325, 'sigma2': 0.0001316417503775174}",True,True
2019-03-14,True,2,0,-3.048626491319942,,,"{'const': 0.00035335498319991775, 'ma.L1': -0.06408106721287597, 'ma.L2': -0.05470563737771607, 'sigma2': 0.00013157997534079353}",False,False,0,,,,,,,,[],True,2,0,-3.048626491319942,,,"{'const': 0.00035335498319991775, 'ma.L1': -0.06408106721287597, 'ma.L2': -0.05470563737771607, 'sigma2': 0.00013157997534079353}",True,True
2019-03-21,True,2,0,-3.048913130976673,,,"{'const': 0.0003555969698467246, 'ma.L1': -0.06409311303149483, 'ma.L2': -0.054666054112858645, 'sigma2': 0.00013150424867736142}",False,False,0,,,,,,,,[],True,2,0,-3.048913130976673,,,"{'const': 0.0003555969698467246, 'ma.L1': -0.06409311303149483, 'ma.L2': -0.054666054112858645, 'sigma2': 0.00013150424867736142}",True,True
2019-03-28,True,2,0,-3.049033418397585,,,"{'const': 0.0003532597003193942, 'ma.L1': -0.06436851474645366, 'ma.L2': -0.054691665271760725, 'sigma2': 0.00013147298683154187}",False,False,0,,,,,,,,[],True,2,0,-3.049033418397585,,,"{'const': 0.0003532597003193942, 'ma.L1': -0.06436851474645366, 'ma.L2': -0.054691665271760725, 'sigma2': 0.00013147298683154187}",True,True
2019-04-04,True,2,0,-3.049303415705455,,,"{'const': 0.0003564196423221555, 'ma.L1': -0.06423582096868323, 'ma.L2': -0.0546498455362811, 'sigma2': 0.00013140186494092524}",False,False,0,,,,,,,,[],True,2,0,-3.049303415705455,,,"{'const': 0.0003564196423221555, 'ma.L1': -0.06423582096868323, 'ma.L2': -0.0546498455362811, 'sigma2': 0.00013140186494092524}",True,True
2019-04-11,True,2,0,-3.049648978992572,,,"{'const': 0.0003567230254455792, 'ma.L1': -0.0642383227296829, 'ma.L2': -0.05465799266884958, 'sigma2': 0.00013131118102511745}",False,False,0,,,,,,,,[],True,2,0,-3.049648978992572,,,"{'const': 0.0003567230254455792, 'ma.L1': -0.0642383227296829, 'ma.L2': -0.05465799266884958, 'sigma2': 0.00013131118102511745}",True,True
2019-04-18,True,2,0,-3.049997275670348,,,"{'const': 0.0003574029839671953, 'ma.L1': -0.06425556966198674, 'ma.L2': -0.0546297001894067, 'sigma2': 0.00013121970605230152}",False,False,0,,,,,,,,[],True,2,0,-3.049997275670348,,,"{'const': 0.0003574029839671953, 'ma.L1': -0.06425556966198674, 'ma.L2': -0.0546297001894067, 'sigma2': 0.00013121970605230152}",True,True
2019-04-26,True,2,0,-3.050319662540622,,,"{'const': 0.0003588463677459001, 'ma.L1': -0.0642713594948498, 'ma.L2': -0.05463126160048731, 'sigma2': 0.00013113490663491955}",False,False,0,,,,,,,,[],True,2,0,-3.050319662540622,,,"{'const': 0.0003588463677459001, 'ma.L1': -0.0642713594948498, 'ma.L2': -0.05463126160048731, 'sigma2': 0.00013113490663491955}",True,True
2019-05-03,True,2,0,-3.050612214542288,,,"{'const': 0.00035884994859726276, 'ma.L1': -0.06427011808347681, 'ma.L2': -0.05472765252910398, 'sigma2': 0.00013105798129932686}",False,False,0,,,,,,,,[],True,2,0,-3.050612214542288,,,"{'const': 0.00035884994859726276, 'ma.L1': -0.06427011808347681, 'ma.L2': -0.05472765252910398, 'sigma2': 0.00013105798129932686}",True,True
2019-05-10,True,1,0,-3.050787094294952,,,"{'const': 0.00035555872175710613, 'ma.L1': -0.06417255829662144, 'ma.L2': -0.054804307683602345, 'sigma2': 0.00013101239046544655}",False,False,0,,,,,,,,[],True,1,0,-3.050787094294952,,,"{'const': 0.00035555872175710613, 'ma.L1': -0.06417255829662144, 'ma.L2': -0.054804307683602345, 'sigma2': 0.00013101239046544655}",True,True
2019-05-17,True,1,0,-3.0506665874297676,,,"{'const': 0.0003541402059452708, 'ma.L1': -0.06446465537240387, 'ma.L2': -0.05471365888360669, 'sigma2': 0.00013104417416717184}",False,False,0,,,,,,,,[],True,1,0,-3.0506665874297676,,,"{'const': 0.0003541402059452708, 'ma.L1': -0.06446465537240387, 'ma.L2': -0.05471365888360669, 'sigma2': 0.00013104417416717184}",True,True
2019-05-24,True,1,0,-3.0508859763734497,,,"{'const': 0.00035228195167971916, 'ma.L1': -0.06446947963327865, 'ma.L2': -0.054933238262227284, 'sigma2': 0.00013098682956633913}",False,False,0,,,,,,,,[],True,1,0,-3.0508859763734497,,,"{'const': 0.00035228195167971916, 'ma.L1': -0.06446947963327865, 'ma.L2': -0.054933238262227284, 'sigma2': 0.00013098682956633913}",True,True
2019-06-03,True,1,0,-3.051041403615543,,,"{'const': 0.0003476378270936511, 'ma.L1': -0.06435716333332844, 'ma.L2': -0.05467616856298186, 'sigma2': 0.00013094639474267814}",False,False,0,,,,,,,,[],True,1,0,-3.051041403615543,,,"{'const': 0.0003476378270936511, 'ma.L1': -0.06435716333332844, 'ma.L2': -0.05467616856298186, 'sigma2': 0.00013094639474267814}",True,True
2019-06-10,True,2,0,-3.0510192879879963,,,"{'const': 0.0003548414651383512, 'ma.L1': -0.06399135954869244, 'ma.L2': -0.0547207136367518, 'sigma2': 0.00013095118893614784}",False,False,0,,,,,,,,[],True,2,0,-3.0510192879879963,,,"{'const': 0.0003548414651383512, 'ma.L1': -0.06399135954869244, 'ma.L2': -0.0547207136367518, 'sigma2': 0.00013095118893614784}",True,True
2019-06-17,True,1,0,-3.0513851412129243,,,"{'const': 0.00035490350091545826, 'ma.L1': -0.06400229567324088, 'ma.L2': -0.05472230637457794, 'sigma2': 0.00013085588120514296}",False,False,0,,,,,,,,[],True,1,0,-3.0513851412129243,,,"{'const': 0.00035490350091545826, 'ma.L1': -0.06400229567324088, 'ma.L2': -0.05472230637457794, 'sigma2': 0.00013085588120514296}",True,True
2019-06-24,True,1,0,-3.0516429924581234,,,"{'const': 0.0003575818888376817, 'ma.L1': -0.06395408907050772, 'ma.L2': -0.054640509494897536, 'sigma2': 0.00013078843209613953}",False,False,0,,,,,,,,[],True,1,0,-3.0516429924581234,,,"{'const': 0.0003575818888376817, 'ma.L1': -0.06395408907050772, 'ma.L2': -0.054640509494897536, 'sigma2': 0.00013078843209613953}",True,True
2019-07-01,True,1,0,-3.0518903488637905,,,"{'const': 0.000358192730419666, 'ma.L1': -0.06386858911357812, 'ma.L2': -0.05465408376482973, 'sigma2': 0.00013072302829033474}",False,False,0,,,,,,,,[],True,1,0,-3.0518903488637905,,,"{'const': 0.000358192730419666, 'ma.L1': -0.06386858911357812, 'ma.L2': -0.05465408376482973, 'sigma2': 0.00013072302829033474}",True,True
2019-07-09,True,1,0,-3.0522032926363485,,,"{'const': 0.00035885107180183166, 'ma.L1': -0.06381419055908158, 'ma.L2': -0.05460814557300323, 'sigma2': 0.00013064183928844812}",False,False,0,,,,,,,,[],True,1,0,-3.0522032926363485,,,"{'const': 0.00035885107180183166, 'ma.L1': -0.06381419055908158, 'ma.L2': -0.05460814557300323, 'sigma2': 0.00013064183928844812}",True,True
2019-07-16,True,1,0,-3.0525480023594906,,,"{'const': 0.0003598947525544668, 'ma.L1': -0.06378958026753531, 'ma.L2': -0.054629417112602226, 'sigma2': 0.00013055180895077626}",False,False,0,,,,,,,,[],True,1,0,-3.0525480023594906,,,"{'const': 0.0003598947525544668, 'ma.L1': -0.06378958026753531, 'ma.L2': -0.054629417112602226, 'sigma2': 0.00013055180895077626}",True,True
2019-07-23,True,1,0,-3.052839433978931,,,"{'const': 0.00035962661887507195, 'ma.L1': -0.06380544658876822, 'ma.L2': -0.05463057629806612, 'sigma2': 0.00013047517437540486}",False,False,0,,,,,,,,[],True,1,0,-3.052839433978931,,,"{'const': 0.00035962661887507195, 'ma.L1': -0.06380544658876822, 'ma.L2': -0.05463057629806612, 'sigma2': 0.00013047517437540486}",True,True
2019-07-30,True,1,0,-3.0531602237398667,,,"{'const': 0.0003598240576034614, 'ma.L1': -0.06383491767891143, 'ma.L2': -0.05462403612276489, 'sigma2': 0.00013039197612974975}",False,False,0,,,,,,,,[],True,1,0,-3.0531602237398667,,,"{'const': 0.0003598240576034614, 'ma.L1': -0.06383491767891143, 'ma.L2': -0.05462403612276489, 'sigma2': 0.00013039197612974975}",True,True
2019-08-06,True,1,0,-3.0526928036520964,,,"{'const': 0.00035298173312162595, 'ma.L1': -0.06362636625459625, 'ma.L2': -0.054193278837269154, 'sigma2': 0.00013051398294485953}",False,False,0,,,,,,,,[],True,1,0,-3.0526928036520964,,,"{'const': 0.00035298173312162595, 'ma.L1': -0.06362636625459625, 'ma.L2': -0.054193278837269154, 'sigma2': 0.00013051398294485953}",True,True
2019-08-13,True,3,0,-3.0526321702583816,,,"{'const': 0.00035642456127239915, 'ma.L1': -0.06390392526141683, 'ma.L2': -0.054286225735814146, 'sigma2': 0.0001306412487749856}",False,False,0,,,,,,,,[],True,3,0,-3.0526321702583816,,,"{'const': 0.00035642456127239915, 'ma.L1': -0.06390392526141683, 'ma.L2': -0.054286225735814146, 'sigma2': 0.0001306412487749856}",True,True
2019-08-20,True,3,0,-3.0522794012043333,,,"{'const': 0.000354955193969406, 'ma.L1': -0.0643414956832878, 'ma.L2': -0.054356613160416956, 'sigma2': 0.00013073352409159942}",False,False,0,,,,,,,,[],True,3,0,-3.0522794012043333,,,"{'const': 0.000354955193969406, 'ma.L1': -0.0643414956832878, 'ma.L2': -0.054356613160416956, 'sigma2': 0.00013073352409159942}",True,True
2019-08-27,True,3,0,-3.0521697175976508,,,"{'const': 0.0003530219555407114, 'ma.L1': -0.06472869333484588, 'ma.L2': -0.05428728724459251, 'sigma2': 0.00013076217649193652}",False,False,0,,,,,,,,[],True,3,0,-3.0521697175976508,,,"{'const': 0.0003530219555407114, 'ma.L1': -0.06472869333484588, 'ma.L2': -0.05428728724459251, 'sigma2': 0.00013076217649193652}",True,True
2019-09-04,True,3,0,-3.052345866258098,,,"{'const': 0.000356384087870886, 'ma.L1': -0.06474609120740564, 'ma.L2': -0.05435778234449168, 'sigma2': 0.00013071583636312413}",False,False,0,,,,,,,,[],True,3,0,-3.052345866258098,,,"{'const': 0.000356384087870886, 'ma.L1': -0.06474609120740564, 'ma.L2': -0.05435778234449168, 'sigma2': 0.00013071583636312413}",True,True
2019-09-11,True,3,0,-3.052597071692548,,,"{'const': 0.0003592453432643807, 'ma.L1': -0.06455243554075356, 'ma.L2': -0.05440870214460644, 'sigma2': 0.00013065025065070796}",False,False,0,,,,,,,,[],True,3,0,-3.052597071692548,,,"{'const': 0.0003592453432643807, 'ma.L1': -0.06455243554075356, 'ma.L2': -0.05440870214460644, 'sigma2': 0.00013065025065070796}",True,True
2019-09-18,True,3,0,-3.052954514987258,,,"{'const': 0.00035943447546526574, 'ma.L1': -0.06453099712696167, 'ma.L2': -0.05443038246512704, 'sigma2': 0.00013055699742978318}",False,False,0,,,,,,,,[],True,3,0,-3.052954514987258,,,"{'const': 0.00035943447546526574, 'ma.L1': -0.06453099712696167, 'ma.L2': -0.05443038246512704, 'sigma2': 0.00013055699742978318}",True,True
2019-09-25,True,3,0,-3.053255709060591,,,"{'const': 0.00035812120699639597, 'ma.L1': -0.06456308408863179, 'ma.L2': -0.054385358292230124, 'sigma2': 0.0001304783365974017}",False,False,0,,,,,,,,[],True,3,0,-3.053255709060591,,,"{'const': 0.00035812120699639597, 'ma.L1': -0.06456308408863179, 'ma.L2': -0.054385358292230124, 'sigma2': 0.0001304783365974017}",True,True
2019-10-02,True,3,0,-3.0533091523053284,,,"{'const': 0.0003531217031550907, 'ma.L1': -0.06437089598418777, 'ma.L2': -0.05440507602010466, 'sigma2': 0.00013046280622288202}",False,False,0,,,,,,,,[],True,3,0,-3.0533091523053284,,,"{'const': 0.0003531217031550907, 'ma.L1': -0.06437089598418777, 'ma.L2': -0.05440507602010466, 'sigma2': 0.00013046280622288202}",True,True
2019-10-09,True,3,0,-3.0533929355233296,,,"{'const': 0.0003543760301694062, 'ma.L1': -0.06452336320246553, 'ma.L2': -0.05503442467783844, 'sigma2': 0.0001304426278882881}",False,False,0,,,,,,,,[],True,3,0,-3.0533929355233296,,,"{'const': 0.0003543760301694062, 'ma.L1': -0.06452336320246553, 'ma.L2': -0.05503442467783844, 'sigma2': 0.0001304426278882881}",True,True
2019-10-16,True,3,0,-3.0536187726951165,,,"{'const': 0.00035769120610475364, 'ma.L1': -0.06441684232069282, 'ma.L2': -0.054934689260228806, 'sigma2': 0.00013038361784563655}",False,False,0,,,,,,,,[],True,3,0,-3.0536187726951165,,,"{'const': 0.00035769120610475364, 'ma.L1': -0.06441684232069282, 'ma.L2': -0.054934689260228806, 'sigma2': 0.00013038361784563655}",True,True
2019-10-23,True,3,0,-3.0539392869358273,,,"{'const': 0.0003581745453547261, 'ma.L1': -0.06450316694581451, 'ma.L2': -0.054827579648327275, 'sigma2': 0.0001303000901184688}",False,False,0,,,,,,,,[],True,3,0,-3.0539392869358273,,,"{'const': 0.0003581745453547261, 'ma.L1': -0.06450316694581451, 'ma.L2': -0.054827579648327275, 'sigma2': 0.0001303000901184688}",True,True
2019-10-30,True,3,0,-3.05427776745974,,,"{'const': 0.0003599896318089711, 'ma.L1': -0.06446832075983877, 'ma.L2': -0.054795007655413244, 'sigma2': 0.00013021183674280826}",False,False,0,,,,,,,,[],True,3,0,-3.05427776745974,,,"{'const': 0.0003599896318089711, 'ma.L1': -0.06446832075983877, 'ma.L2': -0.054795007655413244, 'sigma2': 0.00013021183674280826}",True,True
2019-11-06,True,3,0,-3.0545898544460983,,,"{'const': 0.0003611798794939561, 'ma.L1': -0.06446691444542745, 'ma.L2': -0.054784557590480884, 'sigma2': 0.00013013064677913053}",False,False,0,,,,,,,,[],True,3,0,-3.0545898544460983,,,"{'const': 0.0003611798794939561, 'ma.L1': -0.06446691444542745, 'ma.L2': -0.054784557590480884, 'sigma2': 0.00013013064677913053}",True,True
2019-11-13,True,3,0,-3.054948085218688,,,"{'const': 0.0003618287061642913, 'ma.L1': -0.06446549936072786, 'ma.L2': -0.05478853175573585, 'sigma2': 0.00013003523531511857}",False,False,0,,,,,,,,[],True,3,0,-3.054948085218688,,,"{'const': 0.0003618287061642913, 'ma.L1': -0.06446549936072786, 'ma.L2': -0.05478853175573585, 'sigma2': 0.00013003523531511857}",True,True
2019-11-20,True,3,0,-3.055280545870219,,,"{'const': 0.00036239544663338994, 'ma.L1': -0.0644492856331932, 'ma.L2': -0.05479294541907901, 'sigma2': 0.00012994914986409523}",False,False,0,,,,,,,,[],True,3,0,-3.055280545870219,,,"{'const': 0.00036239544663338994, 'ma.L1': -0.0644492856331932, 'ma.L2': -0.05479294541907901, 'sigma2': 0.00012994914986409523}",True,True
2019-11-27,True,3,0,-3.0556002192804157,,,"{'const': 0.0003643216622473587, 'ma.L1': -0.06439912898647582, 'ma.L2': -0.054778909948973636, 'sigma2': 0.0001298676969021387}",False,False,0,,,,,,,,[],True,3,0,-3.0556002192804157,,,"{'const': 0.0003643216622473587, 'ma.L1': -0.06439912898647582, 'ma.L2': -0.054778909948973636, 'sigma2': 0.0001298676969021387}",True,True
2019-12-05,True,3,0,-3.0558684070165683,,,"{'const': 0.0003624360758700517, 'ma.L1': -0.06434398284723075, 'ma.L2': -0.054873500727690774, 'sigma2': 0.0001297980470407399}",False,False,0,,,,,,,,[],True,3,0,-3.0558684070165683,,,"{'const': 0.0003624360758700517, 'ma.L1': -0.06434398284723075, 'ma.L2': -0.054873500727690774, 'sigma2': 0.0001297980470407399}",True,True
2019-12-12,True,3,0,-3.0561435585312977,,,"{'const': 0.0003645306102367973, 'ma.L1': -0.06433867950553107, 'ma.L2': -0.05486156003216675, 'sigma2': 0.0001297264425337474}",False,False,0,,,,,,,,[],True,3,0,-3.0561435585312977,,,"{'const': 0.0003645306102367973, 'ma.L1': -0.06433867950553107, 'ma.L2': -0.05486156003216675, 'sigma2': 0.0001297264425337474}",True,True
2019-12-19,True,3,0,-3.0564763983311596,,,"{'const': 0.00036604226231104156, 'ma.L1': -0.06431938984462614, 'ma.L2': -0.05478763224956298, 'sigma2': 0.0001296402394529306}",False,False,0,,,,,,,,[],True,3,0,-3.0564763983311596,,,"{'const': 0.00036604226231104156, 'ma.L1': -0.06431938984462614, 'ma.L2': -0.05478763224956298, 'sigma2': 0.0001296402394529306}",True,True
2019-12-27,True,3,0,-3.056819128510798,,,"{'const': 0.0003674052298626712, 'ma.L1': -0.06429226668143811, 'ma.L2': -0.05477044161386419, 'sigma2': 0.00012955143629217087}",False,False,0,,,,,,,,[],True,3,0,-3.056819128510798,,,"{'const': 0.0003674052298626712, 'ma.L1': -0.06429226668143811, 'ma.L2': -0.05477044161386419, 'sigma2': 0.00012955143629217087}",True,True
2020-01-06,True,3,0,-3.0570874763493956,,,"{'const': 0.00036750137671980417, 'ma.L1': -0.06438498434575374, 'ma.L2': -0.054831268610999094, 'sigma2': 0.00012948196227323554}",False,False,0,,,,,,,,[],True,3,0,-3.0570874763493956,,,"{'const': 0.00036750137671980417, 'ma.L1': -0.06438498434575374, 'ma.L2': -0.054831268610999094, 'sigma2': 0.00012948196227323554}",True,True
2020-01-13,True,3,0,-3.057382347267806,,,"{'const': 0.0003691444866382969, 'ma.L1': -0.0644191222257697, 'ma.L2': -0.054772680672608806, 'sigma2': 0.00012940544512027622}",False,False,0,,,,,,,,[],True,3,0,-3.057382347267806,,,"{'const': 0.0003691444866382969, 'ma.L1': -0.0644191222257697, 'ma.L2': -0.054772680672608806, 'sigma2': 0.00012940544512027622}",True,True
2020-01-21,True,3,0,-3.057702317440658,,,"{'const': 0.00037040478372021385, 'ma.L1': -0.06439031158533529, 'ma.L2': -0.05477315911065494, 'sigma2': 0.00012932278529641909}",False,False,0,,,,,,,,[],True,3,0,-3.057702317440658,,,"{'const': 0.00037040478372021385, 'ma.L1': -0.06439031158533529, 'ma.L2': -0.05477315911065494, 'sigma2': 0.00012932278529641909}",True,True
2020-01-28,True,3,0,-3.0578143770386097,,,"{'const': 0.000368155174611308, 'ma.L1': -0.06438177823209737, 'ma.L2': -0.0548776247925101, 'sigma2': 0.00012929376320374445}",False,False,0,,,,,,,,[],True,3,0,-3.0578143770386097,,,"{'const': 0.000368155174611308, 'ma.L1': -0.06438177823209737, 'ma.L2': -0.0548776247925101, 'sigma2': 0.00012929376320374445}",True,True
2020-02-04,True,3,0,-3.0578446138298454,,,"{'const': 0.0003687486182199997, 'ma.L1': -0.06448602398772248, 'ma.L2': -0.05506465859427074, 'sigma2': 0.0001292855136534332}",False,False,0,,,,,,,,[],True,3,0,-3.0578446138298454,,,"{'const': 0.0003687486182199997, 'ma.L1': -0.06448602398772248, 'ma.L2': -0.05506465859427074, 'sigma2': 0.0001292855136534332}",True,True
2020-02-11,True,3,0,-3.0580713168844187,,,"{'const': 0.00037130002039816897, 'ma.L1': -0.06427191599380848, 'ma.L2': -0.05496578714542622, 'sigma2': 0.00012922718463948284}",False,False,0,,,,,,,,[],True,3,0,-3.0580713168844187,,,"{'const': 0.00037130002039816897, 'ma.L1': -0.06427191599380848, 'ma.L2': -0.05496578714542622, 'sigma2': 0.00012922718463948284}",True,True
2020-02-19,True,3,0,-3.058396994251105,,,"{'const': 0.0003723813927655659, 'ma.L1': -0.06428581999979179, 'ma.L2': -0.05489204812313462, 'sigma2': 0.0001291430578647211}",False,False,0,,,,,,,,[],True,3,0,-3.058396994251105,,,"{'const': 0.0003723813927655659, 'ma.L1': -0.06428581999979179, 'ma.L2': -0.05489204812313462, 'sigma2': 0.0001291430578647211}",True,True
2020-02-26,True,3,0,-3.0573000656016918,,,"{'const': 0.0003601551216633774, 'ma.L1': -0.06216305202366961, 'ma.L2': -0.054132713319392546, 'sigma2': 0.00012942725753836554}",False,False,0,,,,,,,,[],True,3,0,-3.0573000656016918,,,"{'const': 0.0003601551216633774, 'ma.L1': -0.06216305202366961, 'ma.L2': -0.054132713319392546, 'sigma2': 0.00012942725753836554}",True,True
2020-03-04,True,3,0,-3.054055780540118,,,"{'const': 0.00036019555473603673, 'ma.L1': -0.06416694573055032, 'ma.L2': -0.05201625064877818, 'sigma2': 0.00013026863026461064}",False,False,0,,,,,,,,[],True,3,0,-3.054055780540118,,,"{'const': 0.00036019555473603673, 'ma.L1': -0.06416694573055032, 'ma.L2': -0.05201625064877818, 'sigma2': 0.00013026863026461064}",True,True
2020-03-11,True,3,0,-3.0471272970082226,,,"{'const': 0.0003410902718611468, 'ma.L1': -0.06992821728769232, 'ma.L2': -0.044316769364561595, 'sigma2': 0.00013208765562832658}",False,False,0,,,,,,,,[],True,3,0,-3.0471272970082226,,,"{'const': 0.0003410902718611468, 'ma.L1': -0.06992821728769232, 'ma.L2': -0.044316769364561595, 'sigma2': 0.00013208765562832658}",True,True
2020-03-18,True,3,0,-3.029110517895461,,,"{'const': 0.00032127973561960456, 'ma.L1': -0.08961088367757017, 'ma.L2': -0.028020702921824178, 'sigma2': 0.0001369349213910543}",False,False,0,,,,,,,,[],True,3,0,-3.029110517895461,,,"{'const': 0.00032127973561960456, 'ma.L1': -0.08961088367757017, 'ma.L2': -0.028020702921824178, 'sigma2': 0.0001369349213910543}",True,True
2020-03-25,True,1,0,-3.0240203135319157,,,"{'const': 0.0003238698777374105, 'ma.L1': -0.08874423864056727, 'ma.L2': -0.030542158504074737, 'sigma2': 0.00013821650353071865}",False,False,0,,,,,,,,[],True,1,0,-3.0240203135319157,,,"{'const': 0.0003238698777374105, 'ma.L1': -0.08874423864056727, 'ma.L2': -0.030542158504074737, 'sigma2': 0.00013821650353071865}",True,True
2020-04-01,True,3,0,-3.0203825943808997,,,"{'const': 0.00032543134772788104, 'ma.L1': -0.08969056869340393, 'ma.L2': -0.02507026730151974, 'sigma2': 0.00013934499916454175}",False,False,0,,,,,,,,[],True,3,0,-3.0203825943808997,,,"{'const': 0.00032543134772788104, 'ma.L1': -0.08969056869340393, 'ma.L2': -0.02507026730151974, 'sigma2': 0.00013934499916454175}",True,True
2020-04-08,True,3,0,-3.0176932453976835,,,"{'const': 0.0003403651676103306, 'ma.L1': -0.09122915741065192, 'ma.L2': -0.021137424275265472, 'sigma2': 0.00014009399054294895}",False,False,0,,,,,,,,[],True,3,0,-3.0176932453976835,,,"{'const': 0.0003403651676103306, 'ma.L1': -0.09122915741065192, 'ma.L2': -0.021137424275265472, 'sigma2': 0.00014009399054294895}",True,True
2020-04-16,True,3,0,-3.0172392245544053,,,"{'const': 0.0003430045917284541, 'ma.L1': -0.0915005232688036, 'ma.L2': -0.020509839284009217, 'sigma2': 0.00014022262798284052}",False,False,0,,,,,,,,[],True,3,0,-3.0172392245544053,,,"{'const': 0.0003430045917284541, 'ma.L1': -0.0915005232688036, 'ma.L2': -0.020509839284009217, 'sigma2': 0.00014022262798284052}",True,True
2020-04-23,True,3,0,-3.016410716238892,,,"{'const': 0.0003427063368865517, 'ma.L1': -0.09189463045414767, 'ma.L2': -0.022221182425141005, 'sigma2': 0.0001404553013375731}",False,False,0,,,,,,,,[],True,3,0,-3.016410716238892,,,"{'const': 0.0003427063368865517, 'ma.L1': -0.09189463045414767, 'ma.L2': -0.022221182425141005, 'sigma2': 0.0001404553013375731}",True,True
2020-04-30,True,3,0,-3.01618100933388,,,"{'const': 0.0003483326983409862, 'ma.L1': -0.09199922333549837, 'ma.L2': -0.021575033526260497, 'sigma2': 0.00014051996260110912}",False,False,0,,,,,,,,[],True,3,0,-3.01618100933388,,,"{'const': 0.0003483326983409862, 'ma.L1': -0.09199922333549837, 'ma.L2': -0.021575033526260497, 'sigma2': 0.00014051996260110912}",True,True
2020-05-07,True,3,0,-3.0160371451123917,,,"{'const': 0.00034656664091092527, 'ma.L1': -0.09192831997509358, 'ma.L2': -0.022456763463375964, 'sigma2': 0.00014055857694561064}",False,False,0,,,,,,,,[],True,3,0,-3.0160371451123917,,,"{'const': 0.00034656664091092527, 'ma.L1': -0.09192831997509358, 'ma.L2': -0.022456763463375964, 'sigma2': 0.00014055857694561064}",True,True
2020-05-14,True,3,0,-3.015794115495897,,,"{'const': 0.00034499069559382705, 'ma.L1': -0.09153089375520589, 'ma.L2': -0.023196783718877, 'sigma2': 0.0001406282785488965}",False,False,0,,,,,,,,[],True,3,0,-3.015794115495897,,,"{'const': 0.00034499069559382705, 'ma.L1': -0.09153089375520589, 'ma.L2': -0.023196783718877, 'sigma2': 0.0001406282785488965}",True,True
2020-05-21,True,3,0,-3.015482032457306,,,"{'const': 0.00034976308384447857, 'ma.L1': -0.09185052574007857, 'ma.L2': -0.022451966438884426, 'sigma2': 0.0001407160365386338}",False,False,0,,,,,,,,[],True,3,0,-3.015482032457306,,,"{'const': 0.00034976308384447857, 'ma.L1': -0.09185052574007857, 'ma.L2': -0.022451966438884426, 'sigma2': 0.0001407160365386338}",True,True
2020-05-29,True,3,0,-3.015636784657643,,,"{'const': 0.00035404335421844387, 'ma.L1': -0.09165077430707382, 'ma.L2': -0.02240836270926537, 'sigma2': 0.00014067240490285392}",False,False,0,,,,,,,,[],True,3,0,-3.015636784657643,,,"{'const': 0.00035404335421844387, 'ma.L1': -0.09165077430707382, 'ma.L2': -0.02240836270926537, 'sigma2': 0.00014067240490285392}",True,True
2020-06-05,True,3,0,-3.0155314741580255,,,"{'const': 0.0003606540051851726, 'ma.L1': -0.09151941648737126, 'ma.L2': -0.021956231201796423, 'sigma2': 0.00014070163380514188}",False,False,0,,,,,,,,[],True,3,0,-3.0155314741580255,,,"{'const': 0.0003606540051851726, 'ma.L1': -0.09151941648737126, 'ma.L2': -0.021956231201796423, 'sigma2': 0.00014070163380514188}",True,True
2020-06-12,True,3,0,-3.013857568229678,,,"{'const': 0.0003535402329979762, 'ma.L1': -0.09123080661238969, 'ma.L2': -0.021991861741018585, 'sigma2': 0.00014117392256399208}",False,False,0,,,,,,,,[],True,3,0,-3.013857568229678,,,"{'const': 0.0003535402329979762, 'ma.L1': -0.09123080661238969, 'ma.L2': -0.021991861741018585, 'sigma2': 0.00014117392256399208}",True,True
2020-06-19,True,3,0,-3.0139666813748267,,,"{'const': 0.0003560213070236874, 'ma.L1': -0.09110816505689551, 'ma.L2': -0.022416651364916884, 'sigma2': 0.00014114283410636988}",False,False,0,,,,,,,,[],True,3,0,-3.0139666813748267,,,"{'const': 0.0003560213070236874, 'ma.L1': -0.09110816505689551, 'ma.L2': -0.022416651364916884, 'sigma2': 0.00014114283410636988}",True,True
2020-06-26,True,3,0,-3.013629921809147,,,"{'const': 0.00035176959538955107, 'ma.L1': -0.09164143545716365, 'ma.L2': -0.02186174091903081, 'sigma2': 0.00014123831314926072}",False,False,0,,,,,,,,[],True,3,0,-3.013629921809147,,,"{'const': 0.00035176959538955107, 'ma.L1': -0.09164143545716365, 'ma.L2': -0.02186174091903081, 'sigma2': 0.00014123831314926072}",True,True
2020-07-06,True,3,0,-3.0136504044787853,,,"{'const': 0.00035926019157941257, 'ma.L1': -0.09154001312559228, 'ma.L2': -0.02178197782954144, 'sigma2': 0.00014123145904636994}",False,False,0,,,,,,,,[],True,3,0,-3.0136504044787853,,,"{'const': 0.00035926019157941257, 'ma.L1': -0.09154001312559228, 'ma.L2': -0.02178197782954144, 'sigma2': 0.00014123145904636994}",True,True
2020-07-13,True,3,0,-3.0138482921712297,,,"{'const': 0.00035811929496875727, 'ma.L1': -0.09193183207029862, 'ma.L2': -0.02151815818927598, 'sigma2': 0.0001411755490545336}",False,False,0,,,,,,,,[],True,3,0,-3.0138482921712297,,,"{'const': 0.00035811929496875727, 'ma.L1': -0.09193183207029862, 'ma.L2': -0.02151815818927598, 'sigma2': 0.0001411755490545336}",True,True
2020-07-20,True,3,0,-3.0140502691282474,,,"{'const': 0.00036206862706759544, 'ma.L1': -0.09192228478668088, 'ma.L2': -0.021503022972410857, 'sigma2': 0.00014111872422143632}",False,False,0,,,,,,,,[],True,3,0,-3.0140502691282474,,,"{'const': 0.00036206862706759544, 'ma.L1': -0.09192228478668088, 'ma.L2': -0.021503022972410857, 'sigma2': 0.00014111872422143632}",True,True
2020-07-27,True,3,0,-3.0142713287140506,,,"{'const': 0.00036133884135275076, 'ma.L1': -0.091909127056871, 'ma.L2': -0.021606003116289286, 'sigma2': 0.0001410564122416425}",False,False,0,,,,,,,,[],True,3,0,-3.0142713287140506,,,"{'const': 0.00036133884135275076, 'ma.L1': -0.091909127056871, 'ma.L2': -0.021606003116289286, 'sigma2': 0.0001410564122416425}",True,True
2020-08-03,True,3,0,-3.014485306169739,,,"{'const': 0.0003635197806986288, 'ma.L1': -0.0920259379534415, 'ma.L2': -0.021393917458104907, 'sigma2': 0.00014099590458125088}",False,False,0,,,,,,,,[],True,3,0,-3.014485306169739,,,"{'const': 0.0003635197806986288, 'ma.L1': -0.0920259379534415, 'ma.L2': -0.021393917458104907, 'sigma2': 0.00014099590458125088}",True,True
2020-08-10,True,3,0,-3.0147860365712695,,,"{'const': 0.00036623422863717685, 'ma.L1': -0.09190295884400294, 'ma.L2': -0.021254590100586966, 'sigma2': 0.00014091129427266715}",False,False,0,,,,,,,,[],True,3,0,-3.0147860365712695,,,"{'const': 0.00036623422863717685, 'ma.L1': -0.09190295884400294, 'ma.L2': -0.021254590100586966, 'sigma2': 0.00014091129427266715}",True,True
2020-08-17,True,3,0,-3.0150225258464878,,,"{'const': 0.00036697316490367723, 'ma.L1': -0.09205149881864265, 'ma.L2': -0.021208168067520523, 'sigma2': 0.00014084464510252044}",False,False,0,,,,,,,,[],True,3,0,-3.0150225258464878,,,"{'const': 0.00036697316490367723, 'ma.L1': -0.09205149881864265, 'ma.L2': -0.021208168067520523, 'sigma2': 0.00014084464510252044}",True,True
2020-08-24,True,3,0,-3.0153108689322474,,,"{'const': 0.00036878112347070674, 'ma.L1': -0.09202371111707225, 'ma.L2': -0.02120513734334814, 'sigma2': 0.0001407632070067154}",False,False,0,,,,,,,,[],True,3,0,-3.0153108689322474,,,"{'const': 0.00036878112347070674, 'ma.L1': -0.09202371111707225, 'ma.L2': -0.02120513734334814, 'sigma2': 0.0001407632070067154}",True,True
2020-08-31,True,3,0,-3.015577299002785,,,"{'const': 0.0003712490375968854, 'ma.L1': -0.09190941832233478, 'ma.L2': -0.021016189731090935, 'sigma2': 0.00014068854176376377}",False,False,0,,,,,,,,[],True,3,0,-3.015577299002785,,,"{'const': 0.0003712490375968854, 'ma.L1': -0.09190941832233478, 'ma.L2': -0.021016189731090935, 'sigma2': 0.00014068854176376377}",True,True
2020-09-08,True,3,0,-3.0146802927184666,,,"{'const': 0.00036436665537186504, 'ma.L1': -0.09158594481178008, 'ma.L2': -0.020491931638990803, 'sigma2': 0.0001409416910391868}",False,False,0,,,,,,,,[],True,3,0,-3.0146802927184666,,,"{'const': 0.00036436665537186504, 'ma.L1': -0.09158594481178008, 'ma.L2': -0.020491931638990803, 'sigma2': 0.0001409416910391868}",True,True
2020-09-15,True,3,0,-3.014663368194057,,,"{'const': 0.0003668449358899879, 'ma.L1': -0.09228187025200467, 'ma.L2': -0.020337284257549586, 'sigma2': 0.00014094556042382748}",False,False,0,,,,,,,,[],True,3,0,-3.014663368194057,,,"{'const': 0.0003668449358899879, 'ma.L1': -0.09228187025200467, 'ma.L2': -0.020337284257549586, 'sigma2': 0.00014094556042382748}",True,True
2020-09-22,True,3,0,-3.014765869222665,,,"{'const': 0.0003629388727718241, 'ma.L1': -0.09209513571446366, 'ma.L2': -0.020398903887243705, 'sigma2': 0.00014091661802943169}",False,False,0,,,,,,,,[],True,3,0,-3.014765869222665,,,"{'const': 0.0003629388727718241, 'ma.L1': -0.09209513571446366, 'ma.L2': -0.020398903887243705, 'sigma2': 0.00014091661802943169}",True,True
2020-09-29,True,3,0,-3.0145654693158694,,,"{'const': 0.00036361246087453995, 'ma.L1': -0.0920933217145621, 'ma.L2': -0.02050720151798608, 'sigma2': 0.00014097322835484165}",False,False,0,,,,,,,,[],True,3,0,-3.0145654693158694,,,"{'const': 0.00036361246087453995, 'ma.L1': -0.0920933217145621, 'ma.L2': -0.02050720151798608, 'sigma2': 0.00014097322835484165}",True,True
2020-10-06,True,3,0,-3.014603490965389,,,"{'const': 0.0003645075677222518, 'ma.L1': -0.0925084492640376, 'ma.L2': -0.020193802323909108, 'sigma2': 0.00014096277059407817}",False,False,0,,,,,,,,[],True,3,0,-3.014603490965389,,,"{'const': 0.0003645075677222518, 'ma.L1': -0.0925084492640376, 'ma.L2': -0.020193802323909108, 'sigma2': 0.00014096277059407817}",True,True
2020-10-13,True,3,0,-3.014581090672307,,,"{'const': 0.0003705574183115937, 'ma.L1': -0.0923853094236924, 'ma.L2': -0.019792320642531527, 'sigma2': 0.00014096880848744965}",False,False,0,,,,,,,,[],True,3,0,-3.014581090672307,,,"{'const': 0.0003705574183115937, 'ma.L1': -0.0923853094236924, 'ma.L2': -0.019792320642531527, 'sigma2': 0.00014096880848744965}",True,True
2020-10-20,True,3,0,-3.0147817951610265,,,"{'const': 0.0003674975245207008, 'ma.L1': -0.09235247082047246, 'ma.L2': -0.01985771187581164, 'sigma2': 0.00014091223387128086}",False,False,0,,,,,,,,[],True,3,0,-3.0147817951610265,,,"{'const': 0.0003674975245207008, 'ma.L1': -0.09235247082047246, 'ma.L2': -0.01985771187581164, 'sigma2': 0.00014091223387128086}",True,True
2020-10-27,True,3,0,-3.0149274657298246,,,"{'const': 0.00036511322842483165, 'ma.L1': -0.09231120472201176, 'ma.L2': -0.01993675498161686, 'sigma2': 0.0001408713642732194}",False,False,0,,,,,,,,[],True,3,0,-3.0149274657298246,,,"{'const': 0.00036511322842483165, 'ma.L1': -0.09231120472201176, 'ma.L2': -0.01993675498161686, 'sigma2': 0.0001408713642732194}",True,True
2020-11-03,True,3,0,-3.0143344613829606,,,"{'const': 0.0003637637023922826, 'ma.L1': -0.09236845095235821, 'ma.L2': -0.019035927855508686, 'sigma2': 0.00014103758411008552}",False,False,0,,,,,,,,[],True,3,0,-3.0143344613829606,,,"{'const': 0.0003637637023922826, 'ma.L1': -0.09236845095235821, 'ma.L2': -0.019035927855508686, 'sigma2': 0.00014103758411008552}",True,True
2020-11-10,True,3,0,-3.014094706400406,,,"{'const': 0.00037107362664970704, 'ma.L1': -0.09137430021941761, 'ma.L2': -0.018167033138920062, 'sigma2': 0.00014110572784995583}",False,False,0,,,,,,,,[],True,3,0,-3.014094706400406,,,"{'const': 0.00037107362664970704, 'ma.L1': -0.09137430021941761, 'ma.L2': -0.018167033138920062, 'sigma2': 0.00014110572784995583}",True,True
2020-11-17,True,3,0,-3.014203896308415,,,"{'const': 0.00037345692707826017, 'ma.L1': -0.09145043924061194, 'ma.L2': -0.018137180116288877, 'sigma2': 0.0001410750558900188}",False,False,0,,,,,,,,[],True,3,0,-3.014203896308415,,,"{'const': 0.00037345692707826017, 'ma.L1': -0.09145043924061194, 'ma.L2': -0.018137180116288877, 'sigma2': 0.0001410750558900188}",True,True
2020-11-24,True,3,0,-3.014308956627084,,,"{'const': 0.0003741083293757161, 'ma.L1': -0.09141486542453649, 'ma.L2': -0.018333383963736356, 'sigma2': 0.00014104483226947288}",False,False,0,,,,,,,,[],True,3,0,-3.014308956627084,,,"{'const': 0.0003741083293757161, 'ma.L1': -0.09141486542453649, 'ma.L2': -0.018333383963736356, 'sigma2': 0.00014104483226947288}",True,True
2020-12-02,True,3,0,-3.0145960653198873,,,"{'const': 0.0003753066768013558, 'ma.L1': -0.0914502569260316, 'ma.L2': -0.018270328499232658, 'sigma2': 0.00014096418948803444}",False,False,0,,,,,,,,[],True,3,0,-3.0145960653198873,,,"{'const': 0.0003753066768013558, 'ma.L1': -0.0914502569260316, 'ma.L2': -0.018270328499232658, 'sigma2': 0.00014096418948803444}",True,True
2020-12-09,True,3,0,-3.0148707770954006,,,"{'const': 0.00037513508270767997, 'ma.L1': -0.09149464515580695, 'ma.L2': -0.018213063071067622, 'sigma2': 0.0001408870291722127}",False,False,0,,,,,,,,[],True,3,0,-3.0148707770954006,,,"{'const': 0.00037513508270767997, 'ma.L1': -0.09149464515580695, 'ma.L2': -0.018213063071067622, 'sigma2': 0.0001408870291722127}",True,True
2020-12-16,True,3,0,-3.01512882615862,,,"{'const': 0.00037607744889813253, 'ma.L1': -0.09150653134698979, 'ma.L2': -0.018231926017506637, 'sigma2': 0.00014081397615581983}",False,False,0,,,,,,,,[],True,3,0,-3.01512882615862,,,"{'const': 0.00037607744889813253, 'ma.L1': -0.09150653134698979, 'ma.L2': -0.018231926017506637, 'sigma2': 0.00014081397615581983}",True,True
2020-12-23,True,3,0,-3.0154491155529097,,,"{'const': 0.00037543778076653774, 'ma.L1': -0.09149281111640079, 'ma.L2': -0.018188815184168424, 'sigma2': 0.0001407238472176713}",False,False,0,,,,,,,,[],True,3,0,-3.0154491155529097,,,"{'const': 0.00037543778076653774, 'ma.L1': -0.09149281111640079, 'ma.L2': -0.018188815184168424, 'sigma2': 0.0001407238472176713}",True,True
2020-12-31,True,3,0,-3.015749036178239,,,"{'const': 0.00037756208559479825, 'ma.L1': -0.0914716801014886, 'ma.L2': -0.01820054683526504, 'sigma2': 0.0001406393006052565}",False,False,0,,,,,,,,[],True,3,0,-3.015749036178239,,,"{'const': 0.00037756208559479825, 'ma.L1': -0.0914716801014886, 'ma.L2': -0.01820054683526504, 'sigma2': 0.0001406393006052565}",True,True
2021-01-08,True,3,0,-3.015842160928632,,,"{'const': 0.00038004746626202563, 'ma.L1': -0.0913933383776998, 'ma.L2': -0.018160759966339524, 'sigma2': 0.00014061293618556915}",False,False,0,,,,,,,,[],True,3,0,-3.015842160928632,,,"{'const': 0.00038004746626202563, 'ma.L1': -0.0913933383776998, 'ma.L2': -0.018160759966339524, 'sigma2': 0.00014061293618556915}",True,True
2021-01-15,True,3,0,-3.0161357811945875,,,"{'const': 0.00037779045218707443, 'ma.L1': -0.09141148570216989, 'ma.L2': -0.01829314330403195, 'sigma2': 0.00014053078003264745}",False,False,0,,,,,,,,[],True,3,0,-3.0161357811945875,,,"{'const': 0.00037779045218707443, 'ma.L1': -0.09141148570216989, 'ma.L2': -0.01829314330403195, 'sigma2': 0.00014053078003264745}",True,True
2021-01-25,True,3,0,-3.016358460300858,,,"{'const': 0.00038070356782023785, 'ma.L1': -0.09136434242626829, 'ma.L2': -0.018468281244013056, 'sigma2': 0.0001404679117533655}",False,False,0,,,,,,,,[],True,3,0,-3.016358460300858,,,"{'const': 0.00038070356782023785, 'ma.L1': -0.09136434242626829, 'ma.L2': -0.018468281244013056, 'sigma2': 0.0001404679117533655}",True,True
2021-02-01,True,3,0,-3.0160562287669714,,,"{'const': 0.0003773452498977098, 'ma.L1': -0.09190710327131382, 'ma.L2': -0.01790100874301908, 'sigma2': 0.00014055250139793782}",False,False,0,,,,,,,,[],True,3,0,-3.0160562287669714,,,"{'const': 0.0003773452498977098, 'ma.L1': -0.09190710327131382, 'ma.L2': -0.01790100874301908, 'sigma2': 0.00014055250139793782}",True,True
2021-02-08,True,3,0,-3.0161972776343124,,,"{'const': 0.00038237279624001117, 'ma.L1': -0.09155611012056095, 'ma.L2': -0.017957597386286772, 'sigma2': 0.00014051290171992776}",False,False,0,,,,,,,,[],True,3,0,-3.0161972776343124,,,"{'const': 0.00038237279624001117, 'ma.L1': -0.09155611012056095, 'ma.L2': -0.017957597386286772, 'sigma2': 0.00014051290171992776}",True,True
2021-02-16,True,3,0,-3.016539268409535,,,"{'const': 0.00038279497959280417, 'ma.L1': -0.09155562214628787, 'ma.L2': -0.017966810448756834, 'sigma2': 0.0001404170069003668}",False,False,0,,,,,,,,[],True,3,0,-3.016539268409535,,,"{'const': 0.00038279497959280417, 'ma.L1': -0.09155562214628787, 'ma.L2': -0.017966810448756834, 'sigma2': 0.0001404170069003668}",True,True
2021-02-23,True,3,0,-3.0168429771526175,,,"{'const': 0.00038078932722669016, 'ma.L1': -0.09152238925176379, 'ma.L2': -0.017926335872675593, 'sigma2': 0.00014033172560240742}",False,False,0,,,,,,,,[],True,3,0,-3.0168429771526175,,,"{'const': 0.00038078932722669016, 'ma.L1': -0.09152238925176379, 'ma.L2': -0.017926335872675593, 'sigma2': 0.00014033172560240742}",True,True
2021-03-02,True,3,0,-3.0165534577568325,,,"{'const': 0.00038017081587085545, 'ma.L1': -0.09189212625153864, 'ma.L2': -0.018556685776660895, 'sigma2': 0.00014041311985661024}",False,False,0,,,,,,,,[],True,3,0,-3.0165534577568325,,,"{'const': 0.00038017081587085545, 'ma.L1': -0.09189212625153864, 'ma.L2': -0.018556685776660895, 'sigma2': 0.00014041311985661024}",True,True
2021-03-09,True,3,0,-3.016471253347908,,,"{'const': 0.0003800430370273485, 'ma.L1': -0.0919612234241754, 'ma.L2': -0.01871475344189715, 'sigma2': 0.00014043580707719377}",False,False,0,,,,,,,,[],True,3,0,-3.016471253347908,,,"{'const': 0.0003800430370273485, 'ma.L1': -0.0919612234241754, 'ma.L2': -0.01871475344189715, 'sigma2': 0.00014043580707719377}",True,True
2021-03-16,True,3,0,-3.016722693738759,,,"{'const': 0.00038300063535997604, 'ma.L1': -0.09176002282251873, 'ma.L2': -0.018528163480410396, 'sigma2': 0.0001403655319962784}",False,False,0,,,,,,,,[],True,3,0,-3.016722693738759,,,"{'const': 0.00038300063535997604, 'ma.L1': -0.09176002282251873, 'ma.L2': -0.018528163480410396, 'sigma2': 0.0001403655319962784}",True,True
2021-03-23,True,3,0,-3.016900396195895,,,"{'const': 0.00038092393432537317, 'ma.L1': -0.09183602307194656, 'ma.L2': -0.01857855613194293, 'sigma2': 0.00014031576194882268}",False,False,0,,,,,,,,[],True,3,0,-3.016900396195895,,,"{'const': 0.00038092393432537317, 'ma.L1': -0.09183602307194656, 'ma.L2': -0.01857855613194293, 'sigma2': 0.00014031576194882268}",True,True
2021-03-30,True,3,0,-3.0170933331635497,,,"{'const': 0.0003825131157434335, 'ma.L1': -0.0917349574869474, 'ma.L2': -0.018808102858351553, 'sigma2': 0.00014026151020550553}",False,False,0,,,,,,,,[],True,3,0,-3.0170933331635497,,,"{'const': 0.0003825131157434335, 'ma.L1': -0.0917349574869474, 'ma.L2': -0.018808102858351553, 'sigma2': 0.00014026151020550553}",True,True
2021-04-07,True,3,0,-3.017270856305929,,,"{'const': 0.0003863922520316037, 'ma.L1': -0.0915275530419246, 'ma.L2': -0.01876955087470291, 'sigma2': 0.00014021169603806573}",False,False,0,,,,,,,,[],True,3,0,-3.017270856305929,,,"{'const': 0.0003863922520316037, 'ma.L1': -0.0915275530419246, 'ma.L2': -0.01876955087470291, 'sigma2': 0.00014021169603806573}",True,True
2021-04-14,True,3,0,-3.0175759292704867,,,"{'const': 0.0003878157522216629, 'ma.L1': -0.09148538379634093, 'ma.L2': -0.018732630595765066, 'sigma2': 0.0001401263009040543}",False,False,0,,,,,,,,[],True,3,0,-3.0175759292704867,,,"{'const': 0.0003878157522216629, 'ma.L1': -0.09148538379634093, 'ma.L2': -0.018732630595765066, 'sigma2': 0.0001401263009040543}",True,True
2021-04-21,True,3,0,-3.0177918679273597,,,"{'const': 0.0003890574633105209, 'ma.L1': -0.09152507933059217, 'ma.L2': -0.018829634305195672, 'sigma2': 0.00014006555953171543}",False,False,0,,,,,,,,[],True,3,0,-3.0177918679273597,,,"{'const': 0.0003890574633105209, 'ma.L1': -0.09152507933059217, 'ma.L2': -0.018829634305195672, 'sigma2': 0.00014006555953171543}",True,True
2021-04-28,True,3,0,-3.0180523559443997,,,"{'const': 0.00038927454108177845, 'ma.L1': -0.09166732808865172, 'ma.L2': -0.018686290841601616, 'sigma2': 0.00013999273015941478}",False,False,0,,,,,,,,[],True,3,0,-3.0180523559443997,,,"{'const': 0.00038927454108177845, 'ma.L1': -0.09166732808865172, 'ma.L2': -0.018686290841601616, 'sigma2': 0.00013999273015941478}",True,True
2021-05-05,True,3,0,-3.018342524192893,,,"{'const': 0.00038845023847898806, 'ma.L1': -0.09172370612913022, 'ma.L2': -0.018623588900418857, 'sigma2': 0.00013991149358045683}",False,False,0,,,,,,,,[],True,3,0,-3.018342524192893,,,"{'const': 0.00038845023847898806, 'ma.L1': -0.09172370612913022, 'ma.L2': -0.018623588900418857, 'sigma2': 0.00013991149358045683}",True,True
2021-05-12,True,3,0,-3.018276867252663,,,"{'const': 0.00038476696519417977, 'ma.L1': -0.09142482696993681, 'ma.L2': -0.018636992943496127, 'sigma2': 0.00013993027130797993}",False,False,0,,,,,,,,[],True,3,0,-3.018276867252663,,,"{'const': 0.00038476696519417977, 'ma.L1': -0.09142482696993681, 'ma.L2': -0.018636992943496127, 'sigma2': 0.00013993027130797993}",True,True
2021-05-19,True,3,0,-3.0184200346163266,,,"{'const': 0.00038626379882396913, 'ma.L1': -0.09147066151245226, 'ma.L2': -0.01923681731296757, 'sigma2': 0.00013988978235255077}",False,False,0,,,,,,,,[],True,3,0,-3.0184200346163266,,,"{'const': 0.00038626379882396913, 'ma.L1': -0.09147066151245226, 'ma.L2': -0.01923681731296757, 'sigma2': 0.00013988978235255077}",True,True
2021-05-26,True,3,0,-3.018670522927444,,,"{'const': 0.0003887290214739339, 'ma.L1': -0.09153324427541798, 'ma.L2': -0.01920230655423557, 'sigma2': 0.00013981954580257115}",False,False,0,,,,,,,,[],True,3,0,-3.018670522927444,,,"{'const': 0.0003887290214739339, 'ma.L1': -0.09153324427541798, 'ma.L2': -0.01920230655423557, 'sigma2': 0.00013981954580257115}",True,True
2021-06-03,True,3,0,-3.0190104431944653,,,"{'const': 0.00038838457274629166, 'ma.L1': -0.0915399660764167, 'ma.L2': -0.0191924111249719, 'sigma2': 0.00013972461160361002}",False,False,0,,,,,,,,[],True,3,0,-3.0190104431944653,,,"{'const': 0.00038838457274629166, 'ma.L1': -0.0915399660764167, 'ma.L2': -0.0191924111249719, 'sigma2': 0.00013972461160361002}",True,True
2021-06-10,True,3,0,-3.0193151304684647,,,"{'const': 0.00038967895966248166, 'ma.L1': -0.09158671624842782, 'ma.L2': -0.019173916008814927, 'sigma2': 0.00013963928048375018}",False,False,0,,,,,,,,[],True,3,0,-3.0193151304684647,,,"{'const': 0.00038967895966248166, 'ma.L1': -0.09158671624842782, 'ma.L2': -0.019173916008814927, 'sigma2': 0.00013963928048375018}",True,True
2021-06-17,False,2,2,-3.0196398774247513,,,"{'const': 0.0003888973270382393, 'ma.L1': -0.09156137548421758, 'ma.L2': -0.019185278128397733, 'sigma2': 0.00013954872205458295}",True,True,1,1e-06,True,1.0,0.0,-3.019639887297554,,,"[{'attempt': 1, 'drift_offset': 1e-06, 'converged': True, 'iterations': 1.0, 'warnflag': 0.0, 'objective_value': -3.019639887297554}]",True,1,0,-3.019639887297554,,,"{'const': 0.0003897726946947518, 'ma.L1': -0.09156137396090568, 'ma.L2': -0.01918527884134826, 'sigma2': 0.0001395430830311367}",True,True
2021-06-24,True,3,0,-3.0197773007128044,,,"{'const': 0.0003900718393023369, 'ma.L1': -0.0916602812987677, 'ma.L2': -0.019172650509235226, 'sigma2': 0.00013951012575502596}",False,False,0,,,,,,,,[],True,3,0,-3.0197773007128044,,,"{'const': 0.0003900718393023369, 'ma.L1': -0.0916602812987677, 'ma.L2': -0.019172650509235226, 'sigma2': 0.00013951012575502596}",True,True
2021-07-01,True,3,0,-3.020104264172782,,,"{'const': 0.0003915402477451065, 'ma.L1': -0.09162575991317717, 'ma.L2': -0.019159120993183936, 'sigma2': 0.00013941892192125555}",False,False,0,,,,,,,,[],True,3,0,-3.020104264172782,,,"{'const': 0.0003915402477451065, 'ma.L1': -0.09162575991317717, 'ma.L2': -0.019159120993183936, 'sigma2': 0.00013941892192125555}",True,True
2021-07-09,False,2,2,-3.0203376047661017,,,"{'const': 0.00039289193146493386, 'ma.L1': -0.0917054415926491, 'ma.L2': -0.01908601546966265, 'sigma2': 0.0001393537809477702}",True,True,1,1e-06,True,1.0,0.0,-3.0203376137476057,,,"[{'attempt': 1, 'drift_offset': 1e-06, 'converged': True, 'iterations': 1.0, 'warnflag': 0.0, 'objective_value': -3.0203376137476057}]",True,1,0,-3.0203376137476057,,,"{'const': 0.00039376346673646045, 'ma.L1': -0.09170544006266115, 'ma.L2': -0.019086016178800458, 'sigma2': 0.00013934812380764314}",True,True
2021-07-16,True,3,0,-3.0206289674711893,,,"{'const': 0.0003913676707538613, 'ma.L1': -0.09165550802122902, 'ma.L2': -0.019147670250012547, 'sigma2': 0.00013927297592247152}",False,False,0,,,,,,,,[],True,3,0,-3.0206289674711893,,,"{'const': 0.0003913676707538613, 'ma.L1': -0.09165550802122902, 'ma.L2': -0.019147670250012547, 'sigma2': 0.00013927297592247152}",True,True
2021-07-23,True,3,0,-3.0206806524805385,,,"{'const': 0.0003937373916829429, 'ma.L1': -0.09156742528405727, 'ma.L2': -0.01922806563004144, 'sigma2': 0.00013925800327646857}",False,False,0,,,,,,,,[],True,3,0,-3.0206806524805385,,,"{'const': 0.0003937373916829429, 'ma.L1': -0.09156742528405727, 'ma.L2': -0.01922806563004144, 'sigma2': 0.00013925800327646857}",True,True
2021-07-30,True,3,0,-3.0209950837677764,,,"{'const': 0.00039309247727030964, 'ma.L1': -0.09156867456515397, 'ma.L2': -0.01927822869340277, 'sigma2': 0.00013917078619054497}",False,False,0,,,,,,,,[],True,3,0,-3.0209950837677764,,,"{'const': 0.00039309247727030964, 'ma.L1': -0.09156867456515397, 'ma.L2': -0.01927822869340277, 'sigma2': 0.00013917078619054497}",True,True
2021-08-06,True,3,0,-3.021283715476012,,,"{'const': 0.0003940376753086652, 'ma.L1': -0.09162764682855595, 'ma.L2': -0.019272606834692747, 'sigma2': 0.00013909026758342924}",False,False,0,,,,,,,,[],True,3,0,-3.021283715476012,,,"{'const': 0.0003940376753086652, 'ma.L1': -0.09162764682855595, 'ma.L2': -0.019272606834692747, 'sigma2': 0.00013909026758342924}",True,True
2021-08-13,True,3,0,-3.021623207596065,,,"{'const': 0.0003948399188826607, 'ma.L1': -0.09161668482113089, 'ma.L2': -0.019272858126567146, 'sigma2': 0.0001389958430108357}",False,False,0,,,,,,,,[],True,3,0,-3.021623207596065,,,"{'const': 0.0003948399188826607, 'ma.L1': -0.09161668482113089, 'ma.L2': -0.019272858126567146, 'sigma2': 0.0001389958430108357}",True,True
2021-08-20,True,3,0,-3.021847502455369,,,"{'const': 0.00039373649174796613, 'ma.L1': -0.09155004808452115, 'ma.L2': -0.019403075172742673, 'sigma2': 0.00013893331909875512}",False,False,0,,,,,,,,[],True,3,0,-3.021847502455369,,,"{'const': 0.00039373649174796613, 'ma.L1': -0.09155004808452115, 'ma.L2': -0.019403075172742673, 'sigma2': 0.00013893331909875512}",True,True
2021-08-27,True,3,0,-3.022099277527222,,,"{'const': 0.0003956076915901504, 'ma.L1': -0.09152511720664237, 'ma.L2': -0.019369906432375125, 'sigma2': 0.0001388633287754482}",False,False,0,,,,,,,,[],True,3,0,-3.022099277527222,,,"{'const': 0.0003956076915901504, 'ma.L1': -0.09152511720664237, 'ma.L2': -0.019369906432375125, 'sigma2': 0.0001388633287754482}",True,True
2021-09-03,False,2,2,-3.0224314748810386,,,"{'const': 0.00039624011046549137, 'ma.L1': -0.09149338871270557, 'ma.L2': -0.01941300769880895, 'sigma2': 0.00013877125168123652}",True,True,1,1e-06,True,1.0,0.0,-3.0224314844697977,,,"[{'attempt': 1, 'drift_offset': 1e-06, 'converged': True, 'iterations': 1.0, 'warnflag': 0.0, 'objective_value': -3.0224314844697977}]",True,1,0,-3.0224314844697977,,,"{'const': 0.0003971143478459479, 'ma.L1': -0.09149338716725994, 'ma.L2': -0.019413008448644756, 'sigma2': 0.00013876564433402312}",True,True
2021-09-13,True,3,0,-3.0227168804371116,,,"{'const': 0.0003939618392751796, 'ma.L1': -0.09144198866781893, 'ma.L2': -0.01939628524646271, 'sigma2': 0.0001386920338550354}",False,False,0,,,,,,,,[],True,3,0,-3.0227168804371116,,,"{'const': 0.0003939618392751796, 'ma.L1': -0.09144198866781893, 'ma.L2': -0.01939628524646271, 'sigma2': 0.0001386920338550354}",True,True
2021-09-20,False,2,2,-3.0228013144511645,,,"{'const': 0.00039028897430160925, 'ma.L1': -0.09130408549757098, 'ma.L2': -0.019384587340884923, 'sigma2': 0.00013866903581736381}",True,True,1,1e-06,True,1.0,0.0,-3.022801325872002,,,"[{'attempt': 1, 'drift_offset': 1e-06, 'converged': True, 'iterations': 1.0, 'warnflag': 0.0, 'objective_value': -3.022801325872002}]",True,1,0,-3.022801325872002,,,"{'const': 0.00039123829946694774, 'ma.L1': -0.09130408484738065, 'ma.L2': -0.01938458766419406, 'sigma2': 0.0001386666639398605}",True,True
2021-09-27,True,3,0,-3.023021138347445,,,"{'const': 0.0003926427531034256, 'ma.L1': -0.09115278357181461, 'ma.L2': -0.019592409449122702, 'sigma2': 0.00013860757536357561}",False,False,0,,,,,,,,[],True,3,0,-3.023021138347445,,,"{'const': 0.0003926427531034256, 'ma.L1': -0.09115278357181461, 'ma.L2': -0.019592409449122702, 'sigma2': 0.00013860757536357561}",True,True
2021-10-04,True,3,0,-3.0229285205766665,,,"{'const': 0.00038796822230420324, 'ma.L1': -0.09134631154165491, 'ma.L2': -0.01918279907996688, 'sigma2': 0.00013863334663943822}",False,False,0,,,,,,,,[],True,3,0,-3.0229285205766665,,,"{'const': 0.00038796822230420324, 'ma.L1': -0.09134631154165491, 'ma.L2': -0.01918279907996688, 'sigma2': 0.00013863334663943822}",True,True
2021-10-11,True,3,0,-3.0231563695896937,,,"{'const': 0.00038962335539569895, 'ma.L1': -0.09139411851181768, 'ma.L2': -0.019144578311737364, 'sigma2': 0.00013857000280549203}",False,False,0,,,,,,,,[],True,3,0,-3.0231563695896937,,,"{'const': 0.00038962335539569895, 'ma.L1': -0.09139411851181768, 'ma.L2': -0.019144578311737364, 'sigma2': 0.00013857000280549203}",True,True
2021-10-18,True,3,0,-3.0233118546352036,,,"{'const': 0.00039320374443571203, 'ma.L1': -0.09116129704818951, 'ma.L2': -0.019157700013335444, 'sigma2': 0.00013852654625168804}",False,False,0,,,,,,,,[],True,3,0,-3.0233118546352036,,,"{'const': 0.00039320374443571203, 'ma.L1': -0.09116129704818951, 'ma.L2': -0.019157700013335444, 'sigma2': 0.00013852654625168804}",True,True
2021-10-25,True,3,0,-3.023601501270049,,,"{'const': 0.0003954927206744666, 'ma.L1': -0.09108584050888617, 'ma.L2': -0.019038095764564826, 'sigma2': 0.00013844638624512567}",False,False,0,,,,,,,,[],True,3,0,-3.023601501270049,,,"{'const': 0.0003954927206744666, 'ma.L1': -0.09108584050888617, 'ma.L2': -0.019038095764564826, 'sigma2': 0.00013844638624512567}",True,True
2021-11-01,True,3,0,-3.0238927467786714,,,"{'const': 0.00039658743887551585, 'ma.L1': -0.09110060597787076, 'ma.L2': -0.01904770184931709, 'sigma2': 0.00013836580899174785}",False,False,0,,,,,,,,[],True,3,0,-3.0238927467786714,,,"{'const': 0.00039658743887551585, 'ma.L1': -0.09110060597787076, 'ma.L2': -0.01904770184931709, 'sigma2': 0.00013836580899174785}",True,True
2021-11-08,True,3,0,-3.024193075982661,,,"{'const': 0.0003989574739474194, 'ma.L1': -0.09101589763910174, 'ma.L2': -0.018984256048015045, 'sigma2': 0.00013828274311943812}",False,False,0,,,,,,,,[],True,3,0,-3.024193075982661,,,"{'const': 0.0003989574739474194, 'ma.L1': -0.09101589763910174, 'ma.L2': -0.018984256048015045, 'sigma2': 0.00013828274311943812}",True,True
2021-11-15,True,3,0,-3.0244690183487397,,,"{'const': 0.0003982392922625822, 'ma.L1': -0.09098686539094428, 'ma.L2': -0.01907091785164803, 'sigma2': 0.00013820637274608382}",False,False,0,,,,,,,,[],True,3,0,-3.0244690183487397,,,"{'const': 0.0003982392922625822, 'ma.L1': -0.09098686539094428, 'ma.L2': -0.01907091785164803, 'sigma2': 0.00013820637274608382}",True,True
2021-11-22,True,3,0,-3.024792050290794,,,"{'const': 0.0003980351362444843, 'ma.L1': -0.09100104879039105, 'ma.L2': -0.019040730117474796, 'sigma2': 0.0001381171970379066}",False,False,0,,,,,,,,[],True,3,0,-3.024792050290794,,,"{'const': 0.0003980351362444843, 'ma.L1': -0.09100104879039105, 'ma.L2': -0.019040730117474796, 'sigma2': 0.0001381171970379066}",True,True
2021-11-30,True,3,0,-3.0246368241484674,,,"{'const': 0.00039425274012188413, 'ma.L1': -0.0914632512006848, 'ma.L2': -0.018540387647742386, 'sigma2': 0.00013816038507200666}",False,False,0,,,,,,,,[],True,3,0,-3.0246368241484674,,,"{'const': 0.00039425274012188413, 'ma.L1': -0.0914632512006848, 'ma.L2': -0.018540387647742386, 'sigma2': 0.00013816038507200666}",True,True
2021-12-07,True,3,0,-3.024497261534487,,,"{'const': 0.0003975502748505594, 'ma.L1': -0.09135538602957262, 'ma.L2': -0.018873768793838102, 'sigma2': 0.00013819790106429087}",False,False,0,,,,,,,,[],True,3,0,-3.024497261534487,,,"{'const': 0.0003975502748505594, 'ma.L1': -0.09135538602957262, 'ma.L2': -0.018873768793838102, 'sigma2': 0.00013819790106429087}",True,True
2021-12-14,True,3,0,-3.024707215105539,,,"{'const': 0.0003959994902170376, 'ma.L1': -0.09135958063495128, 'ma.L2': -0.01893195574086165, 'sigma2': 0.00013814061843647852}",False,False,0,,,,,,,,[],True,3,0,-3.024707215105539,,,"{'const': 0.0003959994902170376, 'ma.L1': -0.09135958063495128, 'ma.L2': -0.01893195574086165, 'sigma2': 0.00013814061843647852}",True,True
2021-12-21,True,3,0,-3.024650572800916,,,"{'const': 0.00039599242498924357, 'ma.L1': -0.09154142589567077, 'ma.L2': -0.01921944538085878, 'sigma2': 0.0001381557201284496}",False,False,0,,,,,,,,[],True,3,0,-3.024650572800916,,,"{'const': 0.00039599242498924357, 'ma.L1': -0.09154142589567077, 'ma.L2': -0.01921944538085878, 'sigma2': 0.0001381557201284496}",True,True
2021-12-29,True,3,0,-3.0248061829105013,,,"{'const': 0.00040000123346272754, 'ma.L1': -0.09119624755215716, 'ma.L2': -0.01910336038113924, 'sigma2': 0.00013811297443190089}",False,False,0,,,,,,,,[],True,3,0,-3.0248061829105013,,,"{'const': 0.00040000123346272754, 'ma.L1': -0.09119624755215716, 'ma.L2': -0.01910336038113924, 'sigma2': 0.00013811297443190089}",True,True
2022-01-05,True,3,0,-3.0249337552693656,,,"{'const': 0.0003971969884569092, 'ma.L1': -0.09120085106160913, 'ma.L2': -0.01922360985648884, 'sigma2': 0.00013807819000037028}",False,False,0,,,,,,,,[],True,3,0,-3.0249337552693656,,,"{'const': 0.0003971969884569092, 'ma.L1': -0.09120085106160913, 'ma.L2': -0.01922360985648884, 'sigma2': 0.00013807819000037028}",True,True
2022-01-12,True,3,0,-3.025217583136408,,,"{'const': 0.0003975666221327138, 'ma.L1': -0.09111107533745047, 'ma.L2': -0.019176328637782493, 'sigma2': 0.0001379992005547726}",False,False,0,,,,,,,,[],True,3,0,-3.025217583136408,,,"{'const': 0.0003975666221327138, 'ma.L1': -0.09111107533745047, 'ma.L2': -0.019176328637782493, 'sigma2': 0.0001379992005547726}",True,True
2022-01-20,True,3,0,-3.025129771594415,,,"{'const': 0.0003901487446091985, 'ma.L1': -0.09071615831928354, 'ma.L2': -0.018795645712974426, 'sigma2': 0.00013802392330873635}",False,False,0,,,,,,,,[],True,3,0,-3.025129771594415,,,"{'const': 0.0003901487446091985, 'ma.L1': -0.09071615831928354, 'ma.L2': -0.018795645712974426, 'sigma2': 0.00013802392330873635}",True,True
2022-01-27,True,3,0,-3.025130403917008,,,"{'const': 0.0003849937946117642, 'ma.L1': -0.09037831874193372, 'ma.L2': -0.018184688028215143, 'sigma2': 0.00013802385090295468}",False,False,0,,,,,,,,[],True,3,0,-3.025130403917008,,,"{'const': 0.0003849937946117642, 'ma.L1': -0.09037831874193372, 'ma.L2': -0.018184688028215143, 'sigma2': 0.00013802385090295468}",True,True
2022-02-03,True,3,0,-3.0246564193994145,,,"{'const': 0.00038960104937579403, 'ma.L1': -0.09008978601001913, 'ma.L2': -0.01827166865733016, 'sigma2': 0.00013815471251632012}",False,False,0,,,,,,,,[],True,3,0,-3.0246564193994145,,,"{'const': 0.00038960104937579403, 'ma.L1': -0.09008978601001913, 'ma.L2': -0.01827166865733016, 'sigma2': 0.00013815471251632012}",True,True
2022-02-10,True,3,0,-3.0247087090612648,,,"{'const': 0.0003901288780918604, 'ma.L1': -0.09031875943735257, 'ma.L2': -0.01831694743660193, 'sigma2': 0.00013814011757270814}",False,False,0,,,,,,,,[],True,3,0,-3.0247087090612648,,,"{'const': 0.0003901288780918604, 'ma.L1': -0.09031875943735257, 'ma.L2': -0.01831694743660193, 'sigma2': 0.00013814011757270814}",True,True
2022-02-17,True,3,0,-3.024465691958657,,,"{'const': 0.00038611192048729225, 'ma.L1': -0.08991441744520536, 'ma.L2': -0.019211336510740713, 'sigma2': 0.00013820752196023203}",False,False,0,,,,,,,,[],True,3,0,-3.024465691958657,,,"{'const': 0.00038611192048729225, 'ma.L1': -0.08991441744520536, 'ma.L2': -0.019211336510740713, 'sigma2': 0.00013820752196023203}",True,True
2022-02-25,True,3,0,-3.0241835489541145,,,"{'const': 0.0003858255899758709, 'ma.L1': -0.0893773786794983, 'ma.L2': -0.0194342085284544, 'sigma2': 0.00013828422169798806}",False,False,0,,,,,,,,[],True,3,0,-3.0241835489541145,,,"{'const': 0.0003858255899758709, 'ma.L1': -0.0893773786794983, 'ma.L2': -0.0194342085284544, 'sigma2': 0.00013828422169798806}",True,True
2022-03-04,True,3,0,-3.0242291646499617,,,"{'const': 0.0003839872748083218, 'ma.L1': -0.08965521119912896, 'ma.L2': -0.019837459374751246, 'sigma2': 0.00013827252008383068}",False,False,0,,,,,,,,[],True,3,0,-3.0242291646499617,,,"{'const': 0.0003839872748083218, 'ma.L1': -0.08965521119912896, 'ma.L2': -0.019837459374751246, 'sigma2': 0.00013827252008383068}",True,True
2022-03-11,True,3,0,-3.0236506910229783,,,"{'const': 0.00037986960334704286, 'ma.L1': -0.08933232610777907, 'ma.L2': -0.02070958928362153, 'sigma2': 0.00013843280819697142}",False,False,0,,,,,,,,[],True,3,0,-3.0236506910229783,,,"{'const': 0.00037986960334704286, 'ma.L1': -0.08933232610777907, 'ma.L2': -0.02070958928362153, 'sigma2': 0.00013843280819697142}",True,True
2022-03-18,True,3,0,-3.0233074044730928,,,"{'const': 0.000387593517234786, 'ma.L1': -0.0884195892511184, 'ma.L2': -0.020658699267570337, 'sigma2': 0.00013852724075361135}",False,False,0,,,,,,,,[],True,3,0,-3.0233074044730928,,,"{'const': 0.000387593517234786, 'ma.L1': -0.0884195892511184, 'ma.L2': -0.020658699267570337, 'sigma2': 0.00013852724075361135}",True,True
2022-03-25,True,3,0,-3.0234001917817377,,,"{'const': 0.0003898451934147021, 'ma.L1': -0.08862097626459184, 'ma.L2': -0.020391354345034793, 'sigma2': 0.00013850181073143467}",False,False,0,,,,,,,,[],True,3,0,-3.0234001917817377,,,"{'const': 0.0003898451934147021, 'ma.L1': -0.08862097626459184, 'ma.L2': -0.020391354345034793, 'sigma2': 0.00013850181073143467}",True,True
2022-04-01,True,3,0,-3.0234924244718364,,,"{'const': 0.00038970268579779157, 'ma.L1': -0.08849169074984854, 'ma.L2': -0.020482782820797324, 'sigma2': 0.0001384764388944828}",False,False,0,,,,,,,,[],True,3,0,-3.0234924244718364,,,"{'const': 0.00038970268579779157, 'ma.L1': -0.08849169074984854, 'ma.L2': -0.020482782820797324, 'sigma2': 0.0001384764388944828}",True,True
2022-04-08,False,2,2,-3.0236531004349185,,,"{'const': 0.0003878202172488841, 'ma.L1': -0.08847948341905154, 'ma.L2': -0.0207100952611936, 'sigma2': 0.00013843200926953804}",True,True,1,1e-06,True,1.0,0.0,-3.023653110142952,,,"[{'attempt': 1, 'drift_offset': 1e-06, 'converged': True, 'iterations': 1.0, 'warnflag': 0.0, 'objective_value': -3.023653110142952}]",True,1,0,-3.023653110142952,,,"{'const': 0.00038874679695364477, 'ma.L1': -0.08847948257598938, 'ma.L2': -0.020710095826562303, 'sigma2': 0.00013842873532123924}",True,True
2022-04-18,True,3,0,-3.023697782622472,,,"{'const': 0.00038461082660072354, 'ma.L1': -0.08848190293148335, 'ma.L2': -0.020855497499145483, 'sigma2': 0.00013841974087601972}",False,False,0,,,,,,,,[],True,3,0,-3.023697782622472,,,"{'const': 0.00038461082660072354, 'ma.L1': -0.08848190293148335, 'ma.L2': -0.020855497499145483, 'sigma2': 0.00013841974087601972}",True,True
2022-04-25,True,3,0,-3.0233797674112064,,,"{'const': 0.0003813834860150079, 'ma.L1': -0.0881331765733478, 'ma.L2': -0.021356264180838396, 'sigma2': 0.00013850775881163734}",False,False,0,,,,,,,,[],True,3,0,-3.0233797674112064,,,"{'const': 0.0003813834860150079, 'ma.L1': -0.0881331765733478, 'ma.L2': -0.021356264180838396, 'sigma2': 0.00013850775881163734}",True,True
2022-05-02,True,3,0,-3.022356692825667,,,"{'const': 0.0003766033284901494, 'ma.L1': -0.08912667235023744, 'ma.L2': -0.02100782988205526, 'sigma2': 0.00013879167221905503}",False,False,0,,,,,,,,[],True,3,0,-3.022356692825667,,,"{'const': 0.0003766033284901494, 'ma.L1': -0.08912667235023744, 'ma.L2': -0.02100782988205526, 'sigma2': 0.00013879167221905503}",True,True
2022-05-09,True,3,0,-3.0210757980974074,,,"{'const': 0.000371069775795347, 'ma.L1': -0.08943471738352582, 'ma.L2': -0.020236453929765575, 'sigma2': 0.00013914820057720452}",False,False,0,,,,,,,,[],True,3,0,-3.0210757980974074,,,"{'const': 0.000371069775795347, 'ma.L1': -0.08943471738352582, 'ma.L2': -0.020236453929765575, 'sigma2': 0.00013914820057720452}",True,True
2022-05-16,True,3,0,-3.0210127197126084,,,"{'const': 0.0003712756223219736, 'ma.L1': -0.08944352146529469, 'ma.L2': -0.02002808911271982, 'sigma2': 0.00013916490345386513}",False,False,0,,,,,,,,[],True,3,0,-3.0210127197126084,,,"{'const': 0.0003712756223219736, 'ma.L1': -0.08944352146529469, 'ma.L2': -0.02002808911271982, 'sigma2': 0.00013916490345386513}",True,True
2022-05-23,True,3,0,-3.0201819896779556,,,"{'const': 0.00036986401213526157, 'ma.L1': -0.08993939489978181, 'ma.L2': -0.019779735483243552, 'sigma2': 0.0001393956574962276}",False,False,0,,,,,,,,[],True,3,0,-3.0201819896779556,,,"{'const': 0.00036986401213526157, 'ma.L1': -0.08993939489978181, 'ma.L2': -0.019779735483243552, 'sigma2': 0.0001393956574962276}",True,True
2022-05-31,True,3,0,-3.0199437235025894,,,"{'const': 0.00037505193920000097, 'ma.L1': -0.0895119743957111, 'ma.L2': -0.019632972308188182, 'sigma2': 0.00013946260204031967}",False,False,0,,,,,,,,[],True,3,0,-3.0199437235025894,,,"{'const': 0.00037505193920000097, 'ma.L1': -0.0895119743957111, 'ma.L2': -0.019632972308188182, 'sigma2': 0.00013946260204031967}",True,True
2022-06-07,True,3,0,-3.019939734244164,,,"{'const': 0.00037567087630036597, 'ma.L1': -0.08990002744999165, 'ma.L2': -0.019851432296091508, 'sigma2': 0.0001394635246110986}",False,False,0,,,,,,,,[],True,3,0,-3.019939734244164,,,"{'const': 0.00037567087630036597, 'ma.L1': -0.08990002744999165, 'ma.L2': -0.019851432296091508, 'sigma2': 0.0001394635246110986}",True,True
2022-06-14,True,3,0,-3.0185150422479343,,,"{'const': 0.0003611961929774676, 'ma.L1': -0.08729613941506392, 'ma.L2': -0.018653323064532518, 'sigma2': 0.00013986220058260644}",False,False,0,,,,,,,,[],True,3,0,-3.0185150422479343,,,"{'const': 0.0003611961929774676, 'ma.L1': -0.08729613941506392, 'ma.L2': -0.018653323064532518, 'sigma2': 0.00013986220058260644}",True,True
2022-06-22,True,3,0,-3.017977344737489,,,"{'const': 0.00036161468222120565, 'ma.L1': -0.08773830836090961, 'ma.L2': -0.019619211982992886, 'sigma2': 0.00014001258366458418}",False,False,0,,,,,,,,[],True,3,0,-3.017977344737489,,,"{'const': 0.00036161468222120565, 'ma.L1': -0.08773830836090961, 'ma.L2': -0.019619211982992886, 'sigma2': 0.00014001258366458418}",True,True
2022-06-29,True,3,0,-3.0175736863828897,,,"{'const': 0.00036355707602244873, 'ma.L1': -0.08741726767286477, 'ma.L2': -0.020064085665990987, 'sigma2': 0.00014012576158299714}",False,False,0,,,,,,,,[],True,3,0,-3.0175736863828897,,,"{'const': 0.00036355707602244873, 'ma.L1': -0.08741726767286477, 'ma.L2': -0.020064085665990987, 'sigma2': 0.00014012576158299714}",True,True
2022-07-07,True,3,0,-3.017714999215933,,,"{'const': 0.0003662322468580604, 'ma.L1': -0.08740853291695398, 'ma.L2': -0.019883784185338323, 'sigma2': 0.00014008551623000376}",False,False,0,,,,,,,,[],True,3,0,-3.017714999215933,,,"{'const': 0.0003662322468580604, 'ma.L1': -0.08740853291695398, 'ma.L2': -0.019883784185338323, 'sigma2': 0.00014008551623000376}",True,True
2022-07-14,True,3,0,-3.017909234612298,,,"{'const': 0.00036219496694452205, 'ma.L1': -0.08721503999447344, 'ma.L2': -0.019966485921414655, 'sigma2': 0.00014003147985438094}",False,False,0,,,,,,,,[],True,3,0,-3.017909234612298,,,"{'const': 0.00036219496694452205, 'ma.L1': -0.08721503999447344, 'ma.L2': -0.019966485921414655, 'sigma2': 0.00014003147985438094}",True,True
2022-07-21,True,3,0,-3.0176479679209973,,,"{'const': 0.00036910988987242906, 'ma.L1': -0.08730169166407885, 'ma.L2': -0.019376030752073555, 'sigma2': 0.00014010417775365722}",False,False,0,,,,,,,,[],True,3,0,-3.0176479679209973,,,"{'const': 0.00036910988987242906, 'ma.L1': -0.08730169166407885, 'ma.L2': -0.019376030752073555, 'sigma2': 0.00014010417775365722}",True,True
2022-07-28,True,3,0,-3.0175003687547304,,,"{'const': 0.00037126640727143373, 'ma.L1': -0.08737530507762625, 'ma.L2': -0.019485465342188053, 'sigma2': 0.00014014529515909952}",False,False,0,,,,,,,,[],True,3,0,-3.0175003687547304,,,"{'const': 0.00037126640727143373, 'ma.L1': -0.08737530507762625, 'ma.L2': -0.019485465342188053, 'sigma2': 0.00014014529515909952}",True,True
2022-08-04,True,3,0,-3.017591898066674,,,"{'const': 0.0003737541343484844, 'ma.L1': -0.08726617296145557, 'ma.L2': -0.01927300588769367, 'sigma2': 0.0001401200545882376}",False,False,0,,,,,,,,[],True,3,0,-3.017591898066674,,,"{'const': 0.0003737541343484844, 'ma.L1': -0.08726617296145557, 'ma.L2': -0.01927300588769367, 'sigma2': 0.0001401200545882376}",True,True
2022-08-11,True,3,0,-3.017722921071569,,,"{'const': 0.0003753669006875512, 'ma.L1': -0.08731500573724545, 'ma.L2': -0.019330342874655623, 'sigma2': 0.00014008328181168542}",False,False,0,,,,,,,,[],True,3,0,-3.017722921071569,,,"{'const': 0.0003753669006875512, 'ma.L1': -0.08731500573724545, 'ma.L2': -0.019330342874655623, 'sigma2': 0.00014008328181168542}",True,True
2022-08-18,True,3,0,-3.01787934819314,,,"{'const': 0.00037764115832260146, 'ma.L1': -0.08723063025787926, 'ma.L2': -0.01899171670940836, 'sigma2': 0.00014003951465285753}",False,False,0,,,,,,,,[],True,3,0,-3.01787934819314,,,"{'const': 0.00037764115832260146, 'ma.L1': -0.08723063025787926, 'ma.L2': -0.01899171670940836, 'sigma2': 0.00014003951465285753}",True,True
2022-08-25,True,3,0,-3.0177741310539155,,,"{'const': 0.0003746659555344825, 'ma.L1': -0.08684666525461493, 'ma.L2': -0.01903466244902659, 'sigma2': 0.000140068511015353}",False,False,0,,,,,,,,[],True,3,0,-3.0177741310539155,,,"{'const': 0.0003746659555344825, 'ma.L1': -0.08684666525461493, 'ma.L2': -0.01903466244902659, 'sigma2': 0.000140068511015353}",True,True
2022-09-01,False,2,2,-3.0174024250013667,,,"{'const': 0.0003668838080229542, 'ma.L1': -0.08672411388677025, 'ma.L2': -0.018714692617123673, 'sigma2': 0.00014017328308213746}",True,True,1,1e-06,True,1.0,0.0,-3.0174024342604717,,,"[{'attempt': 1, 'drift_offset': 1e-06, 'converged': True, 'iterations': 1.0, 'warnflag': 0.0, 'objective_value': -3.0174024342604717}]",True,1,0,-3.0174024342604717,,,"{'const': 0.00036779537498573764, 'ma.L1': -0.08672411281895573, 'ma.L2': -0.018714693165213844, 'sigma2': 0.000140169309950393}",True,True
2022-09-09,True,3,0,-3.01738320193083,,,"{'const': 0.00036995109408756395, 'ma.L1': -0.08653181276117736, 'ma.L2': -0.018601087624549102, 'sigma2': 0.00014017825415859863}",False,False,0,,,,,,,,[],True,3,0,-3.01738320193083,,,"{'const': 0.00036995109408756395, 'ma.L1': -0.08653181276117736, 'ma.L2': -0.018601087624549102, 'sigma2': 0.00014017825415859863}",True,True
2022-09-16,True,3,0,-3.0166313045975635,,,"{'const': 0.0003632766281175878, 'ma.L1': -0.08675523671874615, 'ma.L2': -0.018668878984145588, 'sigma2': 0.00014038966598001749}",False,False,0,,,,,,,,[],True,3,0,-3.0166313045975635,,,"{'const': 0.0003632766281175878, 'ma.L1': -0.08675523671874615, 'ma.L2': -0.018668878984145588, 'sigma2': 0.00014038966598001749}",True,True
2022-09-23,True,3,0,-3.016496733915756,,,"{'const': 0.0003568134863521659, 'ma.L1': -0.08626846717762063, 'ma.L2': -0.018308219474272885, 'sigma2': 0.0001404278366065224}",False,False,0,,,,,,,,[],True,3,0,-3.016496733915756,,,"{'const': 0.0003568134863521659, 'ma.L1': -0.08626846717762063, 'ma.L2': -0.018308219474272885, 'sigma2': 0.0001404278366065224}",True,True
2022-09-30,True,3,0,-3.016256748871292,,,"{'const': 0.0003525972844022501, 'ma.L1': -0.08608444877167998, 'ma.L2': -0.018537734138911466, 'sigma2': 0.00014049542915475392}",False,False,0,,,,,,,,[],True,3,0,-3.016256748871292,,,"{'const': 0.0003525972844022501, 'ma.L1': -0.08608444877167998, 'ma.L2': -0.018537734138911466, 'sigma2': 0.00014049542915475392}",True,True
2022-10-07,True,3,0,-3.0153758623824825,,,"{'const': 0.00035449745203032946, 'ma.L1': -0.08548585828345563, 'ma.L2': -0.01994042791722587, 'sigma2': 0.00014074317548563354}",False,False,0,,,,,,,,[],True,3,0,-3.0153758623824825,,,"{'const': 0.00035449745203032946, 'ma.L1': -0.08548585828345563, 'ma.L2': -0.01994042791722587, 'sigma2': 0.00014074317548563354}",True,True
2022-10-14,True,3,0,-3.0150966778500043,,,"{'const': 0.00035227580851626195, 'ma.L1': -0.08570396734845731, 'ma.L2': -0.01966113456676413, 'sigma2': 0.00014082135140239884}",False,False,0,,,,,,,,[],True,3,0,-3.0150966778500043,,,"{'const': 0.00035227580851626195, 'ma.L1': -0.08570396734845731, 'ma.L2': -0.01966113456676413, 'sigma2': 0.00014082135140239884}",True,True
2022-10-21,True,3,0,-3.0147843723529153,,,"{'const': 0.00035793164157494635, 'ma.L1': -0.08611120600529973, 'ma.L2': -0.01968020672820728, 'sigma2': 0.00014090846948593992}",False,False,0,,,,,,,,[],True,3,0,-3.0147843723529153,,,"{'const': 0.00035793164157494635, 'ma.L1': -0.08611120600529973, 'ma.L2': -0.01968020672820728, 'sigma2': 0.00014090846948593992}",True,True
2022-10-28,True,3,0,-3.0146176199964296,,,"{'const': 0.00036283981106439273, 'ma.L1': -0.0857617855074978, 'ma.L2': -0.01975759629133262, 'sigma2': 0.0001409556636870649}",False,False,0,,,,,,,,[],True,3,0,-3.0146176199964296,,,"{'const': 0.00036283981106439273, 'ma.L1': -0.0857617855074978, 'ma.L2': -0.01975759629133262, 'sigma2': 0.0001409556636870649}",True,True
2022-11-04,True,3,0,-3.0144448965914235,,,"{'const': 0.00035824050932236343, 'ma.L1': -0.0855750288340559, 'ma.L2': -0.019979526001725194, 'sigma2': 0.00014100453613885547}",False,False,0,,,,,,,,[],True,3,0,-3.0144448965914235,,,"{'const': 0.00035824050932236343, 'ma.L1': -0.0855750288340559, 'ma.L2': -0.019979526001725194, 'sigma2': 0.00014100453613885547}",True,True
2022-11-11,True,3,0,-3.013180254109454,,,"{'const': 0.0003655551381100673, 'ma.L1': -0.08584878475921884, 'ma.L2': -0.0201624140958616, 'sigma2': 0.00014136147203340656}",False,False,0,,,,,,,,[],True,3,0,-3.013180254109454,,,"{'const': 0.0003655551381100673, 'ma.L1': -0.08584878475921884, 'ma.L2': -0.0201624140958616, 'sigma2': 0.00014136147203340656}",True,True
2022-11-18,True,3,0,-3.0134231865872194,,,"{'const': 0.0003645811079802901, 'ma.L1': -0.08602829147328593, 'ma.L2': -0.020392907784809112, 'sigma2': 0.00014129323909922045}",False,False,0,,,,,,,,[],True,3,0,-3.0134231865872194,,,"{'const': 0.0003645811079802901, 'ma.L1': -0.08602829147328593, 'ma.L2': -0.020392907784809112, 'sigma2': 0.00014129323909922045}",True,True
2022-11-28,True,3,0,-3.013525046437503,,,"{'const': 0.00036439343813522116, 'ma.L1': -0.08601213773856313, 'ma.L2': -0.020473836353659996, 'sigma2': 0.00014126479761369348}",False,False,0,,,,,,,,[],True,3,0,-3.013525046437503,,,"{'const': 0.00036439343813522116, 'ma.L1': -0.08601213773856313, 'ma.L2': -0.020473836353659996, 'sigma2': 0.00014126479761369348}",True,True
2022-12-05,True,3,0,-3.0132646521611783,,,"{'const': 0.0003653919284261537, 'ma.L1': -0.08600020658596899, 'ma.L2': -0.021006200435902202, 'sigma2': 0.0001413384522782635}",False,False,0,,,,,,,,[],True,3,0,-3.0132646521611783,,,"{'const': 0.0003653919284261537, 'ma.L1': -0.08600020658596899, 'ma.L2': -0.021006200435902202, 'sigma2': 0.0001413384522782635}",True,True
2022-12-12,False,2,2,-3.0133298463248925,,,"{'const': 0.0003647841890246977, 'ma.L1': -0.0858363207154646, 'ma.L2': -0.02094022442265942, 'sigma2': 0.0001413191709521506}",True,True,1,1e-06,True,1.0,0.0,-3.013329854511914,,,"[{'attempt': 1, 'drift_offset': 1e-06, 'converged': True, 'iterations': 1.0, 'warnflag': 0.0, 'objective_value': -3.013329854511914}]",True,1,0,-3.013329854511914,,,"{'const': 0.0003656616061873109, 'ma.L1': -0.08583631938552742, 'ma.L2': -0.02094022544318141, 'sigma2': 0.000141313810554217}",True,True
2022-12-19,True,3,0,-3.0131578491311566,,,"{'const': 0.0003588220248978362, 'ma.L1': -0.08516217914471043, 'ma.L2': -0.020998437456358175, 'sigma2': 0.00014136823842613567}",False,False,0,,,,,,,,[],True,3,0,-3.0131578491311566,,,"{'const': 0.0003588220248978362, 'ma.L1': -0.08516217914471043, 'ma.L2': -0.020998437456358175, 'sigma2': 0.00014136823842613567}",True,True
2022-12-27,False,2,2,-3.0132906732816216,,,"{'const': 0.00035901406418236743, 'ma.L1': -0.08542180367039665, 'ma.L2': -0.021006490557484037, 'sigma2': 0.00014133041686959752}",True,True,1,1e-06,True,1.0,0.0,-3.0132906827136012,,,"[{'attempt': 1, 'drift_offset': 1e-06, 'converged': True, 'iterations': 1.0, 'warnflag': 0.0, 'objective_value': -3.0132906827136012}]",True,1,0,-3.0132906827136012,,,"{'const': 0.00035996406649357963, 'ma.L1': -0.08542180309893022, 'ma.L2': -0.021006491017154467, 'sigma2': 0.00014132815827156867}",True,True
2023-01-04,True,3,0,-3.0133839933667623,,,"{'const': 0.00035954580802991133, 'ma.L1': -0.08561850009526241, 'ma.L2': -0.02117265124890278, 'sigma2': 0.00014130381279557982}",False,False,0,,,,,,,,[],True,3,0,-3.0133839933667623,,,"{'const': 0.00035954580802991133, 'ma.L1': -0.08561850009526241, 'ma.L2': -0.02117265124890278, 'sigma2': 0.00014130381279557982}",True,True
2023-01-11,True,3,0,-3.013337043931036,,,"{'const': 0.00036326728714976573, 'ma.L1': -0.08580773275489664, 'ma.L2': -0.020829390841847466, 'sigma2': 0.00014131690671804196}",False,False,0,,,,,,,,[],True,3,0,-3.013337043931036,,,"{'const': 0.00036326728714976573, 'ma.L1': -0.08580773275489664, 'ma.L2': -0.020829390841847466, 'sigma2': 0.00014131690671804196}",True,True
2023-01-19,True,3,0,-3.013485227740861,,,"{'const': 0.00036083474740813417, 'ma.L1': -0.08558511832525435, 'ma.L2': -0.020831442343998717, 'sigma2': 0.00014127554823427173}",False,False,0,,,,,,,,[],True,3,0,-3.013485227740861,,,"{'const': 0.00036083474740813417, 'ma.L1': -0.08558511832525435, 'ma.L2': -0.020831442343998717, 'sigma2': 0.00014127554823427173}",True,True
2023-01-26,True,3,0,-3.0135517860172922,,,"{'const': 0.0003658580166556806, 'ma.L1': -0.08552133452500339, 'ma.L2': -0.021205399938129275, 'sigma2': 0.0001412562281472909}",False,False,0,,,,,,,,[],True,3,0,-3.0135517860172922,,,"{'const': 0.0003658580166556806, 'ma.L1': -0.08552133452500339, 'ma.L2': -0.021205399938129275, 'sigma2': 0.0001412562281472909}",True,True
2023-02-02,True,3,0,-3.013556416593666,,,"{'const': 0.00036945584282011083, 'ma.L1': -0.0853804167094201, 'ma.L2': -0.021242384708980596, 'sigma2': 0.00014125477232460124}",False,False,0,,,,,,,,[],True,3,0,-3.013556416593666,,,"{'const': 0.00036945584282011083, 'ma.L1': -0.0853804167094201, 'ma.L2': -0.021242384708980596, 'sigma2': 0.00014125477232460124}",True,True
2023-02-09,True,3,0,-3.0136605604475464,,,"{'const': 0.00036624532383195053, 'ma.L1': -0.08554834426839313, 'ma.L2': -0.02158563923709419, 'sigma2': 0.0001412260345944858}",False,False,0,,,,,,,,[],True,3,0,-3.0136605604475464,,,"{'const': 0.00036624532383195053, 'ma.L1': -0.08554834426839313, 'ma.L2': -0.02158563923709419, 'sigma2': 0.0001412260345944858}",True,True
2023-02-16,True,3,0,-3.0138364226279037,,,"{'const': 0.0003663961112098534, 'ma.L1': -0.08558983870027194, 'ma.L2': -0.021664564124805732, 'sigma2': 0.00014117634598334207}",False,False,0,,,,,,,,[],True,3,0,-3.0138364226279037,,,"{'const': 0.0003663961112098534, 'ma.L1': -0.08558983870027194, 'ma.L2': -0.021664564124805732, 'sigma2': 0.00014117634598334207}",True,True
2023-02-24,True,3,0,-3.0138782396959702,,,"{'const': 0.00036223095856089625, 'ma.L1': -0.0854399391570538, 'ma.L2': -0.021436487635508754, 'sigma2': 0.00014116445960513237}",False,False,0,,,,,,,,[],True,3,0,-3.0138782396959702,,,"{'const': 0.00036223095856089625, 'ma.L1': -0.0854399391570538, 'ma.L2': -0.021436487635508754, 'sigma2': 0.00014116445960513237}",True,True
2023-03-03,True,3,0,-3.0140460026153884,,,"{'const': 0.00036442978929719026, 'ma.L1': -0.08538228382283755, 'ma.L2': -0.021495866753650422, 'sigma2': 0.00014111640953962172}",False,False,0,,,,,,,,[],True,3,0,-3.0140460026153884,,,"{'const': 0.00036442978929719026, 'ma.L1': -0.08538228382283755, 'ma.L2': -0.021495866753650422, 'sigma2': 0.00014111640953962172}",True,True
2023-03-10,True,3,0,-3.013962519353345,,,"{'const': 0.0003582741007703565, 'ma.L1': -0.08509239140056526, 'ma.L2': -0.02146823326212966, 'sigma2': 0.0001411407392058403}",False,False,0,,,,,,,,[],True,3,0,-3.013962519353345,,,"{'const': 0.0003582741007703565, 'ma.L1': -0.08509239140056526, 'ma.L2': -0.02146823326212966, 'sigma2': 0.0001411407392058403}",True,True
2023-03-17,True,3,0,-3.0139739586780223,,,"{'const': 0.00035986400681734416, 'ma.L1': -0.08544039783268095, 'ma.L2': -0.02129934500699766, 'sigma2': 0.00014113707919204168}",False,False,0,,,,,,,,[],True,3,0,-3.0139739586780223,,,"{'const': 0.00035986400681734416, 'ma.L1': -0.08544039783268095, 'ma.L2': -0.02129934500699766, 'sigma2': 0.00014113707919204168}",True,True
2023-03-24,True,3,0,-3.0140468932221602,,,"{'const': 0.00036148810951779526, 'ma.L1': -0.0856222308030865, 'ma.L2': -0.021494490902018683, 'sigma2': 0.00014111622823973662}",False,False,0,,,,,,,,[],True,3,0,-3.0140468932221602,,,"{'const': 0.00036148810951779526, 'ma.L1': -0.0856222308030865, 'ma.L2': -0.021494490902018683, 'sigma2': 0.00014111622823973662}",True,True
2023-03-31,True,3,0,-3.014162925268056,,,"{'const': 0.0003656621681857516, 'ma.L1': -0.0854679154736351, 'ma.L2': -0.021305423430641995, 'sigma2': 0.00014108325084053085}",False,False,0,,,,,,,,[],True,3,0,-3.014162925268056,,,"{'const': 0.0003656621681857516, 'ma.L1': -0.0854679154736351, 'ma.L2': -0.021305423430641995, 'sigma2': 0.00014108325084053085}",True,True
2023-04-10,True,3,0,-3.0144583682621278,,,"{'const': 0.00036556347689207917, 'ma.L1': -0.08541856205875333, 'ma.L2': -0.021384643645273538, 'sigma2': 0.00014100022159227156}",False,False,0,,,,,,,,[],True,3,0,-3.0144583682621278,,,"{'const': 0.00036556347689207917, 'ma.L1': -0.08541856205875333, 'ma.L2': -0.021384643645273538, 'sigma2': 0.00014100022159227156}",True,True
2023-04-17,True,3,0,-3.014698881072265,,,"{'const': 0.0003666976593373114, 'ma.L1': -0.08549646858354784, 'ma.L2': -0.021334052713437017, 'sigma2': 0.00014093235207383143}",False,False,0,,,,,,,,[],True,3,0,-3.014698881072265,,,"{'const': 0.0003666976593373114, 'ma.L1': -0.08549646858354784, 'ma.L2': -0.021334052713437017, 'sigma2': 0.00014093235207383143}",True,True
2023-04-24,True,3,0,-3.015011025688874,,,"{'const': 0.00036605213524689833, 'ma.L1': -0.08549387480769254, 'ma.L2': -0.021342188433527344, 'sigma2': 0.00014084440917947502}",False,False,0,,,,,,,,[],True,3,0,-3.015011025688874,,,"{'const': 0.00036605213524689833, 'ma.L1': -0.08549387480769254, 'ma.L2': -0.021342188433527344, 'sigma2': 0.00014084440917947502}",True,True
2023-05-01,True,3,0,-3.0149964568764793,,,"{'const': 0.0003667177527734166, 'ma.L1': -0.08535359988048125, 'ma.L2': -0.02170337912735531, 'sigma2': 0.0001408484453919872}",False,False,0,,,,,,,,[],True,3,0,-3.0149964568764793,,,"{'const': 0.0003667177527734166, 'ma.L1': -0.08535359988048125, 'ma.L2': -0.02170337912735531, 'sigma2': 0.0001408484453919872}",True,True
2023-05-08,True,3,0,-3.015062025931612,,,"{'const': 0.0003655856658184397, 'ma.L1': -0.08532641137443683, 'ma.L2': -0.02186554974446006, 'sigma2': 0.00014082979997543862}",False,False,0,,,,,,,,[],True,3,0,-3.015062025931612,,,"{'const': 0.0003655856658184397, 'ma.L1': -0.08532641137443683, 'ma.L2': -0.02186554974446006, 'sigma2': 0.00014082979997543862}",True,True
2023-05-15,True,3,0,-3.0153671407258984,,,"{'const': 0.00036544137368657104, 'ma.L1': -0.08535382330555567, 'ma.L2': -0.021931359671669093, 'sigma2': 0.00014074392023958837}",False,False,0,,,,,,,,[],True,3,0,-3.0153671407258984,,,"{'const': 0.00036544137368657104, 'ma.L1': -0.08535382330555567, 'ma.L2': -0.021931359671669093, 'sigma2': 0.00014074392023958837}",True,True
2023-05-22,True,3,0,-3.0155676665967412,,,"{'const': 0.00036703463309016896, 'ma.L1': -0.08534603170816166, 'ma.L2': -0.021962745072220718, 'sigma2': 0.00014068751818603078}",False,False,0,,,,,,,,[],True,3,0,-3.0155676665967412,,,"{'const': 0.00036703463309016896, 'ma.L1': -0.08534603170816166, 'ma.L2': -0.021962745072220718, 'sigma2': 0.00014068751818603078}",True,True
2023-05-30,True,3,0,-3.01569422650027,,,"{'const': 0.0003672094480112287, 'ma.L1': -0.08522160449151274, 'ma.L2': -0.02215229934059649, 'sigma2': 0.00014065171082058487}",False,False,0,,,,,,,,[],True,3,0,-3.01569422650027,,,"{'const': 0.0003672094480112287, 'ma.L1': -0.08522160449151274, 'ma.L2': -0.02215229934059649, 'sigma2': 0.00014065171082058487}",True,True
2023-06-06,True,3,0,-3.015870978398025,,,"{'const': 0.0003693994999064667, 'ma.L1': -0.0851573375534574, 'ma.L2': -0.02226367797084224, 'sigma2': 0.00014060211001935333}",False,False,0,,,,,,,,[],True,3,0,-3.015870978398025,,,"{'const': 0.0003693994999064667, 'ma.L1': -0.0851573375534574, 'ma.L2': -0.02226367797084224, 'sigma2': 0.00014060211001935333}",True,True
2023-06-13,True,3,0,-3.0161167699785216,,,"{'const': 0.0003717332270418619, 'ma.L1': -0.08509869533030938, 'ma.L2': -0.022200356026976793, 'sigma2': 0.00014053283230143308}",False,False,0,,,,,,,,[],True,3,0,-3.0161167699785216,,,"{'const': 0.0003717332270418619, 'ma.L1': -0.08509869533030938, 'ma.L2': -0.022200356026976793, 'sigma2': 0.00014053283230143308}",True,True
2023-06-21,True,3,0,-3.0163380432197435,,,"{'const': 0.00037153804194373774, 'ma.L1': -0.08505644760461625, 'ma.L2': -0.02216475066987368, 'sigma2': 0.00014047098844257422}",False,False,0,,,,,,,,[],True,3,0,-3.0163380432197435,,,"{'const': 0.00037153804194373774, 'ma.L1': -0.08505644760461625, 'ma.L2': -0.02216475066987368, 'sigma2': 0.00014047098844257422}",True,True
2023-06-28,False,2,2,-3.016574525248123,,,"{'const': 0.00037167976062978786, 'ma.L1': -0.085092011143917, 'ma.L2': -0.022221217627701954, 'sigma2': 0.00014040430393179708}",True,True,1,1e-06,True,1.0,0.0,-3.0165745341226162,,,"[{'attempt': 1, 'drift_offset': 1e-06, 'converged': True, 'iterations': 1.0, 'warnflag': 0.0, 'objective_value': -3.0165745341226162}]",True,1,0,-3.0165745341226162,,,"{'const': 0.0003726399430195719, 'ma.L1': -0.08509201070045541, 'ma.L2': -0.022221218010963644, 'sigma2': 0.00014040255528014893}",True,True
2023-07-06,True,3,0,-3.0167955835713713,,,"{'const': 0.0003724683202544938, 'ma.L1': -0.08502218345343712, 'ma.L2': -0.02220955862604866, 'sigma2': 0.0001403424427023414}",False,False,0,,,,,,,,[],True,3,0,-3.0167955835713713,,,"{'const': 0.0003724683202544938, 'ma.L1': -0.08502218345343712, 'ma.L2': -0.02220955862604866, 'sigma2': 0.0001403424427023414}",True,True
2023-07-13,True,3,0,-3.017033784438282,,,"{'const': 0.0003750385273381815, 'ma.L1': -0.08488686704544512, 'ma.L2': -0.02219287525323921, 'sigma2': 0.00014027509147682428}",False,False,0,,,,,,,,[],True,3,0,-3.017033784438282,,,"{'const': 0.0003750385273381815, 'ma.L1': -0.08488686704544512, 'ma.L2': -0.02219287525323921, 'sigma2': 0.00014027509147682428}",True,True
2023-07-20,True,3,0,-3.017306435434791,,,"{'const': 0.00037563006772732896, 'ma.L1': -0.08486012398034569, 'ma.L2': -0.022204938492588196, 'sigma2': 0.00014019900534264937}",False,False,0,,,,,,,,[],True,3,0,-3.017306435434791,,,"{'const': 0.00037563006772732896, 'ma.L1': -0.08486012398034569, 'ma.L2': -0.022204938492588196, 'sigma2': 0.00014019900534264937}",True,True
2023-07-27,True,3,0,-3.0175991119145116,,,"{'const': 0.00037547794847207387, 'ma.L1': -0.08484727652999567, 'ma.L2': -0.022251972849148757, 'sigma2': 0.00014011695903153536}",False,False,0,,,,,,,,[],True,3,0,-3.0175991119145116,,,"{'const': 0.00037547794847207387, 'ma.L1': -0.08484727652999567, 'ma.L2': -0.022251972849148757, 'sigma2': 0.00014011695903153536}",True,True
2023-08-03,True,3,0,-3.0177745678566223,,,"{'const': 0.00037418174077433403, 'ma.L1': -0.08479116966246161, 'ma.L2': -0.022311495440885693, 'sigma2': 0.0001400677880605717}",False,False,0,,,,,,,,[],True,3,0,-3.0177745678566223,,,"{'const': 0.00037418174077433403, 'ma.L1': -0.08479116966246161, 'ma.L2': -0.022311495440885693, 'sigma2': 0.0001400677880605717}",True,True
2023-08-10,True,3,0,-3.0180244074390945,,,"{'const': 0.00037305954698059045, 'ma.L1': -0.08480267636898668, 'ma.L2': -0.022290074818242765, 'sigma2': 0.00013999768662855994}",False,False,0,,,,,,,,[],True,3,0,-3.0180244074390945,,,"{'const': 0.00037305954698059045, 'ma.L1': -0.08480267636898668, 'ma.L2': -0.022290074818242765, 'sigma2': 0.00013999768662855994}",True,True
2023-08-17,True,3,0,-3.0182014780424344,,,"{'const': 0.00037002255009979267, 'ma.L1': -0.08469229073146887, 'ma.L2': -0.02222060301942781, 'sigma2': 0.00013994830429682703}",False,False,0,,,,,,,,[],True,3,0,-3.0182014780424344,,,"{'const': 0.00037002255009979267, 'ma.L1': -0.08469229073146887, 'ma.L2': -0.02222060301942781, 'sigma2': 0.00013994830429682703}",True,True
2023-08-24,True,3,0,-3.0183701693184437,,,"{'const': 0.0003699628554556667, 'ma.L1': -0.08486575733284137, 'ma.L2': -0.022161963256690863, 'sigma2': 0.00013990104495061154}",False,False,0,,,,,,,,[],True,3,0,-3.0183701693184437,,,"{'const': 0.0003699628554556667, 'ma.L1': -0.08486575733284137, 'ma.L2': -0.022161963256690863, 'sigma2': 0.00013990104495061154}",True,True
2023-08-31,True,3,0,-3.01855010435008,,,"{'const': 0.0003736074464916948, 'ma.L1': -0.08475603697104207, 'ma.L2': -0.022095217694946833, 'sigma2': 0.00013985044496566713}",False,False,0,,,,,,,,[],True,3,0,-3.01855010435008,,,"{'const': 0.0003736074464916948, 'ma.L1': -0.08475603697104207, 'ma.L2': -0.022095217694946833, 'sigma2': 0.00013985044496566713}",True,True
2023-09-08,True,3,0,-3.018829476310553,,,"{'const': 0.0003719673278582452, 'ma.L1': -0.08470987586413242, 'ma.L2': -0.02208958437154322, 'sigma2': 0.00013977225897195884}",False,False,0,,,,,,,,[],True,3,0,-3.018829476310553,,,"{'const': 0.0003719673278582452, 'ma.L1': -0.08470987586413242, 'ma.L2': -0.02208958437154322, 'sigma2': 0.00013977225897195884}",True,True
2023-09-15,True,3,0,-3.0190276020540074,,,"{'const': 0.00037160222455199024, 'ma.L1': -0.08482427117896438, 'ma.L2': -0.022152815615249184, 'sigma2': 0.00013971707638621512}",False,False,0,,,,,,,,[],True,3,0,-3.0190276020540074,,,"{'const': 0.00037160222455199024, 'ma.L1': -0.08482427117896438, 'ma.L2': -0.022152815615249184, 'sigma2': 0.00013971707638621512}",True,True
2023-09-22,True,3,0,-3.0191449770860226,,,"{'const': 0.0003675097758174094, 'ma.L1': -0.08455020844551335, 'ma.L2': -0.022048398887908483, 'sigma2': 0.00013968425164506796}",False,False,0,,,,,,,,[],True,3,0,-3.0191449770860226,,,"{'const': 0.0003675097758174094, 'ma.L1': -0.08455020844551335, 'ma.L2': -0.022048398887908483, 'sigma2': 0.00013968425164506796}",True,True
2023-09-29,False,2,2,-3.0193452132010457,,,"{'const': 0.0003663500900738774, 'ma.L1': -0.08459653039996362, 'ma.L2': -0.022097182978902907, 'sigma2': 0.00013962821943819628}",True,True,1,1e-06,True,1.0,0.0,-3.0193452223902324,,,"[{'attempt': 1, 'drift_offset': 1e-06, 'converged': True, 'iterations': 1.0, 'warnflag': 0.0, 'objective_value': -3.0193452223902324}]",True,1,0,-3.0193452223902324,,,"{'const': 0.00036731216873612334, 'ma.L1': -0.08459652998297496, 'ma.L2': -0.022097183330901177, 'sigma2': 0.00013962654708729613}",True,True
2023-10-06,True,3,0,-3.019501368665657,,,"{'const': 0.00036667275259384013, 'ma.L1': -0.0846664433432733, 'ma.L2': -0.022002937774804793, 'sigma2': 0.00013958427780669336}",False,False,0,,,,,,,,[],True,3,0,-3.019501368665657,,,"{'const': 0.00036667275259384013, 'ma.L1': -0.0846664433432733, 'ma.L2': -0.022002937774804793, 'sigma2': 0.00013958427780669336}",True,True
2023-10-13,True,3,0,-3.0197465596798927,,,"{'const': 0.0003671141575262983, 'ma.L1': -0.08453005815002837, 'ma.L2': -0.021990198619915052, 'sigma2': 0.00013951619919671501}",False,False,0,,,,,,,,[],True,3,0,-3.0197465596798927,,,"{'const': 0.0003671141575262983, 'ma.L1': -0.08453005815002837, 'ma.L2': -0.021990198619915052, 'sigma2': 0.00013951619919671501}",True,True
2023-10-20,False,2,2,-3.019804104446289,,,"{'const': 0.00036379323112502835, 'ma.L1': -0.08431419217616834, 'ma.L2': -0.022003571465225587, 'sigma2': 0.0001395003526664258}",True,True,1,1e-06,True,1.0,0.0,-3.019804114781317,,,"[{'attempt': 1, 'drift_offset': 1e-06, 'converged': True, 'iterations': 1.0, 'warnflag': 0.0, 'objective_value': -3.019804114781317}]",True,1,0,-3.019804114781317,,,"{'const': 0.0003647693227057354, 'ma.L1': -0.0843141919067308, 'ma.L2': -0.02200357169641467, 'sigma2': 0.00013949926453741255}",True,True
2023-10-27,True,3,0,-3.019903570318109,,,"{'const': 0.0003602590595165511, 'ma.L1': -0.08410236971726645, 'ma.L2': -0.022002322049114148, 'sigma2': 0.00013947258220850864}",False,False,0,,,,,,,,[],True,3,0,-3.019903570318109,,,"{'const': 0.0003602590595165511, 'ma.L1': -0.08410236971726645, 'ma.L2': -0.022002322049114148, 'sigma2': 0.00013947258220850864}",True,True
2023-11-03,True,3,0,-3.0198652033054194,,,"{'const': 0.00036724852574162214, 'ma.L1': -0.08364821816788585, 'ma.L2': -0.021883675203854015, 'sigma2': 0.00013948263160092742}",False,False,0,,,,,,,,[],True,3,0,-3.0198652033054194,,,"{'const': 0.00036724852574162214, 'ma.L1': -0.08364821816788585, 'ma.L2': -0.021883675203854015, 'sigma2': 0.00013948263160092742}",True,True
2023-11-10,True,3,0,-3.0200517222942325,,,"{'const': 0.0003687646254045899, 'ma.L1': -0.08371382938820356, 'ma.L2': -0.0217901170387811, 'sigma2': 0.00013943067521856057}",False,False,0,,,,,,,,[],True,3,0,-3.0200517222942325,,,"{'const': 0.0003687646254045899, 'ma.L1': -0.08371382938820356, 'ma.L2': -0.0217901170387811, 'sigma2': 0.00013943067521856057}",True,True
2023-11-17,True,3,0,-3.0201979266327643,,,"{'const': 0.000371526457787177, 'ma.L1': -0.08365669813177148, 'ma.L2': -0.02149979860352539, 'sigma2': 0.00013939016090774511}",False,False,0,,,,,,,,[],True,3,0,-3.0201979266327643,,,"{'const': 0.000371526457787177, 'ma.L1': -0.08365669813177148, 'ma.L2': -0.02149979860352539, 'sigma2': 0.00013939016090774511}",True,True
2023-11-27,True,3,0,-3.0204852946809932,,,"{'const': 0.0003723523865493319, 'ma.L1': -0.08366503397186954, 'ma.L2': -0.021464956429350406, 'sigma2': 0.00013931014782164413}",False,False,0,,,,,,,,[],True,3,0,-3.0204852946809932,,,"{'const': 0.0003723523865493319, 'ma.L1': -0.08366503397186954, 'ma.L2': -0.021464956429350406, 'sigma2': 0.00013931014782164413}",True,True
2023-12-04,True,3,0,-3.0207736168565247,,,"{'const': 0.00037274581866462487, 'ma.L1': -0.08367825277318518, 'ma.L2': -0.021483131071276824, 'sigma2': 0.0001392298508606029}",False,False,0,,,,,,,,[],True,3,0,-3.0207736168565247,,,"{'const': 0.00037274581866462487, 'ma.L1': -0.08367825277318518, 'ma.L2': -0.021483131071276824, 'sigma2': 0.0001392298508606029}",True,True
2023-12-11,False,2,2,-3.0210473790831096,,,"{'const': 0.0003739486742463489, 'ma.L1': -0.08365659657403461, 'ma.L2': -0.021467218538138533, 'sigma2': 0.00013915340191316883}",True,True,1,1e-06,True,1.0,0.0,-3.0210473877443116,,,"[{'attempt': 1, 'drift_offset': 1e-06, 'converged': True, 'iterations': 1.0, 'warnflag': 0.0, 'objective_value': -3.0210473877443116}]",True,1,0,-3.0210473877443116,,,"{'const': 0.00037491008300149733, 'ma.L1': -0.08365659615911211, 'ma.L2': -0.021467218875073704, 'sigma2': 0.0001391517233340289}",True,True
2023-12-18,True,3,0,-3.0212501308200372,,,"{'const': 0.000376975795910275, 'ma.L1': -0.0835342650753667, 'ma.L2': -0.021379009057568864, 'sigma2': 0.00013909701635772315}",False,False,0,,,,,,,,[],True,3,0,-3.0212501308200372,,,"{'const': 0.000376975795910275, 'ma.L1': -0.0835342650753667, 'ma.L2': -0.021379009057568864, 'sigma2': 0.00013909701635772315}",True,True
2023-12-26,True,3,0,-3.0214275889788222,,,"{'const': 0.00037773230933103885, 'ma.L1': -0.08366157701359439, 'ma.L2': -0.021388762892682368, 'sigma2': 0.0001390476407943855}",False,False,0,,,,,,,,[],True,3,0,-3.0214275889788222,,,"{'const': 0.00037773230933103885, 'ma.L1': -0.08366157701359439, 'ma.L2': -0.021388762892682368, 'sigma2': 0.0001390476407943855}",True,True
2024-01-03,False,2,2,-3.021685491491001,,,"{'const': 0.00037569484466454624, 'ma.L1': -0.08358620923145417, 'ma.L2': -0.021371971226459837, 'sigma2': 0.0001389762139139998}",True,True,1,1e-06,True,1.0,0.0,-3.021685501344415,,,"[{'attempt': 1, 'drift_offset': 1e-06, 'converged': True, 'iterations': 1.0, 'warnflag': 0.0, 'objective_value': -3.021685501344415}]",True,1,0,-3.021685501344415,,,"{'const': 0.0003766704794976148, 'ma.L1': -0.08358620896066413, 'ma.L2': -0.021371971437107045, 'sigma2': 0.00013897511961739883}",True,True
2024-01-10,True,3,0,-3.021895634921244,,,"{'const': 0.00037748975375258634, 'ma.L1': -0.08356366933838026, 'ma.L2': -0.021344417360661314, 'sigma2': 0.0001389173915894543}",False,False,0,,,,,,,,[],True,3,0,-3.021895634921244,,,"{'const': 0.00037748975375258634, 'ma.L1': -0.08356366933838026, 'ma.L2': -0.021344417360661314, 'sigma2': 0.0001389173915894543}",True,True
2024-01-18,True,3,0,-3.022161935945346,,,"{'const': 0.000377222556660631, 'ma.L1': -0.08359059788296958, 'ma.L2': -0.021374223070063328, 'sigma2': 0.00013884335051931947}",False,False,0,,,,,,,,[],True,3,0,-3.022161935945346,,,"{'const': 0.000377222556660631, 'ma.L1': -0.08359059788296958, 'ma.L2': -0.021374223070063328, 'sigma2': 0.00013884335051931947}",True,True
2024-01-25,True,3,0,-3.0223887601147004,,,"{'const': 0.0003800531488941407, 'ma.L1': -0.08344817962955556, 'ma.L2': -0.021381964751449514, 'sigma2': 0.00013878039533388935}",False,False,0,,,,,,,,[],True,3,0,-3.0223887601147004,,,"{'const': 0.0003800531488941407, 'ma.L1': -0.08344817962955556, 'ma.L2': -0.021381964751449514, 'sigma2': 0.00013878039533388935}",True,True
2024-02-01,True,3,0,-3.022495030519351,,,"{'const': 0.00038010377308352066, 'ma.L1': -0.08362957453408112, 'ma.L2': -0.021455419313832706, 'sigma2': 0.00013875082743348396}",False,False,0,,,,,,,,[],True,3,0,-3.022495030519351,,,"{'const': 0.00038010377308352066, 'ma.L1': -0.08362957453408112, 'ma.L2': -0.021455419313832706, 'sigma2': 0.00013875082743348396}",True,True
2024-02-08,True,3,0,-3.0227256291103046,,,"{'const': 0.00038224892515089406, 'ma.L1': -0.08352721453040632, 'ma.L2': -0.02164991361515677, 'sigma2': 0.0001386869817509905}",False,False,0,,,,,,,,[],True,3,0,-3.0227256291103046,,,"{'const': 0.00038224892515089406, 'ma.L1': -0.08352721453040632, 'ma.L2': -0.02164991361515677, 'sigma2': 0.0001386869817509905}",True,True
2024-02-15,True,3,0,-3.022891274893052,,,"{'const': 0.0003829192093488155, 'ma.L1': -0.08357123662720546, 'ma.L2': -0.021770214818497138, 'sigma2': 0.00013864088592794707}",False,False,0,,,,,,,,[],True,3,0,-3.022891274893052,,,"{'const': 0.0003829192093488155, 'ma.L1': -0.08357123662720546, 'ma.L2': -0.021770214818497138, 'sigma2': 0.00013864088592794707}",True,True
2024-02-23,True,3,0,-3.0229981791939915,,,"{'const': 0.000384162061204627, 'ma.L1': -0.08353318825991415, 'ma.L2': -0.021961969411193372, 'sigma2': 0.0001386113127492201}",False,False,0,,,,,,,,[],True,3,0,-3.0229981791939915,,,"{'const': 0.000384162061204627, 'ma.L1': -0.08353318825991415, 'ma.L2': -0.021961969411193372, 'sigma2': 0.0001386113127492201}",True,True
2024-03-01,True,3,0,-3.023266964648354,,,"{'const': 0.0003851499701139705, 'ma.L1': -0.0835229047602494, 'ma.L2': -0.022028265595748223, 'sigma2': 0.00013853671510806858}",False,False,0,,,,,,,,[],True,3,0,-3.023266964648354,,,"{'const': 0.0003851499701139705, 'ma.L1': -0.0835229047602494, 'ma.L2': -0.022028265595748223, 'sigma2': 0.00013853671510806858}",True,True
2024-03-08,True,3,0,-3.023474379935092,,,"{'const': 0.0003846840442338635, 'ma.L1': -0.08357130476263032, 'ma.L2': -0.02222590278744752, 'sigma2': 0.00013847955837710464}",False,False,0,,,,,,,,[],True,3,0,-3.023474379935092,,,"{'const': 0.0003846840442338635, 'ma.L1': -0.08357130476263032, 'ma.L2': -0.02222590278744752, 'sigma2': 0.00013847955837710464}",True,True
2024-03-15,True,3,0,-3.023717003363563,,,"{'const': 0.000384382498958964, 'ma.L1': -0.08357013810021689, 'ma.L2': -0.022303194204159132, 'sigma2': 0.00013841244739276254}",False,False,0,,,,,,,,[],True,3,0,-3.023717003363563,,,"{'const': 0.000384382498958964, 'ma.L1': -0.08357013810021689, 'ma.L2': -0.022303194204159132, 'sigma2': 0.00013841244739276254}",True,True
2024-03-22,True,3,0,-3.023962947036484,,,"{'const': 0.00038691931169575476, 'ma.L1': -0.08350727765722761, 'ma.L2': -0.022310300975895217, 'sigma2': 0.00013834419225517222}",False,False,0,,,,,,,,[],True,3,0,-3.023962947036484,,,"{'const': 0.00038691931169575476, 'ma.L1': -0.08350727765722761, 'ma.L2': -0.022310300975895217, 'sigma2': 0.00013834419225517222}",True,True
2024-04-01,True,3,0,-3.0242448379837548,,,"{'const': 0.00038690900286518563, 'ma.L1': -0.0835130514285865, 'ma.L2': -0.022354958623196225, 'sigma2': 0.0001382662063520142}",False,False,0,,,,,,,,[],True,3,0,-3.0242448379837548,,,"{'const': 0.00038690900286518563, 'ma.L1': -0.0835130514285865, 'ma.L2': -0.022354958623196225, 'sigma2': 0.0001382662063520142}",True,True
2024-04-08,True,3,0,-3.02442846733243,,,"{'const': 0.0003857996542542486, 'ma.L1': -0.08360584920886488, 'ma.L2': -0.02227045658908707, 'sigma2': 0.00013821528249033328}",False,False,0,,,,,,,,[],True,3,0,-3.02442846733243,,,"{'const': 0.0003857996542542486, 'ma.L1': -0.08360584920886488, 'ma.L2': -0.02227045658908707, 'sigma2': 0.00013821528249033328}",True,True
2024-04-15,True,3,0,-3.0244979904106,,,"{'const': 0.00038209400035466826, 'ma.L1': -0.0835754759222996, 'ma.L2': -0.022203834941965463, 'sigma2': 0.00013819647028428267}",False,False,0,,,,,,,,[],True,3,0,-3.0244979904106,,,"{'const': 0.00038209400035466826, 'ma.L1': -0.0835754759222996, 'ma.L2': -0.022203834941965463, 'sigma2': 0.00013819647028428267}",True,True
2024-04-22,True,3,0,-3.0247122247905804,,,"{'const': 0.00038054515783230754, 'ma.L1': -0.08351891397246564, 'ma.L2': -0.02201364745175234, 'sigma2': 0.00013813680013776756}",False,False,0,,,,,,,,[],True,3,0,-3.0247122247905804,,,"{'const': 0.00038054515783230754, 'ma.L1': -0.08351891397246564, 'ma.L2': -0.02201364745175234, 'sigma2': 0.00013813680013776756}",True,True
2024-04-29,True,3,0,-3.024916670044175,,,"{'const': 0.00038290718904621123, 'ma.L1': -0.08343034882320066, 'ma.L2': -0.022181262277145695, 'sigma2': 0.00013808031708278194}",False,False,0,,,,,,,,[],True,3,0,-3.024916670044175,,,"{'const': 0.00038290718904621123, 'ma.L1': -0.08343034882320066, 'ma.L2': -0.022181262277145695, 'sigma2': 0.00013808031708278194}",True,True
2024-05-06,True,3,0,-3.0249486141391526,,,"{'const': 0.00038423645527594833, 'ma.L1': -0.08323584828390149, 'ma.L2': -0.022445984173678525, 'sigma2': 0.00013807122701495935}",False,False,0,,,,,,,,[],True,3,0,-3.0249486141391526,,,"{'const': 0.00038423645527594833, 'ma.L1': -0.08323584828390149, 'ma.L2': -0.022445984173678525, 'sigma2': 0.00013807122701495935}",True,True
2024-05-13,True,3,0,-3.0252500696752587,,,"{'const': 0.0003851175519746711, 'ma.L1': -0.08320461747315684, 'ma.L2': -0.022410759639785952, 'sigma2': 0.00013798833004572043}",False,False,0,,,,,,,,[],True,3,0,-3.0252500696752587,,,"{'const': 0.0003851175519746711, 'ma.L1': -0.08320461747315684, 'ma.L2': -0.022410759639785952, 'sigma2': 0.00013798833004572043}",True,True
2024-05-20,True,3,0,-3.0254881073576994,,,"{'const': 0.00038707781209800554, 'ma.L1': -0.08317003985609217, 'ma.L2': -0.02239623522956886, 'sigma2': 0.0001379226326752662}",False,False,0,,,,,,,,[],True,3,0,-3.0254881073576994,,,"{'const': 0.00038707781209800554, 'ma.L1': -0.08317003985609217, 'ma.L2': -0.02239623522956886, 'sigma2': 0.0001379226326752662}",True,True
2024-05-28,True,3,0,-3.025755843754615,,,"{'const': 0.000386768922758601, 'ma.L1': -0.08318856614973023, 'ma.L2': -0.022432662012475818, 'sigma2': 0.00013784875283863308}",False,False,0,,,,,,,,[],True,3,0,-3.025755843754615,,,"{'const': 0.000386768922758601, 'ma.L1': -0.08318856614973023, 'ma.L2': -0.022432662012475818, 'sigma2': 0.00013784875283863308}",True,True
2024-06-04,True,3,0,-3.025992444814081,,,"{'const': 0.0003861855794359161, 'ma.L1': -0.0831878651289399, 'ma.L2': -0.022524602083931183, 'sigma2': 0.00013778353664880929}",False,False,0,,,,,,,,[],True,3,0,-3.025992444814081,,,"{'const': 0.0003861855794359161, 'ma.L1': -0.0831878651289399, 'ma.L2': -0.022524602083931183, 'sigma2': 0.00013778353664880929}",True,True
2024-06-11,True,3,0,-3.026241748767181,,,"{'const': 0.0003879681963985568, 'ma.L1': -0.08317032453649209, 'ma.L2': -0.02252956442380228, 'sigma2': 0.00013771479135874317}",False,False,0,,,,,,,,[],True,3,0,-3.026241748767181,,,"{'const': 0.0003879681963985568, 'ma.L1': -0.08317032453649209, 'ma.L2': -0.02252956442380228, 'sigma2': 0.00013771479135874317}",True,True
2024-06-18,True,3,0,-3.026495498295679,,,"{'const': 0.0003904050740135415, 'ma.L1': -0.0831070460756004, 'ma.L2': -0.02248366157446875, 'sigma2': 0.00013764489211455863}",False,False,0,,,,,,,,[],True,3,0,-3.026495498295679,,,"{'const': 0.0003904050740135415, 'ma.L1': -0.0831070460756004, 'ma.L2': -0.02248366157446875, 'sigma2': 0.00013764489211455863}",True,True
2024-06-26,True,3,0,-3.026795019291138,,,"{'const': 0.00038988904646615436, 'ma.L1': -0.08311204733223784, 'ma.L2': -0.022508991872866438, 'sigma2': 0.00013756247876049713}",False,False,0,,,,,,,,[],True,3,0,-3.026795019291138,,,"{'const': 0.00038988904646615436, 'ma.L1': -0.08311204733223784, 'ma.L2': -0.022508991872866438, 'sigma2': 0.00013756247876049713}",True,True
2024-07-03,True,3,0,-3.0270731150436685,,,"{'const': 0.0003909932049479439, 'ma.L1': -0.08308592229299287, 'ma.L2': -0.022528132668664255, 'sigma2': 0.0001374858658680232}",False,False,0,,,,,,,,[],True,3,0,-3.0270731150436685,,,"{'const': 0.0003909932049479439, 'ma.L1': -0.08308592229299287, 'ma.L2': -0.022528132668664255, 'sigma2': 0.0001374858658680232}",True,True
2024-07-11,True,3,0,-3.0272987446671142,,,"{'const': 0.00039194687181059117, 'ma.L1': -0.08311589276603565, 'ma.L2': -0.022474258190634172, 'sigma2': 0.00013742409512000473}",False,False,0,,,,,,,,[],True,3,0,-3.0272987446671142,,,"{'const': 0.00039194687181059117, 'ma.L1': -0.08311589276603565, 'ma.L2': -0.022474258190634172, 'sigma2': 0.00013742409512000473}",True,True
2024-07-18,True,3,0,-3.0274539890266245,,,"{'const': 0.0003908565617997629, 'ma.L1': -0.08308770900640426, 'ma.L2': -0.02250216690561338, 'sigma2': 0.00013738153231180762}",False,False,0,,,,,,,,[],True,3,0,-3.0274539890266245,,,"{'const': 0.0003908565617997629, 'ma.L1': -0.08308770900640426, 'ma.L2': -0.02250216690561338, 'sigma2': 0.00013738153231180762}",True,True
2024-07-25,True,3,0,-3.027427156383234,,,"{'const': 0.00038731443103062687, 'ma.L1': -0.08289478515692805, 'ma.L2': -0.0226521001060892, 'sigma2': 0.00013738899668318095}",False,False,0,,,,,,,,[],True,3,0,-3.027427156383234,,,"{'const': 0.00038731443103062687, 'ma.L1': -0.08289478515692805, 'ma.L2': -0.0226521001060892, 'sigma2': 0.00013738899668318095}",True,True
2024-08-01,True,3,0,-3.027496112896211,,,"{'const': 0.0003881309162674062, 'ma.L1': -0.08322479951912648, 'ma.L2': -0.022806234503277397, 'sigma2': 0.0001373699573470304}",False,False,0,,,,,,,,[],True,3,0,-3.027496112896211,,,"{'const': 0.0003881309162674062, 'ma.L1': -0.08322479951912648, 'ma.L2': -0.022806234503277397, 'sigma2': 0.0001373699573470304}",True,True
2024-08-08,True,3,0,-3.0269007962605494,,,"{'const': 0.0003848471864999611, 'ma.L1': -0.08277933644919717, 'ma.L2': -0.022513992428163276, 'sigma2': 0.00013753265494334012}",False,False,0,,,,,,,,[],True,3,0,-3.0269007962605494,,,"{'const': 0.0003848471864999611, 'ma.L1': -0.08277933644919717, 'ma.L2': -0.022513992428163276, 'sigma2': 0.00013753265494334012}",True,True
2024-08-15,False,2,2,-3.0269361939277544,,,"{'const': 0.00038982567170763374, 'ma.L1': -0.0825027637170836, 'ma.L2': -0.02220431094916678, 'sigma2': 0.0001375230636783893}",True,True,1,1e-06,True,1.0,0.0,-3.026936201548919,,,"[{'attempt': 1, 'drift_offset': 1e-06, 'converged': True, 'iterations': 1.0, 'warnflag': 0.0, 'objective_value': -3.026936201548919}]",True,1,0,-3.026936201548919,,,"{'const': 0.0003907941582601333, 'ma.L1': -0.08250276340915395, 'ma.L2': -0.022204311223943212, 'sigma2': 0.0001375217479180097}",True,True
2024-08-22,True,3,0,-3.02716709577432,,,"{'const': 0.00039041229739618616, 'ma.L1': -0.08245253444682751, 'ma.L2': -0.02199343948074359, 'sigma2': 0.00013746016055646217}",False,False,0,,,,,,,,[],True,3,0,-3.02716709577432,,,"{'const': 0.00039041229739618616, 'ma.L1': -0.08245253444682751, 'ma.L2': -0.02199343948074359, 'sigma2': 0.00013746016055646217}",True,True
2024-08-29,True,3,0,-3.0274191092833798,,,"{'const': 0.0003906227492580347, 'ma.L1': -0.08254395141660906, 'ma.L2': -0.02191476481189926, 'sigma2': 0.00013739076741013496}",False,False,0,,,,,,,,[],True,3,0,-3.0274191092833798,,,"{'const': 0.0003906227492580347, 'ma.L1': -0.08254395141660906, 'ma.L2': -0.02191476481189926, 'sigma2': 0.00013739076741013496}",True,True
2024-09-06,False,2,2,-3.027348346892185,,,"{'const': 0.0003863338334687763, 'ma.L1': -0.08256312055403792, 'ma.L2': -0.021846641121729935, 'sigma2': 0.00013741059693349086}",True,True,1,1e-06,True,1.0,0.0,-3.027348357343969,,,"[{'attempt': 1, 'drift_offset': 1e-06, 'converged': True, 'iterations': 1.0, 'warnflag': 0.0, 'objective_value': -3.027348357343969}]",True,1,0,-3.027348357343969,,,"{'const': 0.00038733074941995607, 'ma.L1': -0.08256312052182177, 'ma.L2': -0.02184664114843, 'sigma2': 0.00013741045784713897}",True,True
2024-09-13,True,3,0,-3.02751404472007,,,"{'const': 0.0003909079440197764, 'ma.L1': -0.08251491319581948, 'ma.L2': -0.02178817526532574, 'sigma2': 0.0001373643836454783}",False,False,0,,,,,,,,[],True,3,0,-3.02751404472007,,,"{'const': 0.0003909079440197764, 'ma.L1': -0.08251491319581948, 'ma.L2': -0.02178817526532574, 'sigma2': 0.0001373643836454783}",True,True
2024-09-20,False,2,2,-3.0277002742740824,,,"{'const': 0.00039245517429584186, 'ma.L1': -0.08256323338370525, 'ma.L2': -0.021760993012763512, 'sigma2': 0.0001373133598930007}",True,True,1,1e-06,True,1.0,0.0,-3.027700283081124,,,"[{'attempt': 1, 'drift_offset': 1e-06, 'converged': True, 'iterations': 1.0, 'warnflag': 0.0, 'objective_value': -3.027700283081124}]",True,1,0,-3.027700283081124,,,"{'const': 0.00039342991953631557, 'ma.L1': -0.08256323312710599, 'ma.L2': -0.021760993223742205, 'sigma2': 0.0001373122719801782}",True,True
2024-09-27,False,2,2,-3.027999120479712,,,"{'const': 0.0003929329978029096, 'ma.L1': -0.08257607504878257, 'ma.L2': -0.02171982741585086, 'sigma2': 0.00013723136535540947}",True,True,1,1e-06,True,1.0,0.0,-3.027999129552761,,,"[{'attempt': 1, 'drift_offset': 1e-06, 'converged': True, 'iterations': 1.0, 'warnflag': 0.0, 'objective_value': -3.027999129552761}]",True,1,0,-3.027999129552761,,,"{'const': 0.00039391467672282636, 'ma.L1': -0.08257607486152273, 'ma.L2': -0.021719827568125242, 'sigma2': 0.00013723057091121773}",True,True
2024-10-04,False,2,2,-3.028233204874994,,,"{'const': 0.0003929770027746119, 'ma.L1': -0.08262481266546112, 'ma.L2': -0.021677489593175486, 'sigma2': 0.0001371668916325382}",True,True,1,1e-06,True,1.0,0.0,-3.0282332132696497,,,"[{'attempt': 1, 'drift_offset': 1e-06, 'converged': True, 'iterations': 1.0, 'warnflag': 0.0, 'objective_value': -3.0282332132696497}]",True,1,0,-3.0282332132696497,,,"{'const': 0.00039395137442639665, 'ma.L1': -0.08262481240807062, 'ma.L2': -0.021677489806649075, 'sigma2': 0.00013716580116811532}",True,True
2024-10-11,True,3,0,-3.028440248815064,,,"{'const': 0.0003941768375352772, 'ma.L1': -0.08272146658228184, 'ma.L2': -0.02161324716753984, 'sigma2': 0.0001371101465899483}",False,False,0,,,,,,,,[],True,3,0,-3.028440248815064,,,"{'const': 0.0003941768375352772, 'ma.L1': -0.08272146658228184, 'ma.L2': -0.02161324716753984, 'sigma2': 0.0001371101465899483}",True,True
2024-10-18,True,3,0,-3.0286865070527016,,,"{'const': 0.0003950154433651086, 'ma.L1': -0.08275948368842523, 'ma.L2': -0.02161459496577641, 'sigma2': 0.0001370426584611936}",False,False,0,,,,,,,,[],True,3,0,-3.0286865070527016,,,"{'const': 0.0003950154433651086, 'ma.L1': -0.08275948368842523, 'ma.L2': -0.02161459496577641, 'sigma2': 0.0001370426584611936}",True,True
2024-10-25,True,3,0,-3.028953857176198,,,"{'const': 0.00039359323647637307, 'ma.L1': -0.08276502070334302, 'ma.L2': -0.021593346182593662, 'sigma2': 0.000136969454262156}",False,False,0,,,,,,,,[],True,3,0,-3.028953857176198,,,"{'const': 0.00039359323647637307, 'ma.L1': -0.08276502070334302, 'ma.L2': -0.021593346182593662, 'sigma2': 0.000136969454262156}",True,True
2024-11-01,False,2,2,-3.029065114324311,,,"{'const': 0.0003916137662054896, 'ma.L1': -0.08274768840505398, 'ma.L2': -0.021632400029633896, 'sigma2': 0.00013693897964304133}",True,True,1,1e-06,True,1.0,0.0,-3.0290651234948127,,,"[{'attempt': 1, 'drift_offset': 1e-06, 'converged': True, 'iterations': 1.0, 'warnflag': 0.0, 'objective_value': -3.0290651234948127}]",True,1,0,-3.0290651234948127,,,"{'const': 0.0003926031825686777, 'ma.L1': -0.08274768829626972, 'ma.L2': -0.021632400120683626, 'sigma2': 0.0001369385208833103}",True,True
2024-11-08,True,3,0,-3.0289732488837693,,,"{'const': 0.00039713406922277166, 'ma.L1': -0.0822729896244227, 'ma.L2': -0.02145364792464304, 'sigma2': 0.00013696378224667364}",False,False,0,,,,,,,,[],True,3,0,-3.0289732488837693,,,"{'const': 0.00039713406922277166, 'ma.L1': -0.0822729896244227, 'ma.L2': -0.02145364792464304, 'sigma2': 0.00013696378224667364}",True,True
2024-11-15,True,3,0,-3.0291704120185714,,,"{'const': 0.0003943623495746568, 'ma.L1': -0.08218555861777549, 'ma.L2': -0.02144977634134879, 'sigma2': 0.00013691020299204208}",False,False,0,,,,,,,,[],True,3,0,-3.0291704120185714,,,"{'const': 0.0003943623495746568, 'ma.L1': -0.08218555861777549, 'ma.L2': -0.02144977634134879, 'sigma2': 0.00013691020299204208}",True,True
2024-11-22,True,3,0,-3.029459308484595,,,"{'const': 0.0003960919087083384, 'ma.L1': -0.08219604031904074, 'ma.L2': -0.02149160505872557, 'sigma2': 0.0001368306526104847}",False,False,0,,,,,,,,[],True,3,0,-3.029459308484595,,,"{'const': 0.0003960919087083384, 'ma.L1': -0.08219604031904074, 'ma.L2': -0.02149160505872557, 'sigma2': 0.0001368306526104847}",True,True
2024-12-02,True,3,0,-3.0297339653549407,,,"{'const': 0.00039753893606289854, 'ma.L1': -0.08218757529398066, 'ma.L2': -0.021446943187800487, 'sigma2': 0.0001367555297407537}",False,False,0,,,,,,,,[],True,3,0,-3.0297339653549407,,,"{'const': 0.00039753893606289854, 'ma.L1': -0.08218757529398066, 'ma.L2': -0.021446943187800487, 'sigma2': 0.0001367555297407537}",True,True
2024-12-09,False,2,2,-3.030014213434979,,,"{'const': 0.00039754373425614675, 'ma.L1': -0.08220287685014072, 'ma.L2': -0.02141960081507784, 'sigma2': 0.00013667904629113256}",True,True,1,1e-06,True,1.0,0.0,-3.0300142227825724,,,"[{'attempt': 1, 'drift_offset': 1e-06, 'converged': True, 'iterations': 1.0, 'warnflag': 0.0, 'objective_value': -3.0300142227825724}]",True,1,0,-3.0300142227825724,,,"{'const': 0.00039854289041736174, 'ma.L1': -0.08220287684099616, 'ma.L2': -0.02141960082209576, 'sigma2': 0.00013667900960192463}",True,True
2024-12-16,True,3,0,-3.030278925882178,,,"{'const': 0.0003976906222843396, 'ma.L1': -0.08223778006515962, 'ma.L2': -0.0214623399602487, 'sigma2': 0.00013660648951636348}",False,False,0,,,,,,,,[],True,3,0,-3.030278925882178,,,"{'const': 0.0003976906222843396, 'ma.L1': -0.08223778006515962, 'ma.L2': -0.0214623399602487, 'sigma2': 0.00013660648951636348}",True,True
2024-12-23,True,3,0,-3.0300717362091407,,,"{'const': 0.00039532972317567986, 'ma.L1': -0.08201506569514946, 'ma.L2': -0.021894695960596913, 'sigma2': 0.0001366629477981069}",False,False,0,,,,,,,,[],True,3,0,-3.0300717362091407,,,"{'const': 0.00039532972317567986, 'ma.L1': -0.08201506569514946, 'ma.L2': -0.021894695960596913, 'sigma2': 0.0001366629477981069}",True,True
2024-12-31,True,3,0,-3.030184924713624,,,"{'const': 0.0003933459478462482, 'ma.L1': -0.08178614099229142, 'ma.L2': -0.02188137122109816, 'sigma2': 0.0001366321828538746}",False,False,0,,,,,,,,[],True,3,0,-3.030184924713624,,,"{'const': 0.0003933459478462482, 'ma.L1': -0.08178614099229142, 'ma.L2': -0.02188137122109816, 'sigma2': 0.0001366321828538746}",True,True
2025-01-08,True,3,0,-3.030355890524095,,,"{'const': 0.000393795982027993, 'ma.L1': -0.08181204052272636, 'ma.L2': -0.022035178456517222, 'sigma2': 0.0001365852793358474}",False,False,0,,,,,,,,[],True,3,0,-3.030355890524095,,,"{'const': 0.000393795982027993, 'ma.L1': -0.08181204052272636, 'ma.L2': -0.022035178456517222, 'sigma2': 0.0001365852793358474}",True,True
2025-01-16,True,3,0,-3.030407383561597,,,"{'const': 0.0003939832058735591, 'ma.L1': -0.08183271079721116, 'ma.L2': -0.021890522736107327, 'sigma2': 0.0001365709713965001}",False,False,0,,,,,,,,[],True,3,0,-3.030407383561597,,,"{'const': 0.0003939832058735591, 'ma.L1': -0.08183271079721116, 'ma.L2': -0.021890522736107327, 'sigma2': 0.0001365709713965001}",True,True
2025-01-24,True,3,0,-3.0305962486318934,,,"{'const': 0.0003971389518413156, 'ma.L1': -0.0816754322628392, 'ma.L2': -0.021650634654527275, 'sigma2': 0.00013651952626431895}",False,False,0,,,,,,,,[],True,3,0,-3.0305962486318934,,,"{'const': 0.0003971389518413156, 'ma.L1': -0.0816754322628392, 'ma.L2': -0.021650634654527275, 'sigma2': 0.00013651952626431895}",True,True
2025-01-31,False,2,2,-3.0307526428415055,,,"{'const': 0.0003956435383793672, 'ma.L1': -0.08180953196492102, 'ma.L2': -0.021622499761196512, 'sigma2': 0.0001364768229289107}",True,True,1,1e-06,True,1.0,0.0,-3.0307526520720067,,,"[{'attempt': 1, 'drift_offset': 1e-06, 'converged': True, 'iterations': 1.0, 'warnflag': 0.0, 'objective_value': -3.0307526520720067}]",True,1,0,-3.0307526520720067,,,"{'const': 0.00039664353792981166, 'ma.L1': -0.0818095319649159, 'ma.L2': -0.021622499761200863, 'sigma2': 0.00013647682290951515}",True,True
2025-02-07,True,3,0,-3.0309719731832803,,,"{'const': 0.0003951983800912006, 'ma.L1': -0.08180476364302233, 'ma.L2': -0.02172964180708289, 'sigma2': 0.0001364170400137946}",False,False,0,,,,,,,,[],True,3,0,-3.0309719731832803,,,"{'const': 0.0003951983800912006, 'ma.L1': -0.08180476364302233, 'ma.L2': -0.02172964180708289, 'sigma2': 0.0001364170400137946}",True,True
2025-02-14,True,3,0,-3.0312175984547873,,,"{'const': 0.0003967339623722426, 'ma.L1': -0.0818787943671523, 'ma.L2': -0.021724251448778306, 'sigma2': 0.00013634978210013795}",False,False,0,,,,,,,,[],True,3,0,-3.0312175984547873,,,"{'const': 0.0003967339623722426, 'ma.L1': -0.0818787943671523, 'ma.L2': -0.021724251448778306, 'sigma2': 0.00013634978210013795}",True,True
2025-02-24,False,2,2,-3.0313474614522464,,,"{'const': 0.00039398007414433536, 'ma.L1': -0.08170968357202811, 'ma.L2': -0.021736312832464008, 'sigma2': 0.00013631458016734934}",True,True,1,1e-06,True,1.0,0.0,-3.031347471127274,,,"[{'attempt': 1, 'drift_offset': 1e-06, 'converged': True, 'iterations': 1.0, 'warnflag': 0.0, 'objective_value': -3.031347471127274}]",True,1,0,-3.031347471127274,,,"{'const': 0.00039498007400582525, 'ma.L1': -0.08170968357202651, 'ma.L2': -0.021736312832465358, 'sigma2': 0.00013631458016131258}",True,True
2025-03-03,False,2,2,-3.031290960386698,,,"{'const': 0.0003909348855941344, 'ma.L1': -0.08207533026533104, 'ma.L2': -0.02122506180219381, 'sigma2': 0.00013633012264324286}",True,True,1,1e-06,True,1.0,0.0,-3.0312909703850472,,,"[{'attempt': 1, 'drift_offset': 1e-06, 'converged': True, 'iterations': 1.0, 'warnflag': 0.0, 'objective_value': -3.0312909703850472}]",True,1,0,-3.0312909703850472,,,"{'const': 0.0003919348851674635, 'ma.L1': -0.0820753302653261, 'ma.L2': -0.02122506180219791, 'sigma2': 0.00013633012262446667}",True,True
2025-03-10,True,3,0,-3.0309895370841557,,,"{'const': 0.0003857270980244818, 'ma.L1': -0.08225190158435361, 'ma.L2': -0.02081522118590726, 'sigma2': 0.00013641271892367925}",False,False,0,,,,,,,,[],True,3,0,-3.0309895370841557,,,"{'const': 0.0003857270980244818, 'ma.L1': -0.08225190158435361, 'ma.L2': -0.02081522118590726, 'sigma2': 0.00013641271892367925}",True,True
2025-03-17,True,3,0,-3.030956843151578,,,"{'const': 0.0003867588565860728, 'ma.L1': -0.08214898228813476, 'ma.L2': -0.020879582113708606, 'sigma2': 0.00013642076312000192}",False,False,0,,,,,,,,[],True,3,0,-3.030956843151578,,,"{'const': 0.0003867588565860728, 'ma.L1': -0.08214898228813476, 'ma.L2': -0.020879582113708606, 'sigma2': 0.00013642076312000192}",True,True
2025-03-24,True,3,0,-3.031036821054795,,,"{'const': 0.00038836766928211126, 'ma.L1': -0.08233552962709746, 'ma.L2': -0.02097597864837141, 'sigma2': 0.000136398875100406}",False,False,0,,,,,,,,[],True,3,0,-3.031036821054795,,,"{'const': 0.00038836766928211126, 'ma.L1': -0.08233552962709746, 'ma.L2': -0.02097597864837141, 'sigma2': 0.000136398875100406}",True,True
2025-03-31,True,3,0,-3.0310561905872904,,,"{'const': 0.000385003502289547, 'ma.L1': -0.08229874405844077, 'ma.L2': -0.02097267213423249, 'sigma2': 0.0001363938713108374}",False,False,0,,,,,,,,[],True,3,0,-3.0310561905872904,,,"{'const': 0.000385003502289547, 'ma.L1': -0.08229874405844077, 'ma.L2': -0.02097267213423249, 'sigma2': 0.0001363938713108374}",True,True
2025-04-07,True,3,0,-3.028283414737351,,,"{'const': 0.0003720813394176533, 'ma.L1': -0.07909940431775747, 'ma.L2': -0.02128776076448197, 'sigma2': 0.00013715320590737136}",False,False,0,,,,,,,,[],True,3,0,-3.028283414737351,,,"{'const': 0.0003720813394176533, 'ma.L1': -0.07909940431775747, 'ma.L2': -0.02128776076448197, 'sigma2': 0.00013715320590737136}",True,True
2025-04-14,False,2,2,-3.0233645036712344,,,"{'const': 0.00037992442446130727, 'ma.L1': -0.08435506115931996, 'ma.L2': -0.01900933073491601, 'sigma2': 0.00013850744880940095}",True,True,1,1e-06,True,1.0,0.0,-3.02336451141002,,,"[{'attempt': 1, 'drift_offset': 1e-06, 'converged': True, 'iterations': 1.0, 'warnflag': 0.0, 'objective_value': -3.02336451141002}]",True,1,0,-3.02336451141002,,,"{'const': 0.00038092442386438233, 'ma.L1': -0.08435506115931295, 'ma.L2': -0.019009330734923998, 'sigma2': 0.0001385074487844899}",True,True
2025-04-22,True,3,0,-3.0229212986485074,,,"{'const': 0.00037692431091723515, 'ma.L1': -0.08486444997995071, 'ma.L2': -0.018675117903457848, 'sigma2': 0.00013862973310384613}",False,False,0,,,,,,,,[],True,3,0,-3.0229212986485074,,,"{'const': 0.00037692431091723515, 'ma.L1': -0.08486444997995071, 'ma.L2': -0.018675117903457848, 'sigma2': 0.00013862973310384613}",True,True
2025-04-29,True,3,0,-3.0228348572608477,,,"{'const': 0.0003829192794016609, 'ma.L1': -0.08402600141002355, 'ma.L2': -0.018454871968799424, 'sigma2': 0.0001386538356943873}",False,False,0,,,,,,,,[],True,3,0,-3.0228348572608477,,,"{'const': 0.0003829192794016609, 'ma.L1': -0.08402600141002355, 'ma.L2': -0.018454871968799424, 'sigma2': 0.0001386538356943873}",True,True
2025-05-06,True,2,0,-3.0229776410903573,,,"{'const': 0.0003837427681438722, 'ma.L1': -0.08394829485323403, 'ma.L2': -0.018551918303430167, 'sigma2': 0.00013861464627731263}",False,False,0,,,,,,,,[],True,2,0,-3.0229776410903573,,,"{'const': 0.0003837427681438722, 'ma.L1': -0.08394829485323403, 'ma.L2': -0.018551918303430167, 'sigma2': 0.00013861464627731263}",True,True
2025-05-13,True,3,0,-3.0227673766912253,,,"{'const': 0.000389425116050758, 'ma.L1': -0.08374056171117872, 'ma.L2': -0.018442571313879063, 'sigma2': 0.00013867239523067507}",False,False,0,,,,,,,,[],True,3,0,-3.0227673766912253,,,"{'const': 0.000389425116050758, 'ma.L1': -0.08374056171117872, 'ma.L2': -0.018442571313879063, 'sigma2': 0.00013867239523067507}",True,True
2025-05-20,True,2,0,-3.023038041142563,,,"{'const': 0.00039051499028781633, 'ma.L1': -0.08366980280655753, 'ma.L2': -0.018335560431313225, 'sigma2': 0.00013859783314243863}",False,False,0,,,,,,,,[],True,2,0,-3.023038041142563,,,"{'const': 0.00039051499028781633, 'ma.L1': -0.08366980280655753, 'ma.L2': -0.018335560431313225, 'sigma2': 0.00013859783314243863}",True,True
2025-05-28,True,2,0,-3.0230010057344607,,,"{'const': 0.00038920095250536915, 'ma.L1': -0.08380607317087845, 'ma.L2': -0.018222500970952564, 'sigma2': 0.00013860793161925896}",False,False,0,,,,,,,,[],True,2,0,-3.0230010057344607,,,"{'const': 0.00038920095250536915, 'ma.L1': -0.08380607317087845, 'ma.L2': -0.018222500970952564, 'sigma2': 0.00013860793161925896}",True,True
2025-06-04,True,2,0,-3.023275564681008,,,"{'const': 0.00039065404927089925, 'ma.L1': -0.08380277360722166, 'ma.L2': -0.018145266466858857, 'sigma2': 0.00013853177535434077}",False,False,0,,,,,,,,[],True,2,0,-3.023275564681008,,,"{'const': 0.00039065404927089925, 'ma.L1': -0.08380277360722166, 'ma.L2': -0.018145266466858857, 'sigma2': 0.00013853177535434077}",True,True
2025-06-11,True,2,0,-3.023514086008708,,,"{'const': 0.00039153856047066964, 'ma.L1': -0.08384130024888432, 'ma.L2': -0.0181278280349776, 'sigma2': 0.00013846574973199672}",False,False,0,,,,,,,,[],True,2,0,-3.023514086008708,,,"{'const': 0.00039153856047066964, 'ma.L1': -0.08384130024888432, 'ma.L2': -0.0181278280349776, 'sigma2': 0.00013846574973199672}",True,True
2025-06-18,True,2,0,-3.0236956593910613,,,"{'const': 0.0003904995586732532, 'ma.L1': -0.08402264732843617, 'ma.L2': -0.01796067589350746, 'sigma2': 0.00013841543916734094}",False,False,0,,,,,,,,[],True,2,0,-3.0236956593910613,,,"{'const': 0.0003904995586732532, 'ma.L1': -0.08402264732843617, 'ma.L2': -0.01796067589350746, 'sigma2': 0.00013841543916734094}",True,True
2025-06-26,True,2,0,-3.0238773429558994,,,"{'const': 0.00039350267961244813, 'ma.L1': -0.08393155977880071, 'ma.L2': -0.017898532142764857, 'sigma2': 0.0001383648808363011}",False,False,0,,,,,,,,[],True,2,0,-3.0238773429558994,,,"{'const': 0.00039350267961244813, 'ma.L1': -0.08393155977880071, 'ma.L2': -0.017898532142764857, 'sigma2': 0.0001383648808363011}",True,True
2025-07-03,True,3,0,-3.0241259879782403,,,"{'const': 0.0003959256225794327, 'ma.L1': -0.08383556534654368, 'ma.L2': -0.017839591845860866, 'sigma2': 0.00013829613541655654}",False,False,0,,,,,,,,[],True,3,0,-3.0241259879782403,,,"{'const': 0.0003959256225794327, 'ma.L1': -0.08383556534654368, 'ma.L2': -0.017839591845860866, 'sigma2': 0.00013829613541655654}",True,True
2025-07-11,True,2,0,-3.024386834697422,,,"{'const': 0.00039539503514478925, 'ma.L1': -0.08387881008236935, 'ma.L2': -0.017929650811994557, 'sigma2': 0.00013822423041352316}",False,False,0,,,,,,,,[],True,2,0,-3.024386834697422,,,"{'const': 0.00039539503514478925, 'ma.L1': -0.08387881008236935, 'ma.L2': -0.017929650811994557, 'sigma2': 0.00013822423041352316}",True,True
2025-07-18,True,2,0,-3.024664438180169,,,"{'const': 0.0003959123045191483, 'ma.L1': -0.0838889556647236, 'ma.L2': -0.017932872726343384, 'sigma2': 0.0001381473972981436}",False,False,0,,,,,,,,[],True,2,0,-3.024664438180169,,,"{'const': 0.0003959123045191483, 'ma.L1': -0.0838889556647236, 'ma.L2': -0.017932872726343384, 'sigma2': 0.0001381473972981436}",True,True
2025-07-25,True,2,0,-3.024932887288161,,,"{'const': 0.0003974951132880615, 'ma.L1': -0.08388216435567834, 'ma.L2': -0.01788309708897988, 'sigma2': 0.00013807315041346104}",False,False,0,,,,,,,,[],True,2,0,-3.024932887288161,,,"{'const': 0.0003974951132880615, 'ma.L1': -0.08388216435567834, 'ma.L2': -0.01788309708897988, 'sigma2': 0.00013807315041346104}",True,True
2025-08-01,True,2,0,-3.0250915773713847,,,"{'const': 0.00039435921768289937, 'ma.L1': -0.08380433268657424, 'ma.L2': -0.017858899062208233, 'sigma2': 0.0001380297677210775}",False,False,0,,,,,,,,[],True,2,0,-3.0250915773713847,,,"{'const': 0.00039435921768289937, 'ma.L1': -0.08380433268657424, 'ma.L2': -0.017858899062208233, 'sigma2': 0.0001380297677210775}",True,True
2025-08-08,True,2,0,-3.025263585781713,,,"{'const': 0.0003970110451758811, 'ma.L1': -0.08410300817821517, 'ma.L2': -0.017682058138171412, 'sigma2': 0.00013798167803838333}",False,False,0,,,,,,,,[],True,2,0,-3.025263585781713,,,"{'const': 0.0003970110451758811, 'ma.L1': -0.08410300817821517, 'ma.L2': -0.017682058138171412, 'sigma2': 0.00013798167803838333}",True,True
2025-08-15,True,2,0,-3.025511952819129,,,"{'const': 0.000398004073604445, 'ma.L1': -0.08409482460370475, 'ma.L2': -0.01762117114616283, 'sigma2': 0.00013791335763137472}",False,False,0,,,,,,,,[],True,2,0,-3.025511952819129,,,"{'const': 0.000398004073604445, 'ma.L1': -0.08409482460370475, 'ma.L2': -0.01762117114616283, 'sigma2': 0.00013791335763137472}",True,True
2025-08-22,True,2,0,-3.0256936558504015,,,"{'const': 0.0003980462683829737, 'ma.L1': -0.08412024624797172, 'ma.L2': -0.017626855584569584, 'sigma2': 0.0001378628159387232}",False,False,0,,,,,,,,[],True,2,0,-3.0256936558504015,,,"{'const': 0.0003980462683829737, 'ma.L1': -0.08412024624797172, 'ma.L2': -0.017626855584569584, 'sigma2': 0.0001378628159387232}",True,True
2025-08-29,True,2,0,-3.0259630434348197,,,"{'const': 0.0003978352229190789, 'ma.L1': -0.08418456926863582, 'ma.L2': -0.017563555769822336, 'sigma2': 0.0001377889477220507}",False,False,0,,,,,,,,[],True,2,0,-3.0259630434348197,,,"{'const': 0.0003978352229190789, 'ma.L1': -0.08418456926863582, 'ma.L2': -0.017563555769822336, 'sigma2': 0.0001377889477220507}",True,True
2025-09-08,True,2,0,-3.0261957920996907,,,"{'const': 0.0003982744248244028, 'ma.L1': -0.08416362084296394, 'ma.L2': -0.017672505840597427, 'sigma2': 0.00013772464015975668}",False,False,0,,,,,,,,[],True,2,0,-3.0261957920996907,,,"{'const': 0.0003982744248244028, 'ma.L1': -0.08416362084296394, 'ma.L2': -0.017672505840597427, 'sigma2': 0.00013772464015975668}",True,True
2025-09-15,True,2,0,-3.0264546907568493,,,"{'const': 0.0004002626701193453, 'ma.L1': -0.08413235550379279, 'ma.L2': -0.017620392507451947, 'sigma2': 0.00013765326619860784}",False,False,0,,,,,,,,[],True,2,0,-3.0264546907568493,,,"{'const': 0.0004002626701193453, 'ma.L1': -0.08413235550379279, 'ma.L2': -0.017620392507451947, 'sigma2': 0.00013765326619860784}",True,True
2025-09-22,True,2,0,-3.0267289837842712,,,"{'const': 0.0004014400953681744, 'ma.L1': -0.08410332527820773, 'ma.L2': -0.017623448998514712, 'sigma2': 0.00013757773878830132}",False,False,0,,,,,,,,[],True,2,0,-3.0267289837842712,,,"{'const': 0.0004014400953681744, 'ma.L1': -0.08410332527820773, 'ma.L2': -0.017623448998514712, 'sigma2': 0.00013757773878830132}",True,True
2025-09-29,True,2,0,-3.026986965964851,,,"{'const': 0.00040062694338395213, 'ma.L1': -0.0841026927293788, 'ma.L2': -0.017670320521266904, 'sigma2': 0.00013750676652930533}",False,False,0,,,,,,,,[],True,2,0,-3.026986965964851,,,"{'const': 0.00040062694338395213, 'ma.L1': -0.0841026927293788, 'ma.L2': -0.017670320521266904, 'sigma2': 0.00013750676652930533}",True,True
2025-10-06,True,2,0,-3.027274978573407,,,"{'const': 0.00040182871000506653, 'ma.L1': -0.0840813134249728, 'ma.L2': -0.017641847121690948, 'sigma2': 0.0001374275569152157}",False,False,0,,,,,,,,[],True,2,0,-3.027274978573407,,,"{'const': 0.00040182871000506653, 'ma.L1': -0.0840813134249728, 'ma.L2': -0.017641847121690948, 'sigma2': 0.0001374275569152157}",True,True
2025-10-13,True,2,0,-3.0271423927764514,,,"{'const': 0.00040000410504371036, 'ma.L1': -0.08435867870532557, 'ma.L2': -0.017763182913915126, 'sigma2': 0.00013746388115947389}",False,False,0,,,,,,,,[],True,2,0,-3.0271423927764514,,,"{'const': 0.00040000410504371036, 'ma.L1': -0.08435867870532557, 'ma.L2': -0.017763182913915126, 'sigma2': 0.00013746388115947389}",True,True
2025-10-20,True,2,0,-3.0273606188925153,,,"{'const': 0.0004012486255860512, 'ma.L1': -0.0843813174677464, 'ma.L2': -0.01773086069720152, 'sigma2': 0.00013740381228933857}",False,False,0,,,,,,,,[],True,2,0,-3.0273606188925153,,,"{'const': 0.0004012486255860512, 'ma.L1': -0.0843813174677464, 'ma.L2': -0.01773086069720152, 'sigma2': 0.00013740381228933857}",True,True
2025-10-27,True,2,0,-3.027546461374566,,,"{'const': 0.00040348734670657557, 'ma.L1': -0.08427572680356793, 'ma.L2': -0.017762579807818223, 'sigma2': 0.00013735271784114653}",False,False,0,,,,,,,,[],True,2,0,-3.027546461374566,,,"{'const': 0.00040348734670657557, 'ma.L1': -0.08427572680356793, 'ma.L2': -0.017762579807818223, 'sigma2': 0.00013735271784114653}",True,True
2025-11-03,True,2,0,-3.027784949374635,,,"{'const': 0.00040295618424736584, 'ma.L1': -0.08426545335851283, 'ma.L2': -0.01778241602231752, 'sigma2': 0.00013728742073884916}",False,False,0,,,,,,,,[],True,2,0,-3.027784949374635,,,"{'const': 0.00040295618424736584, 'ma.L1': -0.08426545335851283, 'ma.L2': -0.01778241602231752, 'sigma2': 0.00013728742073884916}",True,True
2025-11-10,True,2,0,-3.027867530156487,,,"{'const': 0.0004023181857947289, 'ma.L1': -0.08432410891840426, 'ma.L2': -0.017828364588851942, 'sigma2': 0.00013726442231459782}",False,False,0,,,,,,,,[],True,2,0,-3.027867530156487,,,"{'const': 0.0004023181857947289, 'ma.L1': -0.08432410891840426, 'ma.L2': -0.017828364588851942, 'sigma2': 0.00013726442231459782}",True,True
2025-11-17,True,2,0,-3.0279899954762093,,,"{'const': 0.0003993471254280128, 'ma.L1': -0.08425093123498355, 'ma.L2': -0.01772505913213268, 'sigma2': 0.00013723128264953618}",False,False,0,,,,,,,,[],True,2,0,-3.0279899954762093,,,"{'const': 0.0003993471254280128, 'ma.L1': -0.08425093123498355, 'ma.L2': -0.01772505913213268, 'sigma2': 0.00013723128264953618}",True,True
2025-11-24,True,2,0,-3.0280149727372576,,,"{'const': 0.00039954692219867113, 'ma.L1': -0.0842236326440325, 'ma.L2': -0.017789795344277184, 'sigma2': 0.00013722382875624235}",False,False,0,,,,,,,,[],True,2,0,-3.0280149727372576,,,"{'const': 0.00039954692219867113, 'ma.L1': -0.0842236326440325, 'ma.L2': -0.017789795344277184, 'sigma2': 0.00013722382875624235}",True,True
2025-12-02,True,2,0,-3.028220722603681,,,"{'const': 0.0004016661860719419, 'ma.L1': -0.08401362342601654, 'ma.L2': -0.017601291590839563, 'sigma2': 0.0001371676686658754}",False,False,0,,,,,,,,[],True,2,0,-3.028220722603681,,,"{'const': 0.0004016661860719419, 'ma.L1': -0.08401362342601654, 'ma.L2': -0.017601291590839563, 'sigma2': 0.0001371676686658754}",True,True
2025-12-09,True,2,0,-3.028511868787184,,,"{'const': 0.0004017008261653134, 'ma.L1': -0.08400664269494398, 'ma.L2': -0.0176109025158235, 'sigma2': 0.0001370878573098792}",False,False,0,,,,,,,,[],True,2,0,-3.028511868787184,,,"{'const': 0.0004017008261653134, 'ma.L1': -0.08400664269494398, 'ma.L2': -0.0176109025158235, 'sigma2': 0.0001370878573098792}",True,True
2025-12-16,True,2,0,-3.0287340434647736,,,"{'const': 0.00040072592470346766, 'ma.L1': -0.0839890656518629, 'ma.L2': -0.017662605637629003, 'sigma2': 0.00013702697534183412}",False,False,0,,,,,,,,[],True,2,0,-3.0287340434647736,,,"{'const': 0.00040072592470346766, 'ma.L1': -0.0839890656518629, 'ma.L2': -0.017662605637629003, 'sigma2': 0.00013702697534183412}",True,True
2025-12-23,True,2,0,-3.0288931862243875,,,"{'const': 0.00040240452363398804, 'ma.L1': -0.08389451077698994, 'ma.L2': -0.017684738745113882, 'sigma2': 0.0001369830614817283}",False,False,0,,,,,,,,[],True,2,0,-3.0288931862243875,,,"{'const': 0.00040240452363398804, 'ma.L1': -0.08389451077698994, 'ma.L2': -0.017684738745113882, 'sigma2': 0.0001369830614817283}",True,True
2025-12-31,True,2,0,-3.029151950132091,,,"{'const': 0.0004011580063271487, 'ma.L1': -0.08386107278800549, 'ma.L2': -0.01765373770108742, 'sigma2': 0.00013691244517505258}",False,False,0,,,,,,,,[],True,2,0,-3.029151950132091,,,"{'const': 0.0004011580063271487, 'ma.L1': -0.08386107278800549, 'ma.L2': -0.01765373770108742, 'sigma2': 0.00013691244517505258}",True,True
2026-01-08,True,2,0,-3.029416328323271,,,"{'const': 0.0004022206476404729, 'ma.L1': -0.08384661658608572, 'ma.L2': -0.017718488098454735, 'sigma2': 0.00013683986847482345}",False,False,0,,,,,,,,[],True,2,0,-3.029416328323271,,,"{'const': 0.0004022206476404729, 'ma.L1': -0.08384661658608572, 'ma.L2': -0.017718488098454735, 'sigma2': 0.00013683986847482345}",True,True
2026-01-15,True,2,0,-3.029683500602273,,,"{'const': 0.0004024452722410628, 'ma.L1': -0.08384057755845101, 'ma.L2': -0.017760194659052524, 'sigma2': 0.00013676670952092554}",False,False,0,,,,,,,,[],True,2,0,-3.029683500602273,,,"{'const': 0.0004024452722410628, 'ma.L1': -0.08384057755845101, 'ma.L2': -0.017760194659052524, 'sigma2': 0.00013676670952092554}",True,True
2026-01-23,True,2,0,-3.0297390749856272,,,"{'const': 0.0004016743028656454, 'ma.L1': -0.08394737981417669, 'ma.L2': -0.017887070180535616, 'sigma2': 0.00013675147158518855}",False,False,0,,,,,,,,[],True,2,0,-3.0297390749856272,,,"{'const': 0.0004016743028656454, 'ma.L1': -0.08394737981417669, 'ma.L2': -0.017887070180535616, 'sigma2': 0.00013675147158518855}",True,True
2026-01-30,True,2,0,-3.0300149167997037,,,"{'const': 0.00040193300920985227, 'ma.L1': -0.08392379987140756, 'ma.L2': -0.017875221495199888, 'sigma2': 0.0001366761138914248}",False,False,0,,,,,,,,[],True,2,0,-3.0300149167997037,,,"{'const': 0.00040193300920985227, 'ma.L1': -0.08392379987140756, 'ma.L2': -0.017875221495199888, 'sigma2': 0.0001366761138914248}",True,True
2026-02-06,True,2,0,-3.03004570196822,,,"{'const': 0.0004013758426645857, 'ma.L1': -0.08406204639037121, 'ma.L2': -0.017856668581019638, 'sigma2': 0.00013666723761969355}",False,False,0,,,,,,,,[],True,2,0,-3.03004570196822,,,"{'const': 0.0004013758426645857, 'ma.L1': -0.08406204639037121, 'ma.L2': -0.017856668581019638, 'sigma2': 0.00013666723761969355}",True,True
2026-02-13,True,2,0,-3.030215914766505,,,"{'const': 0.00039965965228894146, 'ma.L1': -0.0839665568543912, 'ma.L2': -0.01794489040315593, 'sigma2': 0.00013662107890032474}",False,False,0,,,,,,,,[],True,2,0,-3.030215914766505,,,"{'const': 0.00039965965228894146, 'ma.L1': -0.0839665568543912, 'ma.L2': -0.01794489040315593, 'sigma2': 0.00013662107890032474}",True,True
2026-02-23,True,2,0,-3.0304384559338517,,,"{'const': 0.00039955330464530077, 'ma.L1': -0.08405391366470015, 'ma.L2': -0.017902602372533154, 'sigma2': 0.00013656033280083572}",False,False,0,,,,,,,,[],True,2,0,-3.0304384559338517,,,"{'const': 0.00039955330464530077, 'ma.L1': -0.08405391366470015, 'ma.L2': -0.017902602372533154, 'sigma2': 0.00013656033280083572}",True,True
2026-03-02,True,2,0,-3.030666784333453,,,"{'const': 0.00039998091705094454, 'ma.L1': -0.0840731520858222, 'ma.L2': -0.01800693253167884, 'sigma2': 0.0001364978108143771}",False,False,0,,,,,,,,[],True,2,0,-3.030666784333453,,,"{'const': 0.00039998091705094454, 'ma.L1': -0.0840731520858222, 'ma.L2': -0.01800693253167884, 'sigma2': 0.0001364978108143771}",True,True
2026-03-09,True,2,0,-3.030791410113561,,,"{'const': 0.00039828839963979755, 'ma.L1': -0.08416148739788878, 'ma.L2': -0.01801381837330994, 'sigma2': 0.00013646365841653356}",False,False,0,,,,,,,,[],True,2,0,-3.030791410113561,,,"{'const': 0.00039828839963979755, 'ma.L1': -0.08416148739788878, 'ma.L2': -0.01801381837330994, 'sigma2': 0.00013646365841653356}",True,True
2026-03-16,True,2,0,-3.030919773104842,,,"{'const': 0.00039639059883663294, 'ma.L1': -0.08409285798854749, 'ma.L2': -0.018098865944488493, 'sigma2': 0.00013642859569947146}",False,False,0,,,,,,,,[],True,2,0,-3.030919773104842,,,"{'const': 0.00039639059883663294, 'ma.L1': -0.08409285798854749, 'ma.L2': -0.018098865944488493, 'sigma2': 0.00013642859569947146}",True,True
2026-03-23,True,2,0,-3.030984515704911,,,"{'const': 0.0003940140446209972, 'ma.L1': -0.08411429749277272, 'ma.L2': -0.018065432154764905, 'sigma2': 0.00013641099754753156}",False,False,0,,,,,,,,[],True,2,0,-3.030984515704911,,,"{'const': 0.0003940140446209972, 'ma.L1': -0.08411429749277272, 'ma.L2': -0.018065432154764905, 'sigma2': 0.00013641099754753156}",True,True
2026-03-30,True,2,0,-3.030952170021839,,,"{'const': 0.0003894819603267268, 'ma.L1': -0.08383295701659566, 'ma.L2': -0.017929830537580873, 'sigma2': 0.000136420188751194}",False,False,0,,,,,,,,[],True,2,0,-3.030952170021839,,,"{'const': 0.0003894819603267268, 'ma.L1': -0.08383295701659566, 'ma.L2': -0.017929830537580873, 'sigma2': 0.000136420188751194}",True,True
2026-04-07,True,2,0,-3.030872436866699,,,"{'const': 0.00039426109623186587, 'ma.L1': -0.0837424238014278, 'ma.L2': -0.018379773826053308, 'sigma2': 0.0001364415727178454}",False,False,0,,,,,,,,[],True,2,0,-3.030872436866699,,,"{'const': 0.00039426109623186587, 'ma.L1': -0.0837424238014278, 'ma.L2': -0.018379773826053308, 'sigma2': 0.0001364415727178454}",True,True
2026-04-14,True,2,0,-3.030768182380316,,,"{'const': 0.0004001980636174941, 'ma.L1': -0.08342431625522347, 'ma.L2': -0.01819901634970027, 'sigma2': 0.00013647008617428974}",False,False,0,,,,,,,,[],True,2,0,-3.030768182380316,,,"{'const': 0.0004001980636174941, 'ma.L1': -0.08342431625522347, 'ma.L2': -0.01819901634970027, 'sigma2': 0.00013647008617428974}",True,True
2026-04-21,True,2,0,-3.030945559552145,,,"{'const': 0.00040169143192809336, 'ma.L1': -0.08327019755630538, 'ma.L2': -0.018077332834278592, 'sigma2': 0.00013642221279935635}",False,False,0,,,,,,,,[],True,2,0,-3.030945559552145,,,"{'const': 0.00040169143192809336, 'ma.L1': -0.08327019755630538, 'ma.L2': -0.018077332834278592, 'sigma2': 0.00013642221279935635}",True,True
2026-04-28,True,2,0,-3.031167389959308,,,"{'const': 0.0004027252106129581, 'ma.L1': -0.08336947892846756, 'ma.L2': -0.018034486073969954, 'sigma2': 0.00013636165376944672}",False,False,0,,,,,,,,[],True,2,0,-3.031167389959308,,,"{'const': 0.0004027252106129581, 'ma.L1': -0.08336947892846756, 'ma.L2': -0.018034486073969954, 'sigma2': 0.00013636165376944672}",True,True
2026-05-05,True,2,0,-3.0313939281136593,,,"{'const': 0.00040444724847919897, 'ma.L1': -0.0833793171881099, 'ma.L2': -0.01808563650395894, 'sigma2': 0.00013629963158194093}",False,False,0,,,,,,,,[],True,2,0,-3.0313939281136593,,,"{'const': 0.00040444724847919897, 'ma.L1': -0.0833793171881099, 'ma.L2': -0.01808563650395894, 'sigma2': 0.00013629963158194093}",True,True
2026-05-12,True,2,0,-3.031574184280387,,,"{'const': 0.0004065905835080258, 'ma.L1': -0.08331226165511743, 'ma.L2': -0.018062475805229062, 'sigma2': 0.0001362506978701637}",False,False,0,,,,,,,,[],True,2,0,-3.031574184280387,,,"{'const': 0.0004065905835080258, 'ma.L1': -0.08331226165511743, 'ma.L2': -0.018062475805229062, 'sigma2': 0.0001362506978701637}",True,True
2026-05-19,True,2,0,-3.0317474890141933,,,"{'const': 0.00040565362081569, 'ma.L1': -0.08333316595485156, 'ma.L2': -0.018046201498230316, 'sigma2': 0.0001362035920917526}",False,False,0,,,,,,,,[],True,2,0,-3.0317474890141933,,,"{'const': 0.00040565362081569, 'ma.L1': -0.08333316595485156, 'ma.L2': -0.018046201498230316, 'sigma2': 0.0001362035920917526}",True,True
2026-05-27,True,2,0,-3.0319815723068393,,,"{'const': 0.00040806262321782576, 'ma.L1': -0.08334698856704845, 'ma.L2': -0.01803386552113786, 'sigma2': 0.00013613960873289836}",False,False,0,,,,,,,,[],True,2,0,-3.0319815723068393,,,"{'const': 0.00040806262321782576, 'ma.L1': -0.08334698856704845, 'ma.L2': -0.01803386552113786, 'sigma2': 0.00013613960873289836}",True,True
2026-06-03,True,2,0,-3.0322378965554666,,,"{'const': 0.0004084516198864027, 'ma.L1': -0.083331988533119, 'ma.L2': -0.018006021356501412, 'sigma2': 0.00013606999964471445}",False,False,0,,,,,,,,[],True,2,0,-3.0322378965554666,,,"{'const': 0.0004084516198864027, 'ma.L1': -0.083331988533119, 'ma.L2': -0.018006021356501412, 'sigma2': 0.00013606999964471445}",True,True
2026-06-10,True,2,0,-3.0320983710536002,,,"{'const': 0.00040361036610236364, 'ma.L1': -0.08333905319707731, 'ma.L2': -0.017731362806044277, 'sigma2': 0.0001361082416489785}",False,False,0,,,,,,,,[],True,2,0,-3.0320983710536002,,,"{'const': 0.00040361036610236364, 'ma.L1': -0.08333905319707731, 'ma.L2': -0.017731362806044277, 'sigma2': 0.0001361082416489785}",True,True
2026-06-17,True,2,0,-3.032058595754508,,,"{'const': 0.0004058792057084698, 'ma.L1': -0.08342761312944394, 'ma.L2': -0.017892090467405666, 'sigma2': 0.0001361187976533421}",False,False,0,,,,,,,,[],True,2,0,-3.032058595754508,,,"{'const': 0.0004058792057084698, 'ma.L1': -0.08342761312944394, 'ma.L2': -0.017892090467405666, 'sigma2': 0.0001361187976533421}",True,True
2026-06-25,True,2,0,-3.0322160971247762,,,"{'const': 0.0004048107931062579, 'ma.L1': -0.08347597183245718, 'ma.L2': -0.01801059124979639, 'sigma2': 0.00013607565989404863}",False,False,0,,,,,,,,[],True,2,0,-3.0322160971247762,,,"{'const': 0.0004048107931062579, 'ma.L1': -0.08347597183245718, 'ma.L2': -0.01801059124979639, 'sigma2': 0.00013607565989404863}",True,True
2026-07-02,True,2,0,-3.032352512501149,,,"{'const': 0.00040626313773050395, 'ma.L1': -0.08348273375036623, 'ma.L2': -0.018069252264911025, 'sigma2': 0.00013603849533778154}",False,False,0,,,,,,,,[],True,2,0,-3.032352512501149,,,"{'const': 0.00040626313773050395, 'ma.L1': -0.08348273375036623, 'ma.L2': -0.018069252264911025, 'sigma2': 0.00013603849533778154}",True,True
2026-07-10,True,2,0,-3.0325716244866747,,,"{'const': 0.0004076009343860653, 'ma.L1': -0.08350564009323848, 'ma.L2': -0.018135201731450976, 'sigma2': 0.0001359787163761196}",False,False,0,,,,,,,,[],True,2,0,-3.0325716244866747,,,"{'const': 0.0004076009343860653, 'ma.L1': -0.08350564009323848, 'ma.L2': -0.018135201731450976, 'sigma2': 0.0001359787163761196}",True,True
2026-07-17,True,2,0,-3.0327712165801435,,,"{'const': 0.0004055820018862852, 'ma.L1': -0.08351025882044323, 'ma.L2': -0.018247146733553023, 'sigma2': 0.00013592479545216938}",False,False,0,,,,,,,,[],True,2,0,-3.0327712165801435,,,"{'const': 0.0004055820018862852, 'ma.L1': -0.08351025882044323, 'ma.L2': -0.018247146733553023, 'sigma2': 0.00013592479545216938}",True,True
