origin,forecast_origin,training_data_end,validation_start,validation_end,scaler_fit_end,scaler_mean,scaler_std,context_length,patch_length,patch_stride,prediction_length,window_stride,num_training_windows,num_validation_windows,epochs_trained,best_epoch,early_stopped,best_validation_loss,training_elapsed_seconds,inference_elapsed_seconds,num_parameters,forecast_is_finite,parameters_are_finite,training_warning,training_exception,model_identifier,model_configuration,transformers_version,device
2018-12-31,2018-12-31,2017-12-28,2017-12-29,2018-12-31,2017-12-28,91.05449676513672,47.050350189208984,252,21,7,20,5,1201,47,16,11,True,0.045520883053541183,7.211253099958412,0.0011758999899029732,19540,True,True,,,PatchTST-HF-supervised-v1,"{""batch_size"":64,""context_length"":252,""d_model"":32,""dropout"":0.1,""ffn_dim"":64,""learning_rate"":0.001,""max_epochs"":30,""min_delta"":0.0001,""num_attention_heads"":4,""num_hidden_layers"":2,""patch_length"":21,""patch_stride"":7,""patience"":5,""prediction_length"":20,""seed"":2026,""validation_points"":252,""weight_decay"":0.0001,""window_stride"":5}",5.15.0,cpu
2019-01-08,2019-01-08,2018-01-05,2018-01-08,2019-01-08,2018-01-05,91.1708755493164,47.21200180053711,252,21,7,20,5,1202,47,13,8,True,0.05258956551551819,5.926410299958661,0.0010306000476703048,19540,True,True,,,PatchTST-HF-supervised-v1,"{""batch_size"":64,""context_length"":252,""d_model"":32,""dropout"":0.1,""ffn_dim"":64,""learning_rate"":0.001,""max_epochs"":30,""min_delta"":0.0001,""num_attention_heads"":4,""num_hidden_layers"":2,""patch_length"":21,""patch_stride"":7,""patience"":5,""prediction_length"":20,""seed"":2026,""validation_points"":252,""weight_decay"":0.0001,""window_stride"":5}",5.15.0,cpu
2019-01-15,2019-01-15,2018-01-12,2018-01-16,2019-01-15,2018-01-12,91.29060363769531,47.38367462158203,252,21,7,20,5,1203,47,11,6,True,0.05855690315365791,5.009118200046942,0.00112439994700253,19540,True,True,,,PatchTST-HF-supervised-v1,"{""batch_size"":64,""context_length"":252,""d_model"":32,""dropout"":0.1,""ffn_dim"":64,""learning_rate"":0.001,""max_epochs"":30,""min_delta"":0.0001,""num_attention_heads"":4,""num_hidden_layers"":2,""patch_length"":21,""patch_stride"":7,""patience"":5,""prediction_length"":20,""seed"":2026,""validation_points"":252,""weight_decay"":0.0001,""window_stride"":5}",5.15.0,cpu
2019-01-23,2019-01-23,2018-01-22,2018-01-23,2019-01-23,2018-01-22,91.41326141357422,47.56407928466797,252,21,7,20,5,1204,47,18,13,True,0.06034015864133835,8.231003800057806,0.001330200000666082,19540,True,True,,,PatchTST-HF-supervised-v1,"{""batch_size"":64,""context_length"":252,""d_model"":32,""dropout"":0.1,""ffn_dim"":64,""learning_rate"":0.001,""max_epochs"":30,""min_delta"":0.0001,""num_attention_heads"":4,""num_hidden_layers"":2,""patch_length"":21,""patch_stride"":7,""patience"":5,""prediction_length"":20,""seed"":2026,""validation_points"":252,""weight_decay"":0.0001,""window_stride"":5}",5.15.0,cpu
2019-01-30,2019-01-30,2018-01-29,2018-01-30,2019-01-30,2018-01-29,91.53880310058594,47.75331115722656,252,21,7,20,5,1205,47,10,5,True,0.06316027790307999,4.653178500011563,0.001196000026538968,19540,True,True,,,PatchTST-HF-supervised-v1,"{""batch_size"":64,""context_length"":252,""d_model"":32,""dropout"":0.1,""ffn_dim"":64,""learning_rate"":0.001,""max_epochs"":30,""min_delta"":0.0001,""num_attention_heads"":4,""num_hidden_layers"":2,""patch_length"":21,""patch_stride"":7,""patience"":5,""prediction_length"":20,""seed"":2026,""validation_points"":252,""weight_decay"":0.0001,""window_stride"":5}",5.15.0,cpu
2019-02-06,2019-02-06,2018-02-05,2018-02-06,2019-02-06,2018-02-05,91.6590805053711,47.92509841918945,252,21,7,20,5,1206,47,9,4,True,0.06466015428304672,4.2322607999667525,0.0012869000202044845,19540,True,True,,,PatchTST-HF-supervised-v1,"{""batch_size"":64,""context_length"":252,""d_model"":32,""dropout"":0.1,""ffn_dim"":64,""learning_rate"":0.001,""max_epochs"":30,""min_delta"":0.0001,""num_attention_heads"":4,""num_hidden_layers"":2,""patch_length"":21,""patch_stride"":7,""patience"":5,""prediction_length"":20,""seed"":2026,""validation_points"":252,""weight_decay"":0.0001,""window_stride"":5}",5.15.0,cpu
2019-02-13,2019-02-13,2018-02-12,2018-02-13,2019-02-13,2018-02-12,91.77034759521484,48.06877136230469,252,21,7,20,5,1207,47,10,5,True,0.06577391922473907,4.79699940001592,0.0010272000217810273,19540,True,True,,,PatchTST-HF-supervised-v1,"{""batch_size"":64,""context_length"":252,""d_model"":32,""dropout"":0.1,""ffn_dim"":64,""learning_rate"":0.001,""max_epochs"":30,""min_delta"":0.0001,""num_attention_heads"":4,""num_hidden_layers"":2,""patch_length"":21,""patch_stride"":7,""patience"":5,""prediction_length"":20,""seed"":2026,""validation_points"":252,""weight_decay"":0.0001,""window_stride"":5}",5.15.0,cpu
2019-02-21,2019-02-21,2018-02-20,2018-02-21,2019-02-21,2018-02-20,91.88587188720703,48.22459411621094,252,21,7,20,5,1208,47,11,6,True,0.06295950710773468,5.218381999991834,0.0012331000762060285,19540,True,True,,,PatchTST-HF-supervised-v1,"{""batch_size"":64,""context_length"":252,""d_model"":32,""dropout"":0.1,""ffn_dim"":64,""learning_rate"":0.001,""max_epochs"":30,""min_delta"":0.0001,""num_attention_heads"":4,""num_hidden_layers"":2,""patch_length"":21,""patch_stride"":7,""patience"":5,""prediction_length"":20,""seed"":2026,""validation_points"":252,""weight_decay"":0.0001,""window_stride"":5}",5.15.0,cpu
2019-02-28,2019-02-28,2018-02-27,2018-02-28,2019-02-28,2018-02-27,92.00321960449219,48.385467529296875,252,21,7,20,5,1209,47,9,4,True,0.06276774406433105,4.14061259990558,0.001030299928970635,19540,True,True,,,PatchTST-HF-supervised-v1,"{""batch_size"":64,""context_length"":252,""d_model"":32,""dropout"":0.1,""ffn_dim"":64,""learning_rate"":0.001,""max_epochs"":30,""min_delta"":0.0001,""num_attention_heads"":4,""num_hidden_layers"":2,""patch_length"":21,""patch_stride"":7,""patience"":5,""prediction_length"":20,""seed"":2026,""validation_points"":252,""weight_decay"":0.0001,""window_stride"":5}",5.15.0,cpu
2019-03-07,2019-03-07,2018-03-06,2018-03-07,2019-03-07,2018-03-06,92.11841583251953,48.53936767578125,252,21,7,20,5,1210,47,9,4,True,0.061413124203681946,4.196600399911404,0.0012880999129265547,19540,True,True,,,PatchTST-HF-supervised-v1,"{""batch_size"":64,""context_length"":252,""d_model"":32,""dropout"":0.1,""ffn_dim"":64,""learning_rate"":0.001,""max_epochs"":30,""min_delta"":0.0001,""num_attention_heads"":4,""num_hidden_layers"":2,""patch_length"":21,""patch_stride"":7,""patience"":5,""prediction_length"":20,""seed"":2026,""validation_points"":252,""weight_decay"":0.0001,""window_stride"":5}",5.15.0,cpu
2019-03-14,2019-03-14,2018-03-13,2018-03-14,2019-03-14,2018-03-13,92.23725128173828,48.703861236572266,252,21,7,20,5,1211,47,9,4,True,0.05947336554527283,4.441110100015067,0.0010429000249132514,19540,True,True,,,PatchTST-HF-supervised-v1,"{""batch_size"":64,""context_length"":252,""d_model"":32,""dropout"":0.1,""ffn_dim"":64,""learning_rate"":0.001,""max_epochs"":30,""min_delta"":0.0001,""num_attention_heads"":4,""num_hidden_layers"":2,""patch_length"":21,""patch_stride"":7,""patience"":5,""prediction_length"":20,""seed"":2026,""validation_points"":252,""weight_decay"":0.0001,""window_stride"":5}",5.15.0,cpu
2019-03-21,2019-03-21,2018-03-20,2018-03-21,2019-03-21,2018-03-20,92.35427856445312,48.862247467041016,252,21,7,20,5,1212,47,15,10,True,0.05825423449277878,7.07052529999055,0.0010638999519869685,19540,True,True,,,PatchTST-HF-supervised-v1,"{""batch_size"":64,""context_length"":252,""d_model"":32,""dropout"":0.1,""ffn_dim"":64,""learning_rate"":0.001,""max_epochs"":30,""min_delta"":0.0001,""num_attention_heads"":4,""num_hidden_layers"":2,""patch_length"":21,""patch_stride"":7,""patience"":5,""prediction_length"":20,""seed"":2026,""validation_points"":252,""weight_decay"":0.0001,""window_stride"":5}",5.15.0,cpu
2019-03-28,2019-03-28,2018-03-27,2018-03-28,2019-03-28,2018-03-27,92.4647216796875,49.000946044921875,252,21,7,20,5,1213,47,9,4,True,0.06110956892371178,4.20123310002964,0.0012329000746831298,19540,True,True,,,PatchTST-HF-supervised-v1,"{""batch_size"":64,""context_length"":252,""d_model"":32,""dropout"":0.1,""ffn_dim"":64,""learning_rate"":0.001,""max_epochs"":30,""min_delta"":0.0001,""num_attention_heads"":4,""num_hidden_layers"":2,""patch_length"":21,""patch_stride"":7,""patience"":5,""prediction_length"":20,""seed"":2026,""validation_points"":252,""weight_decay"":0.0001,""window_stride"":5}",5.15.0,cpu
2019-04-04,2019-04-04,2018-04-04,2018-04-05,2019-04-04,2018-04-04,92.57318115234375,49.133583068847656,252,21,7,20,5,1214,47,15,10,True,0.05725553259253502,7.05719990003854,0.0010698999976739287,19540,True,True,,,PatchTST-HF-supervised-v1,"{""batch_size"":64,""context_length"":252,""d_model"":32,""dropout"":0.1,""ffn_dim"":64,""learning_rate"":0.001,""max_epochs"":30,""min_delta"":0.0001,""num_attention_heads"":4,""num_hidden_layers"":2,""patch_length"":21,""patch_stride"":7,""patience"":5,""prediction_length"":20,""seed"":2026,""validation_points"":252,""weight_decay"":0.0001,""window_stride"":5}",5.15.0,cpu
2019-04-11,2019-04-11,2018-04-11,2018-04-12,2019-04-11,2018-04-11,92.68292999267578,49.269508361816406,252,21,7,20,5,1215,47,10,5,True,0.05674796923995018,4.6205865000374615,0.0012568000238388777,19540,True,True,,,PatchTST-HF-supervised-v1,"{""batch_size"":64,""context_length"":252,""d_model"":32,""dropout"":0.1,""ffn_dim"":64,""learning_rate"":0.001,""max_epochs"":30,""min_delta"":0.0001,""num_attention_heads"":4,""num_hidden_layers"":2,""patch_length"":21,""patch_stride"":7,""patience"":5,""prediction_length"":20,""seed"":2026,""validation_points"":252,""weight_decay"":0.0001,""window_stride"":5}",5.15.0,cpu
2019-04-18,2019-04-18,2018-04-18,2018-04-19,2019-04-18,2018-04-18,92.7957992553711,49.41400146484375,252,21,7,20,5,1216,47,9,4,True,0.05749034136533737,4.316492900019512,0.0010670999763533473,19540,True,True,,,PatchTST-HF-supervised-v1,"{""batch_size"":64,""context_length"":252,""d_model"":32,""dropout"":0.1,""ffn_dim"":64,""learning_rate"":0.001,""max_epochs"":30,""min_delta"":0.0001,""num_attention_heads"":4,""num_hidden_layers"":2,""patch_length"":21,""patch_stride"":7,""patience"":5,""prediction_length"":20,""seed"":2026,""validation_points"":252,""weight_decay"":0.0001,""window_stride"":5}",5.15.0,cpu
2019-04-26,2019-04-26,2018-04-25,2018-04-26,2019-04-26,2018-04-25,92.90705871582031,49.55348587036133,252,21,7,20,5,1217,47,13,8,True,0.05815175548195839,6.213339600013569,0.0014361999928951263,19540,True,True,,,PatchTST-HF-supervised-v1,"{""batch_size"":64,""context_length"":252,""d_model"":32,""dropout"":0.1,""ffn_dim"":64,""learning_rate"":0.001,""max_epochs"":30,""min_delta"":0.0001,""num_attention_heads"":4,""num_hidden_layers"":2,""patch_length"":21,""patch_stride"":7,""patience"":5,""prediction_length"":20,""seed"":2026,""validation_points"":252,""weight_decay"":0.0001,""window_stride"":5}",5.15.0,cpu
2019-05-03,2019-05-03,2018-05-02,2018-05-03,2019-05-03,2018-05-02,93.01769256591797,49.69087219238281,252,21,7,20,5,1218,47,14,9,True,0.05894278734922409,6.80048639990855,0.0011971999192610383,19540,True,True,,,PatchTST-HF-supervised-v1,"{""batch_size"":64,""context_length"":252,""d_model"":32,""dropout"":0.1,""ffn_dim"":64,""learning_rate"":0.001,""max_epochs"":30,""min_delta"":0.0001,""num_attention_heads"":4,""num_hidden_layers"":2,""patch_length"":21,""patch_stride"":7,""patience"":5,""prediction_length"":20,""seed"":2026,""validation_points"":252,""weight_decay"":0.0001,""window_stride"":5}",5.15.0,cpu
2019-05-10,2019-05-10,2018-05-09,2018-05-10,2019-05-10,2018-05-09,93.12906646728516,49.82994842529297,252,21,7,20,5,1219,47,9,4,True,0.057008273899555206,4.226619099965319,0.0010224999859929085,19540,True,True,,,PatchTST-HF-supervised-v1,"{""batch_size"":64,""context_length"":252,""d_model"":32,""dropout"":0.1,""ffn_dim"":64,""learning_rate"":0.001,""max_epochs"":30,""min_delta"":0.0001,""num_attention_heads"":4,""num_hidden_layers"":2,""patch_length"":21,""patch_stride"":7,""patience"":5,""prediction_length"":20,""seed"":2026,""validation_points"":252,""weight_decay"":0.0001,""window_stride"":5}",5.15.0,cpu
2019-05-17,2019-05-17,2018-05-16,2018-05-17,2019-05-17,2018-05-16,93.24429321289062,49.97980880737305,252,21,7,20,5,1220,47,9,4,True,0.05853422358632088,4.407526900060475,0.0013436999870464206,19540,True,True,,,PatchTST-HF-supervised-v1,"{""batch_size"":64,""context_length"":252,""d_model"":32,""dropout"":0.1,""ffn_dim"":64,""learning_rate"":0.001,""max_epochs"":30,""min_delta"":0.0001,""num_attention_heads"":4,""num_hidden_layers"":2,""patch_length"":21,""patch_stride"":7,""patience"":5,""prediction_length"":20,""seed"":2026,""validation_points"":252,""weight_decay"":0.0001,""window_stride"":5}",5.15.0,cpu
2019-05-24,2019-05-24,2018-05-23,2018-05-24,2019-05-24,2018-05-23,93.35955047607422,50.12932205200195,252,21,7,20,5,1221,47,10,5,True,0.05699553340673447,4.681600200012326,0.001961000030860305,19540,True,True,,,PatchTST-HF-supervised-v1,"{""batch_size"":64,""context_length"":252,""d_model"":32,""dropout"":0.1,""ffn_dim"":64,""learning_rate"":0.001,""max_epochs"":30,""min_delta"":0.0001,""num_attention_heads"":4,""num_hidden_layers"":2,""patch_length"":21,""patch_stride"":7,""patience"":5,""prediction_length"":20,""seed"":2026,""validation_points"":252,""weight_decay"":0.0001,""window_stride"":5}",5.15.0,cpu
2019-06-03,2019-06-03,2018-05-31,2018-06-01,2019-06-03,2018-05-31,93.47391510009766,50.27582931518555,252,21,7,20,5,1222,47,10,5,True,0.05795882269740105,4.859668800025247,0.0010896000312641263,19540,True,True,,,PatchTST-HF-supervised-v1,"{""batch_size"":64,""context_length"":252,""d_model"":32,""dropout"":0.1,""ffn_dim"":64,""learning_rate"":0.001,""max_epochs"":30,""min_delta"":0.0001,""num_attention_heads"":4,""num_hidden_layers"":2,""patch_length"":21,""patch_stride"":7,""patience"":5,""prediction_length"":20,""seed"":2026,""validation_points"":252,""weight_decay"":0.0001,""window_stride"":5}",5.15.0,cpu
2019-06-10,2019-06-10,2018-06-07,2018-06-08,2019-06-10,2018-06-07,93.59097290039062,50.42985153198242,252,21,7,20,5,1223,47,11,6,True,0.056473057717084885,5.165467599988915,0.0010182999540120363,19540,True,True,,,PatchTST-HF-supervised-v1,"{""batch_size"":64,""context_length"":252,""d_model"":32,""dropout"":0.1,""ffn_dim"":64,""learning_rate"":0.001,""max_epochs"":30,""min_delta"":0.0001,""num_attention_heads"":4,""num_hidden_layers"":2,""patch_length"":21,""patch_stride"":7,""patience"":5,""prediction_length"":20,""seed"":2026,""validation_points"":252,""weight_decay"":0.0001,""window_stride"":5}",5.15.0,cpu
2019-06-17,2019-06-17,2018-06-14,2018-06-15,2019-06-17,2018-06-14,93.70978546142578,50.588645935058594,252,21,7,20,5,1224,47,11,6,True,0.05570526048541069,5.4382221000269055,0.0010550000006332994,19540,True,True,,,PatchTST-HF-supervised-v1,"{""batch_size"":64,""context_length"":252,""d_model"":32,""dropout"":0.1,""ffn_dim"":64,""learning_rate"":0.001,""max_epochs"":30,""min_delta"":0.0001,""num_attention_heads"":4,""num_hidden_layers"":2,""patch_length"":21,""patch_stride"":7,""patience"":5,""prediction_length"":20,""seed"":2026,""validation_points"":252,""weight_decay"":0.0001,""window_stride"":5}",5.15.0,cpu
2019-06-24,2019-06-24,2018-06-21,2018-06-22,2019-06-24,2018-06-21,93.82747650146484,50.743621826171875,252,21,7,20,5,1225,47,10,5,True,0.05580180138349533,4.662785099935718,0.0013281999854370952,19540,True,True,,,PatchTST-HF-supervised-v1,"{""batch_size"":64,""context_length"":252,""d_model"":32,""dropout"":0.1,""ffn_dim"":64,""learning_rate"":0.001,""max_epochs"":30,""min_delta"":0.0001,""num_attention_heads"":4,""num_hidden_layers"":2,""patch_length"":21,""patch_stride"":7,""patience"":5,""prediction_length"":20,""seed"":2026,""validation_points"":252,""weight_decay"":0.0001,""window_stride"":5}",5.15.0,cpu
2019-07-01,2019-07-01,2018-06-28,2018-06-29,2019-07-01,2018-06-28,93.94196319580078,50.88882827758789,252,21,7,20,5,1226,47,10,5,True,0.05396096408367157,4.870442300103605,0.001251600100658834,19540,True,True,,,PatchTST-HF-supervised-v1,"{""batch_size"":64,""context_length"":252,""d_model"":32,""dropout"":0.1,""ffn_dim"":64,""learning_rate"":0.001,""max_epochs"":30,""min_delta"":0.0001,""num_attention_heads"":4,""num_hidden_layers"":2,""patch_length"":21,""patch_stride"":7,""patience"":5,""prediction_length"":20,""seed"":2026,""validation_points"":252,""weight_decay"":0.0001,""window_stride"":5}",5.15.0,cpu
2019-07-09,2019-07-09,2018-07-06,2018-07-09,2019-07-09,2018-07-06,94.05696105957031,51.035118103027344,252,21,7,20,5,1227,47,10,5,True,0.054714228957891464,4.692857599933632,0.001155699952505529,19540,True,True,,,PatchTST-HF-supervised-v1,"{""batch_size"":64,""context_length"":252,""d_model"":32,""dropout"":0.1,""ffn_dim"":64,""learning_rate"":0.001,""max_epochs"":30,""min_delta"":0.0001,""num_attention_heads"":4,""num_hidden_layers"":2,""patch_length"":21,""patch_stride"":7,""patience"":5,""prediction_length"":20,""seed"":2026,""validation_points"":252,""weight_decay"":0.0001,""window_stride"":5}",5.15.0,cpu
2019-07-16,2019-07-16,2018-07-13,2018-07-16,2019-07-16,2018-07-13,94.1759262084961,51.1926383972168,252,21,7,20,5,1228,47,9,4,True,0.05541473999619484,4.383662400068715,0.0015634000301361084,19540,True,True,,,PatchTST-HF-supervised-v1,"{""batch_size"":64,""context_length"":252,""d_model"":32,""dropout"":0.1,""ffn_dim"":64,""learning_rate"":0.001,""max_epochs"":30,""min_delta"":0.0001,""num_attention_heads"":4,""num_hidden_layers"":2,""patch_length"":21,""patch_stride"":7,""patience"":5,""prediction_length"":20,""seed"":2026,""validation_points"":252,""weight_decay"":0.0001,""window_stride"":5}",5.15.0,cpu
2019-07-23,2019-07-23,2018-07-20,2018-07-23,2019-07-23,2018-07-20,94.29581451416016,51.3524169921875,252,21,7,20,5,1229,47,14,9,True,0.05519954487681389,6.615286799962632,0.0010180999524891376,19540,True,True,,,PatchTST-HF-supervised-v1,"{""batch_size"":64,""context_length"":252,""d_model"":32,""dropout"":0.1,""ffn_dim"":64,""learning_rate"":0.001,""max_epochs"":30,""min_delta"":0.0001,""num_attention_heads"":4,""num_hidden_layers"":2,""patch_length"":21,""patch_stride"":7,""patience"":5,""prediction_length"":20,""seed"":2026,""validation_points"":252,""weight_decay"":0.0001,""window_stride"":5}",5.15.0,cpu
2019-07-30,2019-07-30,2018-07-27,2018-07-30,2019-07-30,2018-07-27,94.41688537597656,51.51531982421875,252,21,7,20,5,1230,47,9,4,True,0.056559380143880844,4.491330200107768,0.0010378999868407845,19540,True,True,,,PatchTST-HF-supervised-v1,"{""batch_size"":64,""context_length"":252,""d_model"":32,""dropout"":0.1,""ffn_dim"":64,""learning_rate"":0.001,""max_epochs"":30,""min_delta"":0.0001,""num_attention_heads"":4,""num_hidden_layers"":2,""patch_length"":21,""patch_stride"":7,""patience"":5,""prediction_length"":20,""seed"":2026,""validation_points"":252,""weight_decay"":0.0001,""window_stride"":5}",5.15.0,cpu
2019-08-06,2019-08-06,2018-08-03,2018-08-06,2019-08-06,2018-08-03,94.53742980957031,51.676170349121094,252,21,7,20,5,1231,47,9,4,True,0.05600690096616745,4.292511100065894,0.001243000035174191,19540,True,True,,,PatchTST-HF-supervised-v1,"{""batch_size"":64,""context_length"":252,""d_model"":32,""dropout"":0.1,""ffn_dim"":64,""learning_rate"":0.001,""max_epochs"":30,""min_delta"":0.0001,""num_attention_heads"":4,""num_hidden_layers"":2,""patch_length"":21,""patch_stride"":7,""patience"":5,""prediction_length"":20,""seed"":2026,""validation_points"":252,""weight_decay"":0.0001,""window_stride"":5}",5.15.0,cpu
2019-08-13,2019-08-13,2018-08-10,2018-08-13,2019-08-13,2018-08-10,94.65996551513672,51.84252166748047,252,21,7,20,5,1232,47,10,5,True,0.05904162675142288,4.865139800007455,0.0012511000968515873,19540,True,True,,,PatchTST-HF-supervised-v1,"{""batch_size"":64,""context_length"":252,""d_model"":32,""dropout"":0.1,""ffn_dim"":64,""learning_rate"":0.001,""max_epochs"":30,""min_delta"":0.0001,""num_attention_heads"":4,""num_hidden_layers"":2,""patch_length"":21,""patch_stride"":7,""patience"":5,""prediction_length"":20,""seed"":2026,""validation_points"":252,""weight_decay"":0.0001,""window_stride"":5}",5.15.0,cpu
2019-08-20,2019-08-20,2018-08-17,2018-08-20,2019-08-20,2018-08-17,94.7813491821289,52.0048942565918,252,21,7,20,5,1233,47,9,4,True,0.05895132198929787,4.286868100054562,0.0010967999696731567,19540,True,True,,,PatchTST-HF-supervised-v1,"{""batch_size"":64,""context_length"":252,""d_model"":32,""dropout"":0.1,""ffn_dim"":64,""learning_rate"":0.001,""max_epochs"":30,""min_delta"":0.0001,""num_attention_heads"":4,""num_hidden_layers"":2,""patch_length"":21,""patch_stride"":7,""patience"":5,""prediction_length"":20,""seed"":2026,""validation_points"":252,""weight_decay"":0.0001,""window_stride"":5}",5.15.0,cpu
2019-08-27,2019-08-27,2018-08-24,2018-08-27,2019-08-27,2018-08-24,94.90454864501953,52.17226791381836,252,21,7,20,5,1234,47,9,4,True,0.05480709299445152,4.3906693999888375,0.001084199990145862,19540,True,True,,,PatchTST-HF-supervised-v1,"{""batch_size"":64,""context_length"":252,""d_model"":32,""dropout"":0.1,""ffn_dim"":64,""learning_rate"":0.001,""max_epochs"":30,""min_delta"":0.0001,""num_attention_heads"":4,""num_hidden_layers"":2,""patch_length"":21,""patch_stride"":7,""patience"":5,""prediction_length"":20,""seed"":2026,""validation_points"":252,""weight_decay"":0.0001,""window_stride"":5}",5.15.0,cpu
2019-09-04,2019-09-04,2018-08-31,2018-09-04,2019-09-04,2018-08-31,95.03034210205078,52.34709930419922,252,21,7,20,5,1235,47,9,4,True,0.05158937722444534,4.39500300004147,0.0012765999417752028,19540,True,True,,,PatchTST-HF-supervised-v1,"{""batch_size"":64,""context_length"":252,""d_model"":32,""dropout"":0.1,""ffn_dim"":64,""learning_rate"":0.001,""max_epochs"":30,""min_delta"":0.0001,""num_attention_heads"":4,""num_hidden_layers"":2,""patch_length"":21,""patch_stride"":7,""patience"":5,""prediction_length"":20,""seed"":2026,""validation_points"":252,""weight_decay"":0.0001,""window_stride"":5}",5.15.0,cpu
2019-09-11,2019-09-11,2018-09-10,2018-09-11,2019-09-11,2018-09-10,95.1546859741211,52.51694869995117,252,21,7,20,5,1236,47,9,4,True,0.052081137895584106,4.338562800083309,0.0011000999948009849,19540,True,True,,,PatchTST-HF-supervised-v1,"{""batch_size"":64,""context_length"":252,""d_model"":32,""dropout"":0.1,""ffn_dim"":64,""learning_rate"":0.001,""max_epochs"":30,""min_delta"":0.0001,""num_attention_heads"":4,""num_hidden_layers"":2,""patch_length"":21,""patch_stride"":7,""patience"":5,""prediction_length"":20,""seed"":2026,""validation_points"":252,""weight_decay"":0.0001,""window_stride"":5}",5.15.0,cpu
2019-09-18,2019-09-18,2018-09-17,2018-09-18,2019-09-18,2018-09-17,95.27973937988281,52.68843078613281,252,21,7,20,5,1237,47,9,4,True,0.04954792559146881,4.602360900025815,0.001298299990594387,19540,True,True,,,PatchTST-HF-supervised-v1,"{""batch_size"":64,""context_length"":252,""d_model"":32,""dropout"":0.1,""ffn_dim"":64,""learning_rate"":0.001,""max_epochs"":30,""min_delta"":0.0001,""num_attention_heads"":4,""num_hidden_layers"":2,""patch_length"":21,""patch_stride"":7,""patience"":5,""prediction_length"":20,""seed"":2026,""validation_points"":252,""weight_decay"":0.0001,""window_stride"":5}",5.15.0,cpu
2019-09-25,2019-09-25,2018-09-24,2018-09-25,2019-09-25,2018-09-24,95.40626525878906,52.8639030456543,252,21,7,20,5,1238,47,9,4,True,0.04899481683969498,4.510129300062545,0.0012841999996453524,19540,True,True,,,PatchTST-HF-supervised-v1,"{""batch_size"":64,""context_length"":252,""d_model"":32,""dropout"":0.1,""ffn_dim"":64,""learning_rate"":0.001,""max_epochs"":30,""min_delta"":0.0001,""num_attention_heads"":4,""num_hidden_layers"":2,""patch_length"":21,""patch_stride"":7,""patience"":5,""prediction_length"":20,""seed"":2026,""validation_points"":252,""weight_decay"":0.0001,""window_stride"":5}",5.15.0,cpu
2019-10-02,2019-10-02,2018-10-01,2018-10-02,2019-10-02,2018-10-01,95.5324478149414,53.03779602050781,252,21,7,20,5,1239,47,13,8,True,0.049327705055475235,6.382206100039184,0.0015073000686243176,19540,True,True,,,PatchTST-HF-supervised-v1,"{""batch_size"":64,""context_length"":252,""d_model"":32,""dropout"":0.1,""ffn_dim"":64,""learning_rate"":0.001,""max_epochs"":30,""min_delta"":0.0001,""num_attention_heads"":4,""num_hidden_layers"":2,""patch_length"":21,""patch_stride"":7,""patience"":5,""prediction_length"":20,""seed"":2026,""validation_points"":252,""weight_decay"":0.0001,""window_stride"":5}",5.15.0,cpu
2019-10-09,2019-10-09,2018-10-08,2018-10-09,2019-10-09,2018-10-08,95.6576919555664,53.20829772949219,252,21,7,20,5,1240,47,10,5,True,0.04947522282600403,4.829435999970883,0.001263399957679212,19540,True,True,,,PatchTST-HF-supervised-v1,"{""batch_size"":64,""context_length"":252,""d_model"":32,""dropout"":0.1,""ffn_dim"":64,""learning_rate"":0.001,""max_epochs"":30,""min_delta"":0.0001,""num_attention_heads"":4,""num_hidden_layers"":2,""patch_length"":21,""patch_stride"":7,""patience"":5,""prediction_length"":20,""seed"":2026,""validation_points"":252,""weight_decay"":0.0001,""window_stride"":5}",5.15.0,cpu
2019-10-16,2019-10-16,2018-10-15,2018-10-16,2019-10-16,2018-10-15,95.77449798583984,53.35361862182617,252,21,7,20,5,1241,47,9,4,True,0.0510401614010334,4.521182900061831,0.0011753999860957265,19540,True,True,,,PatchTST-HF-supervised-v1,"{""batch_size"":64,""context_length"":252,""d_model"":32,""dropout"":0.1,""ffn_dim"":64,""learning_rate"":0.001,""max_epochs"":30,""min_delta"":0.0001,""num_attention_heads"":4,""num_hidden_layers"":2,""patch_length"":21,""patch_stride"":7,""patience"":5,""prediction_length"":20,""seed"":2026,""validation_points"":252,""weight_decay"":0.0001,""window_stride"":5}",5.15.0,cpu
2019-10-23,2019-10-23,2018-10-22,2018-10-23,2019-10-23,2018-10-22,95.89114379882812,53.49805450439453,252,21,7,20,5,1242,47,9,4,True,0.04924225062131882,4.430984399979934,0.0010580000234767795,19540,True,True,,,PatchTST-HF-supervised-v1,"{""batch_size"":64,""context_length"":252,""d_model"":32,""dropout"":0.1,""ffn_dim"":64,""learning_rate"":0.001,""max_epochs"":30,""min_delta"":0.0001,""num_attention_heads"":4,""num_hidden_layers"":2,""patch_length"":21,""patch_stride"":7,""patience"":5,""prediction_length"":20,""seed"":2026,""validation_points"":252,""weight_decay"":0.0001,""window_stride"":5}",5.15.0,cpu
2019-10-30,2019-10-30,2018-10-29,2018-10-30,2019-10-30,2018-10-29,96.00072479248047,53.622825622558594,252,21,7,20,5,1243,47,9,4,True,0.04968851059675217,4.620194499962963,0.0013143999967724085,19540,True,True,,,PatchTST-HF-supervised-v1,"{""batch_size"":64,""context_length"":252,""d_model"":32,""dropout"":0.1,""ffn_dim"":64,""learning_rate"":0.001,""max_epochs"":30,""min_delta"":0.0001,""num_attention_heads"":4,""num_hidden_layers"":2,""patch_length"":21,""patch_stride"":7,""patience"":5,""prediction_length"":20,""seed"":2026,""validation_points"":252,""weight_decay"":0.0001,""window_stride"":5}",5.15.0,cpu
2019-11-06,2019-11-06,2018-11-05,2018-11-06,2019-11-06,2018-11-05,96.11273193359375,53.7537956237793,252,21,7,20,5,1244,47,14,9,True,0.04912307858467102,7.017378099961206,0.0013561999658122659,19540,True,True,,,PatchTST-HF-supervised-v1,"{""batch_size"":64,""context_length"":252,""d_model"":32,""dropout"":0.1,""ffn_dim"":64,""learning_rate"":0.001,""max_epochs"":30,""min_delta"":0.0001,""num_attention_heads"":4,""num_hidden_layers"":2,""patch_length"":21,""patch_stride"":7,""patience"":5,""prediction_length"":20,""seed"":2026,""validation_points"":252,""weight_decay"":0.0001,""window_stride"":5}",5.15.0,cpu
2019-11-13,2019-11-13,2018-11-12,2018-11-13,2019-11-13,2018-11-12,96.2286376953125,53.895225524902344,252,21,7,20,5,1245,47,9,4,True,0.052165716886520386,4.538191800005734,0.001073199906386435,19540,True,True,,,PatchTST-HF-supervised-v1,"{""batch_size"":64,""context_length"":252,""d_model"":32,""dropout"":0.1,""ffn_dim"":64,""learning_rate"":0.001,""max_epochs"":30,""min_delta"":0.0001,""num_attention_heads"":4,""num_hidden_layers"":2,""patch_length"":21,""patch_stride"":7,""patience"":5,""prediction_length"":20,""seed"":2026,""validation_points"":252,""weight_decay"":0.0001,""window_stride"":5}",5.15.0,cpu
2019-11-20,2019-11-20,2018-11-19,2018-11-20,2019-11-20,2018-11-19,96.3404312133789,54.024986267089844,252,21,7,20,5,1246,47,16,11,True,0.04917044937610626,7.881255500018597,0.0013908999972045422,19540,True,True,,,PatchTST-HF-supervised-v1,"{""batch_size"":64,""context_length"":252,""d_model"":32,""dropout"":0.1,""ffn_dim"":64,""learning_rate"":0.001,""max_epochs"":30,""min_delta"":0.0001,""num_attention_heads"":4,""num_hidden_layers"":2,""patch_length"":21,""patch_stride"":7,""patience"":5,""prediction_length"":20,""seed"":2026,""validation_points"":252,""weight_decay"":0.0001,""window_stride"":5}",5.15.0,cpu
2019-11-27,2019-11-27,2018-11-27,2018-11-28,2019-11-27,2018-11-27,96.44796752929688,54.143280029296875,252,21,7,20,5,1247,47,10,5,True,0.05016445368528366,4.801494300016202,0.0012480000732466578,19540,True,True,,,PatchTST-HF-supervised-v1,"{""batch_size"":64,""context_length"":252,""d_model"":32,""dropout"":0.1,""ffn_dim"":64,""learning_rate"":0.001,""max_epochs"":30,""min_delta"":0.0001,""num_attention_heads"":4,""num_hidden_layers"":2,""patch_length"":21,""patch_stride"":7,""patience"":5,""prediction_length"":20,""seed"":2026,""validation_points"":252,""weight_decay"":0.0001,""window_stride"":5}",5.15.0,cpu
2019-12-05,2019-12-05,2018-12-04,2018-12-06,2019-12-05,2018-12-04,96.56156921386719,54.27740478515625,252,21,7,20,5,1248,47,9,4,True,0.047599416226148605,4.549168600002304,0.001028000027872622,19540,True,True,,,PatchTST-HF-supervised-v1,"{""batch_size"":64,""context_length"":252,""d_model"":32,""dropout"":0.1,""ffn_dim"":64,""learning_rate"":0.001,""max_epochs"":30,""min_delta"":0.0001,""num_attention_heads"":4,""num_hidden_layers"":2,""patch_length"":21,""patch_stride"":7,""patience"":5,""prediction_length"":20,""seed"":2026,""validation_points"":252,""weight_decay"":0.0001,""window_stride"":5}",5.15.0,cpu
2019-12-12,2019-12-12,2018-12-12,2018-12-13,2019-12-12,2018-12-12,96.6686019897461,54.39392852783203,252,21,7,20,5,1249,47,13,8,True,0.0414353646337986,6.337777400040068,0.0010911000426858664,19540,True,True,,,PatchTST-HF-supervised-v1,"{""batch_size"":64,""context_length"":252,""d_model"":32,""dropout"":0.1,""ffn_dim"":64,""learning_rate"":0.001,""max_epochs"":30,""min_delta"":0.0001,""num_attention_heads"":4,""num_hidden_layers"":2,""patch_length"":21,""patch_stride"":7,""patience"":5,""prediction_length"":20,""seed"":2026,""validation_points"":252,""weight_decay"":0.0001,""window_stride"":5}",5.15.0,cpu
2019-12-19,2019-12-19,2018-12-19,2018-12-20,2019-12-19,2018-12-19,96.77008819580078,54.49648666381836,252,21,7,20,5,1250,47,15,10,True,0.036285463720560074,7.568692900007591,0.001086799893528223,19540,True,True,,,PatchTST-HF-supervised-v1,"{""batch_size"":64,""context_length"":252,""d_model"":32,""dropout"":0.1,""ffn_dim"":64,""learning_rate"":0.001,""max_epochs"":30,""min_delta"":0.0001,""num_attention_heads"":4,""num_hidden_layers"":2,""patch_length"":21,""patch_stride"":7,""patience"":5,""prediction_length"":20,""seed"":2026,""validation_points"":252,""weight_decay"":0.0001,""window_stride"":5}",5.15.0,cpu
2019-12-27,2019-12-27,2018-12-27,2018-12-28,2019-12-27,2018-12-27,96.86250305175781,54.577884674072266,252,21,7,20,5,1251,47,18,13,True,0.030321933329105377,9.083031399990432,0.0013050000416114926,19540,True,True,,,PatchTST-HF-supervised-v1,"{""batch_size"":64,""context_length"":252,""d_model"":32,""dropout"":0.1,""ffn_dim"":64,""learning_rate"":0.001,""max_epochs"":30,""min_delta"":0.0001,""num_attention_heads"":4,""num_hidden_layers"":2,""patch_length"":21,""patch_stride"":7,""patience"":5,""prediction_length"":20,""seed"":2026,""validation_points"":252,""weight_decay"":0.0001,""window_stride"":5}",5.15.0,cpu
2020-01-06,2020-01-06,2019-01-04,2019-01-07,2020-01-06,2019-01-04,96.95880889892578,54.667850494384766,252,21,7,20,5,1252,47,19,14,True,0.026905974373221397,9.609213899937458,0.0010957999620586634,19540,True,True,,,PatchTST-HF-supervised-v1,"{""batch_size"":64,""context_length"":252,""d_model"":32,""dropout"":0.1,""ffn_dim"":64,""learning_rate"":0.001,""max_epochs"":30,""min_delta"":0.0001,""num_attention_heads"":4,""num_hidden_layers"":2,""patch_length"":21,""patch_stride"":7,""patience"":5,""prediction_length"":20,""seed"":2026,""validation_points"":252,""weight_decay"":0.0001,""window_stride"":5}",5.15.0,cpu
2020-01-13,2020-01-13,2019-01-11,2019-01-14,2020-01-13,2019-01-11,97.06077575683594,54.77109146118164,252,21,7,20,5,1253,47,13,8,True,0.0256777536123991,6.420431699953042,0.0010902999201789498,19540,True,True,,,PatchTST-HF-supervised-v1,"{""batch_size"":64,""context_length"":252,""d_model"":32,""dropout"":0.1,""ffn_dim"":64,""learning_rate"":0.001,""max_epochs"":30,""min_delta"":0.0001,""num_attention_heads"":4,""num_hidden_layers"":2,""patch_length"":21,""patch_stride"":7,""patience"":5,""prediction_length"":20,""seed"":2026,""validation_points"":252,""weight_decay"":0.0001,""window_stride"":5}",5.15.0,cpu
2020-01-21,2020-01-21,2019-01-18,2019-01-22,2020-01-21,2019-01-18,97.16549682617188,54.880950927734375,252,21,7,20,5,1254,47,22,17,True,0.02773638628423214,11.163061500061303,0.0010932000586763024,19540,True,True,,,PatchTST-HF-supervised-v1,"{""batch_size"":64,""context_length"":252,""d_model"":32,""dropout"":0.1,""ffn_dim"":64,""learning_rate"":0.001,""max_epochs"":30,""min_delta"":0.0001,""num_attention_heads"":4,""num_hidden_layers"":2,""patch_length"":21,""patch_stride"":7,""patience"":5,""prediction_length"":20,""seed"":2026,""validation_points"":252,""weight_decay"":0.0001,""window_stride"":5}",5.15.0,cpu
2020-01-28,2020-01-28,2019-01-28,2019-01-29,2020-01-28,2019-01-28,97.27159118652344,54.994014739990234,252,21,7,20,5,1255,47,16,11,True,0.027094367891550064,7.907011899980716,0.0011123999720439315,19540,True,True,,,PatchTST-HF-supervised-v1,"{""batch_size"":64,""context_length"":252,""d_model"":32,""dropout"":0.1,""ffn_dim"":64,""learning_rate"":0.001,""max_epochs"":30,""min_delta"":0.0001,""num_attention_heads"":4,""num_hidden_layers"":2,""patch_length"":21,""patch_stride"":7,""patience"":5,""prediction_length"":20,""seed"":2026,""validation_points"":252,""weight_decay"":0.0001,""window_stride"":5}",5.15.0,cpu
2020-02-04,2020-02-04,2019-02-04,2019-02-05,2020-02-04,2019-02-04,97.3807373046875,55.11473846435547,252,21,7,20,5,1256,47,20,15,True,0.025534631684422493,10.060718700056896,0.0011068000458180904,19540,True,True,,,PatchTST-HF-supervised-v1,"{""batch_size"":64,""context_length"":252,""d_model"":32,""dropout"":0.1,""ffn_dim"":64,""learning_rate"":0.001,""max_epochs"":30,""min_delta"":0.0001,""num_attention_heads"":4,""num_hidden_layers"":2,""patch_length"":21,""patch_stride"":7,""patience"":5,""prediction_length"":20,""seed"":2026,""validation_points"":252,""weight_decay"":0.0001,""window_stride"":5}",5.15.0,cpu
2020-02-11,2020-02-11,2019-02-11,2019-02-12,2020-02-11,2019-02-11,97.49163055419922,55.23979187011719,252,21,7,20,5,1257,47,17,12,True,0.03235279396176338,8.474782700068317,0.0012558000162243843,19540,True,True,,,PatchTST-HF-supervised-v1,"{""batch_size"":64,""context_length"":252,""d_model"":32,""dropout"":0.1,""ffn_dim"":64,""learning_rate"":0.001,""max_epochs"":30,""min_delta"":0.0001,""num_attention_heads"":4,""num_hidden_layers"":2,""patch_length"":21,""patch_stride"":7,""patience"":5,""prediction_length"":20,""seed"":2026,""validation_points"":252,""weight_decay"":0.0001,""window_stride"":5}",5.15.0,cpu
2020-02-19,2020-02-19,2019-02-19,2019-02-20,2020-02-19,2019-02-19,97.60531616210938,55.37199020385742,252,21,7,20,5,1258,47,16,11,True,0.03428937867283821,8.181230999995023,0.001114599988795817,19540,True,True,,,PatchTST-HF-supervised-v1,"{""batch_size"":64,""context_length"":252,""d_model"":32,""dropout"":0.1,""ffn_dim"":64,""learning_rate"":0.001,""max_epochs"":30,""min_delta"":0.0001,""num_attention_heads"":4,""num_hidden_layers"":2,""patch_length"":21,""patch_stride"":7,""patience"":5,""prediction_length"":20,""seed"":2026,""validation_points"":252,""weight_decay"":0.0001,""window_stride"":5}",5.15.0,cpu
2020-02-26,2020-02-26,2019-02-26,2019-02-27,2020-02-26,2019-02-26,97.72089385986328,55.509002685546875,252,21,7,20,5,1259,47,12,7,True,0.057685595005750656,6.103731799987145,0.0010804999619722366,19540,True,True,,,PatchTST-HF-supervised-v1,"{""batch_size"":64,""context_length"":252,""d_model"":32,""dropout"":0.1,""ffn_dim"":64,""learning_rate"":0.001,""max_epochs"":30,""min_delta"":0.0001,""num_attention_heads"":4,""num_hidden_layers"":2,""patch_length"":21,""patch_stride"":7,""patience"":5,""prediction_length"":20,""seed"":2026,""validation_points"":252,""weight_decay"":0.0001,""window_stride"":5}",5.15.0,cpu
2020-03-04,2020-03-04,2019-03-05,2019-03-06,2020-03-04,2019-03-05,97.83667755126953,55.64631652832031,252,21,7,20,5,1260,47,12,7,True,0.04619342461228371,5.942650499986485,0.0010878000175580382,19540,True,True,,,PatchTST-HF-supervised-v1,"{""batch_size"":64,""context_length"":252,""d_model"":32,""dropout"":0.1,""ffn_dim"":64,""learning_rate"":0.001,""max_epochs"":30,""min_delta"":0.0001,""num_attention_heads"":4,""num_hidden_layers"":2,""patch_length"":21,""patch_stride"":7,""patience"":5,""prediction_length"":20,""seed"":2026,""validation_points"":252,""weight_decay"":0.0001,""window_stride"":5}",5.15.0,cpu
2020-03-11,2020-03-11,2019-03-12,2019-03-13,2020-03-11,2019-03-12,97.95067596435547,55.77845001220703,252,21,7,20,5,1261,47,13,8,True,0.05635082349181175,6.622272299951874,0.0011226000497117639,19540,True,True,,,PatchTST-HF-supervised-v1,"{""batch_size"":64,""context_length"":252,""d_model"":32,""dropout"":0.1,""ffn_dim"":64,""learning_rate"":0.001,""max_epochs"":30,""min_delta"":0.0001,""num_attention_heads"":4,""num_hidden_layers"":2,""patch_length"":21,""patch_stride"":7,""patience"":5,""prediction_length"":20,""seed"":2026,""validation_points"":252,""weight_decay"":0.0001,""window_stride"":5}",5.15.0,cpu
2020-03-18,2020-03-18,2019-03-19,2019-03-20,2020-03-18,2019-03-19,98.06822967529297,55.92000961303711,252,21,7,20,5,1262,47,20,15,True,0.040477074682712555,10.028426800039597,0.0013246999587863684,19540,True,True,,,PatchTST-HF-supervised-v1,"{""batch_size"":64,""context_length"":252,""d_model"":32,""dropout"":0.1,""ffn_dim"":64,""learning_rate"":0.001,""max_epochs"":30,""min_delta"":0.0001,""num_attention_heads"":4,""num_hidden_layers"":2,""patch_length"":21,""patch_stride"":7,""patience"":5,""prediction_length"":20,""seed"":2026,""validation_points"":252,""weight_decay"":0.0001,""window_stride"":5}",5.15.0,cpu
2020-03-25,2020-03-25,2019-03-26,2019-03-27,2020-03-25,2019-03-26,98.18555450439453,56.06062698364258,252,21,7,20,5,1263,47,12,7,True,0.06990218907594681,6.016300400020555,0.0010941000655293465,19540,True,True,,,PatchTST-HF-supervised-v1,"{""batch_size"":64,""context_length"":252,""d_model"":32,""dropout"":0.1,""ffn_dim"":64,""learning_rate"":0.001,""max_epochs"":30,""min_delta"":0.0001,""num_attention_heads"":4,""num_hidden_layers"":2,""patch_length"":21,""patch_stride"":7,""patience"":5,""prediction_length"":20,""seed"":2026,""validation_points"":252,""weight_decay"":0.0001,""window_stride"":5}",5.15.0,cpu
2020-04-01,2020-04-01,2019-04-02,2019-04-03,2020-04-01,2019-04-02,98.30391693115234,56.20380783081055,252,21,7,20,5,1264,47,18,13,True,0.08839971572160721,9.082255300018005,0.001298599992878735,19540,True,True,,,PatchTST-HF-supervised-v1,"{""batch_size"":64,""context_length"":252,""d_model"":32,""dropout"":0.1,""ffn_dim"":64,""learning_rate"":0.001,""max_epochs"":30,""min_delta"":0.0001,""num_attention_heads"":4,""num_hidden_layers"":2,""patch_length"":21,""patch_stride"":7,""patience"":5,""prediction_length"":20,""seed"":2026,""validation_points"":252,""weight_decay"":0.0001,""window_stride"":5}",5.15.0,cpu
2020-04-08,2020-04-08,2019-04-09,2019-04-10,2020-04-08,2019-04-09,98.42532348632812,56.35515594482422,252,21,7,20,5,1265,47,16,11,True,0.10251592844724655,8.655657000024803,0.0013371000532060862,19540,True,True,,,PatchTST-HF-supervised-v1,"{""batch_size"":64,""context_length"":252,""d_model"":32,""dropout"":0.1,""ffn_dim"":64,""learning_rate"":0.001,""max_epochs"":30,""min_delta"":0.0001,""num_attention_heads"":4,""num_hidden_layers"":2,""patch_length"":21,""patch_stride"":7,""patience"":5,""prediction_length"":20,""seed"":2026,""validation_points"":252,""weight_decay"":0.0001,""window_stride"":5}",5.15.0,cpu
2020-04-16,2020-04-16,2019-04-16,2019-04-17,2020-04-16,2019-04-16,98.54769897460938,56.5089111328125,252,21,7,20,5,1266,47,16,11,True,0.12459883838891983,8.135663700057194,0.0010814000852406025,19540,True,True,,,PatchTST-HF-supervised-v1,"{""batch_size"":64,""context_length"":252,""d_model"":32,""dropout"":0.1,""ffn_dim"":64,""learning_rate"":0.001,""max_epochs"":30,""min_delta"":0.0001,""num_attention_heads"":4,""num_hidden_layers"":2,""patch_length"":21,""patch_stride"":7,""patience"":5,""prediction_length"":20,""seed"":2026,""validation_points"":252,""weight_decay"":0.0001,""window_stride"":5}",5.15.0,cpu
2020-04-23,2020-04-23,2019-04-24,2019-04-25,2020-04-23,2019-04-24,98.6709976196289,56.66489028930664,252,21,7,20,5,1267,47,10,5,True,0.13791126012802124,5.112888099974953,0.0019815999548882246,19540,True,True,,,PatchTST-HF-supervised-v1,"{""batch_size"":64,""context_length"":252,""d_model"":32,""dropout"":0.1,""ffn_dim"":64,""learning_rate"":0.001,""max_epochs"":30,""min_delta"":0.0001,""num_attention_heads"":4,""num_hidden_layers"":2,""patch_length"":21,""patch_stride"":7,""patience"":5,""prediction_length"":20,""seed"":2026,""validation_points"":252,""weight_decay"":0.0001,""window_stride"":5}",5.15.0,cpu
2020-04-30,2020-04-30,2019-05-01,2019-05-02,2020-04-30,2019-05-01,98.7955093383789,56.82396697998047,252,21,7,20,5,1268,47,17,12,True,0.14164599776268005,8.665463999961503,0.001076800050213933,19540,True,True,,,PatchTST-HF-supervised-v1,"{""batch_size"":64,""context_length"":252,""d_model"":32,""dropout"":0.1,""ffn_dim"":64,""learning_rate"":0.001,""max_epochs"":30,""min_delta"":0.0001,""num_attention_heads"":4,""num_hidden_layers"":2,""patch_length"":21,""patch_stride"":7,""patience"":5,""prediction_length"":20,""seed"":2026,""validation_points"":252,""weight_decay"":0.0001,""window_stride"":5}",5.15.0,cpu
2020-05-07,2020-05-07,2019-05-08,2019-05-09,2020-05-07,2019-05-08,98.9182357788086,56.977577209472656,252,21,7,20,5,1269,47,20,15,True,0.14499807357788086,10.348774200072512,0.001311299973167479,19540,True,True,,,PatchTST-HF-supervised-v1,"{""batch_size"":64,""context_length"":252,""d_model"":32,""dropout"":0.1,""ffn_dim"":64,""learning_rate"":0.001,""max_epochs"":30,""min_delta"":0.0001,""num_attention_heads"":4,""num_hidden_layers"":2,""patch_length"":21,""patch_stride"":7,""patience"":5,""prediction_length"":20,""seed"":2026,""validation_points"":252,""weight_decay"":0.0001,""window_stride"":5}",5.15.0,cpu
2020-05-14,2020-05-14,2019-05-15,2019-05-16,2020-05-14,2019-05-15,99.03679656982422,57.11913299560547,252,21,7,20,5,1270,47,10,5,True,0.14731115102767944,5.09717549989,0.0013131999876350164,19540,True,True,,,PatchTST-HF-supervised-v1,"{""batch_size"":64,""context_length"":252,""d_model"":32,""dropout"":0.1,""ffn_dim"":64,""learning_rate"":0.001,""max_epochs"":30,""min_delta"":0.0001,""num_attention_heads"":4,""num_hidden_layers"":2,""patch_length"":21,""patch_stride"":7,""patience"":5,""prediction_length"":20,""seed"":2026,""validation_points"":252,""weight_decay"":0.0001,""window_stride"":5}",5.15.0,cpu
2020-05-21,2020-05-21,2019-05-22,2019-05-23,2020-05-21,2019-05-22,99.15592956542969,57.261924743652344,252,21,7,20,5,1271,47,12,7,True,0.14849422872066498,6.051305300090462,0.00113769993185997,19540,True,True,,,PatchTST-HF-supervised-v1,"{""batch_size"":64,""context_length"":252,""d_model"":32,""dropout"":0.1,""ffn_dim"":64,""learning_rate"":0.001,""max_epochs"":30,""min_delta"":0.0001,""num_attention_heads"":4,""num_hidden_layers"":2,""patch_length"":21,""patch_stride"":7,""patience"":5,""prediction_length"":20,""seed"":2026,""validation_points"":252,""weight_decay"":0.0001,""window_stride"":5}",5.15.0,cpu
2020-05-29,2020-05-29,2019-05-30,2019-05-31,2020-05-29,2019-05-30,99.27118682861328,57.3939208984375,252,21,7,20,5,1272,47,12,7,True,0.15234829485416412,6.1670556999742985,0.0011603999882936478,19540,True,True,,,PatchTST-HF-supervised-v1,"{""batch_size"":64,""context_length"":252,""d_model"":32,""dropout"":0.1,""ffn_dim"":64,""learning_rate"":0.001,""max_epochs"":30,""min_delta"":0.0001,""num_attention_heads"":4,""num_hidden_layers"":2,""patch_length"":21,""patch_stride"":7,""patience"":5,""prediction_length"":20,""seed"":2026,""validation_points"":252,""weight_decay"":0.0001,""window_stride"":5}",5.15.0,cpu
2020-06-05,2020-06-05,2019-06-06,2019-06-07,2020-06-05,2019-06-06,99.38569641113281,57.52373504638672,252,21,7,20,5,1273,47,12,7,True,0.1515273004770279,6.12235670001246,0.0013203999260440469,19540,True,True,,,PatchTST-HF-supervised-v1,"{""batch_size"":64,""context_length"":252,""d_model"":32,""dropout"":0.1,""ffn_dim"":64,""learning_rate"":0.001,""max_epochs"":30,""min_delta"":0.0001,""num_attention_heads"":4,""num_hidden_layers"":2,""patch_length"":21,""patch_stride"":7,""patience"":5,""prediction_length"":20,""seed"":2026,""validation_points"":252,""weight_decay"":0.0001,""window_stride"":5}",5.15.0,cpu
2020-06-12,2020-06-12,2019-06-13,2019-06-14,2020-06-12,2019-06-13,99.50617218017578,57.66933822631836,252,21,7,20,5,1274,47,12,7,True,0.149762362241745,6.208942799945362,0.001154799945652485,19540,True,True,,,PatchTST-HF-supervised-v1,"{""batch_size"":64,""context_length"":252,""d_model"":32,""dropout"":0.1,""ffn_dim"":64,""learning_rate"":0.001,""max_epochs"":30,""min_delta"":0.0001,""num_attention_heads"":4,""num_hidden_layers"":2,""patch_length"":21,""patch_stride"":7,""patience"":5,""prediction_length"":20,""seed"":2026,""validation_points"":252,""weight_decay"":0.0001,""window_stride"":5}",5.15.0,cpu
2020-06-19,2020-06-19,2019-06-20,2019-06-21,2020-06-19,2019-06-20,99.62869262695312,57.82033920288086,252,21,7,20,5,1275,47,12,7,True,0.1503247320652008,6.14497919997666,0.0012390000047162175,19540,True,True,,,PatchTST-HF-supervised-v1,"{""batch_size"":64,""context_length"":252,""d_model"":32,""dropout"":0.1,""ffn_dim"":64,""learning_rate"":0.001,""max_epochs"":30,""min_delta"":0.0001,""num_attention_heads"":4,""num_hidden_layers"":2,""patch_length"":21,""patch_stride"":7,""patience"":5,""prediction_length"":20,""seed"":2026,""validation_points"":252,""weight_decay"":0.0001,""window_stride"":5}",5.15.0,cpu
2020-06-26,2020-06-26,2019-06-27,2019-06-28,2020-06-26,2019-06-27,99.75203704833984,57.97330856323242,252,21,7,20,5,1276,47,17,12,True,0.14976511895656586,8.904671599972062,0.001185299945063889,19540,True,True,,,PatchTST-HF-supervised-v1,"{""batch_size"":64,""context_length"":252,""d_model"":32,""dropout"":0.1,""ffn_dim"":64,""learning_rate"":0.001,""max_epochs"":30,""min_delta"":0.0001,""num_attention_heads"":4,""num_hidden_layers"":2,""patch_length"":21,""patch_stride"":7,""patience"":5,""prediction_length"":20,""seed"":2026,""validation_points"":252,""weight_decay"":0.0001,""window_stride"":5}",5.15.0,cpu
2020-07-06,2020-07-06,2019-07-05,2019-07-08,2020-07-06,2019-07-05,99.87818908691406,58.13390350341797,252,21,7,20,5,1277,47,13,8,True,0.14779724180698395,6.84360210003797,0.0010959000792354345,19540,True,True,,,PatchTST-HF-supervised-v1,"{""batch_size"":64,""context_length"":252,""d_model"":32,""dropout"":0.1,""ffn_dim"":64,""learning_rate"":0.001,""max_epochs"":30,""min_delta"":0.0001,""num_attention_heads"":4,""num_hidden_layers"":2,""patch_length"":21,""patch_stride"":7,""patience"":5,""prediction_length"":20,""seed"":2026,""validation_points"":252,""weight_decay"":0.0001,""window_stride"":5}",5.15.0,cpu
2020-07-13,2020-07-13,2019-07-12,2019-07-15,2020-07-13,2019-07-12,100.00553894042969,58.29753112792969,252,21,7,20,5,1278,47,15,10,True,0.14780566096305847,7.730972700053826,0.001792500028386712,19540,True,True,,,PatchTST-HF-supervised-v1,"{""batch_size"":64,""context_length"":252,""d_model"":32,""dropout"":0.1,""ffn_dim"":64,""learning_rate"":0.001,""max_epochs"":30,""min_delta"":0.0001,""num_attention_heads"":4,""num_hidden_layers"":2,""patch_length"":21,""patch_stride"":7,""patience"":5,""prediction_length"":20,""seed"":2026,""validation_points"":252,""weight_decay"":0.0001,""window_stride"":5}",5.15.0,cpu
2020-07-20,2020-07-20,2019-07-19,2019-07-22,2020-07-20,2019-07-19,100.1329345703125,58.46084976196289,252,21,7,20,5,1279,47,12,7,True,0.14597930014133453,6.15644140006043,0.0013268999755382538,19540,True,True,,,PatchTST-HF-supervised-v1,"{""batch_size"":64,""context_length"":252,""d_model"":32,""dropout"":0.1,""ffn_dim"":64,""learning_rate"":0.001,""max_epochs"":30,""min_delta"":0.0001,""num_attention_heads"":4,""num_hidden_layers"":2,""patch_length"":21,""patch_stride"":7,""patience"":5,""prediction_length"":20,""seed"":2026,""validation_points"":252,""weight_decay"":0.0001,""window_stride"":5}",5.15.0,cpu
2020-07-27,2020-07-27,2019-07-26,2019-07-29,2020-07-27,2019-07-26,100.26107025146484,58.6259880065918,252,21,7,20,5,1280,47,15,10,True,0.145402193069458,7.719558599987067,0.0012515999842435122,19540,True,True,,,PatchTST-HF-supervised-v1,"{""batch_size"":64,""context_length"":252,""d_model"":32,""dropout"":0.1,""ffn_dim"":64,""learning_rate"":0.001,""max_epochs"":30,""min_delta"":0.0001,""num_attention_heads"":4,""num_hidden_layers"":2,""patch_length"":21,""patch_stride"":7,""patience"":5,""prediction_length"":20,""seed"":2026,""validation_points"":252,""weight_decay"":0.0001,""window_stride"":5}",5.15.0,cpu
2020-08-03,2020-08-03,2019-08-02,2019-08-05,2020-08-03,2019-08-02,100.3871078491211,58.78460693359375,252,21,7,20,5,1281,47,11,6,True,0.14532126486301422,5.6116133000468835,0.0012638999614864588,19540,True,True,,,PatchTST-HF-supervised-v1,"{""batch_size"":64,""context_length"":252,""d_model"":32,""dropout"":0.1,""ffn_dim"":64,""learning_rate"":0.001,""max_epochs"":30,""min_delta"":0.0001,""num_attention_heads"":4,""num_hidden_layers"":2,""patch_length"":21,""patch_stride"":7,""patience"":5,""prediction_length"":20,""seed"":2026,""validation_points"":252,""weight_decay"":0.0001,""window_stride"":5}",5.15.0,cpu
2020-08-10,2020-08-10,2019-08-09,2019-08-12,2020-08-10,2019-08-09,100.50723266601562,58.926387786865234,252,21,7,20,5,1282,47,15,10,True,0.14652585983276367,7.868762800004333,0.0016238999087363482,19540,True,True,,,PatchTST-HF-supervised-v1,"{""batch_size"":64,""context_length"":252,""d_model"":32,""dropout"":0.1,""ffn_dim"":64,""learning_rate"":0.001,""max_epochs"":30,""min_delta"":0.0001,""num_attention_heads"":4,""num_hidden_layers"":2,""patch_length"":21,""patch_stride"":7,""patience"":5,""prediction_length"":20,""seed"":2026,""validation_points"":252,""weight_decay"":0.0001,""window_stride"":5}",5.15.0,cpu
2020-08-17,2020-08-17,2019-08-16,2019-08-19,2020-08-17,2019-08-16,100.62625885009766,59.06488037109375,252,21,7,20,5,1283,47,16,11,True,0.1463652104139328,8.366146399988793,0.0015423999866470695,19540,True,True,,,PatchTST-HF-supervised-v1,"{""batch_size"":64,""context_length"":252,""d_model"":32,""dropout"":0.1,""ffn_dim"":64,""learning_rate"":0.001,""max_epochs"":30,""min_delta"":0.0001,""num_attention_heads"":4,""num_hidden_layers"":2,""patch_length"":21,""patch_stride"":7,""patience"":5,""prediction_length"":20,""seed"":2026,""validation_points"":252,""weight_decay"":0.0001,""window_stride"":5}",5.15.0,cpu
2020-08-24,2020-08-24,2019-08-23,2019-08-26,2020-08-24,2019-08-23,100.74700927734375,59.20772933959961,252,21,7,20,5,1284,47,9,4,True,0.14756855368614197,4.641160099999979,0.001110799959860742,19540,True,True,,,PatchTST-HF-supervised-v1,"{""batch_size"":64,""context_length"":252,""d_model"":32,""dropout"":0.1,""ffn_dim"":64,""learning_rate"":0.001,""max_epochs"":30,""min_delta"":0.0001,""num_attention_heads"":4,""num_hidden_layers"":2,""patch_length"":21,""patch_stride"":7,""patience"":5,""prediction_length"":20,""seed"":2026,""validation_points"":252,""weight_decay"":0.0001,""window_stride"":5}",5.15.0,cpu
2020-08-31,2020-08-31,2019-08-30,2019-09-03,2020-08-31,2019-08-30,100.86714172363281,59.34856033325195,252,21,7,20,5,1285,47,13,8,True,0.1500921994447708,6.78483719995711,0.0013121000956743956,19540,True,True,,,PatchTST-HF-supervised-v1,"{""batch_size"":64,""context_length"":252,""d_model"":32,""dropout"":0.1,""ffn_dim"":64,""learning_rate"":0.001,""max_epochs"":30,""min_delta"":0.0001,""num_attention_heads"":4,""num_hidden_layers"":2,""patch_length"":21,""patch_stride"":7,""patience"":5,""prediction_length"":20,""seed"":2026,""validation_points"":252,""weight_decay"":0.0001,""window_stride"":5}",5.15.0,cpu
2020-09-08,2020-09-08,2019-09-09,2019-09-10,2020-09-08,2019-09-09,100.99114227294922,59.4997444152832,252,21,7,20,5,1286,47,18,13,True,0.1546821892261505,9.45287759997882,0.0011030000168830156,19540,True,True,,,PatchTST-HF-supervised-v1,"{""batch_size"":64,""context_length"":252,""d_model"":32,""dropout"":0.1,""ffn_dim"":64,""learning_rate"":0.001,""max_epochs"":30,""min_delta"":0.0001,""num_attention_heads"":4,""num_hidden_layers"":2,""patch_length"":21,""patch_stride"":7,""patience"":5,""prediction_length"":20,""seed"":2026,""validation_points"":252,""weight_decay"":0.0001,""window_stride"":5}",5.15.0,cpu
2020-09-15,2020-09-15,2019-09-16,2019-09-17,2020-09-15,2019-09-16,101.117919921875,59.658382415771484,252,21,7,20,5,1287,47,14,9,True,0.15749730169773102,7.343731199973263,0.0011059000389650464,19540,True,True,,,PatchTST-HF-supervised-v1,"{""batch_size"":64,""context_length"":252,""d_model"":32,""dropout"":0.1,""ffn_dim"":64,""learning_rate"":0.001,""max_epochs"":30,""min_delta"":0.0001,""num_attention_heads"":4,""num_hidden_layers"":2,""patch_length"":21,""patch_stride"":7,""patience"":5,""prediction_length"":20,""seed"":2026,""validation_points"":252,""weight_decay"":0.0001,""window_stride"":5}",5.15.0,cpu
2020-09-22,2020-09-22,2019-09-23,2019-09-24,2020-09-22,2019-09-23,101.24469757080078,59.81664276123047,252,21,7,20,5,1288,47,15,10,True,0.15970920026302338,7.877208799938671,0.0011085000587627292,19540,True,True,,,PatchTST-HF-supervised-v1,"{""batch_size"":64,""context_length"":252,""d_model"":32,""dropout"":0.1,""ffn_dim"":64,""learning_rate"":0.001,""max_epochs"":30,""min_delta"":0.0001,""num_attention_heads"":4,""num_hidden_layers"":2,""patch_length"":21,""patch_stride"":7,""patience"":5,""prediction_length"":20,""seed"":2026,""validation_points"":252,""weight_decay"":0.0001,""window_stride"":5}",5.15.0,cpu
2020-09-29,2020-09-29,2019-09-30,2019-10-01,2020-09-29,2019-09-30,101.36957550048828,59.9691276550293,252,21,7,20,5,1289,47,17,12,True,0.1620177924633026,8.876871399930678,0.0013003000058233738,19540,True,True,,,PatchTST-HF-supervised-v1,"{""batch_size"":64,""context_length"":252,""d_model"":32,""dropout"":0.1,""ffn_dim"":64,""learning_rate"":0.001,""max_epochs"":30,""min_delta"":0.0001,""num_attention_heads"":4,""num_hidden_layers"":2,""patch_length"":21,""patch_stride"":7,""patience"":5,""prediction_length"":20,""seed"":2026,""validation_points"":252,""weight_decay"":0.0001,""window_stride"":5}",5.15.0,cpu
2020-10-06,2020-10-06,2019-10-07,2019-10-08,2020-10-06,2019-10-07,101.4910888671875,60.112037658691406,252,21,7,20,5,1290,47,15,10,True,0.163694366812706,8.316131000057794,0.0011260000756010413,19540,True,True,,,PatchTST-HF-supervised-v1,"{""batch_size"":64,""context_length"":252,""d_model"":32,""dropout"":0.1,""ffn_dim"":64,""learning_rate"":0.001,""max_epochs"":30,""min_delta"":0.0001,""num_attention_heads"":4,""num_hidden_layers"":2,""patch_length"":21,""patch_stride"":7,""patience"":5,""prediction_length"":20,""seed"":2026,""validation_points"":252,""weight_decay"":0.0001,""window_stride"":5}",5.15.0,cpu
2020-10-13,2020-10-13,2019-10-14,2019-10-15,2020-10-13,2019-10-14,101.61325073242188,60.256404876708984,252,21,7,20,5,1291,47,14,9,True,0.16357187926769257,7.553922799997963,0.001127400086261332,19540,True,True,,,PatchTST-HF-supervised-v1,"{""batch_size"":64,""context_length"":252,""d_model"":32,""dropout"":0.1,""ffn_dim"":64,""learning_rate"":0.001,""max_epochs"":30,""min_delta"":0.0001,""num_attention_heads"":4,""num_hidden_layers"":2,""patch_length"":21,""patch_stride"":7,""patience"":5,""prediction_length"":20,""seed"":2026,""validation_points"":252,""weight_decay"":0.0001,""window_stride"":5}",5.15.0,cpu
2020-10-20,2020-10-20,2019-10-21,2019-10-22,2020-10-20,2019-10-21,101.73916625976562,60.41081619262695,252,21,7,20,5,1292,47,14,9,True,0.16317398846149445,7.386867200024426,0.0010807999642565846,19540,True,True,,,PatchTST-HF-supervised-v1,"{""batch_size"":64,""context_length"":252,""d_model"":32,""dropout"":0.1,""ffn_dim"":64,""learning_rate"":0.001,""max_epochs"":30,""min_delta"":0.0001,""num_attention_heads"":4,""num_hidden_layers"":2,""patch_length"":21,""patch_stride"":7,""patience"":5,""prediction_length"":20,""seed"":2026,""validation_points"":252,""weight_decay"":0.0001,""window_stride"":5}",5.15.0,cpu
2020-10-27,2020-10-27,2019-10-28,2019-10-29,2020-10-27,2019-10-28,101.86619567871094,60.5679931640625,252,21,7,20,5,1293,47,18,13,True,0.16422975063323975,9.536869500065222,0.001680699991993606,19540,True,True,,,PatchTST-HF-supervised-v1,"{""batch_size"":64,""context_length"":252,""d_model"":32,""dropout"":0.1,""ffn_dim"":64,""learning_rate"":0.001,""max_epochs"":30,""min_delta"":0.0001,""num_attention_heads"":4,""num_hidden_layers"":2,""patch_length"":21,""patch_stride"":7,""patience"":5,""prediction_length"":20,""seed"":2026,""validation_points"":252,""weight_decay"":0.0001,""window_stride"":5}",5.15.0,cpu
2020-11-03,2020-11-03,2019-11-04,2019-11-05,2020-11-03,2019-11-04,101.99573516845703,60.73193359375,252,21,7,20,5,1294,47,17,12,True,0.16401493549346924,9.092451100004837,0.00111109996214509,19540,True,True,,,PatchTST-HF-supervised-v1,"{""batch_size"":64,""context_length"":252,""d_model"":32,""dropout"":0.1,""ffn_dim"":64,""learning_rate"":0.001,""max_epochs"":30,""min_delta"":0.0001,""num_attention_heads"":4,""num_hidden_layers"":2,""patch_length"":21,""patch_stride"":7,""patience"":5,""prediction_length"":20,""seed"":2026,""validation_points"":252,""weight_decay"":0.0001,""window_stride"":5}",5.15.0,cpu
2020-11-10,2020-11-10,2019-11-11,2019-11-12,2020-11-10,2019-11-11,102.12715148925781,60.90088653564453,252,21,7,20,5,1295,47,12,7,True,0.1641480177640915,6.408379000029527,0.001115799997933209,19540,True,True,,,PatchTST-HF-supervised-v1,"{""batch_size"":64,""context_length"":252,""d_model"":32,""dropout"":0.1,""ffn_dim"":64,""learning_rate"":0.001,""max_epochs"":30,""min_delta"":0.0001,""num_attention_heads"":4,""num_hidden_layers"":2,""patch_length"":21,""patch_stride"":7,""patience"":5,""prediction_length"":20,""seed"":2026,""validation_points"":252,""weight_decay"":0.0001,""window_stride"":5}",5.15.0,cpu
2020-11-17,2020-11-17,2019-11-18,2019-11-19,2020-11-17,2019-11-18,102.25996398925781,61.0734977722168,252,21,7,20,5,1296,47,14,9,True,0.1657327562570572,7.619355899980292,0.0010877999011427164,19540,True,True,,,PatchTST-HF-supervised-v1,"{""batch_size"":64,""context_length"":252,""d_model"":32,""dropout"":0.1,""ffn_dim"":64,""learning_rate"":0.001,""max_epochs"":30,""min_delta"":0.0001,""num_attention_heads"":4,""num_hidden_layers"":2,""patch_length"":21,""patch_stride"":7,""patience"":5,""prediction_length"":20,""seed"":2026,""validation_points"":252,""weight_decay"":0.0001,""window_stride"":5}",5.15.0,cpu
2020-11-24,2020-11-24,2019-11-25,2019-11-26,2020-11-24,2019-11-25,102.39337158203125,61.247371673583984,252,21,7,20,5,1297,47,13,8,True,0.17248167097568512,6.894697399926372,0.00117790000513196,19540,True,True,,,PatchTST-HF-supervised-v1,"{""batch_size"":64,""context_length"":252,""d_model"":32,""dropout"":0.1,""ffn_dim"":64,""learning_rate"":0.001,""max_epochs"":30,""min_delta"":0.0001,""num_attention_heads"":4,""num_hidden_layers"":2,""patch_length"":21,""patch_stride"":7,""patience"":5,""prediction_length"":20,""seed"":2026,""validation_points"":252,""weight_decay"":0.0001,""window_stride"":5}",5.15.0,cpu
2020-12-02,2020-12-02,2019-12-03,2019-12-04,2020-12-02,2019-12-03,102.52760314941406,61.42328643798828,252,21,7,20,5,1298,47,15,10,True,0.16693462431430817,8.028694899985567,0.003641999908722937,19540,True,True,,,PatchTST-HF-supervised-v1,"{""batch_size"":64,""context_length"":252,""d_model"":32,""dropout"":0.1,""ffn_dim"":64,""learning_rate"":0.001,""max_epochs"":30,""min_delta"":0.0001,""num_attention_heads"":4,""num_hidden_layers"":2,""patch_length"":21,""patch_stride"":7,""patience"":5,""prediction_length"":20,""seed"":2026,""validation_points"":252,""weight_decay"":0.0001,""window_stride"":5}",5.15.0,cpu
2020-12-09,2020-12-09,2019-12-10,2019-12-11,2020-12-09,2019-12-10,102.6617431640625,61.598411560058594,252,21,7,20,5,1299,47,19,14,True,0.16942833364009857,10.124405200011097,0.0018003000877797604,19540,True,True,,,PatchTST-HF-supervised-v1,"{""batch_size"":64,""context_length"":252,""d_model"":32,""dropout"":0.1,""ffn_dim"":64,""learning_rate"":0.001,""max_epochs"":30,""min_delta"":0.0001,""num_attention_heads"":4,""num_hidden_layers"":2,""patch_length"":21,""patch_stride"":7,""patience"":5,""prediction_length"":20,""seed"":2026,""validation_points"":252,""weight_decay"":0.0001,""window_stride"":5}",5.15.0,cpu
2020-12-16,2020-12-16,2019-12-17,2019-12-18,2020-12-16,2019-12-17,102.79866027832031,61.781314849853516,252,21,7,20,5,1300,47,25,20,True,0.1720239520072937,13.401477799983695,0.0013282999861985445,19540,True,True,,,PatchTST-HF-supervised-v1,"{""batch_size"":64,""context_length"":252,""d_model"":32,""dropout"":0.1,""ffn_dim"":64,""learning_rate"":0.001,""max_epochs"":30,""min_delta"":0.0001,""num_attention_heads"":4,""num_hidden_layers"":2,""patch_length"":21,""patch_stride"":7,""patience"":5,""prediction_length"":20,""seed"":2026,""validation_points"":252,""weight_decay"":0.0001,""window_stride"":5}",5.15.0,cpu
2020-12-23,2020-12-23,2019-12-24,2019-12-26,2020-12-23,2019-12-24,102.93811798095703,61.971370697021484,252,21,7,20,5,1301,47,27,22,True,0.17275184392929077,14.420248699956574,0.0011473000049591064,19540,True,True,,,PatchTST-HF-supervised-v1,"{""batch_size"":64,""context_length"":252,""d_model"":32,""dropout"":0.1,""ffn_dim"":64,""learning_rate"":0.001,""max_epochs"":30,""min_delta"":0.0001,""num_attention_heads"":4,""num_hidden_layers"":2,""patch_length"":21,""patch_stride"":7,""patience"":5,""prediction_length"":20,""seed"":2026,""validation_points"":252,""weight_decay"":0.0001,""window_stride"":5}",5.15.0,cpu
2020-12-31,2020-12-31,2020-01-02,2020-01-03,2020-12-31,2020-01-02,103.07911682128906,62.16561508178711,252,21,7,20,5,1302,47,19,14,True,0.1791112720966339,10.186696500051767,0.0014648999786004424,19540,True,True,,,PatchTST-HF-supervised-v1,"{""batch_size"":64,""context_length"":252,""d_model"":32,""dropout"":0.1,""ffn_dim"":64,""learning_rate"":0.001,""max_epochs"":30,""min_delta"":0.0001,""num_attention_heads"":4,""num_hidden_layers"":2,""patch_length"":21,""patch_stride"":7,""patience"":5,""prediction_length"":20,""seed"":2026,""validation_points"":252,""weight_decay"":0.0001,""window_stride"":5}",5.15.0,cpu
2021-01-08,2021-01-08,2020-01-09,2020-01-10,2021-01-08,2020-01-09,103.22075653076172,62.361244201660156,252,21,7,20,5,1303,47,19,14,True,0.1806887984275818,10.658494399976917,0.0011745999800041318,19540,True,True,,,PatchTST-HF-supervised-v1,"{""batch_size"":64,""context_length"":252,""d_model"":32,""dropout"":0.1,""ffn_dim"":64,""learning_rate"":0.001,""max_epochs"":30,""min_delta"":0.0001,""num_attention_heads"":4,""num_hidden_layers"":2,""patch_length"":21,""patch_stride"":7,""patience"":5,""prediction_length"":20,""seed"":2026,""validation_points"":252,""weight_decay"":0.0001,""window_stride"":5}",5.15.0,cpu
2021-01-15,2021-01-15,2020-01-16,2020-01-17,2021-01-15,2020-01-16,103.36491394042969,62.56411361694336,252,21,7,20,5,1304,47,16,11,True,0.18824046850204468,8.603912299964577,0.0013203999260440469,19540,True,True,,,PatchTST-HF-supervised-v1,"{""batch_size"":64,""context_length"":252,""d_model"":32,""dropout"":0.1,""ffn_dim"":64,""learning_rate"":0.001,""max_epochs"":30,""min_delta"":0.0001,""num_attention_heads"":4,""num_hidden_layers"":2,""patch_length"":21,""patch_stride"":7,""patience"":5,""prediction_length"":20,""seed"":2026,""validation_points"":252,""weight_decay"":0.0001,""window_stride"":5}",5.15.0,cpu
2021-01-25,2021-01-25,2020-01-24,2020-01-27,2021-01-25,2020-01-24,103.51084899902344,62.771949768066406,252,21,7,20,5,1305,47,15,10,True,0.18967290222644806,8.051461099996231,0.0013442999916151166,19540,True,True,,,PatchTST-HF-supervised-v1,"{""batch_size"":64,""context_length"":252,""d_model"":32,""dropout"":0.1,""ffn_dim"":64,""learning_rate"":0.001,""max_epochs"":30,""min_delta"":0.0001,""num_attention_heads"":4,""num_hidden_layers"":2,""patch_length"":21,""patch_stride"":7,""patience"":5,""prediction_length"":20,""seed"":2026,""validation_points"":252,""weight_decay"":0.0001,""window_stride"":5}",5.15.0,cpu
2021-02-01,2021-02-01,2020-01-31,2020-02-03,2021-02-01,2020-01-31,103.6527328491211,62.966548919677734,252,21,7,20,5,1306,47,18,13,True,0.19738025963306427,9.6979056999553,0.0016315000830218196,19540,True,True,,,PatchTST-HF-supervised-v1,"{""batch_size"":64,""context_length"":252,""d_model"":32,""dropout"":0.1,""ffn_dim"":64,""learning_rate"":0.001,""max_epochs"":30,""min_delta"":0.0001,""num_attention_heads"":4,""num_hidden_layers"":2,""patch_length"":21,""patch_stride"":7,""patience"":5,""prediction_length"":20,""seed"":2026,""validation_points"":252,""weight_decay"":0.0001,""window_stride"":5}",5.15.0,cpu
2021-02-08,2021-02-08,2020-02-07,2020-02-10,2021-02-08,2020-02-07,103.79788208007812,63.170654296875,252,21,7,20,5,1307,47,22,17,True,0.19706271588802338,11.796796799986623,0.0017056000651791692,19540,True,True,,,PatchTST-HF-supervised-v1,"{""batch_size"":64,""context_length"":252,""d_model"":32,""dropout"":0.1,""ffn_dim"":64,""learning_rate"":0.001,""max_epochs"":30,""min_delta"":0.0001,""num_attention_heads"":4,""num_hidden_layers"":2,""patch_length"":21,""patch_stride"":7,""patience"":5,""prediction_length"":20,""seed"":2026,""validation_points"":252,""weight_decay"":0.0001,""window_stride"":5}",5.15.0,cpu
2021-02-16,2021-02-16,2020-02-14,2020-02-18,2021-02-16,2020-02-14,103.94677734375,63.38600158691406,252,21,7,20,5,1308,47,30,25,False,0.19712534546852112,15.993234899942763,0.0016019000904634595,19540,True,True,,,PatchTST-HF-supervised-v1,"{""batch_size"":64,""context_length"":252,""d_model"":32,""dropout"":0.1,""ffn_dim"":64,""learning_rate"":0.001,""max_epochs"":30,""min_delta"":0.0001,""num_attention_heads"":4,""num_hidden_layers"":2,""patch_length"":21,""patch_stride"":7,""patience"":5,""prediction_length"":20,""seed"":2026,""validation_points"":252,""weight_decay"":0.0001,""window_stride"":5}",5.15.0,cpu
2021-02-23,2021-02-23,2020-02-24,2020-02-25,2021-02-23,2020-02-24,104.09358215332031,63.59414291381836,252,21,7,20,5,1309,47,21,16,True,0.20274534821510315,11.633202399942093,0.0011708000674843788,19540,True,True,,,PatchTST-HF-supervised-v1,"{""batch_size"":64,""context_length"":252,""d_model"":32,""dropout"":0.1,""ffn_dim"":64,""learning_rate"":0.001,""max_epochs"":30,""min_delta"":0.0001,""num_attention_heads"":4,""num_hidden_layers"":2,""patch_length"":21,""patch_stride"":7,""patience"":5,""prediction_length"":20,""seed"":2026,""validation_points"":252,""weight_decay"":0.0001,""window_stride"":5}",5.15.0,cpu
2021-03-02,2021-03-02,2020-03-02,2020-03-03,2021-03-02,2020-03-02,104.2213363647461,63.74583053588867,252,21,7,20,5,1310,47,13,8,True,0.21786093711853027,6.999494399991818,0.0011824999237433076,19540,True,True,,,PatchTST-HF-supervised-v1,"{""batch_size"":64,""context_length"":252,""d_model"":32,""dropout"":0.1,""ffn_dim"":64,""learning_rate"":0.001,""max_epochs"":30,""min_delta"":0.0001,""num_attention_heads"":4,""num_hidden_layers"":2,""patch_length"":21,""patch_stride"":7,""patience"":5,""prediction_length"":20,""seed"":2026,""validation_points"":252,""weight_decay"":0.0001,""window_stride"":5}",5.15.0,cpu
2021-03-09,2021-03-09,2020-03-09,2020-03-10,2021-03-09,2020-03-09,104.3436050415039,63.883052825927734,252,21,7,20,5,1311,47,22,17,True,0.20299646258354187,11.77125990006607,0.0011304999934509397,19540,True,True,,,PatchTST-HF-supervised-v1,"{""batch_size"":64,""context_length"":252,""d_model"":32,""dropout"":0.1,""ffn_dim"":64,""learning_rate"":0.001,""max_epochs"":30,""min_delta"":0.0001,""num_attention_heads"":4,""num_hidden_layers"":2,""patch_length"":21,""patch_stride"":7,""patience"":5,""prediction_length"":20,""seed"":2026,""validation_points"":252,""weight_decay"":0.0001,""window_stride"":5}",5.15.0,cpu
2021-03-16,2021-03-16,2020-03-16,2020-03-17,2021-03-16,2020-03-16,104.4433822631836,63.96747589111328,252,21,7,20,5,1312,47,17,12,True,0.1821540892124176,9.249006199999712,0.0012260000221431255,19540,True,True,,,PatchTST-HF-supervised-v1,"{""batch_size"":64,""context_length"":252,""d_model"":32,""dropout"":0.1,""ffn_dim"":64,""learning_rate"":0.001,""max_epochs"":30,""min_delta"":0.0001,""num_attention_heads"":4,""num_hidden_layers"":2,""patch_length"":21,""patch_stride"":7,""patience"":5,""prediction_length"":20,""seed"":2026,""validation_points"":252,""weight_decay"":0.0001,""window_stride"":5}",5.15.0,cpu
2021-03-23,2021-03-23,2020-03-23,2020-03-24,2021-03-23,2020-03-23,104.52535247802734,64.01628875732422,252,21,7,20,5,1313,47,18,13,True,0.17390134930610657,9.75249270000495,0.0011317000025883317,19540,True,True,,,PatchTST-HF-supervised-v1,"{""batch_size"":64,""context_length"":252,""d_model"":32,""dropout"":0.1,""ffn_dim"":64,""learning_rate"":0.001,""max_epochs"":30,""min_delta"":0.0001,""num_attention_heads"":4,""num_hidden_layers"":2,""patch_length"":21,""patch_stride"":7,""patience"":5,""prediction_length"":20,""seed"":2026,""validation_points"":252,""weight_decay"":0.0001,""window_stride"":5}",5.15.0,cpu
2021-03-30,2021-03-30,2020-03-30,2020-03-31,2021-03-30,2020-03-30,104.61866760253906,64.08609771728516,252,21,7,20,5,1314,47,25,20,True,0.15859048068523407,13.49043249990791,0.0011184000177308917,19540,True,True,,,PatchTST-HF-supervised-v1,"{""batch_size"":64,""context_length"":252,""d_model"":32,""dropout"":0.1,""ffn_dim"":64,""learning_rate"":0.001,""max_epochs"":30,""min_delta"":0.0001,""num_attention_heads"":4,""num_hidden_layers"":2,""patch_length"":21,""patch_stride"":7,""patience"":5,""prediction_length"":20,""seed"":2026,""validation_points"":252,""weight_decay"":0.0001,""window_stride"":5}",5.15.0,cpu
2021-04-07,2021-04-07,2020-04-06,2020-04-07,2021-04-07,2020-04-06,104.71218872070312,64.15623474121094,252,21,7,20,5,1315,47,16,11,True,0.17855019867420197,8.736390799982473,0.0012251000152900815,19540,True,True,,,PatchTST-HF-supervised-v1,"{""batch_size"":64,""context_length"":252,""d_model"":32,""dropout"":0.1,""ffn_dim"":64,""learning_rate"":0.001,""max_epochs"":30,""min_delta"":0.0001,""num_attention_heads"":4,""num_hidden_layers"":2,""patch_length"":21,""patch_stride"":7,""patience"":5,""prediction_length"":20,""seed"":2026,""validation_points"":252,""weight_decay"":0.0001,""window_stride"":5}",5.15.0,cpu
2021-04-14,2021-04-14,2020-04-14,2020-04-15,2021-04-14,2020-04-14,104.82002258300781,64.25701904296875,252,21,7,20,5,1316,47,30,26,False,0.14601939916610718,16.328449600026943,0.0012929999502375722,19540,True,True,,,PatchTST-HF-supervised-v1,"{""batch_size"":64,""context_length"":252,""d_model"":32,""dropout"":0.1,""ffn_dim"":64,""learning_rate"":0.001,""max_epochs"":30,""min_delta"":0.0001,""num_attention_heads"":4,""num_hidden_layers"":2,""patch_length"":21,""patch_stride"":7,""patience"":5,""prediction_length"":20,""seed"":2026,""validation_points"":252,""weight_decay"":0.0001,""window_stride"":5}",5.15.0,cpu
2021-04-21,2021-04-21,2020-04-21,2020-04-22,2021-04-21,2020-04-21,104.93055725097656,64.36385345458984,252,21,7,20,5,1317,47,12,7,True,0.2742983102798462,6.621400199946947,0.0012127000372856855,19540,True,True,,,PatchTST-HF-supervised-v1,"{""batch_size"":64,""context_length"":252,""d_model"":32,""dropout"":0.1,""ffn_dim"":64,""learning_rate"":0.001,""max_epochs"":30,""min_delta"":0.0001,""num_attention_heads"":4,""num_hidden_layers"":2,""patch_length"":21,""patch_stride"":7,""patience"":5,""prediction_length"":20,""seed"":2026,""validation_points"":252,""weight_decay"":0.0001,""window_stride"":5}",5.15.0,cpu
2021-04-28,2021-04-28,2020-04-28,2020-04-29,2021-04-28,2020-04-28,105.04302978515625,64.47512817382812,252,21,7,20,5,1318,47,19,14,True,0.20793412625789642,10.210113100009039,0.0012347000883892179,19540,True,True,,,PatchTST-HF-supervised-v1,"{""batch_size"":64,""context_length"":252,""d_model"":32,""dropout"":0.1,""ffn_dim"":64,""learning_rate"":0.001,""max_epochs"":30,""min_delta"":0.0001,""num_attention_heads"":4,""num_hidden_layers"":2,""patch_length"":21,""patch_stride"":7,""patience"":5,""prediction_length"":20,""seed"":2026,""validation_points"":252,""weight_decay"":0.0001,""window_stride"":5}",5.15.0,cpu
2021-05-05,2021-05-05,2020-05-05,2020-05-06,2021-05-05,2020-05-05,105.15833282470703,64.59308624267578,252,21,7,20,5,1319,47,20,15,True,0.20406828820705414,10.693140899995342,0.0011434999760240316,19540,True,True,,,PatchTST-HF-supervised-v1,"{""batch_size"":64,""context_length"":252,""d_model"":32,""dropout"":0.1,""ffn_dim"":64,""learning_rate"":0.001,""max_epochs"":30,""min_delta"":0.0001,""num_attention_heads"":4,""num_hidden_layers"":2,""patch_length"":21,""patch_stride"":7,""patience"":5,""prediction_length"":20,""seed"":2026,""validation_points"":252,""weight_decay"":0.0001,""window_stride"":5}",5.15.0,cpu
2021-05-12,2021-05-12,2020-05-12,2020-05-13,2021-05-12,2020-05-12,105.27444458007812,64.71282196044922,252,21,7,20,5,1320,47,15,10,True,0.2794385850429535,8.11997599992901,0.001297699986025691,19540,True,True,,,PatchTST-HF-supervised-v1,"{""batch_size"":64,""context_length"":252,""d_model"":32,""dropout"":0.1,""ffn_dim"":64,""learning_rate"":0.001,""max_epochs"":30,""min_delta"":0.0001,""num_attention_heads"":4,""num_hidden_layers"":2,""patch_length"":21,""patch_stride"":7,""patience"":5,""prediction_length"":20,""seed"":2026,""validation_points"":252,""weight_decay"":0.0001,""window_stride"":5}",5.15.0,cpu
2021-05-19,2021-05-19,2020-05-19,2020-05-20,2021-05-19,2020-05-19,105.38987731933594,64.8307876586914,252,21,7,20,5,1321,47,16,11,True,0.2709987461566925,8.649229100090452,0.0011509000323712826,19540,True,True,,,PatchTST-HF-supervised-v1,"{""batch_size"":64,""context_length"":252,""d_model"":32,""dropout"":0.1,""ffn_dim"":64,""learning_rate"":0.001,""max_epochs"":30,""min_delta"":0.0001,""num_attention_heads"":4,""num_hidden_layers"":2,""patch_length"":21,""patch_stride"":7,""patience"":5,""prediction_length"":20,""seed"":2026,""validation_points"":252,""weight_decay"":0.0001,""window_stride"":5}",5.15.0,cpu
2021-05-26,2021-05-26,2020-05-27,2020-05-28,2021-05-26,2020-05-27,105.51182556152344,64.96485137939453,252,21,7,20,5,1322,47,17,12,True,0.2647218406200409,9.330621700035408,0.0014301999472081661,19540,True,True,,,PatchTST-HF-supervised-v1,"{""batch_size"":64,""context_length"":252,""d_model"":32,""dropout"":0.1,""ffn_dim"":64,""learning_rate"":0.001,""max_epochs"":30,""min_delta"":0.0001,""num_attention_heads"":4,""num_hidden_layers"":2,""patch_length"":21,""patch_stride"":7,""patience"":5,""prediction_length"":20,""seed"":2026,""validation_points"":252,""weight_decay"":0.0001,""window_stride"":5}",5.15.0,cpu
2021-06-03,2021-06-03,2020-06-03,2020-06-04,2021-06-03,2020-06-03,105.63934326171875,65.1133804321289,252,21,7,20,5,1323,47,26,21,True,0.2894652485847473,14.302821599994786,0.0011177000124007463,19540,True,True,,,PatchTST-HF-supervised-v1,"{""batch_size"":64,""context_length"":252,""d_model"":32,""dropout"":0.1,""ffn_dim"":64,""learning_rate"":0.001,""max_epochs"":30,""min_delta"":0.0001,""num_attention_heads"":4,""num_hidden_layers"":2,""patch_length"":21,""patch_stride"":7,""patience"":5,""prediction_length"":20,""seed"":2026,""validation_points"":252,""weight_decay"":0.0001,""window_stride"":5}",5.15.0,cpu
2021-06-10,2021-06-10,2020-06-10,2020-06-11,2021-06-10,2020-06-10,105.77474212646484,65.28348541259766,252,21,7,20,5,1324,47,15,10,True,0.36950334906578064,8.16335629997775,0.001343499985523522,19540,True,True,,,PatchTST-HF-supervised-v1,"{""batch_size"":64,""context_length"":252,""d_model"":32,""dropout"":0.1,""ffn_dim"":64,""learning_rate"":0.001,""max_epochs"":30,""min_delta"":0.0001,""num_attention_heads"":4,""num_hidden_layers"":2,""patch_length"":21,""patch_stride"":7,""patience"":5,""prediction_length"":20,""seed"":2026,""validation_points"":252,""weight_decay"":0.0001,""window_stride"":5}",5.15.0,cpu
2021-06-17,2021-06-17,2020-06-17,2020-06-18,2021-06-17,2020-06-17,105.90233612060547,65.43160247802734,252,21,7,20,5,1325,47,22,17,True,0.3453015983104706,11.941440399968997,0.001158699975349009,19540,True,True,,,PatchTST-HF-supervised-v1,"{""batch_size"":64,""context_length"":252,""d_model"":32,""dropout"":0.1,""ffn_dim"":64,""learning_rate"":0.001,""max_epochs"":30,""min_delta"":0.0001,""num_attention_heads"":4,""num_hidden_layers"":2,""patch_length"":21,""patch_stride"":7,""patience"":5,""prediction_length"":20,""seed"":2026,""validation_points"":252,""weight_decay"":0.0001,""window_stride"":5}",5.15.0,cpu
2021-06-24,2021-06-24,2020-06-24,2020-06-25,2021-06-24,2020-06-24,106.03189849853516,65.58464813232422,252,21,7,20,5,1326,47,22,17,True,0.28238770365715027,11.95811069989577,0.0011123999720439315,19540,True,True,,,PatchTST-HF-supervised-v1,"{""batch_size"":64,""context_length"":252,""d_model"":32,""dropout"":0.1,""ffn_dim"":64,""learning_rate"":0.001,""max_epochs"":30,""min_delta"":0.0001,""num_attention_heads"":4,""num_hidden_layers"":2,""patch_length"":21,""patch_stride"":7,""patience"":5,""prediction_length"":20,""seed"":2026,""validation_points"":252,""weight_decay"":0.0001,""window_stride"":5}",5.15.0,cpu
2021-07-01,2021-07-01,2020-07-01,2020-07-02,2021-07-01,2020-07-01,106.15924835205078,65.7314682006836,252,21,7,20,5,1327,47,22,17,True,0.2860484719276428,11.930386999971233,0.0016048999968916178,19540,True,True,,,PatchTST-HF-supervised-v1,"{""batch_size"":64,""context_length"":252,""d_model"":32,""dropout"":0.1,""ffn_dim"":64,""learning_rate"":0.001,""max_epochs"":30,""min_delta"":0.0001,""num_attention_heads"":4,""num_hidden_layers"":2,""patch_length"":21,""patch_stride"":7,""patience"":5,""prediction_length"":20,""seed"":2026,""validation_points"":252,""weight_decay"":0.0001,""window_stride"":5}",5.15.0,cpu
2021-07-09,2021-07-09,2020-07-09,2020-07-10,2021-07-09,2020-07-09,106.29214477539062,65.89303588867188,252,21,7,20,5,1328,47,15,10,True,0.38114243745803833,8.209505700040609,0.0011899000965058804,19540,True,True,,,PatchTST-HF-supervised-v1,"{""batch_size"":64,""context_length"":252,""d_model"":32,""dropout"":0.1,""ffn_dim"":64,""learning_rate"":0.001,""max_epochs"":30,""min_delta"":0.0001,""num_attention_heads"":4,""num_hidden_layers"":2,""patch_length"":21,""patch_stride"":7,""patience"":5,""prediction_length"":20,""seed"":2026,""validation_points"":252,""weight_decay"":0.0001,""window_stride"":5}",5.15.0,cpu
2021-07-16,2021-07-16,2020-07-16,2020-07-17,2021-07-16,2020-07-16,106.42754364013672,66.06132507324219,252,21,7,20,5,1329,47,13,8,True,0.4299503266811371,7.318934399983846,0.0011292999843135476,19540,True,True,,,PatchTST-HF-supervised-v1,"{""batch_size"":64,""context_length"":252,""d_model"":32,""dropout"":0.1,""ffn_dim"":64,""learning_rate"":0.001,""max_epochs"":30,""min_delta"":0.0001,""num_attention_heads"":4,""num_hidden_layers"":2,""patch_length"":21,""patch_stride"":7,""patience"":5,""prediction_length"":20,""seed"":2026,""validation_points"":252,""weight_decay"":0.0001,""window_stride"":5}",5.15.0,cpu
2021-07-23,2021-07-23,2020-07-23,2020-07-24,2021-07-23,2020-07-23,106.56632232666016,66.23889923095703,252,21,7,20,5,1330,47,11,6,True,0.4525265395641327,6.10365340008866,0.0011445999843999743,19540,True,True,,,PatchTST-HF-supervised-v1,"{""batch_size"":64,""context_length"":252,""d_model"":32,""dropout"":0.1,""ffn_dim"":64,""learning_rate"":0.001,""max_epochs"":30,""min_delta"":0.0001,""num_attention_heads"":4,""num_hidden_layers"":2,""patch_length"":21,""patch_stride"":7,""patience"":5,""prediction_length"":20,""seed"":2026,""validation_points"":252,""weight_decay"":0.0001,""window_stride"":5}",5.15.0,cpu
2021-07-30,2021-07-30,2020-07-30,2020-07-31,2021-07-30,2020-07-30,106.70404815673828,66.4129409790039,252,21,7,20,5,1331,47,17,12,True,0.4679531157016754,9.260333099984564,0.0012895999243482947,19540,True,True,,,PatchTST-HF-supervised-v1,"{""batch_size"":64,""context_length"":252,""d_model"":32,""dropout"":0.1,""ffn_dim"":64,""learning_rate"":0.001,""max_epochs"":30,""min_delta"":0.0001,""num_attention_heads"":4,""num_hidden_layers"":2,""patch_length"":21,""patch_stride"":7,""patience"":5,""prediction_length"":20,""seed"":2026,""validation_points"":252,""weight_decay"":0.0001,""window_stride"":5}",5.15.0,cpu
2021-08-06,2021-08-06,2020-08-06,2020-08-07,2021-08-06,2020-08-06,106.84654235839844,66.60051727294922,252,21,7,20,5,1332,47,16,11,True,0.39889079332351685,8.777614400023594,0.0014364999951794744,19540,True,True,,,PatchTST-HF-supervised-v1,"{""batch_size"":64,""context_length"":252,""d_model"":32,""dropout"":0.1,""ffn_dim"":64,""learning_rate"":0.001,""max_epochs"":30,""min_delta"":0.0001,""num_attention_heads"":4,""num_hidden_layers"":2,""patch_length"":21,""patch_stride"":7,""patience"":5,""prediction_length"":20,""seed"":2026,""validation_points"":252,""weight_decay"":0.0001,""window_stride"":5}",5.15.0,cpu
2021-08-13,2021-08-13,2020-08-13,2020-08-14,2021-08-13,2020-08-13,106.99221801757812,66.79705047607422,252,21,7,20,5,1333,47,25,20,True,0.38140639662742615,13.70181210001465,0.0013451999984681606,19540,True,True,,,PatchTST-HF-supervised-v1,"{""batch_size"":64,""context_length"":252,""d_model"":32,""dropout"":0.1,""ffn_dim"":64,""learning_rate"":0.001,""max_epochs"":30,""min_delta"":0.0001,""num_attention_heads"":4,""num_hidden_layers"":2,""patch_length"":21,""patch_stride"":7,""patience"":5,""prediction_length"":20,""seed"":2026,""validation_points"":252,""weight_decay"":0.0001,""window_stride"":5}",5.15.0,cpu
2021-08-20,2021-08-20,2020-08-20,2020-08-21,2021-08-20,2020-08-20,107.13920593261719,66.9970932006836,252,21,7,20,5,1334,47,25,20,True,0.32994309067726135,13.616006599972025,0.0014844000106677413,19540,True,True,,,PatchTST-HF-supervised-v1,"{""batch_size"":64,""context_length"":252,""d_model"":32,""dropout"":0.1,""ffn_dim"":64,""learning_rate"":0.001,""max_epochs"":30,""min_delta"":0.0001,""num_attention_heads"":4,""num_hidden_layers"":2,""patch_length"":21,""patch_stride"":7,""patience"":5,""prediction_length"":20,""seed"":2026,""validation_points"":252,""weight_decay"":0.0001,""window_stride"":5}",5.15.0,cpu
2021-08-27,2021-08-27,2020-08-27,2020-08-28,2021-08-27,2020-08-27,107.29045867919922,67.20966339111328,252,21,7,20,5,1335,47,16,11,True,0.35764145851135254,8.847326599992812,0.0012516999850049615,19540,True,True,,,PatchTST-HF-supervised-v1,"{""batch_size"":64,""context_length"":252,""d_model"":32,""dropout"":0.1,""ffn_dim"":64,""learning_rate"":0.001,""max_epochs"":30,""min_delta"":0.0001,""num_attention_heads"":4,""num_hidden_layers"":2,""patch_length"":21,""patch_stride"":7,""patience"":5,""prediction_length"":20,""seed"":2026,""validation_points"":252,""weight_decay"":0.0001,""window_stride"":5}",5.15.0,cpu
2021-09-03,2021-09-03,2020-09-03,2020-09-04,2021-09-03,2020-09-03,107.44586944580078,67.434814453125,252,21,7,20,5,1336,47,15,10,True,0.40624362230300903,8.287525899941102,0.0011579000856727362,19540,True,True,,,PatchTST-HF-supervised-v1,"{""batch_size"":64,""context_length"":252,""d_model"":32,""dropout"":0.1,""ffn_dim"":64,""learning_rate"":0.001,""max_epochs"":30,""min_delta"":0.0001,""num_attention_heads"":4,""num_hidden_layers"":2,""patch_length"":21,""patch_stride"":7,""patience"":5,""prediction_length"":20,""seed"":2026,""validation_points"":252,""weight_decay"":0.0001,""window_stride"":5}",5.15.0,cpu
2021-09-13,2021-09-13,2020-09-11,2020-09-14,2021-09-13,2020-09-11,107.59152221679688,67.6290283203125,252,21,7,20,5,1337,47,30,25,False,0.34490466117858887,16.61104670003988,0.001373099978081882,19540,True,True,,,PatchTST-HF-supervised-v1,"{""batch_size"":64,""context_length"":252,""d_model"":32,""dropout"":0.1,""ffn_dim"":64,""learning_rate"":0.001,""max_epochs"":30,""min_delta"":0.0001,""num_attention_heads"":4,""num_hidden_layers"":2,""patch_length"":21,""patch_stride"":7,""patience"":5,""prediction_length"":20,""seed"":2026,""validation_points"":252,""weight_decay"":0.0001,""window_stride"":5}",5.15.0,cpu
2021-09-20,2021-09-20,2020-09-18,2020-09-21,2021-09-20,2020-09-18,107.73719024658203,67.82276153564453,252,21,7,20,5,1338,47,21,16,True,0.2976817786693573,11.646933399955742,0.0014142999425530434,19540,True,True,,,PatchTST-HF-supervised-v1,"{""batch_size"":64,""context_length"":252,""d_model"":32,""dropout"":0.1,""ffn_dim"":64,""learning_rate"":0.001,""max_epochs"":30,""min_delta"":0.0001,""num_attention_heads"":4,""num_hidden_layers"":2,""patch_length"":21,""patch_stride"":7,""patience"":5,""prediction_length"":20,""seed"":2026,""validation_points"":252,""weight_decay"":0.0001,""window_stride"":5}",5.15.0,cpu
2021-09-27,2021-09-27,2020-09-25,2020-09-28,2021-09-27,2020-09-25,107.87649536132812,67.99740600585938,252,21,7,20,5,1339,47,23,18,True,0.32732653617858887,12.772053799941204,0.0013990000588819385,19540,True,True,,,PatchTST-HF-supervised-v1,"{""batch_size"":64,""context_length"":252,""d_model"":32,""dropout"":0.1,""ffn_dim"":64,""learning_rate"":0.001,""max_epochs"":30,""min_delta"":0.0001,""num_attention_heads"":4,""num_hidden_layers"":2,""patch_length"":21,""patch_stride"":7,""patience"":5,""prediction_length"":20,""seed"":2026,""validation_points"":252,""weight_decay"":0.0001,""window_stride"":5}",5.15.0,cpu
2021-10-04,2021-10-04,2020-10-02,2020-10-05,2021-10-04,2020-10-02,108.02093505859375,68.18648529052734,252,21,7,20,5,1340,47,11,6,True,0.47887781262397766,6.121597999939695,0.0013381000608205795,19540,True,True,,,PatchTST-HF-supervised-v1,"{""batch_size"":64,""context_length"":252,""d_model"":32,""dropout"":0.1,""ffn_dim"":64,""learning_rate"":0.001,""max_epochs"":30,""min_delta"":0.0001,""num_attention_heads"":4,""num_hidden_layers"":2,""patch_length"":21,""patch_stride"":7,""patience"":5,""prediction_length"":20,""seed"":2026,""validation_points"":252,""weight_decay"":0.0001,""window_stride"":5}",5.15.0,cpu
2021-10-11,2021-10-11,2020-10-09,2020-10-12,2021-10-11,2020-10-09,108.16963195800781,68.38787841796875,252,21,7,20,5,1341,47,16,11,True,0.42067950963974,8.897038500057533,0.0011404999531805515,19540,True,True,,,PatchTST-HF-supervised-v1,"{""batch_size"":64,""context_length"":252,""d_model"":32,""dropout"":0.1,""ffn_dim"":64,""learning_rate"":0.001,""max_epochs"":30,""min_delta"":0.0001,""num_attention_heads"":4,""num_hidden_layers"":2,""patch_length"":21,""patch_stride"":7,""patience"":5,""prediction_length"":20,""seed"":2026,""validation_points"":252,""weight_decay"":0.0001,""window_stride"":5}",5.15.0,cpu
2021-10-18,2021-10-18,2020-10-16,2020-10-19,2021-10-18,2020-10-16,108.32330322265625,68.6039810180664,252,21,7,20,5,1342,47,24,19,True,0.3014499545097351,13.374007900012657,0.0011382000520825386,19540,True,True,,,PatchTST-HF-supervised-v1,"{""batch_size"":64,""context_length"":252,""d_model"":32,""dropout"":0.1,""ffn_dim"":64,""learning_rate"":0.001,""max_epochs"":30,""min_delta"":0.0001,""num_attention_heads"":4,""num_hidden_layers"":2,""patch_length"":21,""patch_stride"":7,""patience"":5,""prediction_length"":20,""seed"":2026,""validation_points"":252,""weight_decay"":0.0001,""window_stride"":5}",5.15.0,cpu
2021-10-25,2021-10-25,2020-10-23,2020-10-26,2021-10-25,2020-10-23,108.47322845458984,68.80783081054688,252,21,7,20,5,1343,47,23,18,True,0.319812536239624,12.869490200071596,0.0013655000366270542,19540,True,True,,,PatchTST-HF-supervised-v1,"{""batch_size"":64,""context_length"":252,""d_model"":32,""dropout"":0.1,""ffn_dim"":64,""learning_rate"":0.001,""max_epochs"":30,""min_delta"":0.0001,""num_attention_heads"":4,""num_hidden_layers"":2,""patch_length"":21,""patch_stride"":7,""patience"":5,""prediction_length"":20,""seed"":2026,""validation_points"":252,""weight_decay"":0.0001,""window_stride"":5}",5.15.0,cpu
2021-11-01,2021-11-01,2020-10-30,2020-11-02,2021-11-01,2020-10-30,108.61528778076172,68.98805236816406,252,21,7,20,5,1344,47,22,17,True,0.3152598738670349,12.174274699995294,0.0011586000910028815,19540,True,True,,,PatchTST-HF-supervised-v1,"{""batch_size"":64,""context_length"":252,""d_model"":32,""dropout"":0.1,""ffn_dim"":64,""learning_rate"":0.001,""max_epochs"":30,""min_delta"":0.0001,""num_attention_heads"":4,""num_hidden_layers"":2,""patch_length"":21,""patch_stride"":7,""patience"":5,""prediction_length"":20,""seed"":2026,""validation_points"":252,""weight_decay"":0.0001,""window_stride"":5}",5.15.0,cpu
2021-11-08,2021-11-08,2020-11-06,2020-11-09,2021-11-08,2020-11-06,108.7636947631836,69.18653869628906,252,21,7,20,5,1345,47,19,14,True,0.27407515048980713,10.732262799981982,0.0011345000239089131,19540,True,True,,,PatchTST-HF-supervised-v1,"{""batch_size"":64,""context_length"":252,""d_model"":32,""dropout"":0.1,""ffn_dim"":64,""learning_rate"":0.001,""max_epochs"":30,""min_delta"":0.0001,""num_attention_heads"":4,""num_hidden_layers"":2,""patch_length"":21,""patch_stride"":7,""patience"":5,""prediction_length"":20,""seed"":2026,""validation_points"":252,""weight_decay"":0.0001,""window_stride"":5}",5.15.0,cpu
2021-11-15,2021-11-15,2020-11-13,2020-11-16,2021-11-15,2020-11-13,108.92063903808594,69.41056823730469,252,21,7,20,5,1346,47,23,18,True,0.2427244931459427,13.053348199930042,0.0011542999418452382,19540,True,True,,,PatchTST-HF-supervised-v1,"{""batch_size"":64,""context_length"":252,""d_model"":32,""dropout"":0.1,""ffn_dim"":64,""learning_rate"":0.001,""max_epochs"":30,""min_delta"":0.0001,""num_attention_heads"":4,""num_hidden_layers"":2,""patch_length"":21,""patch_stride"":7,""patience"":5,""prediction_length"":20,""seed"":2026,""validation_points"":252,""weight_decay"":0.0001,""window_stride"":5}",5.15.0,cpu
2021-11-22,2021-11-22,2020-11-20,2020-11-23,2021-11-22,2020-11-20,109.07947540283203,69.63992309570312,252,21,7,20,5,1347,47,14,9,True,0.30541566014289856,7.92940040002577,0.0013899999903514981,19540,True,True,,,PatchTST-HF-supervised-v1,"{""batch_size"":64,""context_length"":252,""d_model"":32,""dropout"":0.1,""ffn_dim"":64,""learning_rate"":0.001,""max_epochs"":30,""min_delta"":0.0001,""num_attention_heads"":4,""num_hidden_layers"":2,""patch_length"":21,""patch_stride"":7,""patience"":5,""prediction_length"":20,""seed"":2026,""validation_points"":252,""weight_decay"":0.0001,""window_stride"":5}",5.15.0,cpu
2021-11-30,2021-11-30,2020-11-30,2020-12-01,2021-11-30,2020-11-30,109.2402572631836,69.87479400634766,252,21,7,20,5,1348,47,21,16,True,0.31293803453445435,11.86391499999445,0.001257500029169023,19540,True,True,,,PatchTST-HF-supervised-v1,"{""batch_size"":64,""context_length"":252,""d_model"":32,""dropout"":0.1,""ffn_dim"":64,""learning_rate"":0.001,""max_epochs"":30,""min_delta"":0.0001,""num_attention_heads"":4,""num_hidden_layers"":2,""patch_length"":21,""patch_stride"":7,""patience"":5,""prediction_length"":20,""seed"":2026,""validation_points"":252,""weight_decay"":0.0001,""window_stride"":5}",5.15.0,cpu
2021-12-07,2021-12-07,2020-12-07,2020-12-08,2021-12-07,2020-12-07,109.40469360351562,70.12075805664062,252,21,7,20,5,1349,47,25,20,True,0.3277132213115692,14.18419130006805,0.0011569999624043703,19540,True,True,,,PatchTST-HF-supervised-v1,"{""batch_size"":64,""context_length"":252,""d_model"":32,""dropout"":0.1,""ffn_dim"":64,""learning_rate"":0.001,""max_epochs"":30,""min_delta"":0.0001,""num_attention_heads"":4,""num_hidden_layers"":2,""patch_length"":21,""patch_stride"":7,""patience"":5,""prediction_length"":20,""seed"":2026,""validation_points"":252,""weight_decay"":0.0001,""window_stride"":5}",5.15.0,cpu
2021-12-14,2021-12-14,2020-12-14,2020-12-15,2021-12-14,2020-12-14,109.56838989257812,70.36351013183594,252,21,7,20,5,1350,47,26,21,True,0.19234243035316467,15.778764000046067,0.00141629995778203,19540,True,True,,,PatchTST-HF-supervised-v1,"{""batch_size"":64,""context_length"":252,""d_model"":32,""dropout"":0.1,""ffn_dim"":64,""learning_rate"":0.001,""max_epochs"":30,""min_delta"":0.0001,""num_attention_heads"":4,""num_hidden_layers"":2,""patch_length"":21,""patch_stride"":7,""patience"":5,""prediction_length"":20,""seed"":2026,""validation_points"":252,""weight_decay"":0.0001,""window_stride"":5}",5.15.0,cpu
2021-12-21,2021-12-21,2020-12-21,2020-12-22,2021-12-21,2020-12-21,109.73416900634766,70.61222839355469,252,21,7,20,5,1351,47,16,11,True,0.33667704463005066,9.207725599990226,0.00137489999178797,19540,True,True,,,PatchTST-HF-supervised-v1,"{""batch_size"":64,""context_length"":252,""d_model"":32,""dropout"":0.1,""ffn_dim"":64,""learning_rate"":0.001,""max_epochs"":30,""min_delta"":0.0001,""num_attention_heads"":4,""num_hidden_layers"":2,""patch_length"":21,""patch_stride"":7,""patience"":5,""prediction_length"":20,""seed"":2026,""validation_points"":252,""weight_decay"":0.0001,""window_stride"":5}",5.15.0,cpu
2021-12-29,2021-12-29,2020-12-29,2020-12-30,2021-12-29,2020-12-29,109.90010070800781,70.86071014404297,252,21,7,20,5,1352,47,12,7,True,0.315563827753067,6.874861099990085,0.0011246999492868781,19540,True,True,,,PatchTST-HF-supervised-v1,"{""batch_size"":64,""context_length"":252,""d_model"":32,""dropout"":0.1,""ffn_dim"":64,""learning_rate"":0.001,""max_epochs"":30,""min_delta"":0.0001,""num_attention_heads"":4,""num_hidden_layers"":2,""patch_length"":21,""patch_stride"":7,""patience"":5,""prediction_length"":20,""seed"":2026,""validation_points"":252,""weight_decay"":0.0001,""window_stride"":5}",5.15.0,cpu
2022-01-05,2022-01-05,2021-01-06,2021-01-07,2022-01-05,2021-01-06,110.06742095947266,71.11283111572266,252,21,7,20,5,1353,47,23,18,True,0.2026263028383255,13.070198299945332,0.0014665999915450811,19540,True,True,,,PatchTST-HF-supervised-v1,"{""batch_size"":64,""context_length"":252,""d_model"":32,""dropout"":0.1,""ffn_dim"":64,""learning_rate"":0.001,""max_epochs"":30,""min_delta"":0.0001,""num_attention_heads"":4,""num_hidden_layers"":2,""patch_length"":21,""patch_stride"":7,""patience"":5,""prediction_length"":20,""seed"":2026,""validation_points"":252,""weight_decay"":0.0001,""window_stride"":5}",5.15.0,cpu
2022-01-12,2022-01-12,2021-01-13,2021-01-14,2022-01-12,2021-01-13,110.239501953125,71.38008880615234,252,21,7,20,5,1354,47,22,17,True,0.22041141986846924,12.981070299982093,0.0011742000933736563,19540,True,True,,,PatchTST-HF-supervised-v1,"{""batch_size"":64,""context_length"":252,""d_model"":32,""dropout"":0.1,""ffn_dim"":64,""learning_rate"":0.001,""max_epochs"":30,""min_delta"":0.0001,""num_attention_heads"":4,""num_hidden_layers"":2,""patch_length"":21,""patch_stride"":7,""patience"":5,""prediction_length"":20,""seed"":2026,""validation_points"":252,""weight_decay"":0.0001,""window_stride"":5}",5.15.0,cpu
2022-01-20,2022-01-20,2021-01-21,2021-01-22,2022-01-20,2021-01-21,110.41178131103516,71.6470947265625,252,21,7,20,5,1355,47,17,12,True,0.19602234661579132,9.73034769995138,0.0011478000087663531,19540,True,True,,,PatchTST-HF-supervised-v1,"{""batch_size"":64,""context_length"":252,""d_model"":32,""dropout"":0.1,""ffn_dim"":64,""learning_rate"":0.001,""max_epochs"":30,""min_delta"":0.0001,""num_attention_heads"":4,""num_hidden_layers"":2,""patch_length"":21,""patch_stride"":7,""patience"":5,""prediction_length"":20,""seed"":2026,""validation_points"":252,""weight_decay"":0.0001,""window_stride"":5}",5.15.0,cpu
2022-01-27,2022-01-27,2021-01-28,2021-01-29,2022-01-27,2021-01-28,110.58411407470703,71.91328430175781,252,21,7,20,5,1356,47,17,12,True,0.26076629757881165,9.875485100084916,0.0013863000785931945,19540,True,True,,,PatchTST-HF-supervised-v1,"{""batch_size"":64,""context_length"":252,""d_model"":32,""dropout"":0.1,""ffn_dim"":64,""learning_rate"":0.001,""max_epochs"":30,""min_delta"":0.0001,""num_attention_heads"":4,""num_hidden_layers"":2,""patch_length"":21,""patch_stride"":7,""patience"":5,""prediction_length"":20,""seed"":2026,""validation_points"":252,""weight_decay"":0.0001,""window_stride"":5}",5.15.0,cpu
2022-02-03,2022-02-03,2021-02-04,2021-02-05,2022-02-03,2021-02-04,110.75523376464844,72.17460632324219,252,21,7,20,5,1357,47,21,16,True,0.13778182864189148,12.071931799990125,0.0011527999304234982,19540,True,True,,,PatchTST-HF-supervised-v1,"{""batch_size"":64,""context_length"":252,""d_model"":32,""dropout"":0.1,""ffn_dim"":64,""learning_rate"":0.001,""max_epochs"":30,""min_delta"":0.0001,""num_attention_heads"":4,""num_hidden_layers"":2,""patch_length"":21,""patch_stride"":7,""patience"":5,""prediction_length"":20,""seed"":2026,""validation_points"":252,""weight_decay"":0.0001,""window_stride"":5}",5.15.0,cpu
2022-02-10,2022-02-10,2021-02-11,2021-02-12,2022-02-10,2021-02-11,110.93314361572266,72.45792388916016,252,21,7,20,5,1358,47,20,15,True,0.1345892697572708,11.580916699953377,0.0013718000845983624,19540,True,True,,,PatchTST-HF-supervised-v1,"{""batch_size"":64,""context_length"":252,""d_model"":32,""dropout"":0.1,""ffn_dim"":64,""learning_rate"":0.001,""max_epochs"":30,""min_delta"":0.0001,""num_attention_heads"":4,""num_hidden_layers"":2,""patch_length"":21,""patch_stride"":7,""patience"":5,""prediction_length"":20,""seed"":2026,""validation_points"":252,""weight_decay"":0.0001,""window_stride"":5}",5.15.0,cpu
2022-02-17,2022-02-17,2021-02-19,2021-02-22,2022-02-17,2021-02-19,111.11195373535156,72.74331665039062,252,21,7,20,5,1359,47,21,16,True,0.11612605303525925,12.789331799955107,0.0011436999775469303,19540,True,True,,,PatchTST-HF-supervised-v1,"{""batch_size"":64,""context_length"":252,""d_model"":32,""dropout"":0.1,""ffn_dim"":64,""learning_rate"":0.001,""max_epochs"":30,""min_delta"":0.0001,""num_attention_heads"":4,""num_hidden_layers"":2,""patch_length"":21,""patch_stride"":7,""patience"":5,""prediction_length"":20,""seed"":2026,""validation_points"":252,""weight_decay"":0.0001,""window_stride"":5}",5.15.0,cpu
2022-02-25,2022-02-25,2021-02-26,2021-03-01,2022-02-25,2021-02-26,111.28668975830078,73.01376342773438,252,21,7,20,5,1360,47,29,24,True,0.11530430614948273,16.700600500102155,0.001143299974501133,19540,True,True,,,PatchTST-HF-supervised-v1,"{""batch_size"":64,""context_length"":252,""d_model"":32,""dropout"":0.1,""ffn_dim"":64,""learning_rate"":0.001,""max_epochs"":30,""min_delta"":0.0001,""num_attention_heads"":4,""num_hidden_layers"":2,""patch_length"":21,""patch_stride"":7,""patience"":5,""prediction_length"":20,""seed"":2026,""validation_points"":252,""weight_decay"":0.0001,""window_stride"":5}",5.15.0,cpu
2022-03-04,2022-03-04,2021-03-05,2021-03-08,2022-03-04,2021-03-05,111.45972442626953,73.27752685546875,252,21,7,20,5,1361,47,28,23,True,0.0878942683339119,16.209343299968168,0.0013614000054076314,19540,True,True,,,PatchTST-HF-supervised-v1,"{""batch_size"":64,""context_length"":252,""d_model"":32,""dropout"":0.1,""ffn_dim"":64,""learning_rate"":0.001,""max_epochs"":30,""min_delta"":0.0001,""num_attention_heads"":4,""num_hidden_layers"":2,""patch_length"":21,""patch_stride"":7,""patience"":5,""prediction_length"":20,""seed"":2026,""validation_points"":252,""weight_decay"":0.0001,""window_stride"":5}",5.15.0,cpu
2022-03-11,2022-03-11,2021-03-12,2021-03-15,2022-03-11,2021-03-12,111.6362075805664,73.552001953125,252,21,7,20,5,1362,47,21,16,True,0.14449690282344818,12.204000900033861,0.0014365999959409237,19540,True,True,,,PatchTST-HF-supervised-v1,"{""batch_size"":64,""context_length"":252,""d_model"":32,""dropout"":0.1,""ffn_dim"":64,""learning_rate"":0.001,""max_epochs"":30,""min_delta"":0.0001,""num_attention_heads"":4,""num_hidden_layers"":2,""patch_length"":21,""patch_stride"":7,""patience"":5,""prediction_length"":20,""seed"":2026,""validation_points"":252,""weight_decay"":0.0001,""window_stride"":5}",5.15.0,cpu
2022-03-18,2022-03-18,2021-03-19,2021-03-22,2022-03-18,2021-03-19,111.81582641601562,73.83611297607422,252,21,7,20,5,1363,47,23,18,True,0.14706505835056305,13.243049899931066,0.001469500013627112,19540,True,True,,,PatchTST-HF-supervised-v1,"{""batch_size"":64,""context_length"":252,""d_model"":32,""dropout"":0.1,""ffn_dim"":64,""learning_rate"":0.001,""max_epochs"":30,""min_delta"":0.0001,""num_attention_heads"":4,""num_hidden_layers"":2,""patch_length"":21,""patch_stride"":7,""patience"":5,""prediction_length"":20,""seed"":2026,""validation_points"":252,""weight_decay"":0.0001,""window_stride"":5}",5.15.0,cpu
2022-03-25,2022-03-25,2021-03-26,2021-03-29,2022-03-25,2021-03-26,111.99385833740234,74.11378479003906,252,21,7,20,5,1364,47,18,13,True,0.11042983084917068,10.437962800031528,0.0012591000413522124,19540,True,True,,,PatchTST-HF-supervised-v1,"{""batch_size"":64,""context_length"":252,""d_model"":32,""dropout"":0.1,""ffn_dim"":64,""learning_rate"":0.001,""max_epochs"":30,""min_delta"":0.0001,""num_attention_heads"":4,""num_hidden_layers"":2,""patch_length"":21,""patch_stride"":7,""patience"":5,""prediction_length"":20,""seed"":2026,""validation_points"":252,""weight_decay"":0.0001,""window_stride"":5}",5.15.0,cpu
2022-04-01,2022-04-01,2021-04-05,2021-04-06,2022-04-01,2021-04-05,112.17670440673828,74.40702056884766,252,21,7,20,5,1365,47,30,28,False,0.11971735209226608,17.571087200078182,0.0011934000067412853,19540,True,True,,,PatchTST-HF-supervised-v1,"{""batch_size"":64,""context_length"":252,""d_model"":32,""dropout"":0.1,""ffn_dim"":64,""learning_rate"":0.001,""max_epochs"":30,""min_delta"":0.0001,""num_attention_heads"":4,""num_hidden_layers"":2,""patch_length"":21,""patch_stride"":7,""patience"":5,""prediction_length"":20,""seed"":2026,""validation_points"":252,""weight_decay"":0.0001,""window_stride"":5}",5.15.0,cpu
2022-04-08,2022-04-08,2021-04-12,2021-04-13,2022-04-08,2021-04-12,112.36591339111328,74.72161102294922,252,21,7,20,5,1366,47,17,12,True,0.13596269488334656,9.741582100046799,0.001294399960897863,19540,True,True,,,PatchTST-HF-supervised-v1,"{""batch_size"":64,""context_length"":252,""d_model"":32,""dropout"":0.1,""ffn_dim"":64,""learning_rate"":0.001,""max_epochs"":30,""min_delta"":0.0001,""num_attention_heads"":4,""num_hidden_layers"":2,""patch_length"":21,""patch_stride"":7,""patience"":5,""prediction_length"":20,""seed"":2026,""validation_points"":252,""weight_decay"":0.0001,""window_stride"":5}",5.15.0,cpu
2022-04-18,2022-04-18,2021-04-19,2021-04-20,2022-04-18,2021-04-19,112.5585708618164,75.04736328125,252,21,7,20,5,1367,47,19,14,True,0.1130460873246193,10.997592400060967,0.0014293999411165714,19540,True,True,,,PatchTST-HF-supervised-v1,"{""batch_size"":64,""context_length"":252,""d_model"":32,""dropout"":0.1,""ffn_dim"":64,""learning_rate"":0.001,""max_epochs"":30,""min_delta"":0.0001,""num_attention_heads"":4,""num_hidden_layers"":2,""patch_length"":21,""patch_stride"":7,""patience"":5,""prediction_length"":20,""seed"":2026,""validation_points"":252,""weight_decay"":0.0001,""window_stride"":5}",5.15.0,cpu
2022-04-25,2022-04-25,2021-04-26,2021-04-27,2022-04-25,2021-04-26,112.75123596191406,75.3718032836914,252,21,7,20,5,1368,47,20,15,True,0.10968596488237381,11.580810299958102,0.0014497999800369143,19540,True,True,,,PatchTST-HF-supervised-v1,"{""batch_size"":64,""context_length"":252,""d_model"":32,""dropout"":0.1,""ffn_dim"":64,""learning_rate"":0.001,""max_epochs"":30,""min_delta"":0.0001,""num_attention_heads"":4,""num_hidden_layers"":2,""patch_length"":21,""patch_stride"":7,""patience"":5,""prediction_length"":20,""seed"":2026,""validation_points"":252,""weight_decay"":0.0001,""window_stride"":5}",5.15.0,cpu
2022-05-02,2022-05-02,2021-05-03,2021-05-04,2022-05-02,2021-05-03,112.94569396972656,75.70133972167969,252,21,7,20,5,1369,47,18,13,True,0.11423156410455704,10.449086399981752,0.0013638000236824155,19540,True,True,,,PatchTST-HF-supervised-v1,"{""batch_size"":64,""context_length"":252,""d_model"":32,""dropout"":0.1,""ffn_dim"":64,""learning_rate"":0.001,""max_epochs"":30,""min_delta"":0.0001,""num_attention_heads"":4,""num_hidden_layers"":2,""patch_length"":21,""patch_stride"":7,""patience"":5,""prediction_length"":20,""seed"":2026,""validation_points"":252,""weight_decay"":0.0001,""window_stride"":5}",5.15.0,cpu
2022-05-09,2022-05-09,2021-05-10,2021-05-11,2022-05-09,2021-05-10,113.1398696899414,76.02851104736328,252,21,7,20,5,1370,47,15,10,True,0.1278311312198639,9.68290050001815,0.0011397000635042787,19540,True,True,,,PatchTST-HF-supervised-v1,"{""batch_size"":64,""context_length"":252,""d_model"":32,""dropout"":0.1,""ffn_dim"":64,""learning_rate"":0.001,""max_epochs"":30,""min_delta"":0.0001,""num_attention_heads"":4,""num_hidden_layers"":2,""patch_length"":21,""patch_stride"":7,""patience"":5,""prediction_length"":20,""seed"":2026,""validation_points"":252,""weight_decay"":0.0001,""window_stride"":5}",5.15.0,cpu
2022-05-16,2022-05-16,2021-05-17,2021-05-18,2022-05-16,2021-05-17,113.33003997802734,76.34003448486328,252,21,7,20,5,1371,47,16,11,True,0.13662590086460114,9.853422100073658,0.0017494000494480133,19540,True,True,,,PatchTST-HF-supervised-v1,"{""batch_size"":64,""context_length"":252,""d_model"":32,""dropout"":0.1,""ffn_dim"":64,""learning_rate"":0.001,""max_epochs"":30,""min_delta"":0.0001,""num_attention_heads"":4,""num_hidden_layers"":2,""patch_length"":21,""patch_stride"":7,""patience"":5,""prediction_length"":20,""seed"":2026,""validation_points"":252,""weight_decay"":0.0001,""window_stride"":5}",5.15.0,cpu
2022-05-23,2022-05-23,2021-05-24,2021-05-25,2022-05-23,2021-05-24,113.52130126953125,76.65406036376953,252,21,7,20,5,1372,47,12,7,True,0.13733252882957458,7.095902999979444,0.0014034999767318368,19540,True,True,,,PatchTST-HF-supervised-v1,"{""batch_size"":64,""context_length"":252,""d_model"":32,""dropout"":0.1,""ffn_dim"":64,""learning_rate"":0.001,""max_epochs"":30,""min_delta"":0.0001,""num_attention_heads"":4,""num_hidden_layers"":2,""patch_length"":21,""patch_stride"":7,""patience"":5,""prediction_length"":20,""seed"":2026,""validation_points"":252,""weight_decay"":0.0001,""window_stride"":5}",5.15.0,cpu
2022-05-31,2022-05-31,2021-06-01,2021-06-02,2022-05-31,2021-06-01,113.71542358398438,76.97710418701172,252,21,7,20,5,1373,47,13,8,True,0.1517995446920395,7.655339900054969,0.001131500001065433,19540,True,True,,,PatchTST-HF-supervised-v1,"{""batch_size"":64,""context_length"":252,""d_model"":32,""dropout"":0.1,""ffn_dim"":64,""learning_rate"":0.001,""max_epochs"":30,""min_delta"":0.0001,""num_attention_heads"":4,""num_hidden_layers"":2,""patch_length"":21,""patch_stride"":7,""patience"":5,""prediction_length"":20,""seed"":2026,""validation_points"":252,""weight_decay"":0.0001,""window_stride"":5}",5.15.0,cpu
2022-06-07,2022-06-07,2021-06-08,2021-06-09,2022-06-07,2021-06-08,113.91056823730469,77.30248260498047,252,21,7,20,5,1374,47,11,6,True,0.16526789963245392,6.443270400050096,0.0013961999211460352,19540,True,True,,,PatchTST-HF-supervised-v1,"{""batch_size"":64,""context_length"":252,""d_model"":32,""dropout"":0.1,""ffn_dim"":64,""learning_rate"":0.001,""max_epochs"":30,""min_delta"":0.0001,""num_attention_heads"":4,""num_hidden_layers"":2,""patch_length"":21,""patch_stride"":7,""patience"":5,""prediction_length"":20,""seed"":2026,""validation_points"":252,""weight_decay"":0.0001,""window_stride"":5}",5.15.0,cpu
2022-06-14,2022-06-14,2021-06-15,2021-06-16,2022-06-14,2021-06-15,114.10713958740234,77.63172149658203,252,21,7,20,5,1375,47,13,8,True,0.17662973701953888,8.241167799918912,0.0012372999917715788,19540,True,True,,,PatchTST-HF-supervised-v1,"{""batch_size"":64,""context_length"":252,""d_model"":32,""dropout"":0.1,""ffn_dim"":64,""learning_rate"":0.001,""max_epochs"":30,""min_delta"":0.0001,""num_attention_heads"":4,""num_hidden_layers"":2,""patch_length"":21,""patch_stride"":7,""patience"":5,""prediction_length"":20,""seed"":2026,""validation_points"":252,""weight_decay"":0.0001,""window_stride"":5}",5.15.0,cpu
2022-06-22,2022-06-22,2021-06-22,2021-06-23,2022-06-22,2021-06-22,114.30186462402344,77.95294189453125,252,21,7,20,5,1376,47,12,7,True,0.19305232167243958,7.056779099977575,0.0013059999328106642,19540,True,True,,,PatchTST-HF-supervised-v1,"{""batch_size"":64,""context_length"":252,""d_model"":32,""dropout"":0.1,""ffn_dim"":64,""learning_rate"":0.001,""max_epochs"":30,""min_delta"":0.0001,""num_attention_heads"":4,""num_hidden_layers"":2,""patch_length"":21,""patch_stride"":7,""patience"":5,""prediction_length"":20,""seed"":2026,""validation_points"":252,""weight_decay"":0.0001,""window_stride"":5}",5.15.0,cpu
2022-06-29,2022-06-29,2021-06-29,2021-06-30,2022-06-29,2021-06-29,114.5001220703125,78.28559875488281,252,21,7,20,5,1377,47,11,6,True,0.1925128549337387,6.379954500007443,0.0013479000190272927,19540,True,True,,,PatchTST-HF-supervised-v1,"{""batch_size"":64,""context_length"":252,""d_model"":32,""dropout"":0.1,""ffn_dim"":64,""learning_rate"":0.001,""max_epochs"":30,""min_delta"":0.0001,""num_attention_heads"":4,""num_hidden_layers"":2,""patch_length"":21,""patch_stride"":7,""patience"":5,""prediction_length"":20,""seed"":2026,""validation_points"":252,""weight_decay"":0.0001,""window_stride"":5}",5.15.0,cpu
2022-07-07,2022-07-07,2021-07-07,2021-07-08,2022-07-07,2021-07-07,114.70203399658203,78.63021087646484,252,21,7,20,5,1378,47,11,6,True,0.2088022530078888,6.400217700051144,0.0014872999163344502,19540,True,True,,,PatchTST-HF-supervised-v1,"{""batch_size"":64,""context_length"":252,""d_model"":32,""dropout"":0.1,""ffn_dim"":64,""learning_rate"":0.001,""max_epochs"":30,""min_delta"":0.0001,""num_attention_heads"":4,""num_hidden_layers"":2,""patch_length"":21,""patch_stride"":7,""patience"":5,""prediction_length"":20,""seed"":2026,""validation_points"":252,""weight_decay"":0.0001,""window_stride"":5}",5.15.0,cpu
2022-07-14,2022-07-14,2021-07-14,2021-07-15,2022-07-14,2021-07-14,114.90571594238281,78.97986602783203,252,21,7,20,5,1379,47,9,4,True,0.2221088856458664,5.288664199993946,0.0014587999321520329,19540,True,True,,,PatchTST-HF-supervised-v1,"{""batch_size"":64,""context_length"":252,""d_model"":32,""dropout"":0.1,""ffn_dim"":64,""learning_rate"":0.001,""max_epochs"":30,""min_delta"":0.0001,""num_attention_heads"":4,""num_hidden_layers"":2,""patch_length"":21,""patch_stride"":7,""patience"":5,""prediction_length"":20,""seed"":2026,""validation_points"":252,""weight_decay"":0.0001,""window_stride"":5}",5.15.0,cpu
2022-07-21,2022-07-21,2021-07-21,2021-07-22,2022-07-21,2021-07-21,115.10669708251953,79.31812286376953,252,21,7,20,5,1380,47,9,4,True,0.22510288655757904,5.25036689999979,0.0011850999435409904,19540,True,True,,,PatchTST-HF-supervised-v1,"{""batch_size"":64,""context_length"":252,""d_model"":32,""dropout"":0.1,""ffn_dim"":64,""learning_rate"":0.001,""max_epochs"":30,""min_delta"":0.0001,""num_attention_heads"":4,""num_hidden_layers"":2,""patch_length"":21,""patch_stride"":7,""patience"":5,""prediction_length"":20,""seed"":2026,""validation_points"":252,""weight_decay"":0.0001,""window_stride"":5}",5.15.0,cpu
2022-07-28,2022-07-28,2021-07-28,2021-07-29,2022-07-28,2021-07-28,115.31229400634766,79.67182922363281,252,21,7,20,5,1381,47,9,4,True,0.23492777347564697,5.320841799955815,0.0013649999164044857,19540,True,True,,,PatchTST-HF-supervised-v1,"{""batch_size"":64,""context_length"":252,""d_model"":32,""dropout"":0.1,""ffn_dim"":64,""learning_rate"":0.001,""max_epochs"":30,""min_delta"":0.0001,""num_attention_heads"":4,""num_hidden_layers"":2,""patch_length"":21,""patch_stride"":7,""patience"":5,""prediction_length"":20,""seed"":2026,""validation_points"":252,""weight_decay"":0.0001,""window_stride"":5}",5.15.0,cpu
2022-08-04,2022-08-04,2021-08-04,2021-08-05,2022-08-04,2021-08-04,115.51792907714844,80.02420806884766,252,21,7,20,5,1382,47,9,4,True,0.24396871030330658,5.185605200007558,0.0013872000854462385,19540,True,True,,,PatchTST-HF-supervised-v1,"{""batch_size"":64,""context_length"":252,""d_model"":32,""dropout"":0.1,""ffn_dim"":64,""learning_rate"":0.001,""max_epochs"":30,""min_delta"":0.0001,""num_attention_heads"":4,""num_hidden_layers"":2,""patch_length"":21,""patch_stride"":7,""patience"":5,""prediction_length"":20,""seed"":2026,""validation_points"":252,""weight_decay"":0.0001,""window_stride"":5}",5.15.0,cpu
2022-08-11,2022-08-11,2021-08-11,2021-08-12,2022-08-11,2021-08-11,115.72535705566406,80.38167572021484,252,21,7,20,5,1383,47,9,4,True,0.24587643146514893,5.223099300055765,0.0017314000288024545,19540,True,True,,,PatchTST-HF-supervised-v1,"{""batch_size"":64,""context_length"":252,""d_model"":32,""dropout"":0.1,""ffn_dim"":64,""learning_rate"":0.001,""max_epochs"":30,""min_delta"":0.0001,""num_attention_heads"":4,""num_hidden_layers"":2,""patch_length"":21,""patch_stride"":7,""patience"":5,""prediction_length"":20,""seed"":2026,""validation_points"":252,""weight_decay"":0.0001,""window_stride"":5}",5.15.0,cpu
2022-08-18,2022-08-18,2021-08-18,2021-08-19,2022-08-18,2021-08-18,115.93358612060547,80.74059295654297,252,21,7,20,5,1384,47,9,4,True,0.24700362980365753,5.162645500036888,0.001158999977633357,19540,True,True,,,PatchTST-HF-supervised-v1,"{""batch_size"":64,""context_length"":252,""d_model"":32,""dropout"":0.1,""ffn_dim"":64,""learning_rate"":0.001,""max_epochs"":30,""min_delta"":0.0001,""num_attention_heads"":4,""num_hidden_layers"":2,""patch_length"":21,""patch_stride"":7,""patience"":5,""prediction_length"":20,""seed"":2026,""validation_points"":252,""weight_decay"":0.0001,""window_stride"":5}",5.15.0,cpu
2022-08-25,2022-08-25,2021-08-25,2021-08-26,2022-08-25,2021-08-25,116.14232635498047,81.099853515625,252,21,7,20,5,1385,47,9,4,True,0.24854493141174316,5.2960234000347555,0.0013772000093013048,19540,True,True,,,PatchTST-HF-supervised-v1,"{""batch_size"":64,""context_length"":252,""d_model"":32,""dropout"":0.1,""ffn_dim"":64,""learning_rate"":0.001,""max_epochs"":30,""min_delta"":0.0001,""num_attention_heads"":4,""num_hidden_layers"":2,""patch_length"":21,""patch_stride"":7,""patience"":5,""prediction_length"":20,""seed"":2026,""validation_points"":252,""weight_decay"":0.0001,""window_stride"":5}",5.15.0,cpu
2022-09-01,2022-09-01,2021-09-01,2021-09-02,2022-09-01,2021-09-01,116.35398864746094,81.46839904785156,252,21,7,20,5,1386,47,8,3,True,0.23534904420375824,4.610449300031178,0.0014021999668329954,19540,True,True,,,PatchTST-HF-supervised-v1,"{""batch_size"":64,""context_length"":252,""d_model"":32,""dropout"":0.1,""ffn_dim"":64,""learning_rate"":0.001,""max_epochs"":30,""min_delta"":0.0001,""num_attention_heads"":4,""num_hidden_layers"":2,""patch_length"":21,""patch_stride"":7,""patience"":5,""prediction_length"":20,""seed"":2026,""validation_points"":252,""weight_decay"":0.0001,""window_stride"":5}",5.15.0,cpu
2022-09-09,2022-09-09,2021-09-09,2021-09-10,2022-09-09,2021-09-09,116.56607055664062,81.83688354492188,252,21,7,20,5,1387,47,10,5,True,0.22829267382621765,5.810220699990168,0.0016240000259131193,19540,True,True,,,PatchTST-HF-supervised-v1,"{""batch_size"":64,""context_length"":252,""d_model"":32,""dropout"":0.1,""ffn_dim"":64,""learning_rate"":0.001,""max_epochs"":30,""min_delta"":0.0001,""num_attention_heads"":4,""num_hidden_layers"":2,""patch_length"":21,""patch_stride"":7,""patience"":5,""prediction_length"":20,""seed"":2026,""validation_points"":252,""weight_decay"":0.0001,""window_stride"":5}",5.15.0,cpu
2022-09-16,2022-09-16,2021-09-16,2021-09-17,2022-09-16,2021-09-16,116.77444458007812,82.1900634765625,252,21,7,20,5,1388,47,8,3,True,0.21574275195598602,4.588374500046484,0.0013634000206366181,19540,True,True,,,PatchTST-HF-supervised-v1,"{""batch_size"":64,""context_length"":252,""d_model"":32,""dropout"":0.1,""ffn_dim"":64,""learning_rate"":0.001,""max_epochs"":30,""min_delta"":0.0001,""num_attention_heads"":4,""num_hidden_layers"":2,""patch_length"":21,""patch_stride"":7,""patience"":5,""prediction_length"":20,""seed"":2026,""validation_points"":252,""weight_decay"":0.0001,""window_stride"":5}",5.15.0,cpu
2022-09-23,2022-09-23,2021-09-23,2021-09-24,2022-09-23,2021-09-23,116.97810363769531,82.5248794555664,252,21,7,20,5,1389,47,8,3,True,0.19359935820102692,4.678119800053537,0.001146299997344613,19540,True,True,,,PatchTST-HF-supervised-v1,"{""batch_size"":64,""context_length"":252,""d_model"":32,""dropout"":0.1,""ffn_dim"":64,""learning_rate"":0.001,""max_epochs"":30,""min_delta"":0.0001,""num_attention_heads"":4,""num_hidden_layers"":2,""patch_length"":21,""patch_stride"":7,""patience"":5,""prediction_length"":20,""seed"":2026,""validation_points"":252,""weight_decay"":0.0001,""window_stride"":5}",5.15.0,cpu
2022-09-30,2022-09-30,2021-09-30,2021-10-01,2022-09-30,2021-09-30,117.18067169189453,82.85456848144531,252,21,7,20,5,1390,47,8,3,True,0.20486073195934296,4.625703900004737,0.0011133999796584249,19540,True,True,,,PatchTST-HF-supervised-v1,"{""batch_size"":64,""context_length"":252,""d_model"":32,""dropout"":0.1,""ffn_dim"":64,""learning_rate"":0.001,""max_epochs"":30,""min_delta"":0.0001,""num_attention_heads"":4,""num_hidden_layers"":2,""patch_length"":21,""patch_stride"":7,""patience"":5,""prediction_length"":20,""seed"":2026,""validation_points"":252,""weight_decay"":0.0001,""window_stride"":5}",5.15.0,cpu
2022-10-07,2022-10-07,2021-10-07,2021-10-08,2022-10-07,2021-10-07,117.38109588623047,83.17543029785156,252,21,7,20,5,1391,47,8,3,True,0.1944393664598465,4.685826700064354,0.0017340999329462647,19540,True,True,,,PatchTST-HF-supervised-v1,"{""batch_size"":64,""context_length"":252,""d_model"":32,""dropout"":0.1,""ffn_dim"":64,""learning_rate"":0.001,""max_epochs"":30,""min_delta"":0.0001,""num_attention_heads"":4,""num_hidden_layers"":2,""patch_length"":21,""patch_stride"":7,""patience"":5,""prediction_length"":20,""seed"":2026,""validation_points"":252,""weight_decay"":0.0001,""window_stride"":5}",5.15.0,cpu
2022-10-14,2022-10-14,2021-10-14,2021-10-15,2022-10-14,2021-10-14,117.5831069946289,83.50060272216797,252,21,7,20,5,1392,47,8,3,True,0.19000844657421112,4.756032800069079,0.001404200098477304,19540,True,True,,,PatchTST-HF-supervised-v1,"{""batch_size"":64,""context_length"":252,""d_model"":32,""dropout"":0.1,""ffn_dim"":64,""learning_rate"":0.001,""max_epochs"":30,""min_delta"":0.0001,""num_attention_heads"":4,""num_hidden_layers"":2,""patch_length"":21,""patch_stride"":7,""patience"":5,""prediction_length"":20,""seed"":2026,""validation_points"":252,""weight_decay"":0.0001,""window_stride"":5}",5.15.0,cpu
2022-10-21,2022-10-21,2021-10-21,2021-10-22,2022-10-21,2021-10-21,117.79337310791016,83.85388946533203,252,21,7,20,5,1393,47,8,3,True,0.23502354323863983,4.667265099938959,0.0011582999723032117,19540,True,True,,,PatchTST-HF-supervised-v1,"{""batch_size"":64,""context_length"":252,""d_model"":32,""dropout"":0.1,""ffn_dim"":64,""learning_rate"":0.001,""max_epochs"":30,""min_delta"":0.0001,""num_attention_heads"":4,""num_hidden_layers"":2,""patch_length"":21,""patch_stride"":7,""patience"":5,""prediction_length"":20,""seed"":2026,""validation_points"":252,""weight_decay"":0.0001,""window_stride"":5}",5.15.0,cpu
2022-10-28,2022-10-28,2021-10-28,2021-10-29,2022-10-28,2021-10-28,118.00687408447266,84.21748352050781,252,21,7,20,5,1394,47,8,3,True,0.23808211088180542,4.684757799957879,0.0011625000042840838,19540,True,True,,,PatchTST-HF-supervised-v1,"{""batch_size"":64,""context_length"":252,""d_model"":32,""dropout"":0.1,""ffn_dim"":64,""learning_rate"":0.001,""max_epochs"":30,""min_delta"":0.0001,""num_attention_heads"":4,""num_hidden_layers"":2,""patch_length"":21,""patch_stride"":7,""patience"":5,""prediction_length"":20,""seed"":2026,""validation_points"":252,""weight_decay"":0.0001,""window_stride"":5}",5.15.0,cpu
2022-11-04,2022-11-04,2021-11-04,2021-11-05,2022-11-04,2021-11-04,118.2247085571289,84.59564208984375,252,21,7,20,5,1395,47,8,3,True,0.19812218844890594,4.720014099963009,0.0015486000338569283,19540,True,True,,,PatchTST-HF-supervised-v1,"{""batch_size"":64,""context_length"":252,""d_model"":32,""dropout"":0.1,""ffn_dim"":64,""learning_rate"":0.001,""max_epochs"":30,""min_delta"":0.0001,""num_attention_heads"":4,""num_hidden_layers"":2,""patch_length"":21,""patch_stride"":7,""patience"":5,""prediction_length"":20,""seed"":2026,""validation_points"":252,""weight_decay"":0.0001,""window_stride"":5}",5.15.0,cpu
2022-11-11,2022-11-11,2021-11-11,2021-11-12,2022-11-11,2021-11-11,118.44476318359375,84.98040008544922,252,21,7,20,5,1396,47,8,3,True,0.17791417241096497,4.740021999925375,0.0012484999606385827,19540,True,True,,,PatchTST-HF-supervised-v1,"{""batch_size"":64,""context_length"":252,""d_model"":32,""dropout"":0.1,""ffn_dim"":64,""learning_rate"":0.001,""max_epochs"":30,""min_delta"":0.0001,""num_attention_heads"":4,""num_hidden_layers"":2,""patch_length"":21,""patch_stride"":7,""patience"":5,""prediction_length"":20,""seed"":2026,""validation_points"":252,""weight_decay"":0.0001,""window_stride"":5}",5.15.0,cpu
2022-11-18,2022-11-18,2021-11-18,2021-11-19,2022-11-18,2021-11-18,118.66575622558594,85.36697387695312,252,21,7,20,5,1397,47,8,3,True,0.18313287198543549,4.714470600010827,0.001178500009700656,19540,True,True,,,PatchTST-HF-supervised-v1,"{""batch_size"":64,""context_length"":252,""d_model"":32,""dropout"":0.1,""ffn_dim"":64,""learning_rate"":0.001,""max_epochs"":30,""min_delta"":0.0001,""num_attention_heads"":4,""num_hidden_layers"":2,""patch_length"":21,""patch_stride"":7,""patience"":5,""prediction_length"":20,""seed"":2026,""validation_points"":252,""weight_decay"":0.0001,""window_stride"":5}",5.15.0,cpu
2022-11-28,2022-11-28,2021-11-26,2021-11-29,2022-11-28,2021-11-26,118.88532257080078,85.74652862548828,252,21,7,20,5,1398,47,8,3,True,0.17712369561195374,4.837288000038825,0.0013883999781683087,19540,True,True,,,PatchTST-HF-supervised-v1,"{""batch_size"":64,""context_length"":252,""d_model"":32,""dropout"":0.1,""ffn_dim"":64,""learning_rate"":0.001,""max_epochs"":30,""min_delta"":0.0001,""num_attention_heads"":4,""num_hidden_layers"":2,""patch_length"":21,""patch_stride"":7,""patience"":5,""prediction_length"":20,""seed"":2026,""validation_points"":252,""weight_decay"":0.0001,""window_stride"":5}",5.15.0,cpu
2022-12-05,2022-12-05,2021-12-03,2021-12-06,2022-12-05,2021-12-03,119.09793090820312,86.09912109375,252,21,7,20,5,1399,47,8,3,True,0.19933676719665527,4.731266699964181,0.0014411000302061439,19540,True,True,,,PatchTST-HF-supervised-v1,"{""batch_size"":64,""context_length"":252,""d_model"":32,""dropout"":0.1,""ffn_dim"":64,""learning_rate"":0.001,""max_epochs"":30,""min_delta"":0.0001,""num_attention_heads"":4,""num_hidden_layers"":2,""patch_length"":21,""patch_stride"":7,""patience"":5,""prediction_length"":20,""seed"":2026,""validation_points"":252,""weight_decay"":0.0001,""window_stride"":5}",5.15.0,cpu
2022-12-12,2022-12-12,2021-12-10,2021-12-13,2022-12-12,2021-12-10,119.31697082519531,86.47364807128906,252,21,7,20,5,1400,47,8,3,True,0.1472122073173523,4.721518000005744,0.0014508001040667295,19540,True,True,,,PatchTST-HF-supervised-v1,"{""batch_size"":64,""context_length"":252,""d_model"":32,""dropout"":0.1,""ffn_dim"":64,""learning_rate"":0.001,""max_epochs"":30,""min_delta"":0.0001,""num_attention_heads"":4,""num_hidden_layers"":2,""patch_length"":21,""patch_stride"":7,""patience"":5,""prediction_length"":20,""seed"":2026,""validation_points"":252,""weight_decay"":0.0001,""window_stride"":5}",5.15.0,cpu
2022-12-19,2022-12-19,2021-12-17,2021-12-20,2022-12-19,2021-12-17,119.53501892089844,86.84302520751953,252,21,7,20,5,1401,47,8,3,True,0.1819002628326416,5.1944832999724895,0.0017304999055340886,19540,True,True,,,PatchTST-HF-supervised-v1,"{""batch_size"":64,""context_length"":252,""d_model"":32,""dropout"":0.1,""ffn_dim"":64,""learning_rate"":0.001,""max_epochs"":30,""min_delta"":0.0001,""num_attention_heads"":4,""num_hidden_layers"":2,""patch_length"":21,""patch_stride"":7,""patience"":5,""prediction_length"":20,""seed"":2026,""validation_points"":252,""weight_decay"":0.0001,""window_stride"":5}",5.15.0,cpu
2022-12-27,2022-12-27,2021-12-27,2021-12-28,2022-12-27,2021-12-27,119.75450134277344,87.21619415283203,252,21,7,20,5,1402,47,8,3,True,0.15905433893203735,5.1183907999657094,0.0012226999970152974,19540,True,True,,,PatchTST-HF-supervised-v1,"{""batch_size"":64,""context_length"":252,""d_model"":32,""dropout"":0.1,""ffn_dim"":64,""learning_rate"":0.001,""max_epochs"":30,""min_delta"":0.0001,""num_attention_heads"":4,""num_hidden_layers"":2,""patch_length"":21,""patch_stride"":7,""patience"":5,""prediction_length"":20,""seed"":2026,""validation_points"":252,""weight_decay"":0.0001,""window_stride"":5}",5.15.0,cpu
2023-01-04,2023-01-04,2022-01-03,2022-01-04,2023-01-04,2022-01-03,119.9800796508789,87.61021423339844,252,21,7,20,5,1403,47,7,2,True,0.14839988946914673,4.278633099980652,0.0015433999942615628,19540,True,True,,,PatchTST-HF-supervised-v1,"{""batch_size"":64,""context_length"":252,""d_model"":32,""dropout"":0.1,""ffn_dim"":64,""learning_rate"":0.001,""max_epochs"":30,""min_delta"":0.0001,""num_attention_heads"":4,""num_hidden_layers"":2,""patch_length"":21,""patch_stride"":7,""patience"":5,""prediction_length"":20,""seed"":2026,""validation_points"":252,""weight_decay"":0.0001,""window_stride"":5}",5.15.0,cpu
2023-01-11,2023-01-11,2022-01-10,2022-01-11,2023-01-11,2022-01-10,120.20050048828125,87.98344421386719,252,21,7,20,5,1404,47,8,3,True,0.10918937623500824,4.8923998000100255,0.0012256000190973282,19540,True,True,,,PatchTST-HF-supervised-v1,"{""batch_size"":64,""context_length"":252,""d_model"":32,""dropout"":0.1,""ffn_dim"":64,""learning_rate"":0.001,""max_epochs"":30,""min_delta"":0.0001,""num_attention_heads"":4,""num_hidden_layers"":2,""patch_length"":21,""patch_stride"":7,""patience"":5,""prediction_length"":20,""seed"":2026,""validation_points"":252,""weight_decay"":0.0001,""window_stride"":5}",5.15.0,cpu
2023-01-19,2023-01-19,2022-01-18,2022-01-19,2023-01-19,2022-01-18,120.41815948486328,88.34524536132812,252,21,7,20,5,1405,47,7,2,True,0.12010721117258072,4.258502800017595,0.001778499921783805,19540,True,True,,,PatchTST-HF-supervised-v1,"{""batch_size"":64,""context_length"":252,""d_model"":32,""dropout"":0.1,""ffn_dim"":64,""learning_rate"":0.001,""max_epochs"":30,""min_delta"":0.0001,""num_attention_heads"":4,""num_hidden_layers"":2,""patch_length"":21,""patch_stride"":7,""patience"":5,""prediction_length"":20,""seed"":2026,""validation_points"":252,""weight_decay"":0.0001,""window_stride"":5}",5.15.0,cpu
2023-01-26,2023-01-26,2022-01-25,2022-01-26,2023-01-26,2022-01-25,120.62060546875,88.653076171875,252,21,7,20,5,1406,47,7,2,True,0.10385892540216446,4.160624600015581,0.001587499980814755,19540,True,True,,,PatchTST-HF-supervised-v1,"{""batch_size"":64,""context_length"":252,""d_model"":32,""dropout"":0.1,""ffn_dim"":64,""learning_rate"":0.001,""max_epochs"":30,""min_delta"":0.0001,""num_attention_heads"":4,""num_hidden_layers"":2,""patch_length"":21,""patch_stride"":7,""patience"":5,""prediction_length"":20,""seed"":2026,""validation_points"":252,""weight_decay"":0.0001,""window_stride"":5}",5.15.0,cpu
2023-02-02,2023-02-02,2022-02-01,2022-02-02,2023-02-02,2022-02-01,120.82260131835938,88.95850372314453,252,21,7,20,5,1407,47,7,2,True,0.09572498500347137,4.253798400051892,0.0013154000043869019,19540,True,True,,,PatchTST-HF-supervised-v1,"{""batch_size"":64,""context_length"":252,""d_model"":32,""dropout"":0.1,""ffn_dim"":64,""learning_rate"":0.001,""max_epochs"":30,""min_delta"":0.0001,""num_attention_heads"":4,""num_hidden_layers"":2,""patch_length"":21,""patch_stride"":7,""patience"":5,""prediction_length"":20,""seed"":2026,""validation_points"":252,""weight_decay"":0.0001,""window_stride"":5}",5.15.0,cpu
2023-02-09,2023-02-09,2022-02-08,2022-02-09,2023-02-09,2022-02-08,121.02965545654297,89.2796401977539,252,21,7,20,5,1408,47,8,3,True,0.10446380823850632,4.682419199962169,0.0015054000541567802,19540,True,True,,,PatchTST-HF-supervised-v1,"{""batch_size"":64,""context_length"":252,""d_model"":32,""dropout"":0.1,""ffn_dim"":64,""learning_rate"":0.001,""max_epochs"":30,""min_delta"":0.0001,""num_attention_heads"":4,""num_hidden_layers"":2,""patch_length"":21,""patch_stride"":7,""patience"":5,""prediction_length"":20,""seed"":2026,""validation_points"":252,""weight_decay"":0.0001,""window_stride"":5}",5.15.0,cpu
2023-02-16,2023-02-16,2022-02-15,2022-02-16,2023-02-16,2022-02-15,121.23406219482422,89.59085845947266,252,21,7,20,5,1409,47,7,2,True,0.07392178475856781,4.134588900022209,0.0013525000540539622,19540,True,True,,,PatchTST-HF-supervised-v1,"{""batch_size"":64,""context_length"":252,""d_model"":32,""dropout"":0.1,""ffn_dim"":64,""learning_rate"":0.001,""max_epochs"":30,""min_delta"":0.0001,""num_attention_heads"":4,""num_hidden_layers"":2,""patch_length"":21,""patch_stride"":7,""patience"":5,""prediction_length"":20,""seed"":2026,""validation_points"":252,""weight_decay"":0.0001,""window_stride"":5}",5.15.0,cpu
2023-02-24,2023-02-24,2022-02-23,2022-02-24,2023-02-24,2022-02-23,121.43008422851562,89.87382507324219,252,21,7,20,5,1410,47,7,2,True,0.06893555819988251,4.181525400024839,0.0019298000261187553,19540,True,True,,,PatchTST-HF-supervised-v1,"{""batch_size"":64,""context_length"":252,""d_model"":32,""dropout"":0.1,""ffn_dim"":64,""learning_rate"":0.001,""max_epochs"":30,""min_delta"":0.0001,""num_attention_heads"":4,""num_hidden_layers"":2,""patch_length"":21,""patch_stride"":7,""patience"":5,""prediction_length"":20,""seed"":2026,""validation_points"":252,""weight_decay"":0.0001,""window_stride"":5}",5.15.0,cpu
2023-03-03,2023-03-03,2022-03-02,2022-03-03,2023-03-03,2022-03-02,121.62599182128906,90.15538024902344,252,21,7,20,5,1411,47,7,2,True,0.10815957188606262,4.248385399929248,0.0011617999989539385,19540,True,True,,,PatchTST-HF-supervised-v1,"{""batch_size"":64,""context_length"":252,""d_model"":32,""dropout"":0.1,""ffn_dim"":64,""learning_rate"":0.001,""max_epochs"":30,""min_delta"":0.0001,""num_attention_heads"":4,""num_hidden_layers"":2,""patch_length"":21,""patch_stride"":7,""patience"":5,""prediction_length"":20,""seed"":2026,""validation_points"":252,""weight_decay"":0.0001,""window_stride"":5}",5.15.0,cpu
2023-03-10,2023-03-10,2022-03-09,2022-03-10,2023-03-10,2022-03-09,121.81654357910156,90.41948699951172,252,21,7,20,5,1412,47,7,2,True,0.05815925821661949,4.307465600082651,0.0011433999752625823,19540,True,True,,,PatchTST-HF-supervised-v1,"{""batch_size"":64,""context_length"":252,""d_model"":32,""dropout"":0.1,""ffn_dim"":64,""learning_rate"":0.001,""max_epochs"":30,""min_delta"":0.0001,""num_attention_heads"":4,""num_hidden_layers"":2,""patch_length"":21,""patch_stride"":7,""patience"":5,""prediction_length"":20,""seed"":2026,""validation_points"":252,""weight_decay"":0.0001,""window_stride"":5}",5.15.0,cpu
2023-03-17,2023-03-17,2022-03-16,2022-03-17,2023-03-17,2022-03-16,122.0059814453125,90.67941284179688,252,21,7,20,5,1413,47,7,2,True,0.07159844785928726,4.178817500011064,0.0013299999991431832,19540,True,True,,,PatchTST-HF-supervised-v1,"{""batch_size"":64,""context_length"":252,""d_model"":32,""dropout"":0.1,""ffn_dim"":64,""learning_rate"":0.001,""max_epochs"":30,""min_delta"":0.0001,""num_attention_heads"":4,""num_hidden_layers"":2,""patch_length"":21,""patch_stride"":7,""patience"":5,""prediction_length"":20,""seed"":2026,""validation_points"":252,""weight_decay"":0.0001,""window_stride"":5}",5.15.0,cpu
2023-03-24,2023-03-24,2022-03-23,2022-03-24,2023-03-24,2022-03-23,122.20857238769531,90.98008728027344,252,21,7,20,5,1414,47,7,2,True,0.05972697585821152,4.2654511000728235,0.0013858999591320753,19540,True,True,,,PatchTST-HF-supervised-v1,"{""batch_size"":64,""context_length"":252,""d_model"":32,""dropout"":0.1,""ffn_dim"":64,""learning_rate"":0.001,""max_epochs"":30,""min_delta"":0.0001,""num_attention_heads"":4,""num_hidden_layers"":2,""patch_length"":21,""patch_stride"":7,""patience"":5,""prediction_length"":20,""seed"":2026,""validation_points"":252,""weight_decay"":0.0001,""window_stride"":5}",5.15.0,cpu
2023-03-31,2023-03-31,2022-03-30,2022-03-31,2023-03-31,2022-03-30,122.4182357788086,91.30335235595703,252,21,7,20,5,1415,47,7,2,True,0.04799908027052879,4.1491164999315515,0.0011275999713689089,19540,True,True,,,PatchTST-HF-supervised-v1,"{""batch_size"":64,""context_length"":252,""d_model"":32,""dropout"":0.1,""ffn_dim"":64,""learning_rate"":0.001,""max_epochs"":30,""min_delta"":0.0001,""num_attention_heads"":4,""num_hidden_layers"":2,""patch_length"":21,""patch_stride"":7,""patience"":5,""prediction_length"":20,""seed"":2026,""validation_points"":252,""weight_decay"":0.0001,""window_stride"":5}",5.15.0,cpu
2023-04-10,2023-04-10,2022-04-06,2022-04-07,2023-04-10,2022-04-06,122.62500762939453,91.61579132080078,252,21,7,20,5,1416,47,7,2,True,0.04869132116436958,4.273031900054775,0.0014480999670922756,19540,True,True,,,PatchTST-HF-supervised-v1,"{""batch_size"":64,""context_length"":252,""d_model"":32,""dropout"":0.1,""ffn_dim"":64,""learning_rate"":0.001,""max_epochs"":30,""min_delta"":0.0001,""num_attention_heads"":4,""num_hidden_layers"":2,""patch_length"":21,""patch_stride"":7,""patience"":5,""prediction_length"":20,""seed"":2026,""validation_points"":252,""weight_decay"":0.0001,""window_stride"":5}",5.15.0,cpu
2023-04-17,2023-04-17,2022-04-13,2022-04-14,2023-04-17,2022-04-13,122.82623291015625,91.90911865234375,252,21,7,20,5,1417,47,7,2,True,0.05979400873184204,4.148429400054738,0.0015287999995052814,19540,True,True,,,PatchTST-HF-supervised-v1,"{""batch_size"":64,""context_length"":252,""d_model"":32,""dropout"":0.1,""ffn_dim"":64,""learning_rate"":0.001,""max_epochs"":30,""min_delta"":0.0001,""num_attention_heads"":4,""num_hidden_layers"":2,""patch_length"":21,""patch_stride"":7,""patience"":5,""prediction_length"":20,""seed"":2026,""validation_points"":252,""weight_decay"":0.0001,""window_stride"":5}",5.15.0,cpu
2023-04-24,2023-04-24,2022-04-21,2022-04-22,2023-04-24,2022-04-21,123.02535247802734,92.19480895996094,252,21,7,20,5,1418,47,7,2,True,0.051494088023900986,4.228574900072999,0.001183799933642149,19540,True,True,,,PatchTST-HF-supervised-v1,"{""batch_size"":64,""context_length"":252,""d_model"":32,""dropout"":0.1,""ffn_dim"":64,""learning_rate"":0.001,""max_epochs"":30,""min_delta"":0.0001,""num_attention_heads"":4,""num_hidden_layers"":2,""patch_length"":21,""patch_stride"":7,""patience"":5,""prediction_length"":20,""seed"":2026,""validation_points"":252,""weight_decay"":0.0001,""window_stride"":5}",5.15.0,cpu
2023-05-01,2023-05-01,2022-04-28,2022-04-29,2023-05-01,2022-04-28,123.21293640136719,92.44424438476562,252,21,7,20,5,1419,47,7,2,True,0.05328458175063133,4.1848381999880075,0.0012784999562427402,19540,True,True,,,PatchTST-HF-supervised-v1,"{""batch_size"":64,""context_length"":252,""d_model"":32,""dropout"":0.1,""ffn_dim"":64,""learning_rate"":0.001,""max_epochs"":30,""min_delta"":0.0001,""num_attention_heads"":4,""num_hidden_layers"":2,""patch_length"":21,""patch_stride"":7,""patience"":5,""prediction_length"":20,""seed"":2026,""validation_points"":252,""weight_decay"":0.0001,""window_stride"":5}",5.15.0,cpu
2023-05-08,2023-05-08,2022-05-05,2022-05-06,2023-05-08,2022-05-05,123.39643859863281,92.68099212646484,252,21,7,20,5,1420,47,7,2,True,0.050289854407310486,4.288029299932532,0.001246499945409596,19540,True,True,,,PatchTST-HF-supervised-v1,"{""batch_size"":64,""context_length"":252,""d_model"":32,""dropout"":0.1,""ffn_dim"":64,""learning_rate"":0.001,""max_epochs"":30,""min_delta"":0.0001,""num_attention_heads"":4,""num_hidden_layers"":2,""patch_length"":21,""patch_stride"":7,""patience"":5,""prediction_length"":20,""seed"":2026,""validation_points"":252,""weight_decay"":0.0001,""window_stride"":5}",5.15.0,cpu
2023-05-15,2023-05-15,2022-05-12,2022-05-13,2023-05-15,2022-05-12,123.56790924072266,92.88334655761719,252,21,7,20,5,1421,47,7,2,True,0.05638924613595009,4.1775547999423,0.0013708999613299966,19540,True,True,,,PatchTST-HF-supervised-v1,"{""batch_size"":64,""context_length"":252,""d_model"":32,""dropout"":0.1,""ffn_dim"":64,""learning_rate"":0.001,""max_epochs"":30,""min_delta"":0.0001,""num_attention_heads"":4,""num_hidden_layers"":2,""patch_length"":21,""patch_stride"":7,""patience"":5,""prediction_length"":20,""seed"":2026,""validation_points"":252,""weight_decay"":0.0001,""window_stride"":5}",5.15.0,cpu
2023-05-22,2023-05-22,2022-05-19,2022-05-20,2023-05-22,2022-05-19,123.73885345458984,93.0838851928711,252,21,7,20,5,1422,47,7,2,True,0.07846258580684662,4.205859199981205,0.0016260999254882336,19540,True,True,,,PatchTST-HF-supervised-v1,"{""batch_size"":64,""context_length"":252,""d_model"":32,""dropout"":0.1,""ffn_dim"":64,""learning_rate"":0.001,""max_epochs"":30,""min_delta"":0.0001,""num_attention_heads"":4,""num_hidden_layers"":2,""patch_length"":21,""patch_stride"":7,""patience"":5,""prediction_length"":20,""seed"":2026,""validation_points"":252,""weight_decay"":0.0001,""window_stride"":5}",5.15.0,cpu
2023-05-30,2023-05-30,2022-05-26,2022-05-27,2023-05-30,2022-05-26,123.90850067138672,93.28048706054688,252,21,7,20,5,1423,47,7,2,True,0.054936498403549194,4.250798000022769,0.0012168999528512359,19540,True,True,,,PatchTST-HF-supervised-v1,"{""batch_size"":64,""context_length"":252,""d_model"":32,""dropout"":0.1,""ffn_dim"":64,""learning_rate"":0.001,""max_epochs"":30,""min_delta"":0.0001,""num_attention_heads"":4,""num_hidden_layers"":2,""patch_length"":21,""patch_stride"":7,""patience"":5,""prediction_length"":20,""seed"":2026,""validation_points"":252,""weight_decay"":0.0001,""window_stride"":5}",5.15.0,cpu
2023-06-06,2023-06-06,2022-06-03,2022-06-06,2023-06-06,2022-06-03,124.0884780883789,93.5051498413086,252,21,7,20,5,1424,47,7,2,True,0.06702395528554916,4.253651899984106,0.0014961999841034412,19540,True,True,,,PatchTST-HF-supervised-v1,"{""batch_size"":64,""context_length"":252,""d_model"":32,""dropout"":0.1,""ffn_dim"":64,""learning_rate"":0.001,""max_epochs"":30,""min_delta"":0.0001,""num_attention_heads"":4,""num_hidden_layers"":2,""patch_length"":21,""patch_stride"":7,""patience"":5,""prediction_length"":20,""seed"":2026,""validation_points"":252,""weight_decay"":0.0001,""window_stride"":5}",5.15.0,cpu
2023-06-13,2023-06-13,2022-06-10,2022-06-13,2023-06-13,2022-06-10,124.26364135742188,93.71612548828125,252,21,7,20,5,1425,47,7,2,True,0.08184463530778885,4.229447299963795,0.0011650000233203173,19540,True,True,,,PatchTST-HF-supervised-v1,"{""batch_size"":64,""context_length"":252,""d_model"":32,""dropout"":0.1,""ffn_dim"":64,""learning_rate"":0.001,""max_epochs"":30,""min_delta"":0.0001,""num_attention_heads"":4,""num_hidden_layers"":2,""patch_length"":21,""patch_stride"":7,""patience"":5,""prediction_length"":20,""seed"":2026,""validation_points"":252,""weight_decay"":0.0001,""window_stride"":5}",5.15.0,cpu
2023-06-21,2023-06-21,2022-06-17,2022-06-21,2023-06-21,2022-06-17,124.41716766357422,93.87043762207031,252,21,7,20,5,1426,47,7,2,True,0.06060817465186119,4.216584200039506,0.001142099965363741,19540,True,True,,,PatchTST-HF-supervised-v1,"{""batch_size"":64,""context_length"":252,""d_model"":32,""dropout"":0.1,""ffn_dim"":64,""learning_rate"":0.001,""max_epochs"":30,""min_delta"":0.0001,""num_attention_heads"":4,""num_hidden_layers"":2,""patch_length"":21,""patch_stride"":7,""patience"":5,""prediction_length"":20,""seed"":2026,""validation_points"":252,""weight_decay"":0.0001,""window_stride"":5}",5.15.0,cpu
2023-06-28,2023-06-28,2022-06-27,2022-06-28,2023-06-28,2022-06-27,124.57715606689453,94.04054260253906,252,21,7,20,5,1427,47,8,3,True,0.09359347820281982,4.829543400090188,0.001515299896709621,19540,True,True,,,PatchTST-HF-supervised-v1,"{""batch_size"":64,""context_length"":252,""d_model"":32,""dropout"":0.1,""ffn_dim"":64,""learning_rate"":0.001,""max_epochs"":30,""min_delta"":0.0001,""num_attention_heads"":4,""num_hidden_layers"":2,""patch_length"":21,""patch_stride"":7,""patience"":5,""prediction_length"":20,""seed"":2026,""validation_points"":252,""weight_decay"":0.0001,""window_stride"":5}",5.15.0,cpu
2023-07-06,2023-07-06,2022-07-05,2022-07-06,2023-07-06,2022-07-05,124.7363052368164,94.20816040039062,252,21,7,20,5,1428,47,7,2,True,0.0845588743686676,4.284876200021245,0.0011189000215381384,19540,True,True,,,PatchTST-HF-supervised-v1,"{""batch_size"":64,""context_length"":252,""d_model"":32,""dropout"":0.1,""ffn_dim"":64,""learning_rate"":0.001,""max_epochs"":30,""min_delta"":0.0001,""num_attention_heads"":4,""num_hidden_layers"":2,""patch_length"":21,""patch_stride"":7,""patience"":5,""prediction_length"":20,""seed"":2026,""validation_points"":252,""weight_decay"":0.0001,""window_stride"":5}",5.15.0,cpu
2023-07-13,2023-07-13,2022-07-12,2022-07-13,2023-07-13,2022-07-12,124.89838409423828,94.3829345703125,252,21,7,20,5,1429,47,7,2,True,0.10023418813943863,4.739102399908006,0.001568300067447126,19540,True,True,,,PatchTST-HF-supervised-v1,"{""batch_size"":64,""context_length"":252,""d_model"":32,""dropout"":0.1,""ffn_dim"":64,""learning_rate"":0.001,""max_epochs"":30,""min_delta"":0.0001,""num_attention_heads"":4,""num_hidden_layers"":2,""patch_length"":21,""patch_stride"":7,""patience"":5,""prediction_length"":20,""seed"":2026,""validation_points"":252,""weight_decay"":0.0001,""window_stride"":5}",5.15.0,cpu
2023-07-20,2023-07-20,2022-07-19,2022-07-20,2023-07-20,2022-07-19,125.0589828491211,94.55372619628906,252,21,7,20,5,1430,47,8,3,True,0.11169011890888214,5.12125800002832,0.0012238998897373676,19540,True,True,,,PatchTST-HF-supervised-v1,"{""batch_size"":64,""context_length"":252,""d_model"":32,""dropout"":0.1,""ffn_dim"":64,""learning_rate"":0.001,""max_epochs"":30,""min_delta"":0.0001,""num_attention_heads"":4,""num_hidden_layers"":2,""patch_length"":21,""patch_stride"":7,""patience"":5,""prediction_length"":20,""seed"":2026,""validation_points"":252,""weight_decay"":0.0001,""window_stride"":5}",5.15.0,cpu
2023-07-27,2023-07-27,2022-07-26,2022-07-27,2023-07-27,2022-07-26,125.2269058227539,94.7430191040039,252,21,7,20,5,1431,47,7,2,True,0.09245745092630386,4.397263000020757,0.0011616999981924891,19540,True,True,,,PatchTST-HF-supervised-v1,"{""batch_size"":64,""context_length"":252,""d_model"":32,""dropout"":0.1,""ffn_dim"":64,""learning_rate"":0.001,""max_epochs"":30,""min_delta"":0.0001,""num_attention_heads"":4,""num_hidden_layers"":2,""patch_length"":21,""patch_stride"":7,""patience"":5,""prediction_length"":20,""seed"":2026,""validation_points"":252,""weight_decay"":0.0001,""window_stride"":5}",5.15.0,cpu
2023-08-03,2023-08-03,2022-08-02,2022-08-03,2023-08-03,2022-08-02,125.4026107788086,94.95294189453125,252,21,7,20,5,1432,47,7,2,True,0.12944947183132172,4.386821800027974,0.0013368999352678657,19540,True,True,,,PatchTST-HF-supervised-v1,"{""batch_size"":64,""context_length"":252,""d_model"":32,""dropout"":0.1,""ffn_dim"":64,""learning_rate"":0.001,""max_epochs"":30,""min_delta"":0.0001,""num_attention_heads"":4,""num_hidden_layers"":2,""patch_length"":21,""patch_stride"":7,""patience"":5,""prediction_length"":20,""seed"":2026,""validation_points"":252,""weight_decay"":0.0001,""window_stride"":5}",5.15.0,cpu
2023-08-10,2023-08-10,2022-08-09,2022-08-10,2023-08-10,2022-08-09,125.58171081542969,95.17179870605469,252,21,7,20,5,1433,47,7,2,True,0.15256750583648682,4.387326700030826,0.0012617000611498952,19540,True,True,,,PatchTST-HF-supervised-v1,"{""batch_size"":64,""context_length"":252,""d_model"":32,""dropout"":0.1,""ffn_dim"":64,""learning_rate"":0.001,""max_epochs"":30,""min_delta"":0.0001,""num_attention_heads"":4,""num_hidden_layers"":2,""patch_length"":21,""patch_stride"":7,""patience"":5,""prediction_length"":20,""seed"":2026,""validation_points"":252,""weight_decay"":0.0001,""window_stride"":5}",5.15.0,cpu
2023-08-17,2023-08-17,2022-08-16,2022-08-17,2023-08-17,2022-08-16,125.76811981201172,95.41105651855469,252,21,7,20,5,1434,47,7,2,True,0.12415755540132523,4.311431600013748,0.0014901000540703535,19540,True,True,,,PatchTST-HF-supervised-v1,"{""batch_size"":64,""context_length"":252,""d_model"":32,""dropout"":0.1,""ffn_dim"":64,""learning_rate"":0.001,""max_epochs"":30,""min_delta"":0.0001,""num_attention_heads"":4,""num_hidden_layers"":2,""patch_length"":21,""patch_stride"":7,""patience"":5,""prediction_length"":20,""seed"":2026,""validation_points"":252,""weight_decay"":0.0001,""window_stride"":5}",5.15.0,cpu
2023-08-24,2023-08-24,2022-08-23,2022-08-24,2023-08-24,2022-08-23,125.95130920410156,95.64060974121094,252,21,7,20,5,1435,47,12,7,True,0.11862245202064514,7.362690699985251,0.001761699910275638,19540,True,True,,,PatchTST-HF-supervised-v1,"{""batch_size"":64,""context_length"":252,""d_model"":32,""dropout"":0.1,""ffn_dim"":64,""learning_rate"":0.001,""max_epochs"":30,""min_delta"":0.0001,""num_attention_heads"":4,""num_hidden_layers"":2,""patch_length"":21,""patch_stride"":7,""patience"":5,""prediction_length"":20,""seed"":2026,""validation_points"":252,""weight_decay"":0.0001,""window_stride"":5}",5.15.0,cpu
2023-08-31,2023-08-31,2022-08-30,2022-08-31,2023-08-31,2022-08-30,126.12623596191406,95.8467025756836,252,21,7,20,5,1436,47,8,3,True,0.11416056007146835,4.853068200056441,0.0011799999047070742,19540,True,True,,,PatchTST-HF-supervised-v1,"{""batch_size"":64,""context_length"":252,""d_model"":32,""dropout"":0.1,""ffn_dim"":64,""learning_rate"":0.001,""max_epochs"":30,""min_delta"":0.0001,""num_attention_heads"":4,""num_hidden_layers"":2,""patch_length"":21,""patch_stride"":7,""patience"":5,""prediction_length"":20,""seed"":2026,""validation_points"":252,""weight_decay"":0.0001,""window_stride"":5}",5.15.0,cpu
2023-09-08,2023-09-08,2022-09-07,2022-09-08,2023-09-08,2022-09-07,126.29240417480469,96.02909088134766,252,21,7,20,5,1437,47,8,3,True,0.1147184893488884,4.840316600049846,0.0011246000649407506,19540,True,True,,,PatchTST-HF-supervised-v1,"{""batch_size"":64,""context_length"":252,""d_model"":32,""dropout"":0.1,""ffn_dim"":64,""learning_rate"":0.001,""max_epochs"":30,""min_delta"":0.0001,""num_attention_heads"":4,""num_hidden_layers"":2,""patch_length"":21,""patch_stride"":7,""patience"":5,""prediction_length"":20,""seed"":2026,""validation_points"":252,""weight_decay"":0.0001,""window_stride"":5}",5.15.0,cpu
2023-09-15,2023-09-15,2022-09-14,2022-09-15,2023-09-15,2022-09-14,126.46258544921875,96.22174072265625,252,21,7,20,5,1438,47,14,9,True,0.10916140675544739,8.425798200070858,0.0011419999646022916,19540,True,True,,,PatchTST-HF-supervised-v1,"{""batch_size"":64,""context_length"":252,""d_model"":32,""dropout"":0.1,""ffn_dim"":64,""learning_rate"":0.001,""max_epochs"":30,""min_delta"":0.0001,""num_attention_heads"":4,""num_hidden_layers"":2,""patch_length"":21,""patch_stride"":7,""patience"":5,""prediction_length"":20,""seed"":2026,""validation_points"":252,""weight_decay"":0.0001,""window_stride"":5}",5.15.0,cpu
2023-09-22,2023-09-22,2022-09-21,2022-09-22,2023-09-22,2022-09-21,126.62319946289062,96.38943481445312,252,21,7,20,5,1439,47,8,3,True,0.10295923054218292,4.780079099931754,0.0014156000688672066,19540,True,True,,,PatchTST-HF-supervised-v1,"{""batch_size"":64,""context_length"":252,""d_model"":32,""dropout"":0.1,""ffn_dim"":64,""learning_rate"":0.001,""max_epochs"":30,""min_delta"":0.0001,""num_attention_heads"":4,""num_hidden_layers"":2,""patch_length"":21,""patch_stride"":7,""patience"":5,""prediction_length"":20,""seed"":2026,""validation_points"":252,""weight_decay"":0.0001,""window_stride"":5}",5.15.0,cpu
2023-09-29,2023-09-29,2022-09-28,2022-09-29,2023-09-29,2022-09-28,126.77291870117188,96.53076934814453,252,21,7,20,5,1440,47,8,3,True,0.09498850256204605,4.870332599966787,0.0011598001001402736,19540,True,True,,,PatchTST-HF-supervised-v1,"{""batch_size"":64,""context_length"":252,""d_model"":32,""dropout"":0.1,""ffn_dim"":64,""learning_rate"":0.001,""max_epochs"":30,""min_delta"":0.0001,""num_attention_heads"":4,""num_hidden_layers"":2,""patch_length"":21,""patch_stride"":7,""patience"":5,""prediction_length"":20,""seed"":2026,""validation_points"":252,""weight_decay"":0.0001,""window_stride"":5}",5.15.0,cpu
2023-10-06,2023-10-06,2022-10-05,2022-10-06,2023-10-06,2022-10-05,126.92259979248047,96.67198944091797,252,21,7,20,5,1441,47,16,11,True,0.08633220195770264,9.912026099977084,0.0012861000141128898,19540,True,True,,,PatchTST-HF-supervised-v1,"{""batch_size"":64,""context_length"":252,""d_model"":32,""dropout"":0.1,""ffn_dim"":64,""learning_rate"":0.001,""max_epochs"":30,""min_delta"":0.0001,""num_attention_heads"":4,""num_hidden_layers"":2,""patch_length"":21,""patch_stride"":7,""patience"":5,""prediction_length"":20,""seed"":2026,""validation_points"":252,""weight_decay"":0.0001,""window_stride"":5}",5.15.0,cpu
2023-10-13,2023-10-13,2022-10-12,2022-10-13,2023-10-13,2022-10-12,127.06810760498047,96.80341339111328,252,21,7,20,5,1442,47,8,3,True,0.07693928480148315,4.983753000036813,0.001282899989746511,19540,True,True,,,PatchTST-HF-supervised-v1,"{""batch_size"":64,""context_length"":252,""d_model"":32,""dropout"":0.1,""ffn_dim"":64,""learning_rate"":0.001,""max_epochs"":30,""min_delta"":0.0001,""num_attention_heads"":4,""num_hidden_layers"":2,""patch_length"":21,""patch_stride"":7,""patience"":5,""prediction_length"":20,""seed"":2026,""validation_points"":252,""weight_decay"":0.0001,""window_stride"":5}",5.15.0,cpu
2023-10-20,2023-10-20,2022-10-19,2022-10-20,2023-10-20,2022-10-19,127.2159194946289,96.93991088867188,252,21,7,20,5,1443,47,9,4,True,0.06920571625232697,5.446189200039953,0.0014470999594777822,19540,True,True,,,PatchTST-HF-supervised-v1,"{""batch_size"":64,""context_length"":252,""d_model"":32,""dropout"":0.1,""ffn_dim"":64,""learning_rate"":0.001,""max_epochs"":30,""min_delta"":0.0001,""num_attention_heads"":4,""num_hidden_layers"":2,""patch_length"":21,""patch_stride"":7,""patience"":5,""prediction_length"":20,""seed"":2026,""validation_points"":252,""weight_decay"":0.0001,""window_stride"":5}",5.15.0,cpu
2023-10-27,2023-10-27,2022-10-26,2022-10-27,2023-10-27,2022-10-26,127.37057495117188,97.09230041503906,252,21,7,20,5,1444,47,16,11,True,0.06347798556089401,9.69460839999374,0.0015647000400349498,19540,True,True,,,PatchTST-HF-supervised-v1,"{""batch_size"":64,""context_length"":252,""d_model"":32,""dropout"":0.1,""ffn_dim"":64,""learning_rate"":0.001,""max_epochs"":30,""min_delta"":0.0001,""num_attention_heads"":4,""num_hidden_layers"":2,""patch_length"":21,""patch_stride"":7,""patience"":5,""prediction_length"":20,""seed"":2026,""validation_points"":252,""weight_decay"":0.0001,""window_stride"":5}",5.15.0,cpu
2023-11-03,2023-11-03,2022-11-02,2022-11-03,2023-11-03,2022-11-02,127.52873229980469,97.2528305053711,252,21,7,20,5,1445,47,14,9,True,0.059166278690099716,8.65992429992184,0.0011931000044569373,19540,True,True,,,PatchTST-HF-supervised-v1,"{""batch_size"":64,""context_length"":252,""d_model"":32,""dropout"":0.1,""ffn_dim"":64,""learning_rate"":0.001,""max_epochs"":30,""min_delta"":0.0001,""num_attention_heads"":4,""num_hidden_layers"":2,""patch_length"":21,""patch_stride"":7,""patience"":5,""prediction_length"":20,""seed"":2026,""validation_points"":252,""weight_decay"":0.0001,""window_stride"":5}",5.15.0,cpu
2023-11-10,2023-11-10,2022-11-09,2022-11-10,2023-11-10,2022-11-09,127.68270874023438,97.40311431884766,252,21,7,20,5,1446,47,13,8,True,0.055202361196279526,7.824939800077118,0.0015438999980688095,19540,True,True,,,PatchTST-HF-supervised-v1,"{""batch_size"":64,""context_length"":252,""d_model"":32,""dropout"":0.1,""ffn_dim"":64,""learning_rate"":0.001,""max_epochs"":30,""min_delta"":0.0001,""num_attention_heads"":4,""num_hidden_layers"":2,""patch_length"":21,""patch_stride"":7,""patience"":5,""prediction_length"":20,""seed"":2026,""validation_points"":252,""weight_decay"":0.0001,""window_stride"":5}",5.15.0,cpu
2023-11-17,2023-11-17,2022-11-16,2022-11-17,2023-11-17,2022-11-16,127.8490219116211,97.5835189819336,252,21,7,20,5,1447,47,15,10,True,0.052586182951927185,9.312922299955972,0.0012857000110670924,19540,True,True,,,PatchTST-HF-supervised-v1,"{""batch_size"":64,""context_length"":252,""d_model"":32,""dropout"":0.1,""ffn_dim"":64,""learning_rate"":0.001,""max_epochs"":30,""min_delta"":0.0001,""num_attention_heads"":4,""num_hidden_layers"":2,""patch_length"":21,""patch_stride"":7,""patience"":5,""prediction_length"":20,""seed"":2026,""validation_points"":252,""weight_decay"":0.0001,""window_stride"":5}",5.15.0,cpu
2023-11-27,2023-11-27,2022-11-23,2022-11-25,2023-11-27,2022-11-23,128.0157470703125,97.76467895507812,252,21,7,20,5,1448,47,10,5,True,0.05175240337848663,6.697203099960461,0.0017806000541895628,19540,True,True,,,PatchTST-HF-supervised-v1,"{""batch_size"":64,""context_length"":252,""d_model"":32,""dropout"":0.1,""ffn_dim"":64,""learning_rate"":0.001,""max_epochs"":30,""min_delta"":0.0001,""num_attention_heads"":4,""num_hidden_layers"":2,""patch_length"":21,""patch_stride"":7,""patience"":5,""prediction_length"":20,""seed"":2026,""validation_points"":252,""weight_decay"":0.0001,""window_stride"":5}",5.15.0,cpu
2023-12-04,2023-12-04,2022-12-01,2022-12-02,2023-12-04,2022-12-01,128.1849365234375,97.9520034790039,252,21,7,20,5,1449,47,15,10,True,0.04815888777375221,9.544004400027916,0.0015214999439194798,19540,True,True,,,PatchTST-HF-supervised-v1,"{""batch_size"":64,""context_length"":252,""d_model"":32,""dropout"":0.1,""ffn_dim"":64,""learning_rate"":0.001,""max_epochs"":30,""min_delta"":0.0001,""num_attention_heads"":4,""num_hidden_layers"":2,""patch_length"":21,""patch_stride"":7,""patience"":5,""prediction_length"":20,""seed"":2026,""validation_points"":252,""weight_decay"":0.0001,""window_stride"":5}",5.15.0,cpu
2023-12-11,2023-12-11,2022-12-08,2022-12-09,2023-12-11,2022-12-08,128.3515167236328,98.1323013305664,252,21,7,20,5,1450,47,16,11,True,0.04602234065532684,9.98074079991784,0.0013349000364542007,19540,True,True,,,PatchTST-HF-supervised-v1,"{""batch_size"":64,""context_length"":252,""d_model"":32,""dropout"":0.1,""ffn_dim"":64,""learning_rate"":0.001,""max_epochs"":30,""min_delta"":0.0001,""num_attention_heads"":4,""num_hidden_layers"":2,""patch_length"":21,""patch_stride"":7,""patience"":5,""prediction_length"":20,""seed"":2026,""validation_points"":252,""weight_decay"":0.0001,""window_stride"":5}",5.15.0,cpu
2023-12-18,2023-12-18,2022-12-15,2022-12-16,2023-12-18,2022-12-15,128.51707458496094,98.30965423583984,252,21,7,20,5,1451,47,15,10,True,0.050176627933979034,9.216903700027615,0.0014226000057533383,19540,True,True,,,PatchTST-HF-supervised-v1,"{""batch_size"":64,""context_length"":252,""d_model"":32,""dropout"":0.1,""ffn_dim"":64,""learning_rate"":0.001,""max_epochs"":30,""min_delta"":0.0001,""num_attention_heads"":4,""num_hidden_layers"":2,""patch_length"":21,""patch_stride"":7,""patience"":5,""prediction_length"":20,""seed"":2026,""validation_points"":252,""weight_decay"":0.0001,""window_stride"":5}",5.15.0,cpu
2023-12-26,2023-12-26,2022-12-22,2022-12-23,2023-12-26,2022-12-22,128.67434692382812,98.46627807617188,252,21,7,20,5,1452,47,10,5,True,0.03750497102737427,6.109175999998115,0.001137400045990944,19540,True,True,,,PatchTST-HF-supervised-v1,"{""batch_size"":64,""context_length"":252,""d_model"":32,""dropout"":0.1,""ffn_dim"":64,""learning_rate"":0.001,""max_epochs"":30,""min_delta"":0.0001,""num_attention_heads"":4,""num_hidden_layers"":2,""patch_length"":21,""patch_stride"":7,""patience"":5,""prediction_length"":20,""seed"":2026,""validation_points"":252,""weight_decay"":0.0001,""window_stride"":5}",5.15.0,cpu
2024-01-03,2024-01-03,2022-12-30,2023-01-03,2024-01-03,2022-12-30,128.83091735839844,98.62100219726562,252,21,7,20,5,1453,47,9,4,True,0.05108686164021492,5.507519399980083,0.001200700062327087,19540,True,True,,,PatchTST-HF-supervised-v1,"{""batch_size"":64,""context_length"":252,""d_model"":32,""dropout"":0.1,""ffn_dim"":64,""learning_rate"":0.001,""max_epochs"":30,""min_delta"":0.0001,""num_attention_heads"":4,""num_hidden_layers"":2,""patch_length"":21,""patch_stride"":7,""patience"":5,""prediction_length"":20,""seed"":2026,""validation_points"":252,""weight_decay"":0.0001,""window_stride"":5}",5.15.0,cpu
2024-01-10,2024-01-10,2023-01-09,2023-01-10,2024-01-10,2023-01-09,128.9889373779297,98.77902221679688,252,21,7,20,5,1454,47,18,13,True,0.03870115056633949,11.140283900080249,0.0013858000747859478,19540,True,True,,,PatchTST-HF-supervised-v1,"{""batch_size"":64,""context_length"":252,""d_model"":32,""dropout"":0.1,""ffn_dim"":64,""learning_rate"":0.001,""max_epochs"":30,""min_delta"":0.0001,""num_attention_heads"":4,""num_hidden_layers"":2,""patch_length"":21,""patch_stride"":7,""patience"":5,""prediction_length"":20,""seed"":2026,""validation_points"":252,""weight_decay"":0.0001,""window_stride"":5}",5.15.0,cpu
2024-01-18,2024-01-18,2023-01-17,2023-01-18,2024-01-18,2023-01-17,129.15428161621094,98.95486450195312,252,21,7,20,5,1455,47,9,4,True,0.05339004844427109,5.568291699979454,0.0015103999758139253,19540,True,True,,,PatchTST-HF-supervised-v1,"{""batch_size"":64,""context_length"":252,""d_model"":32,""dropout"":0.1,""ffn_dim"":64,""learning_rate"":0.001,""max_epochs"":30,""min_delta"":0.0001,""num_attention_heads"":4,""num_hidden_layers"":2,""patch_length"":21,""patch_stride"":7,""patience"":5,""prediction_length"":20,""seed"":2026,""validation_points"":252,""weight_decay"":0.0001,""window_stride"":5}",5.15.0,cpu
2024-01-25,2024-01-25,2023-01-24,2023-01-25,2024-01-25,2023-01-24,129.31907653808594,99.12914276123047,252,21,7,20,5,1456,47,10,5,True,0.04173027351498604,6.112019399995916,0.0013910999987274408,19540,True,True,,,PatchTST-HF-supervised-v1,"{""batch_size"":64,""context_length"":252,""d_model"":32,""dropout"":0.1,""ffn_dim"":64,""learning_rate"":0.001,""max_epochs"":30,""min_delta"":0.0001,""num_attention_heads"":4,""num_hidden_layers"":2,""patch_length"":21,""patch_stride"":7,""patience"":5,""prediction_length"":20,""seed"":2026,""validation_points"":252,""weight_decay"":0.0001,""window_stride"":5}",5.15.0,cpu
2024-02-01,2024-02-01,2023-01-31,2023-02-01,2024-02-01,2023-01-31,129.48886108398438,99.31575775146484,252,21,7,20,5,1457,47,8,3,True,0.04920006915926933,4.947977899922989,0.0014668999938294291,19540,True,True,,,PatchTST-HF-supervised-v1,"{""batch_size"":64,""context_length"":252,""d_model"":32,""dropout"":0.1,""ffn_dim"":64,""learning_rate"":0.001,""max_epochs"":30,""min_delta"":0.0001,""num_attention_heads"":4,""num_hidden_layers"":2,""patch_length"":21,""patch_stride"":7,""patience"":5,""prediction_length"":20,""seed"":2026,""validation_points"":252,""weight_decay"":0.0001,""window_stride"":5}",5.15.0,cpu
2024-02-08,2024-02-08,2023-02-07,2023-02-08,2024-02-08,2023-02-07,129.66436767578125,99.51708221435547,252,21,7,20,5,1458,47,10,5,True,0.05498391389846802,6.205372199998237,0.001156899961642921,19540,True,True,,,PatchTST-HF-supervised-v1,"{""batch_size"":64,""context_length"":252,""d_model"":32,""dropout"":0.1,""ffn_dim"":64,""learning_rate"":0.001,""max_epochs"":30,""min_delta"":0.0001,""num_attention_heads"":4,""num_hidden_layers"":2,""patch_length"":21,""patch_stride"":7,""patience"":5,""prediction_length"":20,""seed"":2026,""validation_points"":252,""weight_decay"":0.0001,""window_stride"":5}",5.15.0,cpu
2024-02-15,2024-02-15,2023-02-14,2023-02-15,2024-02-15,2023-02-14,129.83790588378906,99.7128677368164,252,21,7,20,5,1459,47,9,4,True,0.060012686997652054,5.585215199971572,0.0011814999161288142,19540,True,True,,,PatchTST-HF-supervised-v1,"{""batch_size"":64,""context_length"":252,""d_model"":32,""dropout"":0.1,""ffn_dim"":64,""learning_rate"":0.001,""max_epochs"":30,""min_delta"":0.0001,""num_attention_heads"":4,""num_hidden_layers"":2,""patch_length"":21,""patch_stride"":7,""patience"":5,""prediction_length"":20,""seed"":2026,""validation_points"":252,""weight_decay"":0.0001,""window_stride"":5}",5.15.0,cpu
2024-02-23,2024-02-23,2023-02-22,2023-02-23,2024-02-23,2023-02-22,130.00819396972656,99.89985656738281,252,21,7,20,5,1460,47,14,9,True,0.06850402057170868,8.656042300048284,0.0014304000651463866,19540,True,True,,,PatchTST-HF-supervised-v1,"{""batch_size"":64,""context_length"":252,""d_model"":32,""dropout"":0.1,""ffn_dim"":64,""learning_rate"":0.001,""max_epochs"":30,""min_delta"":0.0001,""num_attention_heads"":4,""num_hidden_layers"":2,""patch_length"":21,""patch_stride"":7,""patience"":5,""prediction_length"":20,""seed"":2026,""validation_points"":252,""weight_decay"":0.0001,""window_stride"":5}",5.15.0,cpu
2024-03-01,2024-03-01,2023-03-01,2023-03-02,2024-03-01,2023-03-01,130.1730194091797,100.07264709472656,252,21,7,20,5,1461,47,13,8,True,0.0657687708735466,7.877340200007893,0.0014035999774932861,19540,True,True,,,PatchTST-HF-supervised-v1,"{""batch_size"":64,""context_length"":252,""d_model"":32,""dropout"":0.1,""ffn_dim"":64,""learning_rate"":0.001,""max_epochs"":30,""min_delta"":0.0001,""num_attention_heads"":4,""num_hidden_layers"":2,""patch_length"":21,""patch_stride"":7,""patience"":5,""prediction_length"":20,""seed"":2026,""validation_points"":252,""weight_decay"":0.0001,""window_stride"":5}",5.15.0,cpu
2024-03-08,2024-03-08,2023-03-08,2023-03-09,2024-03-08,2023-03-08,130.33987426757812,100.25030517578125,252,21,7,20,5,1462,47,10,5,True,0.10146261751651764,6.1859007000457495,0.0011879999656230211,19540,True,True,,,PatchTST-HF-supervised-v1,"{""batch_size"":64,""context_length"":252,""d_model"":32,""dropout"":0.1,""ffn_dim"":64,""learning_rate"":0.001,""max_epochs"":30,""min_delta"":0.0001,""num_attention_heads"":4,""num_hidden_layers"":2,""patch_length"":21,""patch_stride"":7,""patience"":5,""prediction_length"":20,""seed"":2026,""validation_points"":252,""weight_decay"":0.0001,""window_stride"":5}",5.15.0,cpu
2024-03-15,2024-03-15,2023-03-15,2023-03-16,2024-03-15,2023-03-15,130.49899291992188,100.4085922241211,252,21,7,20,5,1463,47,15,10,True,0.07295581698417664,9.232629400095902,0.0016244000289589167,19540,True,True,,,PatchTST-HF-supervised-v1,"{""batch_size"":64,""context_length"":252,""d_model"":32,""dropout"":0.1,""ffn_dim"":64,""learning_rate"":0.001,""max_epochs"":30,""min_delta"":0.0001,""num_attention_heads"":4,""num_hidden_layers"":2,""patch_length"":21,""patch_stride"":7,""patience"":5,""prediction_length"":20,""seed"":2026,""validation_points"":252,""weight_decay"":0.0001,""window_stride"":5}",5.15.0,cpu
2024-03-22,2024-03-22,2023-03-22,2023-03-23,2024-03-22,2023-03-22,130.66204833984375,100.57628631591797,252,21,7,20,5,1464,47,9,4,True,0.10323161631822586,5.513549700030126,0.001236799987964332,19540,True,True,,,PatchTST-HF-supervised-v1,"{""batch_size"":64,""context_length"":252,""d_model"":32,""dropout"":0.1,""ffn_dim"":64,""learning_rate"":0.001,""max_epochs"":30,""min_delta"":0.0001,""num_attention_heads"":4,""num_hidden_layers"":2,""patch_length"":21,""patch_stride"":7,""patience"":5,""prediction_length"":20,""seed"":2026,""validation_points"":252,""weight_decay"":0.0001,""window_stride"":5}",5.15.0,cpu
2024-04-01,2024-04-01,2023-03-29,2023-03-30,2024-04-01,2023-03-29,130.82652282714844,100.74725341796875,252,21,7,20,5,1465,47,11,6,True,0.0866299420595169,6.837691700085998,0.0011669999221339822,19540,True,True,,,PatchTST-HF-supervised-v1,"{""batch_size"":64,""context_length"":252,""d_model"":32,""dropout"":0.1,""ffn_dim"":64,""learning_rate"":0.001,""max_epochs"":30,""min_delta"":0.0001,""num_attention_heads"":4,""num_hidden_layers"":2,""patch_length"":21,""patch_stride"":7,""patience"":5,""prediction_length"":20,""seed"":2026,""validation_points"":252,""weight_decay"":0.0001,""window_stride"":5}",5.15.0,cpu
2024-04-08,2024-04-08,2023-04-05,2023-04-06,2024-04-08,2023-04-05,130.99810791015625,100.9359359741211,252,21,7,20,5,1466,47,14,9,True,0.1208401620388031,8.661466700024903,0.0014815999893471599,19540,True,True,,,PatchTST-HF-supervised-v1,"{""batch_size"":64,""context_length"":252,""d_model"":32,""dropout"":0.1,""ffn_dim"":64,""learning_rate"":0.001,""max_epochs"":30,""min_delta"":0.0001,""num_attention_heads"":4,""num_hidden_layers"":2,""patch_length"":21,""patch_stride"":7,""patience"":5,""prediction_length"":20,""seed"":2026,""validation_points"":252,""weight_decay"":0.0001,""window_stride"":5}",5.15.0,cpu
2024-04-15,2024-04-15,2023-04-13,2023-04-14,2024-04-15,2023-04-13,131.1707000732422,101.12689971923828,252,21,7,20,5,1467,47,20,15,True,0.09153328090906143,12.625911999959499,0.0014588000485673547,19540,True,True,,,PatchTST-HF-supervised-v1,"{""batch_size"":64,""context_length"":252,""d_model"":32,""dropout"":0.1,""ffn_dim"":64,""learning_rate"":0.001,""max_epochs"":30,""min_delta"":0.0001,""num_attention_heads"":4,""num_hidden_layers"":2,""patch_length"":21,""patch_stride"":7,""patience"":5,""prediction_length"":20,""seed"":2026,""validation_points"":252,""weight_decay"":0.0001,""window_stride"":5}",5.15.0,cpu
2024-04-22,2024-04-22,2023-04-20,2023-04-21,2024-04-22,2023-04-20,131.34515380859375,101.32240295410156,252,21,7,20,5,1468,47,10,5,True,0.0933075100183487,6.200996399973519,0.0014721000334247947,19540,True,True,,,PatchTST-HF-supervised-v1,"{""batch_size"":64,""context_length"":252,""d_model"":32,""dropout"":0.1,""ffn_dim"":64,""learning_rate"":0.001,""max_epochs"":30,""min_delta"":0.0001,""num_attention_heads"":4,""num_hidden_layers"":2,""patch_length"":21,""patch_stride"":7,""patience"":5,""prediction_length"":20,""seed"":2026,""validation_points"":252,""weight_decay"":0.0001,""window_stride"":5}",5.15.0,cpu
2024-04-29,2024-04-29,2023-04-27,2023-04-28,2024-04-29,2023-04-27,131.51698303222656,101.51080322265625,252,21,7,20,5,1469,47,14,9,True,0.11060731112957001,8.837714600027539,0.0012518999865278602,19540,True,True,,,PatchTST-HF-supervised-v1,"{""batch_size"":64,""context_length"":252,""d_model"":32,""dropout"":0.1,""ffn_dim"":64,""learning_rate"":0.001,""max_epochs"":30,""min_delta"":0.0001,""num_attention_heads"":4,""num_hidden_layers"":2,""patch_length"":21,""patch_stride"":7,""patience"":5,""prediction_length"":20,""seed"":2026,""validation_points"":252,""weight_decay"":0.0001,""window_stride"":5}",5.15.0,cpu
2024-05-06,2024-05-06,2023-05-04,2023-05-05,2024-05-06,2023-05-04,131.6895751953125,101.70085144042969,252,21,7,20,5,1470,47,14,9,True,0.11866459995508194,8.817435800097883,0.0011959999101236463,19540,True,True,,,PatchTST-HF-supervised-v1,"{""batch_size"":64,""context_length"":252,""d_model"":32,""dropout"":0.1,""ffn_dim"":64,""learning_rate"":0.001,""max_epochs"":30,""min_delta"":0.0001,""num_attention_heads"":4,""num_hidden_layers"":2,""patch_length"":21,""patch_stride"":7,""patience"":5,""prediction_length"":20,""seed"":2026,""validation_points"":252,""weight_decay"":0.0001,""window_stride"":5}",5.15.0,cpu
2024-05-13,2024-05-13,2023-05-11,2023-05-12,2024-05-13,2023-05-11,131.8626708984375,101.8918685913086,252,21,7,20,5,1471,47,9,4,True,0.13336867094039917,5.694636500091292,0.0014294000575318933,19540,True,True,,,PatchTST-HF-supervised-v1,"{""batch_size"":64,""context_length"":252,""d_model"":32,""dropout"":0.1,""ffn_dim"":64,""learning_rate"":0.001,""max_epochs"":30,""min_delta"":0.0001,""num_attention_heads"":4,""num_hidden_layers"":2,""patch_length"":21,""patch_stride"":7,""patience"":5,""prediction_length"":20,""seed"":2026,""validation_points"":252,""weight_decay"":0.0001,""window_stride"":5}",5.15.0,cpu
2024-05-20,2024-05-20,2023-05-18,2023-05-19,2024-05-20,2023-05-18,132.03656005859375,102.0846176147461,252,21,7,20,5,1472,47,11,6,True,0.12592488527297974,6.760195199982263,0.0013763000024482608,19540,True,True,,,PatchTST-HF-supervised-v1,"{""batch_size"":64,""context_length"":252,""d_model"":32,""dropout"":0.1,""ffn_dim"":64,""learning_rate"":0.001,""max_epochs"":30,""min_delta"":0.0001,""num_attention_heads"":4,""num_hidden_layers"":2,""patch_length"":21,""patch_stride"":7,""patience"":5,""prediction_length"":20,""seed"":2026,""validation_points"":252,""weight_decay"":0.0001,""window_stride"":5}",5.15.0,cpu
2024-05-28,2024-05-28,2023-05-25,2023-05-26,2024-05-28,2023-05-25,132.21119689941406,102.27904510498047,252,21,7,20,5,1473,47,9,4,True,0.13971233367919922,5.63916529994458,0.0011836999328806996,19540,True,True,,,PatchTST-HF-supervised-v1,"{""batch_size"":64,""context_length"":252,""d_model"":32,""dropout"":0.1,""ffn_dim"":64,""learning_rate"":0.001,""max_epochs"":30,""min_delta"":0.0001,""num_attention_heads"":4,""num_hidden_layers"":2,""patch_length"":21,""patch_stride"":7,""patience"":5,""prediction_length"":20,""seed"":2026,""validation_points"":252,""weight_decay"":0.0001,""window_stride"":5}",5.15.0,cpu
2024-06-04,2024-06-04,2023-06-02,2023-06-05,2024-06-04,2023-06-02,132.38946533203125,102.4826431274414,252,21,7,20,5,1474,47,15,10,True,0.14550776779651642,9.321032700012438,0.0011634000111371279,19540,True,True,,,PatchTST-HF-supervised-v1,"{""batch_size"":64,""context_length"":252,""d_model"":32,""dropout"":0.1,""ffn_dim"":64,""learning_rate"":0.001,""max_epochs"":30,""min_delta"":0.0001,""num_attention_heads"":4,""num_hidden_layers"":2,""patch_length"":21,""patch_stride"":7,""patience"":5,""prediction_length"":20,""seed"":2026,""validation_points"":252,""weight_decay"":0.0001,""window_stride"":5}",5.15.0,cpu
2024-06-11,2024-06-11,2023-06-09,2023-06-12,2024-06-11,2023-06-09,132.57162475585938,102.69631958007812,252,21,7,20,5,1475,47,15,10,True,0.1195729672908783,9.409479500027373,0.0014391000149771571,19540,True,True,,,PatchTST-HF-supervised-v1,"{""batch_size"":64,""context_length"":252,""d_model"":32,""dropout"":0.1,""ffn_dim"":64,""learning_rate"":0.001,""max_epochs"":30,""min_delta"":0.0001,""num_attention_heads"":4,""num_hidden_layers"":2,""patch_length"":21,""patch_stride"":7,""patience"":5,""prediction_length"":20,""seed"":2026,""validation_points"":252,""weight_decay"":0.0001,""window_stride"":5}",5.15.0,cpu
2024-06-18,2024-06-18,2023-06-16,2023-06-20,2024-06-18,2023-06-16,132.7598876953125,102.92643737792969,252,21,7,20,5,1476,47,8,3,True,0.14121876657009125,4.979156999965198,0.001168800052255392,19540,True,True,,,PatchTST-HF-supervised-v1,"{""batch_size"":64,""context_length"":252,""d_model"":32,""dropout"":0.1,""ffn_dim"":64,""learning_rate"":0.001,""max_epochs"":30,""min_delta"":0.0001,""num_attention_heads"":4,""num_hidden_layers"":2,""patch_length"":21,""patch_stride"":7,""patience"":5,""prediction_length"":20,""seed"":2026,""validation_points"":252,""weight_decay"":0.0001,""window_stride"":5}",5.15.0,cpu
2024-06-26,2024-06-26,2023-06-26,2023-06-27,2024-06-26,2023-06-26,132.9466552734375,103.15190124511719,252,21,7,20,5,1477,47,11,6,True,0.14902593195438385,6.920899600023404,0.001446699956431985,19540,True,True,,,PatchTST-HF-supervised-v1,"{""batch_size"":64,""context_length"":252,""d_model"":32,""dropout"":0.1,""ffn_dim"":64,""learning_rate"":0.001,""max_epochs"":30,""min_delta"":0.0001,""num_attention_heads"":4,""num_hidden_layers"":2,""patch_length"":21,""patch_stride"":7,""patience"":5,""prediction_length"":20,""seed"":2026,""validation_points"":252,""weight_decay"":0.0001,""window_stride"":5}",5.15.0,cpu
2024-07-03,2024-07-03,2023-07-03,2023-07-05,2024-07-03,2023-07-03,133.13626098632812,103.38483428955078,252,21,7,20,5,1478,47,9,4,True,0.17349648475646973,5.717317099915817,0.001426299917511642,19540,True,True,,,PatchTST-HF-supervised-v1,"{""batch_size"":64,""context_length"":252,""d_model"":32,""dropout"":0.1,""ffn_dim"":64,""learning_rate"":0.001,""max_epochs"":30,""min_delta"":0.0001,""num_attention_heads"":4,""num_hidden_layers"":2,""patch_length"":21,""patch_stride"":7,""patience"":5,""prediction_length"":20,""seed"":2026,""validation_points"":252,""weight_decay"":0.0001,""window_stride"":5}",5.15.0,cpu
2024-07-11,2024-07-11,2023-07-11,2023-07-12,2024-07-11,2023-07-11,133.32635498046875,103.61858367919922,252,21,7,20,5,1479,47,14,9,True,0.1639900952577591,8.725883799954318,0.0011739999754354358,19540,True,True,,,PatchTST-HF-supervised-v1,"{""batch_size"":64,""context_length"":252,""d_model"":32,""dropout"":0.1,""ffn_dim"":64,""learning_rate"":0.001,""max_epochs"":30,""min_delta"":0.0001,""num_attention_heads"":4,""num_hidden_layers"":2,""patch_length"":21,""patch_stride"":7,""patience"":5,""prediction_length"":20,""seed"":2026,""validation_points"":252,""weight_decay"":0.0001,""window_stride"":5}",5.15.0,cpu
2024-07-18,2024-07-18,2023-07-18,2023-07-19,2024-07-18,2023-07-18,133.52200317382812,103.86776733398438,252,21,7,20,5,1480,47,18,13,True,0.11943470686674118,11.302796200034209,0.0013853999553248286,19540,True,True,,,PatchTST-HF-supervised-v1,"{""batch_size"":64,""context_length"":252,""d_model"":32,""dropout"":0.1,""ffn_dim"":64,""learning_rate"":0.001,""max_epochs"":30,""min_delta"":0.0001,""num_attention_heads"":4,""num_hidden_layers"":2,""patch_length"":21,""patch_stride"":7,""patience"":5,""prediction_length"":20,""seed"":2026,""validation_points"":252,""weight_decay"":0.0001,""window_stride"":5}",5.15.0,cpu
2024-07-25,2024-07-25,2023-07-25,2023-07-26,2024-07-25,2023-07-25,133.71983337402344,104.12266540527344,252,21,7,20,5,1481,47,9,4,True,0.19602137804031372,5.793067199992947,0.0013686999445781112,19540,True,True,,,PatchTST-HF-supervised-v1,"{""batch_size"":64,""context_length"":252,""d_model"":32,""dropout"":0.1,""ffn_dim"":64,""learning_rate"":0.001,""max_epochs"":30,""min_delta"":0.0001,""num_attention_heads"":4,""num_hidden_layers"":2,""patch_length"":21,""patch_stride"":7,""patience"":5,""prediction_length"":20,""seed"":2026,""validation_points"":252,""weight_decay"":0.0001,""window_stride"":5}",5.15.0,cpu
2024-08-01,2024-08-01,2023-08-01,2023-08-02,2024-08-01,2023-08-01,133.91864013671875,104.37989044189453,252,21,7,20,5,1482,47,10,5,True,0.1636630892753601,6.246423700009473,0.0011521000415086746,19540,True,True,,,PatchTST-HF-supervised-v1,"{""batch_size"":64,""context_length"":252,""d_model"":32,""dropout"":0.1,""ffn_dim"":64,""learning_rate"":0.001,""max_epochs"":30,""min_delta"":0.0001,""num_attention_heads"":4,""num_hidden_layers"":2,""patch_length"":21,""patch_stride"":7,""patience"":5,""prediction_length"":20,""seed"":2026,""validation_points"":252,""weight_decay"":0.0001,""window_stride"":5}",5.15.0,cpu
2024-08-08,2024-08-08,2023-08-08,2023-08-09,2024-08-08,2023-08-08,134.1129608154297,104.62350463867188,252,21,7,20,5,1483,47,8,3,True,0.20625433325767517,5.007624899968505,0.0014717000303789973,19540,True,True,,,PatchTST-HF-supervised-v1,"{""batch_size"":64,""context_length"":252,""d_model"":32,""dropout"":0.1,""ffn_dim"":64,""learning_rate"":0.001,""max_epochs"":30,""min_delta"":0.0001,""num_attention_heads"":4,""num_hidden_layers"":2,""patch_length"":21,""patch_stride"":7,""patience"":5,""prediction_length"":20,""seed"":2026,""validation_points"":252,""weight_decay"":0.0001,""window_stride"":5}",5.15.0,cpu
2024-08-15,2024-08-15,2023-08-15,2023-08-16,2024-08-15,2023-08-15,134.30490112304688,104.85987091064453,252,21,7,20,5,1484,47,11,6,True,0.16663719713687897,7.00932469998952,0.0011345000239089131,19540,True,True,,,PatchTST-HF-supervised-v1,"{""batch_size"":64,""context_length"":252,""d_model"":32,""dropout"":0.1,""ffn_dim"":64,""learning_rate"":0.001,""max_epochs"":30,""min_delta"":0.0001,""num_attention_heads"":4,""num_hidden_layers"":2,""patch_length"":21,""patch_stride"":7,""patience"":5,""prediction_length"":20,""seed"":2026,""validation_points"":252,""weight_decay"":0.0001,""window_stride"":5}",5.15.0,cpu
2024-08-22,2024-08-22,2023-08-22,2023-08-23,2024-08-22,2023-08-22,134.49179077148438,105.08173370361328,252,21,7,20,5,1485,47,9,4,True,0.1950279325246811,5.634582299971953,0.0016722999280318618,19540,True,True,,,PatchTST-HF-supervised-v1,"{""batch_size"":64,""context_length"":252,""d_model"":32,""dropout"":0.1,""ffn_dim"":64,""learning_rate"":0.001,""max_epochs"":30,""min_delta"":0.0001,""num_attention_heads"":4,""num_hidden_layers"":2,""patch_length"":21,""patch_stride"":7,""patience"":5,""prediction_length"":20,""seed"":2026,""validation_points"":252,""weight_decay"":0.0001,""window_stride"":5}",5.15.0,cpu
2024-08-29,2024-08-29,2023-08-29,2023-08-30,2024-08-29,2023-08-29,134.68116760253906,105.3100814819336,252,21,7,20,5,1486,47,14,9,True,0.21207822859287262,8.774403200019151,0.0011375999310985208,19540,True,True,,,PatchTST-HF-supervised-v1,"{""batch_size"":64,""context_length"":252,""d_model"":32,""dropout"":0.1,""ffn_dim"":64,""learning_rate"":0.001,""max_epochs"":30,""min_delta"":0.0001,""num_attention_heads"":4,""num_hidden_layers"":2,""patch_length"":21,""patch_stride"":7,""patience"":5,""prediction_length"":20,""seed"":2026,""validation_points"":252,""weight_decay"":0.0001,""window_stride"":5}",5.15.0,cpu
2024-09-06,2024-09-06,2023-09-06,2023-09-07,2024-09-06,2023-09-06,134.87481689453125,105.54989624023438,252,21,7,20,5,1487,47,12,7,True,0.1634892076253891,7.535126500064507,0.0011501999106258154,19540,True,True,,,PatchTST-HF-supervised-v1,"{""batch_size"":64,""context_length"":252,""d_model"":32,""dropout"":0.1,""ffn_dim"":64,""learning_rate"":0.001,""max_epochs"":30,""min_delta"":0.0001,""num_attention_heads"":4,""num_hidden_layers"":2,""patch_length"":21,""patch_stride"":7,""patience"":5,""prediction_length"":20,""seed"":2026,""validation_points"":252,""weight_decay"":0.0001,""window_stride"":5}",5.15.0,cpu
2024-09-13,2024-09-13,2023-09-13,2023-09-14,2024-09-13,2023-09-13,135.06613159179688,105.78266906738281,252,21,7,20,5,1488,47,9,4,True,0.1857069730758667,5.756101700011641,0.0011622000019997358,19540,True,True,,,PatchTST-HF-supervised-v1,"{""batch_size"":64,""context_length"":252,""d_model"":32,""dropout"":0.1,""ffn_dim"":64,""learning_rate"":0.001,""max_epochs"":30,""min_delta"":0.0001,""num_attention_heads"":4,""num_hidden_layers"":2,""patch_length"":21,""patch_stride"":7,""patience"":5,""prediction_length"":20,""seed"":2026,""validation_points"":252,""weight_decay"":0.0001,""window_stride"":5}",5.15.0,cpu
2024-09-20,2024-09-20,2023-09-20,2023-09-21,2024-09-20,2023-09-20,135.2564239501953,106.01209259033203,252,21,7,20,5,1489,47,10,5,True,0.22087597846984863,6.250713299959898,0.0013785000192001462,19540,True,True,,,PatchTST-HF-supervised-v1,"{""batch_size"":64,""context_length"":252,""d_model"":32,""dropout"":0.1,""ffn_dim"":64,""learning_rate"":0.001,""max_epochs"":30,""min_delta"":0.0001,""num_attention_heads"":4,""num_hidden_layers"":2,""patch_length"":21,""patch_stride"":7,""patience"":5,""prediction_length"":20,""seed"":2026,""validation_points"":252,""weight_decay"":0.0001,""window_stride"":5}",5.15.0,cpu
2024-09-27,2024-09-27,2023-09-27,2023-09-28,2024-09-27,2023-09-27,135.4375457763672,106.21636199951172,252,21,7,20,5,1490,47,16,11,True,0.21249015629291534,10.105056099942885,0.0011144999880343676,19540,True,True,,,PatchTST-HF-supervised-v1,"{""batch_size"":64,""context_length"":252,""d_model"":32,""dropout"":0.1,""ffn_dim"":64,""learning_rate"":0.001,""max_epochs"":30,""min_delta"":0.0001,""num_attention_heads"":4,""num_hidden_layers"":2,""patch_length"":21,""patch_stride"":7,""patience"":5,""prediction_length"":20,""seed"":2026,""validation_points"":252,""weight_decay"":0.0001,""window_stride"":5}",5.15.0,cpu
2024-10-04,2024-10-04,2023-10-04,2023-10-05,2024-10-04,2023-10-04,135.6163787841797,106.41429901123047,252,21,7,20,5,1491,47,13,8,True,0.19564031064510345,8.126589499996044,0.0011843000538647175,19540,True,True,,,PatchTST-HF-supervised-v1,"{""batch_size"":64,""context_length"":252,""d_model"":32,""dropout"":0.1,""ffn_dim"":64,""learning_rate"":0.001,""max_epochs"":30,""min_delta"":0.0001,""num_attention_heads"":4,""num_hidden_layers"":2,""patch_length"":21,""patch_stride"":7,""patience"":5,""prediction_length"":20,""seed"":2026,""validation_points"":252,""weight_decay"":0.0001,""window_stride"":5}",5.15.0,cpu
2024-10-11,2024-10-11,2023-10-11,2023-10-12,2024-10-11,2023-10-11,135.79844665527344,106.62037658691406,252,21,7,20,5,1492,47,10,5,True,0.18284937739372253,6.312198500032537,0.001199800055474043,19540,True,True,,,PatchTST-HF-supervised-v1,"{""batch_size"":64,""context_length"":252,""d_model"":32,""dropout"":0.1,""ffn_dim"":64,""learning_rate"":0.001,""max_epochs"":30,""min_delta"":0.0001,""num_attention_heads"":4,""num_hidden_layers"":2,""patch_length"":21,""patch_stride"":7,""patience"":5,""prediction_length"":20,""seed"":2026,""validation_points"":252,""weight_decay"":0.0001,""window_stride"":5}",5.15.0,cpu
2024-10-18,2024-10-18,2023-10-18,2023-10-19,2024-10-18,2023-10-18,135.98153686523438,106.8288345336914,252,21,7,20,5,1493,47,10,5,True,0.24755071103572845,6.389455700060353,0.0014131999341771007,19540,True,True,,,PatchTST-HF-supervised-v1,"{""batch_size"":64,""context_length"":252,""d_model"":32,""dropout"":0.1,""ffn_dim"":64,""learning_rate"":0.001,""max_epochs"":30,""min_delta"":0.0001,""num_attention_heads"":4,""num_hidden_layers"":2,""patch_length"":21,""patch_stride"":7,""patience"":5,""prediction_length"":20,""seed"":2026,""validation_points"":252,""weight_decay"":0.0001,""window_stride"":5}",5.15.0,cpu
2024-10-25,2024-10-25,2023-10-25,2023-10-26,2024-10-25,2023-10-25,136.15713500976562,107.01748657226562,252,21,7,20,5,1494,47,9,4,True,0.28467118740081787,6.314997100038454,0.001196600031107664,19540,True,True,,,PatchTST-HF-supervised-v1,"{""batch_size"":64,""context_length"":252,""d_model"":32,""dropout"":0.1,""ffn_dim"":64,""learning_rate"":0.001,""max_epochs"":30,""min_delta"":0.0001,""num_attention_heads"":4,""num_hidden_layers"":2,""patch_length"":21,""patch_stride"":7,""patience"":5,""prediction_length"":20,""seed"":2026,""validation_points"":252,""weight_decay"":0.0001,""window_stride"":5}",5.15.0,cpu
2024-11-01,2024-11-01,2023-11-01,2023-11-02,2024-11-01,2023-11-01,136.3288116455078,107.196044921875,252,21,7,20,5,1495,47,16,11,True,0.25066307187080383,10.21431469998788,0.0014815999893471599,19540,True,True,,,PatchTST-HF-supervised-v1,"{""batch_size"":64,""context_length"":252,""d_model"":32,""dropout"":0.1,""ffn_dim"":64,""learning_rate"":0.001,""max_epochs"":30,""min_delta"":0.0001,""num_attention_heads"":4,""num_hidden_layers"":2,""patch_length"":21,""patch_stride"":7,""patience"":5,""prediction_length"":20,""seed"":2026,""validation_points"":252,""weight_decay"":0.0001,""window_stride"":5}",5.15.0,cpu
2024-11-08,2024-11-08,2023-11-08,2023-11-09,2024-11-08,2023-11-08,136.51219177246094,107.40430450439453,252,21,7,20,5,1496,47,9,4,True,0.18786929547786713,5.644780099974014,0.0016892999410629272,19540,True,True,,,PatchTST-HF-supervised-v1,"{""batch_size"":64,""context_length"":252,""d_model"":32,""dropout"":0.1,""ffn_dim"":64,""learning_rate"":0.001,""max_epochs"":30,""min_delta"":0.0001,""num_attention_heads"":4,""num_hidden_layers"":2,""patch_length"":21,""patch_stride"":7,""patience"":5,""prediction_length"":20,""seed"":2026,""validation_points"":252,""weight_decay"":0.0001,""window_stride"":5}",5.15.0,cpu
2024-11-15,2024-11-15,2023-11-15,2023-11-16,2024-11-15,2023-11-15,136.7000732421875,107.62422943115234,252,21,7,20,5,1497,47,8,3,True,0.26449695229530334,5.110120799974538,0.0011471000034362078,19540,True,True,,,PatchTST-HF-supervised-v1,"{""batch_size"":64,""context_length"":252,""d_model"":32,""dropout"":0.1,""ffn_dim"":64,""learning_rate"":0.001,""max_epochs"":30,""min_delta"":0.0001,""num_attention_heads"":4,""num_hidden_layers"":2,""patch_length"":21,""patch_stride"":7,""patience"":5,""prediction_length"":20,""seed"":2026,""validation_points"":252,""weight_decay"":0.0001,""window_stride"":5}",5.15.0,cpu
2024-11-22,2024-11-22,2023-11-22,2023-11-24,2024-11-22,2023-11-22,136.89395141601562,107.86027526855469,252,21,7,20,5,1498,47,13,8,True,0.24625501036643982,8.394704200094566,0.0014642999740317464,19540,True,True,,,PatchTST-HF-supervised-v1,"{""batch_size"":64,""context_length"":252,""d_model"":32,""dropout"":0.1,""ffn_dim"":64,""learning_rate"":0.001,""max_epochs"":30,""min_delta"":0.0001,""num_attention_heads"":4,""num_hidden_layers"":2,""patch_length"":21,""patch_stride"":7,""patience"":5,""prediction_length"":20,""seed"":2026,""validation_points"":252,""weight_decay"":0.0001,""window_stride"":5}",5.15.0,cpu
2024-12-02,2024-12-02,2023-11-30,2023-12-01,2024-12-02,2023-11-30,137.08914184570312,108.09938049316406,252,21,7,20,5,1499,47,12,7,True,0.28372055292129517,7.581341700046323,0.0014129000483080745,19540,True,True,,,PatchTST-HF-supervised-v1,"{""batch_size"":64,""context_length"":252,""d_model"":32,""dropout"":0.1,""ffn_dim"":64,""learning_rate"":0.001,""max_epochs"":30,""min_delta"":0.0001,""num_attention_heads"":4,""num_hidden_layers"":2,""patch_length"":21,""patch_stride"":7,""patience"":5,""prediction_length"":20,""seed"":2026,""validation_points"":252,""weight_decay"":0.0001,""window_stride"":5}",5.15.0,cpu
2024-12-09,2024-12-09,2023-12-07,2023-12-08,2024-12-09,2023-12-07,137.28526306152344,108.34066009521484,252,21,7,20,5,1500,47,10,5,True,0.19407282769680023,6.42323379998561,0.0014319999609142542,19540,True,True,,,PatchTST-HF-supervised-v1,"{""batch_size"":64,""context_length"":252,""d_model"":32,""dropout"":0.1,""ffn_dim"":64,""learning_rate"":0.001,""max_epochs"":30,""min_delta"":0.0001,""num_attention_heads"":4,""num_hidden_layers"":2,""patch_length"":21,""patch_stride"":7,""patience"":5,""prediction_length"":20,""seed"":2026,""validation_points"":252,""weight_decay"":0.0001,""window_stride"":5}",5.15.0,cpu
2024-12-16,2024-12-16,2023-12-14,2023-12-15,2024-12-16,2023-12-14,137.48651123046875,108.59614562988281,252,21,7,20,5,1501,47,15,10,True,0.2945352792739868,9.45759220002219,0.001131199998781085,19540,True,True,,,PatchTST-HF-supervised-v1,"{""batch_size"":64,""context_length"":252,""d_model"":32,""dropout"":0.1,""ffn_dim"":64,""learning_rate"":0.001,""max_epochs"":30,""min_delta"":0.0001,""num_attention_heads"":4,""num_hidden_layers"":2,""patch_length"":21,""patch_stride"":7,""patience"":5,""prediction_length"":20,""seed"":2026,""validation_points"":252,""weight_decay"":0.0001,""window_stride"":5}",5.15.0,cpu
2024-12-23,2024-12-23,2023-12-21,2023-12-22,2024-12-23,2023-12-21,137.69223022460938,108.86396026611328,252,21,7,20,5,1502,47,17,12,True,0.24258524179458618,10.85711719992105,0.001367200049571693,19540,True,True,,,PatchTST-HF-supervised-v1,"{""batch_size"":64,""context_length"":252,""d_model"":32,""dropout"":0.1,""ffn_dim"":64,""learning_rate"":0.001,""max_epochs"":30,""min_delta"":0.0001,""num_attention_heads"":4,""num_hidden_layers"":2,""patch_length"":21,""patch_stride"":7,""patience"":5,""prediction_length"":20,""seed"":2026,""validation_points"":252,""weight_decay"":0.0001,""window_stride"":5}",5.15.0,cpu
2024-12-31,2024-12-31,2023-12-29,2024-01-02,2024-12-31,2023-12-29,137.9002685546875,109.13796997070312,252,21,7,20,5,1503,47,18,13,True,0.2674921452999115,11.472505900077522,0.0015668999403715134,19540,True,True,,,PatchTST-HF-supervised-v1,"{""batch_size"":64,""context_length"":252,""d_model"":32,""dropout"":0.1,""ffn_dim"":64,""learning_rate"":0.001,""max_epochs"":30,""min_delta"":0.0001,""num_attention_heads"":4,""num_hidden_layers"":2,""patch_length"":21,""patch_stride"":7,""patience"":5,""prediction_length"":20,""seed"":2026,""validation_points"":252,""weight_decay"":0.0001,""window_stride"":5}",5.15.0,cpu
2025-01-08,2025-01-08,2024-01-08,2024-01-09,2025-01-08,2024-01-08,138.10472106933594,109.4008560180664,252,21,7,20,5,1504,47,12,7,True,0.23699083924293518,7.67210610001348,0.0013541999505832791,19540,True,True,,,PatchTST-HF-supervised-v1,"{""batch_size"":64,""context_length"":252,""d_model"":32,""dropout"":0.1,""ffn_dim"":64,""learning_rate"":0.001,""max_epochs"":30,""min_delta"":0.0001,""num_attention_heads"":4,""num_hidden_layers"":2,""patch_length"":21,""patch_stride"":7,""patience"":5,""prediction_length"":20,""seed"":2026,""validation_points"":252,""weight_decay"":0.0001,""window_stride"":5}",5.15.0,cpu
2025-01-16,2025-01-16,2024-01-16,2024-01-17,2025-01-16,2024-01-16,138.31228637695312,109.67228698730469,252,21,7,20,5,1505,47,9,4,True,0.2669685184955597,5.732131900032982,0.0013288999907672405,19540,True,True,,,PatchTST-HF-supervised-v1,"{""batch_size"":64,""context_length"":252,""d_model"":32,""dropout"":0.1,""ffn_dim"":64,""learning_rate"":0.001,""max_epochs"":30,""min_delta"":0.0001,""num_attention_heads"":4,""num_hidden_layers"":2,""patch_length"":21,""patch_stride"":7,""patience"":5,""prediction_length"":20,""seed"":2026,""validation_points"":252,""weight_decay"":0.0001,""window_stride"":5}",5.15.0,cpu
2025-01-24,2025-01-24,2024-01-23,2024-01-24,2025-01-24,2024-01-23,138.52223205566406,109.95013427734375,252,21,7,20,5,1506,47,9,4,True,0.19576825201511383,5.813792999950238,0.0012351999757811427,19540,True,True,,,PatchTST-HF-supervised-v1,"{""batch_size"":64,""context_length"":252,""d_model"":32,""dropout"":0.1,""ffn_dim"":64,""learning_rate"":0.001,""max_epochs"":30,""min_delta"":0.0001,""num_attention_heads"":4,""num_hidden_layers"":2,""patch_length"":21,""patch_stride"":7,""patience"":5,""prediction_length"":20,""seed"":2026,""validation_points"":252,""weight_decay"":0.0001,""window_stride"":5}",5.15.0,cpu
2025-01-31,2025-01-31,2024-01-30,2024-01-31,2025-01-31,2024-01-30,138.7373046875,110.24272918701172,252,21,7,20,5,1507,47,9,4,True,0.19328315556049347,5.67440290004015,0.0011724999640136957,19540,True,True,,,PatchTST-HF-supervised-v1,"{""batch_size"":64,""context_length"":252,""d_model"":32,""dropout"":0.1,""ffn_dim"":64,""learning_rate"":0.001,""max_epochs"":30,""min_delta"":0.0001,""num_attention_heads"":4,""num_hidden_layers"":2,""patch_length"":21,""patch_stride"":7,""patience"":5,""prediction_length"":20,""seed"":2026,""validation_points"":252,""weight_decay"":0.0001,""window_stride"":5}",5.15.0,cpu
2025-02-07,2025-02-07,2024-02-06,2024-02-07,2025-02-07,2024-02-06,138.9533233642578,110.53756713867188,252,21,7,20,5,1508,47,9,4,True,0.23681189119815826,5.586369100026786,0.0012344999704509974,19540,True,True,,,PatchTST-HF-supervised-v1,"{""batch_size"":64,""context_length"":252,""d_model"":32,""dropout"":0.1,""ffn_dim"":64,""learning_rate"":0.001,""max_epochs"":30,""min_delta"":0.0001,""num_attention_heads"":4,""num_hidden_layers"":2,""patch_length"":21,""patch_stride"":7,""patience"":5,""prediction_length"":20,""seed"":2026,""validation_points"":252,""weight_decay"":0.0001,""window_stride"":5}",5.15.0,cpu
2025-02-14,2025-02-14,2024-02-13,2024-02-14,2025-02-14,2024-02-13,139.17401123046875,110.84596252441406,252,21,7,20,5,1509,47,15,10,True,0.24633139371871948,9.500642900005914,0.0014201999874785542,19540,True,True,,,PatchTST-HF-supervised-v1,"{""batch_size"":64,""context_length"":252,""d_model"":32,""dropout"":0.1,""ffn_dim"":64,""learning_rate"":0.001,""max_epochs"":30,""min_delta"":0.0001,""num_attention_heads"":4,""num_hidden_layers"":2,""patch_length"":21,""patch_stride"":7,""patience"":5,""prediction_length"":20,""seed"":2026,""validation_points"":252,""weight_decay"":0.0001,""window_stride"":5}",5.15.0,cpu
2025-02-24,2025-02-24,2024-02-21,2024-02-22,2025-02-24,2024-02-21,139.39459228515625,111.15319061279297,252,21,7,20,5,1510,47,14,9,True,0.2808744013309479,9.066855399985798,0.001240900019183755,19540,True,True,,,PatchTST-HF-supervised-v1,"{""batch_size"":64,""context_length"":252,""d_model"":32,""dropout"":0.1,""ffn_dim"":64,""learning_rate"":0.001,""max_epochs"":30,""min_delta"":0.0001,""num_attention_heads"":4,""num_hidden_layers"":2,""patch_length"":21,""patch_stride"":7,""patience"":5,""prediction_length"":20,""seed"":2026,""validation_points"":252,""weight_decay"":0.0001,""window_stride"":5}",5.15.0,cpu
2025-03-03,2025-03-03,2024-02-28,2024-02-29,2025-03-03,2024-02-28,139.6199188232422,111.47444152832031,252,21,7,20,5,1511,47,17,12,True,0.2120835781097412,10.92535679996945,0.0011405000695958734,19540,True,True,,,PatchTST-HF-supervised-v1,"{""batch_size"":64,""context_length"":252,""d_model"":32,""dropout"":0.1,""ffn_dim"":64,""learning_rate"":0.001,""max_epochs"":30,""min_delta"":0.0001,""num_attention_heads"":4,""num_hidden_layers"":2,""patch_length"":21,""patch_stride"":7,""patience"":5,""prediction_length"":20,""seed"":2026,""validation_points"":252,""weight_decay"":0.0001,""window_stride"":5}",5.15.0,cpu
2025-03-10,2025-03-10,2024-03-06,2024-03-07,2025-03-10,2024-03-06,139.84689331054688,111.800048828125,252,21,7,20,5,1512,47,18,13,True,0.20027150213718414,11.429373699938878,0.0014118999242782593,19540,True,True,,,PatchTST-HF-supervised-v1,"{""batch_size"":64,""context_length"":252,""d_model"":32,""dropout"":0.1,""ffn_dim"":64,""learning_rate"":0.001,""max_epochs"":30,""min_delta"":0.0001,""num_attention_heads"":4,""num_hidden_layers"":2,""patch_length"":21,""patch_stride"":7,""patience"":5,""prediction_length"":20,""seed"":2026,""validation_points"":252,""weight_decay"":0.0001,""window_stride"":5}",5.15.0,cpu
2025-03-17,2025-03-17,2024-03-13,2024-03-14,2025-03-17,2024-03-13,140.0760955810547,112.13187408447266,252,21,7,20,5,1513,47,9,4,True,0.1968107670545578,5.75107860006392,0.001137399929575622,19540,True,True,,,PatchTST-HF-supervised-v1,"{""batch_size"":64,""context_length"":252,""d_model"":32,""dropout"":0.1,""ffn_dim"":64,""learning_rate"":0.001,""max_epochs"":30,""min_delta"":0.0001,""num_attention_heads"":4,""num_hidden_layers"":2,""patch_length"":21,""patch_stride"":7,""patience"":5,""prediction_length"":20,""seed"":2026,""validation_points"":252,""weight_decay"":0.0001,""window_stride"":5}",5.15.0,cpu
2025-03-24,2025-03-24,2024-03-20,2024-03-21,2025-03-24,2024-03-20,140.3061981201172,112.46569061279297,252,21,7,20,5,1514,47,16,11,True,0.18160924315452576,10.292959099984728,0.0011650000233203173,19540,True,True,,,PatchTST-HF-supervised-v1,"{""batch_size"":64,""context_length"":252,""d_model"":32,""dropout"":0.1,""ffn_dim"":64,""learning_rate"":0.001,""max_epochs"":30,""min_delta"":0.0001,""num_attention_heads"":4,""num_hidden_layers"":2,""patch_length"":21,""patch_stride"":7,""patience"":5,""prediction_length"":20,""seed"":2026,""validation_points"":252,""weight_decay"":0.0001,""window_stride"":5}",5.15.0,cpu
2025-03-31,2025-03-31,2024-03-27,2024-03-28,2025-03-31,2024-03-27,140.54010009765625,112.8107681274414,252,21,7,20,5,1515,47,9,4,True,0.15843600034713745,5.827405699994415,0.0015469000209122896,19540,True,True,,,PatchTST-HF-supervised-v1,"{""batch_size"":64,""context_length"":252,""d_model"":32,""dropout"":0.1,""ffn_dim"":64,""learning_rate"":0.001,""max_epochs"":30,""min_delta"":0.0001,""num_attention_heads"":4,""num_hidden_layers"":2,""patch_length"":21,""patch_stride"":7,""patience"":5,""prediction_length"":20,""seed"":2026,""validation_points"":252,""weight_decay"":0.0001,""window_stride"":5}",5.15.0,cpu
2025-04-07,2025-04-07,2024-04-04,2024-04-05,2025-04-07,2024-04-04,140.77264404296875,113.15044403076172,252,21,7,20,5,1516,47,12,7,True,0.2140752524137497,7.6147157999221236,0.0012010999489575624,19540,True,True,,,PatchTST-HF-supervised-v1,"{""batch_size"":64,""context_length"":252,""d_model"":32,""dropout"":0.1,""ffn_dim"":64,""learning_rate"":0.001,""max_epochs"":30,""min_delta"":0.0001,""num_attention_heads"":4,""num_hidden_layers"":2,""patch_length"":21,""patch_stride"":7,""patience"":5,""prediction_length"":20,""seed"":2026,""validation_points"":252,""weight_decay"":0.0001,""window_stride"":5}",5.15.0,cpu
2025-04-14,2025-04-14,2024-04-11,2024-04-12,2025-04-14,2024-04-11,141.00387573242188,113.48501586914062,252,21,7,20,5,1517,47,15,10,True,0.18878920376300812,9.934176599956118,0.0011989999329671264,19540,True,True,,,PatchTST-HF-supervised-v1,"{""batch_size"":64,""context_length"":252,""d_model"":32,""dropout"":0.1,""ffn_dim"":64,""learning_rate"":0.001,""max_epochs"":30,""min_delta"":0.0001,""num_attention_heads"":4,""num_hidden_layers"":2,""patch_length"":21,""patch_stride"":7,""patience"":5,""prediction_length"":20,""seed"":2026,""validation_points"":252,""weight_decay"":0.0001,""window_stride"":5}",5.15.0,cpu
2025-04-22,2025-04-22,2024-04-18,2024-04-19,2025-04-22,2024-04-18,141.22621154785156,113.79072570800781,252,21,7,20,5,1518,47,21,16,True,0.13367731869220734,13.404472199967131,0.001307999948039651,19540,True,True,,,PatchTST-HF-supervised-v1,"{""batch_size"":64,""context_length"":252,""d_model"":32,""dropout"":0.1,""ffn_dim"":64,""learning_rate"":0.001,""max_epochs"":30,""min_delta"":0.0001,""num_attention_heads"":4,""num_hidden_layers"":2,""patch_length"":21,""patch_stride"":7,""patience"":5,""prediction_length"":20,""seed"":2026,""validation_points"":252,""weight_decay"":0.0001,""window_stride"":5}",5.15.0,cpu
2025-04-29,2025-04-29,2024-04-25,2024-04-26,2025-04-29,2024-04-25,141.4470977783203,114.09122467041016,252,21,7,20,5,1519,47,8,3,True,0.18227405846118927,5.192635599989444,0.0011696999426931143,19540,True,True,,,PatchTST-HF-supervised-v1,"{""batch_size"":64,""context_length"":252,""d_model"":32,""dropout"":0.1,""ffn_dim"":64,""learning_rate"":0.001,""max_epochs"":30,""min_delta"":0.0001,""num_attention_heads"":4,""num_hidden_layers"":2,""patch_length"":21,""patch_stride"":7,""patience"":5,""prediction_length"":20,""seed"":2026,""validation_points"":252,""weight_decay"":0.0001,""window_stride"":5}",5.15.0,cpu
2025-05-06,2025-05-06,2024-05-02,2024-05-03,2025-05-06,2024-05-02,141.66969299316406,114.39624786376953,252,21,7,20,5,1520,47,11,6,True,0.16501018404960632,7.003892100066878,0.0015314000193029642,19540,True,True,,,PatchTST-HF-supervised-v1,"{""batch_size"":64,""context_length"":252,""d_model"":32,""dropout"":0.1,""ffn_dim"":64,""learning_rate"":0.001,""max_epochs"":30,""min_delta"":0.0001,""num_attention_heads"":4,""num_hidden_layers"":2,""patch_length"":21,""patch_stride"":7,""patience"":5,""prediction_length"":20,""seed"":2026,""validation_points"":252,""weight_decay"":0.0001,""window_stride"":5}",5.15.0,cpu
2025-05-13,2025-05-13,2024-05-09,2024-05-10,2025-05-13,2024-05-09,141.89901733398438,114.72134399414062,252,21,7,20,5,1521,47,8,3,True,0.1716996431350708,5.056077999994159,0.0012263000244274735,19540,True,True,,,PatchTST-HF-supervised-v1,"{""batch_size"":64,""context_length"":252,""d_model"":32,""dropout"":0.1,""ffn_dim"":64,""learning_rate"":0.001,""max_epochs"":30,""min_delta"":0.0001,""num_attention_heads"":4,""num_hidden_layers"":2,""patch_length"":21,""patch_stride"":7,""patience"":5,""prediction_length"":20,""seed"":2026,""validation_points"":252,""weight_decay"":0.0001,""window_stride"":5}",5.15.0,cpu
2025-05-20,2025-05-20,2024-05-16,2024-05-17,2025-05-20,2024-05-16,142.1331329345703,115.06080627441406,252,21,7,20,5,1522,47,15,10,True,0.17003579437732697,9.60299629997462,0.0012833999935537577,19540,True,True,,,PatchTST-HF-supervised-v1,"{""batch_size"":64,""context_length"":252,""d_model"":32,""dropout"":0.1,""ffn_dim"":64,""learning_rate"":0.001,""max_epochs"":30,""min_delta"":0.0001,""num_attention_heads"":4,""num_hidden_layers"":2,""patch_length"":21,""patch_stride"":7,""patience"":5,""prediction_length"":20,""seed"":2026,""validation_points"":252,""weight_decay"":0.0001,""window_stride"":5}",5.15.0,cpu
2025-05-28,2025-05-28,2024-05-23,2024-05-24,2025-05-28,2024-05-23,142.36981201171875,115.40750122070312,252,21,7,20,5,1523,47,14,9,True,0.13047519326210022,8.922510299948044,0.0015138000017032027,19540,True,True,,,PatchTST-HF-supervised-v1,"{""batch_size"":64,""context_length"":252,""d_model"":32,""dropout"":0.1,""ffn_dim"":64,""learning_rate"":0.001,""max_epochs"":30,""min_delta"":0.0001,""num_attention_heads"":4,""num_hidden_layers"":2,""patch_length"":21,""patch_stride"":7,""patience"":5,""prediction_length"":20,""seed"":2026,""validation_points"":252,""weight_decay"":0.0001,""window_stride"":5}",5.15.0,cpu
2025-06-04,2025-06-04,2024-05-31,2024-06-03,2025-06-04,2024-05-31,142.60479736328125,115.74777221679688,252,21,7,20,5,1524,47,12,7,True,0.14842653274536133,7.690463000093587,0.0011621000012382865,19540,True,True,,,PatchTST-HF-supervised-v1,"{""batch_size"":64,""context_length"":252,""d_model"":32,""dropout"":0.1,""ffn_dim"":64,""learning_rate"":0.001,""max_epochs"":30,""min_delta"":0.0001,""num_attention_heads"":4,""num_hidden_layers"":2,""patch_length"":21,""patch_stride"":7,""patience"":5,""prediction_length"":20,""seed"":2026,""validation_points"":252,""weight_decay"":0.0001,""window_stride"":5}",5.15.0,cpu
2025-06-11,2025-06-11,2024-06-07,2024-06-10,2025-06-11,2024-06-07,142.8424835205078,116.0957260131836,252,21,7,20,5,1525,47,23,18,True,0.11835183948278427,14.82401129999198,0.001193300005979836,19540,True,True,,,PatchTST-HF-supervised-v1,"{""batch_size"":64,""context_length"":252,""d_model"":32,""dropout"":0.1,""ffn_dim"":64,""learning_rate"":0.001,""max_epochs"":30,""min_delta"":0.0001,""num_attention_heads"":4,""num_hidden_layers"":2,""patch_length"":21,""patch_stride"":7,""patience"":5,""prediction_length"":20,""seed"":2026,""validation_points"":252,""weight_decay"":0.0001,""window_stride"":5}",5.15.0,cpu
2025-06-18,2025-06-18,2024-06-14,2024-06-17,2025-06-18,2024-06-14,143.08473205566406,116.45760345458984,252,21,7,20,5,1526,47,17,12,True,0.10008310526609421,10.92246640007943,0.0016310999635607004,19540,True,True,,,PatchTST-HF-supervised-v1,"{""batch_size"":64,""context_length"":252,""d_model"":32,""dropout"":0.1,""ffn_dim"":64,""learning_rate"":0.001,""max_epochs"":30,""min_delta"":0.0001,""num_attention_heads"":4,""num_hidden_layers"":2,""patch_length"":21,""patch_stride"":7,""patience"":5,""prediction_length"":20,""seed"":2026,""validation_points"":252,""weight_decay"":0.0001,""window_stride"":5}",5.15.0,cpu
2025-06-26,2025-06-26,2024-06-24,2024-06-25,2025-06-26,2024-06-24,143.3308868408203,116.83128356933594,252,21,7,20,5,1527,47,17,12,True,0.10876874625682831,10.916044399957173,0.001369000063277781,19540,True,True,,,PatchTST-HF-supervised-v1,"{""batch_size"":64,""context_length"":252,""d_model"":32,""dropout"":0.1,""ffn_dim"":64,""learning_rate"":0.001,""max_epochs"":30,""min_delta"":0.0001,""num_attention_heads"":4,""num_hidden_layers"":2,""patch_length"":21,""patch_stride"":7,""patience"":5,""prediction_length"":20,""seed"":2026,""validation_points"":252,""weight_decay"":0.0001,""window_stride"":5}",5.15.0,cpu
2025-07-03,2025-07-03,2024-07-01,2024-07-02,2025-07-03,2024-07-01,143.5769500732422,117.2034683227539,252,21,7,20,5,1528,47,11,6,True,0.13636137545108795,7.092920699971728,0.001245299936272204,19540,True,True,,,PatchTST-HF-supervised-v1,"{""batch_size"":64,""context_length"":252,""d_model"":32,""dropout"":0.1,""ffn_dim"":64,""learning_rate"":0.001,""max_epochs"":30,""min_delta"":0.0001,""num_attention_heads"":4,""num_hidden_layers"":2,""patch_length"":21,""patch_stride"":7,""patience"":5,""prediction_length"":20,""seed"":2026,""validation_points"":252,""weight_decay"":0.0001,""window_stride"":5}",5.15.0,cpu
2025-07-11,2025-07-11,2024-07-09,2024-07-10,2025-07-11,2024-07-09,143.82762145996094,117.58998107910156,252,21,7,20,5,1529,47,8,3,True,0.1289239525794983,5.230790000059642,0.0012522999895736575,19540,True,True,,,PatchTST-HF-supervised-v1,"{""batch_size"":64,""context_length"":252,""d_model"":32,""dropout"":0.1,""ffn_dim"":64,""learning_rate"":0.001,""max_epochs"":30,""min_delta"":0.0001,""num_attention_heads"":4,""num_hidden_layers"":2,""patch_length"":21,""patch_stride"":7,""patience"":5,""prediction_length"":20,""seed"":2026,""validation_points"":252,""weight_decay"":0.0001,""window_stride"":5}",5.15.0,cpu
2025-07-18,2025-07-18,2024-07-16,2024-07-17,2025-07-18,2024-07-16,144.08267211914062,117.99009704589844,252,21,7,20,5,1530,47,13,8,True,0.08671099692583084,8.492838100064546,0.001463599968701601,19540,True,True,,,PatchTST-HF-supervised-v1,"{""batch_size"":64,""context_length"":252,""d_model"":32,""dropout"":0.1,""ffn_dim"":64,""learning_rate"":0.001,""max_epochs"":30,""min_delta"":0.0001,""num_attention_heads"":4,""num_hidden_layers"":2,""patch_length"":21,""patch_stride"":7,""patience"":5,""prediction_length"":20,""seed"":2026,""validation_points"":252,""weight_decay"":0.0001,""window_stride"":5}",5.15.0,cpu
2025-07-25,2025-07-25,2024-07-23,2024-07-24,2025-07-25,2024-07-23,144.3328094482422,118.37232971191406,252,21,7,20,5,1531,47,15,10,True,0.09879011660814285,9.763747700024396,0.0011860000668093562,19540,True,True,,,PatchTST-HF-supervised-v1,"{""batch_size"":64,""context_length"":252,""d_model"":32,""dropout"":0.1,""ffn_dim"":64,""learning_rate"":0.001,""max_epochs"":30,""min_delta"":0.0001,""num_attention_heads"":4,""num_hidden_layers"":2,""patch_length"":21,""patch_stride"":7,""patience"":5,""prediction_length"":20,""seed"":2026,""validation_points"":252,""weight_decay"":0.0001,""window_stride"":5}",5.15.0,cpu
2025-08-01,2025-08-01,2024-07-30,2024-07-31,2025-08-01,2024-07-30,144.57571411132812,118.72956848144531,252,21,7,20,5,1532,47,10,5,True,0.09323092550039291,6.912856700015254,0.0011922999983653426,19540,True,True,,,PatchTST-HF-supervised-v1,"{""batch_size"":64,""context_length"":252,""d_model"":32,""dropout"":0.1,""ffn_dim"":64,""learning_rate"":0.001,""max_epochs"":30,""min_delta"":0.0001,""num_attention_heads"":4,""num_hidden_layers"":2,""patch_length"":21,""patch_stride"":7,""patience"":5,""prediction_length"":20,""seed"":2026,""validation_points"":252,""weight_decay"":0.0001,""window_stride"":5}",5.15.0,cpu
2025-08-08,2025-08-08,2024-08-06,2024-08-07,2025-08-08,2024-08-06,144.81283569335938,119.06764221191406,252,21,7,20,5,1533,47,18,13,True,0.08501315861940384,11.820908699999563,0.0014875000342726707,19540,True,True,,,PatchTST-HF-supervised-v1,"{""batch_size"":64,""context_length"":252,""d_model"":32,""dropout"":0.1,""ffn_dim"":64,""learning_rate"":0.001,""max_epochs"":30,""min_delta"":0.0001,""num_attention_heads"":4,""num_hidden_layers"":2,""patch_length"":21,""patch_stride"":7,""patience"":5,""prediction_length"":20,""seed"":2026,""validation_points"":252,""weight_decay"":0.0001,""window_stride"":5}",5.15.0,cpu
2025-08-15,2025-08-15,2024-08-13,2024-08-14,2025-08-15,2024-08-13,145.048583984375,119.40026092529297,252,21,7,20,5,1534,47,19,14,True,0.08059938997030258,12.306992399971932,0.0014067000010982156,19540,True,True,,,PatchTST-HF-supervised-v1,"{""batch_size"":64,""context_length"":252,""d_model"":32,""dropout"":0.1,""ffn_dim"":64,""learning_rate"":0.001,""max_epochs"":30,""min_delta"":0.0001,""num_attention_heads"":4,""num_hidden_layers"":2,""patch_length"":21,""patch_stride"":7,""patience"":5,""prediction_length"":20,""seed"":2026,""validation_points"":252,""weight_decay"":0.0001,""window_stride"":5}",5.15.0,cpu
2025-08-22,2025-08-22,2024-08-20,2024-08-21,2025-08-22,2024-08-20,145.2977752685547,119.77520751953125,252,21,7,20,5,1535,47,9,4,True,0.09695816040039062,5.899066700018011,0.00155409995932132,19540,True,True,,,PatchTST-HF-supervised-v1,"{""batch_size"":64,""context_length"":252,""d_model"":32,""dropout"":0.1,""ffn_dim"":64,""learning_rate"":0.001,""max_epochs"":30,""min_delta"":0.0001,""num_attention_heads"":4,""num_hidden_layers"":2,""patch_length"":21,""patch_stride"":7,""patience"":5,""prediction_length"":20,""seed"":2026,""validation_points"":252,""weight_decay"":0.0001,""window_stride"":5}",5.15.0,cpu
2025-08-29,2025-08-29,2024-08-27,2024-08-28,2025-08-29,2024-08-27,145.55059814453125,120.1609115600586,252,21,7,20,5,1536,47,13,8,True,0.0763717070221901,8.3614654999692,0.001171699957922101,19540,True,True,,,PatchTST-HF-supervised-v1,"{""batch_size"":64,""context_length"":252,""d_model"":32,""dropout"":0.1,""ffn_dim"":64,""learning_rate"":0.001,""max_epochs"":30,""min_delta"":0.0001,""num_attention_heads"":4,""num_hidden_layers"":2,""patch_length"":21,""patch_stride"":7,""patience"":5,""prediction_length"":20,""seed"":2026,""validation_points"":252,""weight_decay"":0.0001,""window_stride"":5}",5.15.0,cpu
2025-09-08,2025-09-08,2024-09-04,2024-09-05,2025-09-08,2024-09-04,145.80087280273438,120.53711700439453,252,21,7,20,5,1537,47,21,16,True,0.07530278712511063,13.855666699935682,0.0011755001032724977,19540,True,True,,,PatchTST-HF-supervised-v1,"{""batch_size"":64,""context_length"":252,""d_model"":32,""dropout"":0.1,""ffn_dim"":64,""learning_rate"":0.001,""max_epochs"":30,""min_delta"":0.0001,""num_attention_heads"":4,""num_hidden_layers"":2,""patch_length"":21,""patch_stride"":7,""patience"":5,""prediction_length"":20,""seed"":2026,""validation_points"":252,""weight_decay"":0.0001,""window_stride"":5}",5.15.0,cpu
2025-09-15,2025-09-15,2024-09-11,2024-09-12,2025-09-15,2024-09-11,146.04547119140625,120.89368438720703,252,21,7,20,5,1538,47,10,5,True,0.07959048449993134,7.080257499939762,0.0017595000099390745,19540,True,True,,,PatchTST-HF-supervised-v1,"{""batch_size"":64,""context_length"":252,""d_model"":32,""dropout"":0.1,""ffn_dim"":64,""learning_rate"":0.001,""max_epochs"":30,""min_delta"":0.0001,""num_attention_heads"":4,""num_hidden_layers"":2,""patch_length"":21,""patch_stride"":7,""patience"":5,""prediction_length"":20,""seed"":2026,""validation_points"":252,""weight_decay"":0.0001,""window_stride"":5}",5.15.0,cpu
2025-09-22,2025-09-22,2024-09-18,2024-09-19,2025-09-22,2024-09-18,146.29818725585938,121.27574920654297,252,21,7,20,5,1539,47,18,13,True,0.07215136289596558,12.11544620001223,0.0013874999713152647,19540,True,True,,,PatchTST-HF-supervised-v1,"{""batch_size"":64,""context_length"":252,""d_model"":32,""dropout"":0.1,""ffn_dim"":64,""learning_rate"":0.001,""max_epochs"":30,""min_delta"":0.0001,""num_attention_heads"":4,""num_hidden_layers"":2,""patch_length"":21,""patch_stride"":7,""patience"":5,""prediction_length"":20,""seed"":2026,""validation_points"":252,""weight_decay"":0.0001,""window_stride"":5}",5.15.0,cpu
2025-09-29,2025-09-29,2024-09-25,2024-09-26,2025-09-29,2024-09-25,146.55657958984375,121.67561340332031,252,21,7,20,5,1540,47,14,9,True,0.07293498516082764,9.188998199999332,0.0013431999832391739,19540,True,True,,,PatchTST-HF-supervised-v1,"{""batch_size"":64,""context_length"":252,""d_model"":32,""dropout"":0.1,""ffn_dim"":64,""learning_rate"":0.001,""max_epochs"":30,""min_delta"":0.0001,""num_attention_heads"":4,""num_hidden_layers"":2,""patch_length"":21,""patch_stride"":7,""patience"":5,""prediction_length"":20,""seed"":2026,""validation_points"":252,""weight_decay"":0.0001,""window_stride"":5}",5.15.0,cpu
2025-10-06,2025-10-06,2024-10-02,2024-10-03,2025-10-06,2024-10-02,146.81546020507812,122.07584381103516,252,21,7,20,5,1541,47,8,3,True,0.07809850573539734,5.364209300023504,0.001124100061133504,19540,True,True,,,PatchTST-HF-supervised-v1,"{""batch_size"":64,""context_length"":252,""d_model"":32,""dropout"":0.1,""ffn_dim"":64,""learning_rate"":0.001,""max_epochs"":30,""min_delta"":0.0001,""num_attention_heads"":4,""num_hidden_layers"":2,""patch_length"":21,""patch_stride"":7,""patience"":5,""prediction_length"":20,""seed"":2026,""validation_points"":252,""weight_decay"":0.0001,""window_stride"":5}",5.15.0,cpu
2025-10-13,2025-10-13,2024-10-09,2024-10-10,2025-10-13,2024-10-09,147.07449340820312,122.47534942626953,252,21,7,20,5,1542,47,15,10,True,0.06607934087514877,9.66933980002068,0.001197099918499589,19540,True,True,,,PatchTST-HF-supervised-v1,"{""batch_size"":64,""context_length"":252,""d_model"":32,""dropout"":0.1,""ffn_dim"":64,""learning_rate"":0.001,""max_epochs"":30,""min_delta"":0.0001,""num_attention_heads"":4,""num_hidden_layers"":2,""patch_length"":21,""patch_stride"":7,""patience"":5,""prediction_length"":20,""seed"":2026,""validation_points"":252,""weight_decay"":0.0001,""window_stride"":5}",5.15.0,cpu
2025-10-20,2025-10-20,2024-10-16,2024-10-17,2025-10-20,2024-10-16,147.3385009765625,122.89049530029297,252,21,7,20,5,1543,47,11,6,True,0.07336517423391342,7.132786800037138,0.001242100028321147,19540,True,True,,,PatchTST-HF-supervised-v1,"{""batch_size"":64,""context_length"":252,""d_model"":32,""dropout"":0.1,""ffn_dim"":64,""learning_rate"":0.001,""max_epochs"":30,""min_delta"":0.0001,""num_attention_heads"":4,""num_hidden_layers"":2,""patch_length"":21,""patch_stride"":7,""patience"":5,""prediction_length"":20,""seed"":2026,""validation_points"":252,""weight_decay"":0.0001,""window_stride"":5}",5.15.0,cpu
2025-10-27,2025-10-27,2024-10-23,2024-10-24,2025-10-27,2024-10-23,147.60336303710938,123.30726623535156,252,21,7,20,5,1544,47,18,13,True,0.06528812646865845,11.755228099995293,0.0011386999394744635,19540,True,True,,,PatchTST-HF-supervised-v1,"{""batch_size"":64,""context_length"":252,""d_model"":32,""dropout"":0.1,""ffn_dim"":64,""learning_rate"":0.001,""max_epochs"":30,""min_delta"":0.0001,""num_attention_heads"":4,""num_hidden_layers"":2,""patch_length"":21,""patch_stride"":7,""patience"":5,""prediction_length"":20,""seed"":2026,""validation_points"":252,""weight_decay"":0.0001,""window_stride"":5}",5.15.0,cpu
2025-11-03,2025-11-03,2024-10-30,2024-10-31,2025-11-03,2024-10-30,147.86654663085938,123.71693420410156,252,21,7,20,5,1545,47,10,5,True,0.07145804911851883,6.464371799957007,0.0011559000704437494,19540,True,True,,,PatchTST-HF-supervised-v1,"{""batch_size"":64,""context_length"":252,""d_model"":32,""dropout"":0.1,""ffn_dim"":64,""learning_rate"":0.001,""max_epochs"":30,""min_delta"":0.0001,""num_attention_heads"":4,""num_hidden_layers"":2,""patch_length"":21,""patch_stride"":7,""patience"":5,""prediction_length"":20,""seed"":2026,""validation_points"":252,""weight_decay"":0.0001,""window_stride"":5}",5.15.0,cpu
2025-11-10,2025-11-10,2024-11-06,2024-11-07,2025-11-10,2024-11-06,148.1265106201172,124.1146011352539,252,21,7,20,5,1546,47,11,6,True,0.07033286988735199,7.220064399996772,0.0011792000150308013,19540,True,True,,,PatchTST-HF-supervised-v1,"{""batch_size"":64,""context_length"":252,""d_model"":32,""dropout"":0.1,""ffn_dim"":64,""learning_rate"":0.001,""max_epochs"":30,""min_delta"":0.0001,""num_attention_heads"":4,""num_hidden_layers"":2,""patch_length"":21,""patch_stride"":7,""patience"":5,""prediction_length"":20,""seed"":2026,""validation_points"":252,""weight_decay"":0.0001,""window_stride"":5}",5.15.0,cpu
2025-11-17,2025-11-17,2024-11-13,2024-11-14,2025-11-17,2024-11-13,148.39955139160156,124.55562591552734,252,21,7,20,5,1547,47,16,11,True,0.06413265317678452,10.579977500019595,0.001165200024843216,19540,True,True,,,PatchTST-HF-supervised-v1,"{""batch_size"":64,""context_length"":252,""d_model"":32,""dropout"":0.1,""ffn_dim"":64,""learning_rate"":0.001,""max_epochs"":30,""min_delta"":0.0001,""num_attention_heads"":4,""num_hidden_layers"":2,""patch_length"":21,""patch_stride"":7,""patience"":5,""prediction_length"":20,""seed"":2026,""validation_points"":252,""weight_decay"":0.0001,""window_stride"":5}",5.15.0,cpu
2025-11-24,2025-11-24,2024-11-20,2024-11-21,2025-11-24,2024-11-20,148.6675262451172,124.97760772705078,252,21,7,20,5,1548,47,10,5,True,0.06478752195835114,6.561219200026244,0.0013349000364542007,19540,True,True,,,PatchTST-HF-supervised-v1,"{""batch_size"":64,""context_length"":252,""d_model"":32,""dropout"":0.1,""ffn_dim"":64,""learning_rate"":0.001,""max_epochs"":30,""min_delta"":0.0001,""num_attention_heads"":4,""num_hidden_layers"":2,""patch_length"":21,""patch_stride"":7,""patience"":5,""prediction_length"":20,""seed"":2026,""validation_points"":252,""weight_decay"":0.0001,""window_stride"":5}",5.15.0,cpu
2025-12-02,2025-12-02,2024-11-27,2024-11-29,2025-12-02,2024-11-27,148.93980407714844,125.41316223144531,252,21,7,20,5,1549,47,15,10,True,0.061849214136600494,9.78939689998515,0.0011981000425294042,19540,True,True,,,PatchTST-HF-supervised-v1,"{""batch_size"":64,""context_length"":252,""d_model"":32,""dropout"":0.1,""ffn_dim"":64,""learning_rate"":0.001,""max_epochs"":30,""min_delta"":0.0001,""num_attention_heads"":4,""num_hidden_layers"":2,""patch_length"":21,""patch_stride"":7,""patience"":5,""prediction_length"":20,""seed"":2026,""validation_points"":252,""weight_decay"":0.0001,""window_stride"":5}",5.15.0,cpu
2025-12-09,2025-12-09,2024-12-05,2024-12-06,2025-12-09,2024-12-05,149.2164306640625,125.86238861083984,252,21,7,20,5,1550,47,18,13,True,0.06439194083213806,11.734528200002387,0.0011233000550419092,19540,True,True,,,PatchTST-HF-supervised-v1,"{""batch_size"":64,""context_length"":252,""d_model"":32,""dropout"":0.1,""ffn_dim"":64,""learning_rate"":0.001,""max_epochs"":30,""min_delta"":0.0001,""num_attention_heads"":4,""num_hidden_layers"":2,""patch_length"":21,""patch_stride"":7,""patience"":5,""prediction_length"":20,""seed"":2026,""validation_points"":252,""weight_decay"":0.0001,""window_stride"":5}",5.15.0,cpu
2025-12-16,2025-12-16,2024-12-12,2024-12-13,2025-12-16,2024-12-12,149.49305725097656,126.30999755859375,252,21,7,20,5,1551,47,29,24,True,0.060173943638801575,19.751701100030914,0.0013782000169157982,19540,True,True,,,PatchTST-HF-supervised-v1,"{""batch_size"":64,""context_length"":252,""d_model"":32,""dropout"":0.1,""ffn_dim"":64,""learning_rate"":0.001,""max_epochs"":30,""min_delta"":0.0001,""num_attention_heads"":4,""num_hidden_layers"":2,""patch_length"":21,""patch_stride"":7,""patience"":5,""prediction_length"":20,""seed"":2026,""validation_points"":252,""weight_decay"":0.0001,""window_stride"":5}",5.15.0,cpu
2025-12-23,2025-12-23,2024-12-19,2024-12-20,2025-12-23,2024-12-19,149.76451110839844,126.73838806152344,252,21,7,20,5,1552,47,9,4,True,0.0641789361834526,6.091635199962184,0.0014087000163272023,19540,True,True,,,PatchTST-HF-supervised-v1,"{""batch_size"":64,""context_length"":252,""d_model"":32,""dropout"":0.1,""ffn_dim"":64,""learning_rate"":0.001,""max_epochs"":30,""min_delta"":0.0001,""num_attention_heads"":4,""num_hidden_layers"":2,""patch_length"":21,""patch_stride"":7,""patience"":5,""prediction_length"":20,""seed"":2026,""validation_points"":252,""weight_decay"":0.0001,""window_stride"":5}",5.15.0,cpu
2025-12-31,2025-12-31,2024-12-27,2024-12-30,2025-12-31,2024-12-27,150.0363311767578,127.16651916503906,252,21,7,20,5,1553,47,12,7,True,0.06383885443210602,8.078632000018843,0.0014263000339269638,19540,True,True,,,PatchTST-HF-supervised-v1,"{""batch_size"":64,""context_length"":252,""d_model"":32,""dropout"":0.1,""ffn_dim"":64,""learning_rate"":0.001,""max_epochs"":30,""min_delta"":0.0001,""num_attention_heads"":4,""num_hidden_layers"":2,""patch_length"":21,""patch_stride"":7,""patience"":5,""prediction_length"":20,""seed"":2026,""validation_points"":252,""weight_decay"":0.0001,""window_stride"":5}",5.15.0,cpu
2026-01-08,2026-01-08,2025-01-06,2025-01-07,2026-01-08,2025-01-06,150.30328369140625,127.57665252685547,252,21,7,20,5,1554,47,17,12,True,0.062499623745679855,11.062007699976675,0.0011885000858455896,19540,True,True,,,PatchTST-HF-supervised-v1,"{""batch_size"":64,""context_length"":252,""d_model"":32,""dropout"":0.1,""ffn_dim"":64,""learning_rate"":0.001,""max_epochs"":30,""min_delta"":0.0001,""num_attention_heads"":4,""num_hidden_layers"":2,""patch_length"":21,""patch_stride"":7,""patience"":5,""prediction_length"":20,""seed"":2026,""validation_points"":252,""weight_decay"":0.0001,""window_stride"":5}",5.15.0,cpu
2026-01-15,2026-01-15,2025-01-14,2025-01-15,2026-01-15,2025-01-14,150.56695556640625,127.974609375,252,21,7,20,5,1555,47,15,10,True,0.061302606016397476,9.788672400056385,0.0011669000377878547,19540,True,True,,,PatchTST-HF-supervised-v1,"{""batch_size"":64,""context_length"":252,""d_model"":32,""dropout"":0.1,""ffn_dim"":64,""learning_rate"":0.001,""max_epochs"":30,""min_delta"":0.0001,""num_attention_heads"":4,""num_hidden_layers"":2,""patch_length"":21,""patch_stride"":7,""patience"":5,""prediction_length"":20,""seed"":2026,""validation_points"":252,""weight_decay"":0.0001,""window_stride"":5}",5.15.0,cpu
2026-01-23,2026-01-23,2025-01-22,2025-01-23,2026-01-23,2025-01-22,150.8387451171875,128.3987274169922,252,21,7,20,5,1556,47,26,21,True,0.060616325587034225,17.87456959998235,0.0013113999739289284,19540,True,True,,,PatchTST-HF-supervised-v1,"{""batch_size"":64,""context_length"":252,""d_model"":32,""dropout"":0.1,""ffn_dim"":64,""learning_rate"":0.001,""max_epochs"":30,""min_delta"":0.0001,""num_attention_heads"":4,""num_hidden_layers"":2,""patch_length"":21,""patch_stride"":7,""patience"":5,""prediction_length"":20,""seed"":2026,""validation_points"":252,""weight_decay"":0.0001,""window_stride"":5}",5.15.0,cpu
2026-01-30,2026-01-30,2025-01-29,2025-01-30,2026-01-30,2025-01-29,151.11412048339844,128.83363342285156,252,21,7,20,5,1557,47,16,11,True,0.06287550926208496,10.92523480008822,0.0012073999969288707,19540,True,True,,,PatchTST-HF-supervised-v1,"{""batch_size"":64,""context_length"":252,""d_model"":32,""dropout"":0.1,""ffn_dim"":64,""learning_rate"":0.001,""max_epochs"":30,""min_delta"":0.0001,""num_attention_heads"":4,""num_hidden_layers"":2,""patch_length"":21,""patch_stride"":7,""patience"":5,""prediction_length"":20,""seed"":2026,""validation_points"":252,""weight_decay"":0.0001,""window_stride"":5}",5.15.0,cpu
2026-02-06,2026-02-06,2025-02-05,2025-02-06,2026-02-06,2025-02-05,151.3875732421875,129.26058959960938,252,21,7,20,5,1558,47,26,21,True,0.06170032545924187,17.543097299989313,0.0011729999678209424,19540,True,True,,,PatchTST-HF-supervised-v1,"{""batch_size"":64,""context_length"":252,""d_model"":32,""dropout"":0.1,""ffn_dim"":64,""learning_rate"":0.001,""max_epochs"":30,""min_delta"":0.0001,""num_attention_heads"":4,""num_hidden_layers"":2,""patch_length"":21,""patch_stride"":7,""patience"":5,""prediction_length"":20,""seed"":2026,""validation_points"":252,""weight_decay"":0.0001,""window_stride"":5}",5.15.0,cpu
2026-02-13,2026-02-13,2025-02-12,2025-02-13,2026-02-13,2025-02-12,151.6619110107422,129.68919372558594,252,21,7,20,5,1559,47,17,12,True,0.06306377798318863,11.318163299933076,0.0011561999563127756,19540,True,True,,,PatchTST-HF-supervised-v1,"{""batch_size"":64,""context_length"":252,""d_model"":32,""dropout"":0.1,""ffn_dim"":64,""learning_rate"":0.001,""max_epochs"":30,""min_delta"":0.0001,""num_attention_heads"":4,""num_hidden_layers"":2,""patch_length"":21,""patch_stride"":7,""patience"":5,""prediction_length"":20,""seed"":2026,""validation_points"":252,""weight_decay"":0.0001,""window_stride"":5}",5.15.0,cpu
2026-02-23,2026-02-23,2025-02-20,2025-02-21,2026-02-23,2025-02-20,151.9400177001953,130.1292724609375,252,21,7,20,5,1560,47,16,11,True,0.062328778207302094,10.500666499952786,0.001330800005234778,19540,True,True,,,PatchTST-HF-supervised-v1,"{""batch_size"":64,""context_length"":252,""d_model"":32,""dropout"":0.1,""ffn_dim"":64,""learning_rate"":0.001,""max_epochs"":30,""min_delta"":0.0001,""num_attention_heads"":4,""num_hidden_layers"":2,""patch_length"":21,""patch_stride"":7,""patience"":5,""prediction_length"":20,""seed"":2026,""validation_points"":252,""weight_decay"":0.0001,""window_stride"":5}",5.15.0,cpu
2026-03-02,2026-03-02,2025-02-27,2025-02-28,2026-03-02,2025-02-27,152.20762634277344,130.53262329101562,252,21,7,20,5,1561,47,11,6,True,0.06460209935903549,7.272657199995592,0.0017447000136598945,19540,True,True,,,PatchTST-HF-supervised-v1,"{""batch_size"":64,""context_length"":252,""d_model"":32,""dropout"":0.1,""ffn_dim"":64,""learning_rate"":0.001,""max_epochs"":30,""min_delta"":0.0001,""num_attention_heads"":4,""num_hidden_layers"":2,""patch_length"":21,""patch_stride"":7,""patience"":5,""prediction_length"":20,""seed"":2026,""validation_points"":252,""weight_decay"":0.0001,""window_stride"":5}",5.15.0,cpu
2026-03-09,2026-03-09,2025-03-06,2025-03-07,2026-03-09,2025-03-06,152.4675750732422,130.90985107421875,252,21,7,20,5,1562,47,21,16,True,0.05856175348162651,13.787041799980216,0.0012483000755310059,19540,True,True,,,PatchTST-HF-supervised-v1,"{""batch_size"":64,""context_length"":252,""d_model"":32,""dropout"":0.1,""ffn_dim"":64,""learning_rate"":0.001,""max_epochs"":30,""min_delta"":0.0001,""num_attention_heads"":4,""num_hidden_layers"":2,""patch_length"":21,""patch_stride"":7,""patience"":5,""prediction_length"":20,""seed"":2026,""validation_points"":252,""weight_decay"":0.0001,""window_stride"":5}",5.15.0,cpu
2026-03-16,2026-03-16,2025-03-13,2025-03-14,2026-03-16,2025-03-13,152.71408081054688,131.24420166015625,252,21,7,20,5,1563,47,15,10,True,0.055599093437194824,9.86008330003824,0.0013710000785067677,19540,True,True,,,PatchTST-HF-supervised-v1,"{""batch_size"":64,""context_length"":252,""d_model"":32,""dropout"":0.1,""ffn_dim"":64,""learning_rate"":0.001,""max_epochs"":30,""min_delta"":0.0001,""num_attention_heads"":4,""num_hidden_layers"":2,""patch_length"":21,""patch_stride"":7,""patience"":5,""prediction_length"":20,""seed"":2026,""validation_points"":252,""weight_decay"":0.0001,""window_stride"":5}",5.15.0,cpu
2026-03-23,2026-03-23,2025-03-20,2025-03-21,2026-03-23,2025-03-20,152.96279907226562,131.58438110351562,252,21,7,20,5,1564,47,26,21,True,0.049755871295928955,17.28347299993038,0.001536700059659779,19540,True,True,,,PatchTST-HF-supervised-v1,"{""batch_size"":64,""context_length"":252,""d_model"":32,""dropout"":0.1,""ffn_dim"":64,""learning_rate"":0.001,""max_epochs"":30,""min_delta"":0.0001,""num_attention_heads"":4,""num_hidden_layers"":2,""patch_length"":21,""patch_stride"":7,""patience"":5,""prediction_length"":20,""seed"":2026,""validation_points"":252,""weight_decay"":0.0001,""window_stride"":5}",5.15.0,cpu
2026-03-30,2026-03-30,2025-03-27,2025-03-28,2026-03-30,2025-03-27,153.2153778076172,131.9355926513672,252,21,7,20,5,1565,47,17,12,True,0.046939752995967865,11.230370500008576,0.0011345000239089131,19540,True,True,,,PatchTST-HF-supervised-v1,"{""batch_size"":64,""context_length"":252,""d_model"":32,""dropout"":0.1,""ffn_dim"":64,""learning_rate"":0.001,""max_epochs"":30,""min_delta"":0.0001,""num_attention_heads"":4,""num_hidden_layers"":2,""patch_length"":21,""patch_stride"":7,""patience"":5,""prediction_length"":20,""seed"":2026,""validation_points"":252,""weight_decay"":0.0001,""window_stride"":5}",5.15.0,cpu
2026-04-07,2026-04-07,2025-04-03,2025-04-04,2026-04-07,2025-04-03,153.45889282226562,132.258544921875,252,21,7,20,5,1566,47,24,19,True,0.03789181634783745,16.157908700057305,0.0014207999920472503,19540,True,True,,,PatchTST-HF-supervised-v1,"{""batch_size"":64,""context_length"":252,""d_model"":32,""dropout"":0.1,""ffn_dim"":64,""learning_rate"":0.001,""max_epochs"":30,""min_delta"":0.0001,""num_attention_heads"":4,""num_hidden_layers"":2,""patch_length"":21,""patch_stride"":7,""patience"":5,""prediction_length"":20,""seed"":2026,""validation_points"":252,""weight_decay"":0.0001,""window_stride"":5}",5.15.0,cpu
2026-04-14,2026-04-14,2025-04-10,2025-04-11,2026-04-14,2025-04-10,153.67800903320312,132.51242065429688,252,21,7,20,5,1567,47,18,13,True,0.03361828252673149,11.928674500086345,0.0015720000956207514,19540,True,True,,,PatchTST-HF-supervised-v1,"{""batch_size"":64,""context_length"":252,""d_model"":32,""dropout"":0.1,""ffn_dim"":64,""learning_rate"":0.001,""max_epochs"":30,""min_delta"":0.0001,""num_attention_heads"":4,""num_hidden_layers"":2,""patch_length"":21,""patch_stride"":7,""patience"":5,""prediction_length"":20,""seed"":2026,""validation_points"":252,""weight_decay"":0.0001,""window_stride"":5}",5.15.0,cpu
2026-04-21,2026-04-21,2025-04-17,2025-04-21,2026-04-21,2025-04-17,153.90701293945312,132.79214477539062,252,21,7,20,5,1568,47,17,12,True,0.04041332006454468,11.417461299919523,0.0014142999425530434,19540,True,True,,,PatchTST-HF-supervised-v1,"{""batch_size"":64,""context_length"":252,""d_model"":32,""dropout"":0.1,""ffn_dim"":64,""learning_rate"":0.001,""max_epochs"":30,""min_delta"":0.0001,""num_attention_heads"":4,""num_hidden_layers"":2,""patch_length"":21,""patch_stride"":7,""patience"":5,""prediction_length"":20,""seed"":2026,""validation_points"":252,""weight_decay"":0.0001,""window_stride"":5}",5.15.0,cpu
2026-04-28,2026-04-28,2025-04-25,2025-04-28,2026-04-28,2025-04-25,154.13706970214844,133.07464599609375,252,21,7,20,5,1569,47,15,10,True,0.031083643436431885,10.046729400055483,0.0011668000370264053,19540,True,True,,,PatchTST-HF-supervised-v1,"{""batch_size"":64,""context_length"":252,""d_model"":32,""dropout"":0.1,""ffn_dim"":64,""learning_rate"":0.001,""max_epochs"":30,""min_delta"":0.0001,""num_attention_heads"":4,""num_hidden_layers"":2,""patch_length"":21,""patch_stride"":7,""patience"":5,""prediction_length"":20,""seed"":2026,""validation_points"":252,""weight_decay"":0.0001,""window_stride"":5}",5.15.0,cpu
2026-05-05,2026-05-05,2025-05-02,2025-05-05,2026-05-05,2025-05-02,154.38035583496094,133.39430236816406,252,21,7,20,5,1570,47,17,12,True,0.04372712969779968,11.310678699985147,0.0011647000210359693,19540,True,True,,,PatchTST-HF-supervised-v1,"{""batch_size"":64,""context_length"":252,""d_model"":32,""dropout"":0.1,""ffn_dim"":64,""learning_rate"":0.001,""max_epochs"":30,""min_delta"":0.0001,""num_attention_heads"":4,""num_hidden_layers"":2,""patch_length"":21,""patch_stride"":7,""patience"":5,""prediction_length"":20,""seed"":2026,""validation_points"":252,""weight_decay"":0.0001,""window_stride"":5}",5.15.0,cpu
2026-05-12,2026-05-12,2025-05-09,2025-05-12,2026-05-12,2025-05-09,154.62672424316406,133.72238159179688,252,21,7,20,5,1571,47,21,16,True,0.025183413177728653,14.114849100005813,0.0011724999640136957,19540,True,True,,,PatchTST-HF-supervised-v1,"{""batch_size"":64,""context_length"":252,""d_model"":32,""dropout"":0.1,""ffn_dim"":64,""learning_rate"":0.001,""max_epochs"":30,""min_delta"":0.0001,""num_attention_heads"":4,""num_hidden_layers"":2,""patch_length"":21,""patch_stride"":7,""patience"":5,""prediction_length"":20,""seed"":2026,""validation_points"":252,""weight_decay"":0.0001,""window_stride"":5}",5.15.0,cpu
2026-05-19,2026-05-19,2025-05-16,2025-05-19,2026-05-19,2025-05-16,154.88844299316406,134.09703063964844,252,21,7,20,5,1572,47,13,8,True,0.03175299987196922,8.65520869998727,0.0013933000154793262,19540,True,True,,,PatchTST-HF-supervised-v1,"{""batch_size"":64,""context_length"":252,""d_model"":32,""dropout"":0.1,""ffn_dim"":64,""learning_rate"":0.001,""max_epochs"":30,""min_delta"":0.0001,""num_attention_heads"":4,""num_hidden_layers"":2,""patch_length"":21,""patch_stride"":7,""patience"":5,""prediction_length"":20,""seed"":2026,""validation_points"":252,""weight_decay"":0.0001,""window_stride"":5}",5.15.0,cpu
2026-05-27,2026-05-27,2025-05-23,2025-05-27,2026-05-27,2025-05-23,155.1487274169922,134.4661865234375,252,21,7,20,5,1573,47,16,11,True,0.058569710701704025,10.671478600008413,0.0011563999578356743,19540,True,True,,,PatchTST-HF-supervised-v1,"{""batch_size"":64,""context_length"":252,""d_model"":32,""dropout"":0.1,""ffn_dim"":64,""learning_rate"":0.001,""max_epochs"":30,""min_delta"":0.0001,""num_attention_heads"":4,""num_hidden_layers"":2,""patch_length"":21,""patch_stride"":7,""patience"":5,""prediction_length"":20,""seed"":2026,""validation_points"":252,""weight_decay"":0.0001,""window_stride"":5}",5.15.0,cpu
2026-06-03,2026-06-03,2025-06-02,2025-06-03,2026-06-03,2025-06-02,155.410888671875,134.8402557373047,252,21,7,20,5,1574,47,15,10,True,0.0691417008638382,9.966876399936154,0.001421299995854497,19540,True,True,,,PatchTST-HF-supervised-v1,"{""batch_size"":64,""context_length"":252,""d_model"":32,""dropout"":0.1,""ffn_dim"":64,""learning_rate"":0.001,""max_epochs"":30,""min_delta"":0.0001,""num_attention_heads"":4,""num_hidden_layers"":2,""patch_length"":21,""patch_stride"":7,""patience"":5,""prediction_length"":20,""seed"":2026,""validation_points"":252,""weight_decay"":0.0001,""window_stride"":5}",5.15.0,cpu
2026-06-10,2026-06-10,2025-06-09,2025-06-10,2026-06-10,2025-06-09,155.67672729492188,135.22499084472656,252,21,7,20,5,1575,47,30,26,False,0.027728436514735222,19.964295999961905,0.0015072999522089958,19540,True,True,,,PatchTST-HF-supervised-v1,"{""batch_size"":64,""context_length"":252,""d_model"":32,""dropout"":0.1,""ffn_dim"":64,""learning_rate"":0.001,""max_epochs"":30,""min_delta"":0.0001,""num_attention_heads"":4,""num_hidden_layers"":2,""patch_length"":21,""patch_stride"":7,""patience"":5,""prediction_length"":20,""seed"":2026,""validation_points"":252,""weight_decay"":0.0001,""window_stride"":5}",5.15.0,cpu
2026-06-17,2026-06-17,2025-06-16,2025-06-17,2026-06-17,2025-06-16,155.94512939453125,135.61692810058594,252,21,7,20,5,1576,47,12,7,True,0.06933015584945679,7.963079800014384,0.0012076999992132187,19540,True,True,,,PatchTST-HF-supervised-v1,"{""batch_size"":64,""context_length"":252,""d_model"":32,""dropout"":0.1,""ffn_dim"":64,""learning_rate"":0.001,""max_epochs"":30,""min_delta"":0.0001,""num_attention_heads"":4,""num_hidden_layers"":2,""patch_length"":21,""patch_stride"":7,""patience"":5,""prediction_length"":20,""seed"":2026,""validation_points"":252,""weight_decay"":0.0001,""window_stride"":5}",5.15.0,cpu
2026-06-25,2026-06-25,2025-06-24,2025-06-25,2026-06-25,2025-06-24,156.21241760253906,136.00430297851562,252,21,7,20,5,1577,47,24,19,True,0.04107113182544708,16.11723350000102,0.0011269999668002129,19540,True,True,,,PatchTST-HF-supervised-v1,"{""batch_size"":64,""context_length"":252,""d_model"":32,""dropout"":0.1,""ffn_dim"":64,""learning_rate"":0.001,""max_epochs"":30,""min_delta"":0.0001,""num_attention_heads"":4,""num_hidden_layers"":2,""patch_length"":21,""patch_stride"":7,""patience"":5,""prediction_length"":20,""seed"":2026,""validation_points"":252,""weight_decay"":0.0001,""window_stride"":5}",5.15.0,cpu
2026-07-02,2026-07-02,2025-07-01,2025-07-02,2026-07-02,2025-07-01,156.48870849609375,136.41976928710938,252,21,7,20,5,1578,47,15,10,True,0.030261797830462456,9.878023800090887,0.0012156000593677163,19540,True,True,,,PatchTST-HF-supervised-v1,"{""batch_size"":64,""context_length"":252,""d_model"":32,""dropout"":0.1,""ffn_dim"":64,""learning_rate"":0.001,""max_epochs"":30,""min_delta"":0.0001,""num_attention_heads"":4,""num_hidden_layers"":2,""patch_length"":21,""patch_stride"":7,""patience"":5,""prediction_length"":20,""seed"":2026,""validation_points"":252,""weight_decay"":0.0001,""window_stride"":5}",5.15.0,cpu
2026-07-10,2026-07-10,2025-07-09,2025-07-10,2026-07-10,2025-07-09,156.76966857910156,136.84957885742188,252,21,7,20,5,1579,47,30,26,False,0.032936789095401764,19.880974699975923,0.0013780000153928995,19540,True,True,,,PatchTST-HF-supervised-v1,"{""batch_size"":64,""context_length"":252,""d_model"":32,""dropout"":0.1,""ffn_dim"":64,""learning_rate"":0.001,""max_epochs"":30,""min_delta"":0.0001,""num_attention_heads"":4,""num_hidden_layers"":2,""patch_length"":21,""patch_stride"":7,""patience"":5,""prediction_length"":20,""seed"":2026,""validation_points"":252,""weight_decay"":0.0001,""window_stride"":5}",5.15.0,cpu
2026-07-17,2026-07-17,2025-07-16,2025-07-17,2026-07-17,2025-07-16,157.0514678955078,137.2808837890625,252,21,7,20,5,1580,47,15,10,True,0.06172095611691475,10.17108969995752,0.001216100063174963,19540,True,True,,,PatchTST-HF-supervised-v1,"{""batch_size"":64,""context_length"":252,""d_model"":32,""dropout"":0.1,""ffn_dim"":64,""learning_rate"":0.001,""max_epochs"":30,""min_delta"":0.0001,""num_attention_heads"":4,""num_hidden_layers"":2,""patch_length"":21,""patch_stride"":7,""patience"":5,""prediction_length"":20,""seed"":2026,""validation_points"":252,""weight_decay"":0.0001,""window_stride"":5}",5.15.0,cpu
