dataset,model,origin,origin_actual,forecast_date,horizon,actual,forecast,actual_change,predicted_change,actual_direction,predicted_direction,direction_correct,mase_scale,scaled_absolute_error,elapsed_seconds,train_size,window,forecast_scale,model_identifier,transformers_version,device,model_configuration,context_length,patch_length,patch_stride,prediction_length,window_stride,num_training_windows,num_validation_windows,training_data_end,validation_start,validation_end,forecast_origin,scaler_fit_end,scaler_mean,scaler_std,epochs_trained,best_epoch,early_stopped,best_validation_loss,training_elapsed_seconds,inference_elapsed_seconds,num_parameters,forecast_is_finite,parameters_are_finite,training_warning,training_exception,absolute_error,squared_error,standardized_prediction
Electricity-CISO,PatchTST,2024-12-31 23:00:00+00:00,24419.0,2025-01-01 00:00:00+00:00,1,23877.0,25215.119140625,-542.0,796.119140625,-1.0,1.0,False,1787.9697749809309,0.7484014323672062,5.5899265999905765,52608,expanding,original,PatchTST-HF-supervised-v1,5.15.0,cpu,"{""batch_size"":32,""context_length"":336,""d_model"":32,""dropout"":0.1,""ffn_dim"":64,""learning_rate"":0.001,""max_epochs"":30,""min_delta"":0.0001,""num_attention_heads"":4,""num_hidden_layers"":2,""patch_length"":24,""patch_stride"":12,""patience"":5,""prediction_length"":168,""seed"":2026,""validation_points"":1344,""weight_decay"":0.0001,""window_stride"":168}",336,24,12,168,168,303,8,2024-11-05 23:00:00+00:00,2024-11-06 00:00:00+00:00,2024-12-31 23:00:00+00:00,2024-12-31 23:00:00+00:00,2024-11-05 23:00:00+00:00,25056.31640625,4867.00732421875,7,2,True,0.1536682546138763,0.9321129999589176,0.0011670999228954,24296,True,True,,,1338.119140625,1790562.8345069883,0.03262841491624238
Electricity-CISO,PatchTST,2024-12-31 23:00:00+00:00,24419.0,2025-01-01 23:00:00+00:00,24,23003.0,24011.498046875,-1416.0,-407.501953125,-1.0,-1.0,True,1787.9697749809309,0.5640464738201495,5.5899265999905765,52608,expanding,original,PatchTST-HF-supervised-v1,5.15.0,cpu,"{""batch_size"":32,""context_length"":336,""d_model"":32,""dropout"":0.1,""ffn_dim"":64,""learning_rate"":0.001,""max_epochs"":30,""min_delta"":0.0001,""num_attention_heads"":4,""num_hidden_layers"":2,""patch_length"":24,""patch_stride"":12,""patience"":5,""prediction_length"":168,""seed"":2026,""validation_points"":1344,""weight_decay"":0.0001,""window_stride"":168}",336,24,12,168,168,303,8,2024-11-05 23:00:00+00:00,2024-11-06 00:00:00+00:00,2024-12-31 23:00:00+00:00,2024-12-31 23:00:00+00:00,2024-11-05 23:00:00+00:00,25056.31640625,4867.00732421875,7,2,True,0.1536682546138763,0.9321129999589176,0.0011670999228954,24296,True,True,,,1008.498046875,1017068.3105506896,-0.21467367722581224
Electricity-CISO,PatchTST,2024-12-31 23:00:00+00:00,24419.0,2025-01-07 23:00:00+00:00,168,24159.0,25417.421875,-260.0,998.421875,-1.0,1.0,False,1787.9697749809309,0.7038272640897532,5.5899265999905765,52608,expanding,original,PatchTST-HF-supervised-v1,5.15.0,cpu,"{""batch_size"":32,""context_length"":336,""d_model"":32,""dropout"":0.1,""ffn_dim"":64,""learning_rate"":0.001,""max_epochs"":30,""min_delta"":0.0001,""num_attention_heads"":4,""num_hidden_layers"":2,""patch_length"":24,""patch_stride"":12,""patience"":5,""prediction_length"":168,""seed"":2026,""validation_points"":1344,""weight_decay"":0.0001,""window_stride"":168}",336,24,12,168,168,303,8,2024-11-05 23:00:00+00:00,2024-11-06 00:00:00+00:00,2024-12-31 23:00:00+00:00,2024-12-31 23:00:00+00:00,2024-11-05 23:00:00+00:00,25056.31640625,4867.00732421875,7,2,True,0.1536682546138763,0.9321129999589176,0.0011670999228954,24296,True,True,,,1258.421875,1583625.6154785156,0.07419456037246965
Electricity-CISO,PatchTST,2025-01-07 23:00:00+00:00,24159.0,2025-01-08 00:00:00+00:00,1,24153.0,23388.640625,-6.0,-770.359375,-1.0,-1.0,True,1784.615438716545,0.4283048092140847,0.9637062000110744,52776,expanding,original,PatchTST-HF-supervised-v1,5.15.0,cpu,"{""batch_size"":32,""context_length"":336,""d_model"":32,""dropout"":0.1,""ffn_dim"":64,""learning_rate"":0.001,""max_epochs"":30,""min_delta"":0.0001,""num_attention_heads"":4,""num_hidden_layers"":2,""patch_length"":24,""patch_stride"":12,""patience"":5,""prediction_length"":168,""seed"":2026,""validation_points"":1344,""weight_decay"":0.0001,""window_stride"":168}",336,24,12,168,168,304,8,2024-11-12 23:00:00+00:00,2024-11-13 00:00:00+00:00,2025-01-07 23:00:00+00:00,2025-01-07 23:00:00+00:00,2024-11-12 23:00:00+00:00,25051.58203125,4861.30322265625,7,2,True,0.2056344598531723,0.952570900088176,0.0010430000256747,24296,True,True,,,764.359375,584245.2541503906,-0.3420772846465967
Electricity-CISO,PatchTST,2025-01-07 23:00:00+00:00,24159.0,2025-01-08 23:00:00+00:00,24,23784.0,23171.20703125,-375.0,-987.79296875,-1.0,-1.0,True,1784.615438716545,0.3433753600107297,0.9637062000110744,52776,expanding,original,PatchTST-HF-supervised-v1,5.15.0,cpu,"{""batch_size"":32,""context_length"":336,""d_model"":32,""dropout"":0.1,""ffn_dim"":64,""learning_rate"":0.001,""max_epochs"":30,""min_delta"":0.0001,""num_attention_heads"":4,""num_hidden_layers"":2,""patch_length"":24,""patch_stride"":12,""patience"":5,""prediction_length"":168,""seed"":2026,""validation_points"":1344,""weight_decay"":0.0001,""window_stride"":168}",336,24,12,168,168,304,8,2024-11-12 23:00:00+00:00,2024-11-13 00:00:00+00:00,2025-01-07 23:00:00+00:00,2025-01-07 23:00:00+00:00,2024-11-12 23:00:00+00:00,25051.58203125,4861.30322265625,7,2,True,0.2056344598531723,0.952570900088176,0.0010430000256747,24296,True,True,,,612.79296875,375515.2225494385,-0.38680471344318856
Electricity-CISO,PatchTST,2025-01-07 23:00:00+00:00,24159.0,2025-01-14 23:00:00+00:00,168,24913.0,22655.982421875,754.0,-1503.017578125,1.0,-1.0,False,1784.615438716545,1.2647080873334795,0.9637062000110744,52776,expanding,original,PatchTST-HF-supervised-v1,5.15.0,cpu,"{""batch_size"":32,""context_length"":336,""d_model"":32,""dropout"":0.1,""ffn_dim"":64,""learning_rate"":0.001,""max_epochs"":30,""min_delta"":0.0001,""num_attention_heads"":4,""num_hidden_layers"":2,""patch_length"":24,""patch_stride"":12,""patience"":5,""prediction_length"":168,""seed"":2026,""validation_points"":1344,""weight_decay"":0.0001,""window_stride"":168}",336,24,12,168,168,304,8,2024-11-12 23:00:00+00:00,2024-11-13 00:00:00+00:00,2025-01-07 23:00:00+00:00,2025-01-07 23:00:00+00:00,2024-11-12 23:00:00+00:00,25051.58203125,4861.30322265625,7,2,True,0.2056344598531723,0.952570900088176,0.0010430000256747,24296,True,True,,,2257.017578125,5094128.3479652405,-0.4927895874115064
Electricity-CISO,PatchTST,2025-01-14 23:00:00+00:00,24913.0,2025-01-15 00:00:00+00:00,1,24813.0,23166.439453125,-100.0,-1746.560546875,-1.0,-1.0,True,1781.6639760497196,0.9241700842634372,0.9323913999833168,52944,expanding,original,PatchTST-HF-supervised-v1,5.15.0,cpu,"{""batch_size"":32,""context_length"":336,""d_model"":32,""dropout"":0.1,""ffn_dim"":64,""learning_rate"":0.001,""max_epochs"":30,""min_delta"":0.0001,""num_attention_heads"":4,""num_hidden_layers"":2,""patch_length"":24,""patch_stride"":12,""patience"":5,""prediction_length"":168,""seed"":2026,""validation_points"":1344,""weight_decay"":0.0001,""window_stride"":168}",336,24,12,168,168,305,8,2024-11-19 23:00:00+00:00,2024-11-20 00:00:00+00:00,2025-01-14 23:00:00+00:00,2025-01-14 23:00:00+00:00,2024-11-19 23:00:00+00:00,25048.9609375,4855.11083984375,7,2,True,0.1960008293390274,0.920001499936916,0.0009707999415695,24296,True,True,,,1646.560546875,2711161.634525299,-0.3877401662853869
Electricity-CISO,PatchTST,2025-01-14 23:00:00+00:00,24913.0,2025-01-15 23:00:00+00:00,24,24075.0,23957.140625,-838.0,-955.859375,-1.0,-1.0,True,1781.6639760497196,0.066151292603062,0.9323913999833168,52944,expanding,original,PatchTST-HF-supervised-v1,5.15.0,cpu,"{""batch_size"":32,""context_length"":336,""d_model"":32,""dropout"":0.1,""ffn_dim"":64,""learning_rate"":0.001,""max_epochs"":30,""min_delta"":0.0001,""num_attention_heads"":4,""num_hidden_layers"":2,""patch_length"":24,""patch_stride"":12,""patience"":5,""prediction_length"":168,""seed"":2026,""validation_points"":1344,""weight_decay"":0.0001,""window_stride"":168}",336,24,12,168,168,305,8,2024-11-19 23:00:00+00:00,2024-11-20 00:00:00+00:00,2025-01-14 23:00:00+00:00,2025-01-14 23:00:00+00:00,2024-11-19 23:00:00+00:00,25048.9609375,4855.11083984375,7,2,True,0.1960008293390274,0.920001499936916,0.0009707999415695,24296,True,True,,,117.859375,13890.832275390623,-0.22488061519418115
Electricity-CISO,PatchTST,2025-01-14 23:00:00+00:00,24913.0,2025-01-21 23:00:00+00:00,168,24199.0,22296.462890625,-714.0,-2616.537109375,-1.0,-1.0,True,1781.6639760497196,1.067842833974383,0.9323913999833168,52944,expanding,original,PatchTST-HF-supervised-v1,5.15.0,cpu,"{""batch_size"":32,""context_length"":336,""d_model"":32,""dropout"":0.1,""ffn_dim"":64,""learning_rate"":0.001,""max_epochs"":30,""min_delta"":0.0001,""num_attention_heads"":4,""num_hidden_layers"":2,""patch_length"":24,""patch_stride"":12,""patience"":5,""prediction_length"":168,""seed"":2026,""validation_points"":1344,""weight_decay"":0.0001,""window_stride"":168}",336,24,12,168,168,305,8,2024-11-19 23:00:00+00:00,2024-11-20 00:00:00+00:00,2025-01-14 23:00:00+00:00,2025-01-14 23:00:00+00:00,2024-11-19 23:00:00+00:00,25048.9609375,4855.11083984375,7,2,True,0.1960008293390274,0.920001499936916,0.0009707999415695,24296,True,True,,,1902.537109375,3619647.4525489807,-0.566927952352079
Electricity-CISO,PatchTST,2025-01-21 23:00:00+00:00,24199.0,2025-01-22 00:00:00+00:00,1,24040.0,25739.78515625,-159.0,1540.78515625,-1.0,1.0,False,1778.3319734058628,0.955831184317386,0.9156997000100092,53112,expanding,original,PatchTST-HF-supervised-v1,5.15.0,cpu,"{""batch_size"":32,""context_length"":336,""d_model"":32,""dropout"":0.1,""ffn_dim"":64,""learning_rate"":0.001,""max_epochs"":30,""min_delta"":0.0001,""num_attention_heads"":4,""num_hidden_layers"":2,""patch_length"":24,""patch_stride"":12,""patience"":5,""prediction_length"":168,""seed"":2026,""validation_points"":1344,""weight_decay"":0.0001,""window_stride"":168}",336,24,12,168,168,306,8,2024-11-26 23:00:00+00:00,2024-11-27 00:00:00+00:00,2025-01-21 23:00:00+00:00,2025-01-21 23:00:00+00:00,2024-11-26 23:00:00+00:00,25048.017578125,4849.125,7,2,True,0.1868817657232284,0.9031438999809324,0.0012361999833956,24296,True,True,,,1699.78515625,2889269.577407837,0.1426582276441626
Electricity-CISO,PatchTST,2025-01-21 23:00:00+00:00,24199.0,2025-01-22 23:00:00+00:00,24,25321.0,25661.353515625,1122.0,1462.353515625,1.0,1.0,True,1778.3319734058628,0.191389189822165,0.9156997000100092,53112,expanding,original,PatchTST-HF-supervised-v1,5.15.0,cpu,"{""batch_size"":32,""context_length"":336,""d_model"":32,""dropout"":0.1,""ffn_dim"":64,""learning_rate"":0.001,""max_epochs"":30,""min_delta"":0.0001,""num_attention_heads"":4,""num_hidden_layers"":2,""patch_length"":24,""patch_stride"":12,""patience"":5,""prediction_length"":168,""seed"":2026,""validation_points"":1344,""weight_decay"":0.0001,""window_stride"":168}",336,24,12,168,168,306,8,2024-11-26 23:00:00+00:00,2024-11-27 00:00:00+00:00,2025-01-21 23:00:00+00:00,2025-01-21 23:00:00+00:00,2024-11-26 23:00:00+00:00,25048.017578125,4849.125,7,2,True,0.1868817657232284,0.9031438999809324,0.0012361999833956,24296,True,True,,,340.353515625,115840.51559829712,0.12648383729023277
Electricity-CISO,PatchTST,2025-01-21 23:00:00+00:00,24199.0,2025-01-28 23:00:00+00:00,168,22568.0,25055.697265625,-1631.0,856.697265625,-1.0,1.0,False,1778.3319734058628,1.3988936277519437,0.9156997000100092,53112,expanding,original,PatchTST-HF-supervised-v1,5.15.0,cpu,"{""batch_size"":32,""context_length"":336,""d_model"":32,""dropout"":0.1,""ffn_dim"":64,""learning_rate"":0.001,""max_epochs"":30,""min_delta"":0.0001,""num_attention_heads"":4,""num_hidden_layers"":2,""patch_length"":24,""patch_stride"":12,""patience"":5,""prediction_length"":168,""seed"":2026,""validation_points"":1344,""weight_decay"":0.0001,""window_stride"":168}",336,24,12,168,168,306,8,2024-11-26 23:00:00+00:00,2024-11-27 00:00:00+00:00,2025-01-21 23:00:00+00:00,2025-01-21 23:00:00+00:00,2024-11-26 23:00:00+00:00,25048.017578125,4849.125,7,2,True,0.1868817657232284,0.9031438999809324,0.0012361999833956,24296,True,True,,,2487.697265625,6188637.685398102,0.0015837264454927435
Electricity-CISO,PatchTST,2025-01-28 23:00:00+00:00,22568.0,2025-01-29 00:00:00+00:00,1,22713.0,24090.6328125,145.0,1522.6328125,1.0,1.0,True,1774.7921750263597,0.7762220455358607,3.753363299998455,53280,expanding,original,PatchTST-HF-supervised-v1,5.15.0,cpu,"{""batch_size"":32,""context_length"":336,""d_model"":32,""dropout"":0.1,""ffn_dim"":64,""learning_rate"":0.001,""max_epochs"":30,""min_delta"":0.0001,""num_attention_heads"":4,""num_hidden_layers"":2,""patch_length"":24,""patch_stride"":12,""patience"":5,""prediction_length"":168,""seed"":2026,""validation_points"":1344,""weight_decay"":0.0001,""window_stride"":168}",336,24,12,168,168,307,8,2024-12-03 23:00:00+00:00,2024-12-04 00:00:00+00:00,2025-01-28 23:00:00+00:00,2025-01-28 23:00:00+00:00,2024-12-03 23:00:00+00:00,25043.55859375,4843.3056640625,28,23,True,0.1709022372961044,3.7408022000454366,0.0010277000255882,24296,True,True,,,1377.6328125,1897872.16607666,-0.19675111325736536
Electricity-CISO,PatchTST,2025-01-28 23:00:00+00:00,22568.0,2025-01-29 23:00:00+00:00,24,23347.0,23850.40234375,779.0,1282.40234375,1.0,1.0,True,1774.7921750263597,0.2836401640899298,3.753363299998455,53280,expanding,original,PatchTST-HF-supervised-v1,5.15.0,cpu,"{""batch_size"":32,""context_length"":336,""d_model"":32,""dropout"":0.1,""ffn_dim"":64,""learning_rate"":0.001,""max_epochs"":30,""min_delta"":0.0001,""num_attention_heads"":4,""num_hidden_layers"":2,""patch_length"":24,""patch_stride"":12,""patience"":5,""prediction_length"":168,""seed"":2026,""validation_points"":1344,""weight_decay"":0.0001,""window_stride"":168}",336,24,12,168,168,307,8,2024-12-03 23:00:00+00:00,2024-12-04 00:00:00+00:00,2025-01-28 23:00:00+00:00,2025-01-28 23:00:00+00:00,2024-12-03 23:00:00+00:00,25043.55859375,4843.3056640625,28,23,True,0.1709022372961044,3.7408022000454366,0.0010277000255882,24296,True,True,,,503.40234375,253413.9196929932,-0.24635163104679966
Electricity-CISO,PatchTST,2025-01-28 23:00:00+00:00,22568.0,2025-02-04 23:00:00+00:00,168,26449.0,23878.765625,3881.0,1310.765625,1.0,1.0,True,1774.7921750263597,1.4481889266622592,3.753363299998455,53280,expanding,original,PatchTST-HF-supervised-v1,5.15.0,cpu,"{""batch_size"":32,""context_length"":336,""d_model"":32,""dropout"":0.1,""ffn_dim"":64,""learning_rate"":0.001,""max_epochs"":30,""min_delta"":0.0001,""num_attention_heads"":4,""num_hidden_layers"":2,""patch_length"":24,""patch_stride"":12,""patience"":5,""prediction_length"":168,""seed"":2026,""validation_points"":1344,""weight_decay"":0.0001,""window_stride"":168}",336,24,12,168,168,307,8,2024-12-03 23:00:00+00:00,2024-12-04 00:00:00+00:00,2025-01-28 23:00:00+00:00,2025-01-28 23:00:00+00:00,2024-12-03 23:00:00+00:00,25043.55859375,4843.3056640625,28,23,True,0.1709022372961044,3.7408022000454366,0.0010277000255882,24296,True,True,,,2570.234375,6606104.742431641,-0.2404954486752313
Electricity-CISO,PatchTST,2025-02-04 23:00:00+00:00,26449.0,2025-02-05 00:00:00+00:00,1,26489.0,26363.072265625,40.0,-85.927734375,1.0,-1.0,False,1772.6428678678678,0.0710395402580248,0.95869770005811,53448,expanding,original,PatchTST-HF-supervised-v1,5.15.0,cpu,"{""batch_size"":32,""context_length"":336,""d_model"":32,""dropout"":0.1,""ffn_dim"":64,""learning_rate"":0.001,""max_epochs"":30,""min_delta"":0.0001,""num_attention_heads"":4,""num_hidden_layers"":2,""patch_length"":24,""patch_stride"":12,""patience"":5,""prediction_length"":168,""seed"":2026,""validation_points"":1344,""weight_decay"":0.0001,""window_stride"":168}",336,24,12,168,168,308,8,2024-12-10 23:00:00+00:00,2024-12-11 00:00:00+00:00,2025-02-04 23:00:00+00:00,2025-02-04 23:00:00+00:00,2024-12-10 23:00:00+00:00,25042.189453125,4837.08154296875,7,2,True,0.1797722727060318,0.9474099000217392,0.0010110998991876,24296,True,True,,,125.927734375,15857.794284820557,0.27307433227377653
Electricity-CISO,PatchTST,2025-02-04 23:00:00+00:00,26449.0,2025-02-05 23:00:00+00:00,24,23875.0,25843.728515625,-2574.0,-605.271484375,-1.0,-1.0,True,1772.6428678678678,1.110617683523012,0.95869770005811,53448,expanding,original,PatchTST-HF-supervised-v1,5.15.0,cpu,"{""batch_size"":32,""context_length"":336,""d_model"":32,""dropout"":0.1,""ffn_dim"":64,""learning_rate"":0.001,""max_epochs"":30,""min_delta"":0.0001,""num_attention_heads"":4,""num_hidden_layers"":2,""patch_length"":24,""patch_stride"":12,""patience"":5,""prediction_length"":168,""seed"":2026,""validation_points"":1344,""weight_decay"":0.0001,""window_stride"":168}",336,24,12,168,168,308,8,2024-12-10 23:00:00+00:00,2024-12-11 00:00:00+00:00,2025-02-04 23:00:00+00:00,2025-02-04 23:00:00+00:00,2024-12-10 23:00:00+00:00,25042.189453125,4837.08154296875,7,2,True,0.1797722727060318,0.9474099000217392,0.0010110998991876,24296,True,True,,,1968.728515625,3875891.968235016,0.16570716358195955
Electricity-CISO,PatchTST,2025-02-04 23:00:00+00:00,26449.0,2025-02-11 23:00:00+00:00,168,25624.0,26245.662109375,-825.0,-203.337890625,-1.0,-1.0,True,1772.6428678678678,0.3506978876815352,0.95869770005811,53448,expanding,original,PatchTST-HF-supervised-v1,5.15.0,cpu,"{""batch_size"":32,""context_length"":336,""d_model"":32,""dropout"":0.1,""ffn_dim"":64,""learning_rate"":0.001,""max_epochs"":30,""min_delta"":0.0001,""num_attention_heads"":4,""num_hidden_layers"":2,""patch_length"":24,""patch_stride"":12,""patience"":5,""prediction_length"":168,""seed"":2026,""validation_points"":1344,""weight_decay"":0.0001,""window_stride"":168}",336,24,12,168,168,308,8,2024-12-10 23:00:00+00:00,2024-12-11 00:00:00+00:00,2025-02-04 23:00:00+00:00,2025-02-04 23:00:00+00:00,2024-12-10 23:00:00+00:00,25042.189453125,4837.08154296875,7,2,True,0.1797722727060318,0.9474099000217392,0.0010110998991876,24296,True,True,,,621.662109375,386463.77823257446,0.24880139926509712
Electricity-CISO,PatchTST,2025-02-11 23:00:00+00:00,25624.0,2025-02-12 00:00:00+00:00,1,25743.0,25586.322265625,119.0,-37.677734375,1.0,-1.0,False,1770.570629396797,0.088489965762268,0.9314454999985172,53616,expanding,original,PatchTST-HF-supervised-v1,5.15.0,cpu,"{""batch_size"":32,""context_length"":336,""d_model"":32,""dropout"":0.1,""ffn_dim"":64,""learning_rate"":0.001,""max_epochs"":30,""min_delta"":0.0001,""num_attention_heads"":4,""num_hidden_layers"":2,""patch_length"":24,""patch_stride"":12,""patience"":5,""prediction_length"":168,""seed"":2026,""validation_points"":1344,""weight_decay"":0.0001,""window_stride"":168}",336,24,12,168,168,309,8,2024-12-17 23:00:00+00:00,2024-12-18 00:00:00+00:00,2025-02-11 23:00:00+00:00,2025-02-11 23:00:00+00:00,2024-12-17 23:00:00+00:00,25044.470703125,4831.2802734375,7,2,True,0.1531461775302887,0.9197665000101553,0.0010909000411629,24296,True,True,,,156.677734375,24547.912448883057,0.11215485996105701
Electricity-CISO,PatchTST,2025-02-11 23:00:00+00:00,25624.0,2025-02-12 23:00:00+00:00,24,27192.0,25392.2265625,1568.0,-231.7734375,1.0,-1.0,False,1770.570629396797,1.0164934443271274,0.9314454999985172,53616,expanding,original,PatchTST-HF-supervised-v1,5.15.0,cpu,"{""batch_size"":32,""context_length"":336,""d_model"":32,""dropout"":0.1,""ffn_dim"":64,""learning_rate"":0.001,""max_epochs"":30,""min_delta"":0.0001,""num_attention_heads"":4,""num_hidden_layers"":2,""patch_length"":24,""patch_stride"":12,""patience"":5,""prediction_length"":168,""seed"":2026,""validation_points"":1344,""weight_decay"":0.0001,""window_stride"":168}",336,24,12,168,168,309,8,2024-12-17 23:00:00+00:00,2024-12-18 00:00:00+00:00,2025-02-11 23:00:00+00:00,2025-02-11 23:00:00+00:00,2024-12-17 23:00:00+00:00,25044.470703125,4831.2802734375,7,2,True,0.1531461775302887,0.9197665000101553,0.0010909000411629,24296,True,True,,,1799.7734375,3239184.4263305664,0.07198006319090416
Electricity-CISO,PatchTST,2025-02-11 23:00:00+00:00,25624.0,2025-02-18 23:00:00+00:00,168,21773.0,25667.44140625,-3851.0,43.44140625,-1.0,1.0,False,1770.570629396797,2.1995402733957974,0.9314454999985172,53616,expanding,original,PatchTST-HF-supervised-v1,5.15.0,cpu,"{""batch_size"":32,""context_length"":336,""d_model"":32,""dropout"":0.1,""ffn_dim"":64,""learning_rate"":0.001,""max_epochs"":30,""min_delta"":0.0001,""num_attention_heads"":4,""num_hidden_layers"":2,""patch_length"":24,""patch_stride"":12,""patience"":5,""prediction_length"":168,""seed"":2026,""validation_points"":1344,""weight_decay"":0.0001,""window_stride"":168}",336,24,12,168,168,309,8,2024-12-17 23:00:00+00:00,2024-12-18 00:00:00+00:00,2025-02-11 23:00:00+00:00,2025-02-11 23:00:00+00:00,2024-12-17 23:00:00+00:00,25044.470703125,4831.2802734375,7,2,True,0.1531461775302887,0.9197665000101553,0.0010909000411629,24296,True,True,,,3894.44140625,15166673.866714478,0.1289452625114938
Electricity-CISO,PatchTST,2025-02-18 23:00:00+00:00,21773.0,2025-02-19 00:00:00+00:00,1,21552.0,25669.5234375,-221.0,3896.5234375,-1.0,1.0,False,1767.9873545210385,2.3289326289414944,0.9376027999678628,53784,expanding,original,PatchTST-HF-supervised-v1,5.15.0,cpu,"{""batch_size"":32,""context_length"":336,""d_model"":32,""dropout"":0.1,""ffn_dim"":64,""learning_rate"":0.001,""max_epochs"":30,""min_delta"":0.0001,""num_attention_heads"":4,""num_hidden_layers"":2,""patch_length"":24,""patch_stride"":12,""patience"":5,""prediction_length"":168,""seed"":2026,""validation_points"":1344,""weight_decay"":0.0001,""window_stride"":168}",336,24,12,168,168,310,8,2024-12-24 23:00:00+00:00,2024-12-25 00:00:00+00:00,2025-02-18 23:00:00+00:00,2025-02-18 23:00:00+00:00,2024-12-24 23:00:00+00:00,25043.388671875,4825.58056640625,7,2,True,0.1380660831928253,0.9265807999763638,0.0010249998886138,24296,True,True,,,4117.5234375,16953999.258361816,0.1297532508282834
Electricity-CISO,PatchTST,2025-02-18 23:00:00+00:00,21773.0,2025-02-19 23:00:00+00:00,24,23458.0,24718.107421875,1685.0,2945.107421875,1.0,1.0,True,1767.9873545210385,0.712735540021084,0.9376027999678628,53784,expanding,original,PatchTST-HF-supervised-v1,5.15.0,cpu,"{""batch_size"":32,""context_length"":336,""d_model"":32,""dropout"":0.1,""ffn_dim"":64,""learning_rate"":0.001,""max_epochs"":30,""min_delta"":0.0001,""num_attention_heads"":4,""num_hidden_layers"":2,""patch_length"":24,""patch_stride"":12,""patience"":5,""prediction_length"":168,""seed"":2026,""validation_points"":1344,""weight_decay"":0.0001,""window_stride"":168}",336,24,12,168,168,310,8,2024-12-24 23:00:00+00:00,2024-12-25 00:00:00+00:00,2025-02-18 23:00:00+00:00,2025-02-18 23:00:00+00:00,2024-12-24 23:00:00+00:00,25043.388671875,4825.58056640625,7,2,True,0.1380660831928253,0.9265807999763638,0.0010249998886138,24296,True,True,,,1260.107421875,1587870.7146644592,-0.06740769230224383
Electricity-CISO,PatchTST,2025-02-18 23:00:00+00:00,21773.0,2025-02-25 23:00:00+00:00,168,22170.0,24587.25390625,397.0,2814.25390625,1.0,1.0,True,1767.9873545210385,1.3672348391342726,0.9376027999678628,53784,expanding,original,PatchTST-HF-supervised-v1,5.15.0,cpu,"{""batch_size"":32,""context_length"":336,""d_model"":32,""dropout"":0.1,""ffn_dim"":64,""learning_rate"":0.001,""max_epochs"":30,""min_delta"":0.0001,""num_attention_heads"":4,""num_hidden_layers"":2,""patch_length"":24,""patch_stride"":12,""patience"":5,""prediction_length"":168,""seed"":2026,""validation_points"":1344,""weight_decay"":0.0001,""window_stride"":168}",336,24,12,168,168,310,8,2024-12-24 23:00:00+00:00,2024-12-25 00:00:00+00:00,2025-02-18 23:00:00+00:00,2025-02-18 23:00:00+00:00,2024-12-24 23:00:00+00:00,25043.388671875,4825.58056640625,7,2,True,0.1380660831928253,0.9265807999763638,0.0010249998886138,24296,True,True,,,2417.25390625,5843116.447280884,-0.09452432911397785
Electricity-CISO,PatchTST,2025-02-25 23:00:00+00:00,22170.0,2025-02-26 00:00:00+00:00,1,22080.0,23309.23046875,-90.0,1139.23046875,-1.0,1.0,False,1767.380633645694,0.6955097534447825,1.7796724999789149,53952,expanding,original,PatchTST-HF-supervised-v1,5.15.0,cpu,"{""batch_size"":32,""context_length"":336,""d_model"":32,""dropout"":0.1,""ffn_dim"":64,""learning_rate"":0.001,""max_epochs"":30,""min_delta"":0.0001,""num_attention_heads"":4,""num_hidden_layers"":2,""patch_length"":24,""patch_stride"":12,""patience"":5,""prediction_length"":168,""seed"":2026,""validation_points"":1344,""weight_decay"":0.0001,""window_stride"":168}",336,24,12,168,168,311,8,2024-12-31 23:00:00+00:00,2025-01-01 00:00:00+00:00,2025-02-25 23:00:00+00:00,2025-02-25 23:00:00+00:00,2024-12-31 23:00:00+00:00,25038.169921875,4820.27880859375,13,8,True,0.1657762825489044,1.7670642000157386,0.0010464999359101,24296,True,True,,,1229.23046875,1511007.5453033447,-0.35868038380738276
Electricity-CISO,PatchTST,2025-02-25 23:00:00+00:00,22170.0,2025-02-26 23:00:00+00:00,24,21051.0,23044.0859375,-1119.0,874.0859375,-1.0,1.0,False,1767.380633645694,1.1277061090053526,1.7796724999789149,53952,expanding,original,PatchTST-HF-supervised-v1,5.15.0,cpu,"{""batch_size"":32,""context_length"":336,""d_model"":32,""dropout"":0.1,""ffn_dim"":64,""learning_rate"":0.001,""max_epochs"":30,""min_delta"":0.0001,""num_attention_heads"":4,""num_hidden_layers"":2,""patch_length"":24,""patch_stride"":12,""patience"":5,""prediction_length"":168,""seed"":2026,""validation_points"":1344,""weight_decay"":0.0001,""window_stride"":168}",336,24,12,168,168,311,8,2024-12-31 23:00:00+00:00,2025-01-01 00:00:00+00:00,2025-02-25 23:00:00+00:00,2025-02-25 23:00:00+00:00,2024-12-31 23:00:00+00:00,25038.169921875,4820.27880859375,13,8,True,0.1657762825489044,1.7670642000157386,0.0010464999359101,24296,True,True,,,1993.0859375,3972391.554260254,-0.41368644087970224
Electricity-CISO,PatchTST,2025-02-25 23:00:00+00:00,22170.0,2025-03-04 23:00:00+00:00,168,21596.0,23135.779296875,-574.0,965.779296875,-1.0,1.0,False,1767.380633645694,0.8712210983656613,1.7796724999789149,53952,expanding,original,PatchTST-HF-supervised-v1,5.15.0,cpu,"{""batch_size"":32,""context_length"":336,""d_model"":32,""dropout"":0.1,""ffn_dim"":64,""learning_rate"":0.001,""max_epochs"":30,""min_delta"":0.0001,""num_attention_heads"":4,""num_hidden_layers"":2,""patch_length"":24,""patch_stride"":12,""patience"":5,""prediction_length"":168,""seed"":2026,""validation_points"":1344,""weight_decay"":0.0001,""window_stride"":168}",336,24,12,168,168,311,8,2024-12-31 23:00:00+00:00,2025-01-01 00:00:00+00:00,2025-02-25 23:00:00+00:00,2025-02-25 23:00:00+00:00,2024-12-31 23:00:00+00:00,25038.169921875,4820.27880859375,13,8,True,0.1657762825489044,1.7670642000157386,0.0010464999359101,24296,True,True,,,1539.779296875,2370920.2830848694,-0.3946640226719575
Electricity-CISO,PatchTST,2025-03-04 23:00:00+00:00,21596.0,2025-03-05 00:00:00+00:00,1,21649.0,21674.21484375,53.0,78.21484375,1.0,1.0,True,1764.372052935943,0.0142911149085829,1.6314705000258982,54120,expanding,original,PatchTST-HF-supervised-v1,5.15.0,cpu,"{""batch_size"":32,""context_length"":336,""d_model"":32,""dropout"":0.1,""ffn_dim"":64,""learning_rate"":0.001,""max_epochs"":30,""min_delta"":0.0001,""num_attention_heads"":4,""num_hidden_layers"":2,""patch_length"":24,""patch_stride"":12,""patience"":5,""prediction_length"":168,""seed"":2026,""validation_points"":1344,""weight_decay"":0.0001,""window_stride"":168}",336,24,12,168,168,312,8,2025-01-07 23:00:00+00:00,2025-01-08 00:00:00+00:00,2025-03-04 23:00:00+00:00,2025-03-04 23:00:00+00:00,2025-01-07 23:00:00+00:00,25033.453125,4814.6640625,12,7,True,0.158169150352478,1.6182335000485182,0.0012448999332264,24296,True,True,,,25.21484375,635.7883453369141,-0.6977097960819566
Electricity-CISO,PatchTST,2025-03-04 23:00:00+00:00,21596.0,2025-03-05 23:00:00+00:00,24,25647.0,21631.5859375,4051.0,35.5859375,1.0,1.0,True,1764.372052935943,2.2758318211956983,1.6314705000258982,54120,expanding,original,PatchTST-HF-supervised-v1,5.15.0,cpu,"{""batch_size"":32,""context_length"":336,""d_model"":32,""dropout"":0.1,""ffn_dim"":64,""learning_rate"":0.001,""max_epochs"":30,""min_delta"":0.0001,""num_attention_heads"":4,""num_hidden_layers"":2,""patch_length"":24,""patch_stride"":12,""patience"":5,""prediction_length"":168,""seed"":2026,""validation_points"":1344,""weight_decay"":0.0001,""window_stride"":168}",336,24,12,168,168,312,8,2025-01-07 23:00:00+00:00,2025-01-08 00:00:00+00:00,2025-03-04 23:00:00+00:00,2025-03-04 23:00:00+00:00,2025-01-07 23:00:00+00:00,25033.453125,4814.6640625,12,7,True,0.158169150352478,1.6182335000485182,0.0012448999332264,24296,True,True,,,4015.4140625,16123550.093322754,-0.7065637692141683
Electricity-CISO,PatchTST,2025-03-04 23:00:00+00:00,21596.0,2025-03-11 23:00:00+00:00,168,21750.0,21734.3671875,154.0,138.3671875,1.0,1.0,True,1764.372052935943,0.0088602698472732,1.6314705000258982,54120,expanding,original,PatchTST-HF-supervised-v1,5.15.0,cpu,"{""batch_size"":32,""context_length"":336,""d_model"":32,""dropout"":0.1,""ffn_dim"":64,""learning_rate"":0.001,""max_epochs"":30,""min_delta"":0.0001,""num_attention_heads"":4,""num_hidden_layers"":2,""patch_length"":24,""patch_stride"":12,""patience"":5,""prediction_length"":168,""seed"":2026,""validation_points"":1344,""weight_decay"":0.0001,""window_stride"":168}",336,24,12,168,168,312,8,2025-01-07 23:00:00+00:00,2025-01-08 00:00:00+00:00,2025-03-04 23:00:00+00:00,2025-03-04 23:00:00+00:00,2025-01-07 23:00:00+00:00,25033.453125,4814.6640625,12,7,True,0.158169150352478,1.6182335000485182,0.0012448999332264,24296,True,True,,,15.6328125,244.38482666015625,-0.685216225820532
Electricity-CISO,PatchTST,2025-03-11 23:00:00+00:00,21750.0,2025-03-12 00:00:00+00:00,1,22433.0,22370.36328125,683.0,620.36328125,1.0,1.0,True,1763.110384331116,0.0355262604693709,2.357429299969226,54288,expanding,original,PatchTST-HF-supervised-v1,5.15.0,cpu,"{""batch_size"":32,""context_length"":336,""d_model"":32,""dropout"":0.1,""ffn_dim"":64,""learning_rate"":0.001,""max_epochs"":30,""min_delta"":0.0001,""num_attention_heads"":4,""num_hidden_layers"":2,""patch_length"":24,""patch_stride"":12,""patience"":5,""prediction_length"":168,""seed"":2026,""validation_points"":1344,""weight_decay"":0.0001,""window_stride"":168}",336,24,12,168,168,313,8,2025-01-14 23:00:00+00:00,2025-01-15 00:00:00+00:00,2025-03-11 23:00:00+00:00,2025-03-11 23:00:00+00:00,2025-01-14 23:00:00+00:00,25028.49609375,4809.09033203125,17,12,True,0.1641871631145477,2.345305099966936,0.00133359991014,24296,True,True,,,62.63671875,3923.3585357666016,-0.5527308969006755
Electricity-CISO,PatchTST,2025-03-11 23:00:00+00:00,21750.0,2025-03-12 23:00:00+00:00,24,24698.0,22144.388671875,2948.0,394.388671875,1.0,1.0,True,1763.110384331116,1.4483559003560529,2.357429299969226,54288,expanding,original,PatchTST-HF-supervised-v1,5.15.0,cpu,"{""batch_size"":32,""context_length"":336,""d_model"":32,""dropout"":0.1,""ffn_dim"":64,""learning_rate"":0.001,""max_epochs"":30,""min_delta"":0.0001,""num_attention_heads"":4,""num_hidden_layers"":2,""patch_length"":24,""patch_stride"":12,""patience"":5,""prediction_length"":168,""seed"":2026,""validation_points"":1344,""weight_decay"":0.0001,""window_stride"":168}",336,24,12,168,168,313,8,2025-01-14 23:00:00+00:00,2025-01-15 00:00:00+00:00,2025-03-11 23:00:00+00:00,2025-03-11 23:00:00+00:00,2025-01-14 23:00:00+00:00,25028.49609375,4809.09033203125,17,12,True,0.1641871631145477,2.345305099966936,0.00133359991014,24296,True,True,,,2553.611328125,6520930.815128326,-0.5997199517474688
Electricity-CISO,PatchTST,2025-03-11 23:00:00+00:00,21750.0,2025-03-18 23:00:00+00:00,168,19448.0,22209.2109375,-2302.0,459.2109375,-1.0,1.0,False,1763.110384331116,1.5661021352032594,2.357429299969226,54288,expanding,original,PatchTST-HF-supervised-v1,5.15.0,cpu,"{""batch_size"":32,""context_length"":336,""d_model"":32,""dropout"":0.1,""ffn_dim"":64,""learning_rate"":0.001,""max_epochs"":30,""min_delta"":0.0001,""num_attention_heads"":4,""num_hidden_layers"":2,""patch_length"":24,""patch_stride"":12,""patience"":5,""prediction_length"":168,""seed"":2026,""validation_points"":1344,""weight_decay"":0.0001,""window_stride"":168}",336,24,12,168,168,313,8,2025-01-14 23:00:00+00:00,2025-01-15 00:00:00+00:00,2025-03-11 23:00:00+00:00,2025-03-11 23:00:00+00:00,2025-01-14 23:00:00+00:00,25028.49609375,4809.09033203125,17,12,True,0.1641871631145477,2.345305099966936,0.00133359991014,24296,True,True,,,2761.2109375,7624285.841369629,-0.5862408400757152
Electricity-CISO,PatchTST,2025-03-18 23:00:00+00:00,19448.0,2025-03-19 00:00:00+00:00,1,19269.0,22539.529296875,-179.0,3091.529296875,-1.0,1.0,False,1761.0321249631595,1.8571661757410691,4.033240400021896,54456,expanding,original,PatchTST-HF-supervised-v1,5.15.0,cpu,"{""batch_size"":32,""context_length"":336,""d_model"":32,""dropout"":0.1,""ffn_dim"":64,""learning_rate"":0.001,""max_epochs"":30,""min_delta"":0.0001,""num_attention_heads"":4,""num_hidden_layers"":2,""patch_length"":24,""patch_stride"":12,""patience"":5,""prediction_length"":168,""seed"":2026,""validation_points"":1344,""weight_decay"":0.0001,""window_stride"":168}",336,24,12,168,168,314,8,2025-01-21 23:00:00+00:00,2025-01-22 00:00:00+00:00,2025-03-18 23:00:00+00:00,2025-03-18 23:00:00+00:00,2025-01-21 23:00:00+00:00,25025.05078125,4803.1396484375,30,30,False,0.167359322309494,4.020362500101328,0.0014257000293582,24296,True,True,,,3270.529296875,10696361.881717682,-0.5174784966295036
Electricity-CISO,PatchTST,2025-03-18 23:00:00+00:00,19448.0,2025-03-19 23:00:00+00:00,24,21148.0,22372.404296875,1700.0,2924.404296875,1.0,1.0,True,1761.0321249631595,0.695276525350504,4.033240400021896,54456,expanding,original,PatchTST-HF-supervised-v1,5.15.0,cpu,"{""batch_size"":32,""context_length"":336,""d_model"":32,""dropout"":0.1,""ffn_dim"":64,""learning_rate"":0.001,""max_epochs"":30,""min_delta"":0.0001,""num_attention_heads"":4,""num_hidden_layers"":2,""patch_length"":24,""patch_stride"":12,""patience"":5,""prediction_length"":168,""seed"":2026,""validation_points"":1344,""weight_decay"":0.0001,""window_stride"":168}",336,24,12,168,168,314,8,2025-01-21 23:00:00+00:00,2025-01-22 00:00:00+00:00,2025-03-18 23:00:00+00:00,2025-03-18 23:00:00+00:00,2025-01-21 23:00:00+00:00,25025.05078125,4803.1396484375,30,30,False,0.167359322309494,4.020362500101328,0.0014257000293582,24296,True,True,,,1224.404296875,1499165.8822059631,-0.5522734458153694
Electricity-CISO,PatchTST,2025-03-18 23:00:00+00:00,19448.0,2025-03-25 23:00:00+00:00,168,21937.0,22454.083984375,2489.0,3006.083984375,1.0,1.0,True,1761.0321249631595,0.2936255262156659,4.033240400021896,54456,expanding,original,PatchTST-HF-supervised-v1,5.15.0,cpu,"{""batch_size"":32,""context_length"":336,""d_model"":32,""dropout"":0.1,""ffn_dim"":64,""learning_rate"":0.001,""max_epochs"":30,""min_delta"":0.0001,""num_attention_heads"":4,""num_hidden_layers"":2,""patch_length"":24,""patch_stride"":12,""patience"":5,""prediction_length"":168,""seed"":2026,""validation_points"":1344,""weight_decay"":0.0001,""window_stride"":168}",336,24,12,168,168,314,8,2025-01-21 23:00:00+00:00,2025-01-22 00:00:00+00:00,2025-03-18 23:00:00+00:00,2025-03-18 23:00:00+00:00,2025-01-21 23:00:00+00:00,25025.05078125,4803.1396484375,30,30,False,0.167359322309494,4.020362500101328,0.0014257000293582,24296,True,True,,,517.083984375,267375.84689712524,-0.535267967424465
Electricity-CISO,PatchTST,2025-03-25 23:00:00+00:00,21937.0,2025-03-26 00:00:00+00:00,1,22845.0,22637.1796875,908.0,700.1796875,1.0,1.0,True,1760.432330688997,0.1180507247436562,1.1029257000191135,54624,expanding,original,PatchTST-HF-supervised-v1,5.15.0,cpu,"{""batch_size"":32,""context_length"":336,""d_model"":32,""dropout"":0.1,""ffn_dim"":64,""learning_rate"":0.001,""max_epochs"":30,""min_delta"":0.0001,""num_attention_heads"":4,""num_hidden_layers"":2,""patch_length"":24,""patch_stride"":12,""patience"":5,""prediction_length"":168,""seed"":2026,""validation_points"":1344,""weight_decay"":0.0001,""window_stride"":168}",336,24,12,168,168,315,8,2025-01-28 23:00:00+00:00,2025-01-29 00:00:00+00:00,2025-03-25 23:00:00+00:00,2025-03-25 23:00:00+00:00,2025-01-28 23:00:00+00:00,25021.798828125,4797.2734375,8,3,True,0.1678860485553741,1.090405600029044,0.0010187999578192,24296,True,True,,,207.8203125,43189.282287597656,-0.4970780114355322
Electricity-CISO,PatchTST,2025-03-25 23:00:00+00:00,21937.0,2025-03-26 23:00:00+00:00,24,24147.0,21979.732421875,2210.0,42.732421875,1.0,1.0,True,1760.432330688997,1.231099622714141,1.1029257000191135,54624,expanding,original,PatchTST-HF-supervised-v1,5.15.0,cpu,"{""batch_size"":32,""context_length"":336,""d_model"":32,""dropout"":0.1,""ffn_dim"":64,""learning_rate"":0.001,""max_epochs"":30,""min_delta"":0.0001,""num_attention_heads"":4,""num_hidden_layers"":2,""patch_length"":24,""patch_stride"":12,""patience"":5,""prediction_length"":168,""seed"":2026,""validation_points"":1344,""weight_decay"":0.0001,""window_stride"":168}",336,24,12,168,168,315,8,2025-01-28 23:00:00+00:00,2025-01-29 00:00:00+00:00,2025-03-25 23:00:00+00:00,2025-03-25 23:00:00+00:00,2025-01-28 23:00:00+00:00,25021.798828125,4797.2734375,8,3,True,0.1678860485553741,1.090405600029044,0.0010187999578192,24296,True,True,,,2167.267578125,4697048.755191803,-0.634124038557058
Electricity-CISO,PatchTST,2025-03-25 23:00:00+00:00,21937.0,2025-04-01 23:00:00+00:00,168,23846.0,21987.33984375,1909.0,50.33984375,1.0,1.0,True,1760.432330688997,1.055797558275108,1.1029257000191135,54624,expanding,original,PatchTST-HF-supervised-v1,5.15.0,cpu,"{""batch_size"":32,""context_length"":336,""d_model"":32,""dropout"":0.1,""ffn_dim"":64,""learning_rate"":0.001,""max_epochs"":30,""min_delta"":0.0001,""num_attention_heads"":4,""num_hidden_layers"":2,""patch_length"":24,""patch_stride"":12,""patience"":5,""prediction_length"":168,""seed"":2026,""validation_points"":1344,""weight_decay"":0.0001,""window_stride"":168}",336,24,12,168,168,315,8,2025-01-28 23:00:00+00:00,2025-01-29 00:00:00+00:00,2025-03-25 23:00:00+00:00,2025-03-25 23:00:00+00:00,2025-01-28 23:00:00+00:00,25021.798828125,4797.2734375,8,3,True,0.1678860485553741,1.090405600029044,0.0010187999578192,24296,True,True,,,1858.66015625,3454617.5764312744,-0.6325382582228511
Electricity-CISO,PatchTST,2025-04-01 23:00:00+00:00,23846.0,2025-04-02 00:00:00+00:00,1,23497.0,21941.390625,-349.0,-1904.609375,-1.0,-1.0,True,1758.8729679261862,0.884435319302311,1.901295899995603,54792,expanding,original,PatchTST-HF-supervised-v1,5.15.0,cpu,"{""batch_size"":32,""context_length"":336,""d_model"":32,""dropout"":0.1,""ffn_dim"":64,""learning_rate"":0.001,""max_epochs"":30,""min_delta"":0.0001,""num_attention_heads"":4,""num_hidden_layers"":2,""patch_length"":24,""patch_stride"":12,""patience"":5,""prediction_length"":168,""seed"":2026,""validation_points"":1344,""weight_decay"":0.0001,""window_stride"":168}",336,24,12,168,168,316,8,2025-02-04 23:00:00+00:00,2025-02-05 00:00:00+00:00,2025-04-01 23:00:00+00:00,2025-04-01 23:00:00+00:00,2025-02-04 23:00:00+00:00,25019.31640625,4791.72021484375,14,9,True,0.1790054440498352,1.8885112000862136,0.0012250998988747,24296,True,True,,,1555.609375,2419920.5275878906,-0.6423425499083247
Electricity-CISO,PatchTST,2025-04-01 23:00:00+00:00,23846.0,2025-04-02 23:00:00+00:00,24,22052.0,21674.7265625,-1794.0,-2171.2734375,-1.0,-1.0,True,1758.8729679261862,0.2144972629517567,1.901295899995603,54792,expanding,original,PatchTST-HF-supervised-v1,5.15.0,cpu,"{""batch_size"":32,""context_length"":336,""d_model"":32,""dropout"":0.1,""ffn_dim"":64,""learning_rate"":0.001,""max_epochs"":30,""min_delta"":0.0001,""num_attention_heads"":4,""num_hidden_layers"":2,""patch_length"":24,""patch_stride"":12,""patience"":5,""prediction_length"":168,""seed"":2026,""validation_points"":1344,""weight_decay"":0.0001,""window_stride"":168}",336,24,12,168,168,316,8,2025-02-04 23:00:00+00:00,2025-02-05 00:00:00+00:00,2025-04-01 23:00:00+00:00,2025-04-01 23:00:00+00:00,2025-02-04 23:00:00+00:00,25019.31640625,4791.72021484375,14,9,True,0.1790054440498352,1.8885112000862136,0.0012250998988747,24296,True,True,,,377.2734375,142335.2466430664,-0.6979935584279646
Electricity-CISO,PatchTST,2025-04-01 23:00:00+00:00,23846.0,2025-04-08 23:00:00+00:00,168,21312.0,21863.541015625,-2534.0,-1982.458984375,-1.0,-1.0,True,1758.8729679261862,0.313576378557514,1.901295899995603,54792,expanding,original,PatchTST-HF-supervised-v1,5.15.0,cpu,"{""batch_size"":32,""context_length"":336,""d_model"":32,""dropout"":0.1,""ffn_dim"":64,""learning_rate"":0.001,""max_epochs"":30,""min_delta"":0.0001,""num_attention_heads"":4,""num_hidden_layers"":2,""patch_length"":24,""patch_stride"":12,""patience"":5,""prediction_length"":168,""seed"":2026,""validation_points"":1344,""weight_decay"":0.0001,""window_stride"":168}",336,24,12,168,168,316,8,2025-02-04 23:00:00+00:00,2025-02-05 00:00:00+00:00,2025-04-01 23:00:00+00:00,2025-04-01 23:00:00+00:00,2025-02-04 23:00:00+00:00,25019.31640625,4791.72021484375,14,9,True,0.1790054440498352,1.8885112000862136,0.0012250998988747,24296,True,True,,,551.541015625,304197.4919166565,-0.6585892433471107
Electricity-CISO,PatchTST,2025-04-08 23:00:00+00:00,21312.0,2025-04-09 00:00:00+00:00,1,21622.0,21410.02734375,310.0,98.02734375,1.0,1.0,True,1756.3358884508689,0.1206902720851221,1.2676284000044689,54960,expanding,original,PatchTST-HF-supervised-v1,5.15.0,cpu,"{""batch_size"":32,""context_length"":336,""d_model"":32,""dropout"":0.1,""ffn_dim"":64,""learning_rate"":0.001,""max_epochs"":30,""min_delta"":0.0001,""num_attention_heads"":4,""num_hidden_layers"":2,""patch_length"":24,""patch_stride"":12,""patience"":5,""prediction_length"":168,""seed"":2026,""validation_points"":1344,""weight_decay"":0.0001,""window_stride"":168}",336,24,12,168,168,317,8,2025-02-11 23:00:00+00:00,2025-02-12 00:00:00+00:00,2025-04-08 23:00:00+00:00,2025-04-08 23:00:00+00:00,2025-02-11 23:00:00+00:00,25015.53515625,4786.5390625,9,4,True,0.1677476614713668,1.2534195999614894,0.001260400051251,24296,True,True,,,211.97265625,44932.40699768066,-0.753259874289389
Electricity-CISO,PatchTST,2025-04-08 23:00:00+00:00,21312.0,2025-04-09 23:00:00+00:00,24,22753.0,21074.0234375,1441.0,-237.9765625,1.0,-1.0,False,1756.3358884508689,0.9559541392625636,1.2676284000044689,54960,expanding,original,PatchTST-HF-supervised-v1,5.15.0,cpu,"{""batch_size"":32,""context_length"":336,""d_model"":32,""dropout"":0.1,""ffn_dim"":64,""learning_rate"":0.001,""max_epochs"":30,""min_delta"":0.0001,""num_attention_heads"":4,""num_hidden_layers"":2,""patch_length"":24,""patch_stride"":12,""patience"":5,""prediction_length"":168,""seed"":2026,""validation_points"":1344,""weight_decay"":0.0001,""window_stride"":168}",336,24,12,168,168,317,8,2025-02-11 23:00:00+00:00,2025-02-12 00:00:00+00:00,2025-04-08 23:00:00+00:00,2025-04-08 23:00:00+00:00,2025-02-11 23:00:00+00:00,25015.53515625,4786.5390625,9,4,True,0.1677476614713668,1.2534195999614894,0.001260400051251,24296,True,True,,,1678.9765625,2818962.2974243164,-0.8234575477780298
Electricity-CISO,PatchTST,2025-04-08 23:00:00+00:00,21312.0,2025-04-15 23:00:00+00:00,168,24220.0,21397.3515625,2908.0,85.3515625,1.0,1.0,True,1756.3358884508689,1.6071233618016227,1.2676284000044689,54960,expanding,original,PatchTST-HF-supervised-v1,5.15.0,cpu,"{""batch_size"":32,""context_length"":336,""d_model"":32,""dropout"":0.1,""ffn_dim"":64,""learning_rate"":0.001,""max_epochs"":30,""min_delta"":0.0001,""num_attention_heads"":4,""num_hidden_layers"":2,""patch_length"":24,""patch_stride"":12,""patience"":5,""prediction_length"":168,""seed"":2026,""validation_points"":1344,""weight_decay"":0.0001,""window_stride"":168}",336,24,12,168,168,317,8,2025-02-11 23:00:00+00:00,2025-02-12 00:00:00+00:00,2025-04-08 23:00:00+00:00,2025-04-08 23:00:00+00:00,2025-02-11 23:00:00+00:00,25015.53515625,4786.5390625,9,4,True,0.1677476614713668,1.2534195999614894,0.001260400051251,24296,True,True,,,2822.6484375,7967344.201721191,-0.7559080886013348
Electricity-CISO,PatchTST,2025-04-15 23:00:00+00:00,24220.0,2025-04-16 00:00:00+00:00,1,23627.0,21917.162109375,-593.0,-2302.837890625,-1.0,-1.0,True,1754.75576783115,0.974402205691754,1.234464899986051,55128,expanding,original,PatchTST-HF-supervised-v1,5.15.0,cpu,"{""batch_size"":32,""context_length"":336,""d_model"":32,""dropout"":0.1,""ffn_dim"":64,""learning_rate"":0.001,""max_epochs"":30,""min_delta"":0.0001,""num_attention_heads"":4,""num_hidden_layers"":2,""patch_length"":24,""patch_stride"":12,""patience"":5,""prediction_length"":168,""seed"":2026,""validation_points"":1344,""weight_decay"":0.0001,""window_stride"":168}",336,24,12,168,168,318,8,2025-02-18 23:00:00+00:00,2025-02-19 00:00:00+00:00,2025-04-15 23:00:00+00:00,2025-04-15 23:00:00+00:00,2025-02-18 23:00:00+00:00,25011.4765625,4781.63818359375,9,4,True,0.1718387901782989,1.2222482999786737,0.001019800081849,24296,True,True,,,1709.837890625,2923545.612216949,-0.6471243398845784
Electricity-CISO,PatchTST,2025-04-15 23:00:00+00:00,24220.0,2025-04-16 23:00:00+00:00,24,24528.0,21738.83984375,308.0,-2481.16015625,1.0,-1.0,False,1754.75576783115,1.589486244970351,1.234464899986051,55128,expanding,original,PatchTST-HF-supervised-v1,5.15.0,cpu,"{""batch_size"":32,""context_length"":336,""d_model"":32,""dropout"":0.1,""ffn_dim"":64,""learning_rate"":0.001,""max_epochs"":30,""min_delta"":0.0001,""num_attention_heads"":4,""num_hidden_layers"":2,""patch_length"":24,""patch_stride"":12,""patience"":5,""prediction_length"":168,""seed"":2026,""validation_points"":1344,""weight_decay"":0.0001,""window_stride"":168}",336,24,12,168,168,318,8,2025-02-18 23:00:00+00:00,2025-02-19 00:00:00+00:00,2025-04-15 23:00:00+00:00,2025-04-15 23:00:00+00:00,2025-02-18 23:00:00+00:00,25011.4765625,4781.63818359375,9,4,True,0.1718387901782989,1.2222482999786737,0.001019800081849,24296,True,True,,,2789.16015625,7779414.377212524,-0.6844174722334124
Electricity-CISO,PatchTST,2025-04-15 23:00:00+00:00,24220.0,2025-04-22 23:00:00+00:00,168,22038.0,21811.05859375,-2182.0,-2408.94140625,-1.0,-1.0,True,1754.75576783115,0.129329340532954,1.234464899986051,55128,expanding,original,PatchTST-HF-supervised-v1,5.15.0,cpu,"{""batch_size"":32,""context_length"":336,""d_model"":32,""dropout"":0.1,""ffn_dim"":64,""learning_rate"":0.001,""max_epochs"":30,""min_delta"":0.0001,""num_attention_heads"":4,""num_hidden_layers"":2,""patch_length"":24,""patch_stride"":12,""patience"":5,""prediction_length"":168,""seed"":2026,""validation_points"":1344,""weight_decay"":0.0001,""window_stride"":168}",336,24,12,168,168,318,8,2025-02-18 23:00:00+00:00,2025-02-19 00:00:00+00:00,2025-04-15 23:00:00+00:00,2025-04-15 23:00:00+00:00,2025-02-18 23:00:00+00:00,25011.4765625,4781.63818359375,9,4,True,0.1718387901782989,1.2222482999786737,0.001019800081849,24296,True,True,,,226.94140625,51502.40187072754,-0.669314123291665
Electricity-CISO,PatchTST,2025-04-22 23:00:00+00:00,22038.0,2025-04-23 00:00:00+00:00,1,22677.0,22738.48828125,639.0,700.48828125,1.0,1.0,True,1753.175754607459,0.0350725140297,1.405860499944538,55296,expanding,original,PatchTST-HF-supervised-v1,5.15.0,cpu,"{""batch_size"":32,""context_length"":336,""d_model"":32,""dropout"":0.1,""ffn_dim"":64,""learning_rate"":0.001,""max_epochs"":30,""min_delta"":0.0001,""num_attention_heads"":4,""num_hidden_layers"":2,""patch_length"":24,""patch_stride"":12,""patience"":5,""prediction_length"":168,""seed"":2026,""validation_points"":1344,""weight_decay"":0.0001,""window_stride"":168}",336,24,12,168,168,319,8,2025-02-25 23:00:00+00:00,2025-02-26 00:00:00+00:00,2025-04-22 23:00:00+00:00,2025-04-22 23:00:00+00:00,2025-02-25 23:00:00+00:00,25003.216796875,4777.9208984375,10,5,True,0.1610107421875,1.3946617000037804,0.0010573000181466,24296,True,True,,,61.48828125,3780.8087310791016,-0.4739987462675707
Electricity-CISO,PatchTST,2025-04-22 23:00:00+00:00,22038.0,2025-04-23 23:00:00+00:00,24,22657.0,22622.109375,619.0,584.109375,1.0,1.0,True,1753.175754607459,0.0199013846206264,1.405860499944538,55296,expanding,original,PatchTST-HF-supervised-v1,5.15.0,cpu,"{""batch_size"":32,""context_length"":336,""d_model"":32,""dropout"":0.1,""ffn_dim"":64,""learning_rate"":0.001,""max_epochs"":30,""min_delta"":0.0001,""num_attention_heads"":4,""num_hidden_layers"":2,""patch_length"":24,""patch_stride"":12,""patience"":5,""prediction_length"":168,""seed"":2026,""validation_points"":1344,""weight_decay"":0.0001,""window_stride"":168}",336,24,12,168,168,319,8,2025-02-25 23:00:00+00:00,2025-02-26 00:00:00+00:00,2025-04-22 23:00:00+00:00,2025-04-22 23:00:00+00:00,2025-02-25 23:00:00+00:00,25003.216796875,4777.9208984375,10,5,True,0.1610107421875,1.3946617000037804,0.0010573000181466,24296,True,True,,,34.890625,1217.355712890625,-0.49835639234916634
Electricity-CISO,PatchTST,2025-04-22 23:00:00+00:00,22038.0,2025-04-29 23:00:00+00:00,168,21404.0,22529.82421875,-634.0,491.82421875,-1.0,1.0,False,1753.175754607459,0.6421627813362473,1.405860499944538,55296,expanding,original,PatchTST-HF-supervised-v1,5.15.0,cpu,"{""batch_size"":32,""context_length"":336,""d_model"":32,""dropout"":0.1,""ffn_dim"":64,""learning_rate"":0.001,""max_epochs"":30,""min_delta"":0.0001,""num_attention_heads"":4,""num_hidden_layers"":2,""patch_length"":24,""patch_stride"":12,""patience"":5,""prediction_length"":168,""seed"":2026,""validation_points"":1344,""weight_decay"":0.0001,""window_stride"":168}",336,24,12,168,168,319,8,2025-02-25 23:00:00+00:00,2025-02-26 00:00:00+00:00,2025-04-22 23:00:00+00:00,2025-04-22 23:00:00+00:00,2025-02-25 23:00:00+00:00,25003.216796875,4777.9208984375,10,5,True,0.1610107421875,1.3946617000037804,0.0010573000181466,24296,True,True,,,1125.82421875,1267480.171524048,-0.5176713115811233
Electricity-CISO,PatchTST,2025-04-29 23:00:00+00:00,21404.0,2025-04-30 00:00:00+00:00,1,21885.0,22467.2109375,481.0,1063.2109375,1.0,1.0,True,1750.9233036747685,0.3325165278673707,2.132510200026445,55464,expanding,original,PatchTST-HF-supervised-v1,5.15.0,cpu,"{""batch_size"":32,""context_length"":336,""d_model"":32,""dropout"":0.1,""ffn_dim"":64,""learning_rate"":0.001,""max_epochs"":30,""min_delta"":0.0001,""num_attention_heads"":4,""num_hidden_layers"":2,""patch_length"":24,""patch_stride"":12,""patience"":5,""prediction_length"":168,""seed"":2026,""validation_points"":1344,""weight_decay"":0.0001,""window_stride"":168}",336,24,12,168,168,320,8,2025-03-04 23:00:00+00:00,2025-03-05 00:00:00+00:00,2025-04-29 23:00:00+00:00,2025-04-29 23:00:00+00:00,2025-03-04 23:00:00+00:00,24994.810546875,4774.134765625,16,11,True,0.1573274433612823,2.120028200093657,0.0012786999577656,24296,True,True,,,582.2109375,338969.5757446289,-0.529436166648325
Electricity-CISO,PatchTST,2025-04-29 23:00:00+00:00,21404.0,2025-04-30 23:00:00+00:00,24,22170.0,22292.95703125,766.0,888.95703125,1.0,1.0,True,1750.9233036747685,0.0702241103262162,2.132510200026445,55464,expanding,original,PatchTST-HF-supervised-v1,5.15.0,cpu,"{""batch_size"":32,""context_length"":336,""d_model"":32,""dropout"":0.1,""ffn_dim"":64,""learning_rate"":0.001,""max_epochs"":30,""min_delta"":0.0001,""num_attention_heads"":4,""num_hidden_layers"":2,""patch_length"":24,""patch_stride"":12,""patience"":5,""prediction_length"":168,""seed"":2026,""validation_points"":1344,""weight_decay"":0.0001,""window_stride"":168}",336,24,12,168,168,320,8,2025-03-04 23:00:00+00:00,2025-03-05 00:00:00+00:00,2025-04-29 23:00:00+00:00,2025-04-29 23:00:00+00:00,2025-03-04 23:00:00+00:00,24994.810546875,4774.134765625,16,11,True,0.1573274433612823,2.120028200093657,0.0012786999577656,24296,True,True,,,122.95703125,15118.431533813477,-0.5659357450650621
Electricity-CISO,PatchTST,2025-04-29 23:00:00+00:00,21404.0,2025-05-06 23:00:00+00:00,168,25716.0,22425.517578125,4312.0,1021.517578125,1.0,1.0,True,1750.9233036747685,1.8792841553762325,2.132510200026445,55464,expanding,original,PatchTST-HF-supervised-v1,5.15.0,cpu,"{""batch_size"":32,""context_length"":336,""d_model"":32,""dropout"":0.1,""ffn_dim"":64,""learning_rate"":0.001,""max_epochs"":30,""min_delta"":0.0001,""num_attention_heads"":4,""num_hidden_layers"":2,""patch_length"":24,""patch_stride"":12,""patience"":5,""prediction_length"":168,""seed"":2026,""validation_points"":1344,""weight_decay"":0.0001,""window_stride"":168}",336,24,12,168,168,320,8,2025-03-04 23:00:00+00:00,2025-03-05 00:00:00+00:00,2025-04-29 23:00:00+00:00,2025-04-29 23:00:00+00:00,2025-03-04 23:00:00+00:00,24994.810546875,4774.134765625,16,11,True,0.1573274433612823,2.120028200093657,0.0012786999577656,24296,True,True,,,3290.482421875,10827274.568668364,-0.5381693426942137
Electricity-CISO,PatchTST,2025-05-06 23:00:00+00:00,25716.0,2025-05-07 00:00:00+00:00,1,25666.0,22196.744140625,-50.0,-3519.255859375,-1.0,-1.0,True,1747.8632626568583,1.9848554137475949,1.3088096999563277,55632,expanding,original,PatchTST-HF-supervised-v1,5.15.0,cpu,"{""batch_size"":32,""context_length"":336,""d_model"":32,""dropout"":0.1,""ffn_dim"":64,""learning_rate"":0.001,""max_epochs"":30,""min_delta"":0.0001,""num_attention_heads"":4,""num_hidden_layers"":2,""patch_length"":24,""patch_stride"":12,""patience"":5,""prediction_length"":168,""seed"":2026,""validation_points"":1344,""weight_decay"":0.0001,""window_stride"":168}",336,24,12,168,168,321,8,2025-03-11 23:00:00+00:00,2025-03-12 00:00:00+00:00,2025-05-06 23:00:00+00:00,2025-05-06 23:00:00+00:00,2025-03-11 23:00:00+00:00,24987.2421875,4770.654296875,9,4,True,0.1591746211051941,1.2948268000036478,0.001021199976094,24296,True,True,,,3469.255859375,12035736.21780777,-0.584929838387767
Electricity-CISO,PatchTST,2025-05-06 23:00:00+00:00,25716.0,2025-05-07 23:00:00+00:00,24,23078.0,22241.5234375,-2638.0,-3474.4765625,-1.0,-1.0,True,1747.8632626568583,0.4785709387978695,1.3088096999563277,55632,expanding,original,PatchTST-HF-supervised-v1,5.15.0,cpu,"{""batch_size"":32,""context_length"":336,""d_model"":32,""dropout"":0.1,""ffn_dim"":64,""learning_rate"":0.001,""max_epochs"":30,""min_delta"":0.0001,""num_attention_heads"":4,""num_hidden_layers"":2,""patch_length"":24,""patch_stride"":12,""patience"":5,""prediction_length"":168,""seed"":2026,""validation_points"":1344,""weight_decay"":0.0001,""window_stride"":168}",336,24,12,168,168,321,8,2025-03-11 23:00:00+00:00,2025-03-12 00:00:00+00:00,2025-05-06 23:00:00+00:00,2025-05-06 23:00:00+00:00,2025-03-11 23:00:00+00:00,24987.2421875,4770.654296875,9,4,True,0.1591746211051941,1.2948268000036478,0.001021199976094,24296,True,True,,,836.4765625,699693.0396118164,-0.5755434326479227
Electricity-CISO,PatchTST,2025-05-06 23:00:00+00:00,25716.0,2025-05-13 23:00:00+00:00,168,22753.0,21995.69140625,-2963.0,-3720.30859375,-1.0,-1.0,True,1747.8632626568583,0.4332767956910112,1.3088096999563277,55632,expanding,original,PatchTST-HF-supervised-v1,5.15.0,cpu,"{""batch_size"":32,""context_length"":336,""d_model"":32,""dropout"":0.1,""ffn_dim"":64,""learning_rate"":0.001,""max_epochs"":30,""min_delta"":0.0001,""num_attention_heads"":4,""num_hidden_layers"":2,""patch_length"":24,""patch_stride"":12,""patience"":5,""prediction_length"":168,""seed"":2026,""validation_points"":1344,""weight_decay"":0.0001,""window_stride"":168}",336,24,12,168,168,321,8,2025-03-11 23:00:00+00:00,2025-03-12 00:00:00+00:00,2025-05-06 23:00:00+00:00,2025-05-06 23:00:00+00:00,2025-03-11 23:00:00+00:00,24987.2421875,4770.654296875,9,4,True,0.1591746211051941,1.2948268000036478,0.001021199976094,24296,True,True,,,757.30859375,573516.3061676025,-0.6270734777847149
Electricity-CISO,PatchTST,2025-05-13 23:00:00+00:00,22753.0,2025-05-14 00:00:00+00:00,1,22350.0,24859.953125,-403.0,2106.953125,-1.0,1.0,False,1748.2592932125394,1.4356869914804222,1.841369700036012,55800,expanding,original,PatchTST-HF-supervised-v1,5.15.0,cpu,"{""batch_size"":32,""context_length"":336,""d_model"":32,""dropout"":0.1,""ffn_dim"":64,""learning_rate"":0.001,""max_epochs"":30,""min_delta"":0.0001,""num_attention_heads"":4,""num_hidden_layers"":2,""patch_length"":24,""patch_stride"":12,""patience"":5,""prediction_length"":168,""seed"":2026,""validation_points"":1344,""weight_decay"":0.0001,""window_stride"":168}",336,24,12,168,168,322,8,2025-03-18 23:00:00+00:00,2025-03-19 00:00:00+00:00,2025-05-13 23:00:00+00:00,2025-05-13 23:00:00+00:00,2025-03-18 23:00:00+00:00,24981.18359375,4766.19970703125,12,7,True,0.1727073043584823,1.8281818999676036,0.0010304000461474,24296,True,True,,,2509.953125,6299864.689697266,-0.025435457219964354
Electricity-CISO,PatchTST,2025-05-13 23:00:00+00:00,22753.0,2025-05-14 23:00:00+00:00,24,21674.0,24337.810546875,-1079.0,1584.810546875,-1.0,1.0,False,1748.2592932125394,1.5236930569835987,1.841369700036012,55800,expanding,original,PatchTST-HF-supervised-v1,5.15.0,cpu,"{""batch_size"":32,""context_length"":336,""d_model"":32,""dropout"":0.1,""ffn_dim"":64,""learning_rate"":0.001,""max_epochs"":30,""min_delta"":0.0001,""num_attention_heads"":4,""num_hidden_layers"":2,""patch_length"":24,""patch_stride"":12,""patience"":5,""prediction_length"":168,""seed"":2026,""validation_points"":1344,""weight_decay"":0.0001,""window_stride"":168}",336,24,12,168,168,322,8,2025-03-18 23:00:00+00:00,2025-03-19 00:00:00+00:00,2025-05-13 23:00:00+00:00,2025-05-13 23:00:00+00:00,2025-03-18 23:00:00+00:00,24981.18359375,4766.19970703125,12,7,True,0.1727073043584823,1.8281818999676036,0.0010304000461474,24296,True,True,,,2663.810546875,7095886.629642487,-0.1349865902441888
Electricity-CISO,PatchTST,2025-05-13 23:00:00+00:00,22753.0,2025-05-20 23:00:00+00:00,168,25969.0,24185.74609375,3216.0,1432.74609375,1.0,1.0,True,1748.2592932125394,1.0200168322704326,1.841369700036012,55800,expanding,original,PatchTST-HF-supervised-v1,5.15.0,cpu,"{""batch_size"":32,""context_length"":336,""d_model"":32,""dropout"":0.1,""ffn_dim"":64,""learning_rate"":0.001,""max_epochs"":30,""min_delta"":0.0001,""num_attention_heads"":4,""num_hidden_layers"":2,""patch_length"":24,""patch_stride"":12,""patience"":5,""prediction_length"":168,""seed"":2026,""validation_points"":1344,""weight_decay"":0.0001,""window_stride"":168}",336,24,12,168,168,322,8,2025-03-18 23:00:00+00:00,2025-03-19 00:00:00+00:00,2025-05-13 23:00:00+00:00,2025-05-13 23:00:00+00:00,2025-03-18 23:00:00+00:00,24981.18359375,4766.19970703125,12,7,True,0.1727073043584823,1.8281818999676036,0.0010304000461474,24296,True,True,,,1783.25390625,3179994.494155884,-0.16689134927068733
Electricity-CISO,PatchTST,2025-05-20 23:00:00+00:00,25969.0,2025-05-21 00:00:00+00:00,1,26678.0,27301.865234375,709.0,1332.865234375,1.0,1.0,True,1748.5200896057347,0.3567961489740002,1.1733832999598235,55968,expanding,original,PatchTST-HF-supervised-v1,5.15.0,cpu,"{""batch_size"":32,""context_length"":336,""d_model"":32,""dropout"":0.1,""ffn_dim"":64,""learning_rate"":0.001,""max_epochs"":30,""min_delta"":0.0001,""num_attention_heads"":4,""num_hidden_layers"":2,""patch_length"":24,""patch_stride"":12,""patience"":5,""prediction_length"":168,""seed"":2026,""validation_points"":1344,""weight_decay"":0.0001,""window_stride"":168}",336,24,12,168,168,323,8,2025-03-25 23:00:00+00:00,2025-03-26 00:00:00+00:00,2025-05-20 23:00:00+00:00,2025-05-20 23:00:00+00:00,2025-03-25 23:00:00+00:00,24970.94140625,4763.95263671875,8,3,True,0.1620573997497558,1.1604273000266403,0.0011875999625772,24296,True,True,,,623.865234375,389207.8306617737,0.48928358568452557
Electricity-CISO,PatchTST,2025-05-20 23:00:00+00:00,25969.0,2025-05-21 23:00:00+00:00,24,27665.0,26172.076171875,1696.0,203.076171875,1.0,1.0,True,1748.5200896057347,0.8538213755734612,1.1733832999598235,55968,expanding,original,PatchTST-HF-supervised-v1,5.15.0,cpu,"{""batch_size"":32,""context_length"":336,""d_model"":32,""dropout"":0.1,""ffn_dim"":64,""learning_rate"":0.001,""max_epochs"":30,""min_delta"":0.0001,""num_attention_heads"":4,""num_hidden_layers"":2,""patch_length"":24,""patch_stride"":12,""patience"":5,""prediction_length"":168,""seed"":2026,""validation_points"":1344,""weight_decay"":0.0001,""window_stride"":168}",336,24,12,168,168,323,8,2025-03-25 23:00:00+00:00,2025-03-26 00:00:00+00:00,2025-05-20 23:00:00+00:00,2025-05-20 23:00:00+00:00,2025-03-25 23:00:00+00:00,24970.94140625,4763.95263671875,8,3,True,0.1620573997497558,1.1604273000266403,0.0011875999625772,24296,True,True,,,1492.923828125,2228821.5565834045,0.2521298713944186
Electricity-CISO,PatchTST,2025-05-20 23:00:00+00:00,25969.0,2025-05-27 23:00:00+00:00,168,23344.0,26565.177734375,-2625.0,596.177734375,-1.0,1.0,False,1748.5200896057347,1.842230897730965,1.1733832999598235,55968,expanding,original,PatchTST-HF-supervised-v1,5.15.0,cpu,"{""batch_size"":32,""context_length"":336,""d_model"":32,""dropout"":0.1,""ffn_dim"":64,""learning_rate"":0.001,""max_epochs"":30,""min_delta"":0.0001,""num_attention_heads"":4,""num_hidden_layers"":2,""patch_length"":24,""patch_stride"":12,""patience"":5,""prediction_length"":168,""seed"":2026,""validation_points"":1344,""weight_decay"":0.0001,""window_stride"":168}",336,24,12,168,168,323,8,2025-03-25 23:00:00+00:00,2025-03-26 00:00:00+00:00,2025-05-20 23:00:00+00:00,2025-05-20 23:00:00+00:00,2025-03-25 23:00:00+00:00,24970.94140625,4763.95263671875,8,3,True,0.1620573997497558,1.1604273000266403,0.0011875999625772,24296,True,True,,,3221.177734375,10375985.996433258,0.3346457132754066
Electricity-CISO,PatchTST,2025-05-27 23:00:00+00:00,23344.0,2025-05-28 00:00:00+00:00,1,23901.0,25284.765625,557.0,1940.765625,1.0,1.0,True,1748.858776443682,0.7912392033242949,2.803529200027697,56136,expanding,original,PatchTST-HF-supervised-v1,5.15.0,cpu,"{""batch_size"":32,""context_length"":336,""d_model"":32,""dropout"":0.1,""ffn_dim"":64,""learning_rate"":0.001,""max_epochs"":30,""min_delta"":0.0001,""num_attention_heads"":4,""num_hidden_layers"":2,""patch_length"":24,""patch_stride"":12,""patience"":5,""prediction_length"":168,""seed"":2026,""validation_points"":1344,""weight_decay"":0.0001,""window_stride"":168}",336,24,12,168,168,324,8,2025-04-01 23:00:00+00:00,2025-04-02 00:00:00+00:00,2025-05-27 23:00:00+00:00,2025-05-27 23:00:00+00:00,2025-04-01 23:00:00+00:00,24963.109375,4760.09033203125,19,14,True,0.1647208929061889,2.79241099988576,0.0010176000650972,24296,True,True,,,1383.765625,1914807.3049316409,0.06757356007207141
Electricity-CISO,PatchTST,2025-05-27 23:00:00+00:00,23344.0,2025-05-28 23:00:00+00:00,24,24341.0,24941.6640625,997.0,1597.6640625,1.0,1.0,True,1748.858776443682,0.3434605873216676,2.803529200027697,56136,expanding,original,PatchTST-HF-supervised-v1,5.15.0,cpu,"{""batch_size"":32,""context_length"":336,""d_model"":32,""dropout"":0.1,""ffn_dim"":64,""learning_rate"":0.001,""max_epochs"":30,""min_delta"":0.0001,""num_attention_heads"":4,""num_hidden_layers"":2,""patch_length"":24,""patch_stride"":12,""patience"":5,""prediction_length"":168,""seed"":2026,""validation_points"":1344,""weight_decay"":0.0001,""window_stride"":168}",336,24,12,168,168,324,8,2025-04-01 23:00:00+00:00,2025-04-02 00:00:00+00:00,2025-05-27 23:00:00+00:00,2025-05-27 23:00:00+00:00,2025-04-01 23:00:00+00:00,24963.109375,4760.09033203125,19,14,True,0.1647208929061889,2.79241099988576,0.0010176000650972,24296,True,True,,,600.6640625,360797.3159790039,-0.004505232254877976
Electricity-CISO,PatchTST,2025-05-27 23:00:00+00:00,23344.0,2025-06-03 23:00:00+00:00,168,26559.0,24777.513671875,3215.0,1433.513671875,1.0,1.0,True,1748.858776443682,1.0186564816558066,2.803529200027697,56136,expanding,original,PatchTST-HF-supervised-v1,5.15.0,cpu,"{""batch_size"":32,""context_length"":336,""d_model"":32,""dropout"":0.1,""ffn_dim"":64,""learning_rate"":0.001,""max_epochs"":30,""min_delta"":0.0001,""num_attention_heads"":4,""num_hidden_layers"":2,""patch_length"":24,""patch_stride"":12,""patience"":5,""prediction_length"":168,""seed"":2026,""validation_points"":1344,""weight_decay"":0.0001,""window_stride"":168}",336,24,12,168,168,324,8,2025-04-01 23:00:00+00:00,2025-04-02 00:00:00+00:00,2025-05-27 23:00:00+00:00,2025-05-27 23:00:00+00:00,2025-04-01 23:00:00+00:00,24963.109375,4760.09033203125,19,14,True,0.1647208929061889,2.79241099988576,0.0010176000650972,24296,True,True,,,1781.486328125,3173693.537296295,-0.0389899540090874
Electricity-CISO,PatchTST,2025-06-03 23:00:00+00:00,26559.0,2025-06-04 00:00:00+00:00,1,27242.0,27365.92578125,683.0,806.92578125,1.0,1.0,True,1753.418804332336,0.0706766580487245,1.0499012999935076,56304,expanding,original,PatchTST-HF-supervised-v1,5.15.0,cpu,"{""batch_size"":32,""context_length"":336,""d_model"":32,""dropout"":0.1,""ffn_dim"":64,""learning_rate"":0.001,""max_epochs"":30,""min_delta"":0.0001,""num_attention_heads"":4,""num_hidden_layers"":2,""patch_length"":24,""patch_stride"":12,""patience"":5,""prediction_length"":168,""seed"":2026,""validation_points"":1344,""weight_decay"":0.0001,""window_stride"":168}",336,24,12,168,168,325,8,2025-04-08 23:00:00+00:00,2025-04-09 00:00:00+00:00,2025-06-03 23:00:00+00:00,2025-06-03 23:00:00+00:00,2025-04-08 23:00:00+00:00,24954.396484375,4756.650390625,7,2,True,0.2193042188882827,1.039136299979873,0.0010042999638244,24296,True,True,,,123.92578125,15357.599258422852,0.5069805638076624
Electricity-CISO,PatchTST,2025-06-03 23:00:00+00:00,26559.0,2025-06-04 23:00:00+00:00,24,26925.0,26518.0859375,366.0,-40.9140625,1.0,-1.0,False,1753.418804332336,0.2320689509514779,1.0499012999935076,56304,expanding,original,PatchTST-HF-supervised-v1,5.15.0,cpu,"{""batch_size"":32,""context_length"":336,""d_model"":32,""dropout"":0.1,""ffn_dim"":64,""learning_rate"":0.001,""max_epochs"":30,""min_delta"":0.0001,""num_attention_heads"":4,""num_hidden_layers"":2,""patch_length"":24,""patch_stride"":12,""patience"":5,""prediction_length"":168,""seed"":2026,""validation_points"":1344,""weight_decay"":0.0001,""window_stride"":168}",336,24,12,168,168,325,8,2025-04-08 23:00:00+00:00,2025-04-09 00:00:00+00:00,2025-06-03 23:00:00+00:00,2025-06-03 23:00:00+00:00,2025-04-08 23:00:00+00:00,24954.396484375,4756.650390625,7,2,True,0.2193042188882827,1.039136299979873,0.0010042999638244,24296,True,True,,,406.9140625,165579.0542602539,0.3287375200428676
Electricity-CISO,PatchTST,2025-06-03 23:00:00+00:00,26559.0,2025-06-10 23:00:00+00:00,168,28008.0,26627.63671875,1449.0,68.63671875,1.0,1.0,True,1753.418804332336,0.787241061769959,1.0499012999935076,56304,expanding,original,PatchTST-HF-supervised-v1,5.15.0,cpu,"{""batch_size"":32,""context_length"":336,""d_model"":32,""dropout"":0.1,""ffn_dim"":64,""learning_rate"":0.001,""max_epochs"":30,""min_delta"":0.0001,""num_attention_heads"":4,""num_hidden_layers"":2,""patch_length"":24,""patch_stride"":12,""patience"":5,""prediction_length"":168,""seed"":2026,""validation_points"":1344,""weight_decay"":0.0001,""window_stride"":168}",336,24,12,168,168,325,8,2025-04-08 23:00:00+00:00,2025-04-09 00:00:00+00:00,2025-06-03 23:00:00+00:00,2025-06-03 23:00:00+00:00,2025-04-08 23:00:00+00:00,24954.396484375,4756.650390625,7,2,True,0.2193042188882827,1.039136299979873,0.0010042999638244,24296,True,True,,,1380.36328125,1905402.7882232664,0.3517685970095323
Electricity-CISO,PatchTST,2025-06-10 23:00:00+00:00,28008.0,2025-06-11 00:00:00+00:00,1,28551.0,32828.87109375,543.0,4820.87109375,1.0,1.0,True,1753.2599104859337,2.439952609516033,2.196198799996637,56472,expanding,original,PatchTST-HF-supervised-v1,5.15.0,cpu,"{""batch_size"":32,""context_length"":336,""d_model"":32,""dropout"":0.1,""ffn_dim"":64,""learning_rate"":0.001,""max_epochs"":30,""min_delta"":0.0001,""num_attention_heads"":4,""num_hidden_layers"":2,""patch_length"":24,""patch_stride"":12,""patience"":5,""prediction_length"":168,""seed"":2026,""validation_points"":1344,""weight_decay"":0.0001,""window_stride"":168}",336,24,12,168,168,326,8,2025-04-15 23:00:00+00:00,2025-04-16 00:00:00+00:00,2025-06-10 23:00:00+00:00,2025-06-10 23:00:00+00:00,2025-04-15 23:00:00+00:00,24948.7265625,4752.1181640625,15,10,True,0.2303779870271682,2.184836399974301,0.0010077999904751,24296,True,True,,,4277.87109375,18300181.09474182,1.6582383390301487
Electricity-CISO,PatchTST,2025-06-10 23:00:00+00:00,28008.0,2025-06-11 23:00:00+00:00,24,26443.0,31883.130859375,-1565.0,3875.130859375,-1.0,1.0,False,1753.2599104859337,3.102866167667756,2.196198799996637,56472,expanding,original,PatchTST-HF-supervised-v1,5.15.0,cpu,"{""batch_size"":32,""context_length"":336,""d_model"":32,""dropout"":0.1,""ffn_dim"":64,""learning_rate"":0.001,""max_epochs"":30,""min_delta"":0.0001,""num_attention_heads"":4,""num_hidden_layers"":2,""patch_length"":24,""patch_stride"":12,""patience"":5,""prediction_length"":168,""seed"":2026,""validation_points"":1344,""weight_decay"":0.0001,""window_stride"":168}",336,24,12,168,168,326,8,2025-04-15 23:00:00+00:00,2025-04-16 00:00:00+00:00,2025-06-10 23:00:00+00:00,2025-06-10 23:00:00+00:00,2025-04-15 23:00:00+00:00,24948.7265625,4752.1181640625,15,10,True,0.2303779870271682,2.184836399974301,0.0010077999904751,24296,True,True,,,5440.130859375,29595023.767124176,1.4592238781678153
Electricity-CISO,PatchTST,2025-06-10 23:00:00+00:00,28008.0,2025-06-17 23:00:00+00:00,168,30078.0,31043.201171875,2070.0,3035.201171875,1.0,1.0,True,1753.2599104859337,0.5505180185221282,2.196198799996637,56472,expanding,original,PatchTST-HF-supervised-v1,5.15.0,cpu,"{""batch_size"":32,""context_length"":336,""d_model"":32,""dropout"":0.1,""ffn_dim"":64,""learning_rate"":0.001,""max_epochs"":30,""min_delta"":0.0001,""num_attention_heads"":4,""num_hidden_layers"":2,""patch_length"":24,""patch_stride"":12,""patience"":5,""prediction_length"":168,""seed"":2026,""validation_points"":1344,""weight_decay"":0.0001,""window_stride"":168}",336,24,12,168,168,326,8,2025-04-15 23:00:00+00:00,2025-04-16 00:00:00+00:00,2025-06-10 23:00:00+00:00,2025-06-10 23:00:00+00:00,2025-04-15 23:00:00+00:00,24948.7265625,4752.1181640625,15,10,True,0.2303779870271682,2.184836399974301,0.0010077999904751,24296,True,True,,,965.201171875,931613.3021888732,1.2824753928603796
Electricity-CISO,PatchTST,2025-06-17 23:00:00+00:00,30078.0,2025-06-18 00:00:00+00:00,1,31441.0,27766.51171875,1363.0,-2311.48828125,1.0,-1.0,False,1750.8783822071116,2.098654206135115,1.041265600011684,56640,expanding,original,PatchTST-HF-supervised-v1,5.15.0,cpu,"{""batch_size"":32,""context_length"":336,""d_model"":32,""dropout"":0.1,""ffn_dim"":64,""learning_rate"":0.001,""max_epochs"":30,""min_delta"":0.0001,""num_attention_heads"":4,""num_hidden_layers"":2,""patch_length"":24,""patch_stride"":12,""patience"":5,""prediction_length"":168,""seed"":2026,""validation_points"":1344,""weight_decay"":0.0001,""window_stride"":168}",336,24,12,168,168,327,8,2025-04-22 23:00:00+00:00,2025-04-23 00:00:00+00:00,2025-06-17 23:00:00+00:00,2025-06-17 23:00:00+00:00,2025-04-22 23:00:00+00:00,24941.767578125,4748.45361328125,7,2,True,0.2410739958286285,1.027132200077176,0.0012122000334784,24296,True,True,,,3674.48828125,13501864.12904358,0.5948766420976073
Electricity-CISO,PatchTST,2025-06-17 23:00:00+00:00,30078.0,2025-06-18 23:00:00+00:00,24,30418.0,27149.9140625,340.0,-2928.0859375,1.0,-1.0,False,1750.8783822071116,1.8665408007267392,1.041265600011684,56640,expanding,original,PatchTST-HF-supervised-v1,5.15.0,cpu,"{""batch_size"":32,""context_length"":336,""d_model"":32,""dropout"":0.1,""ffn_dim"":64,""learning_rate"":0.001,""max_epochs"":30,""min_delta"":0.0001,""num_attention_heads"":4,""num_hidden_layers"":2,""patch_length"":24,""patch_stride"":12,""patience"":5,""prediction_length"":168,""seed"":2026,""validation_points"":1344,""weight_decay"":0.0001,""window_stride"":168}",336,24,12,168,168,327,8,2025-04-22 23:00:00+00:00,2025-04-23 00:00:00+00:00,2025-06-17 23:00:00+00:00,2025-06-17 23:00:00+00:00,2025-04-22 23:00:00+00:00,24941.767578125,4748.45361328125,7,2,True,0.2410739958286285,1.027132200077176,0.0012122000334784,24296,True,True,,,3268.0859375,10680385.694885254,0.46502433512225866
Electricity-CISO,PatchTST,2025-06-17 23:00:00+00:00,30078.0,2025-06-24 23:00:00+00:00,168,25945.0,27550.923828125,-4133.0,-2527.076171875,-1.0,-1.0,True,1750.8783822071116,0.917210381054916,1.041265600011684,56640,expanding,original,PatchTST-HF-supervised-v1,5.15.0,cpu,"{""batch_size"":32,""context_length"":336,""d_model"":32,""dropout"":0.1,""ffn_dim"":64,""learning_rate"":0.001,""max_epochs"":30,""min_delta"":0.0001,""num_attention_heads"":4,""num_hidden_layers"":2,""patch_length"":24,""patch_stride"":12,""patience"":5,""prediction_length"":168,""seed"":2026,""validation_points"":1344,""weight_decay"":0.0001,""window_stride"":168}",336,24,12,168,168,327,8,2025-04-22 23:00:00+00:00,2025-04-23 00:00:00+00:00,2025-06-17 23:00:00+00:00,2025-06-17 23:00:00+00:00,2025-04-22 23:00:00+00:00,24941.767578125,4748.45361328125,7,2,True,0.2410739958286285,1.027132200077176,0.0012122000334784,24296,True,True,,,1605.923828125,2578991.3417396545,0.5494749369989181
Electricity-CISO,PatchTST,2025-06-24 23:00:00+00:00,25945.0,2025-06-25 00:00:00+00:00,1,25736.0,29138.439453125,-209.0,3193.439453125,-1.0,1.0,False,1751.0899894067798,1.943040890935395,1.0285757000092417,56808,expanding,original,PatchTST-HF-supervised-v1,5.15.0,cpu,"{""batch_size"":32,""context_length"":336,""d_model"":32,""dropout"":0.1,""ffn_dim"":64,""learning_rate"":0.001,""max_epochs"":30,""min_delta"":0.0001,""num_attention_heads"":4,""num_hidden_layers"":2,""patch_length"":24,""patch_stride"":12,""patience"":5,""prediction_length"":168,""seed"":2026,""validation_points"":1344,""weight_decay"":0.0001,""window_stride"":168}",336,24,12,168,168,328,8,2025-04-29 23:00:00+00:00,2025-04-30 00:00:00+00:00,2025-06-24 23:00:00+00:00,2025-06-24 23:00:00+00:00,2025-04-29 23:00:00+00:00,24935.849609375,4743.45947265625,7,2,True,0.2624544501304626,1.016593800042756,0.0010300000431016,24296,True,True,,,3402.439453125,11576594.23218155,0.8859757035926834
Electricity-CISO,PatchTST,2025-06-24 23:00:00+00:00,25945.0,2025-06-25 23:00:00+00:00,24,26369.0,28138.501953125,424.0,2193.501953125,1.0,1.0,True,1751.0899894067798,1.0105145731113785,1.0285757000092417,56808,expanding,original,PatchTST-HF-supervised-v1,5.15.0,cpu,"{""batch_size"":32,""context_length"":336,""d_model"":32,""dropout"":0.1,""ffn_dim"":64,""learning_rate"":0.001,""max_epochs"":30,""min_delta"":0.0001,""num_attention_heads"":4,""num_hidden_layers"":2,""patch_length"":24,""patch_stride"":12,""patience"":5,""prediction_length"":168,""seed"":2026,""validation_points"":1344,""weight_decay"":0.0001,""window_stride"":168}",336,24,12,168,168,328,8,2025-04-29 23:00:00+00:00,2025-04-30 00:00:00+00:00,2025-06-24 23:00:00+00:00,2025-06-24 23:00:00+00:00,2025-04-29 23:00:00+00:00,24935.849609375,4743.45947265625,7,2,True,0.2624544501304626,1.016593800042756,0.0010300000431016,24296,True,True,,,1769.501953125,3131137.1621131897,0.6751722792640565
Electricity-CISO,PatchTST,2025-06-24 23:00:00+00:00,25945.0,2025-07-01 23:00:00+00:00,168,28964.0,27430.767578125,3019.0,1485.767578125,1.0,1.0,True,1751.0899894067798,0.8755874519015532,1.0285757000092417,56808,expanding,original,PatchTST-HF-supervised-v1,5.15.0,cpu,"{""batch_size"":32,""context_length"":336,""d_model"":32,""dropout"":0.1,""ffn_dim"":64,""learning_rate"":0.001,""max_epochs"":30,""min_delta"":0.0001,""num_attention_heads"":4,""num_hidden_layers"":2,""patch_length"":24,""patch_stride"":12,""patience"":5,""prediction_length"":168,""seed"":2026,""validation_points"":1344,""weight_decay"":0.0001,""window_stride"":168}",336,24,12,168,168,328,8,2025-04-29 23:00:00+00:00,2025-04-30 00:00:00+00:00,2025-06-24 23:00:00+00:00,2025-06-24 23:00:00+00:00,2025-04-29 23:00:00+00:00,24935.849609375,4743.45947265625,7,2,True,0.2624544501304626,1.016593800042756,0.0010300000431016,24296,True,True,,,1533.232421875,2350801.659488678,0.5259701243642948
Electricity-CISO,PatchTST,2025-07-01 23:00:00+00:00,28964.0,2025-07-02 00:00:00+00:00,1,30940.0,30635.2265625,1976.0,1671.2265625,1.0,1.0,True,1754.7059921137868,0.1736891757763123,1.8499495000578463,56976,expanding,original,PatchTST-HF-supervised-v1,5.15.0,cpu,"{""batch_size"":32,""context_length"":336,""d_model"":32,""dropout"":0.1,""ffn_dim"":64,""learning_rate"":0.001,""max_epochs"":30,""min_delta"":0.0001,""num_attention_heads"":4,""num_hidden_layers"":2,""patch_length"":24,""patch_stride"":12,""patience"":5,""prediction_length"":168,""seed"":2026,""validation_points"":1344,""weight_decay"":0.0001,""window_stride"":168}",336,24,12,168,168,329,8,2025-05-06 23:00:00+00:00,2025-05-07 00:00:00+00:00,2025-07-01 23:00:00+00:00,2025-07-01 23:00:00+00:00,2025-05-06 23:00:00+00:00,24930.484375,4738.53955078125,13,8,True,0.3206089735031128,1.8383524999953809,0.0010562000097706,24296,True,True,,,304.7734375,92886.8482055664,1.203903043620149
Electricity-CISO,PatchTST,2025-07-01 23:00:00+00:00,28964.0,2025-07-02 23:00:00+00:00,24,29255.0,29841.65625,291.0,877.65625,1.0,1.0,True,1754.7059921137868,0.3343330749633397,1.8499495000578463,56976,expanding,original,PatchTST-HF-supervised-v1,5.15.0,cpu,"{""batch_size"":32,""context_length"":336,""d_model"":32,""dropout"":0.1,""ffn_dim"":64,""learning_rate"":0.001,""max_epochs"":30,""min_delta"":0.0001,""num_attention_heads"":4,""num_hidden_layers"":2,""patch_length"":24,""patch_stride"":12,""patience"":5,""prediction_length"":168,""seed"":2026,""validation_points"":1344,""weight_decay"":0.0001,""window_stride"":168}",336,24,12,168,168,329,8,2025-05-06 23:00:00+00:00,2025-05-07 00:00:00+00:00,2025-07-01 23:00:00+00:00,2025-07-01 23:00:00+00:00,2025-05-06 23:00:00+00:00,24930.484375,4738.53955078125,13,8,True,0.3206089735031128,1.8383524999953809,0.0010562000097706,24296,True,True,,,586.65625,344165.5556640625,1.036431546549039
Electricity-CISO,PatchTST,2025-07-01 23:00:00+00:00,28964.0,2025-07-08 23:00:00+00:00,168,29182.0,29373.119140625,218.0,409.119140625,1.0,1.0,True,1754.7059921137868,0.1089180418166638,1.8499495000578463,56976,expanding,original,PatchTST-HF-supervised-v1,5.15.0,cpu,"{""batch_size"":32,""context_length"":336,""d_model"":32,""dropout"":0.1,""ffn_dim"":64,""learning_rate"":0.001,""max_epochs"":30,""min_delta"":0.0001,""num_attention_heads"":4,""num_hidden_layers"":2,""patch_length"":24,""patch_stride"":12,""patience"":5,""prediction_length"":168,""seed"":2026,""validation_points"":1344,""weight_decay"":0.0001,""window_stride"":168}",336,24,12,168,168,329,8,2025-05-06 23:00:00+00:00,2025-05-07 00:00:00+00:00,2025-07-01 23:00:00+00:00,2025-07-01 23:00:00+00:00,2025-05-06 23:00:00+00:00,24930.484375,4738.53955078125,13,8,True,0.3206089735031128,1.8383524999953809,0.0010562000097706,24296,True,True,,,191.119140625,36526.525913238525,0.9375535896693183
Electricity-CISO,PatchTST,2025-07-08 23:00:00+00:00,29182.0,2025-07-09 00:00:00+00:00,1,30387.0,30295.640625,1205.0,1113.640625,1.0,1.0,True,1754.6949943836,0.0520656725484609,1.0173399000195786,57144,expanding,original,PatchTST-HF-supervised-v1,5.15.0,cpu,"{""batch_size"":32,""context_length"":336,""d_model"":32,""dropout"":0.1,""ffn_dim"":64,""learning_rate"":0.001,""max_epochs"":30,""min_delta"":0.0001,""num_attention_heads"":4,""num_hidden_layers"":2,""patch_length"":24,""patch_stride"":12,""patience"":5,""prediction_length"":168,""seed"":2026,""validation_points"":1344,""weight_decay"":0.0001,""window_stride"":168}",336,24,12,168,168,330,8,2025-05-13 23:00:00+00:00,2025-05-14 00:00:00+00:00,2025-07-08 23:00:00+00:00,2025-07-08 23:00:00+00:00,2025-05-13 23:00:00+00:00,24930.2578125,4733.7509765625,7,2,True,0.3222100436687469,1.0052242999663576,0.0010104000102728,24296,True,True,,,91.359375,8346.535400390625,1.1334315723545245
Electricity-CISO,PatchTST,2025-07-08 23:00:00+00:00,29182.0,2025-07-09 23:00:00+00:00,24,30298.0,28168.572265625,1116.0,-1013.427734375,1.0,-1.0,False,1754.6949943836,1.213560043877049,1.0173399000195786,57144,expanding,original,PatchTST-HF-supervised-v1,5.15.0,cpu,"{""batch_size"":32,""context_length"":336,""d_model"":32,""dropout"":0.1,""ffn_dim"":64,""learning_rate"":0.001,""max_epochs"":30,""min_delta"":0.0001,""num_attention_heads"":4,""num_hidden_layers"":2,""patch_length"":24,""patch_stride"":12,""patience"":5,""prediction_length"":168,""seed"":2026,""validation_points"":1344,""weight_decay"":0.0001,""window_stride"":168}",336,24,12,168,168,330,8,2025-05-13 23:00:00+00:00,2025-05-14 00:00:00+00:00,2025-07-08 23:00:00+00:00,2025-07-08 23:00:00+00:00,2025-05-13 23:00:00+00:00,24930.2578125,4733.7509765625,7,2,True,0.3222100436687469,1.0052242999663576,0.0010104000102728,24296,True,True,,,2129.427734375,4534462.475925446,0.6840905804209755
Electricity-CISO,PatchTST,2025-07-08 23:00:00+00:00,29182.0,2025-07-15 23:00:00+00:00,168,30319.0,29445.99609375,1137.0,263.99609375,1.0,1.0,True,1754.6949943836,0.4975245891988619,1.0173399000195786,57144,expanding,original,PatchTST-HF-supervised-v1,5.15.0,cpu,"{""batch_size"":32,""context_length"":336,""d_model"":32,""dropout"":0.1,""ffn_dim"":64,""learning_rate"":0.001,""max_epochs"":30,""min_delta"":0.0001,""num_attention_heads"":4,""num_hidden_layers"":2,""patch_length"":24,""patch_stride"":12,""patience"":5,""prediction_length"":168,""seed"":2026,""validation_points"":1344,""weight_decay"":0.0001,""window_stride"":168}",336,24,12,168,168,330,8,2025-05-13 23:00:00+00:00,2025-05-14 00:00:00+00:00,2025-07-08 23:00:00+00:00,2025-07-08 23:00:00+00:00,2025-05-13 23:00:00+00:00,24930.2578125,4733.7509765625,7,2,True,0.3222100436687469,1.0052242999663576,0.0010104000102728,24296,True,True,,,873.00390625,762135.8203277588,0.9539450434989265
Electricity-CISO,PatchTST,2025-07-15 23:00:00+00:00,30319.0,2025-07-16 00:00:00+00:00,1,30933.0,35335.62109375,614.0,5016.62109375,1.0,1.0,True,1757.1244400111998,2.505582981773299,1.8782837999751791,57312,expanding,original,PatchTST-HF-supervised-v1,5.15.0,cpu,"{""batch_size"":32,""context_length"":336,""d_model"":32,""dropout"":0.1,""ffn_dim"":64,""learning_rate"":0.001,""max_epochs"":30,""min_delta"":0.0001,""num_attention_heads"":4,""num_hidden_layers"":2,""patch_length"":24,""patch_stride"":12,""patience"":5,""prediction_length"":168,""seed"":2026,""validation_points"":1344,""weight_decay"":0.0001,""window_stride"":168}",336,24,12,168,168,331,8,2025-05-20 23:00:00+00:00,2025-05-21 00:00:00+00:00,2025-07-15 23:00:00+00:00,2025-07-15 23:00:00+00:00,2025-05-20 23:00:00+00:00,24926.794921875,4728.7802734375,12,7,True,0.3361780643463135,1.867058900068514,0.0010582000249996,24296,True,True,,,4402.62109375,19383072.495132446,2.201165114467984
Electricity-CISO,PatchTST,2025-07-15 23:00:00+00:00,30319.0,2025-07-16 23:00:00+00:00,24,30037.0,34278.90234375,-282.0,3959.90234375,-1.0,1.0,False,1757.1244400111998,2.414116067797089,1.8782837999751791,57312,expanding,original,PatchTST-HF-supervised-v1,5.15.0,cpu,"{""batch_size"":32,""context_length"":336,""d_model"":32,""dropout"":0.1,""ffn_dim"":64,""learning_rate"":0.001,""max_epochs"":30,""min_delta"":0.0001,""num_attention_heads"":4,""num_hidden_layers"":2,""patch_length"":24,""patch_stride"":12,""patience"":5,""prediction_length"":168,""seed"":2026,""validation_points"":1344,""weight_decay"":0.0001,""window_stride"":168}",336,24,12,168,168,331,8,2025-05-20 23:00:00+00:00,2025-05-21 00:00:00+00:00,2025-07-15 23:00:00+00:00,2025-07-15 23:00:00+00:00,2025-05-20 23:00:00+00:00,24926.794921875,4728.7802734375,12,7,True,0.3361780643463135,1.867058900068514,0.0010582000249996,24296,True,True,,,4241.90234375,17993735.493911743,1.9776997198215465
Electricity-CISO,PatchTST,2025-07-15 23:00:00+00:00,30319.0,2025-07-22 23:00:00+00:00,168,29139.0,33308.9921875,-1180.0,2989.9921875,-1.0,1.0,False,1757.1244400111998,2.373191159684411,1.8782837999751791,57312,expanding,original,PatchTST-HF-supervised-v1,5.15.0,cpu,"{""batch_size"":32,""context_length"":336,""d_model"":32,""dropout"":0.1,""ffn_dim"":64,""learning_rate"":0.001,""max_epochs"":30,""min_delta"":0.0001,""num_attention_heads"":4,""num_hidden_layers"":2,""patch_length"":24,""patch_stride"":12,""patience"":5,""prediction_length"":168,""seed"":2026,""validation_points"":1344,""weight_decay"":0.0001,""window_stride"":168}",336,24,12,168,168,331,8,2025-05-20 23:00:00+00:00,2025-05-21 00:00:00+00:00,2025-07-15 23:00:00+00:00,2025-07-15 23:00:00+00:00,2025-05-20 23:00:00+00:00,24926.794921875,4728.7802734375,12,7,True,0.3361780643463135,1.867058900068514,0.0010582000249996,24296,True,True,,,4169.9921875,17388834.843811035,1.7725918272645211
Electricity-CISO,PatchTST,2025-07-22 23:00:00+00:00,29139.0,2025-07-23 00:00:00+00:00,1,28839.0,35853.78125,-300.0,6714.78125,-1.0,1.0,False,1757.149671970966,3.9921364479621335,2.373100900091231,57480,expanding,original,PatchTST-HF-supervised-v1,5.15.0,cpu,"{""batch_size"":32,""context_length"":336,""d_model"":32,""dropout"":0.1,""ffn_dim"":64,""learning_rate"":0.001,""max_epochs"":30,""min_delta"":0.0001,""num_attention_heads"":4,""num_hidden_layers"":2,""patch_length"":24,""patch_stride"":12,""patience"":5,""prediction_length"":168,""seed"":2026,""validation_points"":1344,""weight_decay"":0.0001,""window_stride"":168}",336,24,12,168,168,332,8,2025-05-27 23:00:00+00:00,2025-05-28 00:00:00+00:00,2025-07-22 23:00:00+00:00,2025-07-22 23:00:00+00:00,2025-05-27 23:00:00+00:00,24925.62109375,4724.697265625,16,11,True,0.3429419994354248,2.3597853999817744,0.0011963000288233,24296,True,True,,,7014.78125,49207155.98535156,2.3129863231151138
Electricity-CISO,PatchTST,2025-07-22 23:00:00+00:00,29139.0,2025-07-23 23:00:00+00:00,24,28201.0,34902.80859375,-938.0,5763.80859375,-1.0,1.0,False,1757.149671970966,3.8140226189341577,2.373100900091231,57480,expanding,original,PatchTST-HF-supervised-v1,5.15.0,cpu,"{""batch_size"":32,""context_length"":336,""d_model"":32,""dropout"":0.1,""ffn_dim"":64,""learning_rate"":0.001,""max_epochs"":30,""min_delta"":0.0001,""num_attention_heads"":4,""num_hidden_layers"":2,""patch_length"":24,""patch_stride"":12,""patience"":5,""prediction_length"":168,""seed"":2026,""validation_points"":1344,""weight_decay"":0.0001,""window_stride"":168}",336,24,12,168,168,332,8,2025-05-27 23:00:00+00:00,2025-05-28 00:00:00+00:00,2025-07-22 23:00:00+00:00,2025-07-22 23:00:00+00:00,2025-05-27 23:00:00+00:00,24925.62109375,4724.697265625,16,11,True,0.3429419994354248,2.3597853999817744,0.0011963000288233,24296,True,True,,,6701.80859375,44914238.42726135,2.1117093729136913
Electricity-CISO,PatchTST,2025-07-22 23:00:00+00:00,29139.0,2025-07-29 23:00:00+00:00,168,29804.0,34170.7890625,665.0,5031.7890625,1.0,1.0,True,1757.149671970966,2.485154868794896,2.373100900091231,57480,expanding,original,PatchTST-HF-supervised-v1,5.15.0,cpu,"{""batch_size"":32,""context_length"":336,""d_model"":32,""dropout"":0.1,""ffn_dim"":64,""learning_rate"":0.001,""max_epochs"":30,""min_delta"":0.0001,""num_attention_heads"":4,""num_hidden_layers"":2,""patch_length"":24,""patch_stride"":12,""patience"":5,""prediction_length"":168,""seed"":2026,""validation_points"":1344,""weight_decay"":0.0001,""window_stride"":168}",336,24,12,168,168,332,8,2025-05-27 23:00:00+00:00,2025-05-28 00:00:00+00:00,2025-07-22 23:00:00+00:00,2025-07-22 23:00:00+00:00,2025-05-27 23:00:00+00:00,24925.62109375,4724.697265625,16,11,True,0.3429419994354248,2.3597853999817744,0.0011963000288233,24296,True,True,,,4366.7890625,19068846.71636963,1.9567746776103794
Electricity-CISO,PatchTST,2025-07-29 23:00:00+00:00,29804.0,2025-07-30 00:00:00+00:00,1,30941.0,32196.19140625,1137.0,2392.19140625,1.0,1.0,True,1756.4776096033404,0.7146071201747091,1.3554862999590114,57648,expanding,original,PatchTST-HF-supervised-v1,5.15.0,cpu,"{""batch_size"":32,""context_length"":336,""d_model"":32,""dropout"":0.1,""ffn_dim"":64,""learning_rate"":0.001,""max_epochs"":30,""min_delta"":0.0001,""num_attention_heads"":4,""num_hidden_layers"":2,""patch_length"":24,""patch_stride"":12,""patience"":5,""prediction_length"":168,""seed"":2026,""validation_points"":1344,""weight_decay"":0.0001,""window_stride"":168}",336,24,12,168,168,333,8,2025-06-03 23:00:00+00:00,2025-06-04 00:00:00+00:00,2025-07-29 23:00:00+00:00,2025-07-29 23:00:00+00:00,2025-06-03 23:00:00+00:00,24931.853515625,4722.1572265625,9,4,True,0.3398221731185913,1.3432845999486744,0.0012260999064892,24296,True,True,,,1255.19140625,1575505.4663238523,1.538351550380944
Electricity-CISO,PatchTST,2025-07-29 23:00:00+00:00,29804.0,2025-07-30 23:00:00+00:00,24,30255.0,31723.162109375,451.0,1919.162109375,1.0,1.0,True,1756.4776096033404,0.8358558636603117,1.3554862999590114,57648,expanding,original,PatchTST-HF-supervised-v1,5.15.0,cpu,"{""batch_size"":32,""context_length"":336,""d_model"":32,""dropout"":0.1,""ffn_dim"":64,""learning_rate"":0.001,""max_epochs"":30,""min_delta"":0.0001,""num_attention_heads"":4,""num_hidden_layers"":2,""patch_length"":24,""patch_stride"":12,""patience"":5,""prediction_length"":168,""seed"":2026,""validation_points"":1344,""weight_decay"":0.0001,""window_stride"":168}",336,24,12,168,168,333,8,2025-06-03 23:00:00+00:00,2025-06-04 00:00:00+00:00,2025-07-29 23:00:00+00:00,2025-07-29 23:00:00+00:00,2025-06-03 23:00:00+00:00,24931.853515625,4722.1572265625,9,4,True,0.3398221731185913,1.3432845999486744,0.0012260999064892,24296,True,True,,,1468.162109375,2155499.979404449,1.4381792617044522
Electricity-CISO,PatchTST,2025-07-29 23:00:00+00:00,29804.0,2025-08-05 23:00:00+00:00,168,29913.0,30948.76171875,109.0,1144.76171875,1.0,1.0,True,1756.4776096033404,0.5896811397350534,1.3554862999590114,57648,expanding,original,PatchTST-HF-supervised-v1,5.15.0,cpu,"{""batch_size"":32,""context_length"":336,""d_model"":32,""dropout"":0.1,""ffn_dim"":64,""learning_rate"":0.001,""max_epochs"":30,""min_delta"":0.0001,""num_attention_heads"":4,""num_hidden_layers"":2,""patch_length"":24,""patch_stride"":12,""patience"":5,""prediction_length"":168,""seed"":2026,""validation_points"":1344,""weight_decay"":0.0001,""window_stride"":168}",336,24,12,168,168,333,8,2025-06-03 23:00:00+00:00,2025-06-04 00:00:00+00:00,2025-07-29 23:00:00+00:00,2025-07-29 23:00:00+00:00,2025-06-03 23:00:00+00:00,24931.853515625,4722.1572265625,9,4,True,0.3398221731185913,1.3432845999486744,0.0012260999064892,24296,True,True,,,1035.76171875,1072802.338027954,1.2741863335848762
Electricity-CISO,PatchTST,2025-08-05 23:00:00+00:00,29913.0,2025-08-06 00:00:00+00:00,1,31329.0,33120.57421875,1416.0,3207.57421875,1.0,1.0,True,1756.4079066056065,1.0200217227513824,1.4298168000532314,57816,expanding,original,PatchTST-HF-supervised-v1,5.15.0,cpu,"{""batch_size"":32,""context_length"":336,""d_model"":32,""dropout"":0.1,""ffn_dim"":64,""learning_rate"":0.001,""max_epochs"":30,""min_delta"":0.0001,""num_attention_heads"":4,""num_hidden_layers"":2,""patch_length"":24,""patch_stride"":12,""patience"":5,""prediction_length"":168,""seed"":2026,""validation_points"":1344,""weight_decay"":0.0001,""window_stride"":168}",336,24,12,168,168,334,8,2025-06-10 23:00:00+00:00,2025-06-11 00:00:00+00:00,2025-08-05 23:00:00+00:00,2025-08-05 23:00:00+00:00,2025-06-10 23:00:00+00:00,24936.52734375,4718.17529296875,9,4,True,0.3353160321712494,1.4155018000165,0.0012531999964267,24296,True,True,,,1791.57421875,3209738.181289673,1.7345788078701225
Electricity-CISO,PatchTST,2025-08-05 23:00:00+00:00,29913.0,2025-08-06 23:00:00+00:00,24,33369.0,32399.044921875,3456.0,2486.044921875,1.0,1.0,True,1756.4079066056065,0.5522379365733515,1.4298168000532314,57816,expanding,original,PatchTST-HF-supervised-v1,5.15.0,cpu,"{""batch_size"":32,""context_length"":336,""d_model"":32,""dropout"":0.1,""ffn_dim"":64,""learning_rate"":0.001,""max_epochs"":30,""min_delta"":0.0001,""num_attention_heads"":4,""num_hidden_layers"":2,""patch_length"":24,""patch_stride"":12,""patience"":5,""prediction_length"":168,""seed"":2026,""validation_points"":1344,""weight_decay"":0.0001,""window_stride"":168}",336,24,12,168,168,334,8,2025-06-10 23:00:00+00:00,2025-06-11 00:00:00+00:00,2025-08-05 23:00:00+00:00,2025-08-05 23:00:00+00:00,2025-06-10 23:00:00+00:00,24936.52734375,4718.17529296875,9,4,True,0.3353160321712494,1.4155018000165,0.0012531999964267,24296,True,True,,,969.955078125,940812.8535804749,1.5816533118737661
Electricity-CISO,PatchTST,2025-08-05 23:00:00+00:00,29913.0,2025-08-12 23:00:00+00:00,168,32593.0,31300.78515625,2680.0,1387.78515625,1.0,1.0,True,1756.4079066056065,0.7357145449471955,1.4298168000532314,57816,expanding,original,PatchTST-HF-supervised-v1,5.15.0,cpu,"{""batch_size"":32,""context_length"":336,""d_model"":32,""dropout"":0.1,""ffn_dim"":64,""learning_rate"":0.001,""max_epochs"":30,""min_delta"":0.0001,""num_attention_heads"":4,""num_hidden_layers"":2,""patch_length"":24,""patch_stride"":12,""patience"":5,""prediction_length"":168,""seed"":2026,""validation_points"":1344,""weight_decay"":0.0001,""window_stride"":168}",336,24,12,168,168,334,8,2025-06-10 23:00:00+00:00,2025-06-11 00:00:00+00:00,2025-08-05 23:00:00+00:00,2025-08-05 23:00:00+00:00,2025-06-10 23:00:00+00:00,24936.52734375,4718.17529296875,9,4,True,0.3353160321712494,1.4155018000165,0.0012531999964267,24296,True,True,,,1292.21484375,1669819.202407837,1.3488811706475425
Electricity-CISO,PatchTST,2025-08-12 23:00:00+00:00,32593.0,2025-08-13 00:00:00+00:00,1,33927.0,34879.3359375,1334.0,2286.3359375,1.0,1.0,True,1760.221599557216,0.5410318437971448,1.32914210006129,57984,expanding,original,PatchTST-HF-supervised-v1,5.15.0,cpu,"{""batch_size"":32,""context_length"":336,""d_model"":32,""dropout"":0.1,""ffn_dim"":64,""learning_rate"":0.001,""max_epochs"":30,""min_delta"":0.0001,""num_attention_heads"":4,""num_hidden_layers"":2,""patch_length"":24,""patch_stride"":12,""patience"":5,""prediction_length"":168,""seed"":2026,""validation_points"":1344,""weight_decay"":0.0001,""window_stride"":168}",336,24,12,168,168,335,8,2025-06-17 23:00:00+00:00,2025-06-18 00:00:00+00:00,2025-08-12 23:00:00+00:00,2025-08-12 23:00:00+00:00,2025-06-17 23:00:00+00:00,24942.232421875,4715.4580078125,9,4,True,0.390621542930603,1.3149007000029087,0.0013597999932244,24296,True,True,,,952.3359375,906943.737854004,2.10734641240816
Electricity-CISO,PatchTST,2025-08-12 23:00:00+00:00,32593.0,2025-08-13 23:00:00+00:00,24,31886.0,34108.8359375,-707.0,1515.8359375,-1.0,1.0,False,1760.221599557216,1.262815964796225,1.32914210006129,57984,expanding,original,PatchTST-HF-supervised-v1,5.15.0,cpu,"{""batch_size"":32,""context_length"":336,""d_model"":32,""dropout"":0.1,""ffn_dim"":64,""learning_rate"":0.001,""max_epochs"":30,""min_delta"":0.0001,""num_attention_heads"":4,""num_hidden_layers"":2,""patch_length"":24,""patch_stride"":12,""patience"":5,""prediction_length"":168,""seed"":2026,""validation_points"":1344,""weight_decay"":0.0001,""window_stride"":168}",336,24,12,168,168,335,8,2025-06-17 23:00:00+00:00,2025-06-18 00:00:00+00:00,2025-08-12 23:00:00+00:00,2025-08-12 23:00:00+00:00,2025-06-17 23:00:00+00:00,24942.232421875,4715.4580078125,9,4,True,0.390621542930603,1.3149007000029087,0.0013597999932244,24296,True,True,,,2222.8359375,4940999.605041504,1.9439476505649946
Electricity-CISO,PatchTST,2025-08-12 23:00:00+00:00,32593.0,2025-08-19 23:00:00+00:00,168,31730.0,33470.23828125,-863.0,877.23828125,-1.0,1.0,False,1760.221599557216,0.9886472712797963,1.32914210006129,57984,expanding,original,PatchTST-HF-supervised-v1,5.15.0,cpu,"{""batch_size"":32,""context_length"":336,""d_model"":32,""dropout"":0.1,""ffn_dim"":64,""learning_rate"":0.001,""max_epochs"":30,""min_delta"":0.0001,""num_attention_heads"":4,""num_hidden_layers"":2,""patch_length"":24,""patch_stride"":12,""patience"":5,""prediction_length"":168,""seed"":2026,""validation_points"":1344,""weight_decay"":0.0001,""window_stride"":168}",336,24,12,168,168,335,8,2025-06-17 23:00:00+00:00,2025-06-18 00:00:00+00:00,2025-08-12 23:00:00+00:00,2025-08-12 23:00:00+00:00,2025-06-17 23:00:00+00:00,24942.232421875,4715.4580078125,9,4,True,0.390621542930603,1.3149007000029087,0.0013597999932244,24296,True,True,,,1740.23828125,3028429.275527954,1.8085212179274903
Electricity-CISO,PatchTST,2025-08-19 23:00:00+00:00,31730.0,2025-08-20 00:00:00+00:00,1,33244.0,35316.515625,1514.0,3586.515625,1.0,1.0,True,1762.856167218543,1.17565781232739,1.334394499892369,58152,expanding,original,PatchTST-HF-supervised-v1,5.15.0,cpu,"{""batch_size"":32,""context_length"":336,""d_model"":32,""dropout"":0.1,""ffn_dim"":64,""learning_rate"":0.001,""max_epochs"":30,""min_delta"":0.0001,""num_attention_heads"":4,""num_hidden_layers"":2,""patch_length"":24,""patch_stride"":12,""patience"":5,""prediction_length"":168,""seed"":2026,""validation_points"":1344,""weight_decay"":0.0001,""window_stride"":168}",336,24,12,168,168,336,8,2025-06-24 23:00:00+00:00,2025-06-25 00:00:00+00:00,2025-08-19 23:00:00+00:00,2025-08-19 23:00:00+00:00,2025-06-24 23:00:00+00:00,24946.42578125,4713.43701171875,9,4,True,0.3688220977783203,1.3215212000068275,0.0010781999444589,24296,True,True,,,2072.515625,4295321.015869141,2.200112108842748
Electricity-CISO,PatchTST,2025-08-19 23:00:00+00:00,31730.0,2025-08-20 23:00:00+00:00,24,34395.0,35146.62109375,2665.0,3416.62109375,1.0,1.0,True,1762.856167218543,0.4263655241572642,1.334394499892369,58152,expanding,original,PatchTST-HF-supervised-v1,5.15.0,cpu,"{""batch_size"":32,""context_length"":336,""d_model"":32,""dropout"":0.1,""ffn_dim"":64,""learning_rate"":0.001,""max_epochs"":30,""min_delta"":0.0001,""num_attention_heads"":4,""num_hidden_layers"":2,""patch_length"":24,""patch_stride"":12,""patience"":5,""prediction_length"":168,""seed"":2026,""validation_points"":1344,""weight_decay"":0.0001,""window_stride"":168}",336,24,12,168,168,336,8,2025-06-24 23:00:00+00:00,2025-06-25 00:00:00+00:00,2025-08-19 23:00:00+00:00,2025-08-19 23:00:00+00:00,2025-06-24 23:00:00+00:00,24946.42578125,4713.43701171875,9,4,True,0.3688220977783203,1.3215212000068275,0.0010781999444589,24296,True,True,,,751.62109375,564934.2685699463,2.1640673858884365
Electricity-CISO,PatchTST,2025-08-19 23:00:00+00:00,31730.0,2025-08-26 23:00:00+00:00,168,33242.0,33974.609375,1512.0,2244.609375,1.0,1.0,True,1762.856167218543,0.415580912738854,1.334394499892369,58152,expanding,original,PatchTST-HF-supervised-v1,5.15.0,cpu,"{""batch_size"":32,""context_length"":336,""d_model"":32,""dropout"":0.1,""ffn_dim"":64,""learning_rate"":0.001,""max_epochs"":30,""min_delta"":0.0001,""num_attention_heads"":4,""num_hidden_layers"":2,""patch_length"":24,""patch_stride"":12,""patience"":5,""prediction_length"":168,""seed"":2026,""validation_points"":1344,""weight_decay"":0.0001,""window_stride"":168}",336,24,12,168,168,336,8,2025-06-24 23:00:00+00:00,2025-06-25 00:00:00+00:00,2025-08-19 23:00:00+00:00,2025-08-19 23:00:00+00:00,2025-06-24 23:00:00+00:00,24946.42578125,4713.43701171875,9,4,True,0.3688220977783203,1.3215212000068275,0.0010781999444589,24296,True,True,,,732.609375,536716.4963378906,1.9154140749741093
Electricity-CISO,PatchTST,2025-08-26 23:00:00+00:00,33242.0,2025-08-27 00:00:00+00:00,1,34444.0,37534.91796875,1202.0,4292.91796875,1.0,1.0,True,1768.705341174852,1.7475595831563873,1.8261869999114424,58320,expanding,original,PatchTST-HF-supervised-v1,5.15.0,cpu,"{""batch_size"":32,""context_length"":336,""d_model"":32,""dropout"":0.1,""ffn_dim"":64,""learning_rate"":0.001,""max_epochs"":30,""min_delta"":0.0001,""num_attention_heads"":4,""num_hidden_layers"":2,""patch_length"":24,""patch_stride"":12,""patience"":5,""prediction_length"":168,""seed"":2026,""validation_points"":1344,""weight_decay"":0.0001,""window_stride"":168}",336,24,12,168,168,337,8,2025-07-01 23:00:00+00:00,2025-07-02 00:00:00+00:00,2025-08-26 23:00:00+00:00,2025-08-26 23:00:00+00:00,2025-07-01 23:00:00+00:00,24955.62890625,4713.1416015625,12,7,True,0.3955672085285187,1.8138447999954224,0.0012528999941423,24296,True,True,,,3090.91796875,9553773.889541626,2.668981780290606
Electricity-CISO,PatchTST,2025-08-26 23:00:00+00:00,33242.0,2025-08-27 23:00:00+00:00,24,35317.0,36229.7890625,2075.0,2987.7890625,1.0,1.0,True,1768.705341174852,0.5160775179735055,1.8261869999114424,58320,expanding,original,PatchTST-HF-supervised-v1,5.15.0,cpu,"{""batch_size"":32,""context_length"":336,""d_model"":32,""dropout"":0.1,""ffn_dim"":64,""learning_rate"":0.001,""max_epochs"":30,""min_delta"":0.0001,""num_attention_heads"":4,""num_hidden_layers"":2,""patch_length"":24,""patch_stride"":12,""patience"":5,""prediction_length"":168,""seed"":2026,""validation_points"":1344,""weight_decay"":0.0001,""window_stride"":168}",336,24,12,168,168,337,8,2025-07-01 23:00:00+00:00,2025-07-02 00:00:00+00:00,2025-08-26 23:00:00+00:00,2025-08-26 23:00:00+00:00,2025-07-01 23:00:00+00:00,24955.62890625,4713.1416015625,12,7,True,0.3955672085285187,1.8138447999954224,0.0012528999941423,24296,True,True,,,912.7890625,833183.8726196289,2.3920690506120996
Electricity-CISO,PatchTST,2025-08-26 23:00:00+00:00,33242.0,2025-09-02 23:00:00+00:00,168,38349.0,35400.63671875,5107.0,2158.63671875,1.0,1.0,True,1768.705341174852,1.6669612583922924,1.8261869999114424,58320,expanding,original,PatchTST-HF-supervised-v1,5.15.0,cpu,"{""batch_size"":32,""context_length"":336,""d_model"":32,""dropout"":0.1,""ffn_dim"":64,""learning_rate"":0.001,""max_epochs"":30,""min_delta"":0.0001,""num_attention_heads"":4,""num_hidden_layers"":2,""patch_length"":24,""patch_stride"":12,""patience"":5,""prediction_length"":168,""seed"":2026,""validation_points"":1344,""weight_decay"":0.0001,""window_stride"":168}",336,24,12,168,168,337,8,2025-07-01 23:00:00+00:00,2025-07-02 00:00:00+00:00,2025-08-26 23:00:00+00:00,2025-08-26 23:00:00+00:00,2025-07-01 23:00:00+00:00,24955.62890625,4713.1416015625,12,7,True,0.3955672085285187,1.8138447999954224,0.0012528999941423,24296,True,True,,,2948.36328125,8692846.038223267,2.216145555448042
Electricity-CISO,PatchTST,2025-09-02 23:00:00+00:00,38349.0,2025-09-03 00:00:00+00:00,1,40108.0,34531.10546875,1759.0,-3817.89453125,1.0,-1.0,False,1768.9523491083676,3.1526539050421616,1.2985634000506252,58488,expanding,original,PatchTST-HF-supervised-v1,5.15.0,cpu,"{""batch_size"":32,""context_length"":336,""d_model"":32,""dropout"":0.1,""ffn_dim"":64,""learning_rate"":0.001,""max_epochs"":30,""min_delta"":0.0001,""num_attention_heads"":4,""num_hidden_layers"":2,""patch_length"":24,""patch_stride"":12,""patience"":5,""prediction_length"":168,""seed"":2026,""validation_points"":1344,""weight_decay"":0.0001,""window_stride"":168}",336,24,12,168,168,338,8,2025-07-08 23:00:00+00:00,2025-07-09 00:00:00+00:00,2025-09-02 23:00:00+00:00,2025-09-02 23:00:00+00:00,2025-07-08 23:00:00+00:00,24963.314453125,4711.869140625,8,3,True,0.3818366229534149,1.2869045999832451,0.0010386999929323,24296,True,True,,,5576.89453125,31101752.61268616,2.030572312191992
Electricity-CISO,PatchTST,2025-09-02 23:00:00+00:00,38349.0,2025-09-03 23:00:00+00:00,24,37420.0,34703.17578125,-929.0,-3645.82421875,-1.0,-1.0,True,1768.9523491083676,1.5358379891461762,1.2985634000506252,58488,expanding,original,PatchTST-HF-supervised-v1,5.15.0,cpu,"{""batch_size"":32,""context_length"":336,""d_model"":32,""dropout"":0.1,""ffn_dim"":64,""learning_rate"":0.001,""max_epochs"":30,""min_delta"":0.0001,""num_attention_heads"":4,""num_hidden_layers"":2,""patch_length"":24,""patch_stride"":12,""patience"":5,""prediction_length"":168,""seed"":2026,""validation_points"":1344,""weight_decay"":0.0001,""window_stride"":168}",336,24,12,168,168,338,8,2025-07-08 23:00:00+00:00,2025-07-09 00:00:00+00:00,2025-09-02 23:00:00+00:00,2025-09-02 23:00:00+00:00,2025-07-08 23:00:00+00:00,24963.314453125,4711.869140625,8,3,True,0.3818366229534149,1.2869045999832451,0.0010386999929323,24296,True,True,,,2716.82421875,7381133.835586548,2.067090795062502
Electricity-CISO,PatchTST,2025-09-02 23:00:00+00:00,38349.0,2025-09-09 23:00:00+00:00,168,30063.0,34864.203125,-8286.0,-3484.796875,-1.0,-1.0,True,1768.9523491083676,2.7141506256061816,1.2985634000506252,58488,expanding,original,PatchTST-HF-supervised-v1,5.15.0,cpu,"{""batch_size"":32,""context_length"":336,""d_model"":32,""dropout"":0.1,""ffn_dim"":64,""learning_rate"":0.001,""max_epochs"":30,""min_delta"":0.0001,""num_attention_heads"":4,""num_hidden_layers"":2,""patch_length"":24,""patch_stride"":12,""patience"":5,""prediction_length"":168,""seed"":2026,""validation_points"":1344,""weight_decay"":0.0001,""window_stride"":168}",336,24,12,168,168,338,8,2025-07-08 23:00:00+00:00,2025-07-09 00:00:00+00:00,2025-09-02 23:00:00+00:00,2025-09-02 23:00:00+00:00,2025-07-08 23:00:00+00:00,24963.314453125,4711.869140625,8,3,True,0.3818366229534149,1.2869045999832451,0.0010386999929323,24296,True,True,,,4801.203125,23051551.44750977,2.101265628646408
Electricity-CISO,PatchTST,2025-09-09 23:00:00+00:00,30063.0,2025-09-10 00:00:00+00:00,1,30730.0,37520.71875,667.0,7457.71875,1.0,1.0,True,1769.9700280399395,3.8366292323718185,2.036150900064968,58656,expanding,original,PatchTST-HF-supervised-v1,5.15.0,cpu,"{""batch_size"":32,""context_length"":336,""d_model"":32,""dropout"":0.1,""ffn_dim"":64,""learning_rate"":0.001,""max_epochs"":30,""min_delta"":0.0001,""num_attention_heads"":4,""num_hidden_layers"":2,""patch_length"":24,""patch_stride"":12,""patience"":5,""prediction_length"":168,""seed"":2026,""validation_points"":1344,""weight_decay"":0.0001,""window_stride"":168}",336,24,12,168,168,339,8,2025-07-15 23:00:00+00:00,2025-07-16 00:00:00+00:00,2025-09-09 23:00:00+00:00,2025-09-09 23:00:00+00:00,2025-07-15 23:00:00+00:00,24978.42578125,4718.03857421875,13,8,True,0.4017328023910522,2.02450850000605,0.0010610000463202,24296,True,True,,,6790.71875,46113861.14160156,2.6583701619749585
Electricity-CISO,PatchTST,2025-09-09 23:00:00+00:00,30063.0,2025-09-10 23:00:00+00:00,24,30594.0,36244.8046875,531.0,6181.8046875,1.0,1.0,True,1769.9700280399395,3.1925990824588637,2.036150900064968,58656,expanding,original,PatchTST-HF-supervised-v1,5.15.0,cpu,"{""batch_size"":32,""context_length"":336,""d_model"":32,""dropout"":0.1,""ffn_dim"":64,""learning_rate"":0.001,""max_epochs"":30,""min_delta"":0.0001,""num_attention_heads"":4,""num_hidden_layers"":2,""patch_length"":24,""patch_stride"":12,""patience"":5,""prediction_length"":168,""seed"":2026,""validation_points"":1344,""weight_decay"":0.0001,""window_stride"":168}",336,24,12,168,168,339,8,2025-07-15 23:00:00+00:00,2025-07-16 00:00:00+00:00,2025-09-09 23:00:00+00:00,2025-09-09 23:00:00+00:00,2025-07-15 23:00:00+00:00,24978.42578125,4718.03857421875,13,8,True,0.4017328023910522,2.02450850000605,0.0010610000463202,24296,True,True,,,5650.8046875,31931593.616271973,2.387937005817206
Electricity-CISO,PatchTST,2025-09-09 23:00:00+00:00,30063.0,2025-09-16 23:00:00+00:00,168,37359.0,35588.9609375,7296.0,5525.9609375,1.0,1.0,True,1769.9700280399395,1.000039003180261,2.036150900064968,58656,expanding,original,PatchTST-HF-supervised-v1,5.15.0,cpu,"{""batch_size"":32,""context_length"":336,""d_model"":32,""dropout"":0.1,""ffn_dim"":64,""learning_rate"":0.001,""max_epochs"":30,""min_delta"":0.0001,""num_attention_heads"":4,""num_hidden_layers"":2,""patch_length"":24,""patch_stride"":12,""patience"":5,""prediction_length"":168,""seed"":2026,""validation_points"":1344,""weight_decay"":0.0001,""window_stride"":168}",336,24,12,168,168,339,8,2025-07-15 23:00:00+00:00,2025-07-16 00:00:00+00:00,2025-09-09 23:00:00+00:00,2025-09-09 23:00:00+00:00,2025-07-15 23:00:00+00:00,24978.42578125,4718.03857421875,13,8,True,0.4017328023910522,2.02450850000605,0.0010610000463202,24296,True,True,,,1770.0390625,3133038.282775879,2.2489292932512694
Electricity-CISO,PatchTST,2025-09-16 23:00:00+00:00,37359.0,2025-09-17 00:00:00+00:00,1,39305.0,34916.28515625,1946.0,-2442.71484375,1.0,-1.0,False,1774.708128750682,2.472922038645006,1.2034398999530822,58824,expanding,original,PatchTST-HF-supervised-v1,5.15.0,cpu,"{""batch_size"":32,""context_length"":336,""d_model"":32,""dropout"":0.1,""ffn_dim"":64,""learning_rate"":0.001,""max_epochs"":30,""min_delta"":0.0001,""num_attention_heads"":4,""num_hidden_layers"":2,""patch_length"":24,""patch_stride"":12,""patience"":5,""prediction_length"":168,""seed"":2026,""validation_points"":1344,""weight_decay"":0.0001,""window_stride"":168}",336,24,12,168,168,340,8,2025-07-22 23:00:00+00:00,2025-07-23 00:00:00+00:00,2025-09-16 23:00:00+00:00,2025-09-16 23:00:00+00:00,2025-07-22 23:00:00+00:00,24988.4296875,4717.7197265625,8,3,True,0.4435315728187561,1.1921064000343904,0.0011038000229746,24296,True,True,,,4388.71484375,19260817.979751587,2.1043758519295914
Electricity-CISO,PatchTST,2025-09-16 23:00:00+00:00,37359.0,2025-09-17 23:00:00+00:00,24,38314.0,34201.1796875,955.0,-3157.8203125,1.0,-1.0,False,1774.708128750682,2.317462937071939,1.2034398999530822,58824,expanding,original,PatchTST-HF-supervised-v1,5.15.0,cpu,"{""batch_size"":32,""context_length"":336,""d_model"":32,""dropout"":0.1,""ffn_dim"":64,""learning_rate"":0.001,""max_epochs"":30,""min_delta"":0.0001,""num_attention_heads"":4,""num_hidden_layers"":2,""patch_length"":24,""patch_stride"":12,""patience"":5,""prediction_length"":168,""seed"":2026,""validation_points"":1344,""weight_decay"":0.0001,""window_stride"":168}",336,24,12,168,168,340,8,2025-07-22 23:00:00+00:00,2025-07-23 00:00:00+00:00,2025-09-16 23:00:00+00:00,2025-09-16 23:00:00+00:00,2025-07-22 23:00:00+00:00,24988.4296875,4717.7197265625,8,3,True,0.4435315728187561,1.1921064000343904,0.0011038000229746,24296,True,True,,,4112.8203125,16915290.922912598,1.95279722704357
Electricity-CISO,PatchTST,2025-09-16 23:00:00+00:00,37359.0,2025-09-23 23:00:00+00:00,168,36285.0,33596.85546875,-1074.0,-3762.14453125,-1.0,-1.0,True,1774.708128750682,1.5146966916426634,1.2034398999530822,58824,expanding,original,PatchTST-HF-supervised-v1,5.15.0,cpu,"{""batch_size"":32,""context_length"":336,""d_model"":32,""dropout"":0.1,""ffn_dim"":64,""learning_rate"":0.001,""max_epochs"":30,""min_delta"":0.0001,""num_attention_heads"":4,""num_hidden_layers"":2,""patch_length"":24,""patch_stride"":12,""patience"":5,""prediction_length"":168,""seed"":2026,""validation_points"":1344,""weight_decay"":0.0001,""window_stride"":168}",336,24,12,168,168,340,8,2025-07-22 23:00:00+00:00,2025-07-23 00:00:00+00:00,2025-09-16 23:00:00+00:00,2025-09-16 23:00:00+00:00,2025-07-22 23:00:00+00:00,24988.4296875,4717.7197265625,8,3,True,0.4435315728187561,1.1921064000343904,0.0011038000229746,24296,True,True,,,2688.14453125,7226121.020889282,1.82470055030641
Electricity-CISO,PatchTST,2025-09-23 23:00:00+00:00,36285.0,2025-09-24 00:00:00+00:00,1,37874.0,36444.390625,1589.0,159.390625,1.0,1.0,True,1775.5543825649395,0.8051622575112611,4.474567799945362,58992,expanding,original,PatchTST-HF-supervised-v1,5.15.0,cpu,"{""batch_size"":32,""context_length"":336,""d_model"":32,""dropout"":0.1,""ffn_dim"":64,""learning_rate"":0.001,""max_epochs"":30,""min_delta"":0.0001,""num_attention_heads"":4,""num_hidden_layers"":2,""patch_length"":24,""patch_stride"":12,""patience"":5,""prediction_length"":168,""seed"":2026,""validation_points"":1344,""weight_decay"":0.0001,""window_stride"":168}",336,24,12,168,168,341,8,2025-07-29 23:00:00+00:00,2025-07-30 00:00:00+00:00,2025-09-23 23:00:00+00:00,2025-09-23 23:00:00+00:00,2025-07-29 23:00:00+00:00,24995.05078125,4715.25146484375,30,29,False,0.3628043830394745,4.461376799969003,0.0013450999977067,24296,True,True,,,1429.609375,2043782.9650878904,2.428150424026091
Electricity-CISO,PatchTST,2025-09-23 23:00:00+00:00,36285.0,2025-09-24 23:00:00+00:00,24,35649.0,35459.21875,-636.0,-825.78125,-1.0,-1.0,True,1775.5543825649395,0.1068856306872701,4.474567799945362,58992,expanding,original,PatchTST-HF-supervised-v1,5.15.0,cpu,"{""batch_size"":32,""context_length"":336,""d_model"":32,""dropout"":0.1,""ffn_dim"":64,""learning_rate"":0.001,""max_epochs"":30,""min_delta"":0.0001,""num_attention_heads"":4,""num_hidden_layers"":2,""patch_length"":24,""patch_stride"":12,""patience"":5,""prediction_length"":168,""seed"":2026,""validation_points"":1344,""weight_decay"":0.0001,""window_stride"":168}",336,24,12,168,168,341,8,2025-07-29 23:00:00+00:00,2025-07-30 00:00:00+00:00,2025-09-23 23:00:00+00:00,2025-09-23 23:00:00+00:00,2025-07-29 23:00:00+00:00,24995.05078125,4715.25146484375,30,29,False,0.3628043830394745,4.461376799969003,0.0013450999977067,24296,True,True,,,189.78125,36016.9228515625,2.2192173729798634
Electricity-CISO,PatchTST,2025-09-23 23:00:00+00:00,36285.0,2025-09-30 23:00:00+00:00,168,29664.0,34370.765625,-6621.0,-1914.234375,-1.0,-1.0,True,1775.5543825649395,2.650871001878679,4.474567799945362,58992,expanding,original,PatchTST-HF-supervised-v1,5.15.0,cpu,"{""batch_size"":32,""context_length"":336,""d_model"":32,""dropout"":0.1,""ffn_dim"":64,""learning_rate"":0.001,""max_epochs"":30,""min_delta"":0.0001,""num_attention_heads"":4,""num_hidden_layers"":2,""patch_length"":24,""patch_stride"":12,""patience"":5,""prediction_length"":168,""seed"":2026,""validation_points"":1344,""weight_decay"":0.0001,""window_stride"":168}",336,24,12,168,168,341,8,2025-07-29 23:00:00+00:00,2025-07-30 00:00:00+00:00,2025-09-23 23:00:00+00:00,2025-09-23 23:00:00+00:00,2025-07-29 23:00:00+00:00,24995.05078125,4715.25146484375,30,29,False,0.3628043830394745,4.461376799969003,0.0013450999977067,24296,True,True,,,4706.765625,22153642.64868164,1.9883806650936875
Electricity-CISO,PatchTST,2025-09-30 23:00:00+00:00,29664.0,2025-10-01 00:00:00+00:00,1,29650.0,34842.109375,-14.0,5178.109375,-1.0,1.0,False,1775.9870151885002,2.923506382983841,3.721813699929044,59160,expanding,original,PatchTST-HF-supervised-v1,5.15.0,cpu,"{""batch_size"":32,""context_length"":336,""d_model"":32,""dropout"":0.1,""ffn_dim"":64,""learning_rate"":0.001,""max_epochs"":30,""min_delta"":0.0001,""num_attention_heads"":4,""num_hidden_layers"":2,""patch_length"":24,""patch_stride"":12,""patience"":5,""prediction_length"":168,""seed"":2026,""validation_points"":1344,""weight_decay"":0.0001,""window_stride"":168}",336,24,12,168,168,342,8,2025-08-05 23:00:00+00:00,2025-08-06 00:00:00+00:00,2025-09-30 23:00:00+00:00,2025-09-30 23:00:00+00:00,2025-08-05 23:00:00+00:00,25005.876953125,4717.0947265625,25,20,True,0.3936871886253357,3.709316799999215,0.0010377999860793,24296,True,True,,,5192.109375,26957999.76196289,2.0852310568380257
Electricity-CISO,PatchTST,2025-09-30 23:00:00+00:00,29664.0,2025-10-01 23:00:00+00:00,24,29674.0,33906.2421875,10.0,4242.2421875,1.0,1.0,True,1775.9870151885002,2.3830366727376084,3.721813699929044,59160,expanding,original,PatchTST-HF-supervised-v1,5.15.0,cpu,"{""batch_size"":32,""context_length"":336,""d_model"":32,""dropout"":0.1,""ffn_dim"":64,""learning_rate"":0.001,""max_epochs"":30,""min_delta"":0.0001,""num_attention_heads"":4,""num_hidden_layers"":2,""patch_length"":24,""patch_stride"":12,""patience"":5,""prediction_length"":168,""seed"":2026,""validation_points"":1344,""weight_decay"":0.0001,""window_stride"":168}",336,24,12,168,168,342,8,2025-08-05 23:00:00+00:00,2025-08-06 00:00:00+00:00,2025-09-30 23:00:00+00:00,2025-09-30 23:00:00+00:00,2025-08-05 23:00:00+00:00,25005.876953125,4717.0947265625,25,20,True,0.3936871886253357,3.709316799999215,0.0010377999860793,24296,True,True,,,4232.2421875,17911873.933654785,1.8868319909405307
Electricity-CISO,PatchTST,2025-09-30 23:00:00+00:00,29664.0,2025-10-07 23:00:00+00:00,168,27888.0,33270.39453125,-1776.0,3606.39453125,-1.0,1.0,False,1775.9870151885002,3.030649709270944,3.721813699929044,59160,expanding,original,PatchTST-HF-supervised-v1,5.15.0,cpu,"{""batch_size"":32,""context_length"":336,""d_model"":32,""dropout"":0.1,""ffn_dim"":64,""learning_rate"":0.001,""max_epochs"":30,""min_delta"":0.0001,""num_attention_heads"":4,""num_hidden_layers"":2,""patch_length"":24,""patch_stride"":12,""patience"":5,""prediction_length"":168,""seed"":2026,""validation_points"":1344,""weight_decay"":0.0001,""window_stride"":168}",336,24,12,168,168,342,8,2025-08-05 23:00:00+00:00,2025-08-06 00:00:00+00:00,2025-09-30 23:00:00+00:00,2025-09-30 23:00:00+00:00,2025-08-05 23:00:00+00:00,25005.876953125,4717.0947265625,25,20,True,0.3936871886253357,3.709316799999215,0.0010377999860793,24296,True,True,,,5382.39453125,28970170.890029907,1.7520355339880194
Electricity-CISO,PatchTST,2025-10-07 23:00:00+00:00,27888.0,2025-10-08 00:00:00+00:00,1,27935.0,31107.087890625,47.0,3219.087890625,1.0,1.0,True,1777.699560513861,1.7843779461294789,1.524831400020048,59328,expanding,original,PatchTST-HF-supervised-v1,5.15.0,cpu,"{""batch_size"":32,""context_length"":336,""d_model"":32,""dropout"":0.1,""ffn_dim"":64,""learning_rate"":0.001,""max_epochs"":30,""min_delta"":0.0001,""num_attention_heads"":4,""num_hidden_layers"":2,""patch_length"":24,""patch_stride"":12,""patience"":5,""prediction_length"":168,""seed"":2026,""validation_points"":1344,""weight_decay"":0.0001,""window_stride"":168}",336,24,12,168,168,343,8,2025-08-12 23:00:00+00:00,2025-08-13 00:00:00+00:00,2025-10-07 23:00:00+00:00,2025-10-07 23:00:00+00:00,2025-08-12 23:00:00+00:00,25025.53125,4730.828125,10,5,True,0.4502589404582977,1.5120697000529617,0.0013164000120013,24296,True,True,,,3172.087890625,10062141.585849762,1.2855162943855627
Electricity-CISO,PatchTST,2025-10-07 23:00:00+00:00,27888.0,2025-10-08 23:00:00+00:00,24,26716.0,30258.083984375,-1172.0,2370.083984375,-1.0,1.0,False,1777.699560513861,1.9925099060896023,1.524831400020048,59328,expanding,original,PatchTST-HF-supervised-v1,5.15.0,cpu,"{""batch_size"":32,""context_length"":336,""d_model"":32,""dropout"":0.1,""ffn_dim"":64,""learning_rate"":0.001,""max_epochs"":30,""min_delta"":0.0001,""num_attention_heads"":4,""num_hidden_layers"":2,""patch_length"":24,""patch_stride"":12,""patience"":5,""prediction_length"":168,""seed"":2026,""validation_points"":1344,""weight_decay"":0.0001,""window_stride"":168}",336,24,12,168,168,343,8,2025-08-12 23:00:00+00:00,2025-08-13 00:00:00+00:00,2025-10-07 23:00:00+00:00,2025-10-07 23:00:00+00:00,2025-08-12 23:00:00+00:00,25025.53125,4730.828125,10,5,True,0.4502589404582977,1.5120697000529617,0.0013164000120013,24296,True,True,,,3542.083984375,12546358.952365875,1.1060542881961073
Electricity-CISO,PatchTST,2025-10-07 23:00:00+00:00,27888.0,2025-10-14 23:00:00+00:00,168,28386.0,29637.0,498.0,1749.0,1.0,1.0,True,1777.699560513861,0.7037184616496089,1.524831400020048,59328,expanding,original,PatchTST-HF-supervised-v1,5.15.0,cpu,"{""batch_size"":32,""context_length"":336,""d_model"":32,""dropout"":0.1,""ffn_dim"":64,""learning_rate"":0.001,""max_epochs"":30,""min_delta"":0.0001,""num_attention_heads"":4,""num_hidden_layers"":2,""patch_length"":24,""patch_stride"":12,""patience"":5,""prediction_length"":168,""seed"":2026,""validation_points"":1344,""weight_decay"":0.0001,""window_stride"":168}",336,24,12,168,168,343,8,2025-08-12 23:00:00+00:00,2025-08-13 00:00:00+00:00,2025-10-07 23:00:00+00:00,2025-10-07 23:00:00+00:00,2025-08-12 23:00:00+00:00,25025.53125,4730.828125,10,5,True,0.4502589404582977,1.5120697000529617,0.0013164000120013,24296,True,True,,,1251.0,1565001.0,0.9747698771026478
Electricity-CISO,PatchTST,2025-10-14 23:00:00+00:00,28386.0,2025-10-15 00:00:00+00:00,1,27997.0,28871.017578125,-389.0,485.017578125,-1.0,1.0,False,1776.085153721683,0.4921034198690007,1.316262900014408,59496,expanding,original,PatchTST-HF-supervised-v1,5.15.0,cpu,"{""batch_size"":32,""context_length"":336,""d_model"":32,""dropout"":0.1,""ffn_dim"":64,""learning_rate"":0.001,""max_epochs"":30,""min_delta"":0.0001,""num_attention_heads"":4,""num_hidden_layers"":2,""patch_length"":24,""patch_stride"":12,""patience"":5,""prediction_length"":168,""seed"":2026,""validation_points"":1344,""weight_decay"":0.0001,""window_stride"":168}",336,24,12,168,168,344,8,2025-08-19 23:00:00+00:00,2025-08-20 00:00:00+00:00,2025-10-14 23:00:00+00:00,2025-10-14 23:00:00+00:00,2025-08-19 23:00:00+00:00,25038.1171875,4734.25048828125,9,4,True,0.4884571433067322,1.303369100089185,0.0016556000337004,24296,True,True,,,874.017578125,763906.7268714905,0.8096108138157512
Electricity-CISO,PatchTST,2025-10-14 23:00:00+00:00,28386.0,2025-10-15 23:00:00+00:00,24,25487.0,28128.162109375,-2899.0,-257.837890625,-1.0,-1.0,True,1776.085153721683,1.487069526954042,1.316262900014408,59496,expanding,original,PatchTST-HF-supervised-v1,5.15.0,cpu,"{""batch_size"":32,""context_length"":336,""d_model"":32,""dropout"":0.1,""ffn_dim"":64,""learning_rate"":0.001,""max_epochs"":30,""min_delta"":0.0001,""num_attention_heads"":4,""num_hidden_layers"":2,""patch_length"":24,""patch_stride"":12,""patience"":5,""prediction_length"":168,""seed"":2026,""validation_points"":1344,""weight_decay"":0.0001,""window_stride"":168}",336,24,12,168,168,344,8,2025-08-19 23:00:00+00:00,2025-08-20 00:00:00+00:00,2025-10-14 23:00:00+00:00,2025-10-14 23:00:00+00:00,2025-08-19 23:00:00+00:00,25038.1171875,4734.25048828125,9,4,True,0.4884571433067322,1.303369100089185,0.0016556000337004,24296,True,True,,,2641.162109375,6975737.287998199,0.6526999214603932
Electricity-CISO,PatchTST,2025-10-14 23:00:00+00:00,28386.0,2025-10-21 23:00:00+00:00,168,26401.0,27836.283203125,-1985.0,-549.716796875,-1.0,-1.0,True,1776.085153721683,0.8081162100350018,1.316262900014408,59496,expanding,original,PatchTST-HF-supervised-v1,5.15.0,cpu,"{""batch_size"":32,""context_length"":336,""d_model"":32,""dropout"":0.1,""ffn_dim"":64,""learning_rate"":0.001,""max_epochs"":30,""min_delta"":0.0001,""num_attention_heads"":4,""num_hidden_layers"":2,""patch_length"":24,""patch_stride"":12,""patience"":5,""prediction_length"":168,""seed"":2026,""validation_points"":1344,""weight_decay"":0.0001,""window_stride"":168}",336,24,12,168,168,344,8,2025-08-19 23:00:00+00:00,2025-08-20 00:00:00+00:00,2025-10-14 23:00:00+00:00,2025-10-14 23:00:00+00:00,2025-08-19 23:00:00+00:00,25038.1171875,4734.25048828125,9,4,True,0.4884571433067322,1.303369100089185,0.0016556000337004,24296,True,True,,,1435.283203125,2060037.87317276,0.5910473099282211
Electricity-CISO,PatchTST,2025-10-21 23:00:00+00:00,26401.0,2025-10-22 00:00:00+00:00,1,26615.0,25281.736328125,214.0,-1119.263671875,1.0,-1.0,False,1775.0723746134197,0.7511038371972648,1.6736135999672117,59664,expanding,original,PatchTST-HF-supervised-v1,5.15.0,cpu,"{""batch_size"":32,""context_length"":336,""d_model"":32,""dropout"":0.1,""ffn_dim"":64,""learning_rate"":0.001,""max_epochs"":30,""min_delta"":0.0001,""num_attention_heads"":4,""num_hidden_layers"":2,""patch_length"":24,""patch_stride"":12,""patience"":5,""prediction_length"":168,""seed"":2026,""validation_points"":1344,""weight_decay"":0.0001,""window_stride"":168}",336,24,12,168,168,345,8,2025-08-26 23:00:00+00:00,2025-08-27 00:00:00+00:00,2025-10-21 23:00:00+00:00,2025-10-21 23:00:00+00:00,2025-08-26 23:00:00+00:00,25061.416015625,4754.150390625,11,6,True,0.4365619122982025,1.659156399895437,0.0012378999963402,24296,True,True,,,1333.263671875,1777592.0187416077,0.04634273096081754
Electricity-CISO,PatchTST,2025-10-21 23:00:00+00:00,26401.0,2025-10-22 23:00:00+00:00,24,29785.0,24735.306640625,3384.0,-1665.693359375,1.0,-1.0,False,1775.0723746134197,2.8447816729020623,1.6736135999672117,59664,expanding,original,PatchTST-HF-supervised-v1,5.15.0,cpu,"{""batch_size"":32,""context_length"":336,""d_model"":32,""dropout"":0.1,""ffn_dim"":64,""learning_rate"":0.001,""max_epochs"":30,""min_delta"":0.0001,""num_attention_heads"":4,""num_hidden_layers"":2,""patch_length"":24,""patch_stride"":12,""patience"":5,""prediction_length"":168,""seed"":2026,""validation_points"":1344,""weight_decay"":0.0001,""window_stride"":168}",336,24,12,168,168,345,8,2025-08-26 23:00:00+00:00,2025-08-27 00:00:00+00:00,2025-10-21 23:00:00+00:00,2025-10-21 23:00:00+00:00,2025-08-26 23:00:00+00:00,25061.416015625,4754.150390625,11,6,True,0.4365619122982025,1.659156399895437,0.0012378999963402,24296,True,True,,,5049.693359375,25499403.023715973,-0.06859466954244338
Electricity-CISO,PatchTST,2025-10-21 23:00:00+00:00,26401.0,2025-10-28 23:00:00+00:00,168,26936.0,24632.634765625,535.0,-1768.365234375,1.0,-1.0,False,1775.0723746134197,1.29761764495751,1.6736135999672117,59664,expanding,original,PatchTST-HF-supervised-v1,5.15.0,cpu,"{""batch_size"":32,""context_length"":336,""d_model"":32,""dropout"":0.1,""ffn_dim"":64,""learning_rate"":0.001,""max_epochs"":30,""min_delta"":0.0001,""num_attention_heads"":4,""num_hidden_layers"":2,""patch_length"":24,""patch_stride"":12,""patience"":5,""prediction_length"":168,""seed"":2026,""validation_points"":1344,""weight_decay"":0.0001,""window_stride"":168}",336,24,12,168,168,345,8,2025-08-26 23:00:00+00:00,2025-08-27 00:00:00+00:00,2025-10-21 23:00:00+00:00,2025-10-21 23:00:00+00:00,2025-08-26 23:00:00+00:00,25061.416015625,4754.150390625,11,6,True,0.4365619122982025,1.659156399895437,0.0012378999963402,24296,True,True,,,2303.365234375,5305491.402927399,-0.09019093103271196
Electricity-CISO,PatchTST,2025-10-28 23:00:00+00:00,26936.0,2025-10-29 00:00:00+00:00,1,26660.0,24844.1796875,-276.0,-2091.8203125,-1.0,-1.0,True,1772.4532381335478,1.0244672600853038,1.3546862999210134,59832,expanding,original,PatchTST-HF-supervised-v1,5.15.0,cpu,"{""batch_size"":32,""context_length"":336,""d_model"":32,""dropout"":0.1,""ffn_dim"":64,""learning_rate"":0.001,""max_epochs"":30,""min_delta"":0.0001,""num_attention_heads"":4,""num_hidden_layers"":2,""patch_length"":24,""patch_stride"":12,""patience"":5,""prediction_length"":168,""seed"":2026,""validation_points"":1344,""weight_decay"":0.0001,""window_stride"":168}",336,24,12,168,168,346,8,2025-09-02 23:00:00+00:00,2025-09-03 00:00:00+00:00,2025-10-28 23:00:00+00:00,2025-10-28 23:00:00+00:00,2025-09-02 23:00:00+00:00,25081.0703125,4767.5361328125,9,4,True,0.3691880404949188,1.342619700008072,0.0011738999746739,24296,True,True,,,1815.8203125,3297203.4072875977,-0.04968827050299705
Electricity-CISO,PatchTST,2025-10-28 23:00:00+00:00,26936.0,2025-10-29 23:00:00+00:00,24,28058.0,24331.49609375,1122.0,-2604.50390625,1.0,-1.0,False,1772.4532381335478,2.1024554138162386,1.3546862999210134,59832,expanding,original,PatchTST-HF-supervised-v1,5.15.0,cpu,"{""batch_size"":32,""context_length"":336,""d_model"":32,""dropout"":0.1,""ffn_dim"":64,""learning_rate"":0.001,""max_epochs"":30,""min_delta"":0.0001,""num_attention_heads"":4,""num_hidden_layers"":2,""patch_length"":24,""patch_stride"":12,""patience"":5,""prediction_length"":168,""seed"":2026,""validation_points"":1344,""weight_decay"":0.0001,""window_stride"":168}",336,24,12,168,168,346,8,2025-09-02 23:00:00+00:00,2025-09-03 00:00:00+00:00,2025-10-28 23:00:00+00:00,2025-10-28 23:00:00+00:00,2025-09-02 23:00:00+00:00,25081.0703125,4767.5361328125,9,4,True,0.3691880404949188,1.342619700008072,0.0011738999746739,24296,True,True,,,3726.50390625,13886831.363296509,-0.15722465396561255
Electricity-CISO,PatchTST,2025-10-28 23:00:00+00:00,26936.0,2025-11-04 23:00:00+00:00,168,26834.0,24644.419921875,-102.0,-2291.580078125,-1.0,-1.0,True,1772.4532381335478,1.235338699502561,1.3546862999210134,59832,expanding,original,PatchTST-HF-supervised-v1,5.15.0,cpu,"{""batch_size"":32,""context_length"":336,""d_model"":32,""dropout"":0.1,""ffn_dim"":64,""learning_rate"":0.001,""max_epochs"":30,""min_delta"":0.0001,""num_attention_heads"":4,""num_hidden_layers"":2,""patch_length"":24,""patch_stride"":12,""patience"":5,""prediction_length"":168,""seed"":2026,""validation_points"":1344,""weight_decay"":0.0001,""window_stride"":168}",336,24,12,168,168,346,8,2025-09-02 23:00:00+00:00,2025-09-03 00:00:00+00:00,2025-10-28 23:00:00+00:00,2025-10-28 23:00:00+00:00,2025-09-02 23:00:00+00:00,25081.0703125,4767.5361328125,9,4,True,0.3691880404949188,1.342619700008072,0.0011738999746739,24296,True,True,,,2189.580078125,4794260.918521881,-0.09158827085121807
Electricity-CISO,PatchTST,2025-11-04 23:00:00+00:00,26834.0,2025-11-05 00:00:00+00:00,1,26038.0,25957.3203125,-796.0,-876.6796875,-1.0,-1.0,True,1769.7927530418506,0.045587082081408,1.0623915999894962,60000,expanding,original,PatchTST-HF-supervised-v1,5.15.0,cpu,"{""batch_size"":32,""context_length"":336,""d_model"":32,""dropout"":0.1,""ffn_dim"":64,""learning_rate"":0.001,""max_epochs"":30,""min_delta"":0.0001,""num_attention_heads"":4,""num_hidden_layers"":2,""patch_length"":24,""patch_stride"":12,""patience"":5,""prediction_length"":168,""seed"":2026,""validation_points"":1344,""weight_decay"":0.0001,""window_stride"":168}",336,24,12,168,168,347,8,2025-09-09 23:00:00+00:00,2025-09-10 00:00:00+00:00,2025-11-04 23:00:00+00:00,2025-11-04 23:00:00+00:00,2025-09-09 23:00:00+00:00,25099.400390625,4779.9638671875,7,2,True,0.3015778958797455,1.0475154999876397,0.001280799973756,24296,True,True,,,80.6796875,6509.211975097656,0.17948251194203996
Electricity-CISO,PatchTST,2025-11-04 23:00:00+00:00,26834.0,2025-11-05 23:00:00+00:00,24,27632.0,26519.212890625,798.0,-314.787109375,1.0,-1.0,False,1769.7927530418506,0.6287669036176043,1.0623915999894962,60000,expanding,original,PatchTST-HF-supervised-v1,5.15.0,cpu,"{""batch_size"":32,""context_length"":336,""d_model"":32,""dropout"":0.1,""ffn_dim"":64,""learning_rate"":0.001,""max_epochs"":30,""min_delta"":0.0001,""num_attention_heads"":4,""num_hidden_layers"":2,""patch_length"":24,""patch_stride"":12,""patience"":5,""prediction_length"":168,""seed"":2026,""validation_points"":1344,""weight_decay"":0.0001,""window_stride"":168}",336,24,12,168,168,347,8,2025-09-09 23:00:00+00:00,2025-09-10 00:00:00+00:00,2025-11-04 23:00:00+00:00,2025-11-04 23:00:00+00:00,2025-09-09 23:00:00+00:00,25099.400390625,4779.9638671875,7,2,True,0.3015778958797455,1.0475154999876397,0.001280799973756,24296,True,True,,,1112.787109375,1238295.1507911682,0.2970341490960702
Electricity-CISO,PatchTST,2025-11-04 23:00:00+00:00,26834.0,2025-11-11 23:00:00+00:00,168,26906.0,25122.26953125,72.0,-1711.73046875,1.0,-1.0,False,1769.7927530418506,1.0078753377672012,1.0623915999894962,60000,expanding,original,PatchTST-HF-supervised-v1,5.15.0,cpu,"{""batch_size"":32,""context_length"":336,""d_model"":32,""dropout"":0.1,""ffn_dim"":64,""learning_rate"":0.001,""max_epochs"":30,""min_delta"":0.0001,""num_attention_heads"":4,""num_hidden_layers"":2,""patch_length"":24,""patch_stride"":12,""patience"":5,""prediction_length"":168,""seed"":2026,""validation_points"":1344,""weight_decay"":0.0001,""window_stride"":168}",336,24,12,168,168,347,8,2025-09-09 23:00:00+00:00,2025-09-10 00:00:00+00:00,2025-11-04 23:00:00+00:00,2025-11-04 23:00:00+00:00,2025-09-09 23:00:00+00:00,25099.400390625,4779.9638671875,7,2,True,0.3015778958797455,1.0475154999876397,0.001280799973756,24296,True,True,,,1783.73046875,3181694.3851470947,0.004784375208772458
Electricity-CISO,PatchTST,2025-11-11 23:00:00+00:00,26906.0,2025-11-12 00:00:00+00:00,1,27136.0,25438.51953125,230.0,-1467.48046875,1.0,-1.0,False,1767.3282,0.9604783473437476,2.1029246000107378,60168,expanding,original,PatchTST-HF-supervised-v1,5.15.0,cpu,"{""batch_size"":32,""context_length"":336,""d_model"":32,""dropout"":0.1,""ffn_dim"":64,""learning_rate"":0.001,""max_epochs"":30,""min_delta"":0.0001,""num_attention_heads"":4,""num_hidden_layers"":2,""patch_length"":24,""patch_stride"":12,""patience"":5,""prediction_length"":168,""seed"":2026,""validation_points"":1344,""weight_decay"":0.0001,""window_stride"":168}",336,24,12,168,168,348,8,2025-09-16 23:00:00+00:00,2025-09-17 00:00:00+00:00,2025-11-11 23:00:00+00:00,2025-11-11 23:00:00+00:00,2025-09-16 23:00:00+00:00,25108.734375,4780.1328125,14,9,True,0.3417291045188904,2.088683999958448,0.0015854000812396,24296,True,True,,,1697.48046875,2881439.94178772,0.06899079360046546
Electricity-CISO,PatchTST,2025-11-11 23:00:00+00:00,26906.0,2025-11-12 23:00:00+00:00,24,27897.0,24997.498046875,991.0,-1908.501953125,1.0,-1.0,False,1767.3282,1.640613188385157,2.1029246000107378,60168,expanding,original,PatchTST-HF-supervised-v1,5.15.0,cpu,"{""batch_size"":32,""context_length"":336,""d_model"":32,""dropout"":0.1,""ffn_dim"":64,""learning_rate"":0.001,""max_epochs"":30,""min_delta"":0.0001,""num_attention_heads"":4,""num_hidden_layers"":2,""patch_length"":24,""patch_stride"":12,""patience"":5,""prediction_length"":168,""seed"":2026,""validation_points"":1344,""weight_decay"":0.0001,""window_stride"":168}",336,24,12,168,168,348,8,2025-09-16 23:00:00+00:00,2025-09-17 00:00:00+00:00,2025-11-11 23:00:00+00:00,2025-11-11 23:00:00+00:00,2025-09-16 23:00:00+00:00,25108.734375,4780.1328125,14,9,True,0.3417291045188904,2.088683999958448,0.0015854000812396,24296,True,True,,,2899.501953125,8407111.57617569,-0.023270551779255612
Electricity-CISO,PatchTST,2025-11-11 23:00:00+00:00,26906.0,2025-11-18 23:00:00+00:00,168,24486.0,24788.6328125,-2420.0,-2117.3671875,-1.0,-1.0,True,1767.3282,0.1712374716252476,2.1029246000107378,60168,expanding,original,PatchTST-HF-supervised-v1,5.15.0,cpu,"{""batch_size"":32,""context_length"":336,""d_model"":32,""dropout"":0.1,""ffn_dim"":64,""learning_rate"":0.001,""max_epochs"":30,""min_delta"":0.0001,""num_attention_heads"":4,""num_hidden_layers"":2,""patch_length"":24,""patch_stride"":12,""patience"":5,""prediction_length"":168,""seed"":2026,""validation_points"":1344,""weight_decay"":0.0001,""window_stride"":168}",336,24,12,168,168,348,8,2025-09-16 23:00:00+00:00,2025-09-17 00:00:00+00:00,2025-11-11 23:00:00+00:00,2025-11-11 23:00:00+00:00,2025-09-16 23:00:00+00:00,25108.734375,4780.1328125,14,9,True,0.3417291045188904,2.088683999958448,0.0015854000812396,24296,True,True,,,302.6328125,91586.61920166016,-0.0669649934543529
Electricity-CISO,PatchTST,2025-11-18 23:00:00+00:00,24486.0,2025-11-19 00:00:00+00:00,1,23808.0,25621.078125,-678.0,1135.078125,-1.0,1.0,False,1765.2526093604574,1.0270927318764138,1.040135300019756,60336,expanding,original,PatchTST-HF-supervised-v1,5.15.0,cpu,"{""batch_size"":32,""context_length"":336,""d_model"":32,""dropout"":0.1,""ffn_dim"":64,""learning_rate"":0.001,""max_epochs"":30,""min_delta"":0.0001,""num_attention_heads"":4,""num_hidden_layers"":2,""patch_length"":24,""patch_stride"":12,""patience"":5,""prediction_length"":168,""seed"":2026,""validation_points"":1344,""weight_decay"":0.0001,""window_stride"":168}",336,24,12,168,168,349,8,2025-09-23 23:00:00+00:00,2025-09-24 00:00:00+00:00,2025-11-18 23:00:00+00:00,2025-11-18 23:00:00+00:00,2025-09-23 23:00:00+00:00,25123.23828125,4787.0341796875,7,2,True,0.2243620604276657,1.028989200014621,0.0010359999723732,24296,True,True,,,1813.078125,3287252.287353516,0.10399755361314325
Electricity-CISO,PatchTST,2025-11-18 23:00:00+00:00,24486.0,2025-11-19 23:00:00+00:00,24,25539.0,25617.1875,1053.0,1131.1875,1.0,1.0,True,1765.2526093604574,0.0442925276447131,1.040135300019756,60336,expanding,original,PatchTST-HF-supervised-v1,5.15.0,cpu,"{""batch_size"":32,""context_length"":336,""d_model"":32,""dropout"":0.1,""ffn_dim"":64,""learning_rate"":0.001,""max_epochs"":30,""min_delta"":0.0001,""num_attention_heads"":4,""num_hidden_layers"":2,""patch_length"":24,""patch_stride"":12,""patience"":5,""prediction_length"":168,""seed"":2026,""validation_points"":1344,""weight_decay"":0.0001,""window_stride"":168}",336,24,12,168,168,349,8,2025-09-23 23:00:00+00:00,2025-09-24 00:00:00+00:00,2025-11-18 23:00:00+00:00,2025-11-18 23:00:00+00:00,2025-09-23 23:00:00+00:00,25123.23828125,4787.0341796875,7,2,True,0.2243620604276657,1.028989200014621,0.0010359999723732,24296,True,True,,,78.1875,6113.28515625,0.10318481134852588
Electricity-CISO,PatchTST,2025-11-18 23:00:00+00:00,24486.0,2025-11-25 23:00:00+00:00,168,27170.0,25812.775390625,2684.0,1326.775390625,1.0,1.0,True,1765.2526093604574,0.7688557445989082,1.040135300019756,60336,expanding,original,PatchTST-HF-supervised-v1,5.15.0,cpu,"{""batch_size"":32,""context_length"":336,""d_model"":32,""dropout"":0.1,""ffn_dim"":64,""learning_rate"":0.001,""max_epochs"":30,""min_delta"":0.0001,""num_attention_heads"":4,""num_hidden_layers"":2,""patch_length"":24,""patch_stride"":12,""patience"":5,""prediction_length"":168,""seed"":2026,""validation_points"":1344,""weight_decay"":0.0001,""window_stride"":168}",336,24,12,168,168,349,8,2025-09-23 23:00:00+00:00,2025-09-24 00:00:00+00:00,2025-11-18 23:00:00+00:00,2025-11-18 23:00:00+00:00,2025-09-23 23:00:00+00:00,25123.23828125,4787.0341796875,7,2,True,0.2243620604276657,1.028989200014621,0.0010359999723732,24296,True,True,,,1357.224609375,1842058.640293121,0.1440426542807792
Electricity-CISO,PatchTST,2025-11-25 23:00:00+00:00,27170.0,2025-11-26 00:00:00+00:00,1,26967.0,23357.908203125,-203.0,-3812.091796875,-1.0,-1.0,True,1762.6296904004244,2.047560991699344,1.1070815999992192,60504,expanding,original,PatchTST-HF-supervised-v1,5.15.0,cpu,"{""batch_size"":32,""context_length"":336,""d_model"":32,""dropout"":0.1,""ffn_dim"":64,""learning_rate"":0.001,""max_epochs"":30,""min_delta"":0.0001,""num_attention_heads"":4,""num_hidden_layers"":2,""patch_length"":24,""patch_stride"":12,""patience"":5,""prediction_length"":168,""seed"":2026,""validation_points"":1344,""weight_decay"":0.0001,""window_stride"":168}",336,24,12,168,168,350,8,2025-09-30 23:00:00+00:00,2025-10-01 00:00:00+00:00,2025-11-25 23:00:00+00:00,2025-11-25 23:00:00+00:00,2025-09-30 23:00:00+00:00,25132.34375,4787.86083984375,7,2,True,0.268991082906723,1.093614700017497,0.0011752999853342,24296,True,True,,,3609.091796875,13025543.598270416,-0.37061134528147816
Electricity-CISO,PatchTST,2025-11-25 23:00:00+00:00,27170.0,2025-11-26 23:00:00+00:00,24,27566.0,23505.90234375,396.0,-3664.09765625,1.0,-1.0,False,1762.6296904004244,2.3034320131800627,1.1070815999992192,60504,expanding,original,PatchTST-HF-supervised-v1,5.15.0,cpu,"{""batch_size"":32,""context_length"":336,""d_model"":32,""dropout"":0.1,""ffn_dim"":64,""learning_rate"":0.001,""max_epochs"":30,""min_delta"":0.0001,""num_attention_heads"":4,""num_hidden_layers"":2,""patch_length"":24,""patch_stride"":12,""patience"":5,""prediction_length"":168,""seed"":2026,""validation_points"":1344,""weight_decay"":0.0001,""window_stride"":168}",336,24,12,168,168,350,8,2025-09-30 23:00:00+00:00,2025-10-01 00:00:00+00:00,2025-11-25 23:00:00+00:00,2025-11-25 23:00:00+00:00,2025-09-30 23:00:00+00:00,25132.34375,4787.86083984375,7,2,True,0.268991082906723,1.093614700017497,0.0011752999853342,24296,True,True,,,4060.09765625,16484392.978286743,-0.33970106079839163
Electricity-CISO,PatchTST,2025-11-25 23:00:00+00:00,27170.0,2025-12-02 23:00:00+00:00,168,26740.0,23805.212890625,-430.0,-3364.787109375,-1.0,-1.0,True,1762.6296904004244,1.6650049215432718,1.1070815999992192,60504,expanding,original,PatchTST-HF-supervised-v1,5.15.0,cpu,"{""batch_size"":32,""context_length"":336,""d_model"":32,""dropout"":0.1,""ffn_dim"":64,""learning_rate"":0.001,""max_epochs"":30,""min_delta"":0.0001,""num_attention_heads"":4,""num_hidden_layers"":2,""patch_length"":24,""patch_stride"":12,""patience"":5,""prediction_length"":168,""seed"":2026,""validation_points"":1344,""weight_decay"":0.0001,""window_stride"":168}",336,24,12,168,168,350,8,2025-09-30 23:00:00+00:00,2025-10-01 00:00:00+00:00,2025-11-25 23:00:00+00:00,2025-11-25 23:00:00+00:00,2025-09-30 23:00:00+00:00,25132.34375,4787.86083984375,7,2,True,0.268991082906723,1.093614700017497,0.0011752999853342,24296,True,True,,,2934.787109375,8612975.377353668,-0.27718659830938414
Electricity-CISO,PatchTST,2025-12-02 23:00:00+00:00,26740.0,2025-12-03 00:00:00+00:00,1,25466.0,24304.396484375,-1274.0,-2435.603515625,-1.0,-1.0,True,1761.4564987438846,0.6594562604602232,4.4668812999734655,60672,expanding,original,PatchTST-HF-supervised-v1,5.15.0,cpu,"{""batch_size"":32,""context_length"":336,""d_model"":32,""dropout"":0.1,""ffn_dim"":64,""learning_rate"":0.001,""max_epochs"":30,""min_delta"":0.0001,""num_attention_heads"":4,""num_hidden_layers"":2,""patch_length"":24,""patch_stride"":12,""patience"":5,""prediction_length"":168,""seed"":2026,""validation_points"":1344,""weight_decay"":0.0001,""window_stride"":168}",336,24,12,168,168,351,8,2025-10-07 23:00:00+00:00,2025-10-08 00:00:00+00:00,2025-12-02 23:00:00+00:00,2025-12-02 23:00:00+00:00,2025-10-07 23:00:00+00:00,25134.66015625,4784.0576171875,30,29,False,0.1903965324163437,4.453907300019637,0.0011029000161215,24296,True,True,,,1161.603515625,1349322.7275123596,-0.1735480084713327
Electricity-CISO,PatchTST,2025-12-02 23:00:00+00:00,26740.0,2025-12-03 23:00:00+00:00,24,27160.0,24102.16015625,420.0,-2637.83984375,1.0,-1.0,False,1761.4564987438846,1.735972387584128,4.4668812999734655,60672,expanding,original,PatchTST-HF-supervised-v1,5.15.0,cpu,"{""batch_size"":32,""context_length"":336,""d_model"":32,""dropout"":0.1,""ffn_dim"":64,""learning_rate"":0.001,""max_epochs"":30,""min_delta"":0.0001,""num_attention_heads"":4,""num_hidden_layers"":2,""patch_length"":24,""patch_stride"":12,""patience"":5,""prediction_length"":168,""seed"":2026,""validation_points"":1344,""weight_decay"":0.0001,""window_stride"":168}",336,24,12,168,168,351,8,2025-10-07 23:00:00+00:00,2025-10-08 00:00:00+00:00,2025-12-02 23:00:00+00:00,2025-12-02 23:00:00+00:00,2025-10-07 23:00:00+00:00,25134.66015625,4784.0576171875,30,29,False,0.1903965324163437,4.453907300019637,0.0011029000161215,24296,True,True,,,3057.83984375,9350384.510025024,-0.21582097930647343
Electricity-CISO,PatchTST,2025-12-02 23:00:00+00:00,26740.0,2025-12-09 23:00:00+00:00,168,29961.0,24070.287109375,3221.0,-2669.712890625,1.0,-1.0,False,1761.4564987438846,3.3442284239353834,4.4668812999734655,60672,expanding,original,PatchTST-HF-supervised-v1,5.15.0,cpu,"{""batch_size"":32,""context_length"":336,""d_model"":32,""dropout"":0.1,""ffn_dim"":64,""learning_rate"":0.001,""max_epochs"":30,""min_delta"":0.0001,""num_attention_heads"":4,""num_hidden_layers"":2,""patch_length"":24,""patch_stride"":12,""patience"":5,""prediction_length"":168,""seed"":2026,""validation_points"":1344,""weight_decay"":0.0001,""window_stride"":168}",336,24,12,168,168,351,8,2025-10-07 23:00:00+00:00,2025-10-08 00:00:00+00:00,2025-12-02 23:00:00+00:00,2025-12-02 23:00:00+00:00,2025-10-07 23:00:00+00:00,25134.66015625,4784.0576171875,30,29,False,0.1903965324163437,4.453907300019637,0.0011029000161215,24296,True,True,,,5890.712890625,34700498.35977554,-0.2224833252532469
Electricity-CISO,PatchTST,2025-12-09 23:00:00+00:00,29961.0,2025-12-10 00:00:00+00:00,1,27113.0,25665.240234375,-2848.0,-4295.759765625,-1.0,-1.0,True,1760.68756592827,0.822269546080262,1.9484810000285504,60840,expanding,original,PatchTST-HF-supervised-v1,5.15.0,cpu,"{""batch_size"":32,""context_length"":336,""d_model"":32,""dropout"":0.1,""ffn_dim"":64,""learning_rate"":0.001,""max_epochs"":30,""min_delta"":0.0001,""num_attention_heads"":4,""num_hidden_layers"":2,""patch_length"":24,""patch_stride"":12,""patience"":5,""prediction_length"":168,""seed"":2026,""validation_points"":1344,""weight_decay"":0.0001,""window_stride"":168}",336,24,12,168,168,352,8,2025-10-14 23:00:00+00:00,2025-10-15 00:00:00+00:00,2025-12-09 23:00:00+00:00,2025-12-09 23:00:00+00:00,2025-10-14 23:00:00+00:00,25134.5078125,4779.4580078125,13,8,True,0.2323969900608062,1.937497099977918,0.0010340999579057,24296,True,True,,,1447.759765625,2096008.338962555,0.11104447847589936
Electricity-CISO,PatchTST,2025-12-09 23:00:00+00:00,29961.0,2025-12-10 23:00:00+00:00,24,28595.0,25316.82421875,-1366.0,-4644.17578125,-1.0,-1.0,True,1760.68756592827,1.861872512015884,1.9484810000285504,60840,expanding,original,PatchTST-HF-supervised-v1,5.15.0,cpu,"{""batch_size"":32,""context_length"":336,""d_model"":32,""dropout"":0.1,""ffn_dim"":64,""learning_rate"":0.001,""max_epochs"":30,""min_delta"":0.0001,""num_attention_heads"":4,""num_hidden_layers"":2,""patch_length"":24,""patch_stride"":12,""patience"":5,""prediction_length"":168,""seed"":2026,""validation_points"":1344,""weight_decay"":0.0001,""window_stride"":168}",336,24,12,168,168,352,8,2025-10-14 23:00:00+00:00,2025-10-15 00:00:00+00:00,2025-12-09 23:00:00+00:00,2025-12-09 23:00:00+00:00,2025-10-14 23:00:00+00:00,25134.5078125,4779.4580078125,13,8,True,0.2323969900608062,1.937497099977918,0.0010340999579057,24296,True,True,,,3278.17578125,10746436.452774048,0.038145832843804815
Electricity-CISO,PatchTST,2025-12-09 23:00:00+00:00,29961.0,2025-12-16 23:00:00+00:00,168,28372.0,25161.52734375,-1589.0,-4799.47265625,-1.0,-1.0,True,1760.68756592827,1.8234198493685472,1.9484810000285504,60840,expanding,original,PatchTST-HF-supervised-v1,5.15.0,cpu,"{""batch_size"":32,""context_length"":336,""d_model"":32,""dropout"":0.1,""ffn_dim"":64,""learning_rate"":0.001,""max_epochs"":30,""min_delta"":0.0001,""num_attention_heads"":4,""num_hidden_layers"":2,""patch_length"":24,""patch_stride"":12,""patience"":5,""prediction_length"":168,""seed"":2026,""validation_points"":1344,""weight_decay"":0.0001,""window_stride"":168}",336,24,12,168,168,352,8,2025-10-14 23:00:00+00:00,2025-10-15 00:00:00+00:00,2025-12-09 23:00:00+00:00,2025-12-09 23:00:00+00:00,2025-10-14 23:00:00+00:00,25134.5078125,4779.4580078125,13,8,True,0.2323969900608062,1.937497099977918,0.0010340999579057,24296,True,True,,,3210.47265625,10307134.67652893,0.005653262609658645
Electricity-CISO,PatchTST,2025-12-16 23:00:00+00:00,28372.0,2025-12-17 00:00:00+00:00,1,26215.0,28981.04296875,-2157.0,609.04296875,-1.0,1.0,False,1757.658530571992,1.5737089546340102,3.2228496000170708,61008,expanding,original,PatchTST-HF-supervised-v1,5.15.0,cpu,"{""batch_size"":32,""context_length"":336,""d_model"":32,""dropout"":0.1,""ffn_dim"":64,""learning_rate"":0.001,""max_epochs"":30,""min_delta"":0.0001,""num_attention_heads"":4,""num_hidden_layers"":2,""patch_length"":24,""patch_stride"":12,""patience"":5,""prediction_length"":168,""seed"":2026,""validation_points"":1344,""weight_decay"":0.0001,""window_stride"":168}",336,24,12,168,168,353,8,2025-10-21 23:00:00+00:00,2025-10-22 00:00:00+00:00,2025-12-16 23:00:00+00:00,2025-12-16 23:00:00+00:00,2025-10-21 23:00:00+00:00,25131.625,4774.53759765625,20,15,True,0.2219585925340652,3.210933299968019,0.001392800011672,24296,True,True,,,2766.04296875,7650993.7049713135,0.8062389058659046
Electricity-CISO,PatchTST,2025-12-16 23:00:00+00:00,28372.0,2025-12-17 23:00:00+00:00,24,28181.0,28432.25,-191.0,60.25,-1.0,1.0,False,1757.658530571992,0.142945854174665,3.2228496000170708,61008,expanding,original,PatchTST-HF-supervised-v1,5.15.0,cpu,"{""batch_size"":32,""context_length"":336,""d_model"":32,""dropout"":0.1,""ffn_dim"":64,""learning_rate"":0.001,""max_epochs"":30,""min_delta"":0.0001,""num_attention_heads"":4,""num_hidden_layers"":2,""patch_length"":24,""patch_stride"":12,""patience"":5,""prediction_length"":168,""seed"":2026,""validation_points"":1344,""weight_decay"":0.0001,""window_stride"":168}",336,24,12,168,168,353,8,2025-10-21 23:00:00+00:00,2025-10-22 00:00:00+00:00,2025-12-16 23:00:00+00:00,2025-12-16 23:00:00+00:00,2025-10-21 23:00:00+00:00,25131.625,4774.53759765625,20,15,True,0.2219585925340652,3.210933299968019,0.001392800011672,24296,True,True,,,251.25,63126.5625,0.6912973104704899
Electricity-CISO,PatchTST,2025-12-16 23:00:00+00:00,28372.0,2025-12-23 23:00:00+00:00,168,26207.0,28062.423828125,-2165.0,-309.576171875,-1.0,-1.0,True,1757.658530571992,1.0556224635516618,3.2228496000170708,61008,expanding,original,PatchTST-HF-supervised-v1,5.15.0,cpu,"{""batch_size"":32,""context_length"":336,""d_model"":32,""dropout"":0.1,""ffn_dim"":64,""learning_rate"":0.001,""max_epochs"":30,""min_delta"":0.0001,""num_attention_heads"":4,""num_hidden_layers"":2,""patch_length"":24,""patch_stride"":12,""patience"":5,""prediction_length"":168,""seed"":2026,""validation_points"":1344,""weight_decay"":0.0001,""window_stride"":168}",336,24,12,168,168,353,8,2025-10-21 23:00:00+00:00,2025-10-22 00:00:00+00:00,2025-12-16 23:00:00+00:00,2025-12-16 23:00:00+00:00,2025-10-21 23:00:00+00:00,25131.625,4774.53759765625,20,15,True,0.2219585925340652,3.210933299968019,0.001392800011672,24296,True,True,,,1855.423828125,3442597.581974029,0.6138393023784514
Electricity-CISO,PatchTST,2025-12-23 23:00:00+00:00,26207.0,2025-12-24 00:00:00+00:00,1,25720.0,28468.54296875,-487.0,2261.54296875,-1.0,1.0,False,1755.918928665093,1.565301748207437,1.1149990999838335,61176,expanding,original,PatchTST-HF-supervised-v1,5.15.0,cpu,"{""batch_size"":32,""context_length"":336,""d_model"":32,""dropout"":0.1,""ffn_dim"":64,""learning_rate"":0.001,""max_epochs"":30,""min_delta"":0.0001,""num_attention_heads"":4,""num_hidden_layers"":2,""patch_length"":24,""patch_stride"":12,""patience"":5,""prediction_length"":168,""seed"":2026,""validation_points"":1344,""weight_decay"":0.0001,""window_stride"":168}",336,24,12,168,168,354,8,2025-10-28 23:00:00+00:00,2025-10-29 00:00:00+00:00,2025-12-23 23:00:00+00:00,2025-12-23 23:00:00+00:00,2025-10-28 23:00:00+00:00,25129.71875,4769.89794921875,7,2,True,0.2286931723356247,1.1018043999793008,0.0010226999875158,24296,True,True,,,2748.54296875,7554488.451065063,0.6999781241225209
Electricity-CISO,PatchTST,2025-12-23 23:00:00+00:00,26207.0,2025-12-24 23:00:00+00:00,24,24191.0,29453.59375,-2016.0,3246.59375,-1.0,1.0,False,1755.918928665093,2.997059638739014,1.1149990999838335,61176,expanding,original,PatchTST-HF-supervised-v1,5.15.0,cpu,"{""batch_size"":32,""context_length"":336,""d_model"":32,""dropout"":0.1,""ffn_dim"":64,""learning_rate"":0.001,""max_epochs"":30,""min_delta"":0.0001,""num_attention_heads"":4,""num_hidden_layers"":2,""patch_length"":24,""patch_stride"":12,""patience"":5,""prediction_length"":168,""seed"":2026,""validation_points"":1344,""weight_decay"":0.0001,""window_stride"":168}",336,24,12,168,168,354,8,2025-10-28 23:00:00+00:00,2025-10-29 00:00:00+00:00,2025-12-23 23:00:00+00:00,2025-12-23 23:00:00+00:00,2025-10-28 23:00:00+00:00,25129.71875,4769.89794921875,7,2,True,0.2286931723356247,1.1018043999793008,0.0010226999875158,24296,True,True,,,5262.59375,27694892.977539062,0.9064921400903759
Electricity-CISO,PatchTST,2025-12-23 23:00:00+00:00,26207.0,2025-12-30 23:00:00+00:00,168,25723.0,28948.0,-484.0,2741.0,-1.0,1.0,False,1755.918928665093,1.8366451590403157,1.1149990999838335,61176,expanding,original,PatchTST-HF-supervised-v1,5.15.0,cpu,"{""batch_size"":32,""context_length"":336,""d_model"":32,""dropout"":0.1,""ffn_dim"":64,""learning_rate"":0.001,""max_epochs"":30,""min_delta"":0.0001,""num_attention_heads"":4,""num_hidden_layers"":2,""patch_length"":24,""patch_stride"":12,""patience"":5,""prediction_length"":168,""seed"":2026,""validation_points"":1344,""weight_decay"":0.0001,""window_stride"":168}",336,24,12,168,168,354,8,2025-10-28 23:00:00+00:00,2025-10-29 00:00:00+00:00,2025-12-23 23:00:00+00:00,2025-12-23 23:00:00+00:00,2025-10-28 23:00:00+00:00,25129.71875,4769.89794921875,7,2,True,0.2286931723356247,1.1018043999793008,0.0010226999875158,24296,True,True,,,3225.0,10400625.0,0.8004953755091107
Electricity-CISO,PatchTST,2025-12-30 23:00:00+00:00,25723.0,2025-12-31 00:00:00+00:00,1,25054.0,24573.7734375,-669.0,-1149.2265625,-1.0,-1.0,True,1755.7605106577744,0.2735148441857192,1.7670448999851942,61344,expanding,original,PatchTST-HF-supervised-v1,5.15.0,cpu,"{""batch_size"":32,""context_length"":336,""d_model"":32,""dropout"":0.1,""ffn_dim"":64,""learning_rate"":0.001,""max_epochs"":30,""min_delta"":0.0001,""num_attention_heads"":4,""num_hidden_layers"":2,""patch_length"":24,""patch_stride"":12,""patience"":5,""prediction_length"":168,""seed"":2026,""validation_points"":1344,""weight_decay"":0.0001,""window_stride"":168}",336,24,12,168,168,355,8,2025-11-04 23:00:00+00:00,2025-11-05 00:00:00+00:00,2025-12-30 23:00:00+00:00,2025-12-30 23:00:00+00:00,2025-11-04 23:00:00+00:00,25127.90625,4765.7880859375,11,6,True,0.2832383513450622,1.7544005999807268,0.0009901999728754,24296,True,True,,,480.2265625,230617.5513305664,-0.11627307016337761
Electricity-CISO,PatchTST,2025-12-30 23:00:00+00:00,25723.0,2025-12-31 23:00:00+00:00,24,25340.0,24394.52734375,-383.0,-1328.47265625,-1.0,-1.0,True,1755.7605106577744,0.5384975060726193,1.7670448999851942,61344,expanding,original,PatchTST-HF-supervised-v1,5.15.0,cpu,"{""batch_size"":32,""context_length"":336,""d_model"":32,""dropout"":0.1,""ffn_dim"":64,""learning_rate"":0.001,""max_epochs"":30,""min_delta"":0.0001,""num_attention_heads"":4,""num_hidden_layers"":2,""patch_length"":24,""patch_stride"":12,""patience"":5,""prediction_length"":168,""seed"":2026,""validation_points"":1344,""weight_decay"":0.0001,""window_stride"":168}",336,24,12,168,168,355,8,2025-11-04 23:00:00+00:00,2025-11-05 00:00:00+00:00,2025-12-30 23:00:00+00:00,2025-12-30 23:00:00+00:00,2025-11-04 23:00:00+00:00,25127.90625,4765.7880859375,11,6,True,0.2832383513450622,1.7544005999807268,0.0009901999728754,24296,True,True,,,945.47265625,893918.5437164307,-0.1538840781473257
Electricity-CISO,PatchTST,2025-12-30 23:00:00+00:00,25723.0,2026-01-06 23:00:00+00:00,168,26456.0,24453.88671875,733.0,-1269.11328125,1.0,-1.0,False,1755.7605106577744,1.1403111467064106,1.7670448999851942,61344,expanding,original,PatchTST-HF-supervised-v1,5.15.0,cpu,"{""batch_size"":32,""context_length"":336,""d_model"":32,""dropout"":0.1,""ffn_dim"":64,""learning_rate"":0.001,""max_epochs"":30,""min_delta"":0.0001,""num_attention_heads"":4,""num_hidden_layers"":2,""patch_length"":24,""patch_stride"":12,""patience"":5,""prediction_length"":168,""seed"":2026,""validation_points"":1344,""weight_decay"":0.0001,""window_stride"":168}",336,24,12,168,168,355,8,2025-11-04 23:00:00+00:00,2025-11-05 00:00:00+00:00,2025-12-30 23:00:00+00:00,2025-12-30 23:00:00+00:00,2025-11-04 23:00:00+00:00,25127.90625,4765.7880859375,11,6,True,0.2832383513450622,1.7544005999807268,0.0009901999728754,24296,True,True,,,2002.11328125,4008457.5909576416,-0.14142876667950094
Electricity-CISO,PatchTST,2026-01-06 23:00:00+00:00,26456.0,2026-01-07 00:00:00+00:00,1,24036.0,25168.880859375,-2420.0,-1287.119140625,-1.0,-1.0,True,1752.9342070944183,0.6462768852305132,0.9357724000001326,61512,expanding,original,PatchTST-HF-supervised-v1,5.15.0,cpu,"{""batch_size"":32,""context_length"":336,""d_model"":32,""dropout"":0.1,""ffn_dim"":64,""learning_rate"":0.001,""max_epochs"":30,""min_delta"":0.0001,""num_attention_heads"":4,""num_hidden_layers"":2,""patch_length"":24,""patch_stride"":12,""patience"":5,""prediction_length"":168,""seed"":2026,""validation_points"":1344,""weight_decay"":0.0001,""window_stride"":168}",336,24,12,168,168,356,8,2025-11-11 23:00:00+00:00,2025-11-12 00:00:00+00:00,2026-01-06 23:00:00+00:00,2026-01-06 23:00:00+00:00,2025-11-11 23:00:00+00:00,25126.5234375,4761.46484375,6,1,True,0.2690350413322449,0.9239643999608234,0.0009838999249041,24296,True,True,,,1132.880859375,1283419.0415382383,0.008895880420202881
Electricity-CISO,PatchTST,2026-01-06 23:00:00+00:00,26456.0,2026-01-07 23:00:00+00:00,24,26251.0,25108.068359375,-205.0,-1347.931640625,-1.0,-1.0,True,1752.9342070944183,0.6520105751826647,0.9357724000001326,61512,expanding,original,PatchTST-HF-supervised-v1,5.15.0,cpu,"{""batch_size"":32,""context_length"":336,""d_model"":32,""dropout"":0.1,""ffn_dim"":64,""learning_rate"":0.001,""max_epochs"":30,""min_delta"":0.0001,""num_attention_heads"":4,""num_hidden_layers"":2,""patch_length"":24,""patch_stride"":12,""patience"":5,""prediction_length"":168,""seed"":2026,""validation_points"":1344,""weight_decay"":0.0001,""window_stride"":168}",336,24,12,168,168,356,8,2025-11-11 23:00:00+00:00,2025-11-12 00:00:00+00:00,2026-01-06 23:00:00+00:00,2026-01-06 23:00:00+00:00,2025-11-11 23:00:00+00:00,25126.5234375,4761.46484375,6,1,True,0.2690350413322449,0.9239643999608234,0.0009838999249041,24296,True,True,,,1142.931640625,1306292.7351417542,-0.003875924475054043
Electricity-CISO,PatchTST,2026-01-06 23:00:00+00:00,26456.0,2026-01-13 23:00:00+00:00,168,26867.0,25019.484375,411.0,-1436.515625,1.0,-1.0,False,1752.9342070944183,1.0539560569488546,0.9357724000001326,61512,expanding,original,PatchTST-HF-supervised-v1,5.15.0,cpu,"{""batch_size"":32,""context_length"":336,""d_model"":32,""dropout"":0.1,""ffn_dim"":64,""learning_rate"":0.001,""max_epochs"":30,""min_delta"":0.0001,""num_attention_heads"":4,""num_hidden_layers"":2,""patch_length"":24,""patch_stride"":12,""patience"":5,""prediction_length"":168,""seed"":2026,""validation_points"":1344,""weight_decay"":0.0001,""window_stride"":168}",336,24,12,168,168,356,8,2025-11-11 23:00:00+00:00,2025-11-12 00:00:00+00:00,2026-01-06 23:00:00+00:00,2026-01-06 23:00:00+00:00,2025-11-11 23:00:00+00:00,25126.5234375,4761.46484375,6,1,True,0.2690350413322449,0.9239643999608234,0.0009838999249041,24296,True,True,,,1847.515625,3413313.9846191406,-0.02248027991648447
Electricity-CISO,PatchTST,2026-01-13 23:00:00+00:00,26867.0,2026-01-14 00:00:00+00:00,1,24880.0,24998.021484375,-1987.0,-1868.978515625,-1.0,-1.0,True,1752.3274645597608,0.067351272385981,0.9702193000121042,61680,expanding,original,PatchTST-HF-supervised-v1,5.15.0,cpu,"{""batch_size"":32,""context_length"":336,""d_model"":32,""dropout"":0.1,""ffn_dim"":64,""learning_rate"":0.001,""max_epochs"":30,""min_delta"":0.0001,""num_attention_heads"":4,""num_hidden_layers"":2,""patch_length"":24,""patch_stride"":12,""patience"":5,""prediction_length"":168,""seed"":2026,""validation_points"":1344,""weight_decay"":0.0001,""window_stride"":168}",336,24,12,168,168,357,8,2025-11-18 23:00:00+00:00,2025-11-19 00:00:00+00:00,2026-01-13 23:00:00+00:00,2026-01-13 23:00:00+00:00,2025-11-18 23:00:00+00:00,25123.55859375,4756.96484375,6,1,True,0.2803592085838318,0.9582180000143126,0.0012492999667301,24296,True,True,,,118.021484375,13929.07077407837,-0.026390169677192078
Electricity-CISO,PatchTST,2026-01-13 23:00:00+00:00,26867.0,2026-01-14 23:00:00+00:00,24,28178.0,24534.806640625,1311.0,-2332.193359375,1.0,-1.0,False,1752.3274645597608,2.0790596695294528,0.9702193000121042,61680,expanding,original,PatchTST-HF-supervised-v1,5.15.0,cpu,"{""batch_size"":32,""context_length"":336,""d_model"":32,""dropout"":0.1,""ffn_dim"":64,""learning_rate"":0.001,""max_epochs"":30,""min_delta"":0.0001,""num_attention_heads"":4,""num_hidden_layers"":2,""patch_length"":24,""patch_stride"":12,""patience"":5,""prediction_length"":168,""seed"":2026,""validation_points"":1344,""weight_decay"":0.0001,""window_stride"":168}",336,24,12,168,168,357,8,2025-11-18 23:00:00+00:00,2025-11-19 00:00:00+00:00,2026-01-13 23:00:00+00:00,2026-01-13 23:00:00+00:00,2025-11-18 23:00:00+00:00,25123.55859375,4756.96484375,6,1,True,0.2803592085838318,0.9582180000143126,0.0012492999667301,24296,True,True,,,3643.193359375,13272857.853794098,-0.123766303191948
Electricity-CISO,PatchTST,2026-01-13 23:00:00+00:00,26867.0,2026-01-20 23:00:00+00:00,168,28012.0,25138.712890625,1145.0,-1728.287109375,1.0,-1.0,False,1752.3274645597608,1.6396975836344945,0.9702193000121042,61680,expanding,original,PatchTST-HF-supervised-v1,5.15.0,cpu,"{""batch_size"":32,""context_length"":336,""d_model"":32,""dropout"":0.1,""ffn_dim"":64,""learning_rate"":0.001,""max_epochs"":30,""min_delta"":0.0001,""num_attention_heads"":4,""num_hidden_layers"":2,""patch_length"":24,""patch_stride"":12,""patience"":5,""prediction_length"":168,""seed"":2026,""validation_points"":1344,""weight_decay"":0.0001,""window_stride"":168}",336,24,12,168,168,357,8,2025-11-18 23:00:00+00:00,2025-11-19 00:00:00+00:00,2026-01-13 23:00:00+00:00,2026-01-13 23:00:00+00:00,2025-11-18 23:00:00+00:00,25123.55859375,4756.96484375,6,1,True,0.2803592085838318,0.9582180000143126,0.0012492999667301,24296,True,True,,,2873.287109375,8255778.812900543,0.0031857071415843383
Electricity-CISO,PatchTST,2026-01-20 23:00:00+00:00,28012.0,2026-01-21 00:00:00+00:00,1,25822.0,25079.802734375,-2190.0,-2932.197265625,-1.0,-1.0,True,1750.1122568093383,0.4240855195072534,0.960698000038974,61848,expanding,original,PatchTST-HF-supervised-v1,5.15.0,cpu,"{""batch_size"":32,""context_length"":336,""d_model"":32,""dropout"":0.1,""ffn_dim"":64,""learning_rate"":0.001,""max_epochs"":30,""min_delta"":0.0001,""num_attention_heads"":4,""num_hidden_layers"":2,""patch_length"":24,""patch_stride"":12,""patience"":5,""prediction_length"":168,""seed"":2026,""validation_points"":1344,""weight_decay"":0.0001,""window_stride"":168}",336,24,12,168,168,358,8,2025-11-25 23:00:00+00:00,2025-11-26 00:00:00+00:00,2026-01-20 23:00:00+00:00,2026-01-20 23:00:00+00:00,2025-11-25 23:00:00+00:00,25119.845703125,4752.45263671875,6,1,True,0.2581426203250885,0.9494449000339956,0.0010357999708503,24296,True,True,,,742.197265625,550856.7811012268,-0.008425748094913574
Electricity-CISO,PatchTST,2026-01-20 23:00:00+00:00,28012.0,2026-01-21 23:00:00+00:00,24,25916.0,25279.080078125,-2096.0,-2732.919921875,-1.0,-1.0,True,1750.1122568093383,0.3639308960878774,0.960698000038974,61848,expanding,original,PatchTST-HF-supervised-v1,5.15.0,cpu,"{""batch_size"":32,""context_length"":336,""d_model"":32,""dropout"":0.1,""ffn_dim"":64,""learning_rate"":0.001,""max_epochs"":30,""min_delta"":0.0001,""num_attention_heads"":4,""num_hidden_layers"":2,""patch_length"":24,""patch_stride"":12,""patience"":5,""prediction_length"":168,""seed"":2026,""validation_points"":1344,""weight_decay"":0.0001,""window_stride"":168}",336,24,12,168,168,358,8,2025-11-25 23:00:00+00:00,2025-11-26 00:00:00+00:00,2026-01-20 23:00:00+00:00,2026-01-20 23:00:00+00:00,2025-11-25 23:00:00+00:00,25119.845703125,4752.45263671875,6,1,True,0.2581426203250885,0.9494449000339956,0.0010357999708503,24296,True,True,,,636.919921875,405666.9868812561,0.03350572581612105
Electricity-CISO,PatchTST,2026-01-20 23:00:00+00:00,28012.0,2026-01-27 23:00:00+00:00,168,27965.0,25109.814453125,-47.0,-2902.185546875,-1.0,-1.0,True,1750.1122568093383,1.631429947288262,0.960698000038974,61848,expanding,original,PatchTST-HF-supervised-v1,5.15.0,cpu,"{""batch_size"":32,""context_length"":336,""d_model"":32,""dropout"":0.1,""ffn_dim"":64,""learning_rate"":0.001,""max_epochs"":30,""min_delta"":0.0001,""num_attention_heads"":4,""num_hidden_layers"":2,""patch_length"":24,""patch_stride"":12,""patience"":5,""prediction_length"":168,""seed"":2026,""validation_points"":1344,""weight_decay"":0.0001,""window_stride"":168}",336,24,12,168,168,358,8,2025-11-25 23:00:00+00:00,2025-11-26 00:00:00+00:00,2026-01-20 23:00:00+00:00,2026-01-20 23:00:00+00:00,2025-11-25 23:00:00+00:00,25119.845703125,4752.45263671875,6,1,True,0.2581426203250885,0.9494449000339956,0.0010357999708503,24296,True,True,,,2855.185546875,8152084.507083893,-0.002110752229805683
Electricity-CISO,PatchTST,2026-01-27 23:00:00+00:00,27965.0,2026-01-28 00:00:00+00:00,1,26300.0,25262.705078125,-1665.0,-2702.294921875,-1.0,-1.0,True,1747.5534212909067,0.593569792623997,0.9796039999928324,62016,expanding,original,PatchTST-HF-supervised-v1,5.15.0,cpu,"{""batch_size"":32,""context_length"":336,""d_model"":32,""dropout"":0.1,""ffn_dim"":64,""learning_rate"":0.001,""max_epochs"":30,""min_delta"":0.0001,""num_attention_heads"":4,""num_hidden_layers"":2,""patch_length"":24,""patch_stride"":12,""patience"":5,""prediction_length"":168,""seed"":2026,""validation_points"":1344,""weight_decay"":0.0001,""window_stride"":168}",336,24,12,168,168,359,8,2025-12-02 23:00:00+00:00,2025-12-03 00:00:00+00:00,2026-01-27 23:00:00+00:00,2026-01-27 23:00:00+00:00,2025-12-02 23:00:00+00:00,25117.10546875,4747.86328125,6,1,True,0.2538584768772125,0.967010400025174,0.0012067999923601,24296,True,True,,,1037.294921875,1075980.7549476624,0.030666344153167584
Electricity-CISO,PatchTST,2026-01-27 23:00:00+00:00,27965.0,2026-01-28 23:00:00+00:00,24,27357.0,25325.794921875,-608.0,-2639.205078125,-1.0,-1.0,True,1747.5534212909067,1.1623135827370368,0.9796039999928324,62016,expanding,original,PatchTST-HF-supervised-v1,5.15.0,cpu,"{""batch_size"":32,""context_length"":336,""d_model"":32,""dropout"":0.1,""ffn_dim"":64,""learning_rate"":0.001,""max_epochs"":30,""min_delta"":0.0001,""num_attention_heads"":4,""num_hidden_layers"":2,""patch_length"":24,""patch_stride"":12,""patience"":5,""prediction_length"":168,""seed"":2026,""validation_points"":1344,""weight_decay"":0.0001,""window_stride"":168}",336,24,12,168,168,359,8,2025-12-02 23:00:00+00:00,2025-12-03 00:00:00+00:00,2026-01-27 23:00:00+00:00,2026-01-27 23:00:00+00:00,2025-12-02 23:00:00+00:00,25117.10546875,4747.86328125,6,1,True,0.2538584768772125,0.967010400025174,0.0012067999923601,24296,True,True,,,2031.205078125,4125794.0694007874,0.043954393958466516
Electricity-CISO,PatchTST,2026-01-27 23:00:00+00:00,27965.0,2026-02-03 23:00:00+00:00,168,26913.0,25535.34765625,-1052.0,-2429.65234375,-1.0,-1.0,True,1747.5534212909067,0.7883320343548278,0.9796039999928324,62016,expanding,original,PatchTST-HF-supervised-v1,5.15.0,cpu,"{""batch_size"":32,""context_length"":336,""d_model"":32,""dropout"":0.1,""ffn_dim"":64,""learning_rate"":0.001,""max_epochs"":30,""min_delta"":0.0001,""num_attention_heads"":4,""num_hidden_layers"":2,""patch_length"":24,""patch_stride"":12,""patience"":5,""prediction_length"":168,""seed"":2026,""validation_points"":1344,""weight_decay"":0.0001,""window_stride"":168}",336,24,12,168,168,359,8,2025-12-02 23:00:00+00:00,2025-12-03 00:00:00+00:00,2026-01-27 23:00:00+00:00,2026-01-27 23:00:00+00:00,2025-12-02 23:00:00+00:00,25117.10546875,4747.86328125,6,1,True,0.2538584768772125,0.967010400025174,0.0012067999923601,24296,True,True,,,1377.65234375,1897925.980239868,0.08809061312942582
Electricity-CISO,PatchTST,2026-02-03 23:00:00+00:00,26913.0,2026-02-04 00:00:00+00:00,1,24948.0,25582.541015625,-1965.0,-1330.458984375,-1.0,-1.0,True,1745.1919343395252,0.3635938277844176,0.954907099949196,62184,expanding,original,PatchTST-HF-supervised-v1,5.15.0,cpu,"{""batch_size"":32,""context_length"":336,""d_model"":32,""dropout"":0.1,""ffn_dim"":64,""learning_rate"":0.001,""max_epochs"":30,""min_delta"":0.0001,""num_attention_heads"":4,""num_hidden_layers"":2,""patch_length"":24,""patch_stride"":12,""patience"":5,""prediction_length"":168,""seed"":2026,""validation_points"":1344,""weight_decay"":0.0001,""window_stride"":168}",336,24,12,168,168,360,8,2025-12-09 23:00:00+00:00,2025-12-10 00:00:00+00:00,2026-02-03 23:00:00+00:00,2026-02-03 23:00:00+00:00,2025-12-09 23:00:00+00:00,25118.017578125,4743.13720703125,6,1,True,0.2497001141309738,0.9401848000707104,0.0013768998906016,24296,True,True,,,634.541015625,402642.3005104065,0.09793590554609893
Electricity-CISO,PatchTST,2026-02-03 23:00:00+00:00,26913.0,2026-02-04 23:00:00+00:00,24,26073.0,25212.3515625,-840.0,-1700.6484375,-1.0,-1.0,True,1745.1919343395252,0.4931540311213481,0.954907099949196,62184,expanding,original,PatchTST-HF-supervised-v1,5.15.0,cpu,"{""batch_size"":32,""context_length"":336,""d_model"":32,""dropout"":0.1,""ffn_dim"":64,""learning_rate"":0.001,""max_epochs"":30,""min_delta"":0.0001,""num_attention_heads"":4,""num_hidden_layers"":2,""patch_length"":24,""patch_stride"":12,""patience"":5,""prediction_length"":168,""seed"":2026,""validation_points"":1344,""weight_decay"":0.0001,""window_stride"":168}",336,24,12,168,168,360,8,2025-12-09 23:00:00+00:00,2025-12-10 00:00:00+00:00,2026-02-03 23:00:00+00:00,2026-02-03 23:00:00+00:00,2025-12-09 23:00:00+00:00,25118.017578125,4743.13720703125,6,1,True,0.2497001141309738,0.9401848000707104,0.0013768998906016,24296,True,True,,,860.6484375,740715.7329711914,0.01988852109004117
Electricity-CISO,PatchTST,2026-02-03 23:00:00+00:00,26913.0,2026-02-10 23:00:00+00:00,168,27301.0,25565.88671875,388.0,-1347.11328125,1.0,-1.0,False,1745.1919343395252,0.9942249027793384,0.954907099949196,62184,expanding,original,PatchTST-HF-supervised-v1,5.15.0,cpu,"{""batch_size"":32,""context_length"":336,""d_model"":32,""dropout"":0.1,""ffn_dim"":64,""learning_rate"":0.001,""max_epochs"":30,""min_delta"":0.0001,""num_attention_heads"":4,""num_hidden_layers"":2,""patch_length"":24,""patch_stride"":12,""patience"":5,""prediction_length"":168,""seed"":2026,""validation_points"":1344,""weight_decay"":0.0001,""window_stride"":168}",336,24,12,168,168,360,8,2025-12-09 23:00:00+00:00,2025-12-10 00:00:00+00:00,2026-02-03 23:00:00+00:00,2026-02-03 23:00:00+00:00,2025-12-09 23:00:00+00:00,25118.017578125,4743.13720703125,6,1,True,0.2497001141309738,0.9401848000707104,0.0013768998906016,24296,True,True,,,1735.11328125,3010618.0987701416,0.09442466474743269
Electricity-CISO,PatchTST,2026-02-10 23:00:00+00:00,27301.0,2026-02-11 00:00:00+00:00,1,25861.0,25290.439453125,-1440.0,-2010.560546875,-1.0,-1.0,True,1742.7632670783482,0.3273884397572339,0.9689121999545024,62352,expanding,original,PatchTST-HF-supervised-v1,5.15.0,cpu,"{""batch_size"":32,""context_length"":336,""d_model"":32,""dropout"":0.1,""ffn_dim"":64,""learning_rate"":0.001,""max_epochs"":30,""min_delta"":0.0001,""num_attention_heads"":4,""num_hidden_layers"":2,""patch_length"":24,""patch_stride"":12,""patience"":5,""prediction_length"":168,""seed"":2026,""validation_points"":1344,""weight_decay"":0.0001,""window_stride"":168}",336,24,12,168,168,361,8,2025-12-16 23:00:00+00:00,2025-12-17 00:00:00+00:00,2026-02-10 23:00:00+00:00,2026-02-10 23:00:00+00:00,2025-12-16 23:00:00+00:00,25120.423828125,4739.20654296875,6,1,True,0.2330637872219085,0.9553324000444264,0.0010725000174716,24296,True,True,,,570.560546875,325539.3376502991,0.035874280527452646
Electricity-CISO,PatchTST,2026-02-10 23:00:00+00:00,27301.0,2026-02-11 23:00:00+00:00,24,27263.0,25507.20703125,-38.0,-1793.79296875,-1.0,-1.0,True,1742.7632670783482,1.007476461041949,0.9689121999545024,62352,expanding,original,PatchTST-HF-supervised-v1,5.15.0,cpu,"{""batch_size"":32,""context_length"":336,""d_model"":32,""dropout"":0.1,""ffn_dim"":64,""learning_rate"":0.001,""max_epochs"":30,""min_delta"":0.0001,""num_attention_heads"":4,""num_hidden_layers"":2,""patch_length"":24,""patch_stride"":12,""patience"":5,""prediction_length"":168,""seed"":2026,""validation_points"":1344,""weight_decay"":0.0001,""window_stride"":168}",336,24,12,168,168,361,8,2025-12-16 23:00:00+00:00,2025-12-17 00:00:00+00:00,2026-02-10 23:00:00+00:00,2026-02-10 23:00:00+00:00,2025-12-16 23:00:00+00:00,25120.423828125,4739.20654296875,6,1,True,0.2330637872219085,0.9553324000444264,0.0010725000174716,24296,True,True,,,1755.79296875,3082808.9491119385,0.08161349365514463
Electricity-CISO,PatchTST,2026-02-10 23:00:00+00:00,27301.0,2026-02-17 23:00:00+00:00,168,27839.0,25380.1796875,538.0,-1920.8203125,1.0,-1.0,False,1742.7632670783482,1.410874534108172,0.9689121999545024,62352,expanding,original,PatchTST-HF-supervised-v1,5.15.0,cpu,"{""batch_size"":32,""context_length"":336,""d_model"":32,""dropout"":0.1,""ffn_dim"":64,""learning_rate"":0.001,""max_epochs"":30,""min_delta"":0.0001,""num_attention_heads"":4,""num_hidden_layers"":2,""patch_length"":24,""patch_stride"":12,""patience"":5,""prediction_length"":168,""seed"":2026,""validation_points"":1344,""weight_decay"":0.0001,""window_stride"":168}",336,24,12,168,168,361,8,2025-12-16 23:00:00+00:00,2025-12-17 00:00:00+00:00,2026-02-10 23:00:00+00:00,2026-02-10 23:00:00+00:00,2025-12-16 23:00:00+00:00,25120.423828125,4739.20654296875,6,1,True,0.2330637872219085,0.9553324000444264,0.0010725000174716,24296,True,True,,,2458.8203125,6045797.329162598,0.054809989186983786
Electricity-CISO,PatchTST,2026-02-17 23:00:00+00:00,27839.0,2026-02-18 00:00:00+00:00,1,27396.0,25024.99609375,-443.0,-2814.00390625,-1.0,-1.0,True,1740.553999871696,1.3622122073918863,0.983811300015077,62520,expanding,original,PatchTST-HF-supervised-v1,5.15.0,cpu,"{""batch_size"":32,""context_length"":336,""d_model"":32,""dropout"":0.1,""ffn_dim"":64,""learning_rate"":0.001,""max_epochs"":30,""min_delta"":0.0001,""num_attention_heads"":4,""num_hidden_layers"":2,""patch_length"":24,""patch_stride"":12,""patience"":5,""prediction_length"":168,""seed"":2026,""validation_points"":1344,""weight_decay"":0.0001,""window_stride"":168}",336,24,12,168,168,362,8,2025-12-23 23:00:00+00:00,2025-12-24 00:00:00+00:00,2026-02-17 23:00:00+00:00,2026-02-17 23:00:00+00:00,2025-12-23 23:00:00+00:00,25119.84375,4734.701171875,6,1,True,0.2566730976104736,0.9715191000141205,0.0012051999801769,24296,True,True,,,2371.00390625,5621659.523452759,-0.020032448259546476
Electricity-CISO,PatchTST,2026-02-17 23:00:00+00:00,27839.0,2026-02-18 23:00:00+00:00,24,25999.0,24778.4140625,-1840.0,-3060.5859375,-1.0,-1.0,True,1740.553999871696,0.7012628953712294,0.983811300015077,62520,expanding,original,PatchTST-HF-supervised-v1,5.15.0,cpu,"{""batch_size"":32,""context_length"":336,""d_model"":32,""dropout"":0.1,""ffn_dim"":64,""learning_rate"":0.001,""max_epochs"":30,""min_delta"":0.0001,""num_attention_heads"":4,""num_hidden_layers"":2,""patch_length"":24,""patch_stride"":12,""patience"":5,""prediction_length"":168,""seed"":2026,""validation_points"":1344,""weight_decay"":0.0001,""window_stride"":168}",336,24,12,168,168,362,8,2025-12-23 23:00:00+00:00,2025-12-24 00:00:00+00:00,2026-02-17 23:00:00+00:00,2026-02-17 23:00:00+00:00,2025-12-23 23:00:00+00:00,25119.84375,4734.701171875,6,1,True,0.2566730976104736,0.9715191000141205,0.0012051999801769,24296,True,True,,,1220.5859375,1489830.030822754,-0.07211219359062308
Electricity-CISO,PatchTST,2026-02-17 23:00:00+00:00,27839.0,2026-02-24 23:00:00+00:00,168,27386.0,24779.00390625,-453.0,-3059.99609375,-1.0,-1.0,True,1740.553999871696,1.4977967325013606,0.983811300015077,62520,expanding,original,PatchTST-HF-supervised-v1,5.15.0,cpu,"{""batch_size"":32,""context_length"":336,""d_model"":32,""dropout"":0.1,""ffn_dim"":64,""learning_rate"":0.001,""max_epochs"":30,""min_delta"":0.0001,""num_attention_heads"":4,""num_hidden_layers"":2,""patch_length"":24,""patch_stride"":12,""patience"":5,""prediction_length"":168,""seed"":2026,""validation_points"":1344,""weight_decay"":0.0001,""window_stride"":168}",336,24,12,168,168,362,8,2025-12-23 23:00:00+00:00,2025-12-24 00:00:00+00:00,2026-02-17 23:00:00+00:00,2026-02-17 23:00:00+00:00,2025-12-23 23:00:00+00:00,25119.84375,4734.701171875,6,1,True,0.2566730976104736,0.9715191000141205,0.0012051999801769,24296,True,True,,,2606.99609375,6796428.632827759,-0.0719876147146628
Electricity-CISO,PatchTST,2026-02-24 23:00:00+00:00,27386.0,2026-02-25 00:00:00+00:00,1,26262.0,25405.546875,-1124.0,-1980.453125,-1.0,-1.0,True,1740.8144593730003,0.4919841516645454,1.26525049994234,62688,expanding,original,PatchTST-HF-supervised-v1,5.15.0,cpu,"{""batch_size"":32,""context_length"":336,""d_model"":32,""dropout"":0.1,""ffn_dim"":64,""learning_rate"":0.001,""max_epochs"":30,""min_delta"":0.0001,""num_attention_heads"":4,""num_hidden_layers"":2,""patch_length"":24,""patch_stride"":12,""patience"":5,""prediction_length"":168,""seed"":2026,""validation_points"":1344,""weight_decay"":0.0001,""window_stride"":168}",336,24,12,168,168,363,8,2025-12-30 23:00:00+00:00,2025-12-31 00:00:00+00:00,2026-02-24 23:00:00+00:00,2026-02-24 23:00:00+00:00,2025-12-30 23:00:00+00:00,25114.8515625,4730.48779296875,8,3,True,0.2379464209079742,1.2540358999976888,0.0010053999722003,24296,True,True,,,856.453125,733511.9553222656,0.061451445436997106
Electricity-CISO,PatchTST,2026-02-24 23:00:00+00:00,27386.0,2026-02-25 23:00:00+00:00,24,27253.0,26089.1796875,-133.0,-1296.8203125,-1.0,-1.0,True,1740.8144593730003,0.6685493139338813,1.26525049994234,62688,expanding,original,PatchTST-HF-supervised-v1,5.15.0,cpu,"{""batch_size"":32,""context_length"":336,""d_model"":32,""dropout"":0.1,""ffn_dim"":64,""learning_rate"":0.001,""max_epochs"":30,""min_delta"":0.0001,""num_attention_heads"":4,""num_hidden_layers"":2,""patch_length"":24,""patch_stride"":12,""patience"":5,""prediction_length"":168,""seed"":2026,""validation_points"":1344,""weight_decay"":0.0001,""window_stride"":168}",336,24,12,168,168,363,8,2025-12-30 23:00:00+00:00,2025-12-31 00:00:00+00:00,2026-02-24 23:00:00+00:00,2026-02-24 23:00:00+00:00,2025-12-30 23:00:00+00:00,25114.8515625,4730.48779296875,8,3,True,0.2379464209079742,1.2540358999976888,0.0010053999722003,24296,True,True,,,1163.8203125,1354477.7197875977,0.20596779183073066
Electricity-CISO,PatchTST,2026-02-24 23:00:00+00:00,27386.0,2026-03-03 23:00:00+00:00,168,22803.0,25537.443359375,-4583.0,-1848.556640625,-1.0,-1.0,True,1740.8144593730003,1.5707839193614468,1.26525049994234,62688,expanding,original,PatchTST-HF-supervised-v1,5.15.0,cpu,"{""batch_size"":32,""context_length"":336,""d_model"":32,""dropout"":0.1,""ffn_dim"":64,""learning_rate"":0.001,""max_epochs"":30,""min_delta"":0.0001,""num_attention_heads"":4,""num_hidden_layers"":2,""patch_length"":24,""patch_stride"":12,""patience"":5,""prediction_length"":168,""seed"":2026,""validation_points"":1344,""weight_decay"":0.0001,""window_stride"":168}",336,24,12,168,168,363,8,2025-12-30 23:00:00+00:00,2025-12-31 00:00:00+00:00,2026-02-24 23:00:00+00:00,2026-02-24 23:00:00+00:00,2025-12-30 23:00:00+00:00,25114.8515625,4730.48779296875,8,3,True,0.2379464209079742,1.2540358999976888,0.0010053999722003,24296,True,True,,,2734.443359375,7477180.485630035,0.08933366184838851
Electricity-CISO,PatchTST,2026-03-03 23:00:00+00:00,22803.0,2026-03-04 00:00:00+00:00,1,22559.0,24678.126953125,-244.0,1875.126953125,-1.0,1.0,False,1740.8347690148034,1.2173050486142831,4.917461299919523,62856,expanding,original,PatchTST-HF-supervised-v1,5.15.0,cpu,"{""batch_size"":32,""context_length"":336,""d_model"":32,""dropout"":0.1,""ffn_dim"":64,""learning_rate"":0.001,""max_epochs"":30,""min_delta"":0.0001,""num_attention_heads"":4,""num_hidden_layers"":2,""patch_length"":24,""patch_stride"":12,""patience"":5,""prediction_length"":168,""seed"":2026,""validation_points"":1344,""weight_decay"":0.0001,""window_stride"":168}",336,24,12,168,168,364,8,2026-01-06 23:00:00+00:00,2026-01-07 00:00:00+00:00,2026-03-03 23:00:00+00:00,2026-03-03 23:00:00+00:00,2026-01-06 23:00:00+00:00,25110.861328125,4726.1611328125,30,27,False,0.2062073647975921,4.90567300003022,0.0010207999730482,24296,True,True,,,2119.126953125,4490699.043460846,-0.09156149416820313
Electricity-CISO,PatchTST,2026-03-03 23:00:00+00:00,22803.0,2026-03-04 23:00:00+00:00,24,23574.0,24497.396484375,771.0,1694.396484375,1.0,1.0,True,1740.8347690148034,0.530433158166746,4.917461299919523,62856,expanding,original,PatchTST-HF-supervised-v1,5.15.0,cpu,"{""batch_size"":32,""context_length"":336,""d_model"":32,""dropout"":0.1,""ffn_dim"":64,""learning_rate"":0.001,""max_epochs"":30,""min_delta"":0.0001,""num_attention_heads"":4,""num_hidden_layers"":2,""patch_length"":24,""patch_stride"":12,""patience"":5,""prediction_length"":168,""seed"":2026,""validation_points"":1344,""weight_decay"":0.0001,""window_stride"":168}",336,24,12,168,168,364,8,2026-01-06 23:00:00+00:00,2026-01-07 00:00:00+00:00,2026-03-03 23:00:00+00:00,2026-03-03 23:00:00+00:00,2026-01-06 23:00:00+00:00,25110.861328125,4726.1611328125,30,27,False,0.2062073647975921,4.90567300003022,0.0010207999730482,24296,True,True,,,923.396484375,852661.0673561096,-0.1298019315276566
Electricity-CISO,PatchTST,2026-03-03 23:00:00+00:00,22803.0,2026-03-10 23:00:00+00:00,168,25090.0,24495.34765625,2287.0,1692.34765625,1.0,1.0,True,1740.8347690148034,0.3415903417913313,4.917461299919523,62856,expanding,original,PatchTST-HF-supervised-v1,5.15.0,cpu,"{""batch_size"":32,""context_length"":336,""d_model"":32,""dropout"":0.1,""ffn_dim"":64,""learning_rate"":0.001,""max_epochs"":30,""min_delta"":0.0001,""num_attention_heads"":4,""num_hidden_layers"":2,""patch_length"":24,""patch_stride"":12,""patience"":5,""prediction_length"":168,""seed"":2026,""validation_points"":1344,""weight_decay"":0.0001,""window_stride"":168}",336,24,12,168,168,364,8,2026-01-06 23:00:00+00:00,2026-01-07 00:00:00+00:00,2026-03-03 23:00:00+00:00,2026-03-03 23:00:00+00:00,2026-01-06 23:00:00+00:00,25110.861328125,4726.1611328125,30,27,False,0.2062073647975921,4.90567300003022,0.0010207999730482,24296,True,True,,,594.65234375,353611.40992736816,-0.13023543941438
Electricity-CISO,PatchTST,2026-03-10 23:00:00+00:00,25090.0,2026-03-11 00:00:00+00:00,1,24161.0,23886.115234375,-929.0,-1203.884765625,-1.0,-1.0,True,1739.5570192185312,0.1580199801375224,3.7607947000069535,63024,expanding,original,PatchTST-HF-supervised-v1,5.15.0,cpu,"{""batch_size"":32,""context_length"":336,""d_model"":32,""dropout"":0.1,""ffn_dim"":64,""learning_rate"":0.001,""max_epochs"":30,""min_delta"":0.0001,""num_attention_heads"":4,""num_hidden_layers"":2,""patch_length"":24,""patch_stride"":12,""patience"":5,""prediction_length"":168,""seed"":2026,""validation_points"":1344,""weight_decay"":0.0001,""window_stride"":168}",336,24,12,168,168,365,8,2026-01-13 23:00:00+00:00,2026-01-14 00:00:00+00:00,2026-03-10 23:00:00+00:00,2026-03-10 23:00:00+00:00,2026-01-13 23:00:00+00:00,25110.041015625,4721.03515625,23,18,True,0.204200267791748,3.74941129994113,0.0010436000302433,24296,True,True,,,274.884765625,75561.63437271118,-0.2592494528725741
Electricity-CISO,PatchTST,2026-03-10 23:00:00+00:00,25090.0,2026-03-11 23:00:00+00:00,24,23454.0,23648.263671875,-1636.0,-1441.736328125,-1.0,-1.0,True,1739.5570192185312,0.1116742191999374,3.7607947000069535,63024,expanding,original,PatchTST-HF-supervised-v1,5.15.0,cpu,"{""batch_size"":32,""context_length"":336,""d_model"":32,""dropout"":0.1,""ffn_dim"":64,""learning_rate"":0.001,""max_epochs"":30,""min_delta"":0.0001,""num_attention_heads"":4,""num_hidden_layers"":2,""patch_length"":24,""patch_stride"":12,""patience"":5,""prediction_length"":168,""seed"":2026,""validation_points"":1344,""weight_decay"":0.0001,""window_stride"":168}",336,24,12,168,168,365,8,2026-01-13 23:00:00+00:00,2026-01-14 00:00:00+00:00,2026-03-10 23:00:00+00:00,2026-03-10 23:00:00+00:00,2026-01-13 23:00:00+00:00,25110.041015625,4721.03515625,23,18,True,0.204200267791748,3.74941129994113,0.0010436000302433,24296,True,True,,,194.263671875,37738.37421035767,-0.3096306838161983
Electricity-CISO,PatchTST,2026-03-10 23:00:00+00:00,25090.0,2026-03-17 23:00:00+00:00,168,30866.0,23740.017578125,5776.0,-1349.982421875,1.0,-1.0,False,1739.5570192185312,4.096435094192104,3.7607947000069535,63024,expanding,original,PatchTST-HF-supervised-v1,5.15.0,cpu,"{""batch_size"":32,""context_length"":336,""d_model"":32,""dropout"":0.1,""ffn_dim"":64,""learning_rate"":0.001,""max_epochs"":30,""min_delta"":0.0001,""num_attention_heads"":4,""num_hidden_layers"":2,""patch_length"":24,""patch_stride"":12,""patience"":5,""prediction_length"":168,""seed"":2026,""validation_points"":1344,""weight_decay"":0.0001,""window_stride"":168}",336,24,12,168,168,365,8,2026-01-13 23:00:00+00:00,2026-01-14 00:00:00+00:00,2026-03-10 23:00:00+00:00,2026-03-10 23:00:00+00:00,2026-01-13 23:00:00+00:00,25110.041015625,4721.03515625,23,18,True,0.204200267791748,3.74941129994113,0.0010436000302433,24296,True,True,,,7125.982421875,50779625.47687149,-0.2901955592697245
Electricity-CISO,PatchTST,2026-03-17 23:00:00+00:00,30866.0,2026-03-18 00:00:00+00:00,1,32455.0,24977.3359375,1589.0,-5888.6640625,1.0,-1.0,False,1738.9104785478548,4.3002007031118215,1.11131110007409,63192,expanding,original,PatchTST-HF-supervised-v1,5.15.0,cpu,"{""batch_size"":32,""context_length"":336,""d_model"":32,""dropout"":0.1,""ffn_dim"":64,""learning_rate"":0.001,""max_epochs"":30,""min_delta"":0.0001,""num_attention_heads"":4,""num_hidden_layers"":2,""patch_length"":24,""patch_stride"":12,""patience"":5,""prediction_length"":168,""seed"":2026,""validation_points"":1344,""weight_decay"":0.0001,""window_stride"":168}",336,24,12,168,168,366,8,2026-01-20 23:00:00+00:00,2026-01-21 00:00:00+00:00,2026-03-17 23:00:00+00:00,2026-03-17 23:00:00+00:00,2026-01-20 23:00:00+00:00,25108.0625,4716.5556640625,7,2,True,0.228642463684082,1.0990696999942884,0.001694600097835,24296,True,True,,,7477.6640625,55915459.831604,-0.027716531259466062
Electricity-CISO,PatchTST,2026-03-17 23:00:00+00:00,30866.0,2026-03-18 23:00:00+00:00,24,32357.0,24534.85546875,1491.0,-6331.14453125,1.0,-1.0,False,1738.9104785478548,4.498302027475381,1.11131110007409,63192,expanding,original,PatchTST-HF-supervised-v1,5.15.0,cpu,"{""batch_size"":32,""context_length"":336,""d_model"":32,""dropout"":0.1,""ffn_dim"":64,""learning_rate"":0.001,""max_epochs"":30,""min_delta"":0.0001,""num_attention_heads"":4,""num_hidden_layers"":2,""patch_length"":24,""patch_stride"":12,""patience"":5,""prediction_length"":168,""seed"":2026,""validation_points"":1344,""weight_decay"":0.0001,""window_stride"":168}",336,24,12,168,168,366,8,2026-01-20 23:00:00+00:00,2026-01-21 00:00:00+00:00,2026-03-17 23:00:00+00:00,2026-03-17 23:00:00+00:00,2026-01-20 23:00:00+00:00,25108.0625,4716.5556640625,7,2,True,0.228642463684082,1.0990696999942884,0.001694600097835,24296,True,True,,,7822.14453125,61185945.06776428,-0.1215308526129597
Electricity-CISO,PatchTST,2026-03-17 23:00:00+00:00,30866.0,2026-03-24 23:00:00+00:00,168,27260.0,24679.60546875,-3606.0,-6186.39453125,-1.0,-1.0,True,1738.9104785478548,1.4839145333144803,1.11131110007409,63192,expanding,original,PatchTST-HF-supervised-v1,5.15.0,cpu,"{""batch_size"":32,""context_length"":336,""d_model"":32,""dropout"":0.1,""ffn_dim"":64,""learning_rate"":0.001,""max_epochs"":30,""min_delta"":0.0001,""num_attention_heads"":4,""num_hidden_layers"":2,""patch_length"":24,""patch_stride"":12,""patience"":5,""prediction_length"":168,""seed"":2026,""validation_points"":1344,""weight_decay"":0.0001,""window_stride"":168}",336,24,12,168,168,366,8,2026-01-20 23:00:00+00:00,2026-01-21 00:00:00+00:00,2026-03-17 23:00:00+00:00,2026-03-17 23:00:00+00:00,2026-01-20 23:00:00+00:00,25108.0625,4716.5556640625,7,2,True,0.228642463684082,1.0990696999942884,0.001694600097835,24296,True,True,,,2580.39453125,6658435.936904907,-0.09084108441984508
Electricity-CISO,PatchTST,2026-03-24 23:00:00+00:00,27260.0,2026-03-25 00:00:00+00:00,1,27338.0,27279.078125,78.0,19.078125,1.0,1.0,True,1742.1433884035953,0.0338214841511942,4.332208100007847,63360,expanding,original,PatchTST-HF-supervised-v1,5.15.0,cpu,"{""batch_size"":32,""context_length"":336,""d_model"":32,""dropout"":0.1,""ffn_dim"":64,""learning_rate"":0.001,""max_epochs"":30,""min_delta"":0.0001,""num_attention_heads"":4,""num_hidden_layers"":2,""patch_length"":24,""patch_stride"":12,""patience"":5,""prediction_length"":168,""seed"":2026,""validation_points"":1344,""weight_decay"":0.0001,""window_stride"":168}",336,24,12,168,168,367,8,2026-01-27 23:00:00+00:00,2026-01-28 00:00:00+00:00,2026-03-24 23:00:00+00:00,2026-03-24 23:00:00+00:00,2026-01-27 23:00:00+00:00,25106.9609375,4711.73388671875,27,22,True,0.2838750183582306,4.321092500002123,0.0010351000819355,24296,True,True,,,58.921875,3471.787353515625,0.4610016693902596
Electricity-CISO,PatchTST,2026-03-24 23:00:00+00:00,27260.0,2026-03-25 23:00:00+00:00,24,26922.0,26799.345703125,-338.0,-460.654296875,-1.0,-1.0,True,1742.1433884035953,0.0704042489794101,4.332208100007847,63360,expanding,original,PatchTST-HF-supervised-v1,5.15.0,cpu,"{""batch_size"":32,""context_length"":336,""d_model"":32,""dropout"":0.1,""ffn_dim"":64,""learning_rate"":0.001,""max_epochs"":30,""min_delta"":0.0001,""num_attention_heads"":4,""num_hidden_layers"":2,""patch_length"":24,""patch_stride"":12,""patience"":5,""prediction_length"":168,""seed"":2026,""validation_points"":1344,""weight_decay"":0.0001,""window_stride"":168}",336,24,12,168,168,367,8,2026-01-27 23:00:00+00:00,2026-01-28 00:00:00+00:00,2026-03-24 23:00:00+00:00,2026-03-24 23:00:00+00:00,2026-01-27 23:00:00+00:00,25106.9609375,4711.73388671875,27,22,True,0.2838750183582306,4.321092500002123,0.0010351000819355,24296,True,True,,,122.654296875,15044.076541900637,0.3591851336076996
Electricity-CISO,PatchTST,2026-03-24 23:00:00+00:00,27260.0,2026-03-31 23:00:00+00:00,168,26763.0,26733.4921875,-497.0,-526.5078125,-1.0,-1.0,True,1742.1433884035953,0.0169376485864572,4.332208100007847,63360,expanding,original,PatchTST-HF-supervised-v1,5.15.0,cpu,"{""batch_size"":32,""context_length"":336,""d_model"":32,""dropout"":0.1,""ffn_dim"":64,""learning_rate"":0.001,""max_epochs"":30,""min_delta"":0.0001,""num_attention_heads"":4,""num_hidden_layers"":2,""patch_length"":24,""patch_stride"":12,""patience"":5,""prediction_length"":168,""seed"":2026,""validation_points"":1344,""weight_decay"":0.0001,""window_stride"":168}",336,24,12,168,168,367,8,2026-01-27 23:00:00+00:00,2026-01-28 00:00:00+00:00,2026-03-24 23:00:00+00:00,2026-03-24 23:00:00+00:00,2026-01-27 23:00:00+00:00,25106.9609375,4711.73388671875,27,22,True,0.2838750183582306,4.321092500002123,0.0010351000819355,24296,True,True,,,29.5078125,870.7109985351562,0.34520864062055845
Electricity-CISO,PatchTST,2026-03-31 23:00:00+00:00,26763.0,2026-04-01 00:00:00+00:00,1,26542.0,28784.119140625,-221.0,2021.119140625,-1.0,1.0,False,1743.3824652777778,1.2860741605931876,3.6391263999976218,63528,expanding,original,PatchTST-HF-supervised-v1,5.15.0,cpu,"{""batch_size"":32,""context_length"":336,""d_model"":32,""dropout"":0.1,""ffn_dim"":64,""learning_rate"":0.001,""max_epochs"":30,""min_delta"":0.0001,""num_attention_heads"":4,""num_hidden_layers"":2,""patch_length"":24,""patch_stride"":12,""patience"":5,""prediction_length"":168,""seed"":2026,""validation_points"":1344,""weight_decay"":0.0001,""window_stride"":168}",336,24,12,168,168,368,8,2026-02-03 23:00:00+00:00,2026-02-04 00:00:00+00:00,2026-03-31 23:00:00+00:00,2026-03-31 23:00:00+00:00,2026-02-03 23:00:00+00:00,25104.35546875,4707.22900390625,22,17,True,0.3035817742347717,3.6280884000007054,0.001049599959515,24296,True,True,,,2242.119140625,5027098.2407569885,0.7817260789354804
Electricity-CISO,PatchTST,2026-03-31 23:00:00+00:00,26763.0,2026-04-01 23:00:00+00:00,24,27543.0,28187.568359375,780.0,1424.568359375,1.0,1.0,True,1743.3824652777778,0.3697228647256694,3.6391263999976218,63528,expanding,original,PatchTST-HF-supervised-v1,5.15.0,cpu,"{""batch_size"":32,""context_length"":336,""d_model"":32,""dropout"":0.1,""ffn_dim"":64,""learning_rate"":0.001,""max_epochs"":30,""min_delta"":0.0001,""num_attention_heads"":4,""num_hidden_layers"":2,""patch_length"":24,""patch_stride"":12,""patience"":5,""prediction_length"":168,""seed"":2026,""validation_points"":1344,""weight_decay"":0.0001,""window_stride"":168}",336,24,12,168,168,368,8,2026-02-03 23:00:00+00:00,2026-02-04 00:00:00+00:00,2026-03-31 23:00:00+00:00,2026-03-31 23:00:00+00:00,2026-02-03 23:00:00+00:00,25104.35546875,4707.22900390625,22,17,True,0.3035817742347717,3.6280884000007054,0.001049599959515,24296,True,True,,,644.568359375,415468.3699073792,0.6549953036205429
Electricity-CISO,PatchTST,2026-03-31 23:00:00+00:00,26763.0,2026-04-07 23:00:00+00:00,168,24103.0,27811.447265625,-2660.0,1048.447265625,-1.0,1.0,False,1743.3824652777778,2.12715645561694,3.6391263999976218,63528,expanding,original,PatchTST-HF-supervised-v1,5.15.0,cpu,"{""batch_size"":32,""context_length"":336,""d_model"":32,""dropout"":0.1,""ffn_dim"":64,""learning_rate"":0.001,""max_epochs"":30,""min_delta"":0.0001,""num_attention_heads"":4,""num_hidden_layers"":2,""patch_length"":24,""patch_stride"":12,""patience"":5,""prediction_length"":168,""seed"":2026,""validation_points"":1344,""weight_decay"":0.0001,""window_stride"":168}",336,24,12,168,168,368,8,2026-02-03 23:00:00+00:00,2026-02-04 00:00:00+00:00,2026-03-31 23:00:00+00:00,2026-03-31 23:00:00+00:00,2026-02-03 23:00:00+00:00,25104.35546875,4707.22900390625,22,17,True,0.3035817742347717,3.6280884000007054,0.001049599959515,24296,True,True,,,3708.447265625,13752581.12192154,0.5750924364692147
Electricity-CISO,PatchTST,2026-04-07 23:00:00+00:00,24103.0,2026-04-08 00:00:00+00:00,1,25328.0,25539.576171875,1225.0,1436.576171875,1.0,1.0,True,1742.6277074675734,0.1214121472809974,4.95886079990305,63696,expanding,original,PatchTST-HF-supervised-v1,5.15.0,cpu,"{""batch_size"":32,""context_length"":336,""d_model"":32,""dropout"":0.1,""ffn_dim"":64,""learning_rate"":0.001,""max_epochs"":30,""min_delta"":0.0001,""num_attention_heads"":4,""num_hidden_layers"":2,""patch_length"":24,""patch_stride"":12,""patience"":5,""prediction_length"":168,""seed"":2026,""validation_points"":1344,""weight_decay"":0.0001,""window_stride"":168}",336,24,12,168,168,369,8,2026-02-10 23:00:00+00:00,2026-02-11 00:00:00+00:00,2026-04-07 23:00:00+00:00,2026-04-07 23:00:00+00:00,2026-02-10 23:00:00+00:00,25100.2734375,4703.31201171875,30,27,False,0.2853376865386963,4.946969100041315,0.0010082999942824,24296,True,True,,,211.576171875,44764.47650527954,0.09340284745737373
Electricity-CISO,PatchTST,2026-04-07 23:00:00+00:00,24103.0,2026-04-08 23:00:00+00:00,24,25686.0,25185.541015625,1583.0,1082.541015625,1.0,1.0,True,1742.6277074675734,0.2871864037455702,4.95886079990305,63696,expanding,original,PatchTST-HF-supervised-v1,5.15.0,cpu,"{""batch_size"":32,""context_length"":336,""d_model"":32,""dropout"":0.1,""ffn_dim"":64,""learning_rate"":0.001,""max_epochs"":30,""min_delta"":0.0001,""num_attention_heads"":4,""num_hidden_layers"":2,""patch_length"":24,""patch_stride"":12,""patience"":5,""prediction_length"":168,""seed"":2026,""validation_points"":1344,""weight_decay"":0.0001,""window_stride"":168}",336,24,12,168,168,369,8,2026-02-10 23:00:00+00:00,2026-02-11 00:00:00+00:00,2026-04-07 23:00:00+00:00,2026-04-07 23:00:00+00:00,2026-02-10 23:00:00+00:00,25100.2734375,4703.31201171875,30,27,False,0.2853376865386963,4.946969100041315,0.0010082999942824,24296,True,True,,,500.458984375,250459.1950416565,0.01812926250959913
Electricity-CISO,PatchTST,2026-04-07 23:00:00+00:00,24103.0,2026-04-14 23:00:00+00:00,168,22745.0,25105.37109375,-1358.0,1002.37109375,-1.0,1.0,False,1742.6277074675734,1.3544895927198044,4.95886079990305,63696,expanding,original,PatchTST-HF-supervised-v1,5.15.0,cpu,"{""batch_size"":32,""context_length"":336,""d_model"":32,""dropout"":0.1,""ffn_dim"":64,""learning_rate"":0.001,""max_epochs"":30,""min_delta"":0.0001,""num_attention_heads"":4,""num_hidden_layers"":2,""patch_length"":24,""patch_stride"":12,""patience"":5,""prediction_length"":168,""seed"":2026,""validation_points"":1344,""weight_decay"":0.0001,""window_stride"":168}",336,24,12,168,168,369,8,2026-02-10 23:00:00+00:00,2026-02-11 00:00:00+00:00,2026-04-07 23:00:00+00:00,2026-04-07 23:00:00+00:00,2026-02-10 23:00:00+00:00,25100.2734375,4703.31201171875,30,27,False,0.2853376865386963,4.946969100041315,0.0010082999942824,24296,True,True,,,2360.37109375,5571351.700210571,0.0010838439459892738
Electricity-CISO,PatchTST,2026-04-14 23:00:00+00:00,22745.0,2026-04-15 00:00:00+00:00,1,22390.0,24726.55078125,-355.0,1981.55078125,-1.0,1.0,False,1741.5733013062045,1.3416321779264495,4.978681299951859,63864,expanding,original,PatchTST-HF-supervised-v1,5.15.0,cpu,"{""batch_size"":32,""context_length"":336,""d_model"":32,""dropout"":0.1,""ffn_dim"":64,""learning_rate"":0.001,""max_epochs"":30,""min_delta"":0.0001,""num_attention_heads"":4,""num_hidden_layers"":2,""patch_length"":24,""patch_stride"":12,""patience"":5,""prediction_length"":168,""seed"":2026,""validation_points"":1344,""weight_decay"":0.0001,""window_stride"":168}",336,24,12,168,168,370,8,2026-02-17 23:00:00+00:00,2026-02-18 00:00:00+00:00,2026-04-14 23:00:00+00:00,2026-04-14 23:00:00+00:00,2026-02-17 23:00:00+00:00,25096.84765625,4699.4580078125,30,27,False,0.3026111125946045,4.967796699958853,0.0010166000574827,24296,True,True,,,2336.55078125,5459469.553359985,-0.07879565566591061
Electricity-CISO,PatchTST,2026-04-14 23:00:00+00:00,22745.0,2026-04-15 23:00:00+00:00,24,23379.0,24502.953125,634.0,1757.953125,1.0,1.0,True,1741.5733013062045,0.6453665339018572,4.978681299951859,63864,expanding,original,PatchTST-HF-supervised-v1,5.15.0,cpu,"{""batch_size"":32,""context_length"":336,""d_model"":32,""dropout"":0.1,""ffn_dim"":64,""learning_rate"":0.001,""max_epochs"":30,""min_delta"":0.0001,""num_attention_heads"":4,""num_hidden_layers"":2,""patch_length"":24,""patch_stride"":12,""patience"":5,""prediction_length"":168,""seed"":2026,""validation_points"":1344,""weight_decay"":0.0001,""window_stride"":168}",336,24,12,168,168,370,8,2026-02-17 23:00:00+00:00,2026-02-18 00:00:00+00:00,2026-04-14 23:00:00+00:00,2026-04-14 23:00:00+00:00,2026-02-17 23:00:00+00:00,25096.84765625,4699.4580078125,30,27,False,0.3026111125946045,4.967796699958853,0.0010166000574827,24296,True,True,,,1123.953125,1263270.6271972656,-0.12637511182410704
Electricity-CISO,PatchTST,2026-04-14 23:00:00+00:00,22745.0,2026-04-21 23:00:00+00:00,168,25810.0,24437.84375,3065.0,1692.84375,1.0,1.0,True,1741.5733013062045,0.7878831450682343,4.978681299951859,63864,expanding,original,PatchTST-HF-supervised-v1,5.15.0,cpu,"{""batch_size"":32,""context_length"":336,""d_model"":32,""dropout"":0.1,""ffn_dim"":64,""learning_rate"":0.001,""max_epochs"":30,""min_delta"":0.0001,""num_attention_heads"":4,""num_hidden_layers"":2,""patch_length"":24,""patch_stride"":12,""patience"":5,""prediction_length"":168,""seed"":2026,""validation_points"":1344,""weight_decay"":0.0001,""window_stride"":168}",336,24,12,168,168,370,8,2026-02-17 23:00:00+00:00,2026-02-18 00:00:00+00:00,2026-04-14 23:00:00+00:00,2026-04-14 23:00:00+00:00,2026-02-17 23:00:00+00:00,25096.84765625,4699.4580078125,30,27,False,0.3026111125946045,4.967796699958853,0.0010166000574827,24296,True,True,,,1372.15625,1882812.7744140625,-0.14022976801887685
Electricity-CISO,PatchTST,2026-04-21 23:00:00+00:00,25810.0,2026-04-22 00:00:00+00:00,1,25016.0,24191.005859375,-794.0,-1618.994140625,-1.0,-1.0,True,1741.2112144557184,0.4738047479684325,1.8012776999967173,64032,expanding,original,PatchTST-HF-supervised-v1,5.15.0,cpu,"{""batch_size"":32,""context_length"":336,""d_model"":32,""dropout"":0.1,""ffn_dim"":64,""learning_rate"":0.001,""max_epochs"":30,""min_delta"":0.0001,""num_attention_heads"":4,""num_hidden_layers"":2,""patch_length"":24,""patch_stride"":12,""patience"":5,""prediction_length"":168,""seed"":2026,""validation_points"":1344,""weight_decay"":0.0001,""window_stride"":168}",336,24,12,168,168,371,8,2026-02-24 23:00:00+00:00,2026-02-25 00:00:00+00:00,2026-04-21 23:00:00+00:00,2026-04-21 23:00:00+00:00,2026-02-24 23:00:00+00:00,25095.8125,4694.91259765625,11,6,True,0.3275463879108429,1.790221399976872,0.0010803999612107,24296,True,True,,,824.994140625,680615.3320655823,-0.19272065705263375
Electricity-CISO,PatchTST,2026-04-21 23:00:00+00:00,25810.0,2026-04-22 23:00:00+00:00,24,23119.0,23949.162109375,-2691.0,-1860.837890625,-1.0,-1.0,True,1741.2112144557184,0.4767727789040795,1.8012776999967173,64032,expanding,original,PatchTST-HF-supervised-v1,5.15.0,cpu,"{""batch_size"":32,""context_length"":336,""d_model"":32,""dropout"":0.1,""ffn_dim"":64,""learning_rate"":0.001,""max_epochs"":30,""min_delta"":0.0001,""num_attention_heads"":4,""num_hidden_layers"":2,""patch_length"":24,""patch_stride"":12,""patience"":5,""prediction_length"":168,""seed"":2026,""validation_points"":1344,""weight_decay"":0.0001,""window_stride"":168}",336,24,12,168,168,371,8,2026-02-24 23:00:00+00:00,2026-02-25 00:00:00+00:00,2026-04-21 23:00:00+00:00,2026-04-21 23:00:00+00:00,2026-02-24 23:00:00+00:00,25095.8125,4694.91259765625,11,6,True,0.3275463879108429,1.790221399976872,0.0010803999612107,24296,True,True,,,830.162109375,689169.1278419495,-0.24423253186809485
Electricity-CISO,PatchTST,2026-04-21 23:00:00+00:00,25810.0,2026-04-28 23:00:00+00:00,168,20582.0,24055.98828125,-5228.0,-1754.01171875,-1.0,-1.0,True,1741.2112144557184,1.9951561604982693,1.8012776999967173,64032,expanding,original,PatchTST-HF-supervised-v1,5.15.0,cpu,"{""batch_size"":32,""context_length"":336,""d_model"":32,""dropout"":0.1,""ffn_dim"":64,""learning_rate"":0.001,""max_epochs"":30,""min_delta"":0.0001,""num_attention_heads"":4,""num_hidden_layers"":2,""patch_length"":24,""patch_stride"":12,""patience"":5,""prediction_length"":168,""seed"":2026,""validation_points"":1344,""weight_decay"":0.0001,""window_stride"":168}",336,24,12,168,168,371,8,2026-02-24 23:00:00+00:00,2026-02-25 00:00:00+00:00,2026-04-21 23:00:00+00:00,2026-04-21 23:00:00+00:00,2026-02-24 23:00:00+00:00,25095.8125,4694.91259765625,11,6,True,0.3275463879108429,1.790221399976872,0.0010803999612107,24296,True,True,,,3473.98828125,12068594.57826233,-0.22147893003782249
Electricity-CISO,PatchTST,2026-04-28 23:00:00+00:00,20582.0,2026-04-29 00:00:00+00:00,1,20724.0,24235.91796875,142.0,3653.91796875,1.0,1.0,True,1739.5310469765118,2.0188877771707974,4.932896099984646,64200,expanding,original,PatchTST-HF-supervised-v1,5.15.0,cpu,"{""batch_size"":32,""context_length"":336,""d_model"":32,""dropout"":0.1,""ffn_dim"":64,""learning_rate"":0.001,""max_epochs"":30,""min_delta"":0.0001,""num_attention_heads"":4,""num_hidden_layers"":2,""patch_length"":24,""patch_stride"":12,""patience"":5,""prediction_length"":168,""seed"":2026,""validation_points"":1344,""weight_decay"":0.0001,""window_stride"":168}",336,24,12,168,168,372,8,2026-03-03 23:00:00+00:00,2026-03-04 00:00:00+00:00,2026-04-28 23:00:00+00:00,2026-04-28 23:00:00+00:00,2026-03-03 23:00:00+00:00,25092.748046875,4690.68017578125,30,29,False,0.2720020115375519,4.921263099997304,0.0010840999893844,24296,True,True,,,3511.91796875,12333567.819229126,-0.1826664888706235
Electricity-CISO,PatchTST,2026-04-28 23:00:00+00:00,20582.0,2026-04-29 23:00:00+00:00,24,23216.0,23971.994140625,2634.0,3389.994140625,1.0,1.0,True,1739.5310469765118,0.4345965206766487,4.932896099984646,64200,expanding,original,PatchTST-HF-supervised-v1,5.15.0,cpu,"{""batch_size"":32,""context_length"":336,""d_model"":32,""dropout"":0.1,""ffn_dim"":64,""learning_rate"":0.001,""max_epochs"":30,""min_delta"":0.0001,""num_attention_heads"":4,""num_hidden_layers"":2,""patch_length"":24,""patch_stride"":12,""patience"":5,""prediction_length"":168,""seed"":2026,""validation_points"":1344,""weight_decay"":0.0001,""window_stride"":168}",336,24,12,168,168,372,8,2026-03-03 23:00:00+00:00,2026-03-04 00:00:00+00:00,2026-04-28 23:00:00+00:00,2026-04-28 23:00:00+00:00,2026-03-03 23:00:00+00:00,25092.748046875,4690.68017578125,30,29,False,0.2720020115375519,4.921263099997304,0.0010840999893844,24296,True,True,,,755.994140625,571527.1406593323,-0.23893206619300886
Electricity-CISO,PatchTST,2026-04-28 23:00:00+00:00,20582.0,2026-05-05 23:00:00+00:00,168,25891.0,24000.3203125,5309.0,3418.3203125,1.0,1.0,True,1739.5310469765118,1.0868904529103982,4.932896099984646,64200,expanding,original,PatchTST-HF-supervised-v1,5.15.0,cpu,"{""batch_size"":32,""context_length"":336,""d_model"":32,""dropout"":0.1,""ffn_dim"":64,""learning_rate"":0.001,""max_epochs"":30,""min_delta"":0.0001,""num_attention_heads"":4,""num_hidden_layers"":2,""patch_length"":24,""patch_stride"":12,""patience"":5,""prediction_length"":168,""seed"":2026,""validation_points"":1344,""weight_decay"":0.0001,""window_stride"":168}",336,24,12,168,168,372,8,2026-03-03 23:00:00+00:00,2026-03-04 00:00:00+00:00,2026-04-28 23:00:00+00:00,2026-04-28 23:00:00+00:00,2026-03-03 23:00:00+00:00,25092.748046875,4690.68017578125,30,29,False,0.2720020115375519,4.921263099997304,0.0010840999893844,24296,True,True,,,1890.6796875,3574669.6807250977,-0.23289324648808574
Electricity-CISO,PatchTST,2026-05-05 23:00:00+00:00,25891.0,2026-05-06 00:00:00+00:00,1,25239.0,23709.599609375,-652.0,-2181.400390625,-1.0,-1.0,True,1738.5602180685355,0.8796936538235626,2.0248613000148907,64368,expanding,original,PatchTST-HF-supervised-v1,5.15.0,cpu,"{""batch_size"":32,""context_length"":336,""d_model"":32,""dropout"":0.1,""ffn_dim"":64,""learning_rate"":0.001,""max_epochs"":30,""min_delta"":0.0001,""num_attention_heads"":4,""num_hidden_layers"":2,""patch_length"":24,""patch_stride"":12,""patience"":5,""prediction_length"":168,""seed"":2026,""validation_points"":1344,""weight_decay"":0.0001,""window_stride"":168}",336,24,12,168,168,373,8,2026-03-10 23:00:00+00:00,2026-03-11 00:00:00+00:00,2026-05-05 23:00:00+00:00,2026-05-05 23:00:00+00:00,2026-03-10 23:00:00+00:00,25087.40625,4686.5966796875,12,7,True,0.3234571814537048,2.0120323000010103,0.0014256000285968,24296,True,True,,,1529.400390625,2339065.5548439026,-0.29398873741293896
Electricity-CISO,PatchTST,2026-05-05 23:00:00+00:00,25891.0,2026-05-06 23:00:00+00:00,24,23706.0,23448.45703125,-2185.0,-2442.54296875,-1.0,-1.0,True,1738.5602180685355,0.1481357769914458,2.0248613000148907,64368,expanding,original,PatchTST-HF-supervised-v1,5.15.0,cpu,"{""batch_size"":32,""context_length"":336,""d_model"":32,""dropout"":0.1,""ffn_dim"":64,""learning_rate"":0.001,""max_epochs"":30,""min_delta"":0.0001,""num_attention_heads"":4,""num_hidden_layers"":2,""patch_length"":24,""patch_stride"":12,""patience"":5,""prediction_length"":168,""seed"":2026,""validation_points"":1344,""weight_decay"":0.0001,""window_stride"":168}",336,24,12,168,168,373,8,2026-03-10 23:00:00+00:00,2026-03-11 00:00:00+00:00,2026-05-05 23:00:00+00:00,2026-05-05 23:00:00+00:00,2026-03-10 23:00:00+00:00,25087.40625,4686.5966796875,12,7,True,0.3234571814537048,2.0120323000010103,0.0014256000285968,24296,True,True,,,257.54296875,66328.38075256348,-0.3497098920104395
Electricity-CISO,PatchTST,2026-05-05 23:00:00+00:00,25891.0,2026-05-12 23:00:00+00:00,168,25442.0,23485.671875,-449.0,-2405.328125,-1.0,-1.0,True,1738.5602180685355,1.1252576152774247,2.0248613000148907,64368,expanding,original,PatchTST-HF-supervised-v1,5.15.0,cpu,"{""batch_size"":32,""context_length"":336,""d_model"":32,""dropout"":0.1,""ffn_dim"":64,""learning_rate"":0.001,""max_epochs"":30,""min_delta"":0.0001,""num_attention_heads"":4,""num_hidden_layers"":2,""patch_length"":24,""patch_stride"":12,""patience"":5,""prediction_length"":168,""seed"":2026,""validation_points"":1344,""weight_decay"":0.0001,""window_stride"":168}",336,24,12,168,168,373,8,2026-03-10 23:00:00+00:00,2026-03-11 00:00:00+00:00,2026-05-05 23:00:00+00:00,2026-05-05 23:00:00+00:00,2026-03-10 23:00:00+00:00,25087.40625,4686.5966796875,12,7,True,0.3234571814537048,2.0120323000010103,0.0014256000285968,24296,True,True,,,1956.328125,3827219.732666016,-0.34176919510530673
Electricity-CISO,PatchTST,2026-05-12 23:00:00+00:00,25442.0,2026-05-13 00:00:00+00:00,1,25981.0,25398.294921875,539.0,-43.705078125,1.0,-1.0,False,1738.0782531692766,0.3352582526491393,2.5746080999961123,64536,expanding,original,PatchTST-HF-supervised-v1,5.15.0,cpu,"{""batch_size"":32,""context_length"":336,""d_model"":32,""dropout"":0.1,""ffn_dim"":64,""learning_rate"":0.001,""max_epochs"":30,""min_delta"":0.0001,""num_attention_heads"":4,""num_hidden_layers"":2,""patch_length"":24,""patch_stride"":12,""patience"":5,""prediction_length"":168,""seed"":2026,""validation_points"":1344,""weight_decay"":0.0001,""window_stride"":168}",336,24,12,168,168,374,8,2026-03-17 23:00:00+00:00,2026-03-18 00:00:00+00:00,2026-05-12 23:00:00+00:00,2026-05-12 23:00:00+00:00,2026-03-17 23:00:00+00:00,25085.568359375,4682.884765625,16,11,True,0.3349429666996002,2.5633602999150757,0.0010255000088363,24296,True,True,,,582.705078125,339545.20807266235,0.06678075121463341
Electricity-CISO,PatchTST,2026-05-12 23:00:00+00:00,25442.0,2026-05-13 23:00:00+00:00,24,24770.0,25142.69921875,-672.0,-299.30078125,-1.0,-1.0,True,1738.0782531692766,0.2144317829593727,2.5746080999961123,64536,expanding,original,PatchTST-HF-supervised-v1,5.15.0,cpu,"{""batch_size"":32,""context_length"":336,""d_model"":32,""dropout"":0.1,""ffn_dim"":64,""learning_rate"":0.001,""max_epochs"":30,""min_delta"":0.0001,""num_attention_heads"":4,""num_hidden_layers"":2,""patch_length"":24,""patch_stride"":12,""patience"":5,""prediction_length"":168,""seed"":2026,""validation_points"":1344,""weight_decay"":0.0001,""window_stride"":168}",336,24,12,168,168,374,8,2026-03-17 23:00:00+00:00,2026-03-18 00:00:00+00:00,2026-05-12 23:00:00+00:00,2026-05-12 23:00:00+00:00,2026-03-17 23:00:00+00:00,25085.568359375,4682.884765625,16,11,True,0.3349429666996002,2.5633602999150757,0.0010255000088363,24296,True,True,,,372.69921875,138904.70765686035,0.012199928512948374
Electricity-CISO,PatchTST,2026-05-12 23:00:00+00:00,25442.0,2026-05-19 23:00:00+00:00,168,27138.0,25046.25390625,1696.0,-395.74609375,1.0,-1.0,False,1738.0782531692766,1.203482115914995,2.5746080999961123,64536,expanding,original,PatchTST-HF-supervised-v1,5.15.0,cpu,"{""batch_size"":32,""context_length"":336,""d_model"":32,""dropout"":0.1,""ffn_dim"":64,""learning_rate"":0.001,""max_epochs"":30,""min_delta"":0.0001,""num_attention_heads"":4,""num_hidden_layers"":2,""patch_length"":24,""patch_stride"":12,""patience"":5,""prediction_length"":168,""seed"":2026,""validation_points"":1344,""weight_decay"":0.0001,""window_stride"":168}",336,24,12,168,168,374,8,2026-03-17 23:00:00+00:00,2026-03-18 00:00:00+00:00,2026-05-12 23:00:00+00:00,2026-05-12 23:00:00+00:00,2026-03-17 23:00:00+00:00,25085.568359375,4682.884765625,16,11,True,0.3349429666996002,2.5633602999150757,0.0010255000088363,24296,True,True,,,2091.74609375,4375401.720718384,-0.008395349254286616
Electricity-CISO,PatchTST,2026-05-19 23:00:00+00:00,27138.0,2026-05-20 00:00:00+00:00,1,27409.0,26306.685546875,271.0,-831.314453125,1.0,-1.0,False,1737.393625263419,0.6344644282655694,1.1368271000683308,64704,expanding,original,PatchTST-HF-supervised-v1,5.15.0,cpu,"{""batch_size"":32,""context_length"":336,""d_model"":32,""dropout"":0.1,""ffn_dim"":64,""learning_rate"":0.001,""max_epochs"":30,""min_delta"":0.0001,""num_attention_heads"":4,""num_hidden_layers"":2,""patch_length"":24,""patch_stride"":12,""patience"":5,""prediction_length"":168,""seed"":2026,""validation_points"":1344,""weight_decay"":0.0001,""window_stride"":168}",336,24,12,168,168,375,8,2026-03-24 23:00:00+00:00,2026-03-25 00:00:00+00:00,2026-05-19 23:00:00+00:00,2026-05-19 23:00:00+00:00,2026-03-24 23:00:00+00:00,25091.095703125,4682.7666015625,7,2,True,0.2353035807609558,1.124909200007096,0.0009975000284612,24296,True,True,,,1102.314453125,1215097.1535682678,0.25958796309523385
Electricity-CISO,PatchTST,2026-05-19 23:00:00+00:00,27138.0,2026-05-20 23:00:00+00:00,24,29941.0,26093.734375,2803.0,-1044.265625,1.0,-1.0,False,1737.393625263419,2.2143891683824317,1.1368271000683308,64704,expanding,original,PatchTST-HF-supervised-v1,5.15.0,cpu,"{""batch_size"":32,""context_length"":336,""d_model"":32,""dropout"":0.1,""ffn_dim"":64,""learning_rate"":0.001,""max_epochs"":30,""min_delta"":0.0001,""num_attention_heads"":4,""num_hidden_layers"":2,""patch_length"":24,""patch_stride"":12,""patience"":5,""prediction_length"":168,""seed"":2026,""validation_points"":1344,""weight_decay"":0.0001,""window_stride"":168}",336,24,12,168,168,375,8,2026-03-24 23:00:00+00:00,2026-03-25 00:00:00+00:00,2026-05-19 23:00:00+00:00,2026-05-19 23:00:00+00:00,2026-03-24 23:00:00+00:00,25091.095703125,4682.7666015625,7,2,True,0.2353035807609558,1.124909200007096,0.0009975000284612,24296,True,True,,,3847.265625,14801452.78930664,0.21411245897680428
Electricity-CISO,PatchTST,2026-05-19 23:00:00+00:00,27138.0,2026-05-26 23:00:00+00:00,168,25466.0,26001.994140625,-1672.0,-1136.005859375,-1.0,-1.0,True,1737.393625263419,0.3085047238755317,1.1368271000683308,64704,expanding,original,PatchTST-HF-supervised-v1,5.15.0,cpu,"{""batch_size"":32,""context_length"":336,""d_model"":32,""dropout"":0.1,""ffn_dim"":64,""learning_rate"":0.001,""max_epochs"":30,""min_delta"":0.0001,""num_attention_heads"":4,""num_hidden_layers"":2,""patch_length"":24,""patch_stride"":12,""patience"":5,""prediction_length"":168,""seed"":2026,""validation_points"":1344,""weight_decay"":0.0001,""window_stride"":168}",336,24,12,168,168,375,8,2026-03-24 23:00:00+00:00,2026-03-25 00:00:00+00:00,2026-05-19 23:00:00+00:00,2026-05-19 23:00:00+00:00,2026-03-24 23:00:00+00:00,25091.095703125,4682.7666015625,7,2,True,0.2353035807609558,1.124909200007096,0.0009975000284612,24296,True,True,,,535.994140625,287289.7187843323,0.1945214261150791
Electricity-CISO,PatchTST,2026-05-26 23:00:00+00:00,25466.0,2026-05-27 00:00:00+00:00,1,25167.0,25069.833984375,-299.0,-396.166015625,-1.0,-1.0,True,1736.5100766567757,0.0559547663622369,4.8922663000412285,64872,expanding,original,PatchTST-HF-supervised-v1,5.15.0,cpu,"{""batch_size"":32,""context_length"":336,""d_model"":32,""dropout"":0.1,""ffn_dim"":64,""learning_rate"":0.001,""max_epochs"":30,""min_delta"":0.0001,""num_attention_heads"":4,""num_hidden_layers"":2,""patch_length"":24,""patch_stride"":12,""patience"":5,""prediction_length"":168,""seed"":2026,""validation_points"":1344,""weight_decay"":0.0001,""window_stride"":168}",336,24,12,168,168,376,8,2026-03-31 23:00:00+00:00,2026-04-01 00:00:00+00:00,2026-05-26 23:00:00+00:00,2026-05-26 23:00:00+00:00,2026-03-31 23:00:00+00:00,25091.1875,4678.89990234375,30,29,False,0.2061338722705841,4.880653999978676,0.0010391999967396,24296,True,True,,,97.166015625,9441.234592437744,-0.004563789794755733
Electricity-CISO,PatchTST,2026-05-26 23:00:00+00:00,25466.0,2026-05-27 23:00:00+00:00,24,25515.0,24767.396484375,49.0,-698.603515625,1.0,-1.0,False,1736.5100766567757,0.4305206895570265,4.8922663000412285,64872,expanding,original,PatchTST-HF-supervised-v1,5.15.0,cpu,"{""batch_size"":32,""context_length"":336,""d_model"":32,""dropout"":0.1,""ffn_dim"":64,""learning_rate"":0.001,""max_epochs"":30,""min_delta"":0.0001,""num_attention_heads"":4,""num_hidden_layers"":2,""patch_length"":24,""patch_stride"":12,""patience"":5,""prediction_length"":168,""seed"":2026,""validation_points"":1344,""weight_decay"":0.0001,""window_stride"":168}",336,24,12,168,168,376,8,2026-03-31 23:00:00+00:00,2026-04-01 00:00:00+00:00,2026-05-26 23:00:00+00:00,2026-05-26 23:00:00+00:00,2026-03-31 23:00:00+00:00,25091.1875,4678.89990234375,30,29,False,0.2061338722705841,4.880653999978676,0.0010391999967396,24296,True,True,,,747.603515625,558911.0165748596,-0.06920238141081131
Electricity-CISO,PatchTST,2026-05-26 23:00:00+00:00,25466.0,2026-06-02 23:00:00+00:00,168,27474.0,24753.658203125,2008.0,-712.341796875,1.0,-1.0,False,1736.5100766567757,1.566556873722467,4.8922663000412285,64872,expanding,original,PatchTST-HF-supervised-v1,5.15.0,cpu,"{""batch_size"":32,""context_length"":336,""d_model"":32,""dropout"":0.1,""ffn_dim"":64,""learning_rate"":0.001,""max_epochs"":30,""min_delta"":0.0001,""num_attention_heads"":4,""num_hidden_layers"":2,""patch_length"":24,""patch_stride"":12,""patience"":5,""prediction_length"":168,""seed"":2026,""validation_points"":1344,""weight_decay"":0.0001,""window_stride"":168}",336,24,12,168,168,376,8,2026-03-31 23:00:00+00:00,2026-04-01 00:00:00+00:00,2026-05-26 23:00:00+00:00,2026-05-26 23:00:00+00:00,2026-03-31 23:00:00+00:00,25091.1875,4678.89990234375,30,29,False,0.2061338722705841,4.880653999978676,0.0010391999967396,24296,True,True,,,2720.341796875,7400259.491825104,-0.07213860179097338
Electricity-CISO,PatchTST,2026-06-02 23:00:00+00:00,27474.0,2026-06-03 00:00:00+00:00,1,28129.0,26292.2578125,655.0,-1181.7421875,1.0,-1.0,False,1737.7463004069552,1.0569679745943703,1.7727060000179335,65040,expanding,original,PatchTST-HF-supervised-v1,5.15.0,cpu,"{""batch_size"":32,""context_length"":336,""d_model"":32,""dropout"":0.1,""ffn_dim"":64,""learning_rate"":0.001,""max_epochs"":30,""min_delta"":0.0001,""num_attention_heads"":4,""num_hidden_layers"":2,""patch_length"":24,""patch_stride"":12,""patience"":5,""prediction_length"":168,""seed"":2026,""validation_points"":1344,""weight_decay"":0.0001,""window_stride"":168}",336,24,12,168,168,377,8,2026-04-07 23:00:00+00:00,2026-04-08 00:00:00+00:00,2026-06-02 23:00:00+00:00,2026-06-02 23:00:00+00:00,2026-04-07 23:00:00+00:00,25087.947265625,4674.50439453125,11,6,True,0.2114832103252411,1.7573991999961436,0.001742499996908,24296,True,True,,,1836.7421875,3373621.863342285,0.25763384633543934
Electricity-CISO,PatchTST,2026-06-02 23:00:00+00:00,27474.0,2026-06-03 23:00:00+00:00,24,30222.0,25822.46875,2748.0,-1651.53125,1.0,-1.0,False,1737.7463004069552,2.531745427378952,1.7727060000179335,65040,expanding,original,PatchTST-HF-supervised-v1,5.15.0,cpu,"{""batch_size"":32,""context_length"":336,""d_model"":32,""dropout"":0.1,""ffn_dim"":64,""learning_rate"":0.001,""max_epochs"":30,""min_delta"":0.0001,""num_attention_heads"":4,""num_hidden_layers"":2,""patch_length"":24,""patch_stride"":12,""patience"":5,""prediction_length"":168,""seed"":2026,""validation_points"":1344,""weight_decay"":0.0001,""window_stride"":168}",336,24,12,168,168,377,8,2026-04-07 23:00:00+00:00,2026-04-08 00:00:00+00:00,2026-06-02 23:00:00+00:00,2026-06-02 23:00:00+00:00,2026-04-07 23:00:00+00:00,25087.947265625,4674.50439453125,11,6,True,0.2114832103252411,1.7573991999961436,0.001742499996908,24296,True,True,,,4399.53125,19355875.21972656,0.15713355307448723
Electricity-CISO,PatchTST,2026-06-02 23:00:00+00:00,27474.0,2026-06-09 23:00:00+00:00,168,29427.0,25767.16796875,1953.0,-1706.83203125,1.0,-1.0,False,1737.7463004069552,2.1060795988418564,1.7727060000179335,65040,expanding,original,PatchTST-HF-supervised-v1,5.15.0,cpu,"{""batch_size"":32,""context_length"":336,""d_model"":32,""dropout"":0.1,""ffn_dim"":64,""learning_rate"":0.001,""max_epochs"":30,""min_delta"":0.0001,""num_attention_heads"":4,""num_hidden_layers"":2,""patch_length"":24,""patch_stride"":12,""patience"":5,""prediction_length"":168,""seed"":2026,""validation_points"":1344,""weight_decay"":0.0001,""window_stride"":168}",336,24,12,168,168,377,8,2026-04-07 23:00:00+00:00,2026-04-08 00:00:00+00:00,2026-06-02 23:00:00+00:00,2026-06-02 23:00:00+00:00,2026-04-07 23:00:00+00:00,25087.947265625,4674.50439453125,11,6,True,0.2114832103252411,1.7573991999961436,0.001742499996908,24296,True,True,,,3659.83203125,13394370.4969635,0.14530325480485742
Electricity-CISO,PatchTST,2026-06-09 23:00:00+00:00,29427.0,2026-06-10 00:00:00+00:00,1,29589.0,28281.474609375,162.0,-1145.525390625,1.0,-1.0,False,1739.1559809348091,0.7518160561551215,2.8417770999949425,65208,expanding,original,PatchTST-HF-supervised-v1,5.15.0,cpu,"{""batch_size"":32,""context_length"":336,""d_model"":32,""dropout"":0.1,""ffn_dim"":64,""learning_rate"":0.001,""max_epochs"":30,""min_delta"":0.0001,""num_attention_heads"":4,""num_hidden_layers"":2,""patch_length"":24,""patch_stride"":12,""patience"":5,""prediction_length"":168,""seed"":2026,""validation_points"":1344,""weight_decay"":0.0001,""window_stride"":168}",336,24,12,168,168,378,8,2026-04-14 23:00:00+00:00,2026-04-15 00:00:00+00:00,2026-06-09 23:00:00+00:00,2026-06-09 23:00:00+00:00,2026-04-14 23:00:00+00:00,25085.56640625,4670.22021484375,17,12,True,0.2307534217834472,2.828656499972567,0.0010707000037655,24296,True,True,,,1307.525390625,1709622.6471290588,0.6843163825481245
Electricity-CISO,PatchTST,2026-06-09 23:00:00+00:00,29427.0,2026-06-10 23:00:00+00:00,24,33104.0,27832.119140625,3677.0,-1594.880859375,1.0,-1.0,False,1739.1559809348091,3.0312869674526404,2.8417770999949425,65208,expanding,original,PatchTST-HF-supervised-v1,5.15.0,cpu,"{""batch_size"":32,""context_length"":336,""d_model"":32,""dropout"":0.1,""ffn_dim"":64,""learning_rate"":0.001,""max_epochs"":30,""min_delta"":0.0001,""num_attention_heads"":4,""num_hidden_layers"":2,""patch_length"":24,""patch_stride"":12,""patience"":5,""prediction_length"":168,""seed"":2026,""validation_points"":1344,""weight_decay"":0.0001,""window_stride"":168}",336,24,12,168,168,378,8,2026-04-14 23:00:00+00:00,2026-04-15 00:00:00+00:00,2026-06-09 23:00:00+00:00,2026-06-09 23:00:00+00:00,2026-04-14 23:00:00+00:00,25085.56640625,4670.22021484375,17,12,True,0.2307534217834472,2.828656499972567,0.0010707000037655,24296,True,True,,,5271.880859375,27792727.79544449,0.5880991919064978
Electricity-CISO,PatchTST,2026-06-09 23:00:00+00:00,29427.0,2026-06-16 23:00:00+00:00,168,30865.0,27438.419921875,1438.0,-1988.580078125,1.0,-1.0,False,1739.1559809348091,1.9702546037780853,2.8417770999949425,65208,expanding,original,PatchTST-HF-supervised-v1,5.15.0,cpu,"{""batch_size"":32,""context_length"":336,""d_model"":32,""dropout"":0.1,""ffn_dim"":64,""learning_rate"":0.001,""max_epochs"":30,""min_delta"":0.0001,""num_attention_heads"":4,""num_hidden_layers"":2,""patch_length"":24,""patch_stride"":12,""patience"":5,""prediction_length"":168,""seed"":2026,""validation_points"":1344,""weight_decay"":0.0001,""window_stride"":168}",336,24,12,168,168,378,8,2026-04-14 23:00:00+00:00,2026-04-15 00:00:00+00:00,2026-06-09 23:00:00+00:00,2026-06-09 23:00:00+00:00,2026-04-14 23:00:00+00:00,25085.56640625,4670.22021484375,17,12,True,0.2307534217834472,2.828656499972567,0.0010707000037655,24296,True,True,,,3426.580078125,11741451.031803131,0.5037992658561858
Electricity-CISO,PatchTST,2026-06-16 23:00:00+00:00,30865.0,2026-06-17 00:00:00+00:00,1,32223.0,28943.275390625,1358.0,-1921.724609375,1.0,-1.0,False,1743.9182155563735,1.8806642307641976,1.1669428999302909,65376,expanding,original,PatchTST-HF-supervised-v1,5.15.0,cpu,"{""batch_size"":32,""context_length"":336,""d_model"":32,""dropout"":0.1,""ffn_dim"":64,""learning_rate"":0.001,""max_epochs"":30,""min_delta"":0.0001,""num_attention_heads"":4,""num_hidden_layers"":2,""patch_length"":24,""patch_stride"":12,""patience"":5,""prediction_length"":168,""seed"":2026,""validation_points"":1344,""weight_decay"":0.0001,""window_stride"":168}",336,24,12,168,168,379,8,2026-04-21 23:00:00+00:00,2026-04-22 00:00:00+00:00,2026-06-16 23:00:00+00:00,2026-06-16 23:00:00+00:00,2026-04-21 23:00:00+00:00,25080.771484375,4666.22412109375,7,2,True,0.3701235949993133,1.1531282999785617,0.0010519999777898,24296,True,True,,,3279.724609375,10756593.513339996,0.8277579057528509
Electricity-CISO,PatchTST,2026-06-16 23:00:00+00:00,30865.0,2026-06-17 23:00:00+00:00,24,31267.0,29240.43359375,402.0,-1624.56640625,1.0,-1.0,False,1743.9182155563735,1.1620765172198464,1.1669428999302909,65376,expanding,original,PatchTST-HF-supervised-v1,5.15.0,cpu,"{""batch_size"":32,""context_length"":336,""d_model"":32,""dropout"":0.1,""ffn_dim"":64,""learning_rate"":0.001,""max_epochs"":30,""min_delta"":0.0001,""num_attention_heads"":4,""num_hidden_layers"":2,""patch_length"":24,""patch_stride"":12,""patience"":5,""prediction_length"":168,""seed"":2026,""validation_points"":1344,""weight_decay"":0.0001,""window_stride"":168}",336,24,12,168,168,379,8,2026-04-21 23:00:00+00:00,2026-04-22 00:00:00+00:00,2026-06-16 23:00:00+00:00,2026-06-16 23:00:00+00:00,2026-04-21 23:00:00+00:00,25080.771484375,4666.22412109375,7,2,True,0.3701235949993133,1.1531282999785617,0.0010519999777898,24296,True,True,,,2026.56640625,4106971.39894104,0.8914407026810334
Electricity-CISO,PatchTST,2026-06-16 23:00:00+00:00,30865.0,2026-06-23 23:00:00+00:00,168,30989.0,29387.65625,124.0,-1477.34375,1.0,-1.0,False,1743.9182155563735,0.918244752371666,1.1669428999302909,65376,expanding,original,PatchTST-HF-supervised-v1,5.15.0,cpu,"{""batch_size"":32,""context_length"":336,""d_model"":32,""dropout"":0.1,""ffn_dim"":64,""learning_rate"":0.001,""max_epochs"":30,""min_delta"":0.0001,""num_attention_heads"":4,""num_hidden_layers"":2,""patch_length"":24,""patch_stride"":12,""patience"":5,""prediction_length"":168,""seed"":2026,""validation_points"":1344,""weight_decay"":0.0001,""window_stride"":168}",336,24,12,168,168,379,8,2026-04-21 23:00:00+00:00,2026-04-22 00:00:00+00:00,2026-06-16 23:00:00+00:00,2026-06-16 23:00:00+00:00,2026-04-21 23:00:00+00:00,25080.771484375,4666.22412109375,7,2,True,0.3701235949993133,1.1531282999785617,0.0010519999777898,24296,True,True,,,1601.34375,2564301.8056640625,0.9229914067255471
Electricity-CISO,PatchTST,2026-06-23 23:00:00+00:00,30989.0,2026-06-24 00:00:00+00:00,1,31690.0,30804.986328125,701.0,-184.013671875,1.0,-1.0,False,1747.8571188203623,0.5063421159232399,1.1738766999915242,65544,expanding,original,PatchTST-HF-supervised-v1,5.15.0,cpu,"{""batch_size"":32,""context_length"":336,""d_model"":32,""dropout"":0.1,""ffn_dim"":64,""learning_rate"":0.001,""max_epochs"":30,""min_delta"":0.0001,""num_attention_heads"":4,""num_hidden_layers"":2,""patch_length"":24,""patch_stride"":12,""patience"":5,""prediction_length"":168,""seed"":2026,""validation_points"":1344,""weight_decay"":0.0001,""window_stride"":168}",336,24,12,168,168,380,8,2026-04-28 23:00:00+00:00,2026-04-29 00:00:00+00:00,2026-06-23 23:00:00+00:00,2026-06-23 23:00:00+00:00,2026-04-28 23:00:00+00:00,25074.671875,4662.501953125,7,2,True,0.3550984561443329,1.1609810999361798,0.0012594000436365,24296,True,True,,,885.013671875,783249.1994056702,1.2290213517839512
Electricity-CISO,PatchTST,2026-06-23 23:00:00+00:00,30989.0,2026-06-24 23:00:00+00:00,24,31544.0,29500.41796875,555.0,-1488.58203125,1.0,-1.0,False,1747.8571188203623,1.1691928414773536,1.1738766999915242,65544,expanding,original,PatchTST-HF-supervised-v1,5.15.0,cpu,"{""batch_size"":32,""context_length"":336,""d_model"":32,""dropout"":0.1,""ffn_dim"":64,""learning_rate"":0.001,""max_epochs"":30,""min_delta"":0.0001,""num_attention_heads"":4,""num_hidden_layers"":2,""patch_length"":24,""patch_stride"":12,""patience"":5,""prediction_length"":168,""seed"":2026,""validation_points"":1344,""weight_decay"":0.0001,""window_stride"":168}",336,24,12,168,168,380,8,2026-04-28 23:00:00+00:00,2026-04-29 00:00:00+00:00,2026-06-23 23:00:00+00:00,2026-06-23 23:00:00+00:00,2026-04-28 23:00:00+00:00,25074.671875,4662.501953125,7,2,True,0.3550984561443329,1.1609810999361798,0.0012594000436365,24296,True,True,,,2043.58203125,4176227.518447876,0.9492212846760705
Electricity-CISO,PatchTST,2026-06-23 23:00:00+00:00,30989.0,2026-06-30 23:00:00+00:00,168,29762.0,32372.79296875,-1227.0,1383.79296875,-1.0,1.0,False,1747.8571188203623,1.4937107505172034,1.1738766999915242,65544,expanding,original,PatchTST-HF-supervised-v1,5.15.0,cpu,"{""batch_size"":32,""context_length"":336,""d_model"":32,""dropout"":0.1,""ffn_dim"":64,""learning_rate"":0.001,""max_epochs"":30,""min_delta"":0.0001,""num_attention_heads"":4,""num_hidden_layers"":2,""patch_length"":24,""patch_stride"":12,""patience"":5,""prediction_length"":168,""seed"":2026,""validation_points"":1344,""weight_decay"":0.0001,""window_stride"":168}",336,24,12,168,168,380,8,2026-04-28 23:00:00+00:00,2026-04-29 00:00:00+00:00,2026-06-23 23:00:00+00:00,2026-06-23 23:00:00+00:00,2026-04-28 23:00:00+00:00,25074.671875,4662.501953125,7,2,True,0.3550984561443329,1.1609810999361798,0.0012594000436365,24296,True,True,,,2610.79296875,6816239.925674439,1.5652800078418199
Electricity-CISO,PatchTST,2026-06-30 23:00:00+00:00,29762.0,2026-07-01 00:00:00+00:00,1,29442.0,29535.654296875,-320.0,-226.345703125,-1.0,-1.0,True,1745.7453466373734,0.0536471697062778,1.156974900048226,65712,expanding,original,PatchTST-HF-supervised-v1,5.15.0,cpu,"{""batch_size"":32,""context_length"":336,""d_model"":32,""dropout"":0.1,""ffn_dim"":64,""learning_rate"":0.001,""max_epochs"":30,""min_delta"":0.0001,""num_attention_heads"":4,""num_hidden_layers"":2,""patch_length"":24,""patch_stride"":12,""patience"":5,""prediction_length"":168,""seed"":2026,""validation_points"":1344,""weight_decay"":0.0001,""window_stride"":168}",336,24,12,168,168,381,8,2026-05-05 23:00:00+00:00,2026-05-06 00:00:00+00:00,2026-06-30 23:00:00+00:00,2026-06-30 23:00:00+00:00,2026-05-05 23:00:00+00:00,25071.09765625,4658.33544921875,7,2,True,0.3565060198307037,1.1438664000015706,0.0010364999761804,24296,True,True,,,93.654296875,8771.127323150635,0.9584017057796367
Electricity-CISO,PatchTST,2026-06-30 23:00:00+00:00,29762.0,2026-07-01 23:00:00+00:00,24,28508.0,30148.3984375,-1254.0,386.3984375,-1.0,1.0,False,1745.7453466373734,0.9396550537337586,1.156974900048226,65712,expanding,original,PatchTST-HF-supervised-v1,5.15.0,cpu,"{""batch_size"":32,""context_length"":336,""d_model"":32,""dropout"":0.1,""ffn_dim"":64,""learning_rate"":0.001,""max_epochs"":30,""min_delta"":0.0001,""num_attention_heads"":4,""num_hidden_layers"":2,""patch_length"":24,""patch_stride"":12,""patience"":5,""prediction_length"":168,""seed"":2026,""validation_points"":1344,""weight_decay"":0.0001,""window_stride"":168}",336,24,12,168,168,381,8,2026-05-05 23:00:00+00:00,2026-05-06 00:00:00+00:00,2026-06-30 23:00:00+00:00,2026-06-30 23:00:00+00:00,2026-05-05 23:00:00+00:00,25071.09765625,4658.33544921875,7,2,True,0.3565060198307037,1.1438664000015706,0.0010364999761804,24296,True,True,,,1640.3984375,2690907.0337524414,1.0899388497454632
Electricity-CISO,PatchTST,2026-06-30 23:00:00+00:00,29762.0,2026-07-07 23:00:00+00:00,168,32102.0,30437.005859375,2340.0,675.005859375,1.0,1.0,True,1745.7453466373734,0.9537439946966406,1.156974900048226,65712,expanding,original,PatchTST-HF-supervised-v1,5.15.0,cpu,"{""batch_size"":32,""context_length"":336,""d_model"":32,""dropout"":0.1,""ffn_dim"":64,""learning_rate"":0.001,""max_epochs"":30,""min_delta"":0.0001,""num_attention_heads"":4,""num_hidden_layers"":2,""patch_length"":24,""patch_stride"":12,""patience"":5,""prediction_length"":168,""seed"":2026,""validation_points"":1344,""weight_decay"":0.0001,""window_stride"":168}",336,24,12,168,168,381,8,2026-05-05 23:00:00+00:00,2026-05-06 00:00:00+00:00,2026-06-30 23:00:00+00:00,2026-06-30 23:00:00+00:00,2026-05-05 23:00:00+00:00,25071.09765625,4658.33544921875,7,2,True,0.3565060198307037,1.1438664000015706,0.0010364999761804,24296,True,True,,,1664.994140625,2772205.4883155823,1.1518939032235038
Electricity-CISO,PatchTST,2026-07-07 23:00:00+00:00,32102.0,2026-07-08 00:00:00+00:00,1,32818.0,33061.21875,716.0,959.21875,1.0,1.0,True,1746.2536218651082,0.139280312409733,1.3241000999696553,65880,expanding,original,PatchTST-HF-supervised-v1,5.15.0,cpu,"{""batch_size"":32,""context_length"":336,""d_model"":32,""dropout"":0.1,""ffn_dim"":64,""learning_rate"":0.001,""max_epochs"":30,""min_delta"":0.0001,""num_attention_heads"":4,""num_hidden_layers"":2,""patch_length"":24,""patch_stride"":12,""patience"":5,""prediction_length"":168,""seed"":2026,""validation_points"":1344,""weight_decay"":0.0001,""window_stride"":168}",336,24,12,168,168,382,8,2026-05-12 23:00:00+00:00,2026-05-13 00:00:00+00:00,2026-07-07 23:00:00+00:00,2026-07-07 23:00:00+00:00,2026-05-12 23:00:00+00:00,25070.84375,4654.52001953125,8,3,True,0.4250504672527313,1.3131186000537127,0.0010190000757575,24296,True,True,,,243.21875,59155.3603515625,1.7166915098594202
Electricity-CISO,PatchTST,2026-07-07 23:00:00+00:00,32102.0,2026-07-08 23:00:00+00:00,24,32038.0,31910.828125,-64.0,-191.171875,-1.0,-1.0,True,1746.2536218651082,0.0728255468779915,1.3241000999696553,65880,expanding,original,PatchTST-HF-supervised-v1,5.15.0,cpu,"{""batch_size"":32,""context_length"":336,""d_model"":32,""dropout"":0.1,""ffn_dim"":64,""learning_rate"":0.001,""max_epochs"":30,""min_delta"":0.0001,""num_attention_heads"":4,""num_hidden_layers"":2,""patch_length"":24,""patch_stride"":12,""patience"":5,""prediction_length"":168,""seed"":2026,""validation_points"":1344,""weight_decay"":0.0001,""window_stride"":168}",336,24,12,168,168,382,8,2026-05-12 23:00:00+00:00,2026-05-13 00:00:00+00:00,2026-07-07 23:00:00+00:00,2026-07-07 23:00:00+00:00,2026-05-12 23:00:00+00:00,25070.84375,4654.52001953125,8,3,True,0.4250504672527313,1.3131186000537127,0.0010190000757575,24296,True,True,,,127.171875,16172.685791015623,1.4695359234245693
Electricity-CISO,PatchTST,2026-07-07 23:00:00+00:00,32102.0,2026-07-14 23:00:00+00:00,168,40097.0,32029.14453125,7995.0,-72.85546875,1.0,-1.0,False,1746.2536218651082,4.620093764004925,1.3241000999696553,65880,expanding,original,PatchTST-HF-supervised-v1,5.15.0,cpu,"{""batch_size"":32,""context_length"":336,""d_model"":32,""dropout"":0.1,""ffn_dim"":64,""learning_rate"":0.001,""max_epochs"":30,""min_delta"":0.0001,""num_attention_heads"":4,""num_hidden_layers"":2,""patch_length"":24,""patch_stride"":12,""patience"":5,""prediction_length"":168,""seed"":2026,""validation_points"":1344,""weight_decay"":0.0001,""window_stride"":168}",336,24,12,168,168,382,8,2026-05-12 23:00:00+00:00,2026-05-13 00:00:00+00:00,2026-07-07 23:00:00+00:00,2026-07-07 23:00:00+00:00,2026-05-12 23:00:00+00:00,25070.84375,4654.52001953125,8,3,True,0.4250504672527313,1.3131186000537127,0.0010190000757575,24296,True,True,,,8067.85546875,65090291.86463928,1.4949556027370487
Electricity-CISO,PatchTST,2026-07-14 23:00:00+00:00,40097.0,2026-07-15 00:00:00+00:00,1,40941.0,29684.298828125,844.0,-10412.701171875,1.0,-1.0,False,1749.180115361263,6.435415697342364,1.155584399937652,66048,expanding,original,PatchTST-HF-supervised-v1,5.15.0,cpu,"{""batch_size"":32,""context_length"":336,""d_model"":32,""dropout"":0.1,""ffn_dim"":64,""learning_rate"":0.001,""max_epochs"":30,""min_delta"":0.0001,""num_attention_heads"":4,""num_hidden_layers"":2,""patch_length"":24,""patch_stride"":12,""patience"":5,""prediction_length"":168,""seed"":2026,""validation_points"":1344,""weight_decay"":0.0001,""window_stride"":168}",336,24,12,168,168,383,8,2026-05-19 23:00:00+00:00,2026-05-20 00:00:00+00:00,2026-07-14 23:00:00+00:00,2026-07-14 23:00:00+00:00,2026-05-19 23:00:00+00:00,25069.53125,4650.38427734375,7,2,True,0.4114556014537811,1.1444083999376744,0.0010113000171259,24296,True,True,,,11256.701171875,126713321.272892,0.9923411277230849
Electricity-CISO,PatchTST,2026-07-14 23:00:00+00:00,40097.0,2026-07-15 23:00:00+00:00,24,41602.0,30395.26953125,1505.0,-9701.73046875,1.0,-1.0,False,1749.180115361263,6.406847625543378,1.155584399937652,66048,expanding,original,PatchTST-HF-supervised-v1,5.15.0,cpu,"{""batch_size"":32,""context_length"":336,""d_model"":32,""dropout"":0.1,""ffn_dim"":64,""learning_rate"":0.001,""max_epochs"":30,""min_delta"":0.0001,""num_attention_heads"":4,""num_hidden_layers"":2,""patch_length"":24,""patch_stride"":12,""patience"":5,""prediction_length"":168,""seed"":2026,""validation_points"":1344,""weight_decay"":0.0001,""window_stride"":168}",336,24,12,168,168,383,8,2026-05-19 23:00:00+00:00,2026-05-20 00:00:00+00:00,2026-07-14 23:00:00+00:00,2026-07-14 23:00:00+00:00,2026-05-19 23:00:00+00:00,25069.53125,4650.38427734375,7,2,True,0.4114556014537811,1.1444083999376744,0.0010113000171259,24296,True,True,,,11206.73046875,125590807.7992096,1.145225418724322
Electricity-CISO,PatchTST,2026-07-14 23:00:00+00:00,40097.0,2026-07-21 23:00:00+00:00,168,39295.0,30202.904296875,-802.0,-9894.095703125,-1.0,-1.0,True,1749.180115361263,5.197918512380976,1.155584399937652,66048,expanding,original,PatchTST-HF-supervised-v1,5.15.0,cpu,"{""batch_size"":32,""context_length"":336,""d_model"":32,""dropout"":0.1,""ffn_dim"":64,""learning_rate"":0.001,""max_epochs"":30,""min_delta"":0.0001,""num_attention_heads"":4,""num_hidden_layers"":2,""patch_length"":24,""patch_stride"":12,""patience"":5,""prediction_length"":168,""seed"":2026,""validation_points"":1344,""weight_decay"":0.0001,""window_stride"":168}",336,24,12,168,168,383,8,2026-05-19 23:00:00+00:00,2026-05-20 00:00:00+00:00,2026-07-14 23:00:00+00:00,2026-07-14 23:00:00+00:00,2026-05-19 23:00:00+00:00,25069.53125,4650.38427734375,7,2,True,0.4114556014537811,1.1444083999376744,0.0010113000171259,24296,True,True,,,9092.095703125,82666204.27478409,1.103859969569467
Electricity-CISO,PatchTST,2026-07-21 23:00:00+00:00,39295.0,2026-07-22 00:00:00+00:00,1,40993.0,37413.36328125,1698.0,-1881.63671875,1.0,-1.0,False,1751.1626544331396,2.044148617313191,1.5095484000630677,66216,expanding,original,PatchTST-HF-supervised-v1,5.15.0,cpu,"{""batch_size"":32,""context_length"":336,""d_model"":32,""dropout"":0.1,""ffn_dim"":64,""learning_rate"":0.001,""max_epochs"":30,""min_delta"":0.0001,""num_attention_heads"":4,""num_hidden_layers"":2,""patch_length"":24,""patch_stride"":12,""patience"":5,""prediction_length"":168,""seed"":2026,""validation_points"":1344,""weight_decay"":0.0001,""window_stride"":168}",336,24,12,168,168,384,8,2026-05-26 23:00:00+00:00,2026-05-27 00:00:00+00:00,2026-07-21 23:00:00+00:00,2026-07-21 23:00:00+00:00,2026-05-26 23:00:00+00:00,25070.408203125,4647.05908203125,9,4,True,0.5813418626785278,1.4978709000861272,0.0011550999479368,24296,True,True,,,3579.63671875,12813799.038223268,2.6560787931127057
Electricity-CISO,PatchTST,2026-07-21 23:00:00+00:00,39295.0,2026-07-22 23:00:00+00:00,24,37356.0,35864.6015625,-1939.0,-3430.3984375,-1.0,-1.0,True,1751.1626544331396,0.851661856609644,1.5095484000630677,66216,expanding,original,PatchTST-HF-supervised-v1,5.15.0,cpu,"{""batch_size"":32,""context_length"":336,""d_model"":32,""dropout"":0.1,""ffn_dim"":64,""learning_rate"":0.001,""max_epochs"":30,""min_delta"":0.0001,""num_attention_heads"":4,""num_hidden_layers"":2,""patch_length"":24,""patch_stride"":12,""patience"":5,""prediction_length"":168,""seed"":2026,""validation_points"":1344,""weight_decay"":0.0001,""window_stride"":168}",336,24,12,168,168,384,8,2026-05-26 23:00:00+00:00,2026-05-27 00:00:00+00:00,2026-07-21 23:00:00+00:00,2026-07-21 23:00:00+00:00,2026-05-26 23:00:00+00:00,25070.408203125,4647.05908203125,9,4,True,0.5813418626785278,1.4978709000861272,0.0011550999479368,24296,True,True,,,1491.3984375,2224269.2993774414,2.322800973439918
Electricity-CISO,PatchTST,2026-07-21 23:00:00+00:00,39295.0,2026-07-28 23:00:00+00:00,168,34899.0,35021.4375,-4396.0,-4273.5625,-1.0,-1.0,True,1751.1626544331396,0.0699178341258274,1.5095484000630677,66216,expanding,original,PatchTST-HF-supervised-v1,5.15.0,cpu,"{""batch_size"":32,""context_length"":336,""d_model"":32,""dropout"":0.1,""ffn_dim"":64,""learning_rate"":0.001,""max_epochs"":30,""min_delta"":0.0001,""num_attention_heads"":4,""num_hidden_layers"":2,""patch_length"":24,""patch_stride"":12,""patience"":5,""prediction_length"":168,""seed"":2026,""validation_points"":1344,""weight_decay"":0.0001,""window_stride"":168}",336,24,12,168,168,384,8,2026-05-26 23:00:00+00:00,2026-05-27 00:00:00+00:00,2026-07-21 23:00:00+00:00,2026-07-21 23:00:00+00:00,2026-05-26 23:00:00+00:00,25070.408203125,4647.05908203125,9,4,True,0.5813418626785278,1.4978709000861272,0.0011550999479368,24296,True,True,,,122.4375,14990.94140625,2.14136061565315
Electricity-CISO,PatchTST,2026-07-28 23:00:00+00:00,34899.0,2026-07-29 00:00:00+00:00,1,36922.0,37323.890625,2023.0,2424.890625,1.0,1.0,True,1750.6026640086989,0.2295727255890906,1.379979000077583,66384,expanding,original,PatchTST-HF-supervised-v1,5.15.0,cpu,"{""batch_size"":32,""context_length"":336,""d_model"":32,""dropout"":0.1,""ffn_dim"":64,""learning_rate"":0.001,""max_epochs"":30,""min_delta"":0.0001,""num_attention_heads"":4,""num_hidden_layers"":2,""patch_length"":24,""patch_stride"":12,""patience"":5,""prediction_length"":168,""seed"":2026,""validation_points"":1344,""weight_decay"":0.0001,""window_stride"":168}",336,24,12,168,168,385,8,2026-06-02 23:00:00+00:00,2026-06-03 00:00:00+00:00,2026-07-28 23:00:00+00:00,2026-07-28 23:00:00+00:00,2026-06-02 23:00:00+00:00,25069.466796875,4643.04296875,8,3,True,0.5649509429931641,1.3672464000992477,0.001118000014685,24296,True,True,,,401.890625,161516.07446289062,2.6393087271867604
Electricity-CISO,PatchTST,2026-07-28 23:00:00+00:00,34899.0,2026-07-29 23:00:00+00:00,24,35511.0,34963.84765625,612.0,64.84765625,1.0,1.0,True,1750.6026640086989,0.312550846059538,1.379979000077583,66384,expanding,original,PatchTST-HF-supervised-v1,5.15.0,cpu,"{""batch_size"":32,""context_length"":336,""d_model"":32,""dropout"":0.1,""ffn_dim"":64,""learning_rate"":0.001,""max_epochs"":30,""min_delta"":0.0001,""num_attention_heads"":4,""num_hidden_layers"":2,""patch_length"":24,""patch_stride"":12,""patience"":5,""prediction_length"":168,""seed"":2026,""validation_points"":1344,""weight_decay"":0.0001,""window_stride"":168}",336,24,12,168,168,385,8,2026-06-02 23:00:00+00:00,2026-06-03 00:00:00+00:00,2026-07-28 23:00:00+00:00,2026-07-28 23:00:00+00:00,2026-06-02 23:00:00+00:00,25069.466796875,4643.04296875,8,3,True,0.5649509429931641,1.3672464000992477,0.001118000014685,24296,True,True,,,547.15234375,299375.68727111816,2.1310121241541653
Electricity-CISO,PatchTST,2026-07-28 23:00:00+00:00,34899.0,2026-08-04 23:00:00+00:00,168,39552.0,35979.8203125,4653.0,1080.8203125,1.0,1.0,True,1750.6026640086989,2.0405428147356286,1.379979000077583,66384,expanding,original,PatchTST-HF-supervised-v1,5.15.0,cpu,"{""batch_size"":32,""context_length"":336,""d_model"":32,""dropout"":0.1,""ffn_dim"":64,""learning_rate"":0.001,""max_epochs"":30,""min_delta"":0.0001,""num_attention_heads"":4,""num_hidden_layers"":2,""patch_length"":24,""patch_stride"":12,""patience"":5,""prediction_length"":168,""seed"":2026,""validation_points"":1344,""weight_decay"":0.0001,""window_stride"":168}",336,24,12,168,168,385,8,2026-06-02 23:00:00+00:00,2026-06-03 00:00:00+00:00,2026-07-28 23:00:00+00:00,2026-07-28 23:00:00+00:00,2026-06-02 23:00:00+00:00,25069.466796875,4643.04296875,8,3,True,0.5649509429931641,1.3672464000992477,0.001118000014685,24296,True,True,,,3572.1796875,12760467.719787598,2.349828246056979
Electricity-CISO,PatchTST,2026-08-04 23:00:00+00:00,39552.0,2026-08-05 00:00:00+00:00,1,39877.0,39025.5703125,325.0,-526.4296875,1.0,-1.0,False,1749.927151120752,0.4865515041324414,2.6833143000258133,66552,expanding,original,PatchTST-HF-supervised-v1,5.15.0,cpu,"{""batch_size"":32,""context_length"":336,""d_model"":32,""dropout"":0.1,""ffn_dim"":64,""learning_rate"":0.001,""max_epochs"":30,""min_delta"":0.0001,""num_attention_heads"":4,""num_hidden_layers"":2,""patch_length"":24,""patch_stride"":12,""patience"":5,""prediction_length"":168,""seed"":2026,""validation_points"":1344,""weight_decay"":0.0001,""window_stride"":168}",336,24,12,168,168,386,8,2026-06-09 23:00:00+00:00,2026-06-10 00:00:00+00:00,2026-08-04 23:00:00+00:00,2026-08-04 23:00:00+00:00,2026-06-09 23:00:00+00:00,25073.83203125,4640.58544921875,16,11,True,0.6338602900505066,2.671809900086373,0.0010498000774532,24296,True,True,,,851.4296875,724932.5127563477,3.0064608084307114
Electricity-CISO,PatchTST,2026-08-04 23:00:00+00:00,39552.0,2026-08-05 23:00:00+00:00,24,38797.0,38058.5,-755.0,-1493.5,-1.0,-1.0,True,1749.927151120752,0.4220175677181893,2.6833143000258133,66552,expanding,original,PatchTST-HF-supervised-v1,5.15.0,cpu,"{""batch_size"":32,""context_length"":336,""d_model"":32,""dropout"":0.1,""ffn_dim"":64,""learning_rate"":0.001,""max_epochs"":30,""min_delta"":0.0001,""num_attention_heads"":4,""num_hidden_layers"":2,""patch_length"":24,""patch_stride"":12,""patience"":5,""prediction_length"":168,""seed"":2026,""validation_points"":1344,""weight_decay"":0.0001,""window_stride"":168}",336,24,12,168,168,386,8,2026-06-09 23:00:00+00:00,2026-06-10 00:00:00+00:00,2026-08-04 23:00:00+00:00,2026-08-04 23:00:00+00:00,2026-06-09 23:00:00+00:00,25073.83203125,4640.58544921875,16,11,True,0.6338602900505066,2.671809900086373,0.0010498000774532,24296,True,True,,,738.5,545382.25,2.798066776452956
Electricity-CISO,PatchTST,2026-08-04 23:00:00+00:00,39552.0,2026-08-11 23:00:00+00:00,168,37273.0,36908.609375,-2279.0,-2643.390625,-1.0,-1.0,True,1749.927151120752,0.2082318825481527,2.6833143000258133,66552,expanding,original,PatchTST-HF-supervised-v1,5.15.0,cpu,"{""batch_size"":32,""context_length"":336,""d_model"":32,""dropout"":0.1,""ffn_dim"":64,""learning_rate"":0.001,""max_epochs"":30,""min_delta"":0.0001,""num_attention_heads"":4,""num_hidden_layers"":2,""patch_length"":24,""patch_stride"":12,""patience"":5,""prediction_length"":168,""seed"":2026,""validation_points"":1344,""weight_decay"":0.0001,""window_stride"":168}",336,24,12,168,168,386,8,2026-06-09 23:00:00+00:00,2026-06-10 00:00:00+00:00,2026-08-04 23:00:00+00:00,2026-08-04 23:00:00+00:00,2026-06-09 23:00:00+00:00,25073.83203125,4640.58544921875,16,11,True,0.6338602900505066,2.671809900086373,0.0010498000774532,24296,True,True,,,364.390625,132780.52758789062,2.550276785818566
