dataset,model,origin,origin_actual,forecast_date,horizon,actual,forecast,actual_change,predicted_change,actual_direction,predicted_direction,direction_correct,mase_scale,scaled_absolute_error,elapsed_seconds,train_size,window,model_identifier,model_revision,chronos_package_version,device,history_length,context_length,max_context_length,context_truncated,context_end,point_forecast_method,inference_elapsed_seconds,inference_batch_size,forecast_is_finite,inference_warning,inference_exception
Electricity-CISO,Chronos-2,2024-12-31 23:00:00+00:00,24419.0,2025-01-01 00:00:00+00:00,1,23877.0,23746.03515625,-542.0,-672.96484375,-1.0,-1.0,True,1787.9697749809307,0.07324779511521484,8.100061677396297e-06,52608,expanding,amazon/chronos-2,29ec3766d36d6f73f0696f85560a422f50e8498c,2.3.1,cpu,52608,8192,8192,True,2024-12-31 23:00:00+00:00,standard predictions output (trained 0.5 quantile),0.6566526625101687,8,True,,
Electricity-CISO,Chronos-2,2024-12-31 23:00:00+00:00,24419.0,2025-01-01 23:00:00+00:00,24,23003.0,23867.845703125,-1416.0,-551.154296875,-1.0,-1.0,True,1787.9697749809307,0.4837026415249239,8.100061677396297e-06,52608,expanding,amazon/chronos-2,29ec3766d36d6f73f0696f85560a422f50e8498c,2.3.1,cpu,52608,8192,8192,True,2024-12-31 23:00:00+00:00,standard predictions output (trained 0.5 quantile),0.6566526625101687,8,True,,
Electricity-CISO,Chronos-2,2024-12-31 23:00:00+00:00,24419.0,2025-01-07 23:00:00+00:00,168,24159.0,25525.994140625,-260.0,1106.994140625,-1.0,1.0,False,1787.9697749809307,0.7645510342251616,8.100061677396297e-06,52608,expanding,amazon/chronos-2,29ec3766d36d6f73f0696f85560a422f50e8498c,2.3.1,cpu,52608,8192,8192,True,2024-12-31 23:00:00+00:00,standard predictions output (trained 0.5 quantile),0.6566526625101687,8,True,,
Electricity-CISO,Chronos-2,2025-01-07 23:00:00+00:00,24159.0,2025-01-08 00:00:00+00:00,1,24153.0,23920.482421875,-6.0,-238.517578125,-1.0,-1.0,True,1784.615438716545,0.13029001827543382,4.899920895695686e-06,52776,expanding,amazon/chronos-2,29ec3766d36d6f73f0696f85560a422f50e8498c,2.3.1,cpu,52776,8192,8192,True,2025-01-07 23:00:00+00:00,standard predictions output (trained 0.5 quantile),0.6566526625101687,8,True,,
Electricity-CISO,Chronos-2,2025-01-07 23:00:00+00:00,24159.0,2025-01-08 23:00:00+00:00,24,23784.0,24850.58203125,-375.0,691.58203125,-1.0,1.0,False,1784.615438716545,0.597653706289273,4.899920895695686e-06,52776,expanding,amazon/chronos-2,29ec3766d36d6f73f0696f85560a422f50e8498c,2.3.1,cpu,52776,8192,8192,True,2025-01-07 23:00:00+00:00,standard predictions output (trained 0.5 quantile),0.6566526625101687,8,True,,
Electricity-CISO,Chronos-2,2025-01-07 23:00:00+00:00,24159.0,2025-01-14 23:00:00+00:00,168,24913.0,25531.833984375,754.0,1372.833984375,1.0,1.0,True,1784.615438716545,0.34676041176694705,4.899920895695686e-06,52776,expanding,amazon/chronos-2,29ec3766d36d6f73f0696f85560a422f50e8498c,2.3.1,cpu,52776,8192,8192,True,2025-01-07 23:00:00+00:00,standard predictions output (trained 0.5 quantile),0.6566526625101687,8,True,,
Electricity-CISO,Chronos-2,2025-01-14 23:00:00+00:00,24913.0,2025-01-15 00:00:00+00:00,1,24813.0,25011.5703125,-100.0,98.5703125,-1.0,1.0,False,1781.6639760497196,0.11145216784383064,4.100031219422817e-06,52944,expanding,amazon/chronos-2,29ec3766d36d6f73f0696f85560a422f50e8498c,2.3.1,cpu,52944,8192,8192,True,2025-01-14 23:00:00+00:00,standard predictions output (trained 0.5 quantile),0.6566526625101687,8,True,,
Electricity-CISO,Chronos-2,2025-01-14 23:00:00+00:00,24913.0,2025-01-15 23:00:00+00:00,24,24075.0,24935.138671875,-838.0,22.138671875,-1.0,1.0,False,1781.6639760497196,0.48277266838053684,4.100031219422817e-06,52944,expanding,amazon/chronos-2,29ec3766d36d6f73f0696f85560a422f50e8498c,2.3.1,cpu,52944,8192,8192,True,2025-01-14 23:00:00+00:00,standard predictions output (trained 0.5 quantile),0.6566526625101687,8,True,,
Electricity-CISO,Chronos-2,2025-01-14 23:00:00+00:00,24913.0,2025-01-21 23:00:00+00:00,168,24199.0,24836.234375,-714.0,-76.765625,-1.0,-1.0,True,1781.6639760497196,0.357662490551595,4.100031219422817e-06,52944,expanding,amazon/chronos-2,29ec3766d36d6f73f0696f85560a422f50e8498c,2.3.1,cpu,52944,8192,8192,True,2025-01-14 23:00:00+00:00,standard predictions output (trained 0.5 quantile),0.6566526625101687,8,True,,
Electricity-CISO,Chronos-2,2025-01-21 23:00:00+00:00,24199.0,2025-01-22 00:00:00+00:00,1,24040.0,24526.33203125,-159.0,327.33203125,-1.0,1.0,False,1778.3319734058628,0.2734765153654503,4.200031980872154e-06,53112,expanding,amazon/chronos-2,29ec3766d36d6f73f0696f85560a422f50e8498c,2.3.1,cpu,53112,8192,8192,True,2025-01-21 23:00:00+00:00,standard predictions output (trained 0.5 quantile),0.6566526625101687,8,True,,
Electricity-CISO,Chronos-2,2025-01-21 23:00:00+00:00,24199.0,2025-01-22 23:00:00+00:00,24,25321.0,24331.607421875,1122.0,132.607421875,1.0,1.0,True,1778.3319734058628,0.5563598883228279,4.200031980872154e-06,53112,expanding,amazon/chronos-2,29ec3766d36d6f73f0696f85560a422f50e8498c,2.3.1,cpu,53112,8192,8192,True,2025-01-21 23:00:00+00:00,standard predictions output (trained 0.5 quantile),0.6566526625101687,8,True,,
Electricity-CISO,Chronos-2,2025-01-21 23:00:00+00:00,24199.0,2025-01-28 23:00:00+00:00,168,22568.0,24296.779296875,-1631.0,97.779296875,-1.0,1.0,False,1778.3319734058628,0.9721353058529565,4.200031980872154e-06,53112,expanding,amazon/chronos-2,29ec3766d36d6f73f0696f85560a422f50e8498c,2.3.1,cpu,53112,8192,8192,True,2025-01-21 23:00:00+00:00,standard predictions output (trained 0.5 quantile),0.6566526625101687,8,True,,
Electricity-CISO,Chronos-2,2025-01-28 23:00:00+00:00,22568.0,2025-01-29 00:00:00+00:00,1,22713.0,22703.72265625,145.0,135.72265625,1.0,1.0,True,1774.7921750263595,0.005227284569170591,4.100031219422817e-06,53280,expanding,amazon/chronos-2,29ec3766d36d6f73f0696f85560a422f50e8498c,2.3.1,cpu,53280,8192,8192,True,2025-01-28 23:00:00+00:00,standard predictions output (trained 0.5 quantile),0.6566526625101687,8,True,,
Electricity-CISO,Chronos-2,2025-01-28 23:00:00+00:00,22568.0,2025-01-29 23:00:00+00:00,24,23347.0,23415.03125,779.0,847.03125,1.0,1.0,True,1774.7921750263595,0.03833195286596843,4.100031219422817e-06,53280,expanding,amazon/chronos-2,29ec3766d36d6f73f0696f85560a422f50e8498c,2.3.1,cpu,53280,8192,8192,True,2025-01-28 23:00:00+00:00,standard predictions output (trained 0.5 quantile),0.6566526625101687,8,True,,
Electricity-CISO,Chronos-2,2025-01-28 23:00:00+00:00,22568.0,2025-02-04 23:00:00+00:00,168,26449.0,23753.779296875,3881.0,1185.779296875,1.0,1.0,True,1774.7921750263595,1.5186120048590874,4.100031219422817e-06,53280,expanding,amazon/chronos-2,29ec3766d36d6f73f0696f85560a422f50e8498c,2.3.1,cpu,53280,8192,8192,True,2025-01-28 23:00:00+00:00,standard predictions output (trained 0.5 quantile),0.6566526625101687,8,True,,
Electricity-CISO,Chronos-2,2025-02-04 23:00:00+00:00,26449.0,2025-02-05 00:00:00+00:00,1,26489.0,25844.8984375,40.0,-604.1015625,1.0,-1.0,False,1772.6428678678678,0.3633566434477151,4.00003045797348e-06,53448,expanding,amazon/chronos-2,29ec3766d36d6f73f0696f85560a422f50e8498c,2.3.1,cpu,53448,8192,8192,True,2025-02-04 23:00:00+00:00,standard predictions output (trained 0.5 quantile),0.6566526625101687,8,True,,
Electricity-CISO,Chronos-2,2025-02-04 23:00:00+00:00,26449.0,2025-02-05 23:00:00+00:00,24,23875.0,26095.7890625,-2574.0,-353.2109375,-1.0,-1.0,True,1772.6428678678678,1.252812454643592,4.00003045797348e-06,53448,expanding,amazon/chronos-2,29ec3766d36d6f73f0696f85560a422f50e8498c,2.3.1,cpu,53448,8192,8192,True,2025-02-04 23:00:00+00:00,standard predictions output (trained 0.5 quantile),0.6566526625101687,8,True,,
Electricity-CISO,Chronos-2,2025-02-04 23:00:00+00:00,26449.0,2025-02-11 23:00:00+00:00,168,25624.0,25048.90625,-825.0,-1400.09375,-1.0,-1.0,True,1772.6428678678678,0.32442730593090185,4.00003045797348e-06,53448,expanding,amazon/chronos-2,29ec3766d36d6f73f0696f85560a422f50e8498c,2.3.1,cpu,53448,8192,8192,True,2025-02-04 23:00:00+00:00,standard predictions output (trained 0.5 quantile),0.6566526625101687,8,True,,
Electricity-CISO,Chronos-2,2025-02-11 23:00:00+00:00,25624.0,2025-02-12 00:00:00+00:00,1,25743.0,25591.046875,119.0,-32.953125,1.0,-1.0,False,1770.570629396797,0.08582155519645542,3.8000289350748062e-06,53616,expanding,amazon/chronos-2,29ec3766d36d6f73f0696f85560a422f50e8498c,2.3.1,cpu,53616,8192,8192,True,2025-02-11 23:00:00+00:00,standard predictions output (trained 0.5 quantile),0.6566526625101687,8,True,,
Electricity-CISO,Chronos-2,2025-02-11 23:00:00+00:00,25624.0,2025-02-12 23:00:00+00:00,24,27192.0,24502.755859375,1568.0,-1121.244140625,1.0,-1.0,False,1770.570629396797,1.5188573084718904,3.8000289350748062e-06,53616,expanding,amazon/chronos-2,29ec3766d36d6f73f0696f85560a422f50e8498c,2.3.1,cpu,53616,8192,8192,True,2025-02-11 23:00:00+00:00,standard predictions output (trained 0.5 quantile),0.6566526625101687,8,True,,
Electricity-CISO,Chronos-2,2025-02-11 23:00:00+00:00,25624.0,2025-02-18 23:00:00+00:00,168,21773.0,24025.865234375,-3851.0,-1598.134765625,-1.0,-1.0,True,1770.570629396797,1.2723950103829027,3.8000289350748062e-06,53616,expanding,amazon/chronos-2,29ec3766d36d6f73f0696f85560a422f50e8498c,2.3.1,cpu,53616,8192,8192,True,2025-02-11 23:00:00+00:00,standard predictions output (trained 0.5 quantile),0.6566526625101687,8,True,,
Electricity-CISO,Chronos-2,2025-02-18 23:00:00+00:00,21773.0,2025-02-19 00:00:00+00:00,1,21552.0,21651.798828125,-221.0,-121.201171875,-1.0,-1.0,True,1767.9873545210385,0.0564477047133837,3.300025127828121e-06,53784,expanding,amazon/chronos-2,29ec3766d36d6f73f0696f85560a422f50e8498c,2.3.1,cpu,53784,8192,8192,True,2025-02-18 23:00:00+00:00,standard predictions output (trained 0.5 quantile),0.6566526625101687,8,True,,
Electricity-CISO,Chronos-2,2025-02-18 23:00:00+00:00,21773.0,2025-02-19 23:00:00+00:00,24,23458.0,22243.6953125,1685.0,470.6953125,1.0,1.0,True,1767.9873545210385,0.6868288307576524,3.300025127828121e-06,53784,expanding,amazon/chronos-2,29ec3766d36d6f73f0696f85560a422f50e8498c,2.3.1,cpu,53784,8192,8192,True,2025-02-18 23:00:00+00:00,standard predictions output (trained 0.5 quantile),0.6566526625101687,8,True,,
Electricity-CISO,Chronos-2,2025-02-18 23:00:00+00:00,21773.0,2025-02-25 23:00:00+00:00,168,22170.0,22465.0078125,397.0,692.0078125,1.0,1.0,True,1767.9873545210385,0.16686081591342597,3.300025127828121e-06,53784,expanding,amazon/chronos-2,29ec3766d36d6f73f0696f85560a422f50e8498c,2.3.1,cpu,53784,8192,8192,True,2025-02-18 23:00:00+00:00,standard predictions output (trained 0.5 quantile),0.6566526625101687,8,True,,
Electricity-CISO,Chronos-2,2025-02-25 23:00:00+00:00,22170.0,2025-02-26 00:00:00+00:00,1,22080.0,21843.623046875,-90.0,-326.376953125,-1.0,-1.0,True,1767.380633645694,0.1337442249988954,3.200024366378784e-06,53952,expanding,amazon/chronos-2,29ec3766d36d6f73f0696f85560a422f50e8498c,2.3.1,cpu,53952,8192,8192,True,2025-02-25 23:00:00+00:00,standard predictions output (trained 0.5 quantile),0.6302211375004845,8,True,,
Electricity-CISO,Chronos-2,2025-02-25 23:00:00+00:00,22170.0,2025-02-26 23:00:00+00:00,24,21051.0,22038.4453125,-1119.0,-131.5546875,-1.0,-1.0,True,1767.380633645694,0.5587055180428965,3.200024366378784e-06,53952,expanding,amazon/chronos-2,29ec3766d36d6f73f0696f85560a422f50e8498c,2.3.1,cpu,53952,8192,8192,True,2025-02-25 23:00:00+00:00,standard predictions output (trained 0.5 quantile),0.6302211375004845,8,True,,
Electricity-CISO,Chronos-2,2025-02-25 23:00:00+00:00,22170.0,2025-03-04 23:00:00+00:00,168,21596.0,21972.9375,-574.0,-197.0625,-1.0,-1.0,True,1767.380633645694,0.21327465788875702,3.200024366378784e-06,53952,expanding,amazon/chronos-2,29ec3766d36d6f73f0696f85560a422f50e8498c,2.3.1,cpu,53952,8192,8192,True,2025-02-25 23:00:00+00:00,standard predictions output (trained 0.5 quantile),0.6302211375004845,8,True,,
Electricity-CISO,Chronos-2,2025-03-04 23:00:00+00:00,21596.0,2025-03-05 00:00:00+00:00,1,21649.0,21468.0703125,53.0,-127.9296875,1.0,-1.0,False,1764.372052935943,0.10254622158570816,3.400025889277458e-06,54120,expanding,amazon/chronos-2,29ec3766d36d6f73f0696f85560a422f50e8498c,2.3.1,cpu,54120,8192,8192,True,2025-03-04 23:00:00+00:00,standard predictions output (trained 0.5 quantile),0.6302211375004845,8,True,,
Electricity-CISO,Chronos-2,2025-03-04 23:00:00+00:00,21596.0,2025-03-05 23:00:00+00:00,24,25647.0,22032.482421875,4051.0,436.482421875,1.0,1.0,True,1764.372052935943,2.048614163951637,3.400025889277458e-06,54120,expanding,amazon/chronos-2,29ec3766d36d6f73f0696f85560a422f50e8498c,2.3.1,cpu,54120,8192,8192,True,2025-03-04 23:00:00+00:00,standard predictions output (trained 0.5 quantile),0.6302211375004845,8,True,,
Electricity-CISO,Chronos-2,2025-03-04 23:00:00+00:00,21596.0,2025-03-11 23:00:00+00:00,168,21750.0,22081.462890625,154.0,485.462890625,1.0,1.0,True,1764.372052935943,0.18786450968402074,3.400025889277458e-06,54120,expanding,amazon/chronos-2,29ec3766d36d6f73f0696f85560a422f50e8498c,2.3.1,cpu,54120,8192,8192,True,2025-03-04 23:00:00+00:00,standard predictions output (trained 0.5 quantile),0.6302211375004845,8,True,,
Electricity-CISO,Chronos-2,2025-03-11 23:00:00+00:00,21750.0,2025-03-12 00:00:00+00:00,1,22433.0,21141.333984375,683.0,-608.666015625,1.0,-1.0,False,1763.110384331116,0.732606436388853,3.300025127828121e-06,54288,expanding,amazon/chronos-2,29ec3766d36d6f73f0696f85560a422f50e8498c,2.3.1,cpu,54288,8192,8192,True,2025-03-11 23:00:00+00:00,standard predictions output (trained 0.5 quantile),0.6302211375004845,8,True,,
Electricity-CISO,Chronos-2,2025-03-11 23:00:00+00:00,21750.0,2025-03-12 23:00:00+00:00,24,24698.0,21131.75,2948.0,-618.25,1.0,-1.0,False,1763.110384331116,2.022703757911876,3.300025127828121e-06,54288,expanding,amazon/chronos-2,29ec3766d36d6f73f0696f85560a422f50e8498c,2.3.1,cpu,54288,8192,8192,True,2025-03-11 23:00:00+00:00,standard predictions output (trained 0.5 quantile),0.6302211375004845,8,True,,
Electricity-CISO,Chronos-2,2025-03-11 23:00:00+00:00,21750.0,2025-03-18 23:00:00+00:00,168,19448.0,20767.33984375,-2302.0,-982.66015625,-1.0,-1.0,True,1763.110384331116,0.7483024633483328,3.300025127828121e-06,54288,expanding,amazon/chronos-2,29ec3766d36d6f73f0696f85560a422f50e8498c,2.3.1,cpu,54288,8192,8192,True,2025-03-11 23:00:00+00:00,standard predictions output (trained 0.5 quantile),0.6302211375004845,8,True,,
Electricity-CISO,Chronos-2,2025-03-18 23:00:00+00:00,19448.0,2025-03-19 00:00:00+00:00,1,19269.0,19187.052734375,-179.0,-260.947265625,-1.0,-1.0,True,1761.0321249631595,0.04653365742928416,3.5999109968543053e-06,54456,expanding,amazon/chronos-2,29ec3766d36d6f73f0696f85560a422f50e8498c,2.3.1,cpu,54456,8192,8192,True,2025-03-18 23:00:00+00:00,standard predictions output (trained 0.5 quantile),0.6302211375004845,8,True,,
Electricity-CISO,Chronos-2,2025-03-18 23:00:00+00:00,19448.0,2025-03-19 23:00:00+00:00,24,21148.0,20855.69921875,1700.0,1407.69921875,1.0,1.0,True,1761.0321249631595,0.1659826513704938,3.5999109968543053e-06,54456,expanding,amazon/chronos-2,29ec3766d36d6f73f0696f85560a422f50e8498c,2.3.1,cpu,54456,8192,8192,True,2025-03-18 23:00:00+00:00,standard predictions output (trained 0.5 quantile),0.6302211375004845,8,True,,
Electricity-CISO,Chronos-2,2025-03-18 23:00:00+00:00,19448.0,2025-03-25 23:00:00+00:00,168,21937.0,21020.10546875,2489.0,1572.10546875,1.0,1.0,True,1761.0321249631595,0.5206574702714076,3.5999109968543053e-06,54456,expanding,amazon/chronos-2,29ec3766d36d6f73f0696f85560a422f50e8498c,2.3.1,cpu,54456,8192,8192,True,2025-03-18 23:00:00+00:00,standard predictions output (trained 0.5 quantile),0.6302211375004845,8,True,,
Electricity-CISO,Chronos-2,2025-03-25 23:00:00+00:00,21937.0,2025-03-26 00:00:00+00:00,1,22845.0,22840.357421875,908.0,903.357421875,1.0,1.0,True,1760.4323306889967,0.0026371806766256056,3.00002284348011e-06,54624,expanding,amazon/chronos-2,29ec3766d36d6f73f0696f85560a422f50e8498c,2.3.1,cpu,54624,8192,8192,True,2025-03-25 23:00:00+00:00,standard predictions output (trained 0.5 quantile),0.6302211375004845,8,True,,
Electricity-CISO,Chronos-2,2025-03-25 23:00:00+00:00,21937.0,2025-03-26 23:00:00+00:00,24,24147.0,21670.54296875,2210.0,-266.45703125,1.0,-1.0,False,1760.4323306889967,1.4067323055131384,3.00002284348011e-06,54624,expanding,amazon/chronos-2,29ec3766d36d6f73f0696f85560a422f50e8498c,2.3.1,cpu,54624,8192,8192,True,2025-03-25 23:00:00+00:00,standard predictions output (trained 0.5 quantile),0.6302211375004845,8,True,,
Electricity-CISO,Chronos-2,2025-03-25 23:00:00+00:00,21937.0,2025-04-01 23:00:00+00:00,168,23846.0,21232.318359375,1909.0,-704.681640625,1.0,-1.0,False,1760.4323306889967,1.4846816858913625,3.00002284348011e-06,54624,expanding,amazon/chronos-2,29ec3766d36d6f73f0696f85560a422f50e8498c,2.3.1,cpu,54624,8192,8192,True,2025-03-25 23:00:00+00:00,standard predictions output (trained 0.5 quantile),0.6302211375004845,8,True,,
Electricity-CISO,Chronos-2,2025-04-01 23:00:00+00:00,23846.0,2025-04-02 00:00:00+00:00,1,23497.0,23333.640625,-349.0,-512.359375,-1.0,-1.0,True,1758.8729679261862,0.09287730153281634,3.8000289350748062e-06,54792,expanding,amazon/chronos-2,29ec3766d36d6f73f0696f85560a422f50e8498c,2.3.1,cpu,54792,8192,8192,True,2025-04-01 23:00:00+00:00,standard predictions output (trained 0.5 quantile),0.6302211375004845,8,True,,
Electricity-CISO,Chronos-2,2025-04-01 23:00:00+00:00,23846.0,2025-04-02 23:00:00+00:00,24,22052.0,23352.470703125,-1794.0,-493.529296875,-1.0,-1.0,True,1758.8729679261862,0.7393772755847915,3.8000289350748062e-06,54792,expanding,amazon/chronos-2,29ec3766d36d6f73f0696f85560a422f50e8498c,2.3.1,cpu,54792,8192,8192,True,2025-04-01 23:00:00+00:00,standard predictions output (trained 0.5 quantile),0.6302211375004845,8,True,,
Electricity-CISO,Chronos-2,2025-04-01 23:00:00+00:00,23846.0,2025-04-08 23:00:00+00:00,168,21312.0,22747.833984375,-2534.0,-1098.166015625,-1.0,-1.0,True,1758.8729679261862,0.8163375130313885,3.8000289350748062e-06,54792,expanding,amazon/chronos-2,29ec3766d36d6f73f0696f85560a422f50e8498c,2.3.1,cpu,54792,8192,8192,True,2025-04-01 23:00:00+00:00,standard predictions output (trained 0.5 quantile),0.6302211375004845,8,True,,
Electricity-CISO,Chronos-2,2025-04-08 23:00:00+00:00,21312.0,2025-04-09 00:00:00+00:00,1,21622.0,21344.13671875,310.0,32.13671875,1.0,1.0,True,1756.3358884508687,0.1582062309818666,3.500026650726795e-06,54960,expanding,amazon/chronos-2,29ec3766d36d6f73f0696f85560a422f50e8498c,2.3.1,cpu,54960,8192,8192,True,2025-04-08 23:00:00+00:00,standard predictions output (trained 0.5 quantile),0.6302211375004845,8,True,,
Electricity-CISO,Chronos-2,2025-04-08 23:00:00+00:00,21312.0,2025-04-09 23:00:00+00:00,24,22753.0,21607.619140625,1441.0,295.619140625,1.0,1.0,True,1756.3358884508687,0.6521422621416989,3.500026650726795e-06,54960,expanding,amazon/chronos-2,29ec3766d36d6f73f0696f85560a422f50e8498c,2.3.1,cpu,54960,8192,8192,True,2025-04-08 23:00:00+00:00,standard predictions output (trained 0.5 quantile),0.6302211375004845,8,True,,
Electricity-CISO,Chronos-2,2025-04-08 23:00:00+00:00,21312.0,2025-04-15 23:00:00+00:00,168,24220.0,21559.3515625,2908.0,247.3515625,1.0,1.0,True,1756.3358884508687,1.5148858797429443,3.500026650726795e-06,54960,expanding,amazon/chronos-2,29ec3766d36d6f73f0696f85560a422f50e8498c,2.3.1,cpu,54960,8192,8192,True,2025-04-08 23:00:00+00:00,standard predictions output (trained 0.5 quantile),0.6302211375004845,8,True,,
Electricity-CISO,Chronos-2,2025-04-15 23:00:00+00:00,24220.0,2025-04-16 00:00:00+00:00,1,23627.0,24124.619140625,-593.0,-95.380859375,-1.0,-1.0,True,1754.75576783115,0.28358313432988413,3.300025127828121e-06,55128,expanding,amazon/chronos-2,29ec3766d36d6f73f0696f85560a422f50e8498c,2.3.1,cpu,55128,8192,8192,True,2025-04-15 23:00:00+00:00,standard predictions output (trained 0.5 quantile),0.6302211375004845,8,True,,
Electricity-CISO,Chronos-2,2025-04-15 23:00:00+00:00,24220.0,2025-04-16 23:00:00+00:00,24,24528.0,24018.896484375,308.0,-201.103515625,1.0,-1.0,False,1754.75576783115,0.2901278485348669,3.300025127828121e-06,55128,expanding,amazon/chronos-2,29ec3766d36d6f73f0696f85560a422f50e8498c,2.3.1,cpu,55128,8192,8192,True,2025-04-15 23:00:00+00:00,standard predictions output (trained 0.5 quantile),0.6302211375004845,8,True,,
Electricity-CISO,Chronos-2,2025-04-15 23:00:00+00:00,24220.0,2025-04-22 23:00:00+00:00,168,22038.0,23160.806640625,-2182.0,-1059.193359375,-1.0,-1.0,True,1754.75576783115,0.6398649095268517,3.300025127828121e-06,55128,expanding,amazon/chronos-2,29ec3766d36d6f73f0696f85560a422f50e8498c,2.3.1,cpu,55128,8192,8192,True,2025-04-15 23:00:00+00:00,standard predictions output (trained 0.5 quantile),0.6302211375004845,8,True,,
Electricity-CISO,Chronos-2,2025-04-22 23:00:00+00:00,22038.0,2025-04-23 00:00:00+00:00,1,22677.0,22210.09765625,639.0,172.09765625,1.0,1.0,True,1753.175754607459,0.2663180474193477,3.500026650726795e-06,55296,expanding,amazon/chronos-2,29ec3766d36d6f73f0696f85560a422f50e8498c,2.3.1,cpu,55296,8192,8192,True,2025-04-22 23:00:00+00:00,standard predictions output (trained 0.5 quantile),0.6356984625017503,8,True,,
Electricity-CISO,Chronos-2,2025-04-22 23:00:00+00:00,22038.0,2025-04-23 23:00:00+00:00,24,22657.0,22383.80078125,619.0,345.80078125,1.0,1.0,True,1753.175754607459,0.15583105004276657,3.500026650726795e-06,55296,expanding,amazon/chronos-2,29ec3766d36d6f73f0696f85560a422f50e8498c,2.3.1,cpu,55296,8192,8192,True,2025-04-22 23:00:00+00:00,standard predictions output (trained 0.5 quantile),0.6356984625017503,8,True,,
Electricity-CISO,Chronos-2,2025-04-22 23:00:00+00:00,22038.0,2025-04-29 23:00:00+00:00,168,21404.0,22282.357421875,-634.0,244.357421875,-1.0,1.0,False,1753.175754607459,0.5010093366661157,3.500026650726795e-06,55296,expanding,amazon/chronos-2,29ec3766d36d6f73f0696f85560a422f50e8498c,2.3.1,cpu,55296,8192,8192,True,2025-04-22 23:00:00+00:00,standard predictions output (trained 0.5 quantile),0.6356984625017503,8,True,,
Electricity-CISO,Chronos-2,2025-04-29 23:00:00+00:00,21404.0,2025-04-30 00:00:00+00:00,1,21885.0,21179.400390625,481.0,-224.599609375,1.0,-1.0,False,1750.9233036747685,0.402987159913924,3.600027412176132e-06,55464,expanding,amazon/chronos-2,29ec3766d36d6f73f0696f85560a422f50e8498c,2.3.1,cpu,55464,8192,8192,True,2025-04-29 23:00:00+00:00,standard predictions output (trained 0.5 quantile),0.6356984625017503,8,True,,
Electricity-CISO,Chronos-2,2025-04-29 23:00:00+00:00,21404.0,2025-04-30 23:00:00+00:00,24,22170.0,21944.244140625,766.0,540.244140625,1.0,1.0,True,1750.9233036747685,0.12893532166782665,3.600027412176132e-06,55464,expanding,amazon/chronos-2,29ec3766d36d6f73f0696f85560a422f50e8498c,2.3.1,cpu,55464,8192,8192,True,2025-04-29 23:00:00+00:00,standard predictions output (trained 0.5 quantile),0.6356984625017503,8,True,,
Electricity-CISO,Chronos-2,2025-04-29 23:00:00+00:00,21404.0,2025-05-06 23:00:00+00:00,168,25716.0,22614.935546875,4312.0,1210.935546875,1.0,1.0,True,1750.9233036747685,1.7711023930155072,3.600027412176132e-06,55464,expanding,amazon/chronos-2,29ec3766d36d6f73f0696f85560a422f50e8498c,2.3.1,cpu,55464,8192,8192,True,2025-04-29 23:00:00+00:00,standard predictions output (trained 0.5 quantile),0.6356984625017503,8,True,,
Electricity-CISO,Chronos-2,2025-05-06 23:00:00+00:00,25716.0,2025-05-07 00:00:00+00:00,1,25666.0,25403.341796875,-50.0,-312.658203125,-1.0,-1.0,True,1747.8632626568585,0.1502738851125823,7.70005863159895e-06,55632,expanding,amazon/chronos-2,29ec3766d36d6f73f0696f85560a422f50e8498c,2.3.1,cpu,55632,8192,8192,True,2025-05-06 23:00:00+00:00,standard predictions output (trained 0.5 quantile),0.6356984625017503,8,True,,
Electricity-CISO,Chronos-2,2025-05-06 23:00:00+00:00,25716.0,2025-05-07 23:00:00+00:00,24,23078.0,24281.685546875,-2638.0,-1434.314453125,-1.0,-1.0,True,1747.8632626568585,0.6886611627990422,7.70005863159895e-06,55632,expanding,amazon/chronos-2,29ec3766d36d6f73f0696f85560a422f50e8498c,2.3.1,cpu,55632,8192,8192,True,2025-05-06 23:00:00+00:00,standard predictions output (trained 0.5 quantile),0.6356984625017503,8,True,,
Electricity-CISO,Chronos-2,2025-05-06 23:00:00+00:00,25716.0,2025-05-13 23:00:00+00:00,168,22753.0,23011.322265625,-2963.0,-2704.677734375,-1.0,-1.0,True,1747.8632626568585,0.14779317761524116,7.70005863159895e-06,55632,expanding,amazon/chronos-2,29ec3766d36d6f73f0696f85560a422f50e8498c,2.3.1,cpu,55632,8192,8192,True,2025-05-06 23:00:00+00:00,standard predictions output (trained 0.5 quantile),0.6356984625017503,8,True,,
Electricity-CISO,Chronos-2,2025-05-13 23:00:00+00:00,22753.0,2025-05-14 00:00:00+00:00,1,22350.0,22395.9375,-403.0,-357.0625,-1.0,-1.0,True,1748.2592932125394,0.02627613659961554,4.00003045797348e-06,55800,expanding,amazon/chronos-2,29ec3766d36d6f73f0696f85560a422f50e8498c,2.3.1,cpu,55800,8192,8192,True,2025-05-13 23:00:00+00:00,standard predictions output (trained 0.5 quantile),0.6356984625017503,8,True,,
Electricity-CISO,Chronos-2,2025-05-13 23:00:00+00:00,22753.0,2025-05-14 23:00:00+00:00,24,21674.0,23175.75,-1079.0,422.75,-1.0,1.0,False,1748.2592932125394,0.8589972928102887,4.00003045797348e-06,55800,expanding,amazon/chronos-2,29ec3766d36d6f73f0696f85560a422f50e8498c,2.3.1,cpu,55800,8192,8192,True,2025-05-13 23:00:00+00:00,standard predictions output (trained 0.5 quantile),0.6356984625017503,8,True,,
Electricity-CISO,Chronos-2,2025-05-13 23:00:00+00:00,22753.0,2025-05-20 23:00:00+00:00,168,25969.0,23906.412109375,3216.0,1153.412109375,1.0,1.0,True,1748.2592932125394,1.179795181774702,4.00003045797348e-06,55800,expanding,amazon/chronos-2,29ec3766d36d6f73f0696f85560a422f50e8498c,2.3.1,cpu,55800,8192,8192,True,2025-05-13 23:00:00+00:00,standard predictions output (trained 0.5 quantile),0.6356984625017503,8,True,,
Electricity-CISO,Chronos-2,2025-05-20 23:00:00+00:00,25969.0,2025-05-21 00:00:00+00:00,1,26678.0,26665.75,709.0,696.75,1.0,1.0,True,1748.5200896057347,0.007005924651836396,3.899913281202316e-06,55968,expanding,amazon/chronos-2,29ec3766d36d6f73f0696f85560a422f50e8498c,2.3.1,cpu,55968,8192,8192,True,2025-05-20 23:00:00+00:00,standard predictions output (trained 0.5 quantile),0.6356984625017503,8,True,,
Electricity-CISO,Chronos-2,2025-05-20 23:00:00+00:00,25969.0,2025-05-21 23:00:00+00:00,24,27665.0,26046.2265625,1696.0,77.2265625,1.0,1.0,True,1748.5200896057347,0.9257963046138117,3.899913281202316e-06,55968,expanding,amazon/chronos-2,29ec3766d36d6f73f0696f85560a422f50e8498c,2.3.1,cpu,55968,8192,8192,True,2025-05-20 23:00:00+00:00,standard predictions output (trained 0.5 quantile),0.6356984625017503,8,True,,
Electricity-CISO,Chronos-2,2025-05-20 23:00:00+00:00,25969.0,2025-05-27 23:00:00+00:00,168,23344.0,25372.1953125,-2625.0,-596.8046875,-1.0,-1.0,True,1748.5200896057347,1.1599496766190018,3.899913281202316e-06,55968,expanding,amazon/chronos-2,29ec3766d36d6f73f0696f85560a422f50e8498c,2.3.1,cpu,55968,8192,8192,True,2025-05-20 23:00:00+00:00,standard predictions output (trained 0.5 quantile),0.6356984625017503,8,True,,
Electricity-CISO,Chronos-2,2025-05-27 23:00:00+00:00,23344.0,2025-05-28 00:00:00+00:00,1,23901.0,23895.01953125,557.0,551.01953125,1.0,1.0,True,1748.858776443682,0.0034196407569062437,3.5999109968543053e-06,56136,expanding,amazon/chronos-2,29ec3766d36d6f73f0696f85560a422f50e8498c,2.3.1,cpu,56136,8192,8192,True,2025-05-27 23:00:00+00:00,standard predictions output (trained 0.5 quantile),0.6356984625017503,8,True,,
Electricity-CISO,Chronos-2,2025-05-27 23:00:00+00:00,23344.0,2025-05-28 23:00:00+00:00,24,24341.0,23906.693359375,997.0,562.693359375,1.0,1.0,True,1748.858776443682,0.24833717077382655,3.5999109968543053e-06,56136,expanding,amazon/chronos-2,29ec3766d36d6f73f0696f85560a422f50e8498c,2.3.1,cpu,56136,8192,8192,True,2025-05-27 23:00:00+00:00,standard predictions output (trained 0.5 quantile),0.6356984625017503,8,True,,
Electricity-CISO,Chronos-2,2025-05-27 23:00:00+00:00,23344.0,2025-06-03 23:00:00+00:00,168,26559.0,25208.76171875,3215.0,1864.76171875,1.0,1.0,True,1748.858776443682,0.7720682192507963,3.5999109968543053e-06,56136,expanding,amazon/chronos-2,29ec3766d36d6f73f0696f85560a422f50e8498c,2.3.1,cpu,56136,8192,8192,True,2025-05-27 23:00:00+00:00,standard predictions output (trained 0.5 quantile),0.6356984625017503,8,True,,
Electricity-CISO,Chronos-2,2025-06-03 23:00:00+00:00,26559.0,2025-06-04 00:00:00+00:00,1,27242.0,27348.17578125,683.0,789.17578125,1.0,1.0,True,1753.4188043323359,0.060553577381320174,3.600027412176132e-06,56304,expanding,amazon/chronos-2,29ec3766d36d6f73f0696f85560a422f50e8498c,2.3.1,cpu,56304,8192,8192,True,2025-06-03 23:00:00+00:00,standard predictions output (trained 0.5 quantile),0.6356984625017503,8,True,,
Electricity-CISO,Chronos-2,2025-06-03 23:00:00+00:00,26559.0,2025-06-04 23:00:00+00:00,24,26925.0,26905.775390625,366.0,346.775390625,1.0,1.0,True,1753.4188043323359,0.010964071633941622,3.600027412176132e-06,56304,expanding,amazon/chronos-2,29ec3766d36d6f73f0696f85560a422f50e8498c,2.3.1,cpu,56304,8192,8192,True,2025-06-03 23:00:00+00:00,standard predictions output (trained 0.5 quantile),0.6356984625017503,8,True,,
Electricity-CISO,Chronos-2,2025-06-03 23:00:00+00:00,26559.0,2025-06-10 23:00:00+00:00,168,28008.0,26898.1484375,1449.0,339.1484375,1.0,1.0,True,1753.4188043323359,0.6329643321708345,3.600027412176132e-06,56304,expanding,amazon/chronos-2,29ec3766d36d6f73f0696f85560a422f50e8498c,2.3.1,cpu,56304,8192,8192,True,2025-06-03 23:00:00+00:00,standard predictions output (trained 0.5 quantile),0.6356984625017503,8,True,,
Electricity-CISO,Chronos-2,2025-06-10 23:00:00+00:00,28008.0,2025-06-11 00:00:00+00:00,1,28551.0,28831.453125,543.0,823.453125,1.0,1.0,True,1753.2599104859335,0.15996095235090935,3.100023604929447e-06,56472,expanding,amazon/chronos-2,29ec3766d36d6f73f0696f85560a422f50e8498c,2.3.1,cpu,56472,8192,8192,True,2025-06-10 23:00:00+00:00,standard predictions output (trained 0.5 quantile),0.6356984625017503,8,True,,
Electricity-CISO,Chronos-2,2025-06-10 23:00:00+00:00,28008.0,2025-06-11 23:00:00+00:00,24,26443.0,28029.375,-1565.0,21.375,-1.0,1.0,False,1753.2599104859335,0.9048145061163922,3.100023604929447e-06,56472,expanding,amazon/chronos-2,29ec3766d36d6f73f0696f85560a422f50e8498c,2.3.1,cpu,56472,8192,8192,True,2025-06-10 23:00:00+00:00,standard predictions output (trained 0.5 quantile),0.6356984625017503,8,True,,
Electricity-CISO,Chronos-2,2025-06-10 23:00:00+00:00,28008.0,2025-06-17 23:00:00+00:00,168,30078.0,27903.994140625,2070.0,-104.005859375,1.0,-1.0,False,1753.2599104859335,1.2399792217757677,3.100023604929447e-06,56472,expanding,amazon/chronos-2,29ec3766d36d6f73f0696f85560a422f50e8498c,2.3.1,cpu,56472,8192,8192,True,2025-06-10 23:00:00+00:00,standard predictions output (trained 0.5 quantile),0.6356984625017503,8,True,,
Electricity-CISO,Chronos-2,2025-06-17 23:00:00+00:00,30078.0,2025-06-18 00:00:00+00:00,1,31441.0,31722.16796875,1363.0,1644.16796875,1.0,1.0,True,1750.8783822071116,0.16058680694633226,3.300025127828121e-06,56640,expanding,amazon/chronos-2,29ec3766d36d6f73f0696f85560a422f50e8498c,2.3.1,cpu,56640,8192,8192,True,2025-06-17 23:00:00+00:00,standard predictions output (trained 0.5 quantile),0.6552686999930302,8,True,,
Electricity-CISO,Chronos-2,2025-06-17 23:00:00+00:00,30078.0,2025-06-18 23:00:00+00:00,24,30418.0,30119.3671875,340.0,41.3671875,1.0,1.0,True,1750.8783822071116,0.17056171093023106,3.300025127828121e-06,56640,expanding,amazon/chronos-2,29ec3766d36d6f73f0696f85560a422f50e8498c,2.3.1,cpu,56640,8192,8192,True,2025-06-17 23:00:00+00:00,standard predictions output (trained 0.5 quantile),0.6552686999930302,8,True,,
Electricity-CISO,Chronos-2,2025-06-17 23:00:00+00:00,30078.0,2025-06-24 23:00:00+00:00,168,25945.0,29453.78125,-4133.0,-624.21875,-1.0,-1.0,True,1750.8783822071116,2.004011978020382,3.300025127828121e-06,56640,expanding,amazon/chronos-2,29ec3766d36d6f73f0696f85560a422f50e8498c,2.3.1,cpu,56640,8192,8192,True,2025-06-17 23:00:00+00:00,standard predictions output (trained 0.5 quantile),0.6552686999930302,8,True,,
Electricity-CISO,Chronos-2,2025-06-24 23:00:00+00:00,25945.0,2025-06-25 00:00:00+00:00,1,25736.0,26533.689453125,-209.0,588.689453125,-1.0,1.0,False,1751.0899894067798,0.4555388117975792,3.100023604929447e-06,56808,expanding,amazon/chronos-2,29ec3766d36d6f73f0696f85560a422f50e8498c,2.3.1,cpu,56808,8192,8192,True,2025-06-24 23:00:00+00:00,standard predictions output (trained 0.5 quantile),0.6552686999930302,8,True,,
Electricity-CISO,Chronos-2,2025-06-24 23:00:00+00:00,25945.0,2025-06-25 23:00:00+00:00,24,26369.0,26564.57421875,424.0,619.57421875,1.0,1.0,True,1751.0899894067798,0.11168713197672672,3.100023604929447e-06,56808,expanding,amazon/chronos-2,29ec3766d36d6f73f0696f85560a422f50e8498c,2.3.1,cpu,56808,8192,8192,True,2025-06-24 23:00:00+00:00,standard predictions output (trained 0.5 quantile),0.6552686999930302,8,True,,
Electricity-CISO,Chronos-2,2025-06-24 23:00:00+00:00,25945.0,2025-07-01 23:00:00+00:00,168,28964.0,27836.3984375,3019.0,1891.3984375,1.0,1.0,True,1751.0899894067798,0.6439426696066031,3.100023604929447e-06,56808,expanding,amazon/chronos-2,29ec3766d36d6f73f0696f85560a422f50e8498c,2.3.1,cpu,56808,8192,8192,True,2025-06-24 23:00:00+00:00,standard predictions output (trained 0.5 quantile),0.6552686999930302,8,True,,
Electricity-CISO,Chronos-2,2025-07-01 23:00:00+00:00,28964.0,2025-07-02 00:00:00+00:00,1,30940.0,30150.1484375,1976.0,1186.1484375,1.0,1.0,True,1754.7059921137868,0.4501332793355964,2.800021320581436e-06,56976,expanding,amazon/chronos-2,29ec3766d36d6f73f0696f85560a422f50e8498c,2.3.1,cpu,56976,8192,8192,True,2025-07-01 23:00:00+00:00,standard predictions output (trained 0.5 quantile),0.6552686999930302,8,True,,
Electricity-CISO,Chronos-2,2025-07-01 23:00:00+00:00,28964.0,2025-07-02 23:00:00+00:00,24,29255.0,28664.1796875,291.0,-299.8203125,1.0,-1.0,False,1754.7059921137868,0.33670615770125395,2.800021320581436e-06,56976,expanding,amazon/chronos-2,29ec3766d36d6f73f0696f85560a422f50e8498c,2.3.1,cpu,56976,8192,8192,True,2025-07-01 23:00:00+00:00,standard predictions output (trained 0.5 quantile),0.6552686999930302,8,True,,
Electricity-CISO,Chronos-2,2025-07-01 23:00:00+00:00,28964.0,2025-07-08 23:00:00+00:00,168,29182.0,28789.669921875,218.0,-174.330078125,1.0,-1.0,False,1754.7059921137868,0.22358735873032723,2.800021320581436e-06,56976,expanding,amazon/chronos-2,29ec3766d36d6f73f0696f85560a422f50e8498c,2.3.1,cpu,56976,8192,8192,True,2025-07-01 23:00:00+00:00,standard predictions output (trained 0.5 quantile),0.6552686999930302,8,True,,
Electricity-CISO,Chronos-2,2025-07-08 23:00:00+00:00,29182.0,2025-07-09 00:00:00+00:00,1,30387.0,30177.408203125,1205.0,995.408203125,1.0,1.0,True,1754.6949943836,0.11944628413818818,2.800021320581436e-06,57144,expanding,amazon/chronos-2,29ec3766d36d6f73f0696f85560a422f50e8498c,2.3.1,cpu,57144,8192,8192,True,2025-07-08 23:00:00+00:00,standard predictions output (trained 0.5 quantile),0.6552686999930302,8,True,,
Electricity-CISO,Chronos-2,2025-07-08 23:00:00+00:00,29182.0,2025-07-09 23:00:00+00:00,24,30298.0,28880.36328125,1116.0,-301.63671875,1.0,-1.0,False,1754.6949943836,0.8079106188183982,2.800021320581436e-06,57144,expanding,amazon/chronos-2,29ec3766d36d6f73f0696f85560a422f50e8498c,2.3.1,cpu,57144,8192,8192,True,2025-07-08 23:00:00+00:00,standard predictions output (trained 0.5 quantile),0.6552686999930302,8,True,,
Electricity-CISO,Chronos-2,2025-07-08 23:00:00+00:00,29182.0,2025-07-15 23:00:00+00:00,168,30319.0,28736.07421875,1137.0,-445.92578125,1.0,-1.0,False,1754.6949943836,0.9021087917367997,2.800021320581436e-06,57144,expanding,amazon/chronos-2,29ec3766d36d6f73f0696f85560a422f50e8498c,2.3.1,cpu,57144,8192,8192,True,2025-07-08 23:00:00+00:00,standard predictions output (trained 0.5 quantile),0.6552686999930302,8,True,,
Electricity-CISO,Chronos-2,2025-07-15 23:00:00+00:00,30319.0,2025-07-16 00:00:00+00:00,1,30933.0,31281.732421875,614.0,962.732421875,1.0,1.0,True,1757.1244400111998,0.19846768614337706,2.800021320581436e-06,57312,expanding,amazon/chronos-2,29ec3766d36d6f73f0696f85560a422f50e8498c,2.3.1,cpu,57312,8192,8192,True,2025-07-15 23:00:00+00:00,standard predictions output (trained 0.5 quantile),0.6552686999930302,8,True,,
Electricity-CISO,Chronos-2,2025-07-15 23:00:00+00:00,30319.0,2025-07-16 23:00:00+00:00,24,30037.0,30233.927734375,-282.0,-85.072265625,-1.0,-1.0,True,1757.1244400111998,0.11207386903897643,2.800021320581436e-06,57312,expanding,amazon/chronos-2,29ec3766d36d6f73f0696f85560a422f50e8498c,2.3.1,cpu,57312,8192,8192,True,2025-07-15 23:00:00+00:00,standard predictions output (trained 0.5 quantile),0.6552686999930302,8,True,,
Electricity-CISO,Chronos-2,2025-07-15 23:00:00+00:00,30319.0,2025-07-22 23:00:00+00:00,168,29139.0,30099.55078125,-1180.0,-219.44921875,-1.0,-1.0,True,1757.1244400111998,0.5466606458697242,2.800021320581436e-06,57312,expanding,amazon/chronos-2,29ec3766d36d6f73f0696f85560a422f50e8498c,2.3.1,cpu,57312,8192,8192,True,2025-07-15 23:00:00+00:00,standard predictions output (trained 0.5 quantile),0.6552686999930302,8,True,,
Electricity-CISO,Chronos-2,2025-07-22 23:00:00+00:00,29139.0,2025-07-23 00:00:00+00:00,1,28839.0,29462.443359375,-300.0,323.443359375,-1.0,1.0,False,1757.149671970966,0.3548037878160338,3.00002284348011e-06,57480,expanding,amazon/chronos-2,29ec3766d36d6f73f0696f85560a422f50e8498c,2.3.1,cpu,57480,8192,8192,True,2025-07-22 23:00:00+00:00,standard predictions output (trained 0.5 quantile),0.6552686999930302,8,True,,
Electricity-CISO,Chronos-2,2025-07-22 23:00:00+00:00,29139.0,2025-07-23 23:00:00+00:00,24,28201.0,29114.734375,-938.0,-24.265625,-1.0,-1.0,True,1757.149671970966,0.5200094161444307,3.00002284348011e-06,57480,expanding,amazon/chronos-2,29ec3766d36d6f73f0696f85560a422f50e8498c,2.3.1,cpu,57480,8192,8192,True,2025-07-22 23:00:00+00:00,standard predictions output (trained 0.5 quantile),0.6552686999930302,8,True,,
Electricity-CISO,Chronos-2,2025-07-22 23:00:00+00:00,29139.0,2025-07-29 23:00:00+00:00,168,29804.0,29628.673828125,665.0,489.673828125,1.0,1.0,True,1757.149671970966,0.09977873522768241,3.00002284348011e-06,57480,expanding,amazon/chronos-2,29ec3766d36d6f73f0696f85560a422f50e8498c,2.3.1,cpu,57480,8192,8192,True,2025-07-22 23:00:00+00:00,standard predictions output (trained 0.5 quantile),0.6552686999930302,8,True,,
Electricity-CISO,Chronos-2,2025-07-29 23:00:00+00:00,29804.0,2025-07-30 00:00:00+00:00,1,30941.0,30679.734375,1137.0,875.734375,1.0,1.0,True,1756.4776096033404,0.1487440679981117,3.300025127828121e-06,57648,expanding,amazon/chronos-2,29ec3766d36d6f73f0696f85560a422f50e8498c,2.3.1,cpu,57648,8192,8192,True,2025-07-29 23:00:00+00:00,standard predictions output (trained 0.5 quantile),0.6552686999930302,8,True,,
Electricity-CISO,Chronos-2,2025-07-29 23:00:00+00:00,29804.0,2025-07-30 23:00:00+00:00,24,30255.0,30105.755859375,451.0,301.755859375,1.0,1.0,True,1756.4776096033404,0.08496785829151748,3.300025127828121e-06,57648,expanding,amazon/chronos-2,29ec3766d36d6f73f0696f85560a422f50e8498c,2.3.1,cpu,57648,8192,8192,True,2025-07-29 23:00:00+00:00,standard predictions output (trained 0.5 quantile),0.6552686999930302,8,True,,
Electricity-CISO,Chronos-2,2025-07-29 23:00:00+00:00,29804.0,2025-08-05 23:00:00+00:00,168,29913.0,30144.31640625,109.0,340.31640625,1.0,1.0,True,1756.4776096033404,0.1316933418253122,3.300025127828121e-06,57648,expanding,amazon/chronos-2,29ec3766d36d6f73f0696f85560a422f50e8498c,2.3.1,cpu,57648,8192,8192,True,2025-07-29 23:00:00+00:00,standard predictions output (trained 0.5 quantile),0.6552686999930302,8,True,,
Electricity-CISO,Chronos-2,2025-08-05 23:00:00+00:00,29913.0,2025-08-06 00:00:00+00:00,1,31329.0,30857.8671875,1416.0,944.8671875,1.0,1.0,True,1756.4079066056065,0.2682365586764526,2.800021320581436e-06,57816,expanding,amazon/chronos-2,29ec3766d36d6f73f0696f85560a422f50e8498c,2.3.1,cpu,57816,8192,8192,True,2025-08-05 23:00:00+00:00,standard predictions output (trained 0.5 quantile),0.6552686999930302,8,True,,
Electricity-CISO,Chronos-2,2025-08-05 23:00:00+00:00,29913.0,2025-08-06 23:00:00+00:00,24,33369.0,29935.787109375,3456.0,22.787109375,1.0,1.0,True,1756.4079066056065,1.9546785673835574,2.800021320581436e-06,57816,expanding,amazon/chronos-2,29ec3766d36d6f73f0696f85560a422f50e8498c,2.3.1,cpu,57816,8192,8192,True,2025-08-05 23:00:00+00:00,standard predictions output (trained 0.5 quantile),0.6552686999930302,8,True,,
Electricity-CISO,Chronos-2,2025-08-05 23:00:00+00:00,29913.0,2025-08-12 23:00:00+00:00,168,32593.0,29624.51953125,2680.0,-288.48046875,1.0,-1.0,False,1756.4079066056065,1.6900860316023156,2.800021320581436e-06,57816,expanding,amazon/chronos-2,29ec3766d36d6f73f0696f85560a422f50e8498c,2.3.1,cpu,57816,8192,8192,True,2025-08-05 23:00:00+00:00,standard predictions output (trained 0.5 quantile),0.6552686999930302,8,True,,
Electricity-CISO,Chronos-2,2025-08-12 23:00:00+00:00,32593.0,2025-08-13 00:00:00+00:00,1,33927.0,34032.3203125,1334.0,1439.3203125,1.0,1.0,True,1760.221599557216,0.059833553074506836,2.600019797682762e-06,57984,expanding,amazon/chronos-2,29ec3766d36d6f73f0696f85560a422f50e8498c,2.3.1,cpu,57984,8192,8192,True,2025-08-12 23:00:00+00:00,standard predictions output (trained 0.5 quantile),0.6363566500076558,8,True,,
Electricity-CISO,Chronos-2,2025-08-12 23:00:00+00:00,32593.0,2025-08-13 23:00:00+00:00,24,31886.0,32954.0859375,-707.0,361.0859375,-1.0,1.0,False,1760.221599557216,0.6067906096418071,2.600019797682762e-06,57984,expanding,amazon/chronos-2,29ec3766d36d6f73f0696f85560a422f50e8498c,2.3.1,cpu,57984,8192,8192,True,2025-08-12 23:00:00+00:00,standard predictions output (trained 0.5 quantile),0.6363566500076558,8,True,,
Electricity-CISO,Chronos-2,2025-08-12 23:00:00+00:00,32593.0,2025-08-19 23:00:00+00:00,168,31730.0,32417.875,-863.0,-175.125,-1.0,-1.0,True,1760.221599557216,0.39078886440947835,2.600019797682762e-06,57984,expanding,amazon/chronos-2,29ec3766d36d6f73f0696f85560a422f50e8498c,2.3.1,cpu,57984,8192,8192,True,2025-08-12 23:00:00+00:00,standard predictions output (trained 0.5 quantile),0.6363566500076558,8,True,,
Electricity-CISO,Chronos-2,2025-08-19 23:00:00+00:00,31730.0,2025-08-20 00:00:00+00:00,1,33244.0,32960.78515625,1514.0,1230.78515625,1.0,1.0,True,1762.856167218543,0.1606568074109302,2.8999056667089462e-06,58152,expanding,amazon/chronos-2,29ec3766d36d6f73f0696f85560a422f50e8498c,2.3.1,cpu,58152,8192,8192,True,2025-08-19 23:00:00+00:00,standard predictions output (trained 0.5 quantile),0.6363566500076558,8,True,,
Electricity-CISO,Chronos-2,2025-08-19 23:00:00+00:00,31730.0,2025-08-20 23:00:00+00:00,24,34395.0,32128.05859375,2665.0,398.05859375,1.0,1.0,True,1762.856167218543,1.285948024805001,2.8999056667089462e-06,58152,expanding,amazon/chronos-2,29ec3766d36d6f73f0696f85560a422f50e8498c,2.3.1,cpu,58152,8192,8192,True,2025-08-19 23:00:00+00:00,standard predictions output (trained 0.5 quantile),0.6363566500076558,8,True,,
Electricity-CISO,Chronos-2,2025-08-19 23:00:00+00:00,31730.0,2025-08-26 23:00:00+00:00,168,33242.0,31730.376953125,1512.0,0.376953125,1.0,1.0,True,1762.856167218543,0.8574851851130079,2.8999056667089462e-06,58152,expanding,amazon/chronos-2,29ec3766d36d6f73f0696f85560a422f50e8498c,2.3.1,cpu,58152,8192,8192,True,2025-08-19 23:00:00+00:00,standard predictions output (trained 0.5 quantile),0.6363566500076558,8,True,,
Electricity-CISO,Chronos-2,2025-08-26 23:00:00+00:00,33242.0,2025-08-27 00:00:00+00:00,1,34444.0,34435.953125,1202.0,1193.953125,1.0,1.0,True,1768.705341174852,0.004549584836248027,3.0999071896076202e-06,58320,expanding,amazon/chronos-2,29ec3766d36d6f73f0696f85560a422f50e8498c,2.3.1,cpu,58320,8192,8192,True,2025-08-26 23:00:00+00:00,standard predictions output (trained 0.5 quantile),0.6363566500076558,8,True,,
Electricity-CISO,Chronos-2,2025-08-26 23:00:00+00:00,33242.0,2025-08-27 23:00:00+00:00,24,35317.0,33566.484375,2075.0,324.484375,1.0,1.0,True,1768.705341174852,0.9897158018628645,3.0999071896076202e-06,58320,expanding,amazon/chronos-2,29ec3766d36d6f73f0696f85560a422f50e8498c,2.3.1,cpu,58320,8192,8192,True,2025-08-26 23:00:00+00:00,standard predictions output (trained 0.5 quantile),0.6363566500076558,8,True,,
Electricity-CISO,Chronos-2,2025-08-26 23:00:00+00:00,33242.0,2025-09-02 23:00:00+00:00,168,38349.0,33435.5546875,5107.0,193.5546875,1.0,1.0,True,1768.705341174852,2.777989752231015,3.0999071896076202e-06,58320,expanding,amazon/chronos-2,29ec3766d36d6f73f0696f85560a422f50e8498c,2.3.1,cpu,58320,8192,8192,True,2025-08-26 23:00:00+00:00,standard predictions output (trained 0.5 quantile),0.6363566500076558,8,True,,
Electricity-CISO,Chronos-2,2025-09-02 23:00:00+00:00,38349.0,2025-09-03 00:00:00+00:00,1,40108.0,40272.80078125,1759.0,1923.80078125,1.0,1.0,True,1768.9523491083676,0.09316292851702143,2.900022082030773e-06,58488,expanding,amazon/chronos-2,29ec3766d36d6f73f0696f85560a422f50e8498c,2.3.1,cpu,58488,8192,8192,True,2025-09-02 23:00:00+00:00,standard predictions output (trained 0.5 quantile),0.6363566500076558,8,True,,
Electricity-CISO,Chronos-2,2025-09-02 23:00:00+00:00,38349.0,2025-09-03 23:00:00+00:00,24,37420.0,37610.390625,-929.0,-738.609375,-1.0,-1.0,True,1768.9523491083676,0.10762902974518536,2.900022082030773e-06,58488,expanding,amazon/chronos-2,29ec3766d36d6f73f0696f85560a422f50e8498c,2.3.1,cpu,58488,8192,8192,True,2025-09-02 23:00:00+00:00,standard predictions output (trained 0.5 quantile),0.6363566500076558,8,True,,
Electricity-CISO,Chronos-2,2025-09-02 23:00:00+00:00,38349.0,2025-09-09 23:00:00+00:00,168,30063.0,35512.453125,-8286.0,-2836.546875,-1.0,-1.0,True,1768.9523491083676,3.0806104685334073,2.900022082030773e-06,58488,expanding,amazon/chronos-2,29ec3766d36d6f73f0696f85560a422f50e8498c,2.3.1,cpu,58488,8192,8192,True,2025-09-02 23:00:00+00:00,standard predictions output (trained 0.5 quantile),0.6363566500076558,8,True,,
Electricity-CISO,Chronos-2,2025-09-09 23:00:00+00:00,30063.0,2025-09-10 00:00:00+00:00,1,30730.0,30424.3984375,667.0,361.3984375,1.0,1.0,True,1769.9700280399397,0.17265917369144515,2.800021320581436e-06,58656,expanding,amazon/chronos-2,29ec3766d36d6f73f0696f85560a422f50e8498c,2.3.1,cpu,58656,8192,8192,True,2025-09-09 23:00:00+00:00,standard predictions output (trained 0.5 quantile),0.6363566500076558,8,True,,
Electricity-CISO,Chronos-2,2025-09-09 23:00:00+00:00,30063.0,2025-09-10 23:00:00+00:00,24,30594.0,30485.775390625,531.0,422.775390625,1.0,1.0,True,1769.9700280399397,0.06114488248981688,2.800021320581436e-06,58656,expanding,amazon/chronos-2,29ec3766d36d6f73f0696f85560a422f50e8498c,2.3.1,cpu,58656,8192,8192,True,2025-09-09 23:00:00+00:00,standard predictions output (trained 0.5 quantile),0.6363566500076558,8,True,,
Electricity-CISO,Chronos-2,2025-09-09 23:00:00+00:00,30063.0,2025-09-16 23:00:00+00:00,168,37359.0,31682.734375,7296.0,1619.734375,1.0,1.0,True,1769.9700280399397,3.206984036495738,2.800021320581436e-06,58656,expanding,amazon/chronos-2,29ec3766d36d6f73f0696f85560a422f50e8498c,2.3.1,cpu,58656,8192,8192,True,2025-09-09 23:00:00+00:00,standard predictions output (trained 0.5 quantile),0.6363566500076558,8,True,,
Electricity-CISO,Chronos-2,2025-09-16 23:00:00+00:00,37359.0,2025-09-17 00:00:00+00:00,1,39305.0,39557.5703125,1946.0,2198.5703125,1.0,1.0,True,1774.708128750682,0.1423165355521297,3.200024366378784e-06,58824,expanding,amazon/chronos-2,29ec3766d36d6f73f0696f85560a422f50e8498c,2.3.1,cpu,58824,8192,8192,True,2025-09-16 23:00:00+00:00,standard predictions output (trained 0.5 quantile),0.6363566500076558,8,True,,
Electricity-CISO,Chronos-2,2025-09-16 23:00:00+00:00,37359.0,2025-09-17 23:00:00+00:00,24,38314.0,37927.40625,955.0,568.40625,1.0,1.0,True,1774.708128750682,0.2178351153843789,3.200024366378784e-06,58824,expanding,amazon/chronos-2,29ec3766d36d6f73f0696f85560a422f50e8498c,2.3.1,cpu,58824,8192,8192,True,2025-09-16 23:00:00+00:00,standard predictions output (trained 0.5 quantile),0.6363566500076558,8,True,,
Electricity-CISO,Chronos-2,2025-09-16 23:00:00+00:00,37359.0,2025-09-23 23:00:00+00:00,168,36285.0,34360.47265625,-1074.0,-2998.52734375,-1.0,-1.0,True,1774.708128750682,1.0844190729575258,3.200024366378784e-06,58824,expanding,amazon/chronos-2,29ec3766d36d6f73f0696f85560a422f50e8498c,2.3.1,cpu,58824,8192,8192,True,2025-09-16 23:00:00+00:00,standard predictions output (trained 0.5 quantile),0.6363566500076558,8,True,,
Electricity-CISO,Chronos-2,2025-09-23 23:00:00+00:00,36285.0,2025-09-24 00:00:00+00:00,1,37874.0,38772.3671875,1589.0,2487.3671875,1.0,1.0,True,1775.5543825649395,0.5059643322229489,3.00002284348011e-06,58992,expanding,amazon/chronos-2,29ec3766d36d6f73f0696f85560a422f50e8498c,2.3.1,cpu,58992,8192,8192,True,2025-09-23 23:00:00+00:00,standard predictions output (trained 0.5 quantile),0.6363566500076558,8,True,,
Electricity-CISO,Chronos-2,2025-09-23 23:00:00+00:00,36285.0,2025-09-24 23:00:00+00:00,24,35649.0,37929.953125,-636.0,1644.953125,-1.0,1.0,False,1775.5543825649395,1.2846427839089722,3.00002284348011e-06,58992,expanding,amazon/chronos-2,29ec3766d36d6f73f0696f85560a422f50e8498c,2.3.1,cpu,58992,8192,8192,True,2025-09-23 23:00:00+00:00,standard predictions output (trained 0.5 quantile),0.6363566500076558,8,True,,
Electricity-CISO,Chronos-2,2025-09-23 23:00:00+00:00,36285.0,2025-09-30 23:00:00+00:00,168,29664.0,34598.453125,-6621.0,-1686.546875,-1.0,-1.0,True,1775.5543825649395,2.779105598484549,3.00002284348011e-06,58992,expanding,amazon/chronos-2,29ec3766d36d6f73f0696f85560a422f50e8498c,2.3.1,cpu,58992,8192,8192,True,2025-09-23 23:00:00+00:00,standard predictions output (trained 0.5 quantile),0.6363566500076558,8,True,,
Electricity-CISO,Chronos-2,2025-09-30 23:00:00+00:00,29664.0,2025-10-01 00:00:00+00:00,1,29650.0,29860.556640625,-14.0,196.556640625,-1.0,1.0,False,1775.9870151885002,0.11855753382445304,3.100023604929447e-06,59160,expanding,amazon/chronos-2,29ec3766d36d6f73f0696f85560a422f50e8498c,2.3.1,cpu,59160,8192,8192,True,2025-09-30 23:00:00+00:00,standard predictions output (trained 0.5 quantile),0.6363566500076558,8,True,,
Electricity-CISO,Chronos-2,2025-09-30 23:00:00+00:00,29664.0,2025-10-01 23:00:00+00:00,24,29674.0,29567.34375,10.0,-96.65625,1.0,-1.0,False,1775.9870151885002,0.06005463389532704,3.100023604929447e-06,59160,expanding,amazon/chronos-2,29ec3766d36d6f73f0696f85560a422f50e8498c,2.3.1,cpu,59160,8192,8192,True,2025-09-30 23:00:00+00:00,standard predictions output (trained 0.5 quantile),0.6363566500076558,8,True,,
Electricity-CISO,Chronos-2,2025-09-30 23:00:00+00:00,29664.0,2025-10-07 23:00:00+00:00,168,27888.0,30689.4609375,-1776.0,1025.4609375,-1.0,1.0,False,1775.9870151885002,1.5774107093922969,3.100023604929447e-06,59160,expanding,amazon/chronos-2,29ec3766d36d6f73f0696f85560a422f50e8498c,2.3.1,cpu,59160,8192,8192,True,2025-09-30 23:00:00+00:00,standard predictions output (trained 0.5 quantile),0.6363566500076558,8,True,,
Electricity-CISO,Chronos-2,2025-10-07 23:00:00+00:00,27888.0,2025-10-08 00:00:00+00:00,1,27935.0,28243.06640625,47.0,355.06640625,1.0,1.0,True,1777.6995605138607,0.17329497801132973,2.700020559132099e-06,59328,expanding,amazon/chronos-2,29ec3766d36d6f73f0696f85560a422f50e8498c,2.3.1,cpu,59328,8192,8192,True,2025-10-07 23:00:00+00:00,standard predictions output (trained 0.5 quantile),0.6372451250063023,8,True,,
Electricity-CISO,Chronos-2,2025-10-07 23:00:00+00:00,27888.0,2025-10-08 23:00:00+00:00,24,26716.0,28249.75,-1172.0,361.75,-1.0,1.0,False,1777.6995605138607,0.8627723345764091,2.700020559132099e-06,59328,expanding,amazon/chronos-2,29ec3766d36d6f73f0696f85560a422f50e8498c,2.3.1,cpu,59328,8192,8192,True,2025-10-07 23:00:00+00:00,standard predictions output (trained 0.5 quantile),0.6372451250063023,8,True,,
Electricity-CISO,Chronos-2,2025-10-07 23:00:00+00:00,27888.0,2025-10-14 23:00:00+00:00,168,28386.0,28390.08203125,498.0,502.08203125,1.0,1.0,True,1777.6995605138607,0.002296243606439353,2.700020559132099e-06,59328,expanding,amazon/chronos-2,29ec3766d36d6f73f0696f85560a422f50e8498c,2.3.1,cpu,59328,8192,8192,True,2025-10-07 23:00:00+00:00,standard predictions output (trained 0.5 quantile),0.6372451250063023,8,True,,
Electricity-CISO,Chronos-2,2025-10-14 23:00:00+00:00,28386.0,2025-10-15 00:00:00+00:00,1,27997.0,28369.09765625,-389.0,-16.90234375,-1.0,-1.0,True,1776.085153721683,0.20950440099692916,2.800021320581436e-06,59496,expanding,amazon/chronos-2,29ec3766d36d6f73f0696f85560a422f50e8498c,2.3.1,cpu,59496,8192,8192,True,2025-10-14 23:00:00+00:00,standard predictions output (trained 0.5 quantile),0.6372451250063023,8,True,,
Electricity-CISO,Chronos-2,2025-10-14 23:00:00+00:00,28386.0,2025-10-15 23:00:00+00:00,24,25487.0,27851.4609375,-2899.0,-534.5390625,-1.0,-1.0,True,1776.085153721683,1.3312767873462654,2.800021320581436e-06,59496,expanding,amazon/chronos-2,29ec3766d36d6f73f0696f85560a422f50e8498c,2.3.1,cpu,59496,8192,8192,True,2025-10-14 23:00:00+00:00,standard predictions output (trained 0.5 quantile),0.6372451250063023,8,True,,
Electricity-CISO,Chronos-2,2025-10-14 23:00:00+00:00,28386.0,2025-10-21 23:00:00+00:00,168,26401.0,26744.392578125,-1985.0,-1641.607421875,-1.0,-1.0,True,1776.085153721683,0.19334240670017475,2.800021320581436e-06,59496,expanding,amazon/chronos-2,29ec3766d36d6f73f0696f85560a422f50e8498c,2.3.1,cpu,59496,8192,8192,True,2025-10-14 23:00:00+00:00,standard predictions output (trained 0.5 quantile),0.6372451250063023,8,True,,
Electricity-CISO,Chronos-2,2025-10-21 23:00:00+00:00,26401.0,2025-10-22 00:00:00+00:00,1,26615.0,26325.55859375,214.0,-75.44140625,1.0,-1.0,False,1775.0723746134195,0.1630589323508769,2.7999049052596092e-06,59664,expanding,amazon/chronos-2,29ec3766d36d6f73f0696f85560a422f50e8498c,2.3.1,cpu,59664,8192,8192,True,2025-10-21 23:00:00+00:00,standard predictions output (trained 0.5 quantile),0.6372451250063023,8,True,,
Electricity-CISO,Chronos-2,2025-10-21 23:00:00+00:00,26401.0,2025-10-22 23:00:00+00:00,24,29785.0,26284.96875,3384.0,-116.03125,1.0,-1.0,False,1775.0723746134195,1.971768193824912,2.7999049052596092e-06,59664,expanding,amazon/chronos-2,29ec3766d36d6f73f0696f85560a422f50e8498c,2.3.1,cpu,59664,8192,8192,True,2025-10-21 23:00:00+00:00,standard predictions output (trained 0.5 quantile),0.6372451250063023,8,True,,
Electricity-CISO,Chronos-2,2025-10-21 23:00:00+00:00,26401.0,2025-10-28 23:00:00+00:00,168,26936.0,26238.583984375,535.0,-162.416015625,1.0,-1.0,False,1775.0723746134195,0.39289441129232,2.7999049052596092e-06,59664,expanding,amazon/chronos-2,29ec3766d36d6f73f0696f85560a422f50e8498c,2.3.1,cpu,59664,8192,8192,True,2025-10-21 23:00:00+00:00,standard predictions output (trained 0.5 quantile),0.6372451250063023,8,True,,
Electricity-CISO,Chronos-2,2025-10-28 23:00:00+00:00,26936.0,2025-10-29 00:00:00+00:00,1,26660.0,26483.517578125,-276.0,-452.482421875,-1.0,-1.0,True,1772.4532381335478,0.09956957852430671,2.9999064281582832e-06,59832,expanding,amazon/chronos-2,29ec3766d36d6f73f0696f85560a422f50e8498c,2.3.1,cpu,59832,8192,8192,True,2025-10-28 23:00:00+00:00,standard predictions output (trained 0.5 quantile),0.6372451250063023,8,True,,
Electricity-CISO,Chronos-2,2025-10-28 23:00:00+00:00,26936.0,2025-10-29 23:00:00+00:00,24,28058.0,26747.166015625,1122.0,-188.833984375,1.0,-1.0,False,1772.4532381335478,0.7395591354248374,2.9999064281582832e-06,59832,expanding,amazon/chronos-2,29ec3766d36d6f73f0696f85560a422f50e8498c,2.3.1,cpu,59832,8192,8192,True,2025-10-28 23:00:00+00:00,standard predictions output (trained 0.5 quantile),0.6372451250063023,8,True,,
Electricity-CISO,Chronos-2,2025-10-28 23:00:00+00:00,26936.0,2025-11-04 23:00:00+00:00,168,26834.0,26292.3046875,-102.0,-643.6953125,-1.0,-1.0,True,1772.4532381335478,0.305618958427599,2.9999064281582832e-06,59832,expanding,amazon/chronos-2,29ec3766d36d6f73f0696f85560a422f50e8498c,2.3.1,cpu,59832,8192,8192,True,2025-10-28 23:00:00+00:00,standard predictions output (trained 0.5 quantile),0.6372451250063023,8,True,,
Electricity-CISO,Chronos-2,2025-11-04 23:00:00+00:00,26834.0,2025-11-05 00:00:00+00:00,1,26038.0,26754.830078125,-796.0,-79.169921875,-1.0,-1.0,True,1769.7927530418506,0.40503616985262286,2.900022082030773e-06,60000,expanding,amazon/chronos-2,29ec3766d36d6f73f0696f85560a422f50e8498c,2.3.1,cpu,60000,8192,8192,True,2025-11-04 23:00:00+00:00,standard predictions output (trained 0.5 quantile),0.6372451250063023,8,True,,
Electricity-CISO,Chronos-2,2025-11-04 23:00:00+00:00,26834.0,2025-11-05 23:00:00+00:00,24,27632.0,26940.494140625,798.0,106.494140625,1.0,1.0,True,1769.7927530418506,0.39072702619358496,2.900022082030773e-06,60000,expanding,amazon/chronos-2,29ec3766d36d6f73f0696f85560a422f50e8498c,2.3.1,cpu,60000,8192,8192,True,2025-11-04 23:00:00+00:00,standard predictions output (trained 0.5 quantile),0.6372451250063023,8,True,,
Electricity-CISO,Chronos-2,2025-11-04 23:00:00+00:00,26834.0,2025-11-11 23:00:00+00:00,168,26906.0,26277.583984375,72.0,-556.416015625,1.0,-1.0,False,1769.7927530418506,0.3550788726786812,2.900022082030773e-06,60000,expanding,amazon/chronos-2,29ec3766d36d6f73f0696f85560a422f50e8498c,2.3.1,cpu,60000,8192,8192,True,2025-11-04 23:00:00+00:00,standard predictions output (trained 0.5 quantile),0.6372451250063023,8,True,,
Electricity-CISO,Chronos-2,2025-11-11 23:00:00+00:00,26906.0,2025-11-12 00:00:00+00:00,1,27136.0,26328.044921875,230.0,-577.955078125,1.0,-1.0,False,1767.3282,0.4571618775307269,2.900022082030773e-06,60168,expanding,amazon/chronos-2,29ec3766d36d6f73f0696f85560a422f50e8498c,2.3.1,cpu,60168,8192,8192,True,2025-11-11 23:00:00+00:00,standard predictions output (trained 0.5 quantile),0.6372451250063023,8,True,,
Electricity-CISO,Chronos-2,2025-11-11 23:00:00+00:00,26906.0,2025-11-12 23:00:00+00:00,24,27897.0,26890.7890625,991.0,-15.2109375,1.0,-1.0,False,1767.3282,0.5693401698111308,2.900022082030773e-06,60168,expanding,amazon/chronos-2,29ec3766d36d6f73f0696f85560a422f50e8498c,2.3.1,cpu,60168,8192,8192,True,2025-11-11 23:00:00+00:00,standard predictions output (trained 0.5 quantile),0.6372451250063023,8,True,,
Electricity-CISO,Chronos-2,2025-11-11 23:00:00+00:00,26906.0,2025-11-18 23:00:00+00:00,168,24486.0,26993.830078125,-2420.0,87.830078125,-1.0,1.0,False,1767.3282,1.4189951125801084,2.900022082030773e-06,60168,expanding,amazon/chronos-2,29ec3766d36d6f73f0696f85560a422f50e8498c,2.3.1,cpu,60168,8192,8192,True,2025-11-11 23:00:00+00:00,standard predictions output (trained 0.5 quantile),0.6372451250063023,8,True,,
Electricity-CISO,Chronos-2,2025-11-18 23:00:00+00:00,24486.0,2025-11-19 00:00:00+00:00,1,23808.0,24115.77734375,-678.0,-370.22265625,-1.0,-1.0,True,1765.2526093604574,0.17435314476691596,2.800021320581436e-06,60336,expanding,amazon/chronos-2,29ec3766d36d6f73f0696f85560a422f50e8498c,2.3.1,cpu,60336,8192,8192,True,2025-11-18 23:00:00+00:00,standard predictions output (trained 0.5 quantile),0.6372451250063023,8,True,,
Electricity-CISO,Chronos-2,2025-11-18 23:00:00+00:00,24486.0,2025-11-19 23:00:00+00:00,24,25539.0,24983.39453125,1053.0,497.39453125,1.0,1.0,True,1765.2526093604574,0.31474558700768224,2.800021320581436e-06,60336,expanding,amazon/chronos-2,29ec3766d36d6f73f0696f85560a422f50e8498c,2.3.1,cpu,60336,8192,8192,True,2025-11-18 23:00:00+00:00,standard predictions output (trained 0.5 quantile),0.6372451250063023,8,True,,
Electricity-CISO,Chronos-2,2025-11-18 23:00:00+00:00,24486.0,2025-11-25 23:00:00+00:00,168,27170.0,25257.58984375,2684.0,771.58984375,1.0,1.0,True,1765.2526093604574,1.0833634495761244,2.800021320581436e-06,60336,expanding,amazon/chronos-2,29ec3766d36d6f73f0696f85560a422f50e8498c,2.3.1,cpu,60336,8192,8192,True,2025-11-18 23:00:00+00:00,standard predictions output (trained 0.5 quantile),0.6372451250063023,8,True,,
Electricity-CISO,Chronos-2,2025-11-25 23:00:00+00:00,27170.0,2025-11-26 00:00:00+00:00,1,26967.0,26652.205078125,-203.0,-517.794921875,-1.0,-1.0,True,1762.6296904004244,0.17859390636015365,4.799920134246349e-06,60504,expanding,amazon/chronos-2,29ec3766d36d6f73f0696f85560a422f50e8498c,2.3.1,cpu,60504,8192,8192,True,2025-11-25 23:00:00+00:00,standard predictions output (trained 0.5 quantile),0.6372451250063023,8,True,,
Electricity-CISO,Chronos-2,2025-11-25 23:00:00+00:00,27170.0,2025-11-26 23:00:00+00:00,24,27566.0,27176.3046875,396.0,6.3046875,1.0,1.0,True,1762.6296904004244,0.22108745508052302,4.799920134246349e-06,60504,expanding,amazon/chronos-2,29ec3766d36d6f73f0696f85560a422f50e8498c,2.3.1,cpu,60504,8192,8192,True,2025-11-25 23:00:00+00:00,standard predictions output (trained 0.5 quantile),0.6372451250063023,8,True,,
Electricity-CISO,Chronos-2,2025-11-25 23:00:00+00:00,27170.0,2025-12-02 23:00:00+00:00,168,26740.0,26789.333984375,-430.0,-380.666015625,-1.0,-1.0,True,1762.6296904004244,0.027988853610988806,4.799920134246349e-06,60504,expanding,amazon/chronos-2,29ec3766d36d6f73f0696f85560a422f50e8498c,2.3.1,cpu,60504,8192,8192,True,2025-11-25 23:00:00+00:00,standard predictions output (trained 0.5 quantile),0.6372451250063023,8,True,,
Electricity-CISO,Chronos-2,2025-12-02 23:00:00+00:00,26740.0,2025-12-03 00:00:00+00:00,1,25466.0,26083.466796875,-1274.0,-656.533203125,-1.0,-1.0,True,1761.4564987438846,0.3505433130567362,4.00003045797348e-06,60672,expanding,amazon/chronos-2,29ec3766d36d6f73f0696f85560a422f50e8498c,2.3.1,cpu,60672,8192,8192,True,2025-12-02 23:00:00+00:00,standard predictions output (trained 0.5 quantile),0.6247604500094894,8,True,,
Electricity-CISO,Chronos-2,2025-12-02 23:00:00+00:00,26740.0,2025-12-03 23:00:00+00:00,24,27160.0,27110.318359375,420.0,370.318359375,1.0,1.0,True,1761.4564987438846,0.028204863793359965,4.00003045797348e-06,60672,expanding,amazon/chronos-2,29ec3766d36d6f73f0696f85560a422f50e8498c,2.3.1,cpu,60672,8192,8192,True,2025-12-02 23:00:00+00:00,standard predictions output (trained 0.5 quantile),0.6247604500094894,8,True,,
Electricity-CISO,Chronos-2,2025-12-02 23:00:00+00:00,26740.0,2025-12-09 23:00:00+00:00,168,29961.0,26977.931640625,3221.0,237.931640625,1.0,1.0,True,1761.4564987438846,1.693523718299181,4.00003045797348e-06,60672,expanding,amazon/chronos-2,29ec3766d36d6f73f0696f85560a422f50e8498c,2.3.1,cpu,60672,8192,8192,True,2025-12-02 23:00:00+00:00,standard predictions output (trained 0.5 quantile),0.6247604500094894,8,True,,
Electricity-CISO,Chronos-2,2025-12-09 23:00:00+00:00,29961.0,2025-12-10 00:00:00+00:00,1,27113.0,27618.94140625,-2848.0,-2342.05859375,-1.0,-1.0,True,1760.68756592827,0.2873544495006742,3.8000289350748062e-06,60840,expanding,amazon/chronos-2,29ec3766d36d6f73f0696f85560a422f50e8498c,2.3.1,cpu,60840,8192,8192,True,2025-12-09 23:00:00+00:00,standard predictions output (trained 0.5 quantile),0.6247604500094894,8,True,,
Electricity-CISO,Chronos-2,2025-12-09 23:00:00+00:00,29961.0,2025-12-10 23:00:00+00:00,24,28595.0,29233.6171875,-1366.0,-727.3828125,-1.0,-1.0,True,1760.68756592827,0.36270897793459916,3.8000289350748062e-06,60840,expanding,amazon/chronos-2,29ec3766d36d6f73f0696f85560a422f50e8498c,2.3.1,cpu,60840,8192,8192,True,2025-12-09 23:00:00+00:00,standard predictions output (trained 0.5 quantile),0.6247604500094894,8,True,,
Electricity-CISO,Chronos-2,2025-12-09 23:00:00+00:00,29961.0,2025-12-16 23:00:00+00:00,168,28372.0,28400.4140625,-1589.0,-1560.5859375,-1.0,-1.0,True,1760.68756592827,0.016138049163208313,3.8000289350748062e-06,60840,expanding,amazon/chronos-2,29ec3766d36d6f73f0696f85560a422f50e8498c,2.3.1,cpu,60840,8192,8192,True,2025-12-09 23:00:00+00:00,standard predictions output (trained 0.5 quantile),0.6247604500094894,8,True,,
Electricity-CISO,Chronos-2,2025-12-16 23:00:00+00:00,28372.0,2025-12-17 00:00:00+00:00,1,26215.0,26511.435546875,-2157.0,-1860.564453125,-1.0,-1.0,True,1757.658530571992,0.1686536615155456,3.600027412176132e-06,61008,expanding,amazon/chronos-2,29ec3766d36d6f73f0696f85560a422f50e8498c,2.3.1,cpu,61008,8192,8192,True,2025-12-16 23:00:00+00:00,standard predictions output (trained 0.5 quantile),0.6247604500094894,8,True,,
Electricity-CISO,Chronos-2,2025-12-16 23:00:00+00:00,28372.0,2025-12-17 23:00:00+00:00,24,28181.0,28777.330078125,-191.0,405.330078125,-1.0,1.0,False,1757.658530571992,0.33927527318456857,3.600027412176132e-06,61008,expanding,amazon/chronos-2,29ec3766d36d6f73f0696f85560a422f50e8498c,2.3.1,cpu,61008,8192,8192,True,2025-12-16 23:00:00+00:00,standard predictions output (trained 0.5 quantile),0.6247604500094894,8,True,,
Electricity-CISO,Chronos-2,2025-12-16 23:00:00+00:00,28372.0,2025-12-23 23:00:00+00:00,168,26207.0,28776.12109375,-2165.0,404.12109375,-1.0,1.0,False,1757.658530571992,1.461672474524352,3.600027412176132e-06,61008,expanding,amazon/chronos-2,29ec3766d36d6f73f0696f85560a422f50e8498c,2.3.1,cpu,61008,8192,8192,True,2025-12-16 23:00:00+00:00,standard predictions output (trained 0.5 quantile),0.6247604500094894,8,True,,
Electricity-CISO,Chronos-2,2025-12-23 23:00:00+00:00,26207.0,2025-12-24 00:00:00+00:00,1,25720.0,25155.796875,-487.0,-1051.203125,-1.0,-1.0,True,1755.918928665093,0.3213150196113699,3.8000289350748062e-06,61176,expanding,amazon/chronos-2,29ec3766d36d6f73f0696f85560a422f50e8498c,2.3.1,cpu,61176,8192,8192,True,2025-12-23 23:00:00+00:00,standard predictions output (trained 0.5 quantile),0.6247604500094894,8,True,,
Electricity-CISO,Chronos-2,2025-12-23 23:00:00+00:00,26207.0,2025-12-24 23:00:00+00:00,24,24191.0,26598.21875,-2016.0,391.21875,-1.0,1.0,False,1755.918928665093,1.3709167950197145,3.8000289350748062e-06,61176,expanding,amazon/chronos-2,29ec3766d36d6f73f0696f85560a422f50e8498c,2.3.1,cpu,61176,8192,8192,True,2025-12-23 23:00:00+00:00,standard predictions output (trained 0.5 quantile),0.6247604500094894,8,True,,
Electricity-CISO,Chronos-2,2025-12-23 23:00:00+00:00,26207.0,2025-12-30 23:00:00+00:00,168,25723.0,26757.623046875,-484.0,550.623046875,-1.0,1.0,False,1755.918928665093,0.5892202823176775,3.8000289350748062e-06,61176,expanding,amazon/chronos-2,29ec3766d36d6f73f0696f85560a422f50e8498c,2.3.1,cpu,61176,8192,8192,True,2025-12-23 23:00:00+00:00,standard predictions output (trained 0.5 quantile),0.6247604500094894,8,True,,
Electricity-CISO,Chronos-2,2025-12-30 23:00:00+00:00,25723.0,2025-12-31 00:00:00+00:00,1,25054.0,24344.95703125,-669.0,-1378.04296875,-1.0,-1.0,True,1755.7605106577744,0.4038380886493259,4.999921657145023e-06,61344,expanding,amazon/chronos-2,29ec3766d36d6f73f0696f85560a422f50e8498c,2.3.1,cpu,61344,8192,8192,True,2025-12-30 23:00:00+00:00,standard predictions output (trained 0.5 quantile),0.6247604500094894,8,True,,
Electricity-CISO,Chronos-2,2025-12-30 23:00:00+00:00,25723.0,2025-12-31 23:00:00+00:00,24,25340.0,25749.0234375,-383.0,26.0234375,-1.0,1.0,False,1755.7605106577744,0.23296083663868503,4.999921657145023e-06,61344,expanding,amazon/chronos-2,29ec3766d36d6f73f0696f85560a422f50e8498c,2.3.1,cpu,61344,8192,8192,True,2025-12-30 23:00:00+00:00,standard predictions output (trained 0.5 quantile),0.6247604500094894,8,True,,
Electricity-CISO,Chronos-2,2025-12-30 23:00:00+00:00,25723.0,2026-01-06 23:00:00+00:00,168,26456.0,25841.341796875,733.0,118.341796875,1.0,1.0,True,1755.7605106577744,0.3500808905280173,4.999921657145023e-06,61344,expanding,amazon/chronos-2,29ec3766d36d6f73f0696f85560a422f50e8498c,2.3.1,cpu,61344,8192,8192,True,2025-12-30 23:00:00+00:00,standard predictions output (trained 0.5 quantile),0.6247604500094894,8,True,,
Electricity-CISO,Chronos-2,2026-01-06 23:00:00+00:00,26456.0,2026-01-07 00:00:00+00:00,1,24036.0,25021.34765625,-2420.0,-1434.65234375,-1.0,-1.0,True,1752.9342070944183,0.5621133139293722,3.8000289350748062e-06,61512,expanding,amazon/chronos-2,29ec3766d36d6f73f0696f85560a422f50e8498c,2.3.1,cpu,61512,8192,8192,True,2026-01-06 23:00:00+00:00,standard predictions output (trained 0.5 quantile),0.6247604500094894,8,True,,
Electricity-CISO,Chronos-2,2026-01-06 23:00:00+00:00,26456.0,2026-01-07 23:00:00+00:00,24,26251.0,26365.89453125,-205.0,-90.10546875,-1.0,-1.0,True,1752.9342070944183,0.06554412070059594,3.8000289350748062e-06,61512,expanding,amazon/chronos-2,29ec3766d36d6f73f0696f85560a422f50e8498c,2.3.1,cpu,61512,8192,8192,True,2026-01-06 23:00:00+00:00,standard predictions output (trained 0.5 quantile),0.6247604500094894,8,True,,
Electricity-CISO,Chronos-2,2026-01-06 23:00:00+00:00,26456.0,2026-01-13 23:00:00+00:00,168,26867.0,26153.359375,411.0,-302.640625,1.0,-1.0,False,1752.9342070944183,0.40711204226135633,3.8000289350748062e-06,61512,expanding,amazon/chronos-2,29ec3766d36d6f73f0696f85560a422f50e8498c,2.3.1,cpu,61512,8192,8192,True,2026-01-06 23:00:00+00:00,standard predictions output (trained 0.5 quantile),0.6247604500094894,8,True,,
Electricity-CISO,Chronos-2,2026-01-13 23:00:00+00:00,26867.0,2026-01-14 00:00:00+00:00,1,24880.0,24583.283203125,-1987.0,-2283.716796875,-1.0,-1.0,True,1752.3274645597608,0.16932725353907782,3.6999117583036423e-06,61680,expanding,amazon/chronos-2,29ec3766d36d6f73f0696f85560a422f50e8498c,2.3.1,cpu,61680,8192,8192,True,2026-01-13 23:00:00+00:00,standard predictions output (trained 0.5 quantile),0.6247604500094894,8,True,,
Electricity-CISO,Chronos-2,2026-01-13 23:00:00+00:00,26867.0,2026-01-14 23:00:00+00:00,24,28178.0,26936.697265625,1311.0,69.697265625,1.0,1.0,True,1752.3274645597608,0.7083737255050407,3.6999117583036423e-06,61680,expanding,amazon/chronos-2,29ec3766d36d6f73f0696f85560a422f50e8498c,2.3.1,cpu,61680,8192,8192,True,2026-01-13 23:00:00+00:00,standard predictions output (trained 0.5 quantile),0.6247604500094894,8,True,,
Electricity-CISO,Chronos-2,2026-01-13 23:00:00+00:00,26867.0,2026-01-20 23:00:00+00:00,168,28012.0,27014.1171875,1145.0,147.1171875,1.0,1.0,True,1752.3274645597608,0.5694613778998774,3.6999117583036423e-06,61680,expanding,amazon/chronos-2,29ec3766d36d6f73f0696f85560a422f50e8498c,2.3.1,cpu,61680,8192,8192,True,2026-01-13 23:00:00+00:00,standard predictions output (trained 0.5 quantile),0.6247604500094894,8,True,,
Electricity-CISO,Chronos-2,2026-01-20 23:00:00+00:00,28012.0,2026-01-21 00:00:00+00:00,1,25822.0,25810.404296875,-2190.0,-2201.595703125,-1.0,-1.0,True,1750.1122568093385,0.006625691054892866,3.900029696524143e-06,61848,expanding,amazon/chronos-2,29ec3766d36d6f73f0696f85560a422f50e8498c,2.3.1,cpu,61848,8192,8192,True,2026-01-20 23:00:00+00:00,standard predictions output (trained 0.5 quantile),0.6247604500094894,8,True,,
Electricity-CISO,Chronos-2,2026-01-20 23:00:00+00:00,28012.0,2026-01-21 23:00:00+00:00,24,25916.0,27843.142578125,-2096.0,-168.857421875,-1.0,-1.0,True,1750.1122568093385,1.101153694928352,3.900029696524143e-06,61848,expanding,amazon/chronos-2,29ec3766d36d6f73f0696f85560a422f50e8498c,2.3.1,cpu,61848,8192,8192,True,2026-01-20 23:00:00+00:00,standard predictions output (trained 0.5 quantile),0.6247604500094894,8,True,,
Electricity-CISO,Chronos-2,2026-01-20 23:00:00+00:00,28012.0,2026-01-27 23:00:00+00:00,168,27965.0,27140.82421875,-47.0,-871.17578125,-1.0,-1.0,True,1750.1122568093385,0.47092738082559904,3.900029696524143e-06,61848,expanding,amazon/chronos-2,29ec3766d36d6f73f0696f85560a422f50e8498c,2.3.1,cpu,61848,8192,8192,True,2026-01-20 23:00:00+00:00,standard predictions output (trained 0.5 quantile),0.6247604500094894,8,True,,
Electricity-CISO,Chronos-2,2026-01-27 23:00:00+00:00,27965.0,2026-01-28 00:00:00+00:00,1,26300.0,26017.1875,-1665.0,-1947.8125,-1.0,-1.0,True,1747.5534212909067,0.16183339321958362,3.700028173625469e-06,62016,expanding,amazon/chronos-2,29ec3766d36d6f73f0696f85560a422f50e8498c,2.3.1,cpu,62016,8192,8192,True,2026-01-27 23:00:00+00:00,standard predictions output (trained 0.5 quantile),0.6242717999994056,8,True,,
Electricity-CISO,Chronos-2,2026-01-27 23:00:00+00:00,27965.0,2026-01-28 23:00:00+00:00,24,27357.0,27431.337890625,-608.0,-533.662109375,-1.0,-1.0,True,1747.5534212909067,0.0425382650506255,3.700028173625469e-06,62016,expanding,amazon/chronos-2,29ec3766d36d6f73f0696f85560a422f50e8498c,2.3.1,cpu,62016,8192,8192,True,2026-01-27 23:00:00+00:00,standard predictions output (trained 0.5 quantile),0.6242717999994056,8,True,,
Electricity-CISO,Chronos-2,2026-01-27 23:00:00+00:00,27965.0,2026-02-03 23:00:00+00:00,168,26913.0,27251.39453125,-1052.0,-713.60546875,-1.0,-1.0,True,1747.5534212909067,0.19363901963010097,3.700028173625469e-06,62016,expanding,amazon/chronos-2,29ec3766d36d6f73f0696f85560a422f50e8498c,2.3.1,cpu,62016,8192,8192,True,2026-01-27 23:00:00+00:00,standard predictions output (trained 0.5 quantile),0.6242717999994056,8,True,,
Electricity-CISO,Chronos-2,2026-02-03 23:00:00+00:00,26913.0,2026-02-04 00:00:00+00:00,1,24948.0,24870.3828125,-1965.0,-2042.6171875,-1.0,-1.0,True,1745.1919343395252,0.044474871773559126,3.999914042651653e-06,62184,expanding,amazon/chronos-2,29ec3766d36d6f73f0696f85560a422f50e8498c,2.3.1,cpu,62184,8192,8192,True,2026-02-03 23:00:00+00:00,standard predictions output (trained 0.5 quantile),0.6242717999994056,8,True,,
Electricity-CISO,Chronos-2,2026-02-03 23:00:00+00:00,26913.0,2026-02-04 23:00:00+00:00,24,26073.0,26836.4921875,-840.0,-76.5078125,-1.0,-1.0,True,1745.1919343395252,0.437483220313499,3.999914042651653e-06,62184,expanding,amazon/chronos-2,29ec3766d36d6f73f0696f85560a422f50e8498c,2.3.1,cpu,62184,8192,8192,True,2026-02-03 23:00:00+00:00,standard predictions output (trained 0.5 quantile),0.6242717999994056,8,True,,
Electricity-CISO,Chronos-2,2026-02-03 23:00:00+00:00,26913.0,2026-02-10 23:00:00+00:00,168,27301.0,26623.796875,388.0,-289.203125,1.0,-1.0,False,1745.1919343395252,0.3880393392124461,3.999914042651653e-06,62184,expanding,amazon/chronos-2,29ec3766d36d6f73f0696f85560a422f50e8498c,2.3.1,cpu,62184,8192,8192,True,2026-02-03 23:00:00+00:00,standard predictions output (trained 0.5 quantile),0.6242717999994056,8,True,,
Electricity-CISO,Chronos-2,2026-02-10 23:00:00+00:00,27301.0,2026-02-11 00:00:00+00:00,1,25861.0,24650.736328125,-1440.0,-2650.263671875,-1.0,-1.0,True,1742.7632670783482,0.6944509875422977,3.900029696524143e-06,62352,expanding,amazon/chronos-2,29ec3766d36d6f73f0696f85560a422f50e8498c,2.3.1,cpu,62352,8192,8192,True,2026-02-10 23:00:00+00:00,standard predictions output (trained 0.5 quantile),0.6242717999994056,8,True,,
Electricity-CISO,Chronos-2,2026-02-10 23:00:00+00:00,27301.0,2026-02-11 23:00:00+00:00,24,27263.0,26500.56640625,-38.0,-800.43359375,-1.0,-1.0,True,1742.7632670783482,0.43748546239913594,3.900029696524143e-06,62352,expanding,amazon/chronos-2,29ec3766d36d6f73f0696f85560a422f50e8498c,2.3.1,cpu,62352,8192,8192,True,2026-02-10 23:00:00+00:00,standard predictions output (trained 0.5 quantile),0.6242717999994056,8,True,,
Electricity-CISO,Chronos-2,2026-02-10 23:00:00+00:00,27301.0,2026-02-17 23:00:00+00:00,168,27839.0,26388.953125,538.0,-912.046875,1.0,-1.0,False,1742.7632670783482,0.8320389248454427,3.900029696524143e-06,62352,expanding,amazon/chronos-2,29ec3766d36d6f73f0696f85560a422f50e8498c,2.3.1,cpu,62352,8192,8192,True,2026-02-10 23:00:00+00:00,standard predictions output (trained 0.5 quantile),0.6242717999994056,8,True,,
Electricity-CISO,Chronos-2,2026-02-17 23:00:00+00:00,27839.0,2026-02-18 00:00:00+00:00,1,27396.0,26175.8203125,-443.0,-1663.1796875,-1.0,-1.0,True,1740.553999871696,0.7010294926729908,3.700028173625469e-06,62520,expanding,amazon/chronos-2,29ec3766d36d6f73f0696f85560a422f50e8498c,2.3.1,cpu,62520,8192,8192,True,2026-02-17 23:00:00+00:00,standard predictions output (trained 0.5 quantile),0.6242717999994056,8,True,,
Electricity-CISO,Chronos-2,2026-02-17 23:00:00+00:00,27839.0,2026-02-18 23:00:00+00:00,24,25999.0,27391.87109375,-1840.0,-447.12890625,-1.0,-1.0,True,1740.553999871696,0.8002458377348101,3.700028173625469e-06,62520,expanding,amazon/chronos-2,29ec3766d36d6f73f0696f85560a422f50e8498c,2.3.1,cpu,62520,8192,8192,True,2026-02-17 23:00:00+00:00,standard predictions output (trained 0.5 quantile),0.6242717999994056,8,True,,
Electricity-CISO,Chronos-2,2026-02-17 23:00:00+00:00,27839.0,2026-02-24 23:00:00+00:00,168,27386.0,26723.392578125,-453.0,-1115.607421875,-1.0,-1.0,True,1740.553999871696,0.3806876557256159,3.700028173625469e-06,62520,expanding,amazon/chronos-2,29ec3766d36d6f73f0696f85560a422f50e8498c,2.3.1,cpu,62520,8192,8192,True,2026-02-17 23:00:00+00:00,standard predictions output (trained 0.5 quantile),0.6242717999994056,8,True,,
Electricity-CISO,Chronos-2,2026-02-24 23:00:00+00:00,27386.0,2026-02-25 00:00:00+00:00,1,26262.0,26289.56640625,-1124.0,-1096.43359375,-1.0,-1.0,True,1740.8144593730005,0.015835350000441034,4.00003045797348e-06,62688,expanding,amazon/chronos-2,29ec3766d36d6f73f0696f85560a422f50e8498c,2.3.1,cpu,62688,8192,8192,True,2026-02-24 23:00:00+00:00,standard predictions output (trained 0.5 quantile),0.6242717999994056,8,True,,
Electricity-CISO,Chronos-2,2026-02-24 23:00:00+00:00,27386.0,2026-02-25 23:00:00+00:00,24,27253.0,26644.794921875,-133.0,-741.205078125,-1.0,-1.0,True,1740.8144593730005,0.3493796107047852,4.00003045797348e-06,62688,expanding,amazon/chronos-2,29ec3766d36d6f73f0696f85560a422f50e8498c,2.3.1,cpu,62688,8192,8192,True,2026-02-24 23:00:00+00:00,standard predictions output (trained 0.5 quantile),0.6242717999994056,8,True,,
Electricity-CISO,Chronos-2,2026-02-24 23:00:00+00:00,27386.0,2026-03-03 23:00:00+00:00,168,22803.0,26170.35546875,-4583.0,-1215.64453125,-1.0,-1.0,True,1740.8144593730005,1.9343563299461795,4.00003045797348e-06,62688,expanding,amazon/chronos-2,29ec3766d36d6f73f0696f85560a422f50e8498c,2.3.1,cpu,62688,8192,8192,True,2026-02-24 23:00:00+00:00,standard predictions output (trained 0.5 quantile),0.6242717999994056,8,True,,
Electricity-CISO,Chronos-2,2026-03-03 23:00:00+00:00,22803.0,2026-03-04 00:00:00+00:00,1,22559.0,22712.185546875,-244.0,-90.814453125,-1.0,-1.0,True,1740.8347690148034,0.0879954545954369,4.400033503770828e-06,62856,expanding,amazon/chronos-2,29ec3766d36d6f73f0696f85560a422f50e8498c,2.3.1,cpu,62856,8192,8192,True,2026-03-03 23:00:00+00:00,standard predictions output (trained 0.5 quantile),0.6242717999994056,8,True,,
Electricity-CISO,Chronos-2,2026-03-03 23:00:00+00:00,22803.0,2026-03-04 23:00:00+00:00,24,23574.0,24776.640625,771.0,1973.640625,1.0,1.0,True,1740.8347690148034,0.6908413402614968,4.400033503770828e-06,62856,expanding,amazon/chronos-2,29ec3766d36d6f73f0696f85560a422f50e8498c,2.3.1,cpu,62856,8192,8192,True,2026-03-03 23:00:00+00:00,standard predictions output (trained 0.5 quantile),0.6242717999994056,8,True,,
Electricity-CISO,Chronos-2,2026-03-03 23:00:00+00:00,22803.0,2026-03-10 23:00:00+00:00,168,25090.0,25482.943359375,2287.0,2679.943359375,1.0,1.0,True,1740.8347690148034,0.22572122660290142,4.400033503770828e-06,62856,expanding,amazon/chronos-2,29ec3766d36d6f73f0696f85560a422f50e8498c,2.3.1,cpu,62856,8192,8192,True,2026-03-03 23:00:00+00:00,standard predictions output (trained 0.5 quantile),0.6242717999994056,8,True,,
Electricity-CISO,Chronos-2,2026-03-10 23:00:00+00:00,25090.0,2026-03-11 00:00:00+00:00,1,24161.0,24297.71875,-929.0,-792.28125,-1.0,-1.0,True,1739.5570192185312,0.07859400323734071,3.8000289350748062e-06,63024,expanding,amazon/chronos-2,29ec3766d36d6f73f0696f85560a422f50e8498c,2.3.1,cpu,63024,8192,8192,True,2026-03-10 23:00:00+00:00,standard predictions output (trained 0.5 quantile),0.6242717999994056,8,True,,
Electricity-CISO,Chronos-2,2026-03-10 23:00:00+00:00,25090.0,2026-03-11 23:00:00+00:00,24,23454.0,24657.4375,-1636.0,-432.5625,-1.0,-1.0,True,1739.5570192185312,0.6918068719245694,3.8000289350748062e-06,63024,expanding,amazon/chronos-2,29ec3766d36d6f73f0696f85560a422f50e8498c,2.3.1,cpu,63024,8192,8192,True,2026-03-10 23:00:00+00:00,standard predictions output (trained 0.5 quantile),0.6242717999994056,8,True,,
Electricity-CISO,Chronos-2,2026-03-10 23:00:00+00:00,25090.0,2026-03-17 23:00:00+00:00,168,30866.0,24539.7734375,5776.0,-550.2265625,1.0,-1.0,False,1739.5570192185312,3.6366882445405317,3.8000289350748062e-06,63024,expanding,amazon/chronos-2,29ec3766d36d6f73f0696f85560a422f50e8498c,2.3.1,cpu,63024,8192,8192,True,2026-03-10 23:00:00+00:00,standard predictions output (trained 0.5 quantile),0.6242717999994056,8,True,,
Electricity-CISO,Chronos-2,2026-03-17 23:00:00+00:00,30866.0,2026-03-18 00:00:00+00:00,1,32455.0,31069.69140625,1589.0,203.69140625,1.0,1.0,True,1738.9104785478548,0.7966531979880046,3.4999102354049683e-06,63192,expanding,amazon/chronos-2,29ec3766d36d6f73f0696f85560a422f50e8498c,2.3.1,cpu,63192,8192,8192,True,2026-03-17 23:00:00+00:00,standard predictions output (trained 0.5 quantile),0.6242717999994056,8,True,,
Electricity-CISO,Chronos-2,2026-03-17 23:00:00+00:00,30866.0,2026-03-18 23:00:00+00:00,24,32357.0,29307.013671875,1491.0,-1558.986328125,1.0,-1.0,False,1738.9104785478548,1.7539639709756711,3.4999102354049683e-06,63192,expanding,amazon/chronos-2,29ec3766d36d6f73f0696f85560a422f50e8498c,2.3.1,cpu,63192,8192,8192,True,2026-03-17 23:00:00+00:00,standard predictions output (trained 0.5 quantile),0.6242717999994056,8,True,,
Electricity-CISO,Chronos-2,2026-03-17 23:00:00+00:00,30866.0,2026-03-24 23:00:00+00:00,168,27260.0,27053.82421875,-3606.0,-3812.17578125,-1.0,-1.0,True,1738.9104785478548,0.11856606984286802,3.4999102354049683e-06,63192,expanding,amazon/chronos-2,29ec3766d36d6f73f0696f85560a422f50e8498c,2.3.1,cpu,63192,8192,8192,True,2026-03-17 23:00:00+00:00,standard predictions output (trained 0.5 quantile),0.6242717999994056,8,True,,
Electricity-CISO,Chronos-2,2026-03-24 23:00:00+00:00,27260.0,2026-03-25 00:00:00+00:00,1,27338.0,26843.50390625,78.0,-416.49609375,1.0,-1.0,False,1742.1433884035953,0.28384350969131716,3.600027412176132e-06,63360,expanding,amazon/chronos-2,29ec3766d36d6f73f0696f85560a422f50e8498c,2.3.1,cpu,63360,8192,8192,True,2026-03-24 23:00:00+00:00,standard predictions output (trained 0.5 quantile),0.6409172874991782,8,True,,
Electricity-CISO,Chronos-2,2026-03-24 23:00:00+00:00,27260.0,2026-03-25 23:00:00+00:00,24,26922.0,27330.2578125,-338.0,70.2578125,-1.0,1.0,False,1742.1433884035953,0.23434225633637715,3.600027412176132e-06,63360,expanding,amazon/chronos-2,29ec3766d36d6f73f0696f85560a422f50e8498c,2.3.1,cpu,63360,8192,8192,True,2026-03-24 23:00:00+00:00,standard predictions output (trained 0.5 quantile),0.6409172874991782,8,True,,
Electricity-CISO,Chronos-2,2026-03-24 23:00:00+00:00,27260.0,2026-03-31 23:00:00+00:00,168,26763.0,27811.09765625,-497.0,551.09765625,-1.0,1.0,False,1742.1433884035953,0.6016138873680308,3.600027412176132e-06,63360,expanding,amazon/chronos-2,29ec3766d36d6f73f0696f85560a422f50e8498c,2.3.1,cpu,63360,8192,8192,True,2026-03-24 23:00:00+00:00,standard predictions output (trained 0.5 quantile),0.6409172874991782,8,True,,
Electricity-CISO,Chronos-2,2026-03-31 23:00:00+00:00,26763.0,2026-04-01 00:00:00+00:00,1,26542.0,26119.01171875,-221.0,-643.98828125,-1.0,-1.0,True,1743.3824652777778,0.2426250634467659,3.700028173625469e-06,63528,expanding,amazon/chronos-2,29ec3766d36d6f73f0696f85560a422f50e8498c,2.3.1,cpu,63528,8192,8192,True,2026-03-31 23:00:00+00:00,standard predictions output (trained 0.5 quantile),0.6409172874991782,8,True,,
Electricity-CISO,Chronos-2,2026-03-31 23:00:00+00:00,26763.0,2026-04-01 23:00:00+00:00,24,27543.0,26520.537109375,780.0,-242.462890625,1.0,-1.0,False,1743.3824652777778,0.5864822613448095,3.700028173625469e-06,63528,expanding,amazon/chronos-2,29ec3766d36d6f73f0696f85560a422f50e8498c,2.3.1,cpu,63528,8192,8192,True,2026-03-31 23:00:00+00:00,standard predictions output (trained 0.5 quantile),0.6409172874991782,8,True,,
Electricity-CISO,Chronos-2,2026-03-31 23:00:00+00:00,26763.0,2026-04-07 23:00:00+00:00,168,24103.0,27984.44140625,-2660.0,1221.44140625,-1.0,1.0,False,1743.3824652777778,2.226385479695392,3.700028173625469e-06,63528,expanding,amazon/chronos-2,29ec3766d36d6f73f0696f85560a422f50e8498c,2.3.1,cpu,63528,8192,8192,True,2026-03-31 23:00:00+00:00,standard predictions output (trained 0.5 quantile),0.6409172874991782,8,True,,
Electricity-CISO,Chronos-2,2026-04-07 23:00:00+00:00,24103.0,2026-04-08 00:00:00+00:00,1,25328.0,24348.435546875,1225.0,245.435546875,1.0,1.0,True,1742.6277074675734,0.5621191772214649,3.600027412176132e-06,63696,expanding,amazon/chronos-2,29ec3766d36d6f73f0696f85560a422f50e8498c,2.3.1,cpu,63696,8192,8192,True,2026-04-07 23:00:00+00:00,standard predictions output (trained 0.5 quantile),0.6409172874991782,8,True,,
Electricity-CISO,Chronos-2,2026-04-07 23:00:00+00:00,24103.0,2026-04-08 23:00:00+00:00,24,25686.0,25059.85546875,1583.0,956.85546875,1.0,1.0,True,1742.6277074675734,0.3593105564469233,3.600027412176132e-06,63696,expanding,amazon/chronos-2,29ec3766d36d6f73f0696f85560a422f50e8498c,2.3.1,cpu,63696,8192,8192,True,2026-04-07 23:00:00+00:00,standard predictions output (trained 0.5 quantile),0.6409172874991782,8,True,,
Electricity-CISO,Chronos-2,2026-04-07 23:00:00+00:00,24103.0,2026-04-14 23:00:00+00:00,168,22745.0,27074.26171875,-1358.0,2971.26171875,-1.0,1.0,False,1742.6277074675734,2.4843296707599025,3.600027412176132e-06,63696,expanding,amazon/chronos-2,29ec3766d36d6f73f0696f85560a422f50e8498c,2.3.1,cpu,63696,8192,8192,True,2026-04-07 23:00:00+00:00,standard predictions output (trained 0.5 quantile),0.6409172874991782,8,True,,
Electricity-CISO,Chronos-2,2026-04-14 23:00:00+00:00,22745.0,2026-04-15 00:00:00+00:00,1,22390.0,22961.470703125,-355.0,216.470703125,-1.0,1.0,False,1741.5733013062045,0.3281347404076469,3.400025889277458e-06,63864,expanding,amazon/chronos-2,29ec3766d36d6f73f0696f85560a422f50e8498c,2.3.1,cpu,63864,8192,8192,True,2026-04-14 23:00:00+00:00,standard predictions output (trained 0.5 quantile),0.6409172874991782,8,True,,
Electricity-CISO,Chronos-2,2026-04-14 23:00:00+00:00,22745.0,2026-04-15 23:00:00+00:00,24,23379.0,23182.3671875,634.0,437.3671875,1.0,1.0,True,1741.5733013062045,0.11290527499044836,3.400025889277458e-06,63864,expanding,amazon/chronos-2,29ec3766d36d6f73f0696f85560a422f50e8498c,2.3.1,cpu,63864,8192,8192,True,2026-04-14 23:00:00+00:00,standard predictions output (trained 0.5 quantile),0.6409172874991782,8,True,,
Electricity-CISO,Chronos-2,2026-04-14 23:00:00+00:00,22745.0,2026-04-21 23:00:00+00:00,168,25810.0,24801.830078125,3065.0,2056.830078125,1.0,1.0,True,1741.5733013062045,0.5788845758710577,3.400025889277458e-06,63864,expanding,amazon/chronos-2,29ec3766d36d6f73f0696f85560a422f50e8498c,2.3.1,cpu,63864,8192,8192,True,2026-04-14 23:00:00+00:00,standard predictions output (trained 0.5 quantile),0.6409172874991782,8,True,,
Electricity-CISO,Chronos-2,2026-04-21 23:00:00+00:00,25810.0,2026-04-22 00:00:00+00:00,1,25016.0,25580.728515625,-794.0,-229.271484375,-1.0,-1.0,True,1741.2112144557184,0.3243308513846939,3.600027412176132e-06,64032,expanding,amazon/chronos-2,29ec3766d36d6f73f0696f85560a422f50e8498c,2.3.1,cpu,64032,8192,8192,True,2026-04-21 23:00:00+00:00,standard predictions output (trained 0.5 quantile),0.6409172874991782,8,True,,
Electricity-CISO,Chronos-2,2026-04-21 23:00:00+00:00,25810.0,2026-04-22 23:00:00+00:00,24,23119.0,25744.193359375,-2691.0,-65.806640625,-1.0,-1.0,True,1741.2112144557184,1.5076823176765513,3.600027412176132e-06,64032,expanding,amazon/chronos-2,29ec3766d36d6f73f0696f85560a422f50e8498c,2.3.1,cpu,64032,8192,8192,True,2026-04-21 23:00:00+00:00,standard predictions output (trained 0.5 quantile),0.6409172874991782,8,True,,
Electricity-CISO,Chronos-2,2026-04-21 23:00:00+00:00,25810.0,2026-04-28 23:00:00+00:00,168,20582.0,24998.76953125,-5228.0,-811.23046875,-1.0,-1.0,True,1741.2112144557184,2.536607560634526,3.600027412176132e-06,64032,expanding,amazon/chronos-2,29ec3766d36d6f73f0696f85560a422f50e8498c,2.3.1,cpu,64032,8192,8192,True,2026-04-21 23:00:00+00:00,standard predictions output (trained 0.5 quantile),0.6409172874991782,8,True,,
Electricity-CISO,Chronos-2,2026-04-28 23:00:00+00:00,20582.0,2026-04-29 00:00:00+00:00,1,20724.0,20455.26171875,142.0,-126.73828125,1.0,-1.0,False,1739.5310469765118,0.15448892488414934,3.700028173625469e-06,64200,expanding,amazon/chronos-2,29ec3766d36d6f73f0696f85560a422f50e8498c,2.3.1,cpu,64200,8192,8192,True,2026-04-28 23:00:00+00:00,standard predictions output (trained 0.5 quantile),0.6409172874991782,8,True,,
Electricity-CISO,Chronos-2,2026-04-28 23:00:00+00:00,20582.0,2026-04-29 23:00:00+00:00,24,23216.0,21584.751953125,2634.0,1002.751953125,1.0,1.0,True,1739.5310469765118,0.9377516139825621,3.700028173625469e-06,64200,expanding,amazon/chronos-2,29ec3766d36d6f73f0696f85560a422f50e8498c,2.3.1,cpu,64200,8192,8192,True,2026-04-28 23:00:00+00:00,standard predictions output (trained 0.5 quantile),0.6409172874991782,8,True,,
Electricity-CISO,Chronos-2,2026-04-28 23:00:00+00:00,20582.0,2026-05-05 23:00:00+00:00,168,25891.0,22118.23828125,5309.0,1536.23828125,1.0,1.0,True,1739.5310469765118,2.168838391995048,3.700028173625469e-06,64200,expanding,amazon/chronos-2,29ec3766d36d6f73f0696f85560a422f50e8498c,2.3.1,cpu,64200,8192,8192,True,2026-04-28 23:00:00+00:00,standard predictions output (trained 0.5 quantile),0.6409172874991782,8,True,,
Electricity-CISO,Chronos-2,2026-05-05 23:00:00+00:00,25891.0,2026-05-06 00:00:00+00:00,1,25239.0,25047.07421875,-652.0,-843.92578125,-1.0,-1.0,True,1738.5602180685357,0.11039351945095185,3.8000289350748062e-06,64368,expanding,amazon/chronos-2,29ec3766d36d6f73f0696f85560a422f50e8498c,2.3.1,cpu,64368,8192,8192,True,2026-05-05 23:00:00+00:00,standard predictions output (trained 0.5 quantile),0.6409172874991782,8,True,,
Electricity-CISO,Chronos-2,2026-05-05 23:00:00+00:00,25891.0,2026-05-06 23:00:00+00:00,24,23706.0,25097.34765625,-2185.0,-793.65234375,-1.0,-1.0,True,1738.5602180685357,0.8002872962293629,3.8000289350748062e-06,64368,expanding,amazon/chronos-2,29ec3766d36d6f73f0696f85560a422f50e8498c,2.3.1,cpu,64368,8192,8192,True,2026-05-05 23:00:00+00:00,standard predictions output (trained 0.5 quantile),0.6409172874991782,8,True,,
Electricity-CISO,Chronos-2,2026-05-05 23:00:00+00:00,25891.0,2026-05-12 23:00:00+00:00,168,25442.0,23399.44921875,-449.0,-2491.55078125,-1.0,-1.0,True,1738.5602180685357,1.1748519033290572,3.8000289350748062e-06,64368,expanding,amazon/chronos-2,29ec3766d36d6f73f0696f85560a422f50e8498c,2.3.1,cpu,64368,8192,8192,True,2026-05-05 23:00:00+00:00,standard predictions output (trained 0.5 quantile),0.6409172874991782,8,True,,
Electricity-CISO,Chronos-2,2026-05-12 23:00:00+00:00,25442.0,2026-05-13 00:00:00+00:00,1,25981.0,26197.837890625,539.0,755.837890625,1.0,1.0,True,1738.0782531692766,0.12475726580757207,3.400025889277458e-06,64536,expanding,amazon/chronos-2,29ec3766d36d6f73f0696f85560a422f50e8498c,2.3.1,cpu,64536,8192,8192,True,2026-05-12 23:00:00+00:00,standard predictions output (trained 0.5 quantile),0.6409172874991782,8,True,,
Electricity-CISO,Chronos-2,2026-05-12 23:00:00+00:00,25442.0,2026-05-13 23:00:00+00:00,24,24770.0,25580.900390625,-672.0,138.900390625,-1.0,1.0,False,1738.0782531692766,0.4665499894187008,3.400025889277458e-06,64536,expanding,amazon/chronos-2,29ec3766d36d6f73f0696f85560a422f50e8498c,2.3.1,cpu,64536,8192,8192,True,2026-05-12 23:00:00+00:00,standard predictions output (trained 0.5 quantile),0.6409172874991782,8,True,,
Electricity-CISO,Chronos-2,2026-05-12 23:00:00+00:00,25442.0,2026-05-19 23:00:00+00:00,168,27138.0,25161.751953125,1696.0,-280.248046875,1.0,-1.0,False,1738.0782531692766,1.1370305354614705,3.400025889277458e-06,64536,expanding,amazon/chronos-2,29ec3766d36d6f73f0696f85560a422f50e8498c,2.3.1,cpu,64536,8192,8192,True,2026-05-12 23:00:00+00:00,standard predictions output (trained 0.5 quantile),0.6409172874991782,8,True,,
Electricity-CISO,Chronos-2,2026-05-19 23:00:00+00:00,27138.0,2026-05-20 00:00:00+00:00,1,27409.0,27923.396484375,271.0,785.396484375,1.0,1.0,True,1737.393625263419,0.29607365705454836,3.2999087125062943e-06,64704,expanding,amazon/chronos-2,29ec3766d36d6f73f0696f85560a422f50e8498c,2.3.1,cpu,64704,8192,8192,True,2026-05-19 23:00:00+00:00,standard predictions output (trained 0.5 quantile),0.6591290125070373,8,True,,
Electricity-CISO,Chronos-2,2026-05-19 23:00:00+00:00,27138.0,2026-05-20 23:00:00+00:00,24,29941.0,26315.455078125,2803.0,-822.544921875,1.0,-1.0,False,1737.393625263419,2.0867723175427817,3.2999087125062943e-06,64704,expanding,amazon/chronos-2,29ec3766d36d6f73f0696f85560a422f50e8498c,2.3.1,cpu,64704,8192,8192,True,2026-05-19 23:00:00+00:00,standard predictions output (trained 0.5 quantile),0.6591290125070373,8,True,,
Electricity-CISO,Chronos-2,2026-05-19 23:00:00+00:00,27138.0,2026-05-26 23:00:00+00:00,168,25466.0,25278.49609375,-1672.0,-1859.50390625,-1.0,-1.0,True,1737.393625263419,0.10792252459287754,3.2999087125062943e-06,64704,expanding,amazon/chronos-2,29ec3766d36d6f73f0696f85560a422f50e8498c,2.3.1,cpu,64704,8192,8192,True,2026-05-19 23:00:00+00:00,standard predictions output (trained 0.5 quantile),0.6591290125070373,8,True,,
Electricity-CISO,Chronos-2,2026-05-26 23:00:00+00:00,25466.0,2026-05-27 00:00:00+00:00,1,25167.0,25668.755859375,-299.0,202.755859375,-1.0,1.0,False,1736.5100766567755,0.28894497424455373,3.600027412176132e-06,64872,expanding,amazon/chronos-2,29ec3766d36d6f73f0696f85560a422f50e8498c,2.3.1,cpu,64872,8192,8192,True,2026-05-26 23:00:00+00:00,standard predictions output (trained 0.5 quantile),0.6591290125070373,8,True,,
Electricity-CISO,Chronos-2,2026-05-26 23:00:00+00:00,25466.0,2026-05-27 23:00:00+00:00,24,25515.0,25799.427734375,49.0,333.427734375,1.0,1.0,True,1736.5100766567755,0.16379273474911005,3.600027412176132e-06,64872,expanding,amazon/chronos-2,29ec3766d36d6f73f0696f85560a422f50e8498c,2.3.1,cpu,64872,8192,8192,True,2026-05-26 23:00:00+00:00,standard predictions output (trained 0.5 quantile),0.6591290125070373,8,True,,
Electricity-CISO,Chronos-2,2026-05-26 23:00:00+00:00,25466.0,2026-06-02 23:00:00+00:00,168,27474.0,26188.05859375,2008.0,722.05859375,1.0,1.0,True,1736.5100766567755,0.7405320726533099,3.600027412176132e-06,64872,expanding,amazon/chronos-2,29ec3766d36d6f73f0696f85560a422f50e8498c,2.3.1,cpu,64872,8192,8192,True,2026-05-26 23:00:00+00:00,standard predictions output (trained 0.5 quantile),0.6591290125070373,8,True,,
Electricity-CISO,Chronos-2,2026-06-02 23:00:00+00:00,27474.0,2026-06-03 00:00:00+00:00,1,28129.0,28135.36328125,655.0,661.36328125,1.0,1.0,True,1737.7463004069552,0.003661801062968634,3.500026650726795e-06,65040,expanding,amazon/chronos-2,29ec3766d36d6f73f0696f85560a422f50e8498c,2.3.1,cpu,65040,8192,8192,True,2026-06-02 23:00:00+00:00,standard predictions output (trained 0.5 quantile),0.6591290125070373,8,True,,
Electricity-CISO,Chronos-2,2026-06-02 23:00:00+00:00,27474.0,2026-06-03 23:00:00+00:00,24,30222.0,27327.30859375,2748.0,-146.69140625,1.0,-1.0,False,1737.7463004069552,1.665773309701252,3.500026650726795e-06,65040,expanding,amazon/chronos-2,29ec3766d36d6f73f0696f85560a422f50e8498c,2.3.1,cpu,65040,8192,8192,True,2026-06-02 23:00:00+00:00,standard predictions output (trained 0.5 quantile),0.6591290125070373,8,True,,
Electricity-CISO,Chronos-2,2026-06-02 23:00:00+00:00,27474.0,2026-06-09 23:00:00+00:00,168,29427.0,27157.705078125,1953.0,-316.294921875,1.0,-1.0,False,1737.7463004069552,1.3058839033888685,3.500026650726795e-06,65040,expanding,amazon/chronos-2,29ec3766d36d6f73f0696f85560a422f50e8498c,2.3.1,cpu,65040,8192,8192,True,2026-06-02 23:00:00+00:00,standard predictions output (trained 0.5 quantile),0.6591290125070373,8,True,,
Electricity-CISO,Chronos-2,2026-06-09 23:00:00+00:00,29427.0,2026-06-10 00:00:00+00:00,1,29589.0,30223.625,162.0,796.625,1.0,1.0,True,1739.1559809348093,0.3649040149112355,3.300025127828121e-06,65208,expanding,amazon/chronos-2,29ec3766d36d6f73f0696f85560a422f50e8498c,2.3.1,cpu,65208,8192,8192,True,2026-06-09 23:00:00+00:00,standard predictions output (trained 0.5 quantile),0.6591290125070373,8,True,,
Electricity-CISO,Chronos-2,2026-06-09 23:00:00+00:00,29427.0,2026-06-10 23:00:00+00:00,24,33104.0,29307.4296875,3677.0,-119.5703125,1.0,-1.0,False,1739.1559809348093,2.182995863579364,3.300025127828121e-06,65208,expanding,amazon/chronos-2,29ec3766d36d6f73f0696f85560a422f50e8498c,2.3.1,cpu,65208,8192,8192,True,2026-06-09 23:00:00+00:00,standard predictions output (trained 0.5 quantile),0.6591290125070373,8,True,,
Electricity-CISO,Chronos-2,2026-06-09 23:00:00+00:00,29427.0,2026-06-16 23:00:00+00:00,168,30865.0,28890.341796875,1438.0,-536.658203125,1.0,-1.0,False,1739.1559809348093,1.1354117886905155,3.300025127828121e-06,65208,expanding,amazon/chronos-2,29ec3766d36d6f73f0696f85560a422f50e8498c,2.3.1,cpu,65208,8192,8192,True,2026-06-09 23:00:00+00:00,standard predictions output (trained 0.5 quantile),0.6591290125070373,8,True,,
Electricity-CISO,Chronos-2,2026-06-16 23:00:00+00:00,30865.0,2026-06-17 00:00:00+00:00,1,32223.0,31903.322265625,1358.0,1038.322265625,1.0,1.0,True,1743.9182155563735,0.1833100494755777,3.5999109968543053e-06,65376,expanding,amazon/chronos-2,29ec3766d36d6f73f0696f85560a422f50e8498c,2.3.1,cpu,65376,8192,8192,True,2026-06-16 23:00:00+00:00,standard predictions output (trained 0.5 quantile),0.6591290125070373,8,True,,
Electricity-CISO,Chronos-2,2026-06-16 23:00:00+00:00,30865.0,2026-06-17 23:00:00+00:00,24,31267.0,30996.03125,402.0,131.03125,1.0,1.0,True,1743.9182155563735,0.15537927615117608,3.5999109968543053e-06,65376,expanding,amazon/chronos-2,29ec3766d36d6f73f0696f85560a422f50e8498c,2.3.1,cpu,65376,8192,8192,True,2026-06-16 23:00:00+00:00,standard predictions output (trained 0.5 quantile),0.6591290125070373,8,True,,
Electricity-CISO,Chronos-2,2026-06-16 23:00:00+00:00,30865.0,2026-06-23 23:00:00+00:00,168,30989.0,30917.96484375,124.0,52.96484375,1.0,1.0,True,1743.9182155563735,0.040733077742030006,3.5999109968543053e-06,65376,expanding,amazon/chronos-2,29ec3766d36d6f73f0696f85560a422f50e8498c,2.3.1,cpu,65376,8192,8192,True,2026-06-16 23:00:00+00:00,standard predictions output (trained 0.5 quantile),0.6591290125070373,8,True,,
Electricity-CISO,Chronos-2,2026-06-23 23:00:00+00:00,30989.0,2026-06-24 00:00:00+00:00,1,31690.0,32286.16796875,701.0,1297.16796875,1.0,1.0,True,1747.8571188203623,0.34108507058766724,3.400025889277458e-06,65544,expanding,amazon/chronos-2,29ec3766d36d6f73f0696f85560a422f50e8498c,2.3.1,cpu,65544,8192,8192,True,2026-06-23 23:00:00+00:00,standard predictions output (trained 0.5 quantile),0.6591290125070373,8,True,,
Electricity-CISO,Chronos-2,2026-06-23 23:00:00+00:00,30989.0,2026-06-24 23:00:00+00:00,24,31544.0,31280.728515625,555.0,291.728515625,1.0,1.0,True,1747.8571188203623,0.15062528941306327,3.400025889277458e-06,65544,expanding,amazon/chronos-2,29ec3766d36d6f73f0696f85560a422f50e8498c,2.3.1,cpu,65544,8192,8192,True,2026-06-23 23:00:00+00:00,standard predictions output (trained 0.5 quantile),0.6591290125070373,8,True,,
Electricity-CISO,Chronos-2,2026-06-23 23:00:00+00:00,30989.0,2026-06-30 23:00:00+00:00,168,29762.0,31526.70703125,-1227.0,537.70703125,-1.0,1.0,False,1747.8571188203623,1.0096403260015956,3.400025889277458e-06,65544,expanding,amazon/chronos-2,29ec3766d36d6f73f0696f85560a422f50e8498c,2.3.1,cpu,65544,8192,8192,True,2026-06-23 23:00:00+00:00,standard predictions output (trained 0.5 quantile),0.6591290125070373,8,True,,
Electricity-CISO,Chronos-2,2026-06-30 23:00:00+00:00,29762.0,2026-07-01 00:00:00+00:00,1,29442.0,30666.5078125,-320.0,904.5078125,-1.0,1.0,False,1745.7453466373734,0.701424073596202,3.300025127828121e-06,65712,expanding,amazon/chronos-2,29ec3766d36d6f73f0696f85560a422f50e8498c,2.3.1,cpu,65712,8192,8192,True,2026-06-30 23:00:00+00:00,standard predictions output (trained 0.5 quantile),0.6591290125070373,8,True,,
Electricity-CISO,Chronos-2,2026-06-30 23:00:00+00:00,29762.0,2026-07-01 23:00:00+00:00,24,28508.0,30148.53125,-1254.0,386.53125,-1.0,1.0,False,1745.7453466373734,0.9397311315536169,3.300025127828121e-06,65712,expanding,amazon/chronos-2,29ec3766d36d6f73f0696f85560a422f50e8498c,2.3.1,cpu,65712,8192,8192,True,2026-06-30 23:00:00+00:00,standard predictions output (trained 0.5 quantile),0.6591290125070373,8,True,,
Electricity-CISO,Chronos-2,2026-06-30 23:00:00+00:00,29762.0,2026-07-07 23:00:00+00:00,168,32102.0,30651.0625,2340.0,889.0625,1.0,1.0,True,1745.7453466373734,0.8311278061229105,3.300025127828121e-06,65712,expanding,amazon/chronos-2,29ec3766d36d6f73f0696f85560a422f50e8498c,2.3.1,cpu,65712,8192,8192,True,2026-06-30 23:00:00+00:00,standard predictions output (trained 0.5 quantile),0.6591290125070373,8,True,,
Electricity-CISO,Chronos-2,2026-07-07 23:00:00+00:00,32102.0,2026-07-08 00:00:00+00:00,1,32818.0,33154.4375,716.0,1052.4375,1.0,1.0,True,1746.2536218651082,0.1926624493644077,3.600027412176132e-06,65880,expanding,amazon/chronos-2,29ec3766d36d6f73f0696f85560a422f50e8498c,2.3.1,cpu,65880,8192,8192,True,2026-07-07 23:00:00+00:00,standard predictions output (trained 0.5 quantile),0.6591290125070373,8,True,,
Electricity-CISO,Chronos-2,2026-07-07 23:00:00+00:00,32102.0,2026-07-08 23:00:00+00:00,24,32038.0,31954.28515625,-64.0,-147.71484375,-1.0,-1.0,True,1746.2536218651082,0.047939682244201906,3.600027412176132e-06,65880,expanding,amazon/chronos-2,29ec3766d36d6f73f0696f85560a422f50e8498c,2.3.1,cpu,65880,8192,8192,True,2026-07-07 23:00:00+00:00,standard predictions output (trained 0.5 quantile),0.6591290125070373,8,True,,
Electricity-CISO,Chronos-2,2026-07-07 23:00:00+00:00,32102.0,2026-07-14 23:00:00+00:00,168,40097.0,31335.68359375,7995.0,-766.31640625,1.0,-1.0,False,1746.2536218651082,5.0172072925422855,3.600027412176132e-06,65880,expanding,amazon/chronos-2,29ec3766d36d6f73f0696f85560a422f50e8498c,2.3.1,cpu,65880,8192,8192,True,2026-07-07 23:00:00+00:00,standard predictions output (trained 0.5 quantile),0.6591290125070373,8,True,,
Electricity-CISO,Chronos-2,2026-07-14 23:00:00+00:00,40097.0,2026-07-15 00:00:00+00:00,1,40941.0,40321.03125,844.0,224.03125,1.0,1.0,True,1749.180115361263,0.35443391138250857,3.500026650726795e-06,66048,expanding,amazon/chronos-2,29ec3766d36d6f73f0696f85560a422f50e8498c,2.3.1,cpu,66048,8192,8192,True,2026-07-14 23:00:00+00:00,standard predictions output (trained 0.5 quantile),0.6111979499983136,4,True,,
Electricity-CISO,Chronos-2,2026-07-14 23:00:00+00:00,40097.0,2026-07-15 23:00:00+00:00,24,41602.0,39484.171875,1505.0,-612.828125,1.0,-1.0,False,1749.180115361263,1.2107547452668126,3.500026650726795e-06,66048,expanding,amazon/chronos-2,29ec3766d36d6f73f0696f85560a422f50e8498c,2.3.1,cpu,66048,8192,8192,True,2026-07-14 23:00:00+00:00,standard predictions output (trained 0.5 quantile),0.6111979499983136,4,True,,
Electricity-CISO,Chronos-2,2026-07-14 23:00:00+00:00,40097.0,2026-07-21 23:00:00+00:00,168,39295.0,36107.58203125,-802.0,-3989.41796875,-1.0,-1.0,True,1749.180115361263,1.8222354237612024,3.500026650726795e-06,66048,expanding,amazon/chronos-2,29ec3766d36d6f73f0696f85560a422f50e8498c,2.3.1,cpu,66048,8192,8192,True,2026-07-14 23:00:00+00:00,standard predictions output (trained 0.5 quantile),0.6111979499983136,4,True,,
Electricity-CISO,Chronos-2,2026-07-21 23:00:00+00:00,39295.0,2026-07-22 00:00:00+00:00,1,40993.0,39531.375,1698.0,236.375,1.0,1.0,True,1751.1626544331396,0.8346597595031146,3.200024366378784e-06,66216,expanding,amazon/chronos-2,29ec3766d36d6f73f0696f85560a422f50e8498c,2.3.1,cpu,66216,8192,8192,True,2026-07-21 23:00:00+00:00,standard predictions output (trained 0.5 quantile),0.6111979499983136,4,True,,
Electricity-CISO,Chronos-2,2026-07-21 23:00:00+00:00,39295.0,2026-07-22 23:00:00+00:00,24,37356.0,38936.1015625,-1939.0,-358.8984375,-1.0,-1.0,True,1751.1626544331396,0.9023157035126969,3.200024366378784e-06,66216,expanding,amazon/chronos-2,29ec3766d36d6f73f0696f85560a422f50e8498c,2.3.1,cpu,66216,8192,8192,True,2026-07-21 23:00:00+00:00,standard predictions output (trained 0.5 quantile),0.6111979499983136,4,True,,
Electricity-CISO,Chronos-2,2026-07-21 23:00:00+00:00,39295.0,2026-07-28 23:00:00+00:00,168,34899.0,37624.00390625,-4396.0,-1670.99609375,-1.0,-1.0,True,1751.1626544331396,1.5561112494898983,3.200024366378784e-06,66216,expanding,amazon/chronos-2,29ec3766d36d6f73f0696f85560a422f50e8498c,2.3.1,cpu,66216,8192,8192,True,2026-07-21 23:00:00+00:00,standard predictions output (trained 0.5 quantile),0.6111979499983136,4,True,,
Electricity-CISO,Chronos-2,2026-07-28 23:00:00+00:00,34899.0,2026-07-29 00:00:00+00:00,1,36922.0,35864.90234375,2023.0,965.90234375,1.0,1.0,True,1750.6026640086989,0.6038478507906276,3.400025889277458e-06,66384,expanding,amazon/chronos-2,29ec3766d36d6f73f0696f85560a422f50e8498c,2.3.1,cpu,66384,8192,8192,True,2026-07-28 23:00:00+00:00,standard predictions output (trained 0.5 quantile),0.6111979499983136,4,True,,
Electricity-CISO,Chronos-2,2026-07-28 23:00:00+00:00,34899.0,2026-07-29 23:00:00+00:00,24,35511.0,34988.01171875,612.0,89.01171875,1.0,1.0,True,1750.6026640086989,0.2987475639117394,3.400025889277458e-06,66384,expanding,amazon/chronos-2,29ec3766d36d6f73f0696f85560a422f50e8498c,2.3.1,cpu,66384,8192,8192,True,2026-07-28 23:00:00+00:00,standard predictions output (trained 0.5 quantile),0.6111979499983136,4,True,,
Electricity-CISO,Chronos-2,2026-07-28 23:00:00+00:00,34899.0,2026-08-04 23:00:00+00:00,168,39552.0,35849.21875,4653.0,950.21875,1.0,1.0,True,1750.6026640086989,2.1151465870165045,3.400025889277458e-06,66384,expanding,amazon/chronos-2,29ec3766d36d6f73f0696f85560a422f50e8498c,2.3.1,cpu,66384,8192,8192,True,2026-07-28 23:00:00+00:00,standard predictions output (trained 0.5 quantile),0.6111979499983136,4,True,,
Electricity-CISO,Chronos-2,2026-08-04 23:00:00+00:00,39552.0,2026-08-05 00:00:00+00:00,1,39877.0,40668.45703125,325.0,1116.45703125,1.0,1.0,True,1749.927151120752,0.45227998819442644,3.300025127828121e-06,66552,expanding,amazon/chronos-2,29ec3766d36d6f73f0696f85560a422f50e8498c,2.3.1,cpu,66552,8192,8192,True,2026-08-04 23:00:00+00:00,standard predictions output (trained 0.5 quantile),0.6111979499983136,4,True,,
Electricity-CISO,Chronos-2,2026-08-04 23:00:00+00:00,39552.0,2026-08-05 23:00:00+00:00,24,38797.0,39133.9453125,-755.0,-418.0546875,-1.0,-1.0,True,1749.927151120752,0.19254819395436046,3.300025127828121e-06,66552,expanding,amazon/chronos-2,29ec3766d36d6f73f0696f85560a422f50e8498c,2.3.1,cpu,66552,8192,8192,True,2026-08-04 23:00:00+00:00,standard predictions output (trained 0.5 quantile),0.6111979499983136,4,True,,
Electricity-CISO,Chronos-2,2026-08-04 23:00:00+00:00,39552.0,2026-08-11 23:00:00+00:00,168,37273.0,38925.453125,-2279.0,-626.546875,-1.0,-1.0,True,1749.927151120752,0.9442982377533121,3.300025127828121e-06,66552,expanding,amazon/chronos-2,29ec3766d36d6f73f0696f85560a422f50e8498c,2.3.1,cpu,66552,8192,8192,True,2026-08-04 23:00:00+00:00,standard predictions output (trained 0.5 quantile),0.6111979499983136,4,True,,
