dataset,model,origin,origin_actual,forecast_date,horizon,actual,forecast,actual_change,predicted_change,actual_direction,predicted_direction,direction_correct,mase_scale,scaled_absolute_error,elapsed_seconds,train_size,window,converged,iterations,warnflag,objective_value,optimizer_message,optimizer_status,initial_converged,initial_iterations,initial_warnflag,initial_objective_value,initial_optimizer_message,initial_optimizer_status,initial_parameters,retry_attempted,retry_accepted,retry_count,retry_parameter,retry_parameter_offset,retry_converged,retry_iterations,retry_warnflag,retry_objective_value,retry_optimizer_message,retry_optimizer_status,retry_history,forecast_is_finite,parameters_are_finite,parameters
Electricity-CISO,Naive,2024-12-31 23:00:00+00:00,24419.0,2025-01-01 00:00:00+00:00,1,23877.0,24419.0,-542.0,0.0,-1.0,0.0,False,1787.9697749809307,0.30313711539434757,2.0000035874545574e-05,52608,expanding,,,,,,,,,,,,,,,,,,,,,,,,,,,,
Electricity-CISO,Naive,2024-12-31 23:00:00+00:00,24419.0,2025-01-01 23:00:00+00:00,24,23003.0,24419.0,-1416.0,0.0,-1.0,0.0,False,1787.9697749809307,0.7919596963070039,2.0000035874545574e-05,52608,expanding,,,,,,,,,,,,,,,,,,,,,,,,,,,,
Electricity-CISO,Naive,2024-12-31 23:00:00+00:00,24419.0,2025-01-07 23:00:00+00:00,168,24159.0,24419.0,-260.0,0.0,-1.0,0.0,False,1787.9697749809307,0.1454163284179527,2.0000035874545574e-05,52608,expanding,,,,,,,,,,,,,,,,,,,,,,,,,,,,
Electricity-CISO,Naive,2025-01-07 23:00:00+00:00,24159.0,2025-01-08 00:00:00+00:00,1,24153.0,24159.0,-6.0,0.0,-1.0,0.0,False,1784.615438716545,0.003362068863595097,1.4199991710484028e-05,52776,expanding,,,,,,,,,,,,,,,,,,,,,,,,,,,,
Electricity-CISO,Naive,2025-01-07 23:00:00+00:00,24159.0,2025-01-08 23:00:00+00:00,24,23784.0,24159.0,-375.0,0.0,-1.0,0.0,False,1784.615438716545,0.21012930397469357,1.4199991710484028e-05,52776,expanding,,,,,,,,,,,,,,,,,,,,,,,,,,,,
Electricity-CISO,Naive,2025-01-07 23:00:00+00:00,24159.0,2025-01-14 23:00:00+00:00,168,24913.0,24159.0,754.0,0.0,1.0,0.0,False,1784.615438716545,0.4224999871917839,1.4199991710484028e-05,52776,expanding,,,,,,,,,,,,,,,,,,,,,,,,,,,,
Electricity-CISO,Naive,2025-01-14 23:00:00+00:00,24913.0,2025-01-15 00:00:00+00:00,1,24813.0,24913.0,-100.0,0.0,-1.0,0.0,False,1781.6639760497196,0.05612730646421813,1.3800105080008507e-05,52944,expanding,,,,,,,,,,,,,,,,,,,,,,,,,,,,
Electricity-CISO,Naive,2025-01-14 23:00:00+00:00,24913.0,2025-01-15 23:00:00+00:00,24,24075.0,24913.0,-838.0,0.0,-1.0,0.0,False,1781.6639760497196,0.4703468281701479,1.3800105080008507e-05,52944,expanding,,,,,,,,,,,,,,,,,,,,,,,,,,,,
Electricity-CISO,Naive,2025-01-14 23:00:00+00:00,24913.0,2025-01-21 23:00:00+00:00,168,24199.0,24913.0,-714.0,0.0,-1.0,0.0,False,1781.6639760497196,0.40074896815451744,1.3800105080008507e-05,52944,expanding,,,,,,,,,,,,,,,,,,,,,,,,,,,,
Electricity-CISO,Naive,2025-01-21 23:00:00+00:00,24199.0,2025-01-22 00:00:00+00:00,1,24040.0,24199.0,-159.0,0.0,-1.0,0.0,False,1778.3319734058628,0.08940962788600323,1.5199999324977398e-05,53112,expanding,,,,,,,,,,,,,,,,,,,,,,,,,,,,
Electricity-CISO,Naive,2025-01-21 23:00:00+00:00,24199.0,2025-01-22 23:00:00+00:00,24,25321.0,24199.0,1122.0,0.0,1.0,0.0,False,1778.3319734058628,0.6309283175351926,1.5199999324977398e-05,53112,expanding,,,,,,,,,,,,,,,,,,,,,,,,,,,,
Electricity-CISO,Naive,2025-01-21 23:00:00+00:00,24199.0,2025-01-28 23:00:00+00:00,168,22568.0,24199.0,-1631.0,0.0,-1.0,0.0,False,1778.3319734058628,0.9171515917111401,1.5199999324977398e-05,53112,expanding,,,,,,,,,,,,,,,,,,,,,,,,,,,,
Electricity-CISO,Naive,2025-01-28 23:00:00+00:00,22568.0,2025-01-29 00:00:00+00:00,1,22713.0,22568.0,145.0,0.0,1.0,0.0,False,1774.7921750263595,0.08169970661373152,4.23000892624259e-05,53280,expanding,,,,,,,,,,,,,,,,,,,,,,,,,,,,
Electricity-CISO,Naive,2025-01-28 23:00:00+00:00,22568.0,2025-01-29 23:00:00+00:00,24,23347.0,22568.0,779.0,0.0,1.0,0.0,False,1774.7921750263595,0.4389246307041162,4.23000892624259e-05,53280,expanding,,,,,,,,,,,,,,,,,,,,,,,,,,,,
Electricity-CISO,Naive,2025-01-28 23:00:00+00:00,22568.0,2025-02-04 23:00:00+00:00,168,26449.0,22568.0,3881.0,0.0,1.0,0.0,False,1774.7921750263595,2.186734905985462,4.23000892624259e-05,53280,expanding,,,,,,,,,,,,,,,,,,,,,,,,,,,,
Electricity-CISO,Naive,2025-02-04 23:00:00+00:00,26449.0,2025-02-05 00:00:00+00:00,1,26489.0,26449.0,40.0,0.0,1.0,0.0,False,1772.6428678678678,0.02256517695981929,1.4299992471933365e-05,53448,expanding,,,,,,,,,,,,,,,,,,,,,,,,,,,,
Electricity-CISO,Naive,2025-02-04 23:00:00+00:00,26449.0,2025-02-05 23:00:00+00:00,24,23875.0,26449.0,-2574.0,0.0,-1.0,0.0,False,1772.6428678678678,1.4520691373643713,1.4299992471933365e-05,53448,expanding,,,,,,,,,,,,,,,,,,,,,,,,,,,,
Electricity-CISO,Naive,2025-02-04 23:00:00+00:00,26449.0,2025-02-11 23:00:00+00:00,168,25624.0,26449.0,-825.0,0.0,-1.0,0.0,False,1772.6428678678678,0.46540677479627285,1.4299992471933365e-05,53448,expanding,,,,,,,,,,,,,,,,,,,,,,,,,,,,
Electricity-CISO,Naive,2025-02-11 23:00:00+00:00,25624.0,2025-02-12 00:00:00+00:00,1,25743.0,25624.0,119.0,0.0,1.0,0.0,False,1770.570629396797,0.0672099706299439,1.3599987141788006e-05,53616,expanding,,,,,,,,,,,,,,,,,,,,,,,,,,,,
Electricity-CISO,Naive,2025-02-11 23:00:00+00:00,25624.0,2025-02-12 23:00:00+00:00,24,27192.0,25624.0,1568.0,0.0,1.0,0.0,False,1770.570629396797,0.8855902012416137,1.3599987141788006e-05,53616,expanding,,,,,,,,,,,,,,,,,,,,,,,,,,,,
Electricity-CISO,Naive,2025-02-11 23:00:00+00:00,25624.0,2025-02-18 23:00:00+00:00,168,21773.0,25624.0,-3851.0,0.0,-1.0,0.0,False,1770.570629396797,2.17500501593205,1.3599987141788006e-05,53616,expanding,,,,,,,,,,,,,,,,,,,,,,,,,,,,
Electricity-CISO,Naive,2025-02-18 23:00:00+00:00,21773.0,2025-02-19 00:00:00+00:00,1,21552.0,21773.0,-221.0,0.0,-1.0,0.0,False,1767.9873545210385,0.12500089405892306,1.4299992471933365e-05,53784,expanding,,,,,,,,,,,,,,,,,,,,,,,,,,,,
Electricity-CISO,Naive,2025-02-18 23:00:00+00:00,21773.0,2025-02-19 23:00:00+00:00,24,23458.0,21773.0,1685.0,0.0,1.0,0.0,False,1767.9873545210385,0.9530611153361329,1.4299992471933365e-05,53784,expanding,,,,,,,,,,,,,,,,,,,,,,,,,,,,
Electricity-CISO,Naive,2025-02-18 23:00:00+00:00,21773.0,2025-02-25 23:00:00+00:00,168,22170.0,21773.0,397.0,0.0,1.0,0.0,False,1767.9873545210385,0.22454911738186634,1.4299992471933365e-05,53784,expanding,,,,,,,,,,,,,,,,,,,,,,,,,,,,
Electricity-CISO,Naive,2025-02-25 23:00:00+00:00,22170.0,2025-02-26 00:00:00+00:00,1,22080.0,22170.0,-90.0,0.0,-1.0,0.0,False,1767.380633645694,0.05092281667382028,1.379998866468668e-05,53952,expanding,,,,,,,,,,,,,,,,,,,,,,,,,,,,
Electricity-CISO,Naive,2025-02-25 23:00:00+00:00,22170.0,2025-02-26 23:00:00+00:00,24,21051.0,22170.0,-1119.0,0.0,-1.0,0.0,False,1767.380633645694,0.6331403539778322,1.379998866468668e-05,53952,expanding,,,,,,,,,,,,,,,,,,,,,,,,,,,,
Electricity-CISO,Naive,2025-02-25 23:00:00+00:00,22170.0,2025-03-04 23:00:00+00:00,168,21596.0,22170.0,-574.0,0.0,-1.0,0.0,False,1767.380633645694,0.3247744085641427,1.379998866468668e-05,53952,expanding,,,,,,,,,,,,,,,,,,,,,,,,,,,,
Electricity-CISO,Naive,2025-03-04 23:00:00+00:00,21596.0,2025-03-05 00:00:00+00:00,1,21649.0,21596.0,53.0,0.0,1.0,0.0,False,1764.372052935943,0.03003901581404396,1.309998333454132e-05,54120,expanding,,,,,,,,,,,,,,,,,,,,,,,,,,,,
Electricity-CISO,Naive,2025-03-04 23:00:00+00:00,21596.0,2025-03-05 23:00:00+00:00,24,25647.0,21596.0,4051.0,0.0,1.0,0.0,False,1764.372052935943,2.2960010011828698,1.309998333454132e-05,54120,expanding,,,,,,,,,,,,,,,,,,,,,,,,,,,,
Electricity-CISO,Naive,2025-03-04 23:00:00+00:00,21596.0,2025-03-11 23:00:00+00:00,168,21750.0,21596.0,154.0,0.0,1.0,0.0,False,1764.372052935943,0.08728317802571264,1.309998333454132e-05,54120,expanding,,,,,,,,,,,,,,,,,,,,,,,,,,,,
Electricity-CISO,Naive,2025-03-11 23:00:00+00:00,21750.0,2025-03-12 00:00:00+00:00,1,22433.0,21750.0,683.0,0.0,1.0,0.0,False,1763.110384331116,0.3873835728436905,1.309998333454132e-05,54288,expanding,,,,,,,,,,,,,,,,,,,,,,,,,,,,
Electricity-CISO,Naive,2025-03-11 23:00:00+00:00,21750.0,2025-03-12 23:00:00+00:00,24,24698.0,21750.0,2948.0,0.0,1.0,0.0,False,1763.110384331116,1.6720450552609072,1.309998333454132e-05,54288,expanding,,,,,,,,,,,,,,,,,,,,,,,,,,,,
Electricity-CISO,Naive,2025-03-11 23:00:00+00:00,21750.0,2025-03-18 23:00:00+00:00,168,19448.0,21750.0,-2302.0,0.0,-1.0,0.0,False,1763.110384331116,1.3056471225273434,1.309998333454132e-05,54288,expanding,,,,,,,,,,,,,,,,,,,,,,,,,,,,
Electricity-CISO,Naive,2025-03-18 23:00:00+00:00,19448.0,2025-03-19 00:00:00+00:00,1,19269.0,19448.0,-179.0,0.0,-1.0,0.0,False,1761.0321249631595,0.10164493734249433,1.300009898841381e-05,54456,expanding,,,,,,,,,,,,,,,,,,,,,,,,,,,,
Electricity-CISO,Naive,2025-03-18 23:00:00+00:00,19448.0,2025-03-19 23:00:00+00:00,24,21148.0,19448.0,1700.0,0.0,1.0,0.0,False,1761.0321249631595,0.9653429803477116,1.300009898841381e-05,54456,expanding,,,,,,,,,,,,,,,,,,,,,,,,,,,,
Electricity-CISO,Naive,2025-03-18 23:00:00+00:00,19448.0,2025-03-25 23:00:00+00:00,168,21937.0,19448.0,2489.0,0.0,1.0,0.0,False,1761.0321249631595,1.4133756929914436,1.300009898841381e-05,54456,expanding,,,,,,,,,,,,,,,,,,,,,,,,,,,,
Electricity-CISO,Naive,2025-03-25 23:00:00+00:00,21937.0,2025-03-26 00:00:00+00:00,1,22845.0,21937.0,908.0,0.0,1.0,0.0,False,1760.4323306889967,0.5157823928651819,1.279998105019331e-05,54624,expanding,,,,,,,,,,,,,,,,,,,,,,,,,,,,
Electricity-CISO,Naive,2025-03-25 23:00:00+00:00,21937.0,2025-03-26 23:00:00+00:00,24,24147.0,21937.0,2210.0,0.0,1.0,0.0,False,1760.4323306889967,1.2553734451894847,1.279998105019331e-05,54624,expanding,,,,,,,,,,,,,,,,,,,,,,,,,,,,
Electricity-CISO,Naive,2025-03-25 23:00:00+00:00,21937.0,2025-04-01 23:00:00+00:00,168,23846.0,21937.0,1909.0,0.0,1.0,0.0,False,1760.4323306889967,1.0843927180392428,1.279998105019331e-05,54624,expanding,,,,,,,,,,,,,,,,,,,,,,,,,,,,
Electricity-CISO,Naive,2025-04-01 23:00:00+00:00,23846.0,2025-04-02 00:00:00+00:00,1,23497.0,23846.0,-349.0,0.0,-1.0,0.0,False,1758.8729679261862,0.1984225162158762,1.3199984095990658e-05,54792,expanding,,,,,,,,,,,,,,,,,,,,,,,,,,,,
Electricity-CISO,Naive,2025-04-01 23:00:00+00:00,23846.0,2025-04-02 23:00:00+00:00,24,22052.0,23846.0,-1794.0,0.0,-1.0,0.0,False,1758.8729679261862,1.0199713297744468,1.3199984095990658e-05,54792,expanding,,,,,,,,,,,,,,,,,,,,,,,,,,,,
Electricity-CISO,Naive,2025-04-01 23:00:00+00:00,23846.0,2025-04-08 23:00:00+00:00,168,21312.0,23846.0,-2534.0,0.0,-1.0,0.0,False,1758.8729679261862,1.4406952896591128,1.3199984095990658e-05,54792,expanding,,,,,,,,,,,,,,,,,,,,,,,,,,,,
Electricity-CISO,Naive,2025-04-08 23:00:00+00:00,21312.0,2025-04-09 00:00:00+00:00,1,21622.0,21312.0,310.0,0.0,1.0,0.0,False,1756.3358884508687,0.17650382369253276,1.279998105019331e-05,54960,expanding,,,,,,,,,,,,,,,,,,,,,,,,,,,,
Electricity-CISO,Naive,2025-04-08 23:00:00+00:00,21312.0,2025-04-09 23:00:00+00:00,24,22753.0,21312.0,1441.0,0.0,1.0,0.0,False,1756.3358884508687,0.8204580965836764,1.279998105019331e-05,54960,expanding,,,,,,,,,,,,,,,,,,,,,,,,,,,,
Electricity-CISO,Naive,2025-04-08 23:00:00+00:00,21312.0,2025-04-15 23:00:00+00:00,168,24220.0,21312.0,2908.0,0.0,1.0,0.0,False,1756.3358884508687,1.6557197396705976,1.279998105019331e-05,54960,expanding,,,,,,,,,,,,,,,,,,,,,,,,,,,,
Electricity-CISO,Naive,2025-04-15 23:00:00+00:00,24220.0,2025-04-16 00:00:00+00:00,1,23627.0,24220.0,-593.0,0.0,-1.0,0.0,False,1754.75576783115,0.3379387666768798,1.7900019884109497e-05,55128,expanding,,,,,,,,,,,,,,,,,,,,,,,,,,,,
Electricity-CISO,Naive,2025-04-15 23:00:00+00:00,24220.0,2025-04-16 23:00:00+00:00,24,24528.0,24220.0,308.0,0.0,1.0,0.0,False,1754.75576783115,0.17552300191649067,1.7900019884109497e-05,55128,expanding,,,,,,,,,,,,,,,,,,,,,,,,,,,,
Electricity-CISO,Naive,2025-04-15 23:00:00+00:00,24220.0,2025-04-22 23:00:00+00:00,168,22038.0,24220.0,-2182.0,0.0,-1.0,0.0,False,1754.75576783115,1.243477890200593,1.7900019884109497e-05,55128,expanding,,,,,,,,,,,,,,,,,,,,,,,,,,,,
Electricity-CISO,Naive,2025-04-22 23:00:00+00:00,22038.0,2025-04-23 00:00:00+00:00,1,22677.0,22038.0,639.0,0.0,1.0,0.0,False,1753.175754607459,0.3644814265316337,1.4499993994832039e-05,55296,expanding,,,,,,,,,,,,,,,,,,,,,,,,,,,,
Electricity-CISO,Naive,2025-04-22 23:00:00+00:00,22038.0,2025-04-23 23:00:00+00:00,24,22657.0,22038.0,619.0,0.0,1.0,0.0,False,1753.175754607459,0.35307355715662164,1.4499993994832039e-05,55296,expanding,,,,,,,,,,,,,,,,,,,,,,,,,,,,
Electricity-CISO,Naive,2025-04-22 23:00:00+00:00,22038.0,2025-04-29 23:00:00+00:00,168,21404.0,22038.0,-634.0,0.0,-1.0,0.0,False,1753.175754607459,0.36162945918788064,1.4499993994832039e-05,55296,expanding,,,,,,,,,,,,,,,,,,,,,,,,,,,,
Electricity-CISO,Naive,2025-04-29 23:00:00+00:00,21404.0,2025-04-30 00:00:00+00:00,1,21885.0,21404.0,481.0,0.0,1.0,0.0,False,1750.9233036747685,0.27471220412138914,1.3299984857439995e-05,55464,expanding,,,,,,,,,,,,,,,,,,,,,,,,,,,,
Electricity-CISO,Naive,2025-04-29 23:00:00+00:00,21404.0,2025-04-30 23:00:00+00:00,24,22170.0,21404.0,766.0,0.0,1.0,0.0,False,1750.9233036747685,0.4374834685176384,1.3299984857439995e-05,55464,expanding,,,,,,,,,,,,,,,,,,,,,,,,,,,,
Electricity-CISO,Naive,2025-04-29 23:00:00+00:00,21404.0,2025-05-06 23:00:00+00:00,168,25716.0,21404.0,4312.0,0.0,1.0,0.0,False,1750.9233036747685,2.462700673953077,1.3299984857439995e-05,55464,expanding,,,,,,,,,,,,,,,,,,,,,,,,,,,,
Electricity-CISO,Naive,2025-05-06 23:00:00+00:00,25716.0,2025-05-07 00:00:00+00:00,1,25666.0,25716.0,-50.0,0.0,-1.0,0.0,False,1747.8632626568585,0.02860635672609593,1.400010660290718e-05,55632,expanding,,,,,,,,,,,,,,,,,,,,,,,,,,,,
Electricity-CISO,Naive,2025-05-06 23:00:00+00:00,25716.0,2025-05-07 23:00:00+00:00,24,23078.0,25716.0,-2638.0,0.0,-1.0,0.0,False,1747.8632626568585,1.5092713808688212,1.400010660290718e-05,55632,expanding,,,,,,,,,,,,,,,,,,,,,,,,,,,,
Electricity-CISO,Naive,2025-05-06 23:00:00+00:00,25716.0,2025-05-13 23:00:00+00:00,168,22753.0,25716.0,-2963.0,0.0,-1.0,0.0,False,1747.8632626568585,1.6952126995884447,1.400010660290718e-05,55632,expanding,,,,,,,,,,,,,,,,,,,,,,,,,,,,
Electricity-CISO,Naive,2025-05-13 23:00:00+00:00,22753.0,2025-05-14 00:00:00+00:00,1,22350.0,22753.0,-403.0,0.0,-1.0,0.0,False,1748.2592932125394,0.2305150051623415,1.2699980288743973e-05,55800,expanding,,,,,,,,,,,,,,,,,,,,,,,,,,,,
Electricity-CISO,Naive,2025-05-13 23:00:00+00:00,22753.0,2025-05-14 23:00:00+00:00,24,21674.0,22753.0,-1079.0,0.0,-1.0,0.0,False,1748.2592932125394,0.6171853364023981,1.2699980288743973e-05,55800,expanding,,,,,,,,,,,,,,,,,,,,,,,,,,,,
Electricity-CISO,Naive,2025-05-13 23:00:00+00:00,22753.0,2025-05-20 23:00:00+00:00,168,25969.0,22753.0,3216.0,0.0,1.0,0.0,False,1748.2592932125394,1.8395440610473703,1.2699980288743973e-05,55800,expanding,,,,,,,,,,,,,,,,,,,,,,,,,,,,
Electricity-CISO,Naive,2025-05-20 23:00:00+00:00,25969.0,2025-05-21 00:00:00+00:00,1,26678.0,25969.0,709.0,0.0,1.0,0.0,False,1748.5200896057347,0.40548576148179627,1.3400102034211159e-05,55968,expanding,,,,,,,,,,,,,,,,,,,,,,,,,,,,
Electricity-CISO,Naive,2025-05-20 23:00:00+00:00,25969.0,2025-05-21 23:00:00+00:00,24,27665.0,25969.0,1696.0,0.0,1.0,0.0,False,1748.5200896057347,0.969963119144043,1.3400102034211159e-05,55968,expanding,,,,,,,,,,,,,,,,,,,,,,,,,,,,
Electricity-CISO,Naive,2025-05-20 23:00:00+00:00,25969.0,2025-05-27 23:00:00+00:00,168,23344.0,25969.0,-2625.0,0.0,-1.0,0.0,False,1748.5200896057347,1.5012695682506563,1.3400102034211159e-05,55968,expanding,,,,,,,,,,,,,,,,,,,,,,,,,,,,
Electricity-CISO,Naive,2025-05-27 23:00:00+00:00,23344.0,2025-05-28 00:00:00+00:00,1,23901.0,23344.0,557.0,0.0,1.0,0.0,False,1748.858776443682,0.31849341267718817,1.3599987141788006e-05,56136,expanding,,,,,,,,,,,,,,,,,,,,,,,,,,,,
Electricity-CISO,Naive,2025-05-27 23:00:00+00:00,23344.0,2025-05-28 23:00:00+00:00,24,24341.0,23344.0,997.0,0.0,1.0,0.0,False,1748.858776443682,0.5700860546483961,1.3599987141788006e-05,56136,expanding,,,,,,,,,,,,,,,,,,,,,,,,,,,,
Electricity-CISO,Naive,2025-05-27 23:00:00+00:00,23344.0,2025-06-03 23:00:00+00:00,168,26559.0,23344.0,3215.0,0.0,1.0,0.0,False,1748.858776443682,1.8383416907668941,1.3599987141788006e-05,56136,expanding,,,,,,,,,,,,,,,,,,,,,,,,,,,,
Electricity-CISO,Naive,2025-06-03 23:00:00+00:00,26559.0,2025-06-04 00:00:00+00:00,1,27242.0,26559.0,683.0,0.0,1.0,0.0,False,1753.4188043323359,0.3895247377936452,1.2899981811642647e-05,56304,expanding,,,,,,,,,,,,,,,,,,,,,,,,,,,,
Electricity-CISO,Naive,2025-06-03 23:00:00+00:00,26559.0,2025-06-04 23:00:00+00:00,24,26925.0,26559.0,366.0,0.0,1.0,0.0,False,1753.4188043323359,0.20873507178985964,1.2899981811642647e-05,56304,expanding,,,,,,,,,,,,,,,,,,,,,,,,,,,,
Electricity-CISO,Naive,2025-06-03 23:00:00+00:00,26559.0,2025-06-10 23:00:00+00:00,168,28008.0,26559.0,1449.0,0.0,1.0,0.0,False,1753.4188043323359,0.8263855711024771,1.2899981811642647e-05,56304,expanding,,,,,,,,,,,,,,,,,,,,,,,,,,,,
Electricity-CISO,Naive,2025-06-10 23:00:00+00:00,28008.0,2025-06-11 00:00:00+00:00,1,28551.0,28008.0,543.0,0.0,1.0,0.0,False,1753.2599104859335,0.3097087869017105,1.309998333454132e-05,56472,expanding,,,,,,,,,,,,,,,,,,,,,,,,,,,,
Electricity-CISO,Naive,2025-06-10 23:00:00+00:00,28008.0,2025-06-11 23:00:00+00:00,24,26443.0,28008.0,-1565.0,0.0,-1.0,0.0,False,1753.2599104859335,0.892622930941394,1.309998333454132e-05,56472,expanding,,,,,,,,,,,,,,,,,,,,,,,,,,,,
Electricity-CISO,Naive,2025-06-10 23:00:00+00:00,28008.0,2025-06-17 23:00:00+00:00,168,30078.0,28008.0,2070.0,0.0,1.0,0.0,False,1753.2599104859335,1.1806578064208852,1.309998333454132e-05,56472,expanding,,,,,,,,,,,,,,,,,,,,,,,,,,,,
Electricity-CISO,Naive,2025-06-17 23:00:00+00:00,30078.0,2025-06-18 00:00:00+00:00,1,31441.0,30078.0,1363.0,0.0,1.0,0.0,False,1750.8783822071116,0.7784664051205189,1.300009898841381e-05,56640,expanding,,,,,,,,,,,,,,,,,,,,,,,,,,,,
Electricity-CISO,Naive,2025-06-17 23:00:00+00:00,30078.0,2025-06-18 23:00:00+00:00,24,30418.0,30078.0,340.0,0.0,1.0,0.0,False,1750.8783822071116,0.1941882448576496,1.300009898841381e-05,56640,expanding,,,,,,,,,,,,,,,,,,,,,,,,,,,,
Electricity-CISO,Naive,2025-06-17 23:00:00+00:00,30078.0,2025-06-24 23:00:00+00:00,168,25945.0,30078.0,-4133.0,0.0,-1.0,0.0,False,1750.8783822071116,2.360529458813723,1.300009898841381e-05,56640,expanding,,,,,,,,,,,,,,,,,,,,,,,,,,,,
Electricity-CISO,Naive,2025-06-24 23:00:00+00:00,25945.0,2025-06-25 00:00:00+00:00,1,25736.0,25945.0,-209.0,0.0,-1.0,0.0,False,1751.0899894067798,0.11935423151542505,1.2499978765845299e-05,56808,expanding,,,,,,,,,,,,,,,,,,,,,,,,,,,,
Electricity-CISO,Naive,2025-06-24 23:00:00+00:00,25945.0,2025-06-25 23:00:00+00:00,24,26369.0,25945.0,424.0,0.0,1.0,0.0,False,1751.0899894067798,0.2421349002992355,1.2499978765845299e-05,56808,expanding,,,,,,,,,,,,,,,,,,,,,,,,,,,,
Electricity-CISO,Naive,2025-06-24 23:00:00+00:00,25945.0,2025-07-01 23:00:00+00:00,168,28964.0,25945.0,3019.0,0.0,1.0,0.0,False,1751.0899894067798,1.7240690188759247,1.2499978765845299e-05,56808,expanding,,,,,,,,,,,,,,,,,,,,,,,,,,,,
Electricity-CISO,Naive,2025-07-01 23:00:00+00:00,28964.0,2025-07-02 00:00:00+00:00,1,30940.0,28964.0,1976.0,0.0,1.0,0.0,False,1754.7059921137868,1.1261145792404994,1.2699980288743973e-05,56976,expanding,,,,,,,,,,,,,,,,,,,,,,,,,,,,
Electricity-CISO,Naive,2025-07-01 23:00:00+00:00,28964.0,2025-07-02 23:00:00+00:00,24,29255.0,28964.0,291.0,0.0,1.0,0.0,False,1754.7059921137868,0.1658397482585958,1.2699980288743973e-05,56976,expanding,,,,,,,,,,,,,,,,,,,,,,,,,,,,
Electricity-CISO,Naive,2025-07-01 23:00:00+00:00,28964.0,2025-07-08 23:00:00+00:00,168,29182.0,28964.0,218.0,0.0,1.0,0.0,False,1754.7059921137868,0.12423733718341541,1.2699980288743973e-05,56976,expanding,,,,,,,,,,,,,,,,,,,,,,,,,,,,
Electricity-CISO,Naive,2025-07-08 23:00:00+00:00,29182.0,2025-07-09 00:00:00+00:00,1,30387.0,29182.0,1205.0,0.0,1.0,0.0,False,1754.6949943836,0.6867290348789646,1.3599987141788006e-05,57144,expanding,,,,,,,,,,,,,,,,,,,,,,,,,,,,
Electricity-CISO,Naive,2025-07-08 23:00:00+00:00,29182.0,2025-07-09 23:00:00+00:00,24,30298.0,29182.0,1116.0,0.0,1.0,0.0,False,1754.6949943836,0.6360079692323025,1.3599987141788006e-05,57144,expanding,,,,,,,,,,,,,,,,,,,,,,,,,,,,
Electricity-CISO,Naive,2025-07-08 23:00:00+00:00,29182.0,2025-07-15 23:00:00+00:00,168,30319.0,29182.0,1137.0,0.0,1.0,0.0,False,1754.6949943836,0.6479758611264588,1.3599987141788006e-05,57144,expanding,,,,,,,,,,,,,,,,,,,,,,,,,,,,
Electricity-CISO,Naive,2025-07-15 23:00:00+00:00,30319.0,2025-07-16 00:00:00+00:00,1,30933.0,30319.0,614.0,0.0,1.0,0.0,False,1757.1244400111998,0.3494345568354205,1.27000967040658e-05,57312,expanding,,,,,,,,,,,,,,,,,,,,,,,,,,,,
Electricity-CISO,Naive,2025-07-15 23:00:00+00:00,30319.0,2025-07-16 23:00:00+00:00,24,30037.0,30319.0,-282.0,0.0,-1.0,0.0,False,1757.1244400111998,0.16048948701561658,1.27000967040658e-05,57312,expanding,,,,,,,,,,,,,,,,,,,,,,,,,,,,
Electricity-CISO,Naive,2025-07-15 23:00:00+00:00,30319.0,2025-07-22 23:00:00+00:00,168,29139.0,30319.0,-1180.0,0.0,-1.0,0.0,False,1757.1244400111998,0.6715517541788212,1.27000967040658e-05,57312,expanding,,,,,,,,,,,,,,,,,,,,,,,,,,,,
Electricity-CISO,Naive,2025-07-22 23:00:00+00:00,29139.0,2025-07-23 00:00:00+00:00,1,28839.0,29139.0,-300.0,0.0,-1.0,0.0,False,1757.149671970966,0.17073104516105048,1.2499978765845299e-05,57480,expanding,,,,,,,,,,,,,,,,,,,,,,,,,,,,
Electricity-CISO,Naive,2025-07-22 23:00:00+00:00,29139.0,2025-07-23 23:00:00+00:00,24,28201.0,29139.0,-938.0,0.0,-1.0,0.0,False,1757.149671970966,0.5338190678702178,1.2499978765845299e-05,57480,expanding,,,,,,,,,,,,,,,,,,,,,,,,,,,,
Electricity-CISO,Naive,2025-07-22 23:00:00+00:00,29139.0,2025-07-29 23:00:00+00:00,168,29804.0,29139.0,665.0,0.0,1.0,0.0,False,1757.149671970966,0.37845381677366186,1.2499978765845299e-05,57480,expanding,,,,,,,,,,,,,,,,,,,,,,,,,,,,
Electricity-CISO,Naive,2025-07-29 23:00:00+00:00,29804.0,2025-07-30 00:00:00+00:00,1,30941.0,29804.0,1137.0,0.0,1.0,0.0,False,1756.4776096033404,0.6473182429332333,1.279998105019331e-05,57648,expanding,,,,,,,,,,,,,,,,,,,,,,,,,,,,
Electricity-CISO,Naive,2025-07-29 23:00:00+00:00,29804.0,2025-07-30 23:00:00+00:00,24,30255.0,29804.0,451.0,0.0,1.0,0.0,False,1756.4776096033404,0.2567638764845103,1.279998105019331e-05,57648,expanding,,,,,,,,,,,,,,,,,,,,,,,,,,,,
Electricity-CISO,Naive,2025-07-29 23:00:00+00:00,29804.0,2025-08-05 23:00:00+00:00,168,29913.0,29804.0,109.0,0.0,1.0,0.0,False,1756.4776096033404,0.06205601449403907,1.279998105019331e-05,57648,expanding,,,,,,,,,,,,,,,,,,,,,,,,,,,,
Electricity-CISO,Naive,2025-08-05 23:00:00+00:00,29913.0,2025-08-06 00:00:00+00:00,1,31329.0,29913.0,1416.0,0.0,1.0,0.0,False,1756.4079066056065,0.8061908595802948,1.279998105019331e-05,57816,expanding,,,,,,,,,,,,,,,,,,,,,,,,,,,,
Electricity-CISO,Naive,2025-08-05 23:00:00+00:00,29913.0,2025-08-06 23:00:00+00:00,24,33369.0,29913.0,3456.0,0.0,1.0,0.0,False,1756.4079066056065,1.967652267450211,1.279998105019331e-05,57816,expanding,,,,,,,,,,,,,,,,,,,,,,,,,,,,
Electricity-CISO,Naive,2025-08-05 23:00:00+00:00,29913.0,2025-08-12 23:00:00+00:00,168,32593.0,29913.0,2680.0,0.0,1.0,0.0,False,1756.4079066056065,1.525841457397733,1.279998105019331e-05,57816,expanding,,,,,,,,,,,,,,,,,,,,,,,,,,,,
Electricity-CISO,Naive,2025-08-12 23:00:00+00:00,32593.0,2025-08-13 00:00:00+00:00,1,33927.0,32593.0,1334.0,0.0,1.0,0.0,False,1760.221599557216,0.7578591242918323,1.209997572004795e-05,57984,expanding,,,,,,,,,,,,,,,,,,,,,,,,,,,,
Electricity-CISO,Naive,2025-08-12 23:00:00+00:00,32593.0,2025-08-13 23:00:00+00:00,24,31886.0,32593.0,-707.0,0.0,-1.0,0.0,False,1760.221599557216,0.4016539736689096,1.209997572004795e-05,57984,expanding,,,,,,,,,,,,,,,,,,,,,,,,,,,,
Electricity-CISO,Naive,2025-08-12 23:00:00+00:00,32593.0,2025-08-19 23:00:00+00:00,168,31730.0,32593.0,-863.0,0.0,-1.0,0.0,False,1760.221599557216,0.49027917860858417,1.209997572004795e-05,57984,expanding,,,,,,,,,,,,,,,,,,,,,,,,,,,,
Electricity-CISO,Naive,2025-08-19 23:00:00+00:00,31730.0,2025-08-20 00:00:00+00:00,1,33244.0,31730.0,1514.0,0.0,1.0,0.0,False,1762.856167218543,0.8588335385233433,1.2999982573091984e-05,58152,expanding,,,,,,,,,,,,,,,,,,,,,,,,,,,,
Electricity-CISO,Naive,2025-08-19 23:00:00+00:00,31730.0,2025-08-20 23:00:00+00:00,24,34395.0,31730.0,2665.0,0.0,1.0,0.0,False,1762.856167218543,1.5117512418525165,1.2999982573091984e-05,58152,expanding,,,,,,,,,,,,,,,,,,,,,,,,,,,,
Electricity-CISO,Naive,2025-08-19 23:00:00+00:00,31730.0,2025-08-26 23:00:00+00:00,168,33242.0,31730.0,1512.0,0.0,1.0,0.0,False,1762.856167218543,0.8576990160153865,1.2999982573091984e-05,58152,expanding,,,,,,,,,,,,,,,,,,,,,,,,,,,,
Electricity-CISO,Naive,2025-08-26 23:00:00+00:00,33242.0,2025-08-27 00:00:00+00:00,1,34444.0,33242.0,1202.0,0.0,1.0,0.0,False,1768.705341174852,0.6795931306463849,1.2499978765845299e-05,58320,expanding,,,,,,,,,,,,,,,,,,,,,,,,,,,,
Electricity-CISO,Naive,2025-08-26 23:00:00+00:00,33242.0,2025-08-27 23:00:00+00:00,24,35317.0,33242.0,2075.0,0.0,1.0,0.0,False,1768.705341174852,1.1731744975800737,1.2499978765845299e-05,58320,expanding,,,,,,,,,,,,,,,,,,,,,,,,,,,,
Electricity-CISO,Naive,2025-08-26 23:00:00+00:00,33242.0,2025-09-02 23:00:00+00:00,168,38349.0,33242.0,5107.0,0.0,1.0,0.0,False,1768.705341174852,2.887422727297078,1.2499978765845299e-05,58320,expanding,,,,,,,,,,,,,,,,,,,,,,,,,,,,
Electricity-CISO,Naive,2025-09-02 23:00:00+00:00,38349.0,2025-09-03 00:00:00+00:00,1,40108.0,38349.0,1759.0,0.0,1.0,0.0,False,1768.9523491083676,0.9943738738279841,1.2999982573091984e-05,58488,expanding,,,,,,,,,,,,,,,,,,,,,,,,,,,,
Electricity-CISO,Naive,2025-09-02 23:00:00+00:00,38349.0,2025-09-03 23:00:00+00:00,24,37420.0,38349.0,-929.0,0.0,-1.0,0.0,False,1768.9523491083676,0.5251696013565647,1.2999982573091984e-05,58488,expanding,,,,,,,,,,,,,,,,,,,,,,,,,,,,
Electricity-CISO,Naive,2025-09-02 23:00:00+00:00,38349.0,2025-09-09 23:00:00+00:00,168,30063.0,38349.0,-8286.0,0.0,-1.0,0.0,False,1768.9523491083676,4.684128435780941,1.2999982573091984e-05,58488,expanding,,,,,,,,,,,,,,,,,,,,,,,,,,,,
Electricity-CISO,Naive,2025-09-09 23:00:00+00:00,30063.0,2025-09-10 00:00:00+00:00,1,30730.0,30063.0,667.0,0.0,1.0,0.0,False,1769.9700280399397,0.3768425393839206,1.2899981811642647e-05,58656,expanding,,,,,,,,,,,,,,,,,,,,,,,,,,,,
Electricity-CISO,Naive,2025-09-09 23:00:00+00:00,30063.0,2025-09-10 23:00:00+00:00,24,30594.0,30063.0,531.0,0.0,1.0,0.0,False,1769.9700280399397,0.30000508007925314,1.2899981811642647e-05,58656,expanding,,,,,,,,,,,,,,,,,,,,,,,,,,,,
Electricity-CISO,Naive,2025-09-09 23:00:00+00:00,30063.0,2025-09-16 23:00:00+00:00,168,37359.0,30063.0,7296.0,0.0,1.0,0.0,False,1769.9700280399397,4.122103699168043,1.2899981811642647e-05,58656,expanding,,,,,,,,,,,,,,,,,,,,,,,,,,,,
Electricity-CISO,Naive,2025-09-16 23:00:00+00:00,37359.0,2025-09-17 00:00:00+00:00,1,39305.0,37359.0,1946.0,0.0,1.0,0.0,False,1774.708128750682,1.0965183336202444,1.2899981811642647e-05,58824,expanding,,,,,,,,,,,,,,,,,,,,,,,,,,,,
Electricity-CISO,Naive,2025-09-16 23:00:00+00:00,37359.0,2025-09-17 23:00:00+00:00,24,38314.0,37359.0,955.0,0.0,1.0,0.0,False,1774.708128750682,0.538116653960603,1.2899981811642647e-05,58824,expanding,,,,,,,,,,,,,,,,,,,,,,,,,,,,
Electricity-CISO,Naive,2025-09-16 23:00:00+00:00,37359.0,2025-09-23 23:00:00+00:00,168,36285.0,37359.0,-1074.0,0.0,-1.0,0.0,False,1774.708128750682,0.6051699333546467,1.2899981811642647e-05,58824,expanding,,,,,,,,,,,,,,,,,,,,,,,,,,,,
Electricity-CISO,Naive,2025-09-23 23:00:00+00:00,36285.0,2025-09-24 00:00:00+00:00,1,37874.0,36285.0,1589.0,0.0,1.0,0.0,False,1775.5543825649395,0.8949317551764053,1.27000967040658e-05,58992,expanding,,,,,,,,,,,,,,,,,,,,,,,,,,,,
Electricity-CISO,Naive,2025-09-23 23:00:00+00:00,36285.0,2025-09-24 23:00:00+00:00,24,35649.0,36285.0,-636.0,0.0,-1.0,0.0,False,1775.5543825649395,0.35819798382139323,1.27000967040658e-05,58992,expanding,,,,,,,,,,,,,,,,,,,,,,,,,,,,
Electricity-CISO,Naive,2025-09-23 23:00:00+00:00,36285.0,2025-09-30 23:00:00+00:00,168,29664.0,36285.0,-6621.0,0.0,-1.0,0.0,False,1775.5543825649395,3.728976180631202,1.27000967040658e-05,58992,expanding,,,,,,,,,,,,,,,,,,,,,,,,,,,,
Electricity-CISO,Naive,2025-09-30 23:00:00+00:00,29664.0,2025-10-01 00:00:00+00:00,1,29650.0,29664.0,-14.0,0.0,-1.0,0.0,False,1775.9870151885002,0.007882940517171554,1.2899981811642647e-05,59160,expanding,,,,,,,,,,,,,,,,,,,,,,,,,,,,
Electricity-CISO,Naive,2025-09-30 23:00:00+00:00,29664.0,2025-10-01 23:00:00+00:00,24,29674.0,29664.0,10.0,0.0,1.0,0.0,False,1775.9870151885002,0.005630671797979681,1.2899981811642647e-05,59160,expanding,,,,,,,,,,,,,,,,,,,,,,,,,,,,
Electricity-CISO,Naive,2025-09-30 23:00:00+00:00,29664.0,2025-10-07 23:00:00+00:00,168,27888.0,29664.0,-1776.0,0.0,-1.0,0.0,False,1775.9870151885002,1.0000073113211914,1.2899981811642647e-05,59160,expanding,,,,,,,,,,,,,,,,,,,,,,,,,,,,
Electricity-CISO,Naive,2025-10-07 23:00:00+00:00,27888.0,2025-10-08 00:00:00+00:00,1,27935.0,27888.0,47.0,0.0,1.0,0.0,False,1777.6995605138607,0.026438663227443343,1.2899981811642647e-05,59328,expanding,,,,,,,,,,,,,,,,,,,,,,,,,,,,
Electricity-CISO,Naive,2025-10-07 23:00:00+00:00,27888.0,2025-10-08 23:00:00+00:00,24,26716.0,27888.0,-1172.0,0.0,-1.0,0.0,False,1777.6995605138607,0.6592790064375234,1.2899981811642647e-05,59328,expanding,,,,,,,,,,,,,,,,,,,,,,,,,,,,
Electricity-CISO,Naive,2025-10-07 23:00:00+00:00,27888.0,2025-10-14 23:00:00+00:00,168,28386.0,27888.0,498.0,0.0,1.0,0.0,False,1777.6995605138607,0.28013732526099544,1.2899981811642647e-05,59328,expanding,,,,,,,,,,,,,,,,,,,,,,,,,,,,
Electricity-CISO,Naive,2025-10-14 23:00:00+00:00,28386.0,2025-10-15 00:00:00+00:00,1,27997.0,28386.0,-389.0,0.0,-1.0,0.0,False,1776.085153721683,0.2190210301487365,1.2200092896819115e-05,59496,expanding,,,,,,,,,,,,,,,,,,,,,,,,,,,,
Electricity-CISO,Naive,2025-10-14 23:00:00+00:00,28386.0,2025-10-15 23:00:00+00:00,24,25487.0,28386.0,-2899.0,0.0,-1.0,0.0,False,1776.085153721683,1.6322415588719463,1.2200092896819115e-05,59496,expanding,,,,,,,,,,,,,,,,,,,,,,,,,,,,
Electricity-CISO,Naive,2025-10-14 23:00:00+00:00,28386.0,2025-10-21 23:00:00+00:00,168,26401.0,28386.0,-1985.0,0.0,-1.0,0.0,False,1776.085153721683,1.1176265934324985,1.2200092896819115e-05,59496,expanding,,,,,,,,,,,,,,,,,,,,,,,,,,,,
Electricity-CISO,Naive,2025-10-21 23:00:00+00:00,26401.0,2025-10-22 00:00:00+00:00,1,26615.0,26401.0,214.0,0.0,1.0,0.0,False,1775.0723746134195,0.12055846457900375,1.3899989426136017e-05,59664,expanding,,,,,,,,,,,,,,,,,,,,,,,,,,,,
Electricity-CISO,Naive,2025-10-21 23:00:00+00:00,26401.0,2025-10-22 23:00:00+00:00,24,29785.0,26401.0,3384.0,0.0,1.0,0.0,False,1775.0723746134195,1.9064011408193864,1.3899989426136017e-05,59664,expanding,,,,,,,,,,,,,,,,,,,,,,,,,,,,
Electricity-CISO,Naive,2025-10-21 23:00:00+00:00,26401.0,2025-10-28 23:00:00+00:00,168,26936.0,26401.0,535.0,0.0,1.0,0.0,False,1775.0723746134195,0.30139616144750936,1.3899989426136017e-05,59664,expanding,,,,,,,,,,,,,,,,,,,,,,,,,,,,
Electricity-CISO,Naive,2025-10-28 23:00:00+00:00,26936.0,2025-10-29 00:00:00+00:00,1,26660.0,26936.0,-276.0,0.0,-1.0,0.0,False,1772.4532381335478,0.15571637889337897,1.2400094419717789e-05,59832,expanding,,,,,,,,,,,,,,,,,,,,,,,,,,,,
Electricity-CISO,Naive,2025-10-28 23:00:00+00:00,26936.0,2025-10-29 23:00:00+00:00,24,28058.0,26936.0,1122.0,0.0,1.0,0.0,False,1772.4532381335478,0.6330209315883015,1.2400094419717789e-05,59832,expanding,,,,,,,,,,,,,,,,,,,,,,,,,,,,
Electricity-CISO,Naive,2025-10-28 23:00:00+00:00,26936.0,2025-11-04 23:00:00+00:00,168,26834.0,26936.0,-102.0,0.0,-1.0,0.0,False,1772.4532381335478,0.05754735741711832,1.2400094419717789e-05,59832,expanding,,,,,,,,,,,,,,,,,,,,,,,,,,,,
Electricity-CISO,Naive,2025-11-04 23:00:00+00:00,26834.0,2025-11-05 00:00:00+00:00,1,26038.0,26834.0,-796.0,0.0,-1.0,0.0,False,1769.7927530418506,0.449770177119251,1.2999982573091984e-05,60000,expanding,,,,,,,,,,,,,,,,,,,,,,,,,,,,
Electricity-CISO,Naive,2025-11-04 23:00:00+00:00,26834.0,2025-11-05 23:00:00+00:00,24,27632.0,26834.0,798.0,0.0,1.0,0.0,False,1769.7927530418506,0.45090025294115865,1.2999982573091984e-05,60000,expanding,,,,,,,,,,,,,,,,,,,,,,,,,,,,
Electricity-CISO,Naive,2025-11-04 23:00:00+00:00,26834.0,2025-11-11 23:00:00+00:00,168,26906.0,26834.0,72.0,0.0,1.0,0.0,False,1769.7927530418506,0.04068272958867597,1.2999982573091984e-05,60000,expanding,,,,,,,,,,,,,,,,,,,,,,,,,,,,
Electricity-CISO,Naive,2025-11-11 23:00:00+00:00,26906.0,2025-11-12 00:00:00+00:00,1,27136.0,26906.0,230.0,0.0,1.0,0.0,False,1767.3282,0.13013994797344375,1.2599979527294636e-05,60168,expanding,,,,,,,,,,,,,,,,,,,,,,,,,,,,
Electricity-CISO,Naive,2025-11-11 23:00:00+00:00,26906.0,2025-11-12 23:00:00+00:00,24,27897.0,26906.0,991.0,0.0,1.0,0.0,False,1767.3282,0.5607334280073164,1.2599979527294636e-05,60168,expanding,,,,,,,,,,,,,,,,,,,,,,,,,,,,
Electricity-CISO,Naive,2025-11-11 23:00:00+00:00,26906.0,2025-11-18 23:00:00+00:00,168,24486.0,26906.0,-2420.0,0.0,-1.0,0.0,False,1767.3282,1.36929858302493,1.2599979527294636e-05,60168,expanding,,,,,,,,,,,,,,,,,,,,,,,,,,,,
Electricity-CISO,Naive,2025-11-18 23:00:00+00:00,24486.0,2025-11-19 00:00:00+00:00,1,23808.0,24486.0,-678.0,0.0,-1.0,0.0,False,1765.2526093604574,0.38408100710619325,1.2300093658268452e-05,60336,expanding,,,,,,,,,,,,,,,,,,,,,,,,,,,,
Electricity-CISO,Naive,2025-11-18 23:00:00+00:00,24486.0,2025-11-19 23:00:00+00:00,24,25539.0,24486.0,1053.0,0.0,1.0,0.0,False,1765.2526093604574,0.596515192452539,1.2300093658268452e-05,60336,expanding,,,,,,,,,,,,,,,,,,,,,,,,,,,,
Electricity-CISO,Naive,2025-11-18 23:00:00+00:00,24486.0,2025-11-25 23:00:00+00:00,168,27170.0,24486.0,2684.0,0.0,1.0,0.0,False,1765.2526093604574,1.5204622759189124,1.2300093658268452e-05,60336,expanding,,,,,,,,,,,,,,,,,,,,,,,,,,,,
Electricity-CISO,Naive,2025-11-25 23:00:00+00:00,27170.0,2025-11-26 00:00:00+00:00,1,26967.0,27170.0,-203.0,0.0,-1.0,0.0,False,1762.6296904004244,0.11516883047277139,1.2499978765845299e-05,60504,expanding,,,,,,,,,,,,,,,,,,,,,,,,,,,,
Electricity-CISO,Naive,2025-11-25 23:00:00+00:00,27170.0,2025-11-26 23:00:00+00:00,24,27566.0,27170.0,396.0,0.0,1.0,0.0,False,1762.6296904004244,0.22466431954294322,1.2499978765845299e-05,60504,expanding,,,,,,,,,,,,,,,,,,,,,,,,,,,,
Electricity-CISO,Naive,2025-11-25 23:00:00+00:00,27170.0,2025-12-02 23:00:00+00:00,168,26740.0,27170.0,-430.0,0.0,-1.0,0.0,False,1762.6296904004244,0.24395368031178177,1.2499978765845299e-05,60504,expanding,,,,,,,,,,,,,,,,,,,,,,,,,,,,
Electricity-CISO,Naive,2025-12-02 23:00:00+00:00,26740.0,2025-12-03 00:00:00+00:00,1,25466.0,26740.0,-1274.0,0.0,-1.0,0.0,False,1761.4564987438846,0.7232650939200056,1.2599979527294636e-05,60672,expanding,,,,,,,,,,,,,,,,,,,,,,,,,,,,
Electricity-CISO,Naive,2025-12-02 23:00:00+00:00,26740.0,2025-12-03 23:00:00+00:00,24,27160.0,26740.0,420.0,0.0,1.0,0.0,False,1761.4564987438846,0.23843904195165022,1.2599979527294636e-05,60672,expanding,,,,,,,,,,,,,,,,,,,,,,,,,,,,
Electricity-CISO,Naive,2025-12-02 23:00:00+00:00,26740.0,2025-12-09 23:00:00+00:00,168,29961.0,26740.0,3221.0,0.0,1.0,0.0,False,1761.4564987438846,1.8286003669672983,1.2599979527294636e-05,60672,expanding,,,,,,,,,,,,,,,,,,,,,,,,,,,,
Electricity-CISO,Naive,2025-12-09 23:00:00+00:00,29961.0,2025-12-10 00:00:00+00:00,1,27113.0,29961.0,-2848.0,0.0,-1.0,0.0,False,1760.68756592827,1.6175499021590902,1.2200092896819115e-05,60840,expanding,,,,,,,,,,,,,,,,,,,,,,,,,,,,
Electricity-CISO,Naive,2025-12-09 23:00:00+00:00,29961.0,2025-12-10 23:00:00+00:00,24,28595.0,29961.0,-1366.0,0.0,-1.0,0.0,False,1760.68756592827,0.7758332747013053,1.2200092896819115e-05,60840,expanding,,,,,,,,,,,,,,,,,,,,,,,,,,,,
Electricity-CISO,Naive,2025-12-09 23:00:00+00:00,29961.0,2025-12-16 23:00:00+00:00,168,28372.0,29961.0,-1589.0,0.0,-1.0,0.0,False,1760.68756592827,0.902488340776262,1.2200092896819115e-05,60840,expanding,,,,,,,,,,,,,,,,,,,,,,,,,,,,
Electricity-CISO,Naive,2025-12-16 23:00:00+00:00,28372.0,2025-12-17 00:00:00+00:00,1,26215.0,28372.0,-2157.0,0.0,-1.0,0.0,False,1757.658530571992,1.227200825690557,1.209997572004795e-05,61008,expanding,,,,,,,,,,,,,,,,,,,,,,,,,,,,
Electricity-CISO,Naive,2025-12-16 23:00:00+00:00,28372.0,2025-12-17 23:00:00+00:00,24,28181.0,28372.0,-191.0,0.0,-1.0,0.0,False,1757.658530571992,0.1086672961088996,1.209997572004795e-05,61008,expanding,,,,,,,,,,,,,,,,,,,,,,,,,,,,
Electricity-CISO,Naive,2025-12-16 23:00:00+00:00,28372.0,2025-12-23 23:00:00+00:00,168,26207.0,28372.0,-2165.0,0.0,-1.0,0.0,False,1757.658530571992,1.2317523354752231,1.209997572004795e-05,61008,expanding,,,,,,,,,,,,,,,,,,,,,,,,,,,,
Electricity-CISO,Naive,2025-12-23 23:00:00+00:00,26207.0,2025-12-24 00:00:00+00:00,1,25720.0,26207.0,-487.0,0.0,-1.0,0.0,False,1755.918928665093,0.27734765657446003,1.300009898841381e-05,61176,expanding,,,,,,,,,,,,,,,,,,,,,,,,,,,,
Electricity-CISO,Naive,2025-12-23 23:00:00+00:00,26207.0,2025-12-24 23:00:00+00:00,24,24191.0,26207.0,-2016.0,0.0,-1.0,0.0,False,1755.918928665093,1.1481167877907832,1.300009898841381e-05,61176,expanding,,,,,,,,,,,,,,,,,,,,,,,,,,,,
Electricity-CISO,Naive,2025-12-23 23:00:00+00:00,26207.0,2025-12-30 23:00:00+00:00,168,25723.0,26207.0,-484.0,0.0,-1.0,0.0,False,1755.918928665093,0.27563914944977136,1.300009898841381e-05,61176,expanding,,,,,,,,,,,,,,,,,,,,,,,,,,,,
Electricity-CISO,Naive,2025-12-30 23:00:00+00:00,25723.0,2025-12-31 00:00:00+00:00,1,25054.0,25723.0,-669.0,0.0,-1.0,0.0,False,1755.7605106577744,0.38103146524771037,1.2299977242946625e-05,61344,expanding,,,,,,,,,,,,,,,,,,,,,,,,,,,,
Electricity-CISO,Naive,2025-12-30 23:00:00+00:00,25723.0,2025-12-31 23:00:00+00:00,24,25340.0,25723.0,-383.0,0.0,-1.0,0.0,False,1755.7605106577744,0.2181390899699149,1.2299977242946625e-05,61344,expanding,,,,,,,,,,,,,,,,,,,,,,,,,,,,
Electricity-CISO,Naive,2025-12-30 23:00:00+00:00,25723.0,2026-01-06 23:00:00+00:00,168,26456.0,25723.0,733.0,0.0,1.0,0.0,False,1755.7605106577744,0.41748290586931497,1.2299977242946625e-05,61344,expanding,,,,,,,,,,,,,,,,,,,,,,,,,,,,
Electricity-CISO,Naive,2026-01-06 23:00:00+00:00,26456.0,2026-01-07 00:00:00+00:00,1,24036.0,26456.0,-2420.0,0.0,-1.0,0.0,False,1752.9342070944183,1.3805424015378642,1.2899981811642647e-05,61512,expanding,,,,,,,,,,,,,,,,,,,,,,,,,,,,
Electricity-CISO,Naive,2026-01-06 23:00:00+00:00,26456.0,2026-01-07 23:00:00+00:00,24,26251.0,26456.0,-205.0,0.0,-1.0,0.0,False,1752.9342070944183,0.11694677368399263,1.2899981811642647e-05,61512,expanding,,,,,,,,,,,,,,,,,,,,,,,,,,,,
Electricity-CISO,Naive,2026-01-06 23:00:00+00:00,26456.0,2026-01-13 23:00:00+00:00,168,26867.0,26456.0,411.0,0.0,1.0,0.0,False,1752.9342070944183,0.23446401943473644,1.2899981811642647e-05,61512,expanding,,,,,,,,,,,,,,,,,,,,,,,,,,,,
Electricity-CISO,Naive,2026-01-13 23:00:00+00:00,26867.0,2026-01-14 00:00:00+00:00,1,24880.0,26867.0,-1987.0,0.0,-1.0,0.0,False,1752.3274645597608,1.1339204801536318,1.3399985618889332e-05,61680,expanding,,,,,,,,,,,,,,,,,,,,,,,,,,,,
Electricity-CISO,Naive,2026-01-13 23:00:00+00:00,26867.0,2026-01-14 23:00:00+00:00,24,28178.0,26867.0,1311.0,0.0,1.0,0.0,False,1752.3274645597608,0.7481478356725774,1.3399985618889332e-05,61680,expanding,,,,,,,,,,,,,,,,,,,,,,,,,,,,
Electricity-CISO,Naive,2026-01-13 23:00:00+00:00,26867.0,2026-01-20 23:00:00+00:00,168,28012.0,26867.0,1145.0,0.0,1.0,0.0,False,1752.3274645597608,0.6534166833295966,1.3399985618889332e-05,61680,expanding,,,,,,,,,,,,,,,,,,,,,,,,,,,,
Electricity-CISO,Naive,2026-01-20 23:00:00+00:00,28012.0,2026-01-21 00:00:00+00:00,1,25822.0,28012.0,-2190.0,0.0,-1.0,0.0,False,1750.1122568093385,1.2513483015041726,1.2599979527294636e-05,61848,expanding,,,,,,,,,,,,,,,,,,,,,,,,,,,,
Electricity-CISO,Naive,2026-01-20 23:00:00+00:00,28012.0,2026-01-21 23:00:00+00:00,24,25916.0,28012.0,-2096.0,0.0,-1.0,0.0,False,1750.1122568093385,1.1976374611656373,1.2599979527294636e-05,61848,expanding,,,,,,,,,,,,,,,,,,,,,,,,,,,,
Electricity-CISO,Naive,2026-01-20 23:00:00+00:00,28012.0,2026-01-27 23:00:00+00:00,168,27965.0,28012.0,-47.0,0.0,-1.0,0.0,False,1750.1122568093385,0.02685542016926763,1.2599979527294636e-05,61848,expanding,,,,,,,,,,,,,,,,,,,,,,,,,,,,
Electricity-CISO,Naive,2026-01-27 23:00:00+00:00,27965.0,2026-01-28 00:00:00+00:00,1,26300.0,27965.0,-1665.0,0.0,-1.0,0.0,False,1747.5534212909067,0.9527605735623664,1.2499978765845299e-05,62016,expanding,,,,,,,,,,,,,,,,,,,,,,,,,,,,
Electricity-CISO,Naive,2026-01-27 23:00:00+00:00,27965.0,2026-01-28 23:00:00+00:00,24,27357.0,27965.0,-608.0,0.0,-1.0,0.0,False,1747.5534212909067,0.347914972207759,1.2499978765845299e-05,62016,expanding,,,,,,,,,,,,,,,,,,,,,,,,,,,,
Electricity-CISO,Naive,2026-01-27 23:00:00+00:00,27965.0,2026-02-03 23:00:00+00:00,168,26913.0,27965.0,-1052.0,0.0,-1.0,0.0,False,1747.5534212909067,0.6019844584910568,1.2499978765845299e-05,62016,expanding,,,,,,,,,,,,,,,,,,,,,,,,,,,,
Electricity-CISO,Naive,2026-02-03 23:00:00+00:00,26913.0,2026-02-04 00:00:00+00:00,1,24948.0,26913.0,-1965.0,0.0,-1.0,0.0,False,1745.1919343395252,1.1259506541002104,1.2399978004395962e-05,62184,expanding,,,,,,,,,,,,,,,,,,,,,,,,,,,,
Electricity-CISO,Naive,2026-02-03 23:00:00+00:00,26913.0,2026-02-04 23:00:00+00:00,24,26073.0,26913.0,-840.0,0.0,-1.0,0.0,False,1745.1919343395252,0.4813224170199373,1.2399978004395962e-05,62184,expanding,,,,,,,,,,,,,,,,,,,,,,,,,,,,
Electricity-CISO,Naive,2026-02-03 23:00:00+00:00,26913.0,2026-02-10 23:00:00+00:00,168,27301.0,26913.0,388.0,0.0,1.0,0.0,False,1745.1919343395252,0.22232511643301867,1.2399978004395962e-05,62184,expanding,,,,,,,,,,,,,,,,,,,,,,,,,,,,
Electricity-CISO,Naive,2026-02-10 23:00:00+00:00,27301.0,2026-02-11 00:00:00+00:00,1,25861.0,27301.0,-1440.0,0.0,-1.0,0.0,False,1742.7632670783482,0.8262740139193345,1.2399978004395962e-05,62352,expanding,,,,,,,,,,,,,,,,,,,,,,,,,,,,
Electricity-CISO,Naive,2026-02-10 23:00:00+00:00,27301.0,2026-02-11 23:00:00+00:00,24,27263.0,27301.0,-38.0,0.0,-1.0,0.0,False,1742.7632670783482,0.02180445314509355,1.2399978004395962e-05,62352,expanding,,,,,,,,,,,,,,,,,,,,,,,,,,,,
Electricity-CISO,Naive,2026-02-10 23:00:00+00:00,27301.0,2026-02-17 23:00:00+00:00,168,27839.0,27301.0,538.0,0.0,1.0,0.0,False,1742.7632670783482,0.30870515242264024,1.2399978004395962e-05,62352,expanding,,,,,,,,,,,,,,,,,,,,,,,,,,,,
Electricity-CISO,Naive,2026-02-17 23:00:00+00:00,27839.0,2026-02-18 00:00:00+00:00,1,27396.0,27839.0,-443.0,0.0,-1.0,0.0,False,1740.553999871696,0.2545166654023118,1.2399978004395962e-05,62520,expanding,,,,,,,,,,,,,,,,,,,,,,,,,,,,
Electricity-CISO,Naive,2026-02-17 23:00:00+00:00,27839.0,2026-02-18 23:00:00+00:00,24,25999.0,27839.0,-1840.0,0.0,-1.0,0.0,False,1740.553999871696,1.057134682483643,1.2399978004395962e-05,62520,expanding,,,,,,,,,,,,,,,,,,,,,,,,,,,,
Electricity-CISO,Naive,2026-02-17 23:00:00+00:00,27839.0,2026-02-24 23:00:00+00:00,168,27386.0,27839.0,-453.0,0.0,-1.0,0.0,False,1740.553999871696,0.26026196258972295,1.2399978004395962e-05,62520,expanding,,,,,,,,,,,,,,,,,,,,,,,,,,,,
Electricity-CISO,Naive,2026-02-24 23:00:00+00:00,27386.0,2026-02-25 00:00:00+00:00,1,26262.0,27386.0,-1124.0,0.0,-1.0,0.0,False,1740.8144593730005,0.6456747839771723,1.680001150816679e-05,62688,expanding,,,,,,,,,,,,,,,,,,,,,,,,,,,,
Electricity-CISO,Naive,2026-02-24 23:00:00+00:00,27386.0,2026-02-25 23:00:00+00:00,24,27253.0,27386.0,-133.0,0.0,-1.0,0.0,False,1740.8144593730005,0.07640101981224547,1.680001150816679e-05,62688,expanding,,,,,,,,,,,,,,,,,,,,,,,,,,,,
Electricity-CISO,Naive,2026-02-24 23:00:00+00:00,27386.0,2026-03-03 23:00:00+00:00,168,22803.0,27386.0,-4583.0,0.0,-1.0,0.0,False,1740.8144593730005,2.6326757428535412,1.680001150816679e-05,62688,expanding,,,,,,,,,,,,,,,,,,,,,,,,,,,,
Electricity-CISO,Naive,2026-03-03 23:00:00+00:00,22803.0,2026-03-04 00:00:00+00:00,1,22559.0,22803.0,-244.0,0.0,-1.0,0.0,False,1740.8347690148034,0.14016264170670703,2.4900073185563087e-05,62856,expanding,,,,,,,,,,,,,,,,,,,,,,,,,,,,
Electricity-CISO,Naive,2026-03-03 23:00:00+00:00,22803.0,2026-03-04 23:00:00+00:00,24,23574.0,22803.0,771.0,0.0,1.0,0.0,False,1740.8347690148034,0.44289097031094726,2.4900073185563087e-05,62856,expanding,,,,,,,,,,,,,,,,,,,,,,,,,,,,
Electricity-CISO,Naive,2026-03-03 23:00:00+00:00,22803.0,2026-03-10 23:00:00+00:00,168,25090.0,22803.0,2287.0,0.0,1.0,0.0,False,1740.8347690148034,1.313737547472291,2.4900073185563087e-05,62856,expanding,,,,,,,,,,,,,,,,,,,,,,,,,,,,
Electricity-CISO,Naive,2026-03-10 23:00:00+00:00,25090.0,2026-03-11 00:00:00+00:00,1,24161.0,25090.0,-929.0,0.0,-1.0,0.0,False,1739.5570192185312,0.5340440064547805,1.7900019884109497e-05,63024,expanding,,,,,,,,,,,,,,,,,,,,,,,,,,,,
Electricity-CISO,Naive,2026-03-10 23:00:00+00:00,25090.0,2026-03-11 23:00:00+00:00,24,23454.0,25090.0,-1636.0,0.0,-1.0,0.0,False,1739.5570192185312,0.9404693159957168,1.7900019884109497e-05,63024,expanding,,,,,,,,,,,,,,,,,,,,,,,,,,,,
Electricity-CISO,Naive,2026-03-10 23:00:00+00:00,25090.0,2026-03-17 23:00:00+00:00,168,30866.0,25090.0,5776.0,0.0,1.0,0.0,False,1739.5570192185312,3.320385555740379,1.7900019884109497e-05,63024,expanding,,,,,,,,,,,,,,,,,,,,,,,,,,,,
Electricity-CISO,Naive,2026-03-17 23:00:00+00:00,30866.0,2026-03-18 00:00:00+00:00,1,32455.0,30866.0,1589.0,0.0,1.0,0.0,False,1738.9104785478548,0.9137905715117414,2.489995677024126e-05,63192,expanding,,,,,,,,,,,,,,,,,,,,,,,,,,,,
Electricity-CISO,Naive,2026-03-17 23:00:00+00:00,30866.0,2026-03-18 23:00:00+00:00,24,32357.0,30866.0,1491.0,0.0,1.0,0.0,False,1738.9104785478548,0.857433443753308,2.489995677024126e-05,63192,expanding,,,,,,,,,,,,,,,,,,,,,,,,,,,,
Electricity-CISO,Naive,2026-03-17 23:00:00+00:00,30866.0,2026-03-24 23:00:00+00:00,168,27260.0,30866.0,-3606.0,0.0,-1.0,0.0,False,1738.9104785478548,2.073712272417457,2.489995677024126e-05,63192,expanding,,,,,,,,,,,,,,,,,,,,,,,,,,,,
Electricity-CISO,Naive,2026-03-24 23:00:00+00:00,27260.0,2026-03-25 00:00:00+00:00,1,27338.0,27260.0,78.0,0.0,1.0,0.0,False,1742.1433884035953,0.044772434071270635,1.309998333454132e-05,63360,expanding,,,,,,,,,,,,,,,,,,,,,,,,,,,,
Electricity-CISO,Naive,2026-03-24 23:00:00+00:00,27260.0,2026-03-25 23:00:00+00:00,24,26922.0,27260.0,-338.0,0.0,-1.0,0.0,False,1742.1433884035953,0.1940138809755061,1.309998333454132e-05,63360,expanding,,,,,,,,,,,,,,,,,,,,,,,,,,,,
Electricity-CISO,Naive,2026-03-24 23:00:00+00:00,27260.0,2026-03-31 23:00:00+00:00,168,26763.0,27260.0,-497.0,0.0,-1.0,0.0,False,1742.1433884035953,0.28528076581309625,1.309998333454132e-05,63360,expanding,,,,,,,,,,,,,,,,,,,,,,,,,,,,
Electricity-CISO,Naive,2026-03-31 23:00:00+00:00,26763.0,2026-04-01 00:00:00+00:00,1,26542.0,26763.0,-221.0,0.0,-1.0,0.0,False,1743.3824652777778,0.1267650698579141,1.309998333454132e-05,63528,expanding,,,,,,,,,,,,,,,,,,,,,,,,,,,,
Electricity-CISO,Naive,2026-03-31 23:00:00+00:00,26763.0,2026-04-01 23:00:00+00:00,24,27543.0,26763.0,780.0,0.0,1.0,0.0,False,1743.3824652777778,0.44740612891028503,1.309998333454132e-05,63528,expanding,,,,,,,,,,,,,,,,,,,,,,,,,,,,
Electricity-CISO,Naive,2026-03-31 23:00:00+00:00,26763.0,2026-04-07 23:00:00+00:00,168,24103.0,26763.0,-2660.0,0.0,-1.0,0.0,False,1743.3824652777778,1.5257696191043055,1.309998333454132e-05,63528,expanding,,,,,,,,,,,,,,,,,,,,,,,,,,,,
Electricity-CISO,Naive,2026-04-07 23:00:00+00:00,24103.0,2026-04-08 00:00:00+00:00,1,25328.0,24103.0,1225.0,0.0,1.0,0.0,False,1742.6277074675734,0.7029613925857968,1.3299984857439995e-05,63696,expanding,,,,,,,,,,,,,,,,,,,,,,,,,,,,
Electricity-CISO,Naive,2026-04-07 23:00:00+00:00,24103.0,2026-04-08 23:00:00+00:00,24,25686.0,24103.0,1583.0,0.0,1.0,0.0,False,1742.6277074675734,0.9083982730312787,1.3299984857439995e-05,63696,expanding,,,,,,,,,,,,,,,,,,,,,,,,,,,,
Electricity-CISO,Naive,2026-04-07 23:00:00+00:00,24103.0,2026-04-14 23:00:00+00:00,168,22745.0,24103.0,-1358.0,0.0,-1.0,0.0,False,1742.6277074675734,0.7792829152093976,1.3299984857439995e-05,63696,expanding,,,,,,,,,,,,,,,,,,,,,,,,,,,,
Electricity-CISO,Naive,2026-04-14 23:00:00+00:00,22745.0,2026-04-15 00:00:00+00:00,1,22390.0,22745.0,-355.0,0.0,-1.0,0.0,False,1741.5733013062045,0.203838678356946,2.2099935449659824e-05,63864,expanding,,,,,,,,,,,,,,,,,,,,,,,,,,,,
Electricity-CISO,Naive,2026-04-14 23:00:00+00:00,22745.0,2026-04-15 23:00:00+00:00,24,23379.0,22745.0,634.0,0.0,1.0,0.0,False,1741.5733013062045,0.36403865374170075,2.2099935449659824e-05,63864,expanding,,,,,,,,,,,,,,,,,,,,,,,,,,,,
Electricity-CISO,Naive,2026-04-14 23:00:00+00:00,22745.0,2026-04-21 23:00:00+00:00,168,25810.0,22745.0,3065.0,0.0,1.0,0.0,False,1741.5733013062045,1.7599029553916605,2.2099935449659824e-05,63864,expanding,,,,,,,,,,,,,,,,,,,,,,,,,,,,
Electricity-CISO,Naive,2026-04-21 23:00:00+00:00,25810.0,2026-04-22 00:00:00+00:00,1,25016.0,25810.0,-794.0,0.0,-1.0,0.0,False,1741.2112144557184,0.4560044142882429,1.2599979527294636e-05,64032,expanding,,,,,,,,,,,,,,,,,,,,,,,,,,,,
Electricity-CISO,Naive,2026-04-21 23:00:00+00:00,25810.0,2026-04-22 23:00:00+00:00,24,23119.0,25810.0,-2691.0,0.0,-1.0,0.0,False,1741.2112144557184,1.5454759179466773,1.2599979527294636e-05,64032,expanding,,,,,,,,,,,,,,,,,,,,,,,,,,,,
Electricity-CISO,Naive,2026-04-21 23:00:00+00:00,25810.0,2026-04-28 23:00:00+00:00,168,20582.0,25810.0,-5228.0,0.0,-1.0,0.0,False,1741.2112144557184,3.0025076547845515,1.2599979527294636e-05,64032,expanding,,,,,,,,,,,,,,,,,,,,,,,,,,,,
Electricity-CISO,Naive,2026-04-28 23:00:00+00:00,20582.0,2026-04-29 00:00:00+00:00,1,20724.0,20582.0,142.0,0.0,1.0,0.0,False,1739.5310469765118,0.08163119608978003,1.3299984857439995e-05,64200,expanding,,,,,,,,,,,,,,,,,,,,,,,,,,,,
Electricity-CISO,Naive,2026-04-28 23:00:00+00:00,20582.0,2026-04-29 23:00:00+00:00,24,23216.0,20582.0,2634.0,0.0,1.0,0.0,False,1739.5310469765118,1.51420120070761,1.3299984857439995e-05,64200,expanding,,,,,,,,,,,,,,,,,,,,,,,,,,,,
Electricity-CISO,Naive,2026-04-28 23:00:00+00:00,20582.0,2026-05-05 23:00:00+00:00,168,25891.0,20582.0,5309.0,0.0,1.0,0.0,False,1739.5310469765118,3.0519719721171987,1.3299984857439995e-05,64200,expanding,,,,,,,,,,,,,,,,,,,,,,,,,,,,
Electricity-CISO,Naive,2026-05-05 23:00:00+00:00,25891.0,2026-05-06 00:00:00+00:00,1,25239.0,25891.0,-652.0,0.0,-1.0,0.0,False,1738.5602180685357,0.37502296050713935,1.2499978765845299e-05,64368,expanding,,,,,,,,,,,,,,,,,,,,,,,,,,,,
Electricity-CISO,Naive,2026-05-05 23:00:00+00:00,25891.0,2026-05-06 23:00:00+00:00,24,23706.0,25891.0,-2185.0,0.0,-1.0,0.0,False,1738.5602180685357,1.2567870685707045,1.2499978765845299e-05,64368,expanding,,,,,,,,,,,,,,,,,,,,,,,,,,,,
Electricity-CISO,Naive,2026-05-05 23:00:00+00:00,25891.0,2026-05-12 23:00:00+00:00,168,25442.0,25891.0,-449.0,0.0,-1.0,0.0,False,1738.5602180685357,0.25825967679095946,1.2499978765845299e-05,64368,expanding,,,,,,,,,,,,,,,,,,,,,,,,,,,,
Electricity-CISO,Naive,2026-05-12 23:00:00+00:00,25442.0,2026-05-13 00:00:00+00:00,1,25981.0,25442.0,539.0,0.0,1.0,0.0,False,1738.0782531692766,0.31011261950787733,1.2899981811642647e-05,64536,expanding,,,,,,,,,,,,,,,,,,,,,,,,,,,,
Electricity-CISO,Naive,2026-05-12 23:00:00+00:00,25442.0,2026-05-13 23:00:00+00:00,24,24770.0,25442.0,-672.0,0.0,-1.0,0.0,False,1738.0782531692766,0.3866339152306003,1.2899981811642647e-05,64536,expanding,,,,,,,,,,,,,,,,,,,,,,,,,,,,
Electricity-CISO,Naive,2026-05-12 23:00:00+00:00,25442.0,2026-05-19 23:00:00+00:00,168,27138.0,25442.0,1696.0,0.0,1.0,0.0,False,1738.0782531692766,0.9757903574867532,1.2899981811642647e-05,64536,expanding,,,,,,,,,,,,,,,,,,,,,,,,,,,,
Electricity-CISO,Naive,2026-05-19 23:00:00+00:00,27138.0,2026-05-20 00:00:00+00:00,1,27409.0,27138.0,271.0,0.0,1.0,0.0,False,1737.393625263419,0.1559807726121429,1.2900098226964474e-05,64704,expanding,,,,,,,,,,,,,,,,,,,,,,,,,,,,
Electricity-CISO,Naive,2026-05-19 23:00:00+00:00,27138.0,2026-05-20 23:00:00+00:00,24,29941.0,27138.0,2803.0,0.0,1.0,0.0,False,1737.393625263419,1.6133361831433086,1.2900098226964474e-05,64704,expanding,,,,,,,,,,,,,,,,,,,,,,,,,,,,
Electricity-CISO,Naive,2026-05-19 23:00:00+00:00,27138.0,2026-05-26 23:00:00+00:00,168,25466.0,27138.0,-1672.0,0.0,-1.0,0.0,False,1737.393625263419,0.9623610767804538,1.2900098226964474e-05,64704,expanding,,,,,,,,,,,,,,,,,,,,,,,,,,,,
Electricity-CISO,Naive,2026-05-26 23:00:00+00:00,25466.0,2026-05-27 00:00:00+00:00,1,25167.0,25466.0,-299.0,0.0,-1.0,0.0,False,1736.5100766567755,0.17218443130238048,1.2399978004395962e-05,64872,expanding,,,,,,,,,,,,,,,,,,,,,,,,,,,,
Electricity-CISO,Naive,2026-05-26 23:00:00+00:00,25466.0,2026-05-27 23:00:00+00:00,24,25515.0,25466.0,49.0,0.0,1.0,0.0,False,1736.5100766567755,0.028217515497714524,1.2399978004395962e-05,64872,expanding,,,,,,,,,,,,,,,,,,,,,,,,,,,,
Electricity-CISO,Naive,2026-05-26 23:00:00+00:00,25466.0,2026-06-02 23:00:00+00:00,168,27474.0,25466.0,2008.0,0.0,1.0,0.0,False,1736.5100766567755,1.1563422677430768,1.2399978004395962e-05,64872,expanding,,,,,,,,,,,,,,,,,,,,,,,,,,,,
Electricity-CISO,Naive,2026-06-02 23:00:00+00:00,27474.0,2026-06-03 00:00:00+00:00,1,28129.0,27474.0,655.0,0.0,1.0,0.0,False,1737.7463004069552,0.37692498602736685,1.3399985618889332e-05,65040,expanding,,,,,,,,,,,,,,,,,,,,,,,,,,,,
Electricity-CISO,Naive,2026-06-02 23:00:00+00:00,27474.0,2026-06-03 23:00:00+00:00,24,30222.0,27474.0,2748.0,0.0,1.0,0.0,False,1737.7463004069552,1.5813585673331358,1.3399985618889332e-05,65040,expanding,,,,,,,,,,,,,,,,,,,,,,,,,,,,
Electricity-CISO,Naive,2026-06-02 23:00:00+00:00,27474.0,2026-06-09 23:00:00+00:00,168,29427.0,27474.0,1953.0,0.0,1.0,0.0,False,1737.7463004069552,1.1238694621548815,1.3399985618889332e-05,65040,expanding,,,,,,,,,,,,,,,,,,,,,,,,,,,,
Electricity-CISO,Naive,2026-06-09 23:00:00+00:00,29427.0,2026-06-10 00:00:00+00:00,1,29589.0,29427.0,162.0,0.0,1.0,0.0,False,1739.1559809348093,0.09314863173625391,1.2699980288743973e-05,65208,expanding,,,,,,,,,,,,,,,,,,,,,,,,,,,,
Electricity-CISO,Naive,2026-06-09 23:00:00+00:00,29427.0,2026-06-10 23:00:00+00:00,24,33104.0,29427.0,3677.0,0.0,1.0,0.0,False,1739.1559809348093,2.114243943791393,1.2699980288743973e-05,65208,expanding,,,,,,,,,,,,,,,,,,,,,,,,,,,,
Electricity-CISO,Naive,2026-06-09 23:00:00+00:00,29427.0,2026-06-16 23:00:00+00:00,168,30865.0,29427.0,1438.0,0.0,1.0,0.0,False,1739.1559809348093,0.8268378545477354,1.2699980288743973e-05,65208,expanding,,,,,,,,,,,,,,,,,,,,,,,,,,,,
Electricity-CISO,Naive,2026-06-16 23:00:00+00:00,30865.0,2026-06-17 00:00:00+00:00,1,32223.0,30865.0,1358.0,0.0,1.0,0.0,False,1743.9182155563735,0.7787062420050177,1.2399978004395962e-05,65376,expanding,,,,,,,,,,,,,,,,,,,,,,,,,,,,
Electricity-CISO,Naive,2026-06-16 23:00:00+00:00,30865.0,2026-06-17 23:00:00+00:00,24,31267.0,30865.0,402.0,0.0,1.0,0.0,False,1743.9182155563735,0.23051539711783292,1.2399978004395962e-05,65376,expanding,,,,,,,,,,,,,,,,,,,,,,,,,,,,
Electricity-CISO,Naive,2026-06-16 23:00:00+00:00,30865.0,2026-06-23 23:00:00+00:00,168,30989.0,30865.0,124.0,0.0,1.0,0.0,False,1743.9182155563735,0.07110425184729174,1.2399978004395962e-05,65376,expanding,,,,,,,,,,,,,,,,,,,,,,,,,,,,
Electricity-CISO,Naive,2026-06-23 23:00:00+00:00,30989.0,2026-06-24 00:00:00+00:00,1,31690.0,30989.0,701.0,0.0,1.0,0.0,False,1747.8571188203623,0.40106253105694845,1.2600095942616463e-05,65544,expanding,,,,,,,,,,,,,,,,,,,,,,,,,,,,
Electricity-CISO,Naive,2026-06-23 23:00:00+00:00,30989.0,2026-06-24 23:00:00+00:00,24,31544.0,30989.0,555.0,0.0,1.0,0.0,False,1747.8571188203623,0.3175316758011503,1.2600095942616463e-05,65544,expanding,,,,,,,,,,,,,,,,,,,,,,,,,,,,
Electricity-CISO,Naive,2026-06-23 23:00:00+00:00,30989.0,2026-06-30 23:00:00+00:00,168,29762.0,30989.0,-1227.0,0.0,-1.0,0.0,False,1747.8571188203623,0.7020024616360567,1.2600095942616463e-05,65544,expanding,,,,,,,,,,,,,,,,,,,,,,,,,,,,
Electricity-CISO,Naive,2026-06-30 23:00:00+00:00,29762.0,2026-07-01 00:00:00+00:00,1,29442.0,29762.0,-320.0,0.0,-1.0,0.0,False,1745.7453466373734,0.1833027941998407,1.2699980288743973e-05,65712,expanding,,,,,,,,,,,,,,,,,,,,,,,,,,,,
Electricity-CISO,Naive,2026-06-30 23:00:00+00:00,29762.0,2026-07-01 23:00:00+00:00,24,28508.0,29762.0,-1254.0,0.0,-1.0,0.0,False,1745.7453466373734,0.7183178247706257,1.2699980288743973e-05,65712,expanding,,,,,,,,,,,,,,,,,,,,,,,,,,,,
Electricity-CISO,Naive,2026-06-30 23:00:00+00:00,29762.0,2026-07-07 23:00:00+00:00,168,32102.0,29762.0,2340.0,0.0,1.0,0.0,False,1745.7453466373734,1.340401682586335,1.2699980288743973e-05,65712,expanding,,,,,,,,,,,,,,,,,,,,,,,,,,,,
Electricity-CISO,Naive,2026-07-07 23:00:00+00:00,32102.0,2026-07-08 00:00:00+00:00,1,32818.0,32102.0,716.0,0.0,1.0,0.0,False,1746.2536218651082,0.4100206241721447,1.27000967040658e-05,65880,expanding,,,,,,,,,,,,,,,,,,,,,,,,,,,,
Electricity-CISO,Naive,2026-07-07 23:00:00+00:00,32102.0,2026-07-08 23:00:00+00:00,24,32038.0,32102.0,-64.0,0.0,-1.0,0.0,False,1746.2536218651082,0.03664988819415818,1.27000967040658e-05,65880,expanding,,,,,,,,,,,,,,,,,,,,,,,,,,,,
Electricity-CISO,Naive,2026-07-07 23:00:00+00:00,32102.0,2026-07-14 23:00:00+00:00,168,40097.0,32102.0,7995.0,0.0,1.0,0.0,False,1746.2536218651082,4.578372751754604,1.27000967040658e-05,65880,expanding,,,,,,,,,,,,,,,,,,,,,,,,,,,,
Electricity-CISO,Naive,2026-07-14 23:00:00+00:00,40097.0,2026-07-15 00:00:00+00:00,1,40941.0,40097.0,844.0,0.0,1.0,0.0,False,1749.180115361263,0.48251177370929943,1.2499978765845299e-05,66048,expanding,,,,,,,,,,,,,,,,,,,,,,,,,,,,
Electricity-CISO,Naive,2026-07-14 23:00:00+00:00,40097.0,2026-07-15 23:00:00+00:00,24,41602.0,40097.0,1505.0,0.0,1.0,0.0,False,1749.180115361263,0.8604031035930043,1.2499978765845299e-05,66048,expanding,,,,,,,,,,,,,,,,,,,,,,,,,,,,
Electricity-CISO,Naive,2026-07-14 23:00:00+00:00,40097.0,2026-07-21 23:00:00+00:00,168,39295.0,40097.0,-802.0,0.0,-1.0,0.0,False,1749.180115361263,0.45850052430670396,1.2499978765845299e-05,66048,expanding,,,,,,,,,,,,,,,,,,,,,,,,,,,,
Electricity-CISO,Naive,2026-07-21 23:00:00+00:00,39295.0,2026-07-22 00:00:00+00:00,1,40993.0,39295.0,1698.0,0.0,1.0,0.0,False,1751.1626544331396,0.9696415097143853,1.2499978765845299e-05,66216,expanding,,,,,,,,,,,,,,,,,,,,,,,,,,,,
Electricity-CISO,Naive,2026-07-21 23:00:00+00:00,39295.0,2026-07-22 23:00:00+00:00,24,37356.0,39295.0,-1939.0,0.0,-1.0,0.0,False,1751.1626544331396,1.1072643623888063,1.2499978765845299e-05,66216,expanding,,,,,,,,,,,,,,,,,,,,,,,,,,,,
Electricity-CISO,Naive,2026-07-21 23:00:00+00:00,39295.0,2026-07-28 23:00:00+00:00,168,34899.0,39295.0,-4396.0,0.0,-1.0,0.0,False,1751.1626544331396,2.510332200650435,1.2499978765845299e-05,66216,expanding,,,,,,,,,,,,,,,,,,,,,,,,,,,,
Electricity-CISO,Naive,2026-07-28 23:00:00+00:00,34899.0,2026-07-29 00:00:00+00:00,1,36922.0,34899.0,2023.0,0.0,1.0,0.0,False,1750.6026640086989,1.155602034425984,1.279998105019331e-05,66384,expanding,,,,,,,,,,,,,,,,,,,,,,,,,,,,
Electricity-CISO,Naive,2026-07-28 23:00:00+00:00,34899.0,2026-07-29 23:00:00+00:00,24,35511.0,34899.0,612.0,0.0,1.0,0.0,False,1750.6026640086989,0.3495938927675246,1.279998105019331e-05,66384,expanding,,,,,,,,,,,,,,,,,,,,,,,,,,,,
Electricity-CISO,Naive,2026-07-28 23:00:00+00:00,34899.0,2026-08-04 23:00:00+00:00,168,39552.0,34899.0,4653.0,0.0,1.0,0.0,False,1750.6026640086989,2.6579418023648564,1.279998105019331e-05,66384,expanding,,,,,,,,,,,,,,,,,,,,,,,,,,,,
Electricity-CISO,Naive,2026-08-04 23:00:00+00:00,39552.0,2026-08-05 00:00:00+00:00,1,39877.0,39552.0,325.0,0.0,1.0,0.0,False,1749.927151120752,0.18572201693759177,1.2699980288743973e-05,66552,expanding,,,,,,,,,,,,,,,,,,,,,,,,,,,,
Electricity-CISO,Naive,2026-08-04 23:00:00+00:00,39552.0,2026-08-05 23:00:00+00:00,24,38797.0,39552.0,-755.0,0.0,-1.0,0.0,False,1749.927151120752,0.4314465316550209,1.2699980288743973e-05,66552,expanding,,,,,,,,,,,,,,,,,,,,,,,,,,,,
Electricity-CISO,Naive,2026-08-04 23:00:00+00:00,39552.0,2026-08-11 23:00:00+00:00,168,37273.0,39552.0,-2279.0,0.0,-1.0,0.0,False,1749.927151120752,1.3023399280023744,1.2699980288743973e-05,66552,expanding,,,,,,,,,,,,,,,,,,,,,,,,,,,,
Electricity-CISO,"Log weekly-difference ARIMA(2,0,2)",2024-12-31 23:00:00+00:00,24419.0,2025-01-01 00:00:00+00:00,1,23877.0,23487.275843420182,-542.0,-931.7241565798176,-1.0,-1.0,True,1787.9697749809307,0.21797021517546303,18.651145400013775,52608,expanding,True,29.0,0.0,-1.4018001894738215,,,True,29.0,0.0,-1.4018001894738215,,,"{'const': -2.0652853656274163e-05, 'ar.L1': 0.25724021246578216, 'ar.L2': 0.3636651676997314, 'ma.L1': 0.6678373987317036, 'ma.L2': 0.468227432757177, 'sigma2': 0.003546914216508839}",False,False,0.0,,,,,,,,,[],True,True,"{'const': -2.0652853656274163e-05, 'ar.L1': 0.25724021246578216, 'ar.L2': 0.3636651676997314, 'ma.L1': 0.6678373987317036, 'ma.L2': 0.468227432757177, 'sigma2': 0.003546914216508839}"
Electricity-CISO,"Log weekly-difference ARIMA(2,0,2)",2024-12-31 23:00:00+00:00,24419.0,2025-01-01 23:00:00+00:00,24,23003.0,24292.235234627806,-1416.0,-126.76476537219423,-1.0,-1.0,True,1787.9697749809307,0.7210609780255127,18.651145400013775,52608,expanding,True,29.0,0.0,-1.4018001894738215,,,True,29.0,0.0,-1.4018001894738215,,,"{'const': -2.0652853656274163e-05, 'ar.L1': 0.25724021246578216, 'ar.L2': 0.3636651676997314, 'ma.L1': 0.6678373987317036, 'ma.L2': 0.468227432757177, 'sigma2': 0.003546914216508839}",False,False,0.0,,,,,,,,,[],True,True,"{'const': -2.0652853656274163e-05, 'ar.L1': 0.25724021246578216, 'ar.L2': 0.3636651676997314, 'ma.L1': 0.6678373987317036, 'ma.L2': 0.468227432757177, 'sigma2': 0.003546914216508839}"
Electricity-CISO,"Log weekly-difference ARIMA(2,0,2)",2024-12-31 23:00:00+00:00,24419.0,2025-01-07 23:00:00+00:00,168,24159.0,24418.495683174388,-260.0,-0.5043168256124773,-1.0,-1.0,True,1787.9697749809307,0.14513426725972206,18.651145400013775,52608,expanding,True,29.0,0.0,-1.4018001894738215,,,True,29.0,0.0,-1.4018001894738215,,,"{'const': -2.0652853656274163e-05, 'ar.L1': 0.25724021246578216, 'ar.L2': 0.3636651676997314, 'ma.L1': 0.6678373987317036, 'ma.L2': 0.468227432757177, 'sigma2': 0.003546914216508839}",False,False,0.0,,,,,,,,,[],True,True,"{'const': -2.0652853656274163e-05, 'ar.L1': 0.25724021246578216, 'ar.L2': 0.3636651676997314, 'ma.L1': 0.6678373987317036, 'ma.L2': 0.468227432757177, 'sigma2': 0.003546914216508839}"
Electricity-CISO,"Log weekly-difference ARIMA(2,0,2)",2025-01-07 23:00:00+00:00,24159.0,2025-01-08 00:00:00+00:00,1,24153.0,23745.08352783455,-6.0,-413.9164721654488,-1.0,-1.0,True,1784.615438716545,0.22857387833583526,23.695258800056763,52776,expanding,True,31.0,0.0,-1.4031171209880735,,,True,31.0,0.0,-1.4031171209880735,,,"{'const': 5.63815748174184e-06, 'ar.L1': 0.25730932924319894, 'ar.L2': 0.3635878525005727, 'ma.L1': 0.667773992329162, 'ma.L2': 0.46805113823681727, 'sigma2': 0.003537600889294132}",False,False,0.0,,,,,,,,,[],True,True,"{'const': 5.63815748174184e-06, 'ar.L1': 0.25730932924319894, 'ar.L2': 0.3635878525005727, 'ma.L1': 0.667773992329162, 'ma.L2': 0.46805113823681727, 'sigma2': 0.003537600889294132}"
Electricity-CISO,"Log weekly-difference ARIMA(2,0,2)",2025-01-07 23:00:00+00:00,24159.0,2025-01-08 23:00:00+00:00,24,23784.0,23003.28396246739,-375.0,-1155.7160375326093,-1.0,-1.0,True,1784.615438716545,0.4374701801829545,23.695258800056763,52776,expanding,True,31.0,0.0,-1.4031171209880735,,,True,31.0,0.0,-1.4031171209880735,,,"{'const': 5.63815748174184e-06, 'ar.L1': 0.25730932924319894, 'ar.L2': 0.3635878525005727, 'ma.L1': 0.667773992329162, 'ma.L2': 0.46805113823681727, 'sigma2': 0.003537600889294132}",False,False,0.0,,,,,,,,,[],True,True,"{'const': 5.63815748174184e-06, 'ar.L1': 0.25730932924319894, 'ar.L2': 0.3635878525005727, 'ma.L1': 0.667773992329162, 'ma.L2': 0.46805113823681727, 'sigma2': 0.003537600889294132}"
Electricity-CISO,"Log weekly-difference ARIMA(2,0,2)",2025-01-07 23:00:00+00:00,24159.0,2025-01-14 23:00:00+00:00,168,24913.0,24159.136212630627,754.0,0.13621263062668731,1.0,1.0,True,1784.615438716545,0.42242366115107416,23.695258800056763,52776,expanding,True,31.0,0.0,-1.4031171209880735,,,True,31.0,0.0,-1.4031171209880735,,,"{'const': 5.63815748174184e-06, 'ar.L1': 0.25730932924319894, 'ar.L2': 0.3635878525005727, 'ma.L1': 0.667773992329162, 'ma.L2': 0.46805113823681727, 'sigma2': 0.003537600889294132}",False,False,0.0,,,,,,,,,[],True,True,"{'const': 5.63815748174184e-06, 'ar.L1': 0.25730932924319894, 'ar.L2': 0.3635878525005727, 'ma.L1': 0.667773992329162, 'ma.L2': 0.46805113823681727, 'sigma2': 0.003537600889294132}"
Electricity-CISO,"Log weekly-difference ARIMA(2,0,2)",2025-01-14 23:00:00+00:00,24913.0,2025-01-15 00:00:00+00:00,1,24813.0,25205.661106194148,-100.0,292.6611061941476,-1.0,1.0,False,1781.6639760497196,0.2203901024393782,21.02462799998466,52944,expanding,True,36.0,0.0,-1.4044421069095931,,,True,36.0,0.0,-1.4044421069095931,,,"{'const': -2.1950526010466604e-06, 'ar.L1': 0.2572748180464486, 'ar.L2': 0.36368033534774186, 'ma.L1': 0.6678179084027975, 'ma.L2': 0.46781370432372205, 'sigma2': 0.003528242143736397}",False,False,0.0,,,,,,,,,[],True,True,"{'const': -2.1950526010466604e-06, 'ar.L1': 0.2572748180464486, 'ar.L2': 0.36368033534774186, 'ma.L1': 0.6678179084027975, 'ma.L2': 0.46781370432372205, 'sigma2': 0.003528242143736397}"
Electricity-CISO,"Log weekly-difference ARIMA(2,0,2)",2025-01-14 23:00:00+00:00,24913.0,2025-01-15 23:00:00+00:00,24,24075.0,23785.224829595092,-838.0,-1127.7751704049078,-1.0,-1.0,True,1781.6639760497196,0.16264299795037293,21.02462799998466,52944,expanding,True,36.0,0.0,-1.4044421069095931,,,True,36.0,0.0,-1.4044421069095931,,,"{'const': -2.1950526010466604e-06, 'ar.L1': 0.2572748180464486, 'ar.L2': 0.36368033534774186, 'ma.L1': 0.6678179084027975, 'ma.L2': 0.46781370432372205, 'sigma2': 0.003528242143736397}",False,False,0.0,,,,,,,,,[],True,True,"{'const': -2.1950526010466604e-06, 'ar.L1': 0.2572748180464486, 'ar.L2': 0.36368033534774186, 'ma.L1': 0.6678179084027975, 'ma.L2': 0.46781370432372205, 'sigma2': 0.003528242143736397}"
Electricity-CISO,"Log weekly-difference ARIMA(2,0,2)",2025-01-14 23:00:00+00:00,24913.0,2025-01-21 23:00:00+00:00,168,24199.0,24912.94531471453,-714.0,-0.05468528547135065,-1.0,-1.0,True,1781.6639760497196,0.4007182747767501,21.02462799998466,52944,expanding,True,36.0,0.0,-1.4044421069095931,,,True,36.0,0.0,-1.4044421069095931,,,"{'const': -2.1950526010466604e-06, 'ar.L1': 0.2572748180464486, 'ar.L2': 0.36368033534774186, 'ma.L1': 0.6678179084027975, 'ma.L2': 0.46781370432372205, 'sigma2': 0.003528242143736397}",False,False,0.0,,,,,,,,,[],True,True,"{'const': -2.1950526010466604e-06, 'ar.L1': 0.2572748180464486, 'ar.L2': 0.36368033534774186, 'ma.L1': 0.6678179084027975, 'ma.L2': 0.46781370432372205, 'sigma2': 0.003528242143736397}"
Electricity-CISO,"Log weekly-difference ARIMA(2,0,2)",2025-01-21 23:00:00+00:00,24199.0,2025-01-22 00:00:00+00:00,1,24040.0,24242.916701102764,-159.0,43.91670110276391,-1.0,1.0,False,1778.3319734058628,0.11410507382046205,24.118476400035433,53112,expanding,True,43.0,0.0,-1.4058625999054337,,,True,43.0,0.0,-1.4058625999054337,,,"{'const': 5.9186624938654034e-05, 'ar.L1': 0.2572919417752132, 'ar.L2': 0.3637179997236135, 'ma.L1': 0.6678081347413967, 'ma.L2': 0.46766445025827913, 'sigma2': 0.0035181988988987984}",False,False,0.0,,,,,,,,,[],True,True,"{'const': 5.9186624938654034e-05, 'ar.L1': 0.2572919417752132, 'ar.L2': 0.3637179997236135, 'ma.L1': 0.6678081347413967, 'ma.L2': 0.46766445025827913, 'sigma2': 0.0035181988988987984}"
Electricity-CISO,"Log weekly-difference ARIMA(2,0,2)",2025-01-21 23:00:00+00:00,24199.0,2025-01-22 23:00:00+00:00,24,25321.0,24075.739604610168,1122.0,-123.26039538983241,1.0,-1.0,False,1778.3319734058628,0.7002406828489446,24.118476400035433,53112,expanding,True,43.0,0.0,-1.4058625999054337,,,True,43.0,0.0,-1.4058625999054337,,,"{'const': 5.9186624938654034e-05, 'ar.L1': 0.2572919417752132, 'ar.L2': 0.3637179997236135, 'ma.L1': 0.6678081347413967, 'ma.L2': 0.46766445025827913, 'sigma2': 0.0035181988988987984}",False,False,0.0,,,,,,,,,[],True,True,"{'const': 5.9186624938654034e-05, 'ar.L1': 0.2572919417752132, 'ar.L2': 0.3637179997236135, 'ma.L1': 0.6678081347413967, 'ma.L2': 0.46766445025827913, 'sigma2': 0.0035181988988987984}"
Electricity-CISO,"Log weekly-difference ARIMA(2,0,2)",2025-01-21 23:00:00+00:00,24199.0,2025-01-28 23:00:00+00:00,168,22568.0,24200.43229952295,-1631.0,1.4322995229485969,-1.0,1.0,False,1778.3319734058628,0.9179570091159712,24.118476400035433,53112,expanding,True,43.0,0.0,-1.4058625999054337,,,True,43.0,0.0,-1.4058625999054337,,,"{'const': 5.9186624938654034e-05, 'ar.L1': 0.2572919417752132, 'ar.L2': 0.3637179997236135, 'ma.L1': 0.6678081347413967, 'ma.L2': 0.46766445025827913, 'sigma2': 0.0035181988988987984}",False,False,0.0,,,,,,,,,[],True,True,"{'const': 5.9186624938654034e-05, 'ar.L1': 0.2572919417752132, 'ar.L2': 0.3637179997236135, 'ma.L1': 0.6678081347413967, 'ma.L2': 0.46766445025827913, 'sigma2': 0.0035181988988987984}"
Electricity-CISO,"Log weekly-difference ARIMA(2,0,2)",2025-01-28 23:00:00+00:00,22568.0,2025-01-29 00:00:00+00:00,1,22713.0,22483.435520916893,145.0,-84.56447908310656,1.0,-1.0,False,1774.7921750263595,0.12934724544844076,21.913315400015563,53280,expanding,True,36.0,0.0,-1.4072317512371564,,,True,36.0,0.0,-1.4072317512371564,,,"{'const': 6.831633198968219e-05, 'ar.L1': 0.2574229291518938, 'ar.L2': 0.3636548656721963, 'ma.L1': 0.6676439822666193, 'ma.L2': 0.4674882758355941, 'sigma2': 0.003508668099898904}",False,False,0.0,,,,,,,,,[],True,True,"{'const': 6.831633198968219e-05, 'ar.L1': 0.2574229291518938, 'ar.L2': 0.3636548656721963, 'ma.L1': 0.6676439822666193, 'ma.L2': 0.4674882758355941, 'sigma2': 0.003508668099898904}"
Electricity-CISO,"Log weekly-difference ARIMA(2,0,2)",2025-01-28 23:00:00+00:00,22568.0,2025-01-29 23:00:00+00:00,24,23347.0,25320.684420100864,779.0,2752.6844201008644,1.0,1.0,True,1774.7921750263595,1.1120650901402307,21.913315400015563,53280,expanding,True,36.0,0.0,-1.4072317512371564,,,True,36.0,0.0,-1.4072317512371564,,,"{'const': 6.831633198968219e-05, 'ar.L1': 0.2574229291518938, 'ar.L2': 0.3636548656721963, 'ma.L1': 0.6676439822666193, 'ma.L2': 0.4674882758355941, 'sigma2': 0.003508668099898904}",False,False,0.0,,,,,,,,,[],True,True,"{'const': 6.831633198968219e-05, 'ar.L1': 0.2574229291518938, 'ar.L2': 0.3636548656721963, 'ma.L1': 0.6676439822666193, 'ma.L2': 0.4674882758355941, 'sigma2': 0.003508668099898904}"
Electricity-CISO,"Log weekly-difference ARIMA(2,0,2)",2025-01-28 23:00:00+00:00,22568.0,2025-02-04 23:00:00+00:00,168,26449.0,22569.541815645378,3881.0,1.5418156453779375,1.0,1.0,True,1774.7921750263595,2.185866175738015,21.913315400015563,53280,expanding,True,36.0,0.0,-1.4072317512371564,,,True,36.0,0.0,-1.4072317512371564,,,"{'const': 6.831633198968219e-05, 'ar.L1': 0.2574229291518938, 'ar.L2': 0.3636548656721963, 'ma.L1': 0.6676439822666193, 'ma.L2': 0.4674882758355941, 'sigma2': 0.003508668099898904}",False,False,0.0,,,,,,,,,[],True,True,"{'const': 6.831633198968219e-05, 'ar.L1': 0.2574229291518938, 'ar.L2': 0.3636548656721963, 'ma.L1': 0.6676439822666193, 'ma.L2': 0.4674882758355941, 'sigma2': 0.003508668099898904}"
Electricity-CISO,"Log weekly-difference ARIMA(2,0,2)",2025-02-04 23:00:00+00:00,26449.0,2025-02-05 00:00:00+00:00,1,26489.0,25694.903146975397,40.0,-754.0968530246028,1.0,-1.0,False,1772.6428678678678,0.4479734002933943,22.51674059999641,53448,expanding,True,38.0,0.0,-1.4085437546183135,,,True,38.0,0.0,-1.4085437546183135,,,"{'const': 0.0001036632931772436, 'ar.L1': 0.2575386094170732, 'ar.L2': 0.3636443804299855, 'ma.L1': 0.6676315435099311, 'ma.L2': 0.46731328134795214, 'sigma2': 0.0034993847478201486}",False,False,0.0,,,,,,,,,[],True,True,"{'const': 0.0001036632931772436, 'ar.L1': 0.2575386094170732, 'ar.L2': 0.3636443804299855, 'ma.L1': 0.6676315435099311, 'ma.L2': 0.46731328134795214, 'sigma2': 0.0034993847478201486}"
Electricity-CISO,"Log weekly-difference ARIMA(2,0,2)",2025-02-04 23:00:00+00:00,26449.0,2025-02-05 23:00:00+00:00,24,23875.0,23352.79199231224,-2574.0,-3096.208007687761,-1.0,-1.0,True,1772.6428678678678,0.29459290258272497,22.51674059999641,53448,expanding,True,38.0,0.0,-1.4085437546183135,,,True,38.0,0.0,-1.4085437546183135,,,"{'const': 0.0001036632931772436, 'ar.L1': 0.2575386094170732, 'ar.L2': 0.3636443804299855, 'ma.L1': 0.6676315435099311, 'ma.L2': 0.46731328134795214, 'sigma2': 0.0034993847478201486}",False,False,0.0,,,,,,,,,[],True,True,"{'const': 0.0001036632931772436, 'ar.L1': 0.2575386094170732, 'ar.L2': 0.3636443804299855, 'ma.L1': 0.6676315435099311, 'ma.L2': 0.46731328134795214, 'sigma2': 0.0034993847478201486}"
Electricity-CISO,"Log weekly-difference ARIMA(2,0,2)",2025-02-04 23:00:00+00:00,26449.0,2025-02-11 23:00:00+00:00,168,25624.0,26451.741932557692,-825.0,2.741932557692053,-1.0,1.0,False,1772.6428678678678,0.46695357963067813,22.51674059999641,53448,expanding,True,38.0,0.0,-1.4085437546183135,,,True,38.0,0.0,-1.4085437546183135,,,"{'const': 0.0001036632931772436, 'ar.L1': 0.2575386094170732, 'ar.L2': 0.3636443804299855, 'ma.L1': 0.6676315435099311, 'ma.L2': 0.46731328134795214, 'sigma2': 0.0034993847478201486}",False,False,0.0,,,,,,,,,[],True,True,"{'const': 0.0001036632931772436, 'ar.L1': 0.2575386094170732, 'ar.L2': 0.3636443804299855, 'ma.L1': 0.6676315435099311, 'ma.L2': 0.46731328134795214, 'sigma2': 0.0034993847478201486}"
Electricity-CISO,"Log weekly-difference ARIMA(2,0,2)",2025-02-11 23:00:00+00:00,25624.0,2025-02-12 00:00:00+00:00,1,25743.0,26196.464219222056,119.0,572.4642192220563,1.0,1.0,True,1770.570629396797,0.2561119063499567,30.426752500003204,53616,expanding,True,44.0,0.0,-1.409834261010243,,,True,44.0,0.0,-1.409834261010243,,,"{'const': 1.4865258715552261e-05, 'ar.L1': 0.2577407113626128, 'ar.L2': 0.3635465198205283, 'ma.L1': 0.6675893369628703, 'ma.L2': 0.46722224574384935, 'sigma2': 0.003490366819976383}",False,False,0.0,,,,,,,,,[],True,True,"{'const': 1.4865258715552261e-05, 'ar.L1': 0.2577407113626128, 'ar.L2': 0.3635465198205283, 'ma.L1': 0.6675893369628703, 'ma.L2': 0.46722224574384935, 'sigma2': 0.003490366819976383}"
Electricity-CISO,"Log weekly-difference ARIMA(2,0,2)",2025-02-11 23:00:00+00:00,25624.0,2025-02-12 23:00:00+00:00,24,27192.0,23875.227813407044,1568.0,-1748.7721865929561,1.0,-1.0,False,1770.570629396797,1.873278665942247,30.426752500003204,53616,expanding,True,44.0,0.0,-1.409834261010243,,,True,44.0,0.0,-1.409834261010243,,,"{'const': 1.4865258715552261e-05, 'ar.L1': 0.2577407113626128, 'ar.L2': 0.3635465198205283, 'ma.L1': 0.6675893369628703, 'ma.L2': 0.46722224574384935, 'sigma2': 0.003490366819976383}",False,False,0.0,,,,,,,,,[],True,True,"{'const': 1.4865258715552261e-05, 'ar.L1': 0.2577407113626128, 'ar.L2': 0.3635465198205283, 'ma.L1': 0.6675893369628703, 'ma.L2': 0.46722224574384935, 'sigma2': 0.003490366819976383}"
Electricity-CISO,"Log weekly-difference ARIMA(2,0,2)",2025-02-11 23:00:00+00:00,25624.0,2025-02-18 23:00:00+00:00,168,21773.0,25624.380910220516,-3851.0,0.38091022051594337,-1.0,1.0,False,1770.570629396797,2.1752201500894746,30.426752500003204,53616,expanding,True,44.0,0.0,-1.409834261010243,,,True,44.0,0.0,-1.409834261010243,,,"{'const': 1.4865258715552261e-05, 'ar.L1': 0.2577407113626128, 'ar.L2': 0.3635465198205283, 'ma.L1': 0.6675893369628703, 'ma.L2': 0.46722224574384935, 'sigma2': 0.003490366819976383}",False,False,0.0,,,,,,,,,[],True,True,"{'const': 1.4865258715552261e-05, 'ar.L1': 0.2577407113626128, 'ar.L2': 0.3635465198205283, 'ma.L1': 0.6675893369628703, 'ma.L2': 0.46722224574384935, 'sigma2': 0.003490366819976383}"
Electricity-CISO,"Log weekly-difference ARIMA(2,0,2)",2025-02-18 23:00:00+00:00,21773.0,2025-02-19 00:00:00+00:00,1,21552.0,22337.266704200014,-221.0,564.2667042000139,-1.0,1.0,False,1767.9873545210385,0.44415855248735575,26.489347399910912,53784,expanding,True,45.0,0.0,-1.4111359958968368,,,True,45.0,0.0,-1.4111359958968368,,,"{'const': 1.3430009308167188e-05, 'ar.L1': 0.257696603057897, 'ar.L2': 0.363794398341352, 'ma.L1': 0.667577845351956, 'ma.L2': 0.46682139424668706, 'sigma2': 0.003481288705394204}",False,False,0.0,,,,,,,,,[],True,True,"{'const': 1.3430009308167188e-05, 'ar.L1': 0.257696603057897, 'ar.L2': 0.363794398341352, 'ma.L1': 0.667577845351956, 'ma.L2': 0.46682139424668706, 'sigma2': 0.003481288705394204}"
Electricity-CISO,"Log weekly-difference ARIMA(2,0,2)",2025-02-18 23:00:00+00:00,21773.0,2025-02-19 23:00:00+00:00,24,23458.0,27187.386065085244,1685.0,5414.386065085244,1.0,1.0,True,1767.9873545210385,2.1093963458214686,26.489347399910912,53784,expanding,True,45.0,0.0,-1.4111359958968368,,,True,45.0,0.0,-1.4111359958968368,,,"{'const': 1.3430009308167188e-05, 'ar.L1': 0.257696603057897, 'ar.L2': 0.363794398341352, 'ma.L1': 0.667577845351956, 'ma.L2': 0.46682139424668706, 'sigma2': 0.003481288705394204}",False,False,0.0,,,,,,,,,[],True,True,"{'const': 1.3430009308167188e-05, 'ar.L1': 0.257696603057897, 'ar.L2': 0.363794398341352, 'ma.L1': 0.667577845351956, 'ma.L2': 0.46682139424668706, 'sigma2': 0.003481288705394204}"
Electricity-CISO,"Log weekly-difference ARIMA(2,0,2)",2025-02-18 23:00:00+00:00,21773.0,2025-02-25 23:00:00+00:00,168,22170.0,21773.2924135562,397.0,0.29241355619888054,1.0,1.0,True,1767.9873545210385,0.22438372391598485,26.489347399910912,53784,expanding,True,45.0,0.0,-1.4111359958968368,,,True,45.0,0.0,-1.4111359958968368,,,"{'const': 1.3430009308167188e-05, 'ar.L1': 0.257696603057897, 'ar.L2': 0.363794398341352, 'ma.L1': 0.667577845351956, 'ma.L2': 0.46682139424668706, 'sigma2': 0.003481288705394204}",False,False,0.0,,,,,,,,,[],True,True,"{'const': 1.3430009308167188e-05, 'ar.L1': 0.257696603057897, 'ar.L2': 0.363794398341352, 'ma.L1': 0.667577845351956, 'ma.L2': 0.46682139424668706, 'sigma2': 0.003481288705394204}"
Electricity-CISO,"Log weekly-difference ARIMA(2,0,2)",2025-02-25 23:00:00+00:00,22170.0,2025-02-26 00:00:00+00:00,1,22080.0,21866.227954407175,-90.0,-303.7720455928247,-1.0,-1.0,True,1767.380633645694,0.12095416319678849,21.37891289999243,53952,expanding,True,35.0,0.0,-1.4123764357206514,,,True,35.0,0.0,-1.4123764357206514,,,"{'const': -0.00015744801456450027, 'ar.L1': 0.257894066764006, 'ar.L2': 0.3640870220877332, 'ma.L1': 0.6675057661501669, 'ma.L2': 0.46649064257031053, 'sigma2': 0.0034726558717715636}",False,False,0.0,,,,,,,,,[],True,True,"{'const': -0.00015744801456450027, 'ar.L1': 0.257894066764006, 'ar.L2': 0.3640870220877332, 'ma.L1': 0.6675057661501669, 'ma.L2': 0.46649064257031053, 'sigma2': 0.0034726558717715636}"
Electricity-CISO,"Log weekly-difference ARIMA(2,0,2)",2025-02-25 23:00:00+00:00,22170.0,2025-02-26 23:00:00+00:00,24,21051.0,23454.608044251116,-1119.0,1284.6080442511156,-1.0,1.0,False,1767.380633645694,1.3599832421457696,21.37891289999243,53952,expanding,True,35.0,0.0,-1.4123764357206514,,,True,35.0,0.0,-1.4123764357206514,,,"{'const': -0.00015744801456450027, 'ar.L1': 0.257894066764006, 'ar.L2': 0.3640870220877332, 'ma.L1': 0.6675057661501669, 'ma.L2': 0.46649064257031053, 'sigma2': 0.0034726558717715636}",False,False,0.0,,,,,,,,,[],True,True,"{'const': -0.00015744801456450027, 'ar.L1': 0.257894066764006, 'ar.L2': 0.3640870220877332, 'ma.L1': 0.6675057661501669, 'ma.L2': 0.46649064257031053, 'sigma2': 0.0034726558717715636}"
Electricity-CISO,"Log weekly-difference ARIMA(2,0,2)",2025-02-25 23:00:00+00:00,22170.0,2025-03-04 23:00:00+00:00,168,21596.0,22166.509652298493,-574.0,-3.4903477015068347,-1.0,-1.0,True,1767.380633645694,0.3227995381626791,21.37891289999243,53952,expanding,True,35.0,0.0,-1.4123764357206514,,,True,35.0,0.0,-1.4123764357206514,,,"{'const': -0.00015744801456450027, 'ar.L1': 0.257894066764006, 'ar.L2': 0.3640870220877332, 'ma.L1': 0.6675057661501669, 'ma.L2': 0.46649064257031053, 'sigma2': 0.0034726558717715636}",False,False,0.0,,,,,,,,,[],True,True,"{'const': -0.00015744801456450027, 'ar.L1': 0.257894066764006, 'ar.L2': 0.3640870220877332, 'ma.L1': 0.6675057661501669, 'ma.L2': 0.46649064257031053, 'sigma2': 0.0034726558717715636}"
Electricity-CISO,"Log weekly-difference ARIMA(2,0,2)",2025-03-04 23:00:00+00:00,21596.0,2025-03-05 00:00:00+00:00,1,21649.0,21403.942630126487,53.0,-192.05736987351338,1.0,-1.0,False,1764.372052935943,0.1388921171505375,24.514461199985817,54120,expanding,True,39.0,0.0,-1.4137094158048855,,,True,39.0,0.0,-1.4137094158048855,,,"{'const': -0.00015907047553484268, 'ar.L1': 0.25804538770889884, 'ar.L2': 0.3639833295196936, 'ma.L1': 0.6673705427989534, 'ma.L2': 0.4664413537720191, 'sigma2': 0.0034634093160991843}",False,False,0.0,,,,,,,,,[],True,True,"{'const': -0.00015907047553484268, 'ar.L1': 0.25804538770889884, 'ar.L2': 0.3639833295196936, 'ma.L1': 0.6673705427989534, 'ma.L2': 0.4664413537720191, 'sigma2': 0.0034634093160991843}"
Electricity-CISO,"Log weekly-difference ARIMA(2,0,2)",2025-03-04 23:00:00+00:00,21596.0,2025-03-05 23:00:00+00:00,24,25647.0,21047.12601775154,4051.0,-548.8739822484604,1.0,-1.0,False,1764.372052935943,2.6070884395352993,24.514461199985817,54120,expanding,True,39.0,0.0,-1.4137094158048855,,,True,39.0,0.0,-1.4137094158048855,,,"{'const': -0.00015907047553484268, 'ar.L1': 0.25804538770889884, 'ar.L2': 0.3639833295196936, 'ma.L1': 0.6673705427989534, 'ma.L2': 0.4664413537720191, 'sigma2': 0.0034634093160991843}",False,False,0.0,,,,,,,,,[],True,True,"{'const': -0.00015907047553484268, 'ar.L1': 0.25804538770889884, 'ar.L2': 0.3639833295196936, 'ma.L1': 0.6673705427989534, 'ma.L2': 0.4664413537720191, 'sigma2': 0.0034634093160991843}"
Electricity-CISO,"Log weekly-difference ARIMA(2,0,2)",2025-03-04 23:00:00+00:00,21596.0,2025-03-11 23:00:00+00:00,168,21750.0,21592.564987222137,154.0,-3.4350127778634487,1.0,-1.0,False,1764.372052935943,0.08923005355695195,24.514461199985817,54120,expanding,True,39.0,0.0,-1.4137094158048855,,,True,39.0,0.0,-1.4137094158048855,,,"{'const': -0.00015907047553484268, 'ar.L1': 0.25804538770889884, 'ar.L2': 0.3639833295196936, 'ma.L1': 0.6673705427989534, 'ma.L2': 0.4664413537720191, 'sigma2': 0.0034634093160991843}",False,False,0.0,,,,,,,,,[],True,True,"{'const': -0.00015907047553484268, 'ar.L1': 0.25804538770889884, 'ar.L2': 0.3639833295196936, 'ma.L1': 0.6673705427989534, 'ma.L2': 0.4664413537720191, 'sigma2': 0.0034634093160991843}"
Electricity-CISO,"Log weekly-difference ARIMA(2,0,2)",2025-03-11 23:00:00+00:00,21750.0,2025-03-12 00:00:00+00:00,1,22433.0,22129.63665006996,683.0,379.6366500699587,1.0,1.0,True,1763.110384331116,0.17206146173606168,27.883231400046498,54288,expanding,True,37.0,0.0,-1.4148501553924764,,,True,37.0,0.0,-1.4148501553924764,,,"{'const': -0.00013458365344578226, 'ar.L1': 0.2583178732351554, 'ar.L2': 0.3639314312967852, 'ma.L1': 0.6672825726991347, 'ma.L2': 0.4664010037096541, 'sigma2': 0.003455661818434516}",False,False,0.0,,,,,,,,,[],True,True,"{'const': -0.00013458365344578226, 'ar.L1': 0.2583178732351554, 'ar.L2': 0.3639314312967852, 'ma.L1': 0.6672825726991347, 'ma.L2': 0.4664010037096541, 'sigma2': 0.003455661818434516}"
Electricity-CISO,"Log weekly-difference ARIMA(2,0,2)",2025-03-11 23:00:00+00:00,21750.0,2025-03-12 23:00:00+00:00,24,24698.0,25643.71884848422,2948.0,3893.718848484219,1.0,1.0,True,1763.110384331116,0.5363923080987373,27.883231400046498,54288,expanding,True,37.0,0.0,-1.4148501553924764,,,True,37.0,0.0,-1.4148501553924764,,,"{'const': -0.00013458365344578226, 'ar.L1': 0.2583178732351554, 'ar.L2': 0.3639314312967852, 'ma.L1': 0.6672825726991347, 'ma.L2': 0.4664010037096541, 'sigma2': 0.003455661818434516}",False,False,0.0,,,,,,,,,[],True,True,"{'const': -0.00013458365344578226, 'ar.L1': 0.2583178732351554, 'ar.L2': 0.3639314312967852, 'ma.L1': 0.6672825726991347, 'ma.L2': 0.4664010037096541, 'sigma2': 0.003455661818434516}"
Electricity-CISO,"Log weekly-difference ARIMA(2,0,2)",2025-03-11 23:00:00+00:00,21750.0,2025-03-18 23:00:00+00:00,168,19448.0,21747.073002504956,-2302.0,-2.9269974950439064,-1.0,-1.0,True,1763.110384331116,1.3039869896615532,27.883231400046498,54288,expanding,True,37.0,0.0,-1.4148501553924764,,,True,37.0,0.0,-1.4148501553924764,,,"{'const': -0.00013458365344578226, 'ar.L1': 0.2583178732351554, 'ar.L2': 0.3639314312967852, 'ma.L1': 0.6672825726991347, 'ma.L2': 0.4664010037096541, 'sigma2': 0.003455661818434516}",False,False,0.0,,,,,,,,,[],True,True,"{'const': -0.00013458365344578226, 'ar.L1': 0.2583178732351554, 'ar.L2': 0.3639314312967852, 'ma.L1': 0.6672825726991347, 'ma.L2': 0.4664010037096541, 'sigma2': 0.003455661818434516}"
Electricity-CISO,"Log weekly-difference ARIMA(2,0,2)",2025-03-18 23:00:00+00:00,19448.0,2025-03-19 00:00:00+00:00,1,19269.0,20007.96907167269,-179.0,559.9690716726909,-1.0,1.0,False,1761.0321249631595,0.41962270943135127,24.673494199989364,54456,expanding,True,38.0,0.0,-1.415999423131182,,,True,38.0,0.0,-1.415999423131182,,,"{'const': -6.892501414147985e-05, 'ar.L1': 0.258625946008505, 'ar.L2': 0.3639773822577078, 'ma.L1': 0.6670486374278658, 'ma.L2': 0.46594136496882776, 'sigma2': 0.0034476152020923}",False,False,0.0,,,,,,,,,[],True,True,"{'const': -6.892501414147985e-05, 'ar.L1': 0.258625946008505, 'ar.L2': 0.3639773822577078, 'ma.L1': 0.6670486374278658, 'ma.L2': 0.46594136496882776, 'sigma2': 0.0034476152020923}"
Electricity-CISO,"Log weekly-difference ARIMA(2,0,2)",2025-03-18 23:00:00+00:00,19448.0,2025-03-19 23:00:00+00:00,24,21148.0,24693.321384549563,1700.0,5245.321384549563,1.0,1.0,True,1761.0321249631595,2.013206536265618,24.673494199989364,54456,expanding,True,38.0,0.0,-1.415999423131182,,,True,38.0,0.0,-1.415999423131182,,,"{'const': -6.892501414147985e-05, 'ar.L1': 0.258625946008505, 'ar.L2': 0.3639773822577078, 'ma.L1': 0.6670486374278658, 'ma.L2': 0.46594136496882776, 'sigma2': 0.0034476152020923}",False,False,0.0,,,,,,,,,[],True,True,"{'const': -6.892501414147985e-05, 'ar.L1': 0.258625946008505, 'ar.L2': 0.3639773822577078, 'ma.L1': 0.6670486374278658, 'ma.L2': 0.46594136496882776, 'sigma2': 0.0034476152020923}"
Electricity-CISO,"Log weekly-difference ARIMA(2,0,2)",2025-03-18 23:00:00+00:00,19448.0,2025-03-25 23:00:00+00:00,168,21937.0,19446.659592519274,2489.0,-1.340407480725844,1.0,-1.0,False,1761.0321249631595,1.4141368417869284,24.673494199989364,54456,expanding,True,38.0,0.0,-1.415999423131182,,,True,38.0,0.0,-1.415999423131182,,,"{'const': -6.892501414147985e-05, 'ar.L1': 0.258625946008505, 'ar.L2': 0.3639773822577078, 'ma.L1': 0.6670486374278658, 'ma.L2': 0.46594136496882776, 'sigma2': 0.0034476152020923}",False,False,0.0,,,,,,,,,[],True,True,"{'const': -6.892501414147985e-05, 'ar.L1': 0.258625946008505, 'ar.L2': 0.3639773822577078, 'ma.L1': 0.6670486374278658, 'ma.L2': 0.46594136496882776, 'sigma2': 0.0034476152020923}"
Electricity-CISO,"Log weekly-difference ARIMA(2,0,2)",2025-03-25 23:00:00+00:00,21937.0,2025-03-26 00:00:00+00:00,1,22845.0,21760.154597542267,908.0,-176.84540245773314,1.0,-1.0,False,1760.4323306889967,0.6162380589960803,30.77679040003568,54624,expanding,True,40.0,0.0,-1.4171028348918588,,,True,40.0,0.0,-1.4171028348918588,,,"{'const': -0.0002479105573246321, 'ar.L1': 0.2590030922418599, 'ar.L2': 0.364161466531779, 'ma.L1': 0.6668453397237711, 'ma.L2': 0.46552755092501696, 'sigma2': 0.0034400098987862724}",False,False,0.0,,,,,,,,,[],True,True,"{'const': -0.0002479105573246321, 'ar.L1': 0.2590030922418599, 'ar.L2': 0.364161466531779, 'ma.L1': 0.6668453397237711, 'ma.L2': 0.46552755092501696, 'sigma2': 0.0034400098987862724}"
Electricity-CISO,"Log weekly-difference ARIMA(2,0,2)",2025-03-25 23:00:00+00:00,21937.0,2025-03-26 23:00:00+00:00,24,24147.0,21146.18035993288,2210.0,-790.8196400671186,1.0,-1.0,False,1760.4323306889967,1.7045924388883837,30.77679040003568,54624,expanding,True,40.0,0.0,-1.4171028348918588,,,True,40.0,0.0,-1.4171028348918588,,,"{'const': -0.0002479105573246321, 'ar.L1': 0.2590030922418599, 'ar.L2': 0.364161466531779, 'ma.L1': 0.6668453397237711, 'ma.L2': 0.46552755092501696, 'sigma2': 0.0034400098987862724}",False,False,0.0,,,,,,,,,[],True,True,"{'const': -0.0002479105573246321, 'ar.L1': 0.2590030922418599, 'ar.L2': 0.364161466531779, 'ma.L1': 0.6668453397237711, 'ma.L2': 0.46552755092501696, 'sigma2': 0.0034400098987862724}"
Electricity-CISO,"Log weekly-difference ARIMA(2,0,2)",2025-03-25 23:00:00+00:00,21937.0,2025-04-01 23:00:00+00:00,168,23846.0,21931.562260168375,1909.0,-5.43773983162464,1.0,-1.0,False,1760.4323306889967,1.087481584186967,30.77679040003568,54624,expanding,True,40.0,0.0,-1.4171028348918588,,,True,40.0,0.0,-1.4171028348918588,,,"{'const': -0.0002479105573246321, 'ar.L1': 0.2590030922418599, 'ar.L2': 0.364161466531779, 'ma.L1': 0.6668453397237711, 'ma.L2': 0.46552755092501696, 'sigma2': 0.0034400098987862724}",False,False,0.0,,,,,,,,,[],True,True,"{'const': -0.0002479105573246321, 'ar.L1': 0.2590030922418599, 'ar.L2': 0.364161466531779, 'ma.L1': 0.6668453397237711, 'ma.L2': 0.46552755092501696, 'sigma2': 0.0034400098987862724}"
Electricity-CISO,"Log weekly-difference ARIMA(2,0,2)",2025-04-01 23:00:00+00:00,23846.0,2025-04-02 00:00:00+00:00,1,23497.0,24559.964888381644,-349.0,713.9648883816444,-1.0,1.0,False,1758.8729679261862,0.604344320349037,25.309438800089993,54792,expanding,True,41.0,0.0,-1.4178566847351932,,,True,41.0,0.0,-1.4178566847351932,,,"{'const': -0.0001409873067520705, 'ar.L1': 0.259601931241292, 'ar.L2': 0.3641392997631747, 'ma.L1': 0.6660081568539871, 'ma.L2': 0.46443938775285376, 'sigma2': 0.003434815814097729}",False,False,0.0,,,,,,,,,[],True,True,"{'const': -0.0001409873067520705, 'ar.L1': 0.259601931241292, 'ar.L2': 0.3641392997631747, 'ma.L1': 0.6660081568539871, 'ma.L2': 0.46443938775285376, 'sigma2': 0.003434815814097729}"
Electricity-CISO,"Log weekly-difference ARIMA(2,0,2)",2025-04-01 23:00:00+00:00,23846.0,2025-04-02 23:00:00+00:00,24,22052.0,24146.170226563503,-1794.0,300.1702265635031,-1.0,1.0,False,1758.8729679261862,1.1906318789086012,25.309438800089993,54792,expanding,True,41.0,0.0,-1.4178566847351932,,,True,41.0,0.0,-1.4178566847351932,,,"{'const': -0.0001409873067520705, 'ar.L1': 0.259601931241292, 'ar.L2': 0.3641392997631747, 'ma.L1': 0.6660081568539871, 'ma.L2': 0.46443938775285376, 'sigma2': 0.003434815814097729}",False,False,0.0,,,,,,,,,[],True,True,"{'const': -0.0001409873067520705, 'ar.L1': 0.259601931241292, 'ar.L2': 0.3641392997631747, 'ma.L1': 0.6660081568539871, 'ma.L2': 0.46443938775285376, 'sigma2': 0.003434815814097729}"
Electricity-CISO,"Log weekly-difference ARIMA(2,0,2)",2025-04-01 23:00:00+00:00,23846.0,2025-04-08 23:00:00+00:00,168,21312.0,23842.638253670524,-2534.0,-3.3617463294758636,-1.0,-1.0,True,1758.8729679261862,1.4387839825944304,25.309438800089993,54792,expanding,True,41.0,0.0,-1.4178566847351932,,,True,41.0,0.0,-1.4178566847351932,,,"{'const': -0.0001409873067520705, 'ar.L1': 0.259601931241292, 'ar.L2': 0.3641392997631747, 'ma.L1': 0.6660081568539871, 'ma.L2': 0.46443938775285376, 'sigma2': 0.003434815814097729}",False,False,0.0,,,,,,,,,[],True,True,"{'const': -0.0001409873067520705, 'ar.L1': 0.259601931241292, 'ar.L2': 0.3641392997631747, 'ma.L1': 0.6660081568539871, 'ma.L2': 0.46443938775285376, 'sigma2': 0.003434815814097729}"
Electricity-CISO,"Log weekly-difference ARIMA(2,0,2)",2025-04-08 23:00:00+00:00,21312.0,2025-04-09 00:00:00+00:00,1,21622.0,21428.288154457892,310.0,116.28815445789223,1.0,1.0,True,1756.3358884508687,0.11029316591199782,24.472133900038898,54960,expanding,True,39.0,0.0,-1.4186172532278842,,,True,39.0,0.0,-1.4186172532278842,,,"{'const': -0.00019335414336299565, 'ar.L1': 0.25997028814654555, 'ar.L2': 0.3641787012469937, 'ma.L1': 0.6650901788177324, 'ma.L2': 0.46305440766044687, 'sigma2': 0.003429567206429453}",False,False,0.0,,,,,,,,,[],True,True,"{'const': -0.00019335414336299565, 'ar.L1': 0.25997028814654555, 'ar.L2': 0.3641787012469937, 'ma.L1': 0.6650901788177324, 'ma.L2': 0.46305440766044687, 'sigma2': 0.003429567206429453}"
Electricity-CISO,"Log weekly-difference ARIMA(2,0,2)",2025-04-08 23:00:00+00:00,21312.0,2025-04-09 23:00:00+00:00,24,22753.0,22044.23288353791,1441.0,732.2328835379085,1.0,1.0,True,1756.3358884508687,0.4035487295583543,24.472133900038898,54960,expanding,True,39.0,0.0,-1.4186172532278842,,,True,39.0,0.0,-1.4186172532278842,,,"{'const': -0.00019335414336299565, 'ar.L1': 0.25997028814654555, 'ar.L2': 0.3641787012469937, 'ma.L1': 0.6650901788177324, 'ma.L2': 0.46305440766044687, 'sigma2': 0.003429567206429453}",False,False,0.0,,,,,,,,,[],True,True,"{'const': -0.00019335414336299565, 'ar.L1': 0.25997028814654555, 'ar.L2': 0.3641787012469937, 'ma.L1': 0.6650901788177324, 'ma.L2': 0.46305440766044687, 'sigma2': 0.003429567206429453}"
Electricity-CISO,"Log weekly-difference ARIMA(2,0,2)",2025-04-08 23:00:00+00:00,21312.0,2025-04-15 23:00:00+00:00,168,24220.0,21307.879634854336,2908.0,-4.120365145663527,1.0,-1.0,False,1756.3358884508687,1.658065740326143,24.472133900038898,54960,expanding,True,39.0,0.0,-1.4186172532278842,,,True,39.0,0.0,-1.4186172532278842,,,"{'const': -0.00019335414336299565, 'ar.L1': 0.25997028814654555, 'ar.L2': 0.3641787012469937, 'ma.L1': 0.6650901788177324, 'ma.L2': 0.46305440766044687, 'sigma2': 0.003429567206429453}",False,False,0.0,,,,,,,,,[],True,True,"{'const': -0.00019335414336299565, 'ar.L1': 0.25997028814654555, 'ar.L2': 0.3641787012469937, 'ma.L1': 0.6650901788177324, 'ma.L2': 0.46305440766044687, 'sigma2': 0.003429567206429453}"
Electricity-CISO,"Log weekly-difference ARIMA(2,0,2)",2025-04-15 23:00:00+00:00,24220.0,2025-04-16 00:00:00+00:00,1,23627.0,23843.42353498477,-593.0,-376.5764650152305,-1.0,-1.0,True,1754.75576783115,0.12333541735683566,27.808154199970886,55128,expanding,True,45.0,0.0,-1.4197410972140245,,,True,45.0,0.0,-1.4197410972140245,,,"{'const': -4.694100849730858e-05, 'ar.L1': 0.2601272551312416, 'ar.L2': 0.3644378623210353, 'ma.L1': 0.6648763381312776, 'ma.L2': 0.46234465277415393, 'sigma2': 0.003421885657614703}",False,False,0.0,,,,,,,,,[],True,True,"{'const': -4.694100849730858e-05, 'ar.L1': 0.2601272551312416, 'ar.L2': 0.3644378623210353, 'ma.L1': 0.6648763381312776, 'ma.L2': 0.46234465277415393, 'sigma2': 0.003421885657614703}"
Electricity-CISO,"Log weekly-difference ARIMA(2,0,2)",2025-04-15 23:00:00+00:00,24220.0,2025-04-16 23:00:00+00:00,24,24528.0,22755.173803943027,308.0,-1464.8261960569725,1.0,-1.0,False,1754.75576783115,1.0102979734029638,27.808154199970886,55128,expanding,True,45.0,0.0,-1.4197410972140245,,,True,45.0,0.0,-1.4197410972140245,,,"{'const': -4.694100849730858e-05, 'ar.L1': 0.2601272551312416, 'ar.L2': 0.3644378623210353, 'ma.L1': 0.6648763381312776, 'ma.L2': 0.46234465277415393, 'sigma2': 0.003421885657614703}",False,False,0.0,,,,,,,,,[],True,True,"{'const': -4.694100849730858e-05, 'ar.L1': 0.2601272551312416, 'ar.L2': 0.3644378623210353, 'ma.L1': 0.6648763381312776, 'ma.L2': 0.46234465277415393, 'sigma2': 0.003421885657614703}"
Electricity-CISO,"Log weekly-difference ARIMA(2,0,2)",2025-04-15 23:00:00+00:00,24220.0,2025-04-22 23:00:00+00:00,168,22038.0,24218.863115457683,-2182.0,-1.1368845423166931,-1.0,-1.0,True,1754.75576783115,1.2428300025781909,27.808154199970886,55128,expanding,True,45.0,0.0,-1.4197410972140245,,,True,45.0,0.0,-1.4197410972140245,,,"{'const': -4.694100849730858e-05, 'ar.L1': 0.2601272551312416, 'ar.L2': 0.3644378623210353, 'ma.L1': 0.6648763381312776, 'ma.L2': 0.46234465277415393, 'sigma2': 0.003421885657614703}",False,False,0.0,,,,,,,,,[],True,True,"{'const': -4.694100849730858e-05, 'ar.L1': 0.2601272551312416, 'ar.L2': 0.3644378623210353, 'ma.L1': 0.6648763381312776, 'ma.L2': 0.46234465277415393, 'sigma2': 0.003421885657614703}"
Electricity-CISO,"Log weekly-difference ARIMA(2,0,2)",2025-04-22 23:00:00+00:00,22038.0,2025-04-23 00:00:00+00:00,1,22677.0,22275.452725438583,639.0,237.452725438583,1.0,1.0,True,1753.175754607459,0.22903994280443637,32.240684999967925,55296,expanding,True,53.0,0.0,-1.4208785819996557,,,True,53.0,0.0,-1.4208785819996557,,,"{'const': -0.00012206271375431421, 'ar.L1': 0.26024421503942846, 'ar.L2': 0.3646061605511406, 'ma.L1': 0.6648019545928998, 'ma.L2': 0.46193477854490556, 'sigma2': 0.003414109385864906}",False,False,0.0,,,,,,,,,[],True,True,"{'const': -0.00012206271375431421, 'ar.L1': 0.26024421503942846, 'ar.L2': 0.3646061605511406, 'ma.L1': 0.6648019545928998, 'ma.L2': 0.46193477854490556, 'sigma2': 0.003414109385864906}"
Electricity-CISO,"Log weekly-difference ARIMA(2,0,2)",2025-04-22 23:00:00+00:00,22038.0,2025-04-23 23:00:00+00:00,24,22657.0,24522.75906680971,619.0,2484.759066809711,1.0,1.0,True,1753.175754607459,1.0642167859704743,32.240684999967925,55296,expanding,True,53.0,0.0,-1.4208785819996557,,,True,53.0,0.0,-1.4208785819996557,,,"{'const': -0.00012206271375431421, 'ar.L1': 0.26024421503942846, 'ar.L2': 0.3646061605511406, 'ma.L1': 0.6648019545928998, 'ma.L2': 0.46193477854490556, 'sigma2': 0.003414109385864906}",False,False,0.0,,,,,,,,,[],True,True,"{'const': -0.00012206271375431421, 'ar.L1': 0.26024421503942846, 'ar.L2': 0.3646061605511406, 'ma.L1': 0.6648019545928998, 'ma.L2': 0.46193477854490556, 'sigma2': 0.003414109385864906}"
Electricity-CISO,"Log weekly-difference ARIMA(2,0,2)",2025-04-22 23:00:00+00:00,22038.0,2025-04-29 23:00:00+00:00,168,21404.0,22035.310146083088,-634.0,-2.689853916912398,-1.0,-1.0,True,1753.175754607459,0.3600951840817806,32.240684999967925,55296,expanding,True,53.0,0.0,-1.4208785819996557,,,True,53.0,0.0,-1.4208785819996557,,,"{'const': -0.00012206271375431421, 'ar.L1': 0.26024421503942846, 'ar.L2': 0.3646061605511406, 'ma.L1': 0.6648019545928998, 'ma.L2': 0.46193477854490556, 'sigma2': 0.003414109385864906}",False,False,0.0,,,,,,,,,[],True,True,"{'const': -0.00012206271375431421, 'ar.L1': 0.26024421503942846, 'ar.L2': 0.3646061605511406, 'ma.L1': 0.6648019545928998, 'ma.L2': 0.46193477854490556, 'sigma2': 0.003414109385864906}"
Electricity-CISO,"Log weekly-difference ARIMA(2,0,2)",2025-04-29 23:00:00+00:00,21404.0,2025-04-30 00:00:00+00:00,1,21885.0,21733.338744866436,481.0,329.3387448664362,1.0,1.0,True,1750.9233036747685,0.08661787458951696,25.409443199983798,55464,expanding,True,42.0,0.0,-1.4220262782606854,,,True,42.0,0.0,-1.4220262782606854,,,"{'const': -5.930193370906822e-05, 'ar.L1': 0.2603939255222121, 'ar.L2': 0.3646322321263396, 'ma.L1': 0.6647753126609339, 'ma.L2': 0.46169203141709875, 'sigma2': 0.003406241258140247}",False,False,0.0,,,,,,,,,[],True,True,"{'const': -5.930193370906822e-05, 'ar.L1': 0.2603939255222121, 'ar.L2': 0.3646322321263396, 'ma.L1': 0.6647753126609339, 'ma.L2': 0.46169203141709875, 'sigma2': 0.003406241258140247}"
Electricity-CISO,"Log weekly-difference ARIMA(2,0,2)",2025-04-29 23:00:00+00:00,21404.0,2025-04-30 23:00:00+00:00,24,22170.0,22654.159544777438,766.0,1250.159544777438,1.0,1.0,True,1750.9233036747685,0.27651670622082825,25.409443199983798,55464,expanding,True,42.0,0.0,-1.4220262782606854,,,True,42.0,0.0,-1.4220262782606854,,,"{'const': -5.930193370906822e-05, 'ar.L1': 0.2603939255222121, 'ar.L2': 0.3646322321263396, 'ma.L1': 0.6647753126609339, 'ma.L2': 0.46169203141709875, 'sigma2': 0.003406241258140247}",False,False,0.0,,,,,,,,,[],True,True,"{'const': -5.930193370906822e-05, 'ar.L1': 0.2603939255222121, 'ar.L2': 0.3646322321263396, 'ma.L1': 0.6647753126609339, 'ma.L2': 0.46169203141709875, 'sigma2': 0.003406241258140247}"
Electricity-CISO,"Log weekly-difference ARIMA(2,0,2)",2025-04-29 23:00:00+00:00,21404.0,2025-05-06 23:00:00+00:00,168,25716.0,21402.730739046092,4312.0,-1.2692609539080877,1.0,-1.0,False,1750.9233036747685,2.463425583462959,25.409443199983798,55464,expanding,True,42.0,0.0,-1.4220262782606854,,,True,42.0,0.0,-1.4220262782606854,,,"{'const': -5.930193370906822e-05, 'ar.L1': 0.2603939255222121, 'ar.L2': 0.3646322321263396, 'ma.L1': 0.6647753126609339, 'ma.L2': 0.46169203141709875, 'sigma2': 0.003406241258140247}",False,False,0.0,,,,,,,,,[],True,True,"{'const': -5.930193370906822e-05, 'ar.L1': 0.2603939255222121, 'ar.L2': 0.3646322321263396, 'ma.L1': 0.6647753126609339, 'ma.L2': 0.46169203141709875, 'sigma2': 0.003406241258140247}"
Electricity-CISO,"Log weekly-difference ARIMA(2,0,2)",2025-05-06 23:00:00+00:00,25716.0,2025-05-07 00:00:00+00:00,1,25666.0,25929.749425656268,-50.0,213.7494256562677,-1.0,1.0,False,1747.8632626568585,0.15089820313252222,25.32133469998371,55632,expanding,True,39.0,0.0,-1.4231998909759518,,,True,39.0,0.0,-1.4231998909759518,,,"{'const': -2.9921935535610474e-05, 'ar.L1': 0.2604282023195823, 'ar.L2': 0.3646738172881337, 'ma.L1': 0.6647798873221522, 'ma.L2': 0.4614484346571455, 'sigma2': 0.00339828886685229}",False,False,0.0,,,,,,,,,[],True,True,"{'const': -2.9921935535610474e-05, 'ar.L1': 0.2604282023195823, 'ar.L2': 0.3646738172881337, 'ma.L1': 0.6647798873221522, 'ma.L2': 0.4614484346571455, 'sigma2': 0.00339828886685229}"
Electricity-CISO,"Log weekly-difference ARIMA(2,0,2)",2025-05-06 23:00:00+00:00,25716.0,2025-05-07 23:00:00+00:00,24,23078.0,22174.864714139534,-2638.0,-3541.135285860466,-1.0,-1.0,True,1747.8632626568585,0.5167082031849822,25.32133469998371,55632,expanding,True,39.0,0.0,-1.4231998909759518,,,True,39.0,0.0,-1.4231998909759518,,,"{'const': -2.9921935535610474e-05, 'ar.L1': 0.2604282023195823, 'ar.L2': 0.3646738172881337, 'ma.L1': 0.6647798873221522, 'ma.L2': 0.4614484346571455, 'sigma2': 0.00339828886685229}",False,False,0.0,,,,,,,,,[],True,True,"{'const': -2.9921935535610474e-05, 'ar.L1': 0.2604282023195823, 'ar.L2': 0.3646738172881337, 'ma.L1': 0.6647798873221522, 'ma.L2': 0.4614484346571455, 'sigma2': 0.00339828886685229}"
Electricity-CISO,"Log weekly-difference ARIMA(2,0,2)",2025-05-06 23:00:00+00:00,25716.0,2025-05-13 23:00:00+00:00,168,22753.0,25715.230539017724,-2963.0,-0.769460982275632,-1.0,-1.0,True,1747.8632626568585,1.694772470081529,25.32133469998371,55632,expanding,True,39.0,0.0,-1.4231998909759518,,,True,39.0,0.0,-1.4231998909759518,,,"{'const': -2.9921935535610474e-05, 'ar.L1': 0.2604282023195823, 'ar.L2': 0.3646738172881337, 'ma.L1': 0.6647798873221522, 'ma.L2': 0.4614484346571455, 'sigma2': 0.00339828886685229}",False,False,0.0,,,,,,,,,[],True,True,"{'const': -2.9921935535610474e-05, 'ar.L1': 0.2604282023195823, 'ar.L2': 0.3646738172881337, 'ma.L1': 0.6647798873221522, 'ma.L2': 0.4614484346571455, 'sigma2': 0.00339828886685229}"
Electricity-CISO,"Log weekly-difference ARIMA(2,0,2)",2025-05-13 23:00:00+00:00,22753.0,2025-05-14 00:00:00+00:00,1,22350.0,22495.61290947659,-403.0,-257.38709052341073,-1.0,-1.0,True,1748.2592932125394,0.08329022476352242,31.77355439995881,55800,expanding,True,50.0,0.0,-1.424203480096546,,,True,50.0,0.0,-1.424203480096546,,,"{'const': 0.00013574463605602584, 'ar.L1': 0.2610590824498531, 'ar.L2': 0.3650587580006142, 'ma.L1': 0.6646449727825844, 'ma.L2': 0.46127065919628407, 'sigma2': 0.0033916363052188593}",False,False,0.0,,,,,,,,,[],True,True,"{'const': 0.00013574463605602584, 'ar.L1': 0.2610590824498531, 'ar.L2': 0.3650587580006142, 'ma.L1': 0.6646449727825844, 'ma.L2': 0.46127065919628407, 'sigma2': 0.0033916363052188593}"
Electricity-CISO,"Log weekly-difference ARIMA(2,0,2)",2025-05-13 23:00:00+00:00,22753.0,2025-05-14 23:00:00+00:00,24,21674.0,23076.9652106914,-1079.0,323.9652106914,-1.0,1.0,False,1748.2592932125394,0.8024926371839046,31.77355439995881,55800,expanding,True,50.0,0.0,-1.424203480096546,,,True,50.0,0.0,-1.424203480096546,,,"{'const': 0.00013574463605602584, 'ar.L1': 0.2610590824498531, 'ar.L2': 0.3650587580006142, 'ma.L1': 0.6646449727825844, 'ma.L2': 0.46127065919628407, 'sigma2': 0.0033916363052188593}",False,False,0.0,,,,,,,,,[],True,True,"{'const': 0.00013574463605602584, 'ar.L1': 0.2610590824498531, 'ar.L2': 0.3650587580006142, 'ma.L1': 0.6646449727825844, 'ma.L2': 0.46127065919628407, 'sigma2': 0.0033916363052188593}"
Electricity-CISO,"Log weekly-difference ARIMA(2,0,2)",2025-05-13 23:00:00+00:00,22753.0,2025-05-20 23:00:00+00:00,168,25969.0,22756.088807343967,3216.0,3.0888073439673462,1.0,1.0,True,1748.2592932125394,1.8377772708715883,31.77355439995881,55800,expanding,True,50.0,0.0,-1.424203480096546,,,True,50.0,0.0,-1.424203480096546,,,"{'const': 0.00013574463605602584, 'ar.L1': 0.2610590824498531, 'ar.L2': 0.3650587580006142, 'ma.L1': 0.6646449727825844, 'ma.L2': 0.46127065919628407, 'sigma2': 0.0033916363052188593}",False,False,0.0,,,,,,,,,[],True,True,"{'const': 0.00013574463605602584, 'ar.L1': 0.2610590824498531, 'ar.L2': 0.3650587580006142, 'ma.L1': 0.6646449727825844, 'ma.L2': 0.46127065919628407, 'sigma2': 0.0033916363052188593}"
Electricity-CISO,"Log weekly-difference ARIMA(2,0,2)",2025-05-20 23:00:00+00:00,25969.0,2025-05-21 00:00:00+00:00,1,26678.0,25418.739571942875,709.0,-550.260428057125,1.0,-1.0,False,1748.5200896057347,0.7201864225312216,25.314250399940647,55968,expanding,True,41.0,0.0,-1.4253132226191105,,,True,41.0,0.0,-1.4253132226191105,,,"{'const': 4.181676330895923e-05, 'ar.L1': 0.2612517106416641, 'ar.L2': 0.3652368545951505, 'ma.L1': 0.6646591384220214, 'ma.L2': 0.4609696385839435, 'sigma2': 0.0033839482386532026}",False,False,0.0,,,,,,,,,[],True,True,"{'const': 4.181676330895923e-05, 'ar.L1': 0.2612517106416641, 'ar.L2': 0.3652368545951505, 'ma.L1': 0.6646591384220214, 'ma.L2': 0.4609696385839435, 'sigma2': 0.0033839482386532026}"
Electricity-CISO,"Log weekly-difference ARIMA(2,0,2)",2025-05-20 23:00:00+00:00,25969.0,2025-05-21 23:00:00+00:00,24,27665.0,21678.57362951759,1696.0,-4290.426370482412,1.0,-1.0,False,1748.5200896057347,3.4237103743156085,25.314250399940647,55968,expanding,True,41.0,0.0,-1.4253132226191105,,,True,41.0,0.0,-1.4253132226191105,,,"{'const': 4.181676330895923e-05, 'ar.L1': 0.2612517106416641, 'ar.L2': 0.3652368545951505, 'ma.L1': 0.6646591384220214, 'ma.L2': 0.4609696385839435, 'sigma2': 0.0033839482386532026}",False,False,0.0,,,,,,,,,[],True,True,"{'const': 4.181676330895923e-05, 'ar.L1': 0.2612517106416641, 'ar.L2': 0.3652368545951505, 'ma.L1': 0.6646591384220214, 'ma.L2': 0.4609696385839435, 'sigma2': 0.0033839482386532026}"
Electricity-CISO,"Log weekly-difference ARIMA(2,0,2)",2025-05-20 23:00:00+00:00,25969.0,2025-05-27 23:00:00+00:00,168,23344.0,25970.08596223192,-2625.0,1.0859622319185291,-1.0,1.0,False,1748.5200896057347,1.5018906433177224,25.314250399940647,55968,expanding,True,41.0,0.0,-1.4253132226191105,,,True,41.0,0.0,-1.4253132226191105,,,"{'const': 4.181676330895923e-05, 'ar.L1': 0.2612517106416641, 'ar.L2': 0.3652368545951505, 'ma.L1': 0.6646591384220214, 'ma.L2': 0.4609696385839435, 'sigma2': 0.0033839482386532026}",False,False,0.0,,,,,,,,,[],True,True,"{'const': 4.181676330895923e-05, 'ar.L1': 0.2612517106416641, 'ar.L2': 0.3652368545951505, 'ma.L1': 0.6646591384220214, 'ma.L2': 0.4609696385839435, 'sigma2': 0.0033839482386532026}"
Electricity-CISO,"Log weekly-difference ARIMA(2,0,2)",2025-05-27 23:00:00+00:00,23344.0,2025-05-28 00:00:00+00:00,1,23901.0,24070.3174720169,557.0,726.3174720169009,1.0,1.0,True,1748.858776443682,0.09681597753776852,26.645672700018622,56136,expanding,True,35.0,0.0,-1.4265037338793936,,,True,35.0,0.0,-1.4265037338793936,,,"{'const': 0.00011071173589519372, 'ar.L1': 0.26150448118053177, 'ar.L2': 0.36570086243656263, 'ma.L1': 0.6645952500821593, 'ma.L2': 0.46056531422363656, 'sigma2': 0.003375931560313858}",False,False,0.0,,,,,,,,,[],True,True,"{'const': 0.00011071173589519372, 'ar.L1': 0.26150448118053177, 'ar.L2': 0.36570086243656263, 'ma.L1': 0.6645952500821593, 'ma.L2': 0.46056531422363656, 'sigma2': 0.003375931560313858}"
Electricity-CISO,"Log weekly-difference ARIMA(2,0,2)",2025-05-27 23:00:00+00:00,23344.0,2025-05-28 23:00:00+00:00,24,24341.0,27664.366520599775,997.0,4320.366520599775,1.0,1.0,True,1748.858776443682,1.9003058253553593,26.645672700018622,56136,expanding,True,35.0,0.0,-1.4265037338793936,,,True,35.0,0.0,-1.4265037338793936,,,"{'const': 0.00011071173589519372, 'ar.L1': 0.26150448118053177, 'ar.L2': 0.36570086243656263, 'ma.L1': 0.6645952500821593, 'ma.L2': 0.46056531422363656, 'sigma2': 0.003375931560313858}",False,False,0.0,,,,,,,,,[],True,True,"{'const': 0.00011071173589519372, 'ar.L1': 0.26150448118053177, 'ar.L2': 0.36570086243656263, 'ma.L1': 0.6645952500821593, 'ma.L2': 0.46056531422363656, 'sigma2': 0.003375931560313858}"
Electricity-CISO,"Log weekly-difference ARIMA(2,0,2)",2025-05-27 23:00:00+00:00,23344.0,2025-06-03 23:00:00+00:00,168,26559.0,23346.584597832756,3215.0,2.584597832756117,1.0,1.0,True,1748.858776443682,1.83686381395513,26.645672700018622,56136,expanding,True,35.0,0.0,-1.4265037338793936,,,True,35.0,0.0,-1.4265037338793936,,,"{'const': 0.00011071173589519372, 'ar.L1': 0.26150448118053177, 'ar.L2': 0.36570086243656263, 'ma.L1': 0.6645952500821593, 'ma.L2': 0.46056531422363656, 'sigma2': 0.003375931560313858}",False,False,0.0,,,,,,,,,[],True,True,"{'const': 0.00011071173589519372, 'ar.L1': 0.26150448118053177, 'ar.L2': 0.36570086243656263, 'ma.L1': 0.6645952500821593, 'ma.L2': 0.46056531422363656, 'sigma2': 0.003375931560313858}"
Electricity-CISO,"Log weekly-difference ARIMA(2,0,2)",2025-06-03 23:00:00+00:00,26559.0,2025-06-04 00:00:00+00:00,1,27242.0,27022.043841683066,683.0,463.0438416830657,1.0,1.0,True,1753.4188043323359,0.12544416529209568,30.589459800045006,56304,expanding,True,40.0,0.0,-1.4273968770979795,,,True,40.0,0.0,-1.4273968770979795,,,"{'const': 0.0004221321555976107, 'ar.L1': 0.26230458539356044, 'ar.L2': 0.36689753680894915, 'ma.L1': 0.6645031792374039, 'ma.L2': 0.4598169779238499, 'sigma2': 0.0033699861575479336}",False,False,0.0,,,,,,,,,[],True,True,"{'const': 0.0004221321555976107, 'ar.L1': 0.26230458539356044, 'ar.L2': 0.36689753680894915, 'ma.L1': 0.6645031792374039, 'ma.L2': 0.4598169779238499, 'sigma2': 0.0033699861575479336}"
Electricity-CISO,"Log weekly-difference ARIMA(2,0,2)",2025-06-03 23:00:00+00:00,26559.0,2025-06-04 23:00:00+00:00,24,26925.0,24355.788375933058,366.0,-2203.211624066942,1.0,-1.0,False,1753.4188043323359,1.4652583956091667,30.589459800045006,56304,expanding,True,40.0,0.0,-1.4273968770979795,,,True,40.0,0.0,-1.4273968770979795,,,"{'const': 0.0004221321555976107, 'ar.L1': 0.26230458539356044, 'ar.L2': 0.36689753680894915, 'ma.L1': 0.6645031792374039, 'ma.L2': 0.4598169779238499, 'sigma2': 0.0033699861575479336}",False,False,0.0,,,,,,,,,[],True,True,"{'const': 0.0004221321555976107, 'ar.L1': 0.26230458539356044, 'ar.L2': 0.36689753680894915, 'ma.L1': 0.6645031792374039, 'ma.L2': 0.4598169779238499, 'sigma2': 0.0033699861575479336}"
Electricity-CISO,"Log weekly-difference ARIMA(2,0,2)",2025-06-03 23:00:00+00:00,26559.0,2025-06-10 23:00:00+00:00,168,28008.0,26570.21377460139,1449.0,11.213774601390469,1.0,1.0,True,1753.4188043323359,0.8199901939263664,30.589459800045006,56304,expanding,True,40.0,0.0,-1.4273968770979795,,,True,40.0,0.0,-1.4273968770979795,,,"{'const': 0.0004221321555976107, 'ar.L1': 0.26230458539356044, 'ar.L2': 0.36689753680894915, 'ma.L1': 0.6645031792374039, 'ma.L2': 0.4598169779238499, 'sigma2': 0.0033699861575479336}",False,False,0.0,,,,,,,,,[],True,True,"{'const': 0.0004221321555976107, 'ar.L1': 0.26230458539356044, 'ar.L2': 0.36689753680894915, 'ma.L1': 0.6645031792374039, 'ma.L2': 0.4598169779238499, 'sigma2': 0.0033699861575479336}"
Electricity-CISO,"Log weekly-difference ARIMA(2,0,2)",2025-06-10 23:00:00+00:00,28008.0,2025-06-11 00:00:00+00:00,1,28551.0,28463.902221831246,543.0,455.9022218312457,1.0,1.0,True,1753.2599104859335,0.04967761918688615,20.057863400084898,56472,expanding,True,31.0,0.0,-1.4285873636613489,,,True,31.0,0.0,-1.4285873636613489,,,"{'const': 0.00035714333128331006, 'ar.L1': 0.2626361398798909, 'ar.L2': 0.3669845570837483, 'ma.L1': 0.6643737538427683, 'ma.L2': 0.4596636247299266, 'sigma2': 0.0033618696450337542}",False,False,0.0,,,,,,,,,[],True,True,"{'const': 0.00035714333128331006, 'ar.L1': 0.2626361398798909, 'ar.L2': 0.3669845570837483, 'ma.L1': 0.6643737538427683, 'ma.L2': 0.4596636247299266, 'sigma2': 0.0033618696450337542}"
Electricity-CISO,"Log weekly-difference ARIMA(2,0,2)",2025-06-10 23:00:00+00:00,28008.0,2025-06-11 23:00:00+00:00,24,26443.0,26935.890324367003,-1565.0,-1072.109675632997,-1.0,-1.0,True,1753.2599104859335,0.28112792713682333,20.057863400084898,56472,expanding,True,31.0,0.0,-1.4285873636613489,,,True,31.0,0.0,-1.4285873636613489,,,"{'const': 0.00035714333128331006, 'ar.L1': 0.2626361398798909, 'ar.L2': 0.3669845570837483, 'ma.L1': 0.6643737538427683, 'ma.L2': 0.4596636247299266, 'sigma2': 0.0033618696450337542}",False,False,0.0,,,,,,,,,[],True,True,"{'const': 0.00035714333128331006, 'ar.L1': 0.2626361398798909, 'ar.L2': 0.3669845570837483, 'ma.L1': 0.6643737538427683, 'ma.L2': 0.4596636247299266, 'sigma2': 0.0033618696450337542}"
Electricity-CISO,"Log weekly-difference ARIMA(2,0,2)",2025-06-10 23:00:00+00:00,28008.0,2025-06-17 23:00:00+00:00,168,30078.0,28018.004656864487,2070.0,10.004656864486606,1.0,1.0,True,1753.2599104859335,1.1749514894027122,20.057863400084898,56472,expanding,True,31.0,0.0,-1.4285873636613489,,,True,31.0,0.0,-1.4285873636613489,,,"{'const': 0.00035714333128331006, 'ar.L1': 0.2626361398798909, 'ar.L2': 0.3669845570837483, 'ma.L1': 0.6643737538427683, 'ma.L2': 0.4596636247299266, 'sigma2': 0.0033618696450337542}",False,False,0.0,,,,,,,,,[],True,True,"{'const': 0.00035714333128331006, 'ar.L1': 0.2626361398798909, 'ar.L2': 0.3669845570837483, 'ma.L1': 0.6643737538427683, 'ma.L2': 0.4596636247299266, 'sigma2': 0.0033618696450337542}"
Electricity-CISO,"Log weekly-difference ARIMA(2,0,2)",2025-06-17 23:00:00+00:00,30078.0,2025-06-18 00:00:00+00:00,1,31441.0,30525.556859679946,1363.0,447.5568596799458,1.0,1.0,True,1750.8783822071116,0.522847931428607,28.195322700077668,56640,expanding,True,36.0,0.0,-1.4299070057881755,,,True,36.0,0.0,-1.4299070057881755,,,"{'const': 0.00039125911644690987, 'ar.L1': 0.2627025938611409, 'ar.L2': 0.36707052751723157, 'ma.L1': 0.6642866505842517, 'ma.L2': 0.45942150139215754, 'sigma2': 0.003353014604040142}",False,False,0.0,,,,,,,,,[],True,True,"{'const': 0.00039125911644690987, 'ar.L1': 0.2627025938611409, 'ar.L2': 0.36707052751723157, 'ma.L1': 0.6642866505842517, 'ma.L2': 0.45942150139215754, 'sigma2': 0.003353014604040142}"
Electricity-CISO,"Log weekly-difference ARIMA(2,0,2)",2025-06-17 23:00:00+00:00,30078.0,2025-06-18 23:00:00+00:00,24,30418.0,26456.078987241446,340.0,-3621.921012758554,1.0,-1.0,False,1750.8783822071116,2.262819081565368,28.195322700077668,56640,expanding,True,36.0,0.0,-1.4299070057881755,,,True,36.0,0.0,-1.4299070057881755,,,"{'const': 0.00039125911644690987, 'ar.L1': 0.2627025938611409, 'ar.L2': 0.36707052751723157, 'ma.L1': 0.6642866505842517, 'ma.L2': 0.45942150139215754, 'sigma2': 0.003353014604040142}",False,False,0.0,,,,,,,,,[],True,True,"{'const': 0.00039125911644690987, 'ar.L1': 0.2627025938611409, 'ar.L2': 0.36707052751723157, 'ma.L1': 0.6642866505842517, 'ma.L2': 0.45942150139215754, 'sigma2': 0.003353014604040142}"
Electricity-CISO,"Log weekly-difference ARIMA(2,0,2)",2025-06-17 23:00:00+00:00,30078.0,2025-06-24 23:00:00+00:00,168,25945.0,30089.77059423047,-4133.0,11.770594230471033,-1.0,1.0,False,1750.8783822071116,2.3672521383270957,28.195322700077668,56640,expanding,True,36.0,0.0,-1.4299070057881755,,,True,36.0,0.0,-1.4299070057881755,,,"{'const': 0.00039125911644690987, 'ar.L1': 0.2627025938611409, 'ar.L2': 0.36707052751723157, 'ma.L1': 0.6642866505842517, 'ma.L2': 0.45942150139215754, 'sigma2': 0.003353014604040142}",False,False,0.0,,,,,,,,,[],True,True,"{'const': 0.00039125911644690987, 'ar.L1': 0.2627025938611409, 'ar.L2': 0.36707052751723157, 'ma.L1': 0.6642866505842517, 'ma.L2': 0.45942150139215754, 'sigma2': 0.003353014604040142}"
Electricity-CISO,"Log weekly-difference ARIMA(2,0,2)",2025-06-24 23:00:00+00:00,25945.0,2025-06-25 00:00:00+00:00,1,25736.0,27632.845689586204,-209.0,1687.8456895862037,-1.0,1.0,False,1751.0899894067798,1.0832371271957313,24.788474099943414,56808,expanding,True,40.0,0.0,-1.4311398902017727,,,True,40.0,0.0,-1.4311398902017727,,,"{'const': 0.00031608998579902463, 'ar.L1': 0.2629792418549519, 'ar.L2': 0.3672675668040236, 'ma.L1': 0.6642427707922167, 'ma.L2': 0.45926519363890844, 'sigma2': 0.0033447450706004496}",False,False,0.0,,,,,,,,,[],True,True,"{'const': 0.00031608998579902463, 'ar.L1': 0.2629792418549519, 'ar.L2': 0.3672675668040236, 'ma.L1': 0.6642427707922167, 'ma.L2': 0.45926519363890844, 'sigma2': 0.0033447450706004496}"
Electricity-CISO,"Log weekly-difference ARIMA(2,0,2)",2025-06-24 23:00:00+00:00,25945.0,2025-06-25 23:00:00+00:00,24,26369.0,30421.591119894812,424.0,4476.591119894812,1.0,1.0,True,1751.0899894067798,2.314324874455891,24.788474099943414,56808,expanding,True,40.0,0.0,-1.4311398902017727,,,True,40.0,0.0,-1.4311398902017727,,,"{'const': 0.00031608998579902463, 'ar.L1': 0.2629792418549519, 'ar.L2': 0.3672675668040236, 'ma.L1': 0.6642427707922167, 'ma.L2': 0.45926519363890844, 'sigma2': 0.0033447450706004496}",False,False,0.0,,,,,,,,,[],True,True,"{'const': 0.00031608998579902463, 'ar.L1': 0.2629792418549519, 'ar.L2': 0.3672675668040236, 'ma.L1': 0.6642427707922167, 'ma.L2': 0.45926519363890844, 'sigma2': 0.0033447450706004496}"
Electricity-CISO,"Log weekly-difference ARIMA(2,0,2)",2025-06-24 23:00:00+00:00,25945.0,2025-07-01 23:00:00+00:00,168,28964.0,25953.20225093798,3019.0,8.202250937978533,1.0,1.0,True,1751.0899894067798,1.7193849358261681,24.788474099943414,56808,expanding,True,40.0,0.0,-1.4311398902017727,,,True,40.0,0.0,-1.4311398902017727,,,"{'const': 0.00031608998579902463, 'ar.L1': 0.2629792418549519, 'ar.L2': 0.3672675668040236, 'ma.L1': 0.6642427707922167, 'ma.L2': 0.45926519363890844, 'sigma2': 0.0033447450706004496}",False,False,0.0,,,,,,,,,[],True,True,"{'const': 0.00031608998579902463, 'ar.L1': 0.2629792418549519, 'ar.L2': 0.3672675668040236, 'ma.L1': 0.6642427707922167, 'ma.L2': 0.45926519363890844, 'sigma2': 0.0033447450706004496}"
Electricity-CISO,"Log weekly-difference ARIMA(2,0,2)",2025-07-01 23:00:00+00:00,28964.0,2025-07-02 00:00:00+00:00,1,30940.0,28396.998436363294,1976.0,-567.0015636367061,1.0,-1.0,False,1754.7059921137868,1.4492465262361747,25.233953300048597,56976,expanding,True,41.0,0.0,-1.4322306157298204,,,True,41.0,0.0,-1.4322306157298204,,,"{'const': 0.0005204177584886014, 'ar.L1': 0.26358758266374555, 'ar.L2': 0.3680870598522819, 'ma.L1': 0.6641843502629581, 'ma.L2': 0.45880220918499215, 'sigma2': 0.0033374972390482643}",False,False,0.0,,,,,,,,,[],True,True,"{'const': 0.0005204177584886014, 'ar.L1': 0.26358758266374555, 'ar.L2': 0.3680870598522819, 'ma.L1': 0.6641843502629581, 'ma.L2': 0.45880220918499215, 'sigma2': 0.0033374972390482643}"
Electricity-CISO,"Log weekly-difference ARIMA(2,0,2)",2025-07-01 23:00:00+00:00,28964.0,2025-07-02 23:00:00+00:00,24,29255.0,26387.050323693846,291.0,-2576.9496763061543,1.0,-1.0,False,1754.7059921137868,1.6344331695427283,25.233953300048597,56976,expanding,True,41.0,0.0,-1.4322306157298204,,,True,41.0,0.0,-1.4322306157298204,,,"{'const': 0.0005204177584886014, 'ar.L1': 0.26358758266374555, 'ar.L2': 0.3680870598522819, 'ma.L1': 0.6641843502629581, 'ma.L2': 0.45880220918499215, 'sigma2': 0.0033374972390482643}",False,False,0.0,,,,,,,,,[],True,True,"{'const': 0.0005204177584886014, 'ar.L1': 0.26358758266374555, 'ar.L2': 0.3680870598522819, 'ma.L1': 0.6641843502629581, 'ma.L2': 0.45880220918499215, 'sigma2': 0.0033374972390482643}"
Electricity-CISO,"Log weekly-difference ARIMA(2,0,2)",2025-07-01 23:00:00+00:00,28964.0,2025-07-08 23:00:00+00:00,168,29182.0,28979.077302864665,218.0,15.077302864665398,1.0,1.0,True,1754.7059921137868,0.11564484195491125,25.233953300048597,56976,expanding,True,41.0,0.0,-1.4322306157298204,,,True,41.0,0.0,-1.4322306157298204,,,"{'const': 0.0005204177584886014, 'ar.L1': 0.26358758266374555, 'ar.L2': 0.3680870598522819, 'ma.L1': 0.6641843502629581, 'ma.L2': 0.45880220918499215, 'sigma2': 0.0033374972390482643}",False,False,0.0,,,,,,,,,[],True,True,"{'const': 0.0005204177584886014, 'ar.L1': 0.26358758266374555, 'ar.L2': 0.3680870598522819, 'ma.L1': 0.6641843502629581, 'ma.L2': 0.45880220918499215, 'sigma2': 0.0033374972390482643}"
Electricity-CISO,"Log weekly-difference ARIMA(2,0,2)",2025-07-08 23:00:00+00:00,29182.0,2025-07-09 00:00:00+00:00,1,30387.0,30811.7705459735,1205.0,1629.7705459735007,1.0,1.0,True,1754.6949943836,0.2420765701920274,29.484959700028412,57144,expanding,True,45.0,0.0,-1.4335158964403978,,,True,45.0,0.0,-1.4335158964403978,,,"{'const': 0.0004602793507890676, 'ar.L1': 0.2637965372786092, 'ar.L2': 0.3682872191881256, 'ma.L1': 0.6641428368522554, 'ma.L2': 0.4586585232236891, 'sigma2': 0.00332891136871014}",False,False,0.0,,,,,,,,,[],True,True,"{'const': 0.0004602793507890676, 'ar.L1': 0.2637965372786092, 'ar.L2': 0.3682872191881256, 'ma.L1': 0.6641428368522554, 'ma.L2': 0.4586585232236891, 'sigma2': 0.00332891136871014}"
Electricity-CISO,"Log weekly-difference ARIMA(2,0,2)",2025-07-08 23:00:00+00:00,29182.0,2025-07-09 23:00:00+00:00,24,30298.0,29268.103664675004,1116.0,86.10366467500353,1.0,1.0,True,1754.6949943836,0.586937523969392,29.484959700028412,57144,expanding,True,45.0,0.0,-1.4335158964403978,,,True,45.0,0.0,-1.4335158964403978,,,"{'const': 0.0004602793507890676, 'ar.L1': 0.2637965372786092, 'ar.L2': 0.3682872191881256, 'ma.L1': 0.6641428368522554, 'ma.L2': 0.4586585232236891, 'sigma2': 0.00332891136871014}",False,False,0.0,,,,,,,,,[],True,True,"{'const': 0.0004602793507890676, 'ar.L1': 0.2637965372786092, 'ar.L2': 0.3682872191881256, 'ma.L1': 0.6641428368522554, 'ma.L2': 0.4586585232236891, 'sigma2': 0.00332891136871014}"
Electricity-CISO,"Log weekly-difference ARIMA(2,0,2)",2025-07-08 23:00:00+00:00,29182.0,2025-07-15 23:00:00+00:00,168,30319.0,29195.4349636957,1137.0,13.434963695701299,1.0,1.0,True,1754.6949943836,0.6403192805020747,29.484959700028412,57144,expanding,True,45.0,0.0,-1.4335158964403978,,,True,45.0,0.0,-1.4335158964403978,,,"{'const': 0.0004602793507890676, 'ar.L1': 0.2637965372786092, 'ar.L2': 0.3682872191881256, 'ma.L1': 0.6641428368522554, 'ma.L2': 0.4586585232236891, 'sigma2': 0.00332891136871014}",False,False,0.0,,,,,,,,,[],True,True,"{'const': 0.0004602793507890676, 'ar.L1': 0.2637965372786092, 'ar.L2': 0.3682872191881256, 'ma.L1': 0.6641428368522554, 'ma.L2': 0.4586585232236891, 'sigma2': 0.00332891136871014}"
Electricity-CISO,"Log weekly-difference ARIMA(2,0,2)",2025-07-15 23:00:00+00:00,30319.0,2025-07-16 00:00:00+00:00,1,30933.0,31214.70114435337,614.0,895.7011443533702,1.0,1.0,True,1757.1244400111998,0.1603194047836331,32.92142300005071,57312,expanding,True,42.0,0.0,-1.4347119671252733,,,True,42.0,0.0,-1.4347119671252733,,,"{'const': 0.0007202972434239888, 'ar.L1': 0.26419903454619964, 'ar.L2': 0.36880406802801996, 'ma.L1': 0.6640153047903408, 'ma.L2': 0.45829752545459373, 'sigma2': 0.003320992738082001}",False,False,0.0,,,,,,,,,[],True,True,"{'const': 0.0007202972434239888, 'ar.L1': 0.26419903454619964, 'ar.L2': 0.36880406802801996, 'ma.L1': 0.6640153047903408, 'ma.L2': 0.45829752545459373, 'sigma2': 0.003320992738082001}"
Electricity-CISO,"Log weekly-difference ARIMA(2,0,2)",2025-07-15 23:00:00+00:00,30319.0,2025-07-16 23:00:00+00:00,24,30037.0,30320.689697050493,-282.0,1.6896970504931232,-1.0,1.0,False,1757.1244400111998,0.16145111330230255,32.92142300005071,57312,expanding,True,42.0,0.0,-1.4347119671252733,,,True,42.0,0.0,-1.4347119671252733,,,"{'const': 0.0007202972434239888, 'ar.L1': 0.26419903454619964, 'ar.L2': 0.36880406802801996, 'ma.L1': 0.6640153047903408, 'ma.L2': 0.45829752545459373, 'sigma2': 0.003320992738082001}",False,False,0.0,,,,,,,,,[],True,True,"{'const': 0.0007202972434239888, 'ar.L1': 0.26419903454619964, 'ar.L2': 0.36880406802801996, 'ma.L1': 0.6640153047903408, 'ma.L2': 0.45829752545459373, 'sigma2': 0.003320992738082001}"
Electricity-CISO,"Log weekly-difference ARIMA(2,0,2)",2025-07-15 23:00:00+00:00,30319.0,2025-07-22 23:00:00+00:00,168,29139.0,30340.846559186975,-1180.0,21.846559186975355,-1.0,1.0,False,1757.1244400111998,0.6839848856574523,32.92142300005071,57312,expanding,True,42.0,0.0,-1.4347119671252733,,,True,42.0,0.0,-1.4347119671252733,,,"{'const': 0.0007202972434239888, 'ar.L1': 0.26419903454619964, 'ar.L2': 0.36880406802801996, 'ma.L1': 0.6640153047903408, 'ma.L2': 0.45829752545459373, 'sigma2': 0.003320992738082001}",False,False,0.0,,,,,,,,,[],True,True,"{'const': 0.0007202972434239888, 'ar.L1': 0.26419903454619964, 'ar.L2': 0.36880406802801996, 'ma.L1': 0.6640153047903408, 'ma.L2': 0.45829752545459373, 'sigma2': 0.003320992738082001}"
Electricity-CISO,"Log weekly-difference ARIMA(2,0,2)",2025-07-22 23:00:00+00:00,29139.0,2025-07-23 00:00:00+00:00,1,28839.0,29594.066702366195,-300.0,455.0667023661954,-1.0,1.0,False,1757.149671970966,0.42971109087096115,31.172540799947456,57480,expanding,True,44.0,0.0,-1.4359295703589394,,,True,44.0,0.0,-1.4359295703589394,,,"{'const': 0.0005433647302268338, 'ar.L1': 0.2643428291770187, 'ar.L2': 0.3689200792623224, 'ma.L1': 0.6640602385715026, 'ma.L2': 0.45821217961563476, 'sigma2': 0.003312911156778975}",False,False,0.0,,,,,,,,,[],True,True,"{'const': 0.0005433647302268338, 'ar.L1': 0.2643428291770187, 'ar.L2': 0.3689200792623224, 'ma.L1': 0.6640602385715026, 'ma.L2': 0.45821217961563476, 'sigma2': 0.003312911156778975}"
Electricity-CISO,"Log weekly-difference ARIMA(2,0,2)",2025-07-22 23:00:00+00:00,29139.0,2025-07-23 23:00:00+00:00,24,28201.0,30051.555569175744,-938.0,912.5555691757436,-1.0,1.0,False,1757.149671970966,1.0531576215132576,31.172540799947456,57480,expanding,True,44.0,0.0,-1.4359295703589394,,,True,44.0,0.0,-1.4359295703589394,,,"{'const': 0.0005433647302268338, 'ar.L1': 0.2643428291770187, 'ar.L2': 0.3689200792623224, 'ma.L1': 0.6640602385715026, 'ma.L2': 0.45821217961563476, 'sigma2': 0.003312911156778975}",False,False,0.0,,,,,,,,,[],True,True,"{'const': 0.0005433647302268338, 'ar.L1': 0.2643428291770187, 'ar.L2': 0.3689200792623224, 'ma.L1': 0.6640602385715026, 'ma.L2': 0.45821217961563476, 'sigma2': 0.003312911156778975}"
Electricity-CISO,"Log weekly-difference ARIMA(2,0,2)",2025-07-22 23:00:00+00:00,29139.0,2025-07-29 23:00:00+00:00,168,29804.0,29154.837407228653,665.0,15.83740722865332,1.0,1.0,True,1757.149671970966,0.3694406931443647,31.172540799947456,57480,expanding,True,44.0,0.0,-1.4359295703589394,,,True,44.0,0.0,-1.4359295703589394,,,"{'const': 0.0005433647302268338, 'ar.L1': 0.2643428291770187, 'ar.L2': 0.3689200792623224, 'ma.L1': 0.6640602385715026, 'ma.L2': 0.45821217961563476, 'sigma2': 0.003312911156778975}",False,False,0.0,,,,,,,,,[],True,True,"{'const': 0.0005433647302268338, 'ar.L1': 0.2643428291770187, 'ar.L2': 0.3689200792623224, 'ma.L1': 0.6640602385715026, 'ma.L2': 0.45821217961563476, 'sigma2': 0.003312911156778975}"
Electricity-CISO,"Log weekly-difference ARIMA(2,0,2)",2025-07-29 23:00:00+00:00,29804.0,2025-07-30 00:00:00+00:00,1,30941.0,29707.744173410145,1137.0,-96.25582658985513,1.0,-1.0,False,1756.4776096033404,0.7021187288964972,22.81891359994188,57648,expanding,True,37.0,0.0,-1.4371851887184153,,,True,37.0,0.0,-1.4371851887184153,,,"{'const': 0.0004044083395107882, 'ar.L1': 0.26454665520267295, 'ar.L2': 0.3690531172162027, 'ma.L1': 0.6639119431864577, 'ma.L2': 0.45781816358249844, 'sigma2': 0.003304560465803301}",False,False,0.0,,,,,,,,,[],True,True,"{'const': 0.0004044083395107882, 'ar.L1': 0.26454665520267295, 'ar.L2': 0.3690531172162027, 'ma.L1': 0.6639119431864577, 'ma.L2': 0.45781816358249844, 'sigma2': 0.003304560465803301}"
Electricity-CISO,"Log weekly-difference ARIMA(2,0,2)",2025-07-29 23:00:00+00:00,29804.0,2025-07-30 23:00:00+00:00,24,30255.0,28213.51074455587,451.0,-1590.4892554441285,1.0,-1.0,False,1756.4776096033404,1.1622631818831732,22.81891359994188,57648,expanding,True,37.0,0.0,-1.4371851887184153,,,True,37.0,0.0,-1.4371851887184153,,,"{'const': 0.0004044083395107882, 'ar.L1': 0.26454665520267295, 'ar.L2': 0.3690531172162027, 'ma.L1': 0.6639119431864577, 'ma.L2': 0.45781816358249844, 'sigma2': 0.003304560465803301}",False,False,0.0,,,,,,,,,[],True,True,"{'const': 0.0004044083395107882, 'ar.L1': 0.26454665520267295, 'ar.L2': 0.3690531172162027, 'ma.L1': 0.6639119431864577, 'ma.L2': 0.45781816358249844, 'sigma2': 0.003304560465803301}"
Electricity-CISO,"Log weekly-difference ARIMA(2,0,2)",2025-07-29 23:00:00+00:00,29804.0,2025-08-05 23:00:00+00:00,168,29913.0,29816.055423643404,109.0,12.055423643403628,1.0,1.0,True,1756.4776096033404,0.05519260583030663,22.81891359994188,57648,expanding,True,37.0,0.0,-1.4371851887184153,,,True,37.0,0.0,-1.4371851887184153,,,"{'const': 0.0004044083395107882, 'ar.L1': 0.26454665520267295, 'ar.L2': 0.3690531172162027, 'ma.L1': 0.6639119431864577, 'ma.L2': 0.45781816358249844, 'sigma2': 0.003304560465803301}",False,False,0.0,,,,,,,,,[],True,True,"{'const': 0.0004044083395107882, 'ar.L1': 0.26454665520267295, 'ar.L2': 0.3690531172162027, 'ma.L1': 0.6639119431864577, 'ma.L2': 0.45781816358249844, 'sigma2': 0.003304560465803301}"
Electricity-CISO,"Log weekly-difference ARIMA(2,0,2)",2025-08-05 23:00:00+00:00,29913.0,2025-08-06 00:00:00+00:00,1,31329.0,30751.557143818398,1416.0,838.5571438183979,1.0,1.0,True,1756.4079066056065,0.3287635258358378,27.601465899962932,57816,expanding,True,44.0,0.0,-1.4331618979371898,,,True,44.0,0.0,-1.4331618979371898,,,"{'const': 0.0005341431218228521, 'ar.L1': 0.2638849735113912, 'ar.L2': 0.3710952233182072, 'ma.L1': 0.6591944312401601, 'ma.L2': 0.4485783306890609, 'sigma2': 0.003331456935817034}",False,False,0.0,,,,,,,,,[],True,True,"{'const': 0.0005341431218228521, 'ar.L1': 0.2638849735113912, 'ar.L2': 0.3710952233182072, 'ma.L1': 0.6591944312401601, 'ma.L2': 0.4485783306890609, 'sigma2': 0.003331456935817034}"
Electricity-CISO,"Log weekly-difference ARIMA(2,0,2)",2025-08-05 23:00:00+00:00,29913.0,2025-08-06 23:00:00+00:00,24,33369.0,30271.590019324776,3456.0,358.5900193247762,1.0,1.0,True,1756.4079066056065,1.7634912533849878,27.601465899962932,57816,expanding,True,44.0,0.0,-1.4331618979371898,,,True,44.0,0.0,-1.4331618979371898,,,"{'const': 0.0005341431218228521, 'ar.L1': 0.2638849735113912, 'ar.L2': 0.3710952233182072, 'ma.L1': 0.6591944312401601, 'ma.L2': 0.4485783306890609, 'sigma2': 0.003331456935817034}",False,False,0.0,,,,,,,,,[],True,True,"{'const': 0.0005341431218228521, 'ar.L1': 0.2638849735113912, 'ar.L2': 0.3710952233182072, 'ma.L1': 0.6591944312401601, 'ma.L2': 0.4485783306890609, 'sigma2': 0.003331456935817034}"
Electricity-CISO,"Log weekly-difference ARIMA(2,0,2)",2025-08-05 23:00:00+00:00,29913.0,2025-08-12 23:00:00+00:00,168,32593.0,29928.982091185106,2680.0,15.982091185105674,1.0,1.0,True,1756.4079066056065,1.5167421524327536,27.601465899962932,57816,expanding,True,44.0,0.0,-1.4331618979371898,,,True,44.0,0.0,-1.4331618979371898,,,"{'const': 0.0005341431218228521, 'ar.L1': 0.2638849735113912, 'ar.L2': 0.3710952233182072, 'ma.L1': 0.6591944312401601, 'ma.L2': 0.4485783306890609, 'sigma2': 0.003331456935817034}",False,False,0.0,,,,,,,,,[],True,True,"{'const': 0.0005341431218228521, 'ar.L1': 0.2638849735113912, 'ar.L2': 0.3710952233182072, 'ma.L1': 0.6591944312401601, 'ma.L2': 0.4485783306890609, 'sigma2': 0.003331456935817034}"
Electricity-CISO,"Log weekly-difference ARIMA(2,0,2)",2025-08-12 23:00:00+00:00,32593.0,2025-08-13 00:00:00+00:00,1,33927.0,34043.256256592744,1334.0,1450.2562565927437,1.0,1.0,True,1760.221599557216,0.06604637542340579,26.738914599991404,57984,expanding,True,31.0,0.0,-1.4292934269539932,,,True,31.0,0.0,-1.4292934269539932,,,"{'const': 0.0008640106916681245, 'ar.L1': 0.2629284874968747, 'ar.L2': 0.3745501972735191, 'ma.L1': 0.655237968565521, 'ma.L2': 0.43861201806751393, 'sigma2': 0.0033571532115024938}",False,False,0.0,,,,,,,,,[],True,True,"{'const': 0.0008640106916681245, 'ar.L1': 0.2629284874968747, 'ar.L2': 0.3745501972735191, 'ma.L1': 0.655237968565521, 'ma.L2': 0.43861201806751393, 'sigma2': 0.0033571532115024938}"
Electricity-CISO,"Log weekly-difference ARIMA(2,0,2)",2025-08-12 23:00:00+00:00,32593.0,2025-08-13 23:00:00+00:00,24,31886.0,33401.80399409549,-707.0,808.8039940954914,-1.0,1.0,False,1760.221599557216,0.8611438437505778,26.738914599991404,57984,expanding,True,31.0,0.0,-1.4292934269539932,,,True,31.0,0.0,-1.4292934269539932,,,"{'const': 0.0008640106916681245, 'ar.L1': 0.2629284874968747, 'ar.L2': 0.3745501972735191, 'ma.L1': 0.655237968565521, 'ma.L2': 0.43861201806751393, 'sigma2': 0.0033571532115024938}",False,False,0.0,,,,,,,,,[],True,True,"{'const': 0.0008640106916681245, 'ar.L1': 0.2629284874968747, 'ar.L2': 0.3745501972735191, 'ma.L1': 0.655237968565521, 'ma.L2': 0.43861201806751393, 'sigma2': 0.0033571532115024938}"
Electricity-CISO,"Log weekly-difference ARIMA(2,0,2)",2025-08-12 23:00:00+00:00,32593.0,2025-08-19 23:00:00+00:00,168,31730.0,32621.172869551167,-863.0,28.172869551166514,-1.0,1.0,False,1760.221599557216,0.5062844756451922,26.738914599991404,57984,expanding,True,31.0,0.0,-1.4292934269539932,,,True,31.0,0.0,-1.4292934269539932,,,"{'const': 0.0008640106916681245, 'ar.L1': 0.2629284874968747, 'ar.L2': 0.3745501972735191, 'ma.L1': 0.655237968565521, 'ma.L2': 0.43861201806751393, 'sigma2': 0.0033571532115024938}",False,False,0.0,,,,,,,,,[],True,True,"{'const': 0.0008640106916681245, 'ar.L1': 0.2629284874968747, 'ar.L2': 0.3745501972735191, 'ma.L1': 0.655237968565521, 'ma.L2': 0.43861201806751393, 'sigma2': 0.0033571532115024938}"
Electricity-CISO,"Log weekly-difference ARIMA(2,0,2)",2025-08-19 23:00:00+00:00,31730.0,2025-08-20 00:00:00+00:00,1,33244.0,33046.06305630367,1514.0,1316.0630563036684,1.0,1.0,True,1762.856167218543,0.112281958889839,24.021074500051327,58152,expanding,True,37.0,0.0,-1.430517086975635,,,True,37.0,0.0,-1.430517086975635,,,"{'const': 0.0006330885990868309, 'ar.L1': 0.26323089293395374, 'ar.L2': 0.3749884887261651, 'ma.L1': 0.655143485723847, 'ma.L2': 0.43826586459356814, 'sigma2': 0.003348969477627043}",False,False,0.0,,,,,,,,,[],True,True,"{'const': 0.0006330885990868309, 'ar.L1': 0.26323089293395374, 'ar.L2': 0.3749884887261651, 'ma.L1': 0.655143485723847, 'ma.L2': 0.43826586459356814, 'sigma2': 0.003348969477627043}"
Electricity-CISO,"Log weekly-difference ARIMA(2,0,2)",2025-08-19 23:00:00+00:00,31730.0,2025-08-20 23:00:00+00:00,24,34395.0,31905.03775155674,2665.0,175.03775155674157,1.0,1.0,True,1762.856167218543,1.4124591074108743,24.021074500051327,58152,expanding,True,37.0,0.0,-1.430517086975635,,,True,37.0,0.0,-1.430517086975635,,,"{'const': 0.0006330885990868309, 'ar.L1': 0.26323089293395374, 'ar.L2': 0.3749884887261651, 'ma.L1': 0.655143485723847, 'ma.L2': 0.43826586459356814, 'sigma2': 0.003348969477627043}",False,False,0.0,,,,,,,,,[],True,True,"{'const': 0.0006330885990868309, 'ar.L1': 0.26323089293395374, 'ar.L2': 0.3749884887261651, 'ma.L1': 0.655143485723847, 'ma.L2': 0.43826586459356814, 'sigma2': 0.003348969477627043}"
Electricity-CISO,"Log weekly-difference ARIMA(2,0,2)",2025-08-19 23:00:00+00:00,31730.0,2025-08-26 23:00:00+00:00,168,33242.0,31750.094261301725,1512.0,20.094261301725055,1.0,1.0,True,1762.856167218543,0.8463003201515997,24.021074500051327,58152,expanding,True,37.0,0.0,-1.430517086975635,,,True,37.0,0.0,-1.430517086975635,,,"{'const': 0.0006330885990868309, 'ar.L1': 0.26323089293395374, 'ar.L2': 0.3749884887261651, 'ma.L1': 0.655143485723847, 'ma.L2': 0.43826586459356814, 'sigma2': 0.003348969477627043}",False,False,0.0,,,,,,,,,[],True,True,"{'const': 0.0006330885990868309, 'ar.L1': 0.26323089293395374, 'ar.L2': 0.3749884887261651, 'ma.L1': 0.655143485723847, 'ma.L2': 0.43826586459356814, 'sigma2': 0.003348969477627043}"
Electricity-CISO,"Log weekly-difference ARIMA(2,0,2)",2025-08-26 23:00:00+00:00,33242.0,2025-08-27 00:00:00+00:00,1,34444.0,34569.49638011046,1202.0,1327.4963801104604,1.0,1.0,True,1768.705341174852,0.07095380852250958,21.78745359997265,58320,expanding,True,34.0,0.0,-1.4316068313955752,,,True,34.0,0.0,-1.4316068313955752,,,"{'const': 0.0009749555947169893, 'ar.L1': 0.2637932682726371, 'ar.L2': 0.3758501441233755, 'ma.L1': 0.6550610288328429, 'ma.L2': 0.43772939868858035, 'sigma2': 0.0033416303486996546}",False,False,0.0,,,,,,,,,[],True,True,"{'const': 0.0009749555947169893, 'ar.L1': 0.2637932682726371, 'ar.L2': 0.3758501441233755, 'ma.L1': 0.6550610288328429, 'ma.L2': 0.43772939868858035, 'sigma2': 0.0033416303486996546}"
Electricity-CISO,"Log weekly-difference ARIMA(2,0,2)",2025-08-26 23:00:00+00:00,33242.0,2025-08-27 23:00:00+00:00,24,35317.0,34430.559787724116,2075.0,1188.5597877241162,1.0,1.0,True,1768.705341174852,0.5011802653838717,21.78745359997265,58320,expanding,True,34.0,0.0,-1.4316068313955752,,,True,34.0,0.0,-1.4316068313955752,,,"{'const': 0.0009749555947169893, 'ar.L1': 0.2637932682726371, 'ar.L2': 0.3758501441233755, 'ma.L1': 0.6550610288328429, 'ma.L2': 0.43772939868858035, 'sigma2': 0.0033416303486996546}",False,False,0.0,,,,,,,,,[],True,True,"{'const': 0.0009749555947169893, 'ar.L1': 0.2637932682726371, 'ar.L2': 0.3758501441233755, 'ma.L1': 0.6550610288328429, 'ma.L2': 0.43772939868858035, 'sigma2': 0.0033416303486996546}"
Electricity-CISO,"Log weekly-difference ARIMA(2,0,2)",2025-08-26 23:00:00+00:00,33242.0,2025-09-02 23:00:00+00:00,168,38349.0,33274.42527791418,5107.0,32.425277914182516,1.0,1.0,True,1768.705341174852,2.869089951814733,21.78745359997265,58320,expanding,True,34.0,0.0,-1.4316068313955752,,,True,34.0,0.0,-1.4316068313955752,,,"{'const': 0.0009749555947169893, 'ar.L1': 0.2637932682726371, 'ar.L2': 0.3758501441233755, 'ma.L1': 0.6550610288328429, 'ma.L2': 0.43772939868858035, 'sigma2': 0.0033416303486996546}",False,False,0.0,,,,,,,,,[],True,True,"{'const': 0.0009749555947169893, 'ar.L1': 0.2637932682726371, 'ar.L2': 0.3758501441233755, 'ma.L1': 0.6550610288328429, 'ma.L2': 0.43772939868858035, 'sigma2': 0.0033416303486996546}"
Electricity-CISO,"Log weekly-difference ARIMA(2,0,2)",2025-09-02 23:00:00+00:00,38349.0,2025-09-03 00:00:00+00:00,1,40108.0,39347.24586697626,1759.0,998.2458669762564,1.0,1.0,True,1768.9523491083676,0.43005914399401335,23.428029499948025,58488,expanding,True,35.0,0.0,-1.4328012220490556,,,True,35.0,0.0,-1.4328012220490556,,,"{'const': 0.0008728059476486623, 'ar.L1': 0.26402016604293765, 'ar.L2': 0.37600683914016536, 'ma.L1': 0.6550006135436977, 'ma.L2': 0.43752362042033976, 'sigma2': 0.0033336657703968114}",False,False,0.0,,,,,,,,,[],True,True,"{'const': 0.0008728059476486623, 'ar.L1': 0.26402016604293765, 'ar.L2': 0.37600683914016536, 'ma.L1': 0.6550006135436977, 'ma.L2': 0.43752362042033976, 'sigma2': 0.0033336657703968114}"
Electricity-CISO,"Log weekly-difference ARIMA(2,0,2)",2025-09-02 23:00:00+00:00,38349.0,2025-09-03 23:00:00+00:00,24,37420.0,35357.25614355041,-929.0,-2991.7438564495897,-1.0,-1.0,True,1768.9523491083676,1.1660822053738793,23.428029499948025,58488,expanding,True,35.0,0.0,-1.4328012220490556,,,True,35.0,0.0,-1.4328012220490556,,,"{'const': 0.0008728059476486623, 'ar.L1': 0.26402016604293765, 'ar.L2': 0.37600683914016536, 'ma.L1': 0.6550006135436977, 'ma.L2': 0.43752362042033976, 'sigma2': 0.0033336657703968114}",False,False,0.0,,,,,,,,,[],True,True,"{'const': 0.0008728059476486623, 'ar.L1': 0.26402016604293765, 'ar.L2': 0.37600683914016536, 'ma.L1': 0.6550006135436977, 'ma.L2': 0.43752362042033976, 'sigma2': 0.0033336657703968114}"
Electricity-CISO,"Log weekly-difference ARIMA(2,0,2)",2025-09-02 23:00:00+00:00,38349.0,2025-09-09 23:00:00+00:00,168,30063.0,38382.48584648359,-8286.0,33.48584648359247,-1.0,1.0,False,1768.9523491083676,4.703058197512777,23.428029499948025,58488,expanding,True,35.0,0.0,-1.4328012220490556,,,True,35.0,0.0,-1.4328012220490556,,,"{'const': 0.0008728059476486623, 'ar.L1': 0.26402016604293765, 'ar.L2': 0.37600683914016536, 'ma.L1': 0.6550006135436977, 'ma.L2': 0.43752362042033976, 'sigma2': 0.0033336657703968114}",False,False,0.0,,,,,,,,,[],True,True,"{'const': 0.0008728059476486623, 'ar.L1': 0.26402016604293765, 'ar.L2': 0.37600683914016536, 'ma.L1': 0.6550006135436977, 'ma.L2': 0.43752362042033976, 'sigma2': 0.0033336657703968114}"
Electricity-CISO,"Log weekly-difference ARIMA(2,0,2)",2025-09-09 23:00:00+00:00,30063.0,2025-09-10 00:00:00+00:00,1,30730.0,31996.018746738522,667.0,1933.0187467385222,1.0,1.0,True,1769.9700280399397,0.7152769406725537,24.256060499930754,58656,expanding,True,38.0,0.0,-1.4340077099732935,,,True,38.0,0.0,-1.4340077099732935,,,"{'const': 0.0007976455627621031, 'ar.L1': 0.2640651202632871, 'ar.L2': 0.3763429104530675, 'ma.L1': 0.6551297529262489, 'ma.L2': 0.4373470279726179, 'sigma2': 0.0033257012646652605}",False,False,0.0,,,,,,,,,[],True,True,"{'const': 0.0007976455627621031, 'ar.L1': 0.2640651202632871, 'ar.L2': 0.3763429104530675, 'ma.L1': 0.6551297529262489, 'ma.L2': 0.4373470279726179, 'sigma2': 0.0033257012646652605}"
Electricity-CISO,"Log weekly-difference ARIMA(2,0,2)",2025-09-09 23:00:00+00:00,30063.0,2025-09-10 23:00:00+00:00,24,30594.0,37433.35421757675,531.0,7370.354217576751,1.0,1.0,True,1769.9700280399397,3.8641073629651426,24.256060499930754,58656,expanding,True,38.0,0.0,-1.4340077099732935,,,True,38.0,0.0,-1.4340077099732935,,,"{'const': 0.0007976455627621031, 'ar.L1': 0.2640651202632871, 'ar.L2': 0.3763429104530675, 'ma.L1': 0.6551297529262489, 'ma.L2': 0.4373470279726179, 'sigma2': 0.0033257012646652605}",False,False,0.0,,,,,,,,,[],True,True,"{'const': 0.0007976455627621031, 'ar.L1': 0.2640651202632871, 'ar.L2': 0.3763429104530675, 'ma.L1': 0.6551297529262489, 'ma.L2': 0.4373470279726179, 'sigma2': 0.0033257012646652605}"
Electricity-CISO,"Log weekly-difference ARIMA(2,0,2)",2025-09-09 23:00:00+00:00,30063.0,2025-09-16 23:00:00+00:00,168,37359.0,30086.98918471479,7296.0,23.98918471478828,1.0,1.0,True,1769.9700280399397,4.1085502579601405,24.256060499930754,58656,expanding,True,38.0,0.0,-1.4340077099732935,,,True,38.0,0.0,-1.4340077099732935,,,"{'const': 0.0007976455627621031, 'ar.L1': 0.2640651202632871, 'ar.L2': 0.3763429104530675, 'ma.L1': 0.6551297529262489, 'ma.L2': 0.4373470279726179, 'sigma2': 0.0033257012646652605}",False,False,0.0,,,,,,,,,[],True,True,"{'const': 0.0007976455627621031, 'ar.L1': 0.2640651202632871, 'ar.L2': 0.3763429104530675, 'ma.L1': 0.6551297529262489, 'ma.L2': 0.4373470279726179, 'sigma2': 0.0033257012646652605}"
Electricity-CISO,"Log weekly-difference ARIMA(2,0,2)",2025-09-16 23:00:00+00:00,37359.0,2025-09-17 00:00:00+00:00,1,39305.0,37601.09613714666,1946.0,242.09613714666193,1.0,1.0,True,1774.708128750682,0.960103712407523,63.42270470003132,58824,expanding,False,42.0,2.0,-1.4350733757525427,,,False,42.0,2.0,-1.4350733757525427,,,"{'const': 0.0005516654158947745, 'ar.L1': 0.2646633853073, 'ar.L2': 0.37698109676395447, 'ma.L1': 0.6549660108538066, 'ma.L2': 0.4368726121702378, 'sigma2': 0.0033186083947509873}",True,False,2.0,const,5e-07,True,1.0,0.0,-1.4350733757341063,,,"[{'attempt': 1, 'parameter': 'const', 'parameter_offset': 1e-06, 'converged': True, 'iterations': 1.0, 'warnflag': 0.0, 'objective_value': -1.4350733757134588}, {'attempt': 2, 'parameter': 'const', 'parameter_offset': 5e-07, 'converged': True, 'iterations': 1.0, 'warnflag': 0.0, 'objective_value': -1.4350733757341063}]",True,True,"{'const': 0.0005516654158947745, 'ar.L1': 0.2646633853073, 'ar.L2': 0.37698109676395447, 'ma.L1': 0.6549660108538066, 'ma.L2': 0.4368726121702378, 'sigma2': 0.0033186083947509873}"
Electricity-CISO,"Log weekly-difference ARIMA(2,0,2)",2025-09-16 23:00:00+00:00,37359.0,2025-09-17 23:00:00+00:00,24,38314.0,30623.099202343634,955.0,-6735.900797656366,1.0,-1.0,False,1774.708128750682,4.333614453589295,63.42270470003132,58824,expanding,False,42.0,2.0,-1.4350733757525427,,,False,42.0,2.0,-1.4350733757525427,,,"{'const': 0.0005516654158947745, 'ar.L1': 0.2646633853073, 'ar.L2': 0.37698109676395447, 'ma.L1': 0.6549660108538066, 'ma.L2': 0.4368726121702378, 'sigma2': 0.0033186083947509873}",True,False,2.0,const,5e-07,True,1.0,0.0,-1.4350733757341063,,,"[{'attempt': 1, 'parameter': 'const', 'parameter_offset': 1e-06, 'converged': True, 'iterations': 1.0, 'warnflag': 0.0, 'objective_value': -1.4350733757134588}, {'attempt': 2, 'parameter': 'const', 'parameter_offset': 5e-07, 'converged': True, 'iterations': 1.0, 'warnflag': 0.0, 'objective_value': -1.4350733757341063}]",True,True,"{'const': 0.0005516654158947745, 'ar.L1': 0.2646633853073, 'ar.L2': 0.37698109676395447, 'ma.L1': 0.6549660108538066, 'ma.L2': 0.4368726121702378, 'sigma2': 0.0033186083947509873}"
Electricity-CISO,"Log weekly-difference ARIMA(2,0,2)",2025-09-16 23:00:00+00:00,37359.0,2025-09-23 23:00:00+00:00,168,36285.0,37379.61535413851,-1074.0,20.615354138506518,-1.0,1.0,False,1774.708128750682,0.6167861274794907,63.42270470003132,58824,expanding,False,42.0,2.0,-1.4350733757525427,,,False,42.0,2.0,-1.4350733757525427,,,"{'const': 0.0005516654158947745, 'ar.L1': 0.2646633853073, 'ar.L2': 0.37698109676395447, 'ma.L1': 0.6549660108538066, 'ma.L2': 0.4368726121702378, 'sigma2': 0.0033186083947509873}",True,False,2.0,const,5e-07,True,1.0,0.0,-1.4350733757341063,,,"[{'attempt': 1, 'parameter': 'const', 'parameter_offset': 1e-06, 'converged': True, 'iterations': 1.0, 'warnflag': 0.0, 'objective_value': -1.4350733757134588}, {'attempt': 2, 'parameter': 'const', 'parameter_offset': 5e-07, 'converged': True, 'iterations': 1.0, 'warnflag': 0.0, 'objective_value': -1.4350733757341063}]",True,True,"{'const': 0.0005516654158947745, 'ar.L1': 0.2646633853073, 'ar.L2': 0.37698109676395447, 'ma.L1': 0.6549660108538066, 'ma.L2': 0.4368726121702378, 'sigma2': 0.0033186083947509873}"
Electricity-CISO,"Log weekly-difference ARIMA(2,0,2)",2025-09-23 23:00:00+00:00,36285.0,2025-09-24 00:00:00+00:00,1,37874.0,38111.85543038066,1589.0,1826.8554303806595,1.0,1.0,True,1775.5543825649395,0.13396121950207862,30.194497400079854,58992,expanding,True,38.0,0.0,-1.436265564317895,,,True,38.0,0.0,-1.436265564317895,,,"{'const': 0.00069392270176457, 'ar.L1': 0.2648996975451707, 'ar.L2': 0.3772428738871899, 'ma.L1': 0.65491234115773, 'ma.L2': 0.4366362097341922, 'sigma2': 0.003310646807756367}",False,False,0.0,,,,,,,,,[],True,True,"{'const': 0.00069392270176457, 'ar.L1': 0.2648996975451707, 'ar.L2': 0.3772428738871899, 'ma.L1': 0.65491234115773, 'ma.L2': 0.4366362097341922, 'sigma2': 0.003310646807756367}"
Electricity-CISO,"Log weekly-difference ARIMA(2,0,2)",2025-09-23 23:00:00+00:00,36285.0,2025-09-24 23:00:00+00:00,24,35649.0,38337.82256162629,-636.0,2052.8225616262935,-1.0,1.0,False,1775.5543825649395,1.5143566358931009,30.194497400079854,58992,expanding,True,38.0,0.0,-1.436265564317895,,,True,38.0,0.0,-1.436265564317895,,,"{'const': 0.00069392270176457, 'ar.L1': 0.2648996975451707, 'ar.L2': 0.3772428738871899, 'ma.L1': 0.65491234115773, 'ma.L2': 0.4366362097341922, 'sigma2': 0.003310646807756367}",False,False,0.0,,,,,,,,,[],True,True,"{'const': 0.00069392270176457, 'ar.L1': 0.2648996975451707, 'ar.L2': 0.3772428738871899, 'ma.L1': 0.65491234115773, 'ma.L2': 0.4366362097341922, 'sigma2': 0.003310646807756367}"
Electricity-CISO,"Log weekly-difference ARIMA(2,0,2)",2025-09-23 23:00:00+00:00,36285.0,2025-09-30 23:00:00+00:00,168,29664.0,36310.187723389354,-6621.0,25.187723389353778,-1.0,1.0,False,1775.5543825649395,3.7431620166927075,30.194497400079854,58992,expanding,True,38.0,0.0,-1.436265564317895,,,True,38.0,0.0,-1.436265564317895,,,"{'const': 0.00069392270176457, 'ar.L1': 0.2648996975451707, 'ar.L2': 0.3772428738871899, 'ma.L1': 0.65491234115773, 'ma.L2': 0.4366362097341922, 'sigma2': 0.003310646807756367}",False,False,0.0,,,,,,,,,[],True,True,"{'const': 0.00069392270176457, 'ar.L1': 0.2648996975451707, 'ar.L2': 0.3772428738871899, 'ma.L1': 0.65491234115773, 'ma.L2': 0.4366362097341922, 'sigma2': 0.003310646807756367}"
Electricity-CISO,"Log weekly-difference ARIMA(2,0,2)",2025-09-30 23:00:00+00:00,29664.0,2025-10-01 00:00:00+00:00,1,29650.0,31967.81143626531,-14.0,2303.8114362653105,-1.0,1.0,False,1775.9870151885002,1.3050835487213863,28.828305499977432,59160,expanding,True,46.0,0.0,-1.4374659288018858,,,True,46.0,0.0,-1.4374659288018858,,,"{'const': 0.000504879794118787, 'ar.L1': 0.26510288613934174, 'ar.L2': 0.37746674457331986, 'ma.L1': 0.6548741426936324, 'ma.L2': 0.4364436967527784, 'sigma2': 0.00330272175892956}",False,False,0.0,,,,,,,,,[],True,True,"{'const': 0.000504879794118787, 'ar.L1': 0.26510288613934174, 'ar.L2': 0.37746674457331986, 'ma.L1': 0.6548741426936324, 'ma.L2': 0.4364436967527784, 'sigma2': 0.00330272175892956}"
Electricity-CISO,"Log weekly-difference ARIMA(2,0,2)",2025-09-30 23:00:00+00:00,29664.0,2025-10-01 23:00:00+00:00,24,29674.0,35654.8175270282,10.0,5990.817527028201,1.0,1.0,True,1775.9870151885002,3.367602057830027,28.828305499977432,59160,expanding,True,46.0,0.0,-1.4374659288018858,,,True,46.0,0.0,-1.4374659288018858,,,"{'const': 0.000504879794118787, 'ar.L1': 0.26510288613934174, 'ar.L2': 0.37746674457331986, 'ma.L1': 0.6548741426936324, 'ma.L2': 0.4364436967527784, 'sigma2': 0.00330272175892956}",False,False,0.0,,,,,,,,,[],True,True,"{'const': 0.000504879794118787, 'ar.L1': 0.26510288613934174, 'ar.L2': 0.37746674457331986, 'ma.L1': 0.6548741426936324, 'ma.L2': 0.4364436967527784, 'sigma2': 0.00330272175892956}"
Electricity-CISO,"Log weekly-difference ARIMA(2,0,2)",2025-09-30 23:00:00+00:00,29664.0,2025-10-07 23:00:00+00:00,168,27888.0,29678.98053557939,-1776.0,14.980535579390562,-1.0,1.0,False,1775.9870151885002,1.008442359241742,28.828305499977432,59160,expanding,True,46.0,0.0,-1.4374659288018858,,,True,46.0,0.0,-1.4374659288018858,,,"{'const': 0.000504879794118787, 'ar.L1': 0.26510288613934174, 'ar.L2': 0.37746674457331986, 'ma.L1': 0.6548741426936324, 'ma.L2': 0.4364436967527784, 'sigma2': 0.00330272175892956}",False,False,0.0,,,,,,,,,[],True,True,"{'const': 0.000504879794118787, 'ar.L1': 0.26510288613934174, 'ar.L2': 0.37746674457331986, 'ma.L1': 0.6548741426936324, 'ma.L2': 0.4364436967527784, 'sigma2': 0.00330272175892956}"
Electricity-CISO,"Log weekly-difference ARIMA(2,0,2)",2025-10-07 23:00:00+00:00,27888.0,2025-10-08 00:00:00+00:00,1,27935.0,28153.665644923396,47.0,265.66564492339603,1.0,1.0,True,1777.6995605138607,0.12300483713917816,23.585219100001268,59328,expanding,True,35.0,0.0,-1.4386217769644019,,,True,35.0,0.0,-1.4386217769644019,,,"{'const': 0.0002631110559052832, 'ar.L1': 0.26543338378103626, 'ar.L2': 0.3779001183646996, 'ma.L1': 0.6548402091628168, 'ma.L2': 0.4360744811067473, 'sigma2': 0.0032953492787831666}",False,False,0.0,,,,,,,,,[],True,True,"{'const': 0.0002631110559052832, 'ar.L1': 0.26543338378103626, 'ar.L2': 0.3779001183646996, 'ma.L1': 0.6548402091628168, 'ma.L2': 0.4360744811067473, 'sigma2': 0.0032953492787831666}"
Electricity-CISO,"Log weekly-difference ARIMA(2,0,2)",2025-10-07 23:00:00+00:00,27888.0,2025-10-08 23:00:00+00:00,24,26716.0,29679.5268769109,-1172.0,1791.5268769108989,-1.0,1.0,False,1777.6995605138607,1.667057214130302,23.585219100001268,59328,expanding,True,35.0,0.0,-1.4386217769644019,,,True,35.0,0.0,-1.4386217769644019,,,"{'const': 0.0002631110559052832, 'ar.L1': 0.26543338378103626, 'ar.L2': 0.3779001183646996, 'ma.L1': 0.6548402091628168, 'ma.L2': 0.4360744811067473, 'sigma2': 0.0032953492787831666}",False,False,0.0,,,,,,,,,[],True,True,"{'const': 0.0002631110559052832, 'ar.L1': 0.26543338378103626, 'ar.L2': 0.3779001183646996, 'ma.L1': 0.6548402091628168, 'ma.L2': 0.4360744811067473, 'sigma2': 0.0032953492787831666}"
Electricity-CISO,"Log weekly-difference ARIMA(2,0,2)",2025-10-07 23:00:00+00:00,27888.0,2025-10-14 23:00:00+00:00,168,28386.0,27895.33860651904,498.0,7.338606519038876,1.0,1.0,True,1777.6995605138607,0.27600917746704673,23.585219100001268,59328,expanding,True,35.0,0.0,-1.4386217769644019,,,True,35.0,0.0,-1.4386217769644019,,,"{'const': 0.0002631110559052832, 'ar.L1': 0.26543338378103626, 'ar.L2': 0.3779001183646996, 'ma.L1': 0.6548402091628168, 'ma.L2': 0.4360744811067473, 'sigma2': 0.0032953492787831666}",False,False,0.0,,,,,,,,,[],True,True,"{'const': 0.0002631110559052832, 'ar.L1': 0.26543338378103626, 'ar.L2': 0.3779001183646996, 'ma.L1': 0.6548402091628168, 'ma.L2': 0.4360744811067473, 'sigma2': 0.0032953492787831666}"
Electricity-CISO,"Log weekly-difference ARIMA(2,0,2)",2025-10-14 23:00:00+00:00,28386.0,2025-10-15 00:00:00+00:00,1,27997.0,28296.441875088614,-389.0,-89.55812491138568,-1.0,-1.0,True,1776.085153721683,0.16859657571099637,31.338017200003378,59496,expanding,True,39.0,0.0,-1.4398074013739144,,,True,39.0,0.0,-1.4398074013739144,,,"{'const': 0.00017802767479865837, 'ar.L1': 0.2655813182254536, 'ar.L2': 0.377830564921903, 'ma.L1': 0.6546688713305722, 'ma.L2': 0.43599322013596603, 'sigma2': 0.0032873431574879635}",False,False,0.0,,,,,,,,,[],True,True,"{'const': 0.00017802767479865837, 'ar.L1': 0.2655813182254536, 'ar.L2': 0.377830564921903, 'ma.L1': 0.6546688713305722, 'ma.L2': 0.43599322013596603, 'sigma2': 0.0032873431574879635}"
Electricity-CISO,"Log weekly-difference ARIMA(2,0,2)",2025-10-14 23:00:00+00:00,28386.0,2025-10-15 23:00:00+00:00,24,25487.0,26720.975622979047,-2899.0,-1665.0243770209527,-1.0,-1.0,True,1776.085153721683,0.6947727818079686,31.338017200003378,59496,expanding,True,39.0,0.0,-1.4398074013739144,,,True,39.0,0.0,-1.4398074013739144,,,"{'const': 0.00017802767479865837, 'ar.L1': 0.2655813182254536, 'ar.L2': 0.377830564921903, 'ma.L1': 0.6546688713305722, 'ma.L2': 0.43599322013596603, 'sigma2': 0.0032873431574879635}",False,False,0.0,,,,,,,,,[],True,True,"{'const': 0.00017802767479865837, 'ar.L1': 0.2655813182254536, 'ar.L2': 0.377830564921903, 'ma.L1': 0.6546688713305722, 'ma.L2': 0.43599322013596603, 'sigma2': 0.0032873431574879635}"
Electricity-CISO,"Log weekly-difference ARIMA(2,0,2)",2025-10-14 23:00:00+00:00,28386.0,2025-10-21 23:00:00+00:00,168,26401.0,28391.05394343443,-1985.0,5.05394343442822,-1.0,1.0,False,1776.085153721683,1.1204721458677733,31.338017200003378,59496,expanding,True,39.0,0.0,-1.4398074013739144,,,True,39.0,0.0,-1.4398074013739144,,,"{'const': 0.00017802767479865837, 'ar.L1': 0.2655813182254536, 'ar.L2': 0.377830564921903, 'ma.L1': 0.6546688713305722, 'ma.L2': 0.43599322013596603, 'sigma2': 0.0032873431574879635}",False,False,0.0,,,,,,,,,[],True,True,"{'const': 0.00017802767479865837, 'ar.L1': 0.2655813182254536, 'ar.L2': 0.377830564921903, 'ma.L1': 0.6546688713305722, 'ma.L2': 0.43599322013596603, 'sigma2': 0.0032873431574879635}"
Electricity-CISO,"Log weekly-difference ARIMA(2,0,2)",2025-10-21 23:00:00+00:00,26401.0,2025-10-22 00:00:00+00:00,1,26615.0,26567.396319701154,214.0,166.39631970115443,1.0,1.0,True,1775.0723746134195,0.02681788133242333,28.064049200038426,59664,expanding,True,45.0,0.0,-1.4408350716979674,,,True,45.0,0.0,-1.4408350716979674,,,"{'const': 6.63486998432928e-05, 'ar.L1': 0.2656220963565423, 'ar.L2': 0.3780256170911498, 'ma.L1': 0.654676096846974, 'ma.L2': 0.435588173572483, 'sigma2': 0.003280522015572299}",False,False,0.0,,,,,,,,,[],True,True,"{'const': 6.63486998432928e-05, 'ar.L1': 0.2656220963565423, 'ar.L2': 0.3780256170911498, 'ma.L1': 0.654676096846974, 'ma.L2': 0.435588173572483, 'sigma2': 0.003280522015572299}"
Electricity-CISO,"Log weekly-difference ARIMA(2,0,2)",2025-10-21 23:00:00+00:00,26401.0,2025-10-22 23:00:00+00:00,24,29785.0,25486.20982851481,3384.0,-914.7901714851905,1.0,-1.0,False,1775.0723746134195,2.421754872063396,28.064049200038426,59664,expanding,True,45.0,0.0,-1.4408350716979674,,,True,45.0,0.0,-1.4408350716979674,,,"{'const': 6.63486998432928e-05, 'ar.L1': 0.2656220963565423, 'ar.L2': 0.3780256170911498, 'ma.L1': 0.654676096846974, 'ma.L2': 0.435588173572483, 'sigma2': 0.003280522015572299}",False,False,0.0,,,,,,,,,[],True,True,"{'const': 6.63486998432928e-05, 'ar.L1': 0.2656220963565423, 'ar.L2': 0.3780256170911498, 'ma.L1': 0.654676096846974, 'ma.L2': 0.435588173572483, 'sigma2': 0.003280522015572299}"
Electricity-CISO,"Log weekly-difference ARIMA(2,0,2)",2025-10-21 23:00:00+00:00,26401.0,2025-10-28 23:00:00+00:00,168,26936.0,26402.75173013641,535.0,1.7517301364096056,1.0,1.0,True,1775.0723746134195,0.3004093114680593,28.064049200038426,59664,expanding,True,45.0,0.0,-1.4408350716979674,,,True,45.0,0.0,-1.4408350716979674,,,"{'const': 6.63486998432928e-05, 'ar.L1': 0.2656220963565423, 'ar.L2': 0.3780256170911498, 'ma.L1': 0.654676096846974, 'ma.L2': 0.435588173572483, 'sigma2': 0.003280522015572299}",False,False,0.0,,,,,,,,,[],True,True,"{'const': 6.63486998432928e-05, 'ar.L1': 0.2656220963565423, 'ar.L2': 0.3780256170911498, 'ma.L1': 0.654676096846974, 'ma.L2': 0.435588173572483, 'sigma2': 0.003280522015572299}"
Electricity-CISO,"Log weekly-difference ARIMA(2,0,2)",2025-10-28 23:00:00+00:00,26936.0,2025-10-29 00:00:00+00:00,1,26660.0,26659.410671424717,-276.0,-276.5893285752827,-1.0,-1.0,True,1772.4532381335478,0.0003324931584109319,28.046518599963747,59832,expanding,True,43.0,0.0,-1.4419744826008374,,,True,43.0,0.0,-1.4419744826008374,,,"{'const': 0.00011331316681612641, 'ar.L1': 0.2657554427899813, 'ar.L2': 0.3779523506377737, 'ma.L1': 0.6545041943840376, 'ma.L2': 0.43534801074150126, 'sigma2': 0.0032730885026886077}",False,False,0.0,,,,,,,,,[],True,True,"{'const': 0.00011331316681612641, 'ar.L1': 0.2657554427899813, 'ar.L2': 0.3779523506377737, 'ma.L1': 0.6545041943840376, 'ma.L2': 0.43534801074150126, 'sigma2': 0.0032730885026886077}"
Electricity-CISO,"Log weekly-difference ARIMA(2,0,2)",2025-10-28 23:00:00+00:00,26936.0,2025-10-29 23:00:00+00:00,24,28058.0,29788.40230609893,1122.0,2852.402306098931,1.0,1.0,True,1772.4532381335478,0.9762752939654997,28.046518599963747,59832,expanding,True,43.0,0.0,-1.4419744826008374,,,True,43.0,0.0,-1.4419744826008374,,,"{'const': 0.00011331316681612641, 'ar.L1': 0.2657554427899813, 'ar.L2': 0.3779523506377737, 'ma.L1': 0.6545041943840376, 'ma.L2': 0.43534801074150126, 'sigma2': 0.0032730885026886077}",False,False,0.0,,,,,,,,,[],True,True,"{'const': 0.00011331316681612641, 'ar.L1': 0.2657554427899813, 'ar.L2': 0.3779523506377737, 'ma.L1': 0.6545041943840376, 'ma.L2': 0.43534801074150126, 'sigma2': 0.0032730885026886077}"
Electricity-CISO,"Log weekly-difference ARIMA(2,0,2)",2025-10-28 23:00:00+00:00,26936.0,2025-11-04 23:00:00+00:00,168,26834.0,26939.052376395288,-102.0,3.0523763952878653,-1.0,1.0,False,1772.4532381335478,0.0592694769797772,28.046518599963747,59832,expanding,True,43.0,0.0,-1.4419744826008374,,,True,43.0,0.0,-1.4419744826008374,,,"{'const': 0.00011331316681612641, 'ar.L1': 0.2657554427899813, 'ar.L2': 0.3779523506377737, 'ma.L1': 0.6545041943840376, 'ma.L2': 0.43534801074150126, 'sigma2': 0.0032730885026886077}",False,False,0.0,,,,,,,,,[],True,True,"{'const': 0.00011331316681612641, 'ar.L1': 0.2657554427899813, 'ar.L2': 0.3779523506377737, 'ma.L1': 0.6545041943840376, 'ma.L2': 0.43534801074150126, 'sigma2': 0.0032730885026886077}"
Electricity-CISO,"Log weekly-difference ARIMA(2,0,2)",2025-11-04 23:00:00+00:00,26834.0,2025-11-05 00:00:00+00:00,1,26038.0,26887.02131530877,-796.0,53.02131530877159,-1.0,1.0,False,1769.7927530418506,0.47972923035734377,30.89371920004487,60000,expanding,True,48.0,0.0,-1.4431364662334685,,,True,48.0,0.0,-1.4431364662334685,,,"{'const': 0.00010577065243286854, 'ar.L1': 0.2657600036419814, 'ar.L2': 0.37793370228519285, 'ma.L1': 0.6545430283524364, 'ma.L2': 0.43524255615132446, 'sigma2': 0.003265470092091369}",False,False,0.0,,,,,,,,,[],True,True,"{'const': 0.00010577065243286854, 'ar.L1': 0.2657600036419814, 'ar.L2': 0.37793370228519285, 'ma.L1': 0.6545430283524364, 'ma.L2': 0.43524255615132446, 'sigma2': 0.003265470092091369}"
Electricity-CISO,"Log weekly-difference ARIMA(2,0,2)",2025-11-04 23:00:00+00:00,26834.0,2025-11-05 23:00:00+00:00,24,27632.0,28060.7291122726,798.0,1226.7291122725983,1.0,1.0,True,1769.7927530418506,0.24224820196360022,30.89371920004487,60000,expanding,True,48.0,0.0,-1.4431364662334685,,,True,48.0,0.0,-1.4431364662334685,,,"{'const': 0.00010577065243286854, 'ar.L1': 0.2657600036419814, 'ar.L2': 0.37793370228519285, 'ma.L1': 0.6545430283524364, 'ma.L2': 0.43524255615132446, 'sigma2': 0.003265470092091369}",False,False,0.0,,,,,,,,,[],True,True,"{'const': 0.00010577065243286854, 'ar.L1': 0.2657600036419814, 'ar.L2': 0.37793370228519285, 'ma.L1': 0.6545430283524364, 'ma.L2': 0.43524255615132446, 'sigma2': 0.003265470092091369}"
Electricity-CISO,"Log weekly-difference ARIMA(2,0,2)",2025-11-04 23:00:00+00:00,26834.0,2025-11-11 23:00:00+00:00,168,26906.0,26836.838399794422,72.0,2.8383997944220027,1.0,1.0,True,1769.7927530418506,0.039078926098383975,30.89371920004487,60000,expanding,True,48.0,0.0,-1.4431364662334685,,,True,48.0,0.0,-1.4431364662334685,,,"{'const': 0.00010577065243286854, 'ar.L1': 0.2657600036419814, 'ar.L2': 0.37793370228519285, 'ma.L1': 0.6545430283524364, 'ma.L2': 0.43524255615132446, 'sigma2': 0.003265470092091369}",False,False,0.0,,,,,,,,,[],True,True,"{'const': 0.00010577065243286854, 'ar.L1': 0.2657600036419814, 'ar.L2': 0.37793370228519285, 'ma.L1': 0.6545430283524364, 'ma.L2': 0.43524255615132446, 'sigma2': 0.003265470092091369}"
Electricity-CISO,"Log weekly-difference ARIMA(2,0,2)",2025-11-11 23:00:00+00:00,26906.0,2025-11-12 00:00:00+00:00,1,27136.0,25692.795513061865,230.0,-1213.2044869381352,1.0,-1.0,False,1767.3282,0.8166024210659544,26.307028500013985,60168,expanding,True,39.0,0.0,-1.4442871288553785,,,True,39.0,0.0,-1.4442871288553785,,,"{'const': 0.00012467859796691825, 'ar.L1': 0.26586582847734874, 'ar.L2': 0.3779204067276665, 'ma.L1': 0.65440115731064, 'ma.L2': 0.4349592022513708, 'sigma2': 0.003257954141636988}",False,False,0.0,,,,,,,,,[],True,True,"{'const': 0.00012467859796691825, 'ar.L1': 0.26586582847734874, 'ar.L2': 0.3779204067276665, 'ma.L1': 0.65440115731064, 'ma.L2': 0.4349592022513708, 'sigma2': 0.003257954141636988}"
Electricity-CISO,"Log weekly-difference ARIMA(2,0,2)",2025-11-11 23:00:00+00:00,26906.0,2025-11-12 23:00:00+00:00,24,27897.0,27635.232665378375,991.0,729.2326653783748,1.0,1.0,True,1767.3282,0.14811472742958848,26.307028500013985,60168,expanding,True,39.0,0.0,-1.4442871288553785,,,True,39.0,0.0,-1.4442871288553785,,,"{'const': 0.00012467859796691825, 'ar.L1': 0.26586582847734874, 'ar.L2': 0.3779204067276665, 'ma.L1': 0.65440115731064, 'ma.L2': 0.4349592022513708, 'sigma2': 0.003257954141636988}",False,False,0.0,,,,,,,,,[],True,True,"{'const': 0.00012467859796691825, 'ar.L1': 0.26586582847734874, 'ar.L2': 0.3779204067276665, 'ma.L1': 0.65440115731064, 'ma.L2': 0.4349592022513708, 'sigma2': 0.003257954141636988}"
Electricity-CISO,"Log weekly-difference ARIMA(2,0,2)",2025-11-11 23:00:00+00:00,26906.0,2025-11-18 23:00:00+00:00,168,24486.0,26909.354811489127,-2420.0,3.3548114891273144,-1.0,1.0,False,1767.3282,1.3711968221234332,26.307028500013985,60168,expanding,True,39.0,0.0,-1.4442871288553785,,,True,39.0,0.0,-1.4442871288553785,,,"{'const': 0.00012467859796691825, 'ar.L1': 0.26586582847734874, 'ar.L2': 0.3779204067276665, 'ma.L1': 0.65440115731064, 'ma.L2': 0.4349592022513708, 'sigma2': 0.003257954141636988}",False,False,0.0,,,,,,,,,[],True,True,"{'const': 0.00012467859796691825, 'ar.L1': 0.26586582847734874, 'ar.L2': 0.3779204067276665, 'ma.L1': 0.65440115731064, 'ma.L2': 0.4349592022513708, 'sigma2': 0.003257954141636988}"
Electricity-CISO,"Log weekly-difference ARIMA(2,0,2)",2025-11-18 23:00:00+00:00,24486.0,2025-11-19 00:00:00+00:00,1,23808.0,25360.345605108792,-678.0,874.3456051087924,-1.0,1.0,False,1765.2526093604574,0.8793900639927108,29.886502200039104,60336,expanding,True,41.0,0.0,-1.445352778821719,,,True,41.0,0.0,-1.445352778821719,,,"{'const': 5.5894521444044015e-05, 'ar.L1': 0.26581141128371283, 'ar.L2': 0.3780403609647295, 'ma.L1': 0.6544514719506755, 'ma.L2': 0.4346162091116339, 'sigma2': 0.0032510228809294116}",False,False,0.0,,,,,,,,,[],True,True,"{'const': 5.5894521444044015e-05, 'ar.L1': 0.26581141128371283, 'ar.L2': 0.3780403609647295, 'ma.L1': 0.6544514719506755, 'ma.L2': 0.4346162091116339, 'sigma2': 0.0032510228809294116}"
Electricity-CISO,"Log weekly-difference ARIMA(2,0,2)",2025-11-18 23:00:00+00:00,24486.0,2025-11-19 23:00:00+00:00,24,25539.0,27894.908589205246,1053.0,3408.9085892052462,1.0,1.0,True,1765.2526093604574,1.3346013917287343,29.886502200039104,60336,expanding,True,41.0,0.0,-1.445352778821719,,,True,41.0,0.0,-1.445352778821719,,,"{'const': 5.5894521444044015e-05, 'ar.L1': 0.26581141128371283, 'ar.L2': 0.3780403609647295, 'ma.L1': 0.6544514719506755, 'ma.L2': 0.4346162091116339, 'sigma2': 0.0032510228809294116}",False,False,0.0,,,,,,,,,[],True,True,"{'const': 5.5894521444044015e-05, 'ar.L1': 0.26581141128371283, 'ar.L2': 0.3780403609647295, 'ma.L1': 0.6544514719506755, 'ma.L2': 0.4346162091116339, 'sigma2': 0.0032510228809294116}"
Electricity-CISO,"Log weekly-difference ARIMA(2,0,2)",2025-11-18 23:00:00+00:00,24486.0,2025-11-25 23:00:00+00:00,168,27170.0,24487.368671502332,2684.0,1.3686715023322904,1.0,1.0,True,1765.2526093604574,1.5196869356106333,29.886502200039104,60336,expanding,True,41.0,0.0,-1.445352778821719,,,True,41.0,0.0,-1.445352778821719,,,"{'const': 5.5894521444044015e-05, 'ar.L1': 0.26581141128371283, 'ar.L2': 0.3780403609647295, 'ma.L1': 0.6544514719506755, 'ma.L2': 0.4346162091116339, 'sigma2': 0.0032510228809294116}",False,False,0.0,,,,,,,,,[],True,True,"{'const': 5.5894521444044015e-05, 'ar.L1': 0.26581141128371283, 'ar.L2': 0.3780403609647295, 'ma.L1': 0.6544514719506755, 'ma.L2': 0.4346162091116339, 'sigma2': 0.0032510228809294116}"
Electricity-CISO,"Log weekly-difference ARIMA(2,0,2)",2025-11-25 23:00:00+00:00,27170.0,2025-11-26 00:00:00+00:00,1,26967.0,26015.831603419087,-203.0,-1154.1683965809134,-1.0,-1.0,True,1762.6296904004244,0.5396303045166749,27.406164500047453,60504,expanding,True,42.0,0.0,-1.4464261260934548,,,True,42.0,0.0,-1.4464261260934548,,,"{'const': 3.74116674343665e-05, 'ar.L1': 0.2658228221521179, 'ar.L2': 0.37814384244177146, 'ma.L1': 0.654358243336908, 'ma.L2': 0.43420495893317745, 'sigma2': 0.0032440410548340622}",False,False,0.0,,,,,,,,,[],True,True,"{'const': 3.74116674343665e-05, 'ar.L1': 0.2658228221521179, 'ar.L2': 0.37814384244177146, 'ma.L1': 0.654358243336908, 'ma.L2': 0.43420495893317745, 'sigma2': 0.0032440410548340622}"
Electricity-CISO,"Log weekly-difference ARIMA(2,0,2)",2025-11-25 23:00:00+00:00,27170.0,2025-11-26 23:00:00+00:00,24,27566.0,25544.52663216784,396.0,-1625.4733678321609,1.0,-1.0,False,1762.6296904004244,1.14685085519746,27.406164500047453,60504,expanding,True,42.0,0.0,-1.4464261260934548,,,True,42.0,0.0,-1.4464261260934548,,,"{'const': 3.74116674343665e-05, 'ar.L1': 0.2658228221521179, 'ar.L2': 0.37814384244177146, 'ma.L1': 0.654358243336908, 'ma.L2': 0.43420495893317745, 'sigma2': 0.0032440410548340622}",False,False,0.0,,,,,,,,,[],True,True,"{'const': 3.74116674343665e-05, 'ar.L1': 0.2658228221521179, 'ar.L2': 0.37814384244177146, 'ma.L1': 0.654358243336908, 'ma.L2': 0.43420495893317745, 'sigma2': 0.0032440410548340622}"
Electricity-CISO,"Log weekly-difference ARIMA(2,0,2)",2025-11-25 23:00:00+00:00,27170.0,2025-12-02 23:00:00+00:00,168,26740.0,27171.016494018477,-430.0,1.0164940184768056,-1.0,1.0,False,1762.6296904004244,0.2445303720718337,27.406164500047453,60504,expanding,True,42.0,0.0,-1.4464261260934548,,,True,42.0,0.0,-1.4464261260934548,,,"{'const': 3.74116674343665e-05, 'ar.L1': 0.2658228221521179, 'ar.L2': 0.37814384244177146, 'ma.L1': 0.654358243336908, 'ma.L2': 0.43420495893317745, 'sigma2': 0.0032440410548340622}",False,False,0.0,,,,,,,,,[],True,True,"{'const': 3.74116674343665e-05, 'ar.L1': 0.2658228221521179, 'ar.L2': 0.37814384244177146, 'ma.L1': 0.654358243336908, 'ma.L2': 0.43420495893317745, 'sigma2': 0.0032440410548340622}"
Electricity-CISO,"Log weekly-difference ARIMA(2,0,2)",2025-12-02 23:00:00+00:00,26740.0,2025-12-03 00:00:00+00:00,1,25466.0,26519.56129764982,-1274.0,-220.4387023501804,-1.0,-1.0,True,1761.4564987438846,0.5981193963070485,28.602564599947073,60672,expanding,True,44.0,0.0,-1.447502394388176,,,True,44.0,0.0,-1.447502394388176,,,"{'const': 6.811215119540801e-05, 'ar.L1': 0.265942356630896, 'ar.L2': 0.3782119019318869, 'ma.L1': 0.6543612686248883, 'ma.L2': 0.4340250797061744, 'sigma2': 0.0032370649685077666}",False,False,0.0,,,,,,,,,[],True,True,"{'const': 6.811215119540801e-05, 'ar.L1': 0.265942356630896, 'ar.L2': 0.3782119019318869, 'ma.L1': 0.6543612686248883, 'ma.L2': 0.4340250797061744, 'sigma2': 0.0032370649685077666}"
Electricity-CISO,"Log weekly-difference ARIMA(2,0,2)",2025-12-02 23:00:00+00:00,26740.0,2025-12-03 23:00:00+00:00,24,27160.0,27566.410814440496,420.0,826.4108144404963,1.0,1.0,True,1761.4564987438846,0.23072429817614723,28.602564599947073,60672,expanding,True,44.0,0.0,-1.447502394388176,,,True,44.0,0.0,-1.447502394388176,,,"{'const': 6.811215119540801e-05, 'ar.L1': 0.265942356630896, 'ar.L2': 0.3782119019318869, 'ma.L1': 0.6543612686248883, 'ma.L2': 0.4340250797061744, 'sigma2': 0.0032370649685077666}",False,False,0.0,,,,,,,,,[],True,True,"{'const': 6.811215119540801e-05, 'ar.L1': 0.265942356630896, 'ar.L2': 0.3782119019318869, 'ma.L1': 0.6543612686248883, 'ma.L2': 0.4340250797061744, 'sigma2': 0.0032370649685077666}"
Electricity-CISO,"Log weekly-difference ARIMA(2,0,2)",2025-12-02 23:00:00+00:00,26740.0,2025-12-09 23:00:00+00:00,168,29961.0,26741.821380951344,3221.0,1.821380951343599,1.0,1.0,True,1761.4564987438846,1.8275663471361856,28.602564599947073,60672,expanding,True,44.0,0.0,-1.447502394388176,,,True,44.0,0.0,-1.447502394388176,,,"{'const': 6.811215119540801e-05, 'ar.L1': 0.265942356630896, 'ar.L2': 0.3782119019318869, 'ma.L1': 0.6543612686248883, 'ma.L2': 0.4340250797061744, 'sigma2': 0.0032370649685077666}",False,False,0.0,,,,,,,,,[],True,True,"{'const': 6.811215119540801e-05, 'ar.L1': 0.265942356630896, 'ar.L2': 0.3782119019318869, 'ma.L1': 0.6543612686248883, 'ma.L2': 0.4340250797061744, 'sigma2': 0.0032370649685077666}"
Electricity-CISO,"Log weekly-difference ARIMA(2,0,2)",2025-12-09 23:00:00+00:00,29961.0,2025-12-10 00:00:00+00:00,1,27113.0,28128.661430220025,-2848.0,-1832.338569779975,-1.0,-1.0,True,1760.68756592827,0.5768550024856612,27.6574470999185,60840,expanding,True,42.0,0.0,-1.448177748709479,,,True,42.0,0.0,-1.448177748709479,,,"{'const': 0.00022350222524022414, 'ar.L1': 0.2659475941972812, 'ar.L2': 0.37851377783188844, 'ma.L1': 0.6542635267927132, 'ma.L2': 0.433185444392942, 'sigma2': 0.003232701019823329}",False,False,0.0,,,,,,,,,[],True,True,"{'const': 0.00022350222524022414, 'ar.L1': 0.2659475941972812, 'ar.L2': 0.37851377783188844, 'ma.L1': 0.6542635267927132, 'ma.L2': 0.433185444392942, 'sigma2': 0.003232701019823329}"
Electricity-CISO,"Log weekly-difference ARIMA(2,0,2)",2025-12-09 23:00:00+00:00,29961.0,2025-12-10 23:00:00+00:00,24,28595.0,27171.250540481884,-1366.0,-2789.749459518116,-1.0,-1.0,True,1760.68756592827,0.8086326541230991,27.6574470999185,60840,expanding,True,42.0,0.0,-1.448177748709479,,,True,42.0,0.0,-1.448177748709479,,,"{'const': 0.00022350222524022414, 'ar.L1': 0.2659475941972812, 'ar.L2': 0.37851377783188844, 'ma.L1': 0.6542635267927132, 'ma.L2': 0.433185444392942, 'sigma2': 0.003232701019823329}",False,False,0.0,,,,,,,,,[],True,True,"{'const': 0.00022350222524022414, 'ar.L1': 0.2659475941972812, 'ar.L2': 0.37851377783188844, 'ma.L1': 0.6542635267927132, 'ma.L2': 0.433185444392942, 'sigma2': 0.003232701019823329}"
Electricity-CISO,"Log weekly-difference ARIMA(2,0,2)",2025-12-09 23:00:00+00:00,29961.0,2025-12-16 23:00:00+00:00,168,28372.0,29967.697098550776,-1589.0,6.697098550775991,-1.0,1.0,False,1760.68756592827,0.9062920244509662,27.6574470999185,60840,expanding,True,42.0,0.0,-1.448177748709479,,,True,42.0,0.0,-1.448177748709479,,,"{'const': 0.00022350222524022414, 'ar.L1': 0.2659475941972812, 'ar.L2': 0.37851377783188844, 'ma.L1': 0.6542635267927132, 'ma.L2': 0.433185444392942, 'sigma2': 0.003232701019823329}",False,False,0.0,,,,,,,,,[],True,True,"{'const': 0.00022350222524022414, 'ar.L1': 0.2659475941972812, 'ar.L2': 0.37851377783188844, 'ma.L1': 0.6542635267927132, 'ma.L2': 0.433185444392942, 'sigma2': 0.003232701019823329}"
Electricity-CISO,"Log weekly-difference ARIMA(2,0,2)",2025-12-16 23:00:00+00:00,28372.0,2025-12-17 00:00:00+00:00,1,26215.0,25717.52830023492,-2157.0,-2654.4716997650794,-1.0,-1.0,True,1757.658530571992,0.28303091363439514,23.974693599971943,61008,expanding,True,35.0,0.0,-1.449404647171873,,,True,35.0,0.0,-1.449404647171873,,,"{'const': 0.0002828264167996045, 'ar.L1': 0.2658855163306073, 'ar.L2': 0.3786101129354849, 'ma.L1': 0.6542992341407045, 'ma.L2': 0.4330146951180328, 'sigma2': 0.003225267745560539}",False,False,0.0,,,,,,,,,[],True,True,"{'const': 0.0002828264167996045, 'ar.L1': 0.2658855163306073, 'ar.L2': 0.3786101129354849, 'ma.L1': 0.6542992341407045, 'ma.L2': 0.4330146951180328, 'sigma2': 0.003225267745560539}"
Electricity-CISO,"Log weekly-difference ARIMA(2,0,2)",2025-12-16 23:00:00+00:00,28372.0,2025-12-17 23:00:00+00:00,24,28181.0,28599.99348715598,-191.0,227.9934871559817,-1.0,1.0,False,1757.658530571992,0.2383816195627198,23.974693599971943,61008,expanding,True,35.0,0.0,-1.449404647171873,,,True,35.0,0.0,-1.449404647171873,,,"{'const': 0.0002828264167996045, 'ar.L1': 0.2658855163306073, 'ar.L2': 0.3786101129354849, 'ma.L1': 0.6542992341407045, 'ma.L2': 0.4330146951180328, 'sigma2': 0.003225267745560539}",False,False,0.0,,,,,,,,,[],True,True,"{'const': 0.0002828264167996045, 'ar.L1': 0.2658855163306073, 'ar.L2': 0.3786101129354849, 'ma.L1': 0.6542992341407045, 'ma.L2': 0.4330146951180328, 'sigma2': 0.003225267745560539}"
Electricity-CISO,"Log weekly-difference ARIMA(2,0,2)",2025-12-16 23:00:00+00:00,28372.0,2025-12-23 23:00:00+00:00,168,26207.0,28380.025485953694,-2165.0,8.025485953694442,-1.0,1.0,False,1757.658530571992,1.2363183452058406,23.974693599971943,61008,expanding,True,35.0,0.0,-1.449404647171873,,,True,35.0,0.0,-1.449404647171873,,,"{'const': 0.0002828264167996045, 'ar.L1': 0.2658855163306073, 'ar.L2': 0.3786101129354849, 'ma.L1': 0.6542992341407045, 'ma.L2': 0.4330146951180328, 'sigma2': 0.003225267745560539}",False,False,0.0,,,,,,,,,[],True,True,"{'const': 0.0002828264167996045, 'ar.L1': 0.2658855163306073, 'ar.L2': 0.3786101129354849, 'ma.L1': 0.6542992341407045, 'ma.L2': 0.4330146951180328, 'sigma2': 0.003225267745560539}"
Electricity-CISO,"Log weekly-difference ARIMA(2,0,2)",2025-12-23 23:00:00+00:00,26207.0,2025-12-24 00:00:00+00:00,1,25720.0,24701.46923710555,-487.0,-1505.5307628944502,-1.0,-1.0,True,1755.918928665093,0.58005568837325,42.55564089992549,61176,expanding,True,56.0,0.0,-1.4506120725515013,,,True,56.0,0.0,-1.4506120725515013,,,"{'const': 0.0001688438498245651, 'ar.L1': 0.2660476187330798, 'ar.L2': 0.37860818226087856, 'ma.L1': 0.6542239174958968, 'ma.L2': 0.4329105045818201, 'sigma2': 0.0032168065331080855}",False,False,0.0,,,,,,,,,[],True,True,"{'const': 0.0001688438498245651, 'ar.L1': 0.2660476187330798, 'ar.L2': 0.37860818226087856, 'ma.L1': 0.6542239174958968, 'ma.L2': 0.4329105045818201, 'sigma2': 0.0032168065331080855}"
Electricity-CISO,"Log weekly-difference ARIMA(2,0,2)",2025-12-23 23:00:00+00:00,26207.0,2025-12-24 23:00:00+00:00,24,24191.0,28182.70261113631,-2016.0,1975.7026111363084,-1.0,1.0,False,1755.918928665093,2.2732841169215776,42.55564089992549,61176,expanding,True,56.0,0.0,-1.4506120725515013,,,True,56.0,0.0,-1.4506120725515013,,,"{'const': 0.0001688438498245651, 'ar.L1': 0.2660476187330798, 'ar.L2': 0.37860818226087856, 'ma.L1': 0.6542239174958968, 'ma.L2': 0.4329105045818201, 'sigma2': 0.0032168065331080855}",False,False,0.0,,,,,,,,,[],True,True,"{'const': 0.0001688438498245651, 'ar.L1': 0.2660476187330798, 'ar.L2': 0.37860818226087856, 'ma.L1': 0.6542239174958968, 'ma.L2': 0.4329105045818201, 'sigma2': 0.0032168065331080855}"
Electricity-CISO,"Log weekly-difference ARIMA(2,0,2)",2025-12-23 23:00:00+00:00,26207.0,2025-12-30 23:00:00+00:00,168,25723.0,26211.425264351175,-484.0,4.425264351175429,-1.0,1.0,False,1755.918928665093,0.27815934800730935,42.55564089992549,61176,expanding,True,56.0,0.0,-1.4506120725515013,,,True,56.0,0.0,-1.4506120725515013,,,"{'const': 0.0001688438498245651, 'ar.L1': 0.2660476187330798, 'ar.L2': 0.37860818226087856, 'ma.L1': 0.6542239174958968, 'ma.L2': 0.4329105045818201, 'sigma2': 0.0032168065331080855}",False,False,0.0,,,,,,,,,[],True,True,"{'const': 0.0001688438498245651, 'ar.L1': 0.2660476187330798, 'ar.L2': 0.37860818226087856, 'ma.L1': 0.6542239174958968, 'ma.L2': 0.4329105045818201, 'sigma2': 0.0032168065331080855}"
Electricity-CISO,"Log weekly-difference ARIMA(2,0,2)",2025-12-30 23:00:00+00:00,25723.0,2025-12-31 00:00:00+00:00,1,25054.0,25383.795433357704,-669.0,-339.2045666422964,-1.0,-1.0,True,1755.7605106577744,0.18783622900491692,26.433244699961506,61344,expanding,True,39.0,0.0,-1.451560096087987,,,True,39.0,0.0,-1.451560096087987,,,"{'const': -2.0019454493891062e-05, 'ar.L1': 0.26623634862249773, 'ar.L2': 0.37892512092777003, 'ma.L1': 0.6541494161569864, 'ma.L2': 0.4324544443757877, 'sigma2': 0.0032109822718681446}",False,False,0.0,,,,,,,,,[],True,True,"{'const': -2.0019454493891062e-05, 'ar.L1': 0.26623634862249773, 'ar.L2': 0.37892512092777003, 'ma.L1': 0.6541494161569864, 'ma.L2': 0.4324544443757877, 'sigma2': 0.0032109822718681446}"
Electricity-CISO,"Log weekly-difference ARIMA(2,0,2)",2025-12-30 23:00:00+00:00,25723.0,2025-12-31 23:00:00+00:00,24,25340.0,24190.128899495063,-383.0,-1532.8711005049372,-1.0,-1.0,True,1755.7605106577744,0.6549134084774193,26.433244699961506,61344,expanding,True,39.0,0.0,-1.451560096087987,,,True,39.0,0.0,-1.451560096087987,,,"{'const': -2.0019454493891062e-05, 'ar.L1': 0.26623634862249773, 'ar.L2': 0.37892512092777003, 'ma.L1': 0.6541494161569864, 'ma.L2': 0.4324544443757877, 'sigma2': 0.0032109822718681446}",False,False,0.0,,,,,,,,,[],True,True,"{'const': -2.0019454493891062e-05, 'ar.L1': 0.26623634862249773, 'ar.L2': 0.37892512092777003, 'ma.L1': 0.6541494161569864, 'ma.L2': 0.4324544443757877, 'sigma2': 0.0032109822718681446}"
Electricity-CISO,"Log weekly-difference ARIMA(2,0,2)",2025-12-30 23:00:00+00:00,25723.0,2026-01-06 23:00:00+00:00,168,26456.0,25722.485044726633,733.0,-0.5149552733673772,1.0,-1.0,False,1755.7605106577744,0.4177762005813452,26.433244699961506,61344,expanding,True,39.0,0.0,-1.451560096087987,,,True,39.0,0.0,-1.451560096087987,,,"{'const': -2.0019454493891062e-05, 'ar.L1': 0.26623634862249773, 'ar.L2': 0.37892512092777003, 'ma.L1': 0.6541494161569864, 'ma.L2': 0.4324544443757877, 'sigma2': 0.0032109822718681446}",False,False,0.0,,,,,,,,,[],True,True,"{'const': -2.0019454493891062e-05, 'ar.L1': 0.26623634862249773, 'ar.L2': 0.37892512092777003, 'ma.L1': 0.6541494161569864, 'ma.L2': 0.4324544443757877, 'sigma2': 0.0032109822718681446}"
Electricity-CISO,"Log weekly-difference ARIMA(2,0,2)",2026-01-06 23:00:00+00:00,26456.0,2026-01-07 00:00:00+00:00,1,24036.0,25120.839535325955,-2420.0,-1335.1604646740452,-1.0,-1.0,True,1752.9342070944183,0.618870651810791,28.081506899907254,61512,expanding,True,41.0,0.0,-1.4526121034055728,,,True,41.0,0.0,-1.4526121034055728,,,"{'const': 1.4245415330827037e-05, 'ar.L1': 0.2662416244636284, 'ar.L2': 0.37896765260871795, 'ma.L1': 0.6540528438140392, 'ma.L2': 0.43206075385420534, 'sigma2': 0.0032041745733054185}",False,False,0.0,,,,,,,,,[],True,True,"{'const': 1.4245415330827037e-05, 'ar.L1': 0.2662416244636284, 'ar.L2': 0.37896765260871795, 'ma.L1': 0.6540528438140392, 'ma.L2': 0.43206075385420534, 'sigma2': 0.0032041745733054185}"
Electricity-CISO,"Log weekly-difference ARIMA(2,0,2)",2026-01-06 23:00:00+00:00,26456.0,2026-01-07 23:00:00+00:00,24,26251.0,25339.781411984946,-205.0,-1116.2185880150537,-1.0,-1.0,True,1752.9342070944183,0.519824751167043,28.081506899907254,61512,expanding,True,41.0,0.0,-1.4526121034055728,,,True,41.0,0.0,-1.4526121034055728,,,"{'const': 1.4245415330827037e-05, 'ar.L1': 0.2662416244636284, 'ar.L2': 0.37896765260871795, 'ma.L1': 0.6540528438140392, 'ma.L2': 0.43206075385420534, 'sigma2': 0.0032041745733054185}",False,False,0.0,,,,,,,,,[],True,True,"{'const': 1.4245415330827037e-05, 'ar.L1': 0.2662416244636284, 'ar.L2': 0.37896765260871795, 'ma.L1': 0.6540528438140392, 'ma.L2': 0.43206075385420534, 'sigma2': 0.0032041745733054185}"
Electricity-CISO,"Log weekly-difference ARIMA(2,0,2)",2026-01-06 23:00:00+00:00,26456.0,2026-01-13 23:00:00+00:00,168,26867.0,26456.37687939237,411.0,0.37687939237002865,1.0,1.0,True,1752.9342070944183,0.2342490202688552,28.081506899907254,61512,expanding,True,41.0,0.0,-1.4526121034055728,,,True,41.0,0.0,-1.4526121034055728,,,"{'const': 1.4245415330827037e-05, 'ar.L1': 0.2662416244636284, 'ar.L2': 0.37896765260871795, 'ma.L1': 0.6540528438140392, 'ma.L2': 0.43206075385420534, 'sigma2': 0.0032041745733054185}",False,False,0.0,,,,,,,,,[],True,True,"{'const': 1.4245415330827037e-05, 'ar.L1': 0.2662416244636284, 'ar.L2': 0.37896765260871795, 'ma.L1': 0.6540528438140392, 'ma.L2': 0.43206075385420534, 'sigma2': 0.0032041745733054185}"
Electricity-CISO,"Log weekly-difference ARIMA(2,0,2)",2026-01-13 23:00:00+00:00,26867.0,2026-01-14 00:00:00+00:00,1,24880.0,24639.916388985625,-1987.0,-2227.0836110143755,-1.0,-1.0,True,1752.3274645597608,0.13700841644611897,28.046543600037694,61680,expanding,True,35.0,0.0,-1.4535624008482282,,,True,35.0,0.0,-1.4535624008482282,,,"{'const': 0.00014652192292036265, 'ar.L1': 0.266366030359176, 'ar.L2': 0.3791480722013374, 'ma.L1': 0.6541219214437911, 'ma.L2': 0.4318361823326871, 'sigma2': 0.003198126198020903}",False,False,0.0,,,,,,,,,[],True,True,"{'const': 0.00014652192292036265, 'ar.L1': 0.266366030359176, 'ar.L2': 0.3791480722013374, 'ma.L1': 0.6541219214437911, 'ma.L2': 0.4318361823326871, 'sigma2': 0.003198126198020903}"
Electricity-CISO,"Log weekly-difference ARIMA(2,0,2)",2026-01-13 23:00:00+00:00,26867.0,2026-01-14 23:00:00+00:00,24,28178.0,26256.027972819764,1311.0,-610.9720271802362,1.0,-1.0,False,1752.3274645597608,1.0968109934081844,28.046543600037694,61680,expanding,True,35.0,0.0,-1.4535624008482282,,,True,35.0,0.0,-1.4535624008482282,,,"{'const': 0.00014652192292036265, 'ar.L1': 0.266366030359176, 'ar.L2': 0.3791480722013374, 'ma.L1': 0.6541219214437911, 'ma.L2': 0.4318361823326871, 'sigma2': 0.003198126198020903}",False,False,0.0,,,,,,,,,[],True,True,"{'const': 0.00014652192292036265, 'ar.L1': 0.266366030359176, 'ar.L2': 0.3791480722013374, 'ma.L1': 0.6541219214437911, 'ma.L2': 0.4318361823326871, 'sigma2': 0.003198126198020903}"
Electricity-CISO,"Log weekly-difference ARIMA(2,0,2)",2026-01-13 23:00:00+00:00,26867.0,2026-01-20 23:00:00+00:00,168,28012.0,26870.936892916627,1145.0,3.9368929166266753,1.0,1.0,True,1752.3274645597608,0.6511700182534341,28.046543600037694,61680,expanding,True,35.0,0.0,-1.4535624008482282,,,True,35.0,0.0,-1.4535624008482282,,,"{'const': 0.00014652192292036265, 'ar.L1': 0.266366030359176, 'ar.L2': 0.3791480722013374, 'ma.L1': 0.6541219214437911, 'ma.L2': 0.4318361823326871, 'sigma2': 0.003198126198020903}",False,False,0.0,,,,,,,,,[],True,True,"{'const': 0.00014652192292036265, 'ar.L1': 0.266366030359176, 'ar.L2': 0.3791480722013374, 'ma.L1': 0.6541219214437911, 'ma.L2': 0.4318361823326871, 'sigma2': 0.003198126198020903}"
Electricity-CISO,"Log weekly-difference ARIMA(2,0,2)",2026-01-20 23:00:00+00:00,28012.0,2026-01-21 00:00:00+00:00,1,25822.0,25970.88266010658,-2190.0,-2041.1173398934188,-1.0,-1.0,True,1750.1122568093385,0.08507034878894675,27.620586199918762,61848,expanding,True,37.0,0.0,-1.4546969780434666,,,True,37.0,0.0,-1.4546969780434666,,,"{'const': 0.00010024306535767426, 'ar.L1': 0.26642439642174826, 'ar.L2': 0.37919139899772963, 'ma.L1': 0.6540551023351511, 'ma.L2': 0.43159164726871363, 'sigma2': 0.0031908229892898465}",False,False,0.0,,,,,,,,,[],True,True,"{'const': 0.00010024306535767426, 'ar.L1': 0.26642439642174826, 'ar.L2': 0.37919139899772963, 'ma.L1': 0.6540551023351511, 'ma.L2': 0.43159164726871363, 'sigma2': 0.0031908229892898465}"
Electricity-CISO,"Log weekly-difference ARIMA(2,0,2)",2026-01-20 23:00:00+00:00,28012.0,2026-01-21 23:00:00+00:00,24,25916.0,28183.792943004697,-2096.0,171.792943004697,-1.0,1.0,False,1750.1122568093385,1.295798560453003,27.620586199918762,61848,expanding,True,37.0,0.0,-1.4546969780434666,,,True,37.0,0.0,-1.4546969780434666,,,"{'const': 0.00010024306535767426, 'ar.L1': 0.26642439642174826, 'ar.L2': 0.37919139899772963, 'ma.L1': 0.6540551023351511, 'ma.L2': 0.43159164726871363, 'sigma2': 0.0031908229892898465}",False,False,0.0,,,,,,,,,[],True,True,"{'const': 0.00010024306535767426, 'ar.L1': 0.26642439642174826, 'ar.L2': 0.37919139899772963, 'ma.L1': 0.6540551023351511, 'ma.L2': 0.43159164726871363, 'sigma2': 0.0031908229892898465}"
Electricity-CISO,"Log weekly-difference ARIMA(2,0,2)",2026-01-20 23:00:00+00:00,28012.0,2026-01-27 23:00:00+00:00,168,27965.0,28014.808149493212,-47.0,2.808149493212113,-1.0,1.0,False,1750.1122568093385,0.02845997409561502,27.620586199918762,61848,expanding,True,37.0,0.0,-1.4546969780434666,,,True,37.0,0.0,-1.4546969780434666,,,"{'const': 0.00010024306535767426, 'ar.L1': 0.26642439642174826, 'ar.L2': 0.37919139899772963, 'ma.L1': 0.6540551023351511, 'ma.L2': 0.43159164726871363, 'sigma2': 0.0031908229892898465}",False,False,0.0,,,,,,,,,[],True,True,"{'const': 0.00010024306535767426, 'ar.L1': 0.26642439642174826, 'ar.L2': 0.37919139899772963, 'ma.L1': 0.6540551023351511, 'ma.L2': 0.43159164726871363, 'sigma2': 0.0031908229892898465}"
Electricity-CISO,"Log weekly-difference ARIMA(2,0,2)",2026-01-27 23:00:00+00:00,27965.0,2026-01-28 00:00:00+00:00,1,26300.0,26062.734684425726,-1665.0,-1902.2653155742737,-1.0,-1.0,True,1747.5534212909067,0.13576999288468522,32.31681300001219,62016,expanding,True,48.0,0.0,-1.4548800563085322,,,True,48.0,0.0,-1.4548800563085322,,,"{'const': 0.0001326398678852703, 'ar.L1': 0.26642364097398696, 'ar.L2': 0.3793827901996245, 'ma.L1': 0.6529591377095199, 'ma.L2': 0.42985193710288416, 'sigma2': 0.003189744864855578}",False,False,0.0,,,,,,,,,[],True,True,"{'const': 0.0001326398678852703, 'ar.L1': 0.26642364097398696, 'ar.L2': 0.3793827901996245, 'ma.L1': 0.6529591377095199, 'ma.L2': 0.42985193710288416, 'sigma2': 0.003189744864855578}"
Electricity-CISO,"Log weekly-difference ARIMA(2,0,2)",2026-01-27 23:00:00+00:00,27965.0,2026-01-28 23:00:00+00:00,24,27357.0,25920.155634405397,-608.0,-2044.844365594603,-1.0,-1.0,True,1747.5534212909067,0.8222034005307919,32.31681300001219,62016,expanding,True,48.0,0.0,-1.4548800563085322,,,True,48.0,0.0,-1.4548800563085322,,,"{'const': 0.0001326398678852703, 'ar.L1': 0.26642364097398696, 'ar.L2': 0.3793827901996245, 'ma.L1': 0.6529591377095199, 'ma.L2': 0.42985193710288416, 'sigma2': 0.003189744864855578}",False,False,0.0,,,,,,,,,[],True,True,"{'const': 0.0001326398678852703, 'ar.L1': 0.26642364097398696, 'ar.L2': 0.3793827901996245, 'ma.L1': 0.6529591377095199, 'ma.L2': 0.42985193710288416, 'sigma2': 0.003189744864855578}"
Electricity-CISO,"Log weekly-difference ARIMA(2,0,2)",2026-01-27 23:00:00+00:00,27965.0,2026-02-03 23:00:00+00:00,168,26913.0,27968.70951991508,-1052.0,3.7095199150789995,-1.0,1.0,False,1747.5534212909067,0.6041071517775022,32.31681300001219,62016,expanding,True,48.0,0.0,-1.4548800563085322,,,True,48.0,0.0,-1.4548800563085322,,,"{'const': 0.0001326398678852703, 'ar.L1': 0.26642364097398696, 'ar.L2': 0.3793827901996245, 'ma.L1': 0.6529591377095199, 'ma.L2': 0.42985193710288416, 'sigma2': 0.003189744864855578}",False,False,0.0,,,,,,,,,[],True,True,"{'const': 0.0001326398678852703, 'ar.L1': 0.26642364097398696, 'ar.L2': 0.3793827901996245, 'ma.L1': 0.6529591377095199, 'ma.L2': 0.42985193710288416, 'sigma2': 0.003189744864855578}"
Electricity-CISO,"Log weekly-difference ARIMA(2,0,2)",2026-02-03 23:00:00+00:00,26913.0,2026-02-04 00:00:00+00:00,1,24948.0,25230.36620906845,-1965.0,-1682.6337909315516,-1.0,-1.0,True,1745.1919343395252,0.1617966502780744,24.867315899929963,62184,expanding,True,36.0,0.0,-1.4544343293506894,,,True,36.0,0.0,-1.4544343293506894,,,"{'const': 6.262141667470981e-05, 'ar.L1': 0.26593760658835, 'ar.L2': 0.3802436445128065, 'ma.L1': 0.6517997364474075, 'ma.L2': 0.42697241279546083, 'sigma2': 0.0031925510110429175}",False,False,0.0,,,,,,,,,[],True,True,"{'const': 6.262141667470981e-05, 'ar.L1': 0.26593760658835, 'ar.L2': 0.3802436445128065, 'ma.L1': 0.6517997364474075, 'ma.L2': 0.42697241279546083, 'sigma2': 0.0031925510110429175}"
Electricity-CISO,"Log weekly-difference ARIMA(2,0,2)",2026-02-03 23:00:00+00:00,26913.0,2026-02-04 23:00:00+00:00,24,26073.0,27356.084113019573,-840.0,443.0841130195731,-1.0,1.0,False,1745.1919343395252,0.7352108887124563,24.867315899929963,62184,expanding,True,36.0,0.0,-1.4544343293506894,,,True,36.0,0.0,-1.4544343293506894,,,"{'const': 6.262141667470981e-05, 'ar.L1': 0.26593760658835, 'ar.L2': 0.3802436445128065, 'ma.L1': 0.6517997364474075, 'ma.L2': 0.42697241279546083, 'sigma2': 0.0031925510110429175}",False,False,0.0,,,,,,,,,[],True,True,"{'const': 6.262141667470981e-05, 'ar.L1': 0.26593760658835, 'ar.L2': 0.3802436445128065, 'ma.L1': 0.6517997364474075, 'ma.L2': 0.42697241279546083, 'sigma2': 0.0031925510110429175}"
Electricity-CISO,"Log weekly-difference ARIMA(2,0,2)",2026-02-03 23:00:00+00:00,26913.0,2026-02-10 23:00:00+00:00,168,27301.0,26914.68538295693,388.0,1.6853829569299705,1.0,1.0,True,1745.1919343395252,0.22135938714916897,24.867315899929963,62184,expanding,True,36.0,0.0,-1.4544343293506894,,,True,36.0,0.0,-1.4544343293506894,,,"{'const': 6.262141667470981e-05, 'ar.L1': 0.26593760658835, 'ar.L2': 0.3802436445128065, 'ma.L1': 0.6517997364474075, 'ma.L2': 0.42697241279546083, 'sigma2': 0.0031925510110429175}",False,False,0.0,,,,,,,,,[],True,True,"{'const': 6.262141667470981e-05, 'ar.L1': 0.26593760658835, 'ar.L2': 0.3802436445128065, 'ma.L1': 0.6517997364474075, 'ma.L2': 0.42697241279546083, 'sigma2': 0.0031925510110429175}"
Electricity-CISO,"Log weekly-difference ARIMA(2,0,2)",2026-02-10 23:00:00+00:00,27301.0,2026-02-11 00:00:00+00:00,1,25861.0,25113.14199505885,-1440.0,-2187.8580049411503,-1.0,-1.0,True,1742.7632670783482,0.429121969155854,28.447246499941684,62352,expanding,True,43.0,0.0,-1.4550542520654082,,,True,43.0,0.0,-1.4550542520654082,,,"{'const': 4.6178196354241215e-06, 'ar.L1': 0.26568674269330383, 'ar.L2': 0.38055539440854047, 'ma.L1': 0.6516346012022823, 'ma.L2': 0.4259803809876704, 'sigma2': 0.0031885445762134044}",False,False,0.0,,,,,,,,,[],True,True,"{'const': 4.6178196354241215e-06, 'ar.L1': 0.26568674269330383, 'ar.L2': 0.38055539440854047, 'ma.L1': 0.6516346012022823, 'ma.L2': 0.4259803809876704, 'sigma2': 0.0031885445762134044}"
Electricity-CISO,"Log weekly-difference ARIMA(2,0,2)",2026-02-10 23:00:00+00:00,27301.0,2026-02-11 23:00:00+00:00,24,27263.0,26072.58810594098,-38.0,-1228.4118940590197,-1.0,-1.0,True,1742.7632670783482,0.6830600096676832,28.447246499941684,62352,expanding,True,43.0,0.0,-1.4550542520654082,,,True,43.0,0.0,-1.4550542520654082,,,"{'const': 4.6178196354241215e-06, 'ar.L1': 0.26568674269330383, 'ar.L2': 0.38055539440854047, 'ma.L1': 0.6516346012022823, 'ma.L2': 0.4259803809876704, 'sigma2': 0.0031885445762134044}",False,False,0.0,,,,,,,,,[],True,True,"{'const': 4.6178196354241215e-06, 'ar.L1': 0.26568674269330383, 'ar.L2': 0.38055539440854047, 'ma.L1': 0.6516346012022823, 'ma.L2': 0.4259803809876704, 'sigma2': 0.0031885445762134044}"
Electricity-CISO,"Log weekly-difference ARIMA(2,0,2)",2026-02-10 23:00:00+00:00,27301.0,2026-02-17 23:00:00+00:00,168,27839.0,27301.126071384948,538.0,0.1260713849478634,1.0,1.0,True,1742.7632670783482,0.3086328124856394,28.447246499941684,62352,expanding,True,43.0,0.0,-1.4550542520654082,,,True,43.0,0.0,-1.4550542520654082,,,"{'const': 4.6178196354241215e-06, 'ar.L1': 0.26568674269330383, 'ar.L2': 0.38055539440854047, 'ma.L1': 0.6516346012022823, 'ma.L2': 0.4259803809876704, 'sigma2': 0.0031885445762134044}",False,False,0.0,,,,,,,,,[],True,True,"{'const': 4.6178196354241215e-06, 'ar.L1': 0.26568674269330383, 'ar.L2': 0.38055539440854047, 'ma.L1': 0.6516346012022823, 'ma.L2': 0.4259803809876704, 'sigma2': 0.0031885445762134044}"
Electricity-CISO,"Log weekly-difference ARIMA(2,0,2)",2026-02-17 23:00:00+00:00,27839.0,2026-02-18 00:00:00+00:00,1,27396.0,26107.825921389238,-443.0,-1731.174078610762,-1.0,-1.0,True,1740.553999871696,0.74009429107383,28.94250609993469,62520,expanding,True,43.0,0.0,-1.4560237917234486,,,True,43.0,0.0,-1.4560237917234486,,,"{'const': 3.2407393498727394e-05, 'ar.L1': 0.26575087113093276, 'ar.L2': 0.3805154046637126, 'ma.L1': 0.6515613983609544, 'ma.L2': 0.4257327913165521, 'sigma2': 0.003182365961933136}",False,False,0.0,,,,,,,,,[],True,True,"{'const': 3.2407393498727394e-05, 'ar.L1': 0.26575087113093276, 'ar.L2': 0.3805154046637126, 'ma.L1': 0.6515613983609544, 'ma.L2': 0.4257327913165521, 'sigma2': 0.003182365961933136}"
Electricity-CISO,"Log weekly-difference ARIMA(2,0,2)",2026-02-17 23:00:00+00:00,27839.0,2026-02-18 23:00:00+00:00,24,25999.0,27265.526160240865,-1840.0,-573.4738397591354,-1.0,-1.0,True,1740.553999871696,0.7276569186214422,28.94250609993469,62520,expanding,True,43.0,0.0,-1.4560237917234486,,,True,43.0,0.0,-1.4560237917234486,,,"{'const': 3.2407393498727394e-05, 'ar.L1': 0.26575087113093276, 'ar.L2': 0.3805154046637126, 'ma.L1': 0.6515613983609544, 'ma.L2': 0.4257327913165521, 'sigma2': 0.003182365961933136}",False,False,0.0,,,,,,,,,[],True,True,"{'const': 3.2407393498727394e-05, 'ar.L1': 0.26575087113093276, 'ar.L2': 0.3805154046637126, 'ma.L1': 0.6515613983609544, 'ma.L2': 0.4257327913165521, 'sigma2': 0.003182365961933136}"
Electricity-CISO,"Log weekly-difference ARIMA(2,0,2)",2026-02-17 23:00:00+00:00,27839.0,2026-02-24 23:00:00+00:00,168,27386.0,27839.902204046575,-453.0,0.902204046575207,-1.0,1.0,False,1740.553999871696,0.2607803056268489,28.94250609993469,62520,expanding,True,43.0,0.0,-1.4560237917234486,,,True,43.0,0.0,-1.4560237917234486,,,"{'const': 3.2407393498727394e-05, 'ar.L1': 0.26575087113093276, 'ar.L2': 0.3805154046637126, 'ma.L1': 0.6515613983609544, 'ma.L2': 0.4257327913165521, 'sigma2': 0.003182365961933136}",False,False,0.0,,,,,,,,,[],True,True,"{'const': 3.2407393498727394e-05, 'ar.L1': 0.26575087113093276, 'ar.L2': 0.3805154046637126, 'ma.L1': 0.6515613983609544, 'ma.L2': 0.4257327913165521, 'sigma2': 0.003182365961933136}"
Electricity-CISO,"Log weekly-difference ARIMA(2,0,2)",2026-02-24 23:00:00+00:00,27386.0,2026-02-25 00:00:00+00:00,1,26262.0,27478.829727392465,-1124.0,92.82972739246543,-1.0,1.0,False,1740.8144593730005,0.699000241433391,31.17440339992754,62688,expanding,True,46.0,0.0,-1.4569413792698898,,,True,46.0,0.0,-1.4569413792698898,,,"{'const': 0.0001311741764606325, 'ar.L1': 0.2659364211015051, 'ar.L2': 0.38071433231811486, 'ma.L1': 0.6515459210473435, 'ma.L2': 0.4253638895036228, 'sigma2': 0.003176530724570166}",False,False,0.0,,,,,,,,,[],True,True,"{'const': 0.0001311741764606325, 'ar.L1': 0.2659364211015051, 'ar.L2': 0.38071433231811486, 'ma.L1': 0.6515459210473435, 'ma.L2': 0.4253638895036228, 'sigma2': 0.003176530724570166}"
Electricity-CISO,"Log weekly-difference ARIMA(2,0,2)",2026-02-24 23:00:00+00:00,27386.0,2026-02-25 23:00:00+00:00,24,27253.0,26002.077792428805,-133.0,-1383.922207571195,-1.0,-1.0,True,1740.8144593730005,0.7185844538663512,31.17440339992754,62688,expanding,True,46.0,0.0,-1.4569413792698898,,,True,46.0,0.0,-1.4569413792698898,,,"{'const': 0.0001311741764606325, 'ar.L1': 0.2659364211015051, 'ar.L2': 0.38071433231811486, 'ma.L1': 0.6515459210473435, 'ma.L2': 0.4253638895036228, 'sigma2': 0.003176530724570166}",False,False,0.0,,,,,,,,,[],True,True,"{'const': 0.0001311741764606325, 'ar.L1': 0.2659364211015051, 'ar.L2': 0.38071433231811486, 'ma.L1': 0.6515459210473435, 'ma.L2': 0.4253638895036228, 'sigma2': 0.003176530724570166}"
Electricity-CISO,"Log weekly-difference ARIMA(2,0,2)",2026-02-24 23:00:00+00:00,27386.0,2026-03-03 23:00:00+00:00,168,22803.0,27389.592571617755,-4583.0,3.5925716177553113,-1.0,1.0,False,1740.8144593730005,2.6347394731944815,31.17440339992754,62688,expanding,True,46.0,0.0,-1.4569413792698898,,,True,46.0,0.0,-1.4569413792698898,,,"{'const': 0.0001311741764606325, 'ar.L1': 0.2659364211015051, 'ar.L2': 0.38071433231811486, 'ma.L1': 0.6515459210473435, 'ma.L2': 0.4253638895036228, 'sigma2': 0.003176530724570166}",False,False,0.0,,,,,,,,,[],True,True,"{'const': 0.0001311741764606325, 'ar.L1': 0.2659364211015051, 'ar.L2': 0.38071433231811486, 'ma.L1': 0.6515459210473435, 'ma.L2': 0.4253638895036228, 'sigma2': 0.003176530724570166}"
Electricity-CISO,"Log weekly-difference ARIMA(2,0,2)",2026-03-03 23:00:00+00:00,22803.0,2026-03-04 00:00:00+00:00,1,22559.0,22110.776966346937,-244.0,-692.2230336530629,-1.0,-1.0,True,1740.8347690148034,0.2574759199615063,37.44703300006222,62856,expanding,True,54.0,0.0,-1.4577877545283806,,,True,54.0,0.0,-1.4577877545283806,,,"{'const': 3.584927998200816e-05, 'ar.L1': 0.2661507532044469, 'ar.L2': 0.38088324290321196, 'ma.L1': 0.6515493578316118, 'ma.L2': 0.4250530952279521, 'sigma2': 0.0031711587474801003}",False,False,0.0,,,,,,,,,[],True,True,"{'const': 3.584927998200816e-05, 'ar.L1': 0.2661507532044469, 'ar.L2': 0.38088324290321196, 'ma.L1': 0.6515493578316118, 'ma.L2': 0.4250530952279521, 'sigma2': 0.0031711587474801003}"
Electricity-CISO,"Log weekly-difference ARIMA(2,0,2)",2026-03-03 23:00:00+00:00,22803.0,2026-03-04 23:00:00+00:00,24,23574.0,27245.030611232683,771.0,4442.030611232683,1.0,1.0,True,1740.8347690148034,2.1087760174449195,37.44703300006222,62856,expanding,True,54.0,0.0,-1.4577877545283806,,,True,54.0,0.0,-1.4577877545283806,,,"{'const': 3.584927998200816e-05, 'ar.L1': 0.2661507532044469, 'ar.L2': 0.38088324290321196, 'ma.L1': 0.6515493578316118, 'ma.L2': 0.4250530952279521, 'sigma2': 0.0031711587474801003}",False,False,0.0,,,,,,,,,[],True,True,"{'const': 3.584927998200816e-05, 'ar.L1': 0.2661507532044469, 'ar.L2': 0.38088324290321196, 'ma.L1': 0.6515493578316118, 'ma.L2': 0.4250530952279521, 'sigma2': 0.0031711587474801003}"
Electricity-CISO,"Log weekly-difference ARIMA(2,0,2)",2026-03-03 23:00:00+00:00,22803.0,2026-03-10 23:00:00+00:00,168,25090.0,22803.817485784475,2287.0,0.8174857844751386,1.0,1.0,True,1740.8347690148034,1.3132679533447922,37.44703300006222,62856,expanding,True,54.0,0.0,-1.4577877545283806,,,True,54.0,0.0,-1.4577877545283806,,,"{'const': 3.584927998200816e-05, 'ar.L1': 0.2661507532044469, 'ar.L2': 0.38088324290321196, 'ma.L1': 0.6515493578316118, 'ma.L2': 0.4250530952279521, 'sigma2': 0.0031711587474801003}",False,False,0.0,,,,,,,,,[],True,True,"{'const': 3.584927998200816e-05, 'ar.L1': 0.2661507532044469, 'ar.L2': 0.38088324290321196, 'ma.L1': 0.6515493578316118, 'ma.L2': 0.4250530952279521, 'sigma2': 0.0031711587474801003}"
Electricity-CISO,"Log weekly-difference ARIMA(2,0,2)",2026-03-10 23:00:00+00:00,25090.0,2026-03-11 00:00:00+00:00,1,24161.0,24393.32387872786,-929.0,-696.6761212721394,-1.0,-1.0,True,1739.5570192185312,0.13355347146495286,32.793680600007065,63024,expanding,True,43.0,0.0,-1.4587191379365287,,,True,43.0,0.0,-1.4587191379365287,,,"{'const': -4.021157703329721e-05, 'ar.L1': 0.26630544989140537, 'ar.L2': 0.38090848633945795, 'ma.L1': 0.6514657009478116, 'ma.L2': 0.4247978665054457, 'sigma2': 0.003165269807607254}",False,False,0.0,,,,,,,,,[],True,True,"{'const': -4.021157703329721e-05, 'ar.L1': 0.26630544989140537, 'ar.L2': 0.38090848633945795, 'ma.L1': 0.6514657009478116, 'ma.L2': 0.4247978665054457, 'sigma2': 0.003165269807607254}"
Electricity-CISO,"Log weekly-difference ARIMA(2,0,2)",2026-03-10 23:00:00+00:00,25090.0,2026-03-11 23:00:00+00:00,24,23454.0,23576.62143626266,-1636.0,-1513.3785637373403,-1.0,-1.0,True,1739.5570192185312,0.07049003562857943,32.793680600007065,63024,expanding,True,43.0,0.0,-1.4587191379365287,,,True,43.0,0.0,-1.4587191379365287,,,"{'const': -4.021157703329721e-05, 'ar.L1': 0.26630544989140537, 'ar.L2': 0.38090848633945795, 'ma.L1': 0.6514657009478116, 'ma.L2': 0.4247978665054457, 'sigma2': 0.003165269807607254}",False,False,0.0,,,,,,,,,[],True,True,"{'const': -4.021157703329721e-05, 'ar.L1': 0.26630544989140537, 'ar.L2': 0.38090848633945795, 'ma.L1': 0.6514657009478116, 'ma.L2': 0.4247978665054457, 'sigma2': 0.003165269807607254}"
Electricity-CISO,"Log weekly-difference ARIMA(2,0,2)",2026-03-10 23:00:00+00:00,25090.0,2026-03-17 23:00:00+00:00,168,30866.0,25088.991111816875,5776.0,-1.0088881831252365,1.0,-1.0,False,1739.5570192185312,3.320965524187506,32.793680600007065,63024,expanding,True,43.0,0.0,-1.4587191379365287,,,True,43.0,0.0,-1.4587191379365287,,,"{'const': -4.021157703329721e-05, 'ar.L1': 0.26630544989140537, 'ar.L2': 0.38090848633945795, 'ma.L1': 0.6514657009478116, 'ma.L2': 0.4247978665054457, 'sigma2': 0.003165269807607254}",False,False,0.0,,,,,,,,,[],True,True,"{'const': -4.021157703329721e-05, 'ar.L1': 0.26630544989140537, 'ar.L2': 0.38090848633945795, 'ma.L1': 0.6514657009478116, 'ma.L2': 0.4247978665054457, 'sigma2': 0.003165269807607254}"
Electricity-CISO,"Log weekly-difference ARIMA(2,0,2)",2026-03-17 23:00:00+00:00,30866.0,2026-03-18 00:00:00+00:00,1,32455.0,29479.352271256954,1589.0,-1386.6477287430462,1.0,-1.0,False,1738.9104785478548,1.7112138695190204,26.607923100003973,63192,expanding,True,38.0,0.0,-1.4596797317432024,,,True,38.0,0.0,-1.4596797317432024,,,"{'const': 0.00010442395462336077, 'ar.L1': 0.26656885331279023, 'ar.L2': 0.38103641451494036, 'ma.L1': 0.651331542766647, 'ma.L2': 0.4245238893647681, 'sigma2': 0.003159191714573228}",False,False,0.0,,,,,,,,,[],True,True,"{'const': 0.00010442395462336077, 'ar.L1': 0.26656885331279023, 'ar.L2': 0.38103641451494036, 'ma.L1': 0.651331542766647, 'ma.L2': 0.4245238893647681, 'sigma2': 0.003159191714573228}"
Electricity-CISO,"Log weekly-difference ARIMA(2,0,2)",2026-03-17 23:00:00+00:00,30866.0,2026-03-18 23:00:00+00:00,24,32357.0,23466.678804346666,1491.0,-7399.321195653334,1.0,-1.0,False,1738.9104785478548,5.112581300376972,26.607923100003973,63192,expanding,True,38.0,0.0,-1.4596797317432024,,,True,38.0,0.0,-1.4596797317432024,,,"{'const': 0.00010442395462336077, 'ar.L1': 0.26656885331279023, 'ar.L2': 0.38103641451494036, 'ma.L1': 0.651331542766647, 'ma.L2': 0.4245238893647681, 'sigma2': 0.003159191714573228}",False,False,0.0,,,,,,,,,[],True,True,"{'const': 0.00010442395462336077, 'ar.L1': 0.26656885331279023, 'ar.L2': 0.38103641451494036, 'ma.L1': 0.651331542766647, 'ma.L2': 0.4245238893647681, 'sigma2': 0.003159191714573228}"
Electricity-CISO,"Log weekly-difference ARIMA(2,0,2)",2026-03-17 23:00:00+00:00,30866.0,2026-03-24 23:00:00+00:00,168,27260.0,30869.223318076252,-3606.0,3.223318076252326,-1.0,1.0,False,1738.9104785478548,2.0755659147504106,26.607923100003973,63192,expanding,True,38.0,0.0,-1.4596797317432024,,,True,38.0,0.0,-1.4596797317432024,,,"{'const': 0.00010442395462336077, 'ar.L1': 0.26656885331279023, 'ar.L2': 0.38103641451494036, 'ma.L1': 0.651331542766647, 'ma.L2': 0.4245238893647681, 'sigma2': 0.003159191714573228}",False,False,0.0,,,,,,,,,[],True,True,"{'const': 0.00010442395462336077, 'ar.L1': 0.26656885331279023, 'ar.L2': 0.38103641451494036, 'ma.L1': 0.651331542766647, 'ma.L2': 0.4245238893647681, 'sigma2': 0.003159191714573228}"
Electricity-CISO,"Log weekly-difference ARIMA(2,0,2)",2026-03-24 23:00:00+00:00,27260.0,2026-03-25 00:00:00+00:00,1,27338.0,28400.417050612592,78.0,1140.417050612592,1.0,1.0,True,1742.1433884035953,0.6098332994198215,28.920188100077212,63360,expanding,True,42.0,0.0,-1.4604740570202024,,,True,42.0,0.0,-1.4604740570202024,,,"{'const': 0.00033898793231061723, 'ar.L1': 0.26709131800432295, 'ar.L2': 0.3816938605959152, 'ma.L1': 0.6513282836762189, 'ma.L2': 0.42398939545563785, 'sigma2': 0.0031540949652866038}",False,False,0.0,,,,,,,,,[],True,True,"{'const': 0.00033898793231061723, 'ar.L1': 0.26709131800432295, 'ar.L2': 0.3816938605959152, 'ma.L1': 0.6513282836762189, 'ma.L2': 0.42398939545563785, 'sigma2': 0.0031540949652866038}"
Electricity-CISO,"Log weekly-difference ARIMA(2,0,2)",2026-03-24 23:00:00+00:00,27260.0,2026-03-25 23:00:00+00:00,24,26922.0,32358.15495857235,-338.0,5098.1549585723515,-1.0,1.0,False,1742.1433884035953,3.1203831985114303,28.920188100077212,63360,expanding,True,42.0,0.0,-1.4604740570202024,,,True,42.0,0.0,-1.4604740570202024,,,"{'const': 0.00033898793231061723, 'ar.L1': 0.26709131800432295, 'ar.L2': 0.3816938605959152, 'ma.L1': 0.6513282836762189, 'ma.L2': 0.42398939545563785, 'sigma2': 0.0031540949652866038}",False,False,0.0,,,,,,,,,[],True,True,"{'const': 0.00033898793231061723, 'ar.L1': 0.26709131800432295, 'ar.L2': 0.3816938605959152, 'ma.L1': 0.6513282836762189, 'ma.L2': 0.42398939545563785, 'sigma2': 0.0031540949652866038}"
Electricity-CISO,"Log weekly-difference ARIMA(2,0,2)",2026-03-24 23:00:00+00:00,27260.0,2026-03-31 23:00:00+00:00,168,26763.0,27269.242377473533,-497.0,9.242377473532542,-1.0,1.0,False,1742.1433884035953,0.2905859419168851,28.920188100077212,63360,expanding,True,42.0,0.0,-1.4604740570202024,,,True,42.0,0.0,-1.4604740570202024,,,"{'const': 0.00033898793231061723, 'ar.L1': 0.26709131800432295, 'ar.L2': 0.3816938605959152, 'ma.L1': 0.6513282836762189, 'ma.L2': 0.42398939545563785, 'sigma2': 0.0031540949652866038}",False,False,0.0,,,,,,,,,[],True,True,"{'const': 0.00033898793231061723, 'ar.L1': 0.26709131800432295, 'ar.L2': 0.3816938605959152, 'ma.L1': 0.6513282836762189, 'ma.L2': 0.42398939545563785, 'sigma2': 0.0031540949652866038}"
Electricity-CISO,"Log weekly-difference ARIMA(2,0,2)",2026-03-31 23:00:00+00:00,26763.0,2026-04-01 00:00:00+00:00,1,26542.0,27125.715454095305,-221.0,362.7154540953052,-1.0,1.0,False,1743.3824652777778,0.3348177842331919,33.628523000050336,63528,expanding,True,39.0,0.0,-1.461430649094919,,,True,39.0,0.0,-1.461430649094919,,,"{'const': 0.0001678116515269672, 'ar.L1': 0.2673037849568385, 'ar.L2': 0.38211153896403166, 'ma.L1': 0.651335776363023, 'ma.L2': 0.4237364512711219, 'sigma2': 0.0031481556070064825}",False,False,0.0,,,,,,,,,[],True,True,"{'const': 0.0001678116515269672, 'ar.L1': 0.2673037849568385, 'ar.L2': 0.38211153896403166, 'ma.L1': 0.651335776363023, 'ma.L2': 0.4237364512711219, 'sigma2': 0.0031481556070064825}"
Electricity-CISO,"Log weekly-difference ARIMA(2,0,2)",2026-03-31 23:00:00+00:00,26763.0,2026-04-01 23:00:00+00:00,24,27543.0,26926.090323261487,780.0,163.09032326148736,1.0,1.0,True,1743.3824652777778,0.35385791071394007,33.628523000050336,63528,expanding,True,39.0,0.0,-1.461430649094919,,,True,39.0,0.0,-1.461430649094919,,,"{'const': 0.0001678116515269672, 'ar.L1': 0.2673037849568385, 'ar.L2': 0.38211153896403166, 'ma.L1': 0.651335776363023, 'ma.L2': 0.4237364512711219, 'sigma2': 0.0031481556070064825}",False,False,0.0,,,,,,,,,[],True,True,"{'const': 0.0001678116515269672, 'ar.L1': 0.2673037849568385, 'ar.L2': 0.38211153896403166, 'ma.L1': 0.651335776363023, 'ma.L2': 0.4237364512711219, 'sigma2': 0.0031481556070064825}"
Electricity-CISO,"Log weekly-difference ARIMA(2,0,2)",2026-03-31 23:00:00+00:00,26763.0,2026-04-07 23:00:00+00:00,168,24103.0,26767.491520083986,-2660.0,4.491520083985961,-1.0,1.0,False,1743.3824652777778,1.5283459442500733,33.628523000050336,63528,expanding,True,39.0,0.0,-1.461430649094919,,,True,39.0,0.0,-1.461430649094919,,,"{'const': 0.0001678116515269672, 'ar.L1': 0.2673037849568385, 'ar.L2': 0.38211153896403166, 'ma.L1': 0.651335776363023, 'ma.L2': 0.4237364512711219, 'sigma2': 0.0031481556070064825}",False,False,0.0,,,,,,,,,[],True,True,"{'const': 0.0001678116515269672, 'ar.L1': 0.2673037849568385, 'ar.L2': 0.38211153896403166, 'ma.L1': 0.651335776363023, 'ma.L2': 0.4237364512711219, 'sigma2': 0.0031481556070064825}"
Electricity-CISO,"Log weekly-difference ARIMA(2,0,2)",2026-04-07 23:00:00+00:00,24103.0,2026-04-08 00:00:00+00:00,1,25328.0,24346.83319665384,1225.0,243.83319665383897,1.0,1.0,True,1742.6277074675734,0.5630386795421812,25.797209099982865,63696,expanding,True,37.0,0.0,-1.4623508370125546,,,True,37.0,0.0,-1.4623508370125546,,,"{'const': 2.9148562635478087e-05, 'ar.L1': 0.26755727954610337, 'ar.L2': 0.38204011854449715, 'ma.L1': 0.6512332286372209, 'ma.L2': 0.42357060544668834, 'sigma2': 0.0031424309232014826}",False,False,0.0,,,,,,,,,[],True,True,"{'const': 2.9148562635478087e-05, 'ar.L1': 0.26755727954610337, 'ar.L2': 0.38204011854449715, 'ma.L1': 0.6512332286372209, 'ma.L2': 0.42357060544668834, 'sigma2': 0.0031424309232014826}"
Electricity-CISO,"Log weekly-difference ARIMA(2,0,2)",2026-04-07 23:00:00+00:00,24103.0,2026-04-08 23:00:00+00:00,24,25686.0,27538.4427994383,1583.0,3435.4427994383004,1.0,1.0,True,1742.6277074675734,1.0630169550846365,25.797209099982865,63696,expanding,True,37.0,0.0,-1.4623508370125546,,,True,37.0,0.0,-1.4623508370125546,,,"{'const': 2.9148562635478087e-05, 'ar.L1': 0.26755727954610337, 'ar.L2': 0.38204011854449715, 'ma.L1': 0.6512332286372209, 'ma.L2': 0.42357060544668834, 'sigma2': 0.0031424309232014826}",False,False,0.0,,,,,,,,,[],True,True,"{'const': 2.9148562635478087e-05, 'ar.L1': 0.26755727954610337, 'ar.L2': 0.38204011854449715, 'ma.L1': 0.6512332286372209, 'ma.L2': 0.42357060544668834, 'sigma2': 0.0031424309232014826}"
Electricity-CISO,"Log weekly-difference ARIMA(2,0,2)",2026-04-07 23:00:00+00:00,24103.0,2026-04-14 23:00:00+00:00,168,22745.0,24103.70257804472,-1358.0,0.7025780447183934,-1.0,1.0,False,1742.6277074675734,0.7796860868344715,25.797209099982865,63696,expanding,True,37.0,0.0,-1.4623508370125546,,,True,37.0,0.0,-1.4623508370125546,,,"{'const': 2.9148562635478087e-05, 'ar.L1': 0.26755727954610337, 'ar.L2': 0.38204011854449715, 'ma.L1': 0.6512332286372209, 'ma.L2': 0.42357060544668834, 'sigma2': 0.0031424309232014826}",False,False,0.0,,,,,,,,,[],True,True,"{'const': 2.9148562635478087e-05, 'ar.L1': 0.26755727954610337, 'ar.L2': 0.38204011854449715, 'ma.L1': 0.6512332286372209, 'ma.L2': 0.42357060544668834, 'sigma2': 0.0031424309232014826}"
Electricity-CISO,"Log weekly-difference ARIMA(2,0,2)",2026-04-14 23:00:00+00:00,22745.0,2026-04-15 00:00:00+00:00,1,22390.0,24189.892471687264,-355.0,1444.8924716872643,-1.0,1.0,False,1741.5733013062045,1.0334864862347852,32.43904680002015,63864,expanding,True,34.0,0.0,-1.4632979225941827,,,True,34.0,0.0,-1.4632979225941827,,,"{'const': 7.013234811752787e-05, 'ar.L1': 0.2678809613462534, 'ar.L2': 0.3818487815155227, 'ma.L1': 0.6510471453429216, 'ma.L2': 0.42352055163942015, 'sigma2': 0.0031364185095381996}",False,False,0.0,,,,,,,,,[],True,True,"{'const': 7.013234811752787e-05, 'ar.L1': 0.2678809613462534, 'ar.L2': 0.3818487815155227, 'ma.L1': 0.6510471453429216, 'ma.L2': 0.42352055163942015, 'sigma2': 0.0031364185095381996}"
Electricity-CISO,"Log weekly-difference ARIMA(2,0,2)",2026-04-14 23:00:00+00:00,22745.0,2026-04-15 23:00:00+00:00,24,23379.0,25685.38795170448,634.0,2940.3879517044807,1.0,1.0,True,1741.5733013062045,1.3243128784614793,32.43904680002015,63864,expanding,True,34.0,0.0,-1.4632979225941827,,,True,34.0,0.0,-1.4632979225941827,,,"{'const': 7.013234811752787e-05, 'ar.L1': 0.2678809613462534, 'ar.L2': 0.3818487815155227, 'ma.L1': 0.6510471453429216, 'ma.L2': 0.42352055163942015, 'sigma2': 0.0031364185095381996}",False,False,0.0,,,,,,,,,[],True,True,"{'const': 7.013234811752787e-05, 'ar.L1': 0.2678809613462534, 'ar.L2': 0.3818487815155227, 'ma.L1': 0.6510471453429216, 'ma.L2': 0.42352055163942015, 'sigma2': 0.0031364185095381996}"
Electricity-CISO,"Log weekly-difference ARIMA(2,0,2)",2026-04-14 23:00:00+00:00,22745.0,2026-04-21 23:00:00+00:00,168,25810.0,22746.595216195412,3065.0,1.595216195411922,1.0,1.0,True,1741.5733013062045,1.758986992684713,32.43904680002015,63864,expanding,True,34.0,0.0,-1.4632979225941827,,,True,34.0,0.0,-1.4632979225941827,,,"{'const': 7.013234811752787e-05, 'ar.L1': 0.2678809613462534, 'ar.L2': 0.3818487815155227, 'ma.L1': 0.6510471453429216, 'ma.L2': 0.42352055163942015, 'sigma2': 0.0031364185095381996}",False,False,0.0,,,,,,,,,[],True,True,"{'const': 7.013234811752787e-05, 'ar.L1': 0.2678809613462534, 'ar.L2': 0.3818487815155227, 'ma.L1': 0.6510471453429216, 'ma.L2': 0.42352055163942015, 'sigma2': 0.0031364185095381996}"
Electricity-CISO,"Log weekly-difference ARIMA(2,0,2)",2026-04-21 23:00:00+00:00,25810.0,2026-04-22 00:00:00+00:00,1,25016.0,24715.289705521413,-794.0,-1094.7102944785875,-1.0,-1.0,True,1741.2112144557184,0.17270179055938706,29.74331270006951,64032,expanding,True,40.0,0.0,-1.4642251382300464,,,True,40.0,0.0,-1.4642251382300464,,,"{'const': -2.047838401427997e-05, 'ar.L1': 0.2682281477461729, 'ar.L2': 0.3818687699283404, 'ma.L1': 0.650832848226803, 'ma.L2': 0.4233488001933613, 'sigma2': 0.0031306414001655855}",False,False,0.0,,,,,,,,,[],True,True,"{'const': -2.047838401427997e-05, 'ar.L1': 0.2682281477461729, 'ar.L2': 0.3818687699283404, 'ma.L1': 0.650832848226803, 'ma.L2': 0.4233488001933613, 'sigma2': 0.0031306414001655855}"
Electricity-CISO,"Log weekly-difference ARIMA(2,0,2)",2026-04-21 23:00:00+00:00,25810.0,2026-04-22 23:00:00+00:00,24,23119.0,23382.844478154613,-2691.0,-2427.155521845387,-1.0,-1.0,True,1741.2112144557184,0.15152927799002705,29.74331270006951,64032,expanding,True,40.0,0.0,-1.4642251382300464,,,True,40.0,0.0,-1.4642251382300464,,,"{'const': -2.047838401427997e-05, 'ar.L1': 0.2682281477461729, 'ar.L2': 0.3818687699283404, 'ma.L1': 0.650832848226803, 'ma.L2': 0.4233488001933613, 'sigma2': 0.0031306414001655855}",False,False,0.0,,,,,,,,,[],True,True,"{'const': -2.047838401427997e-05, 'ar.L1': 0.2682281477461729, 'ar.L2': 0.3818687699283404, 'ma.L1': 0.650832848226803, 'ma.L2': 0.4233488001933613, 'sigma2': 0.0031306414001655855}"
Electricity-CISO,"Log weekly-difference ARIMA(2,0,2)",2026-04-21 23:00:00+00:00,25810.0,2026-04-28 23:00:00+00:00,168,20582.0,25809.47145832044,-5228.0,-0.5285416795595665,-1.0,-1.0,True,1741.2112144557184,3.002204106498639,29.74331270006951,64032,expanding,True,40.0,0.0,-1.4642251382300464,,,True,40.0,0.0,-1.4642251382300464,,,"{'const': -2.047838401427997e-05, 'ar.L1': 0.2682281477461729, 'ar.L2': 0.3818687699283404, 'ma.L1': 0.650832848226803, 'ma.L2': 0.4233488001933613, 'sigma2': 0.0031306414001655855}",False,False,0.0,,,,,,,,,[],True,True,"{'const': -2.047838401427997e-05, 'ar.L1': 0.2682281477461729, 'ar.L2': 0.3818687699283404, 'ma.L1': 0.650832848226803, 'ma.L2': 0.4233488001933613, 'sigma2': 0.0031306414001655855}"
Electricity-CISO,"Log weekly-difference ARIMA(2,0,2)",2026-04-28 23:00:00+00:00,20582.0,2026-04-29 00:00:00+00:00,1,20724.0,20849.997734660887,142.0,267.99773466088664,1.0,1.0,True,1739.5310469765118,0.07243201257021768,33.09618959994987,64200,expanding,True,42.0,0.0,-1.4651952810496365,,,True,42.0,0.0,-1.4651952810496365,,,"{'const': -9.15153888493137e-05, 'ar.L1': 0.2684354889108602, 'ar.L2': 0.38185259685456036, 'ma.L1': 0.6508013650443633, 'ma.L2': 0.42327651319457693, 'sigma2': 0.0031245231412160733}",False,False,0.0,,,,,,,,,[],True,True,"{'const': -9.15153888493137e-05, 'ar.L1': 0.2684354889108602, 'ar.L2': 0.38185259685456036, 'ma.L1': 0.6508013650443633, 'ma.L2': 0.42327651319457693, 'sigma2': 0.0031245231412160733}"
Electricity-CISO,"Log weekly-difference ARIMA(2,0,2)",2026-04-28 23:00:00+00:00,20582.0,2026-04-29 23:00:00+00:00,24,23216.0,23107.79708830477,2634.0,2525.797088304771,1.0,1.0,True,1739.5310469765118,0.062202345789284436,33.09618959994987,64200,expanding,True,42.0,0.0,-1.4651952810496365,,,True,42.0,0.0,-1.4651952810496365,,,"{'const': -9.15153888493137e-05, 'ar.L1': 0.2684354889108602, 'ar.L2': 0.38185259685456036, 'ma.L1': 0.6508013650443633, 'ma.L2': 0.42327651319457693, 'sigma2': 0.0031245231412160733}",False,False,0.0,,,,,,,,,[],True,True,"{'const': -9.15153888493137e-05, 'ar.L1': 0.2684354889108602, 'ar.L2': 0.38185259685456036, 'ma.L1': 0.6508013650443633, 'ma.L2': 0.42327651319457693, 'sigma2': 0.0031245231412160733}"
Electricity-CISO,"Log weekly-difference ARIMA(2,0,2)",2026-04-28 23:00:00+00:00,20582.0,2026-05-05 23:00:00+00:00,168,25891.0,20580.1165164519,5309.0,-1.8834835480993206,1.0,-1.0,False,1739.5310469765118,3.05305472574288,33.09618959994987,64200,expanding,True,42.0,0.0,-1.4651952810496365,,,True,42.0,0.0,-1.4651952810496365,,,"{'const': -9.15153888493137e-05, 'ar.L1': 0.2684354889108602, 'ar.L2': 0.38185259685456036, 'ma.L1': 0.6508013650443633, 'ma.L2': 0.42327651319457693, 'sigma2': 0.0031245231412160733}",False,False,0.0,,,,,,,,,[],True,True,"{'const': -9.15153888493137e-05, 'ar.L1': 0.2684354889108602, 'ar.L2': 0.38185259685456036, 'ma.L1': 0.6508013650443633, 'ma.L2': 0.42327651319457693, 'sigma2': 0.0031245231412160733}"
Electricity-CISO,"Log weekly-difference ARIMA(2,0,2)",2026-05-05 23:00:00+00:00,25891.0,2026-05-06 00:00:00+00:00,1,25239.0,25046.69331158807,-652.0,-844.3066884119289,-1.0,-1.0,True,1738.5602180685357,0.11061261290424167,32.84760879992973,64368,expanding,True,34.0,0.0,-1.4661047891722496,,,True,34.0,0.0,-1.4661047891722496,,,"{'const': 3.438826415323502e-05, 'ar.L1': 0.268732236782161, 'ar.L2': 0.3818008029463887, 'ma.L1': 0.6506667006208577, 'ma.L2': 0.42310542813010604, 'sigma2': 0.0031188610432287805}",False,False,0.0,,,,,,,,,[],True,True,"{'const': 3.438826415323502e-05, 'ar.L1': 0.268732236782161, 'ar.L2': 0.3818008029463887, 'ma.L1': 0.6506667006208577, 'ma.L2': 0.42310542813010604, 'sigma2': 0.0031188610432287805}"
Electricity-CISO,"Log weekly-difference ARIMA(2,0,2)",2026-05-05 23:00:00+00:00,25891.0,2026-05-06 23:00:00+00:00,24,23706.0,23226.64022402975,-2185.0,-2664.3597759702498,-1.0,-1.0,True,1738.5602180685357,0.2757222735159542,32.84760879992973,64368,expanding,True,34.0,0.0,-1.4661047891722496,,,True,34.0,0.0,-1.4661047891722496,,,"{'const': 3.438826415323502e-05, 'ar.L1': 0.268732236782161, 'ar.L2': 0.3818008029463887, 'ma.L1': 0.6506667006208577, 'ma.L2': 0.42310542813010604, 'sigma2': 0.0031188610432287805}",False,False,0.0,,,,,,,,,[],True,True,"{'const': 3.438826415323502e-05, 'ar.L1': 0.268732236782161, 'ar.L2': 0.3818008029463887, 'ma.L1': 0.6506667006208577, 'ma.L2': 0.42310542813010604, 'sigma2': 0.0031188610432287805}"
Electricity-CISO,"Log weekly-difference ARIMA(2,0,2)",2026-05-05 23:00:00+00:00,25891.0,2026-05-12 23:00:00+00:00,168,25442.0,25891.890361856098,-449.0,0.8903618560980249,-1.0,1.0,False,1738.5602180685357,0.25877180277132217,32.84760879992973,64368,expanding,True,34.0,0.0,-1.4661047891722496,,,True,34.0,0.0,-1.4661047891722496,,,"{'const': 3.438826415323502e-05, 'ar.L1': 0.268732236782161, 'ar.L2': 0.3818008029463887, 'ma.L1': 0.6506667006208577, 'ma.L2': 0.42310542813010604, 'sigma2': 0.0031188610432287805}",False,False,0.0,,,,,,,,,[],True,True,"{'const': 3.438826415323502e-05, 'ar.L1': 0.268732236782161, 'ar.L2': 0.3818008029463887, 'ma.L1': 0.6506667006208577, 'ma.L2': 0.42310542813010604, 'sigma2': 0.0031188610432287805}"
Electricity-CISO,"Log weekly-difference ARIMA(2,0,2)",2026-05-12 23:00:00+00:00,25442.0,2026-05-13 00:00:00+00:00,1,25981.0,25156.214146669357,539.0,-285.78585333064257,1.0,-1.0,False,1738.0782531692766,0.4745389638393423,30.698097000014968,64536,expanding,True,40.0,0.0,-1.4669210542988291,,,True,40.0,0.0,-1.4669210542988291,,,"{'const': 0.00014683313593387022, 'ar.L1': 0.26905469664911263, 'ar.L2': 0.3815149468496241, 'ma.L1': 0.6506116788948118, 'ma.L2': 0.42316974600965407, 'sigma2': 0.0031137080243321146}",False,False,0.0,,,,,,,,,[],True,True,"{'const': 0.00014683313593387022, 'ar.L1': 0.26905469664911263, 'ar.L2': 0.3815149468496241, 'ma.L1': 0.6506116788948118, 'ma.L2': 0.42316974600965407, 'sigma2': 0.0031137080243321146}"
Electricity-CISO,"Log weekly-difference ARIMA(2,0,2)",2026-05-12 23:00:00+00:00,25442.0,2026-05-13 23:00:00+00:00,24,24770.0,23709.37266997247,-672.0,-1732.6273300275316,-1.0,-1.0,True,1738.0782531692766,0.6102299065611944,30.698097000014968,64536,expanding,True,40.0,0.0,-1.4669210542988291,,,True,40.0,0.0,-1.4669210542988291,,,"{'const': 0.00014683313593387022, 'ar.L1': 0.26905469664911263, 'ar.L2': 0.3815149468496241, 'ma.L1': 0.6506116788948118, 'ma.L2': 0.42316974600965407, 'sigma2': 0.0031137080243321146}",False,False,0.0,,,,,,,,,[],True,True,"{'const': 0.00014683313593387022, 'ar.L1': 0.26905469664911263, 'ar.L2': 0.3815149468496241, 'ma.L1': 0.6506116788948118, 'ma.L2': 0.42316974600965407, 'sigma2': 0.0031137080243321146}"
Electricity-CISO,"Log weekly-difference ARIMA(2,0,2)",2026-05-12 23:00:00+00:00,25442.0,2026-05-19 23:00:00+00:00,168,27138.0,25445.736002922225,1696.0,3.7360029222254525,1.0,1.0,True,1738.0782531692766,0.9736408553481625,30.698097000014968,64536,expanding,True,40.0,0.0,-1.4669210542988291,,,True,40.0,0.0,-1.4669210542988291,,,"{'const': 0.00014683313593387022, 'ar.L1': 0.26905469664911263, 'ar.L2': 0.3815149468496241, 'ma.L1': 0.6506116788948118, 'ma.L2': 0.42316974600965407, 'sigma2': 0.0031137080243321146}",False,False,0.0,,,,,,,,,[],True,True,"{'const': 0.00014683313593387022, 'ar.L1': 0.26905469664911263, 'ar.L2': 0.3815149468496241, 'ma.L1': 0.6506116788948118, 'ma.L2': 0.42316974600965407, 'sigma2': 0.0031137080243321146}"
Electricity-CISO,"Log weekly-difference ARIMA(2,0,2)",2026-05-19 23:00:00+00:00,27138.0,2026-05-20 00:00:00+00:00,1,27409.0,27332.521321093245,271.0,194.5213210932452,1.0,1.0,True,1737.393625263419,0.044019200827422916,28.92175950005185,64704,expanding,True,39.0,0.0,-1.4678883476487792,,,True,39.0,0.0,-1.4678883476487792,,,"{'const': 0.00011479151446686846, 'ar.L1': 0.26928848724382715, 'ar.L2': 0.3814777902439349, 'ma.L1': 0.6505251281384989, 'ma.L2': 0.42309202649960587, 'sigma2': 0.0031077307000906573}",False,False,0.0,,,,,,,,,[],True,True,"{'const': 0.00011479151446686846, 'ar.L1': 0.26928848724382715, 'ar.L2': 0.3814777902439349, 'ma.L1': 0.6505251281384989, 'ma.L2': 0.42309202649960587, 'sigma2': 0.0031077307000906573}"
Electricity-CISO,"Log weekly-difference ARIMA(2,0,2)",2026-05-19 23:00:00+00:00,27138.0,2026-05-20 23:00:00+00:00,24,29941.0,24776.39158936953,2803.0,-2361.6084106304697,1.0,-1.0,False,1737.393625263419,2.9726184875620376,28.92175950005185,64704,expanding,True,39.0,0.0,-1.4678883476487792,,,True,39.0,0.0,-1.4678883476487792,,,"{'const': 0.00011479151446686846, 'ar.L1': 0.26928848724382715, 'ar.L2': 0.3814777902439349, 'ma.L1': 0.6505251281384989, 'ma.L2': 0.42309202649960587, 'sigma2': 0.0031077307000906573}",False,False,0.0,,,,,,,,,[],True,True,"{'const': 0.00011479151446686846, 'ar.L1': 0.26928848724382715, 'ar.L2': 0.3814777902439349, 'ma.L1': 0.6505251281384989, 'ma.L2': 0.42309202649960587, 'sigma2': 0.0031077307000906573}"
Electricity-CISO,"Log weekly-difference ARIMA(2,0,2)",2026-05-19 23:00:00+00:00,27138.0,2026-05-26 23:00:00+00:00,168,25466.0,27141.115390926396,-1672.0,3.1153909263957758,-1.0,1.0,False,1737.393625263419,0.9641542173106681,28.92175950005185,64704,expanding,True,39.0,0.0,-1.4678883476487792,,,True,39.0,0.0,-1.4678883476487792,,,"{'const': 0.00011479151446686846, 'ar.L1': 0.26928848724382715, 'ar.L2': 0.3814777902439349, 'ma.L1': 0.6505251281384989, 'ma.L2': 0.42309202649960587, 'sigma2': 0.0031077307000906573}",False,False,0.0,,,,,,,,,[],True,True,"{'const': 0.00011479151446686846, 'ar.L1': 0.26928848724382715, 'ar.L2': 0.3814777902439349, 'ma.L1': 0.6505251281384989, 'ma.L2': 0.42309202649960587, 'sigma2': 0.0031077307000906573}"
Electricity-CISO,"Log weekly-difference ARIMA(2,0,2)",2026-05-26 23:00:00+00:00,25466.0,2026-05-27 00:00:00+00:00,1,25167.0,26186.26073409751,-299.0,720.2607340975082,-1.0,1.0,False,1736.5100766567755,0.5869592971552718,32.80304679996334,64872,expanding,True,38.0,0.0,-1.4689213817134623,,,True,38.0,0.0,-1.4689213817134623,,,"{'const': 0.00018222276419307905, 'ar.L1': 0.26945204049409677, 'ar.L2': 0.38146859127026084, 'ma.L1': 0.6504973244547092, 'ma.L2': 0.4230577163373781, 'sigma2': 0.0031014229632678066}",False,False,0.0,,,,,,,,,[],True,True,"{'const': 0.00018222276419307905, 'ar.L1': 0.26945204049409677, 'ar.L2': 0.38146859127026084, 'ma.L1': 0.6504973244547092, 'ma.L2': 0.4230577163373781, 'sigma2': 0.0031014229632678066}"
Electricity-CISO,"Log weekly-difference ARIMA(2,0,2)",2026-05-26 23:00:00+00:00,25466.0,2026-05-27 23:00:00+00:00,24,25515.0,29942.842086594406,49.0,4476.842086594406,1.0,1.0,True,1736.5100766567755,2.549851075508373,32.80304679996334,64872,expanding,True,38.0,0.0,-1.4689213817134623,,,True,38.0,0.0,-1.4689213817134623,,,"{'const': 0.00018222276419307905, 'ar.L1': 0.26945204049409677, 'ar.L2': 0.38146859127026084, 'ma.L1': 0.6504973244547092, 'ma.L2': 0.4230577163373781, 'sigma2': 0.0031014229632678066}",False,False,0.0,,,,,,,,,[],True,True,"{'const': 0.00018222276419307905, 'ar.L1': 0.26945204049409677, 'ar.L2': 0.38146859127026084, 'ma.L1': 0.6504973244547092, 'ma.L2': 0.4230577163373781, 'sigma2': 0.0031014229632678066}"
Electricity-CISO,"Log weekly-difference ARIMA(2,0,2)",2026-05-26 23:00:00+00:00,25466.0,2026-06-02 23:00:00+00:00,168,27474.0,25470.640907739624,2008.0,4.640907739623799,1.0,1.0,True,1736.5100766567755,1.1536697190478462,32.80304679996334,64872,expanding,True,38.0,0.0,-1.4689213817134623,,,True,38.0,0.0,-1.4689213817134623,,,"{'const': 0.00018222276419307905, 'ar.L1': 0.26945204049409677, 'ar.L2': 0.38146859127026084, 'ma.L1': 0.6504973244547092, 'ma.L2': 0.4230577163373781, 'sigma2': 0.0031014229632678066}",False,False,0.0,,,,,,,,,[],True,True,"{'const': 0.00018222276419307905, 'ar.L1': 0.26945204049409677, 'ar.L2': 0.38146859127026084, 'ma.L1': 0.6504973244547092, 'ma.L2': 0.4230577163373781, 'sigma2': 0.0031014229632678066}"
Electricity-CISO,"Log weekly-difference ARIMA(2,0,2)",2026-06-02 23:00:00+00:00,27474.0,2026-06-03 00:00:00+00:00,1,28129.0,26363.179622926444,655.0,-1110.8203770735563,1.0,-1.0,False,1737.7463004069552,1.0161554518401372,29.09112150000874,65040,expanding,True,43.0,0.0,-1.4698411938610438,,,True,43.0,0.0,-1.4698411938610438,,,"{'const': 0.0001276036340750263, 'ar.L1': 0.26992709439250895, 'ar.L2': 0.3816918899963513, 'ma.L1': 0.6502760378588925, 'ma.L2': 0.42275777346719773, 'sigma2': 0.0030956236326429845}",False,False,0.0,,,,,,,,,[],True,True,"{'const': 0.0001276036340750263, 'ar.L1': 0.26992709439250895, 'ar.L2': 0.3816918899963513, 'ma.L1': 0.6502760378588925, 'ma.L2': 0.42275777346719773, 'sigma2': 0.0030956236326429845}"
Electricity-CISO,"Log weekly-difference ARIMA(2,0,2)",2026-06-02 23:00:00+00:00,27474.0,2026-06-03 23:00:00+00:00,24,30222.0,25521.27196399645,2748.0,-1952.728036003551,1.0,-1.0,False,1737.7463004069552,2.7050715256321984,29.09112150000874,65040,expanding,True,43.0,0.0,-1.4698411938610438,,,True,43.0,0.0,-1.4698411938610438,,,"{'const': 0.0001276036340750263, 'ar.L1': 0.26992709439250895, 'ar.L2': 0.3816918899963513, 'ma.L1': 0.6502760378588925, 'ma.L2': 0.42275777346719773, 'sigma2': 0.0030956236326429845}",False,False,0.0,,,,,,,,,[],True,True,"{'const': 0.0001276036340750263, 'ar.L1': 0.26992709439250895, 'ar.L2': 0.3816918899963513, 'ma.L1': 0.6502760378588925, 'ma.L2': 0.42275777346719773, 'sigma2': 0.0030956236326429845}"
Electricity-CISO,"Log weekly-difference ARIMA(2,0,2)",2026-06-02 23:00:00+00:00,27474.0,2026-06-09 23:00:00+00:00,168,29427.0,27477.506005927396,1953.0,3.5060059273964725,1.0,1.0,True,1737.7463004069552,1.121851903017178,29.09112150000874,65040,expanding,True,43.0,0.0,-1.4698411938610438,,,True,43.0,0.0,-1.4698411938610438,,,"{'const': 0.0001276036340750263, 'ar.L1': 0.26992709439250895, 'ar.L2': 0.3816918899963513, 'ma.L1': 0.6502760378588925, 'ma.L2': 0.42275777346719773, 'sigma2': 0.0030956236326429845}",False,False,0.0,,,,,,,,,[],True,True,"{'const': 0.0001276036340750263, 'ar.L1': 0.26992709439250895, 'ar.L2': 0.3816918899963513, 'ma.L1': 0.6502760378588925, 'ma.L2': 0.42275777346719773, 'sigma2': 0.0030956236326429845}"
Electricity-CISO,"Log weekly-difference ARIMA(2,0,2)",2026-06-09 23:00:00+00:00,29427.0,2026-06-10 00:00:00+00:00,1,29589.0,29870.58033699927,162.0,443.5803369992682,1.0,1.0,True,1739.1559809348093,0.16190631552663645,29.75710419996176,65208,expanding,True,41.0,0.0,-1.470758073764085,,,True,41.0,0.0,-1.470758073764085,,,"{'const': 0.0003426005495202564, 'ar.L1': 0.27030840350051233, 'ar.L2': 0.38204344974372656, 'ma.L1': 0.6501993758858776, 'ma.L2': 0.42248259095576324, 'sigma2': 0.003090027487420282}",False,False,0.0,,,,,,,,,[],True,True,"{'const': 0.0003426005495202564, 'ar.L1': 0.27030840350051233, 'ar.L2': 0.38204344974372656, 'ma.L1': 0.6501993758858776, 'ma.L2': 0.42248259095576324, 'sigma2': 0.003090027487420282}"
Electricity-CISO,"Log weekly-difference ARIMA(2,0,2)",2026-06-09 23:00:00+00:00,29427.0,2026-06-10 23:00:00+00:00,24,33104.0,30236.71313073716,3677.0,809.7131307371601,1.0,1.0,True,1739.1559809348093,1.6486657325133378,29.75710419996176,65208,expanding,True,41.0,0.0,-1.470758073764085,,,True,41.0,0.0,-1.470758073764085,,,"{'const': 0.0003426005495202564, 'ar.L1': 0.27030840350051233, 'ar.L2': 0.38204344974372656, 'ma.L1': 0.6501993758858776, 'ma.L2': 0.42248259095576324, 'sigma2': 0.003090027487420282}",False,False,0.0,,,,,,,,,[],True,True,"{'const': 0.0003426005495202564, 'ar.L1': 0.27030840350051233, 'ar.L2': 0.38204344974372656, 'ma.L1': 0.6501993758858776, 'ma.L2': 0.42248259095576324, 'sigma2': 0.003090027487420282}"
Electricity-CISO,"Log weekly-difference ARIMA(2,0,2)",2026-06-09 23:00:00+00:00,29427.0,2026-06-16 23:00:00+00:00,168,30865.0,29437.083433567062,1438.0,10.083433567062457,1.0,1.0,True,1739.1559809348093,0.8210399654120856,29.75710419996176,65208,expanding,True,41.0,0.0,-1.470758073764085,,,True,41.0,0.0,-1.470758073764085,,,"{'const': 0.0003426005495202564, 'ar.L1': 0.27030840350051233, 'ar.L2': 0.38204344974372656, 'ma.L1': 0.6501993758858776, 'ma.L2': 0.42248259095576324, 'sigma2': 0.003090027487420282}",False,False,0.0,,,,,,,,,[],True,True,"{'const': 0.0003426005495202564, 'ar.L1': 0.27030840350051233, 'ar.L2': 0.38204344974372656, 'ma.L1': 0.6501993758858776, 'ma.L2': 0.42248259095576324, 'sigma2': 0.003090027487420282}"
Electricity-CISO,"Log weekly-difference ARIMA(2,0,2)",2026-06-16 23:00:00+00:00,30865.0,2026-06-17 00:00:00+00:00,1,32223.0,31234.984433160742,1358.0,369.9844331607419,1.0,1.0,True,1743.9182155563735,0.5665492555934138,31.29878660000395,65376,expanding,True,47.0,0.0,-1.4716121675655875,,,True,47.0,0.0,-1.4716121675655875,,,"{'const': 0.0006476910745323096, 'ar.L1': 0.27081719140301846, 'ar.L2': 0.38272171544250616, 'ma.L1': 0.650203125120489, 'ma.L2': 0.4221029502006661, 'sigma2': 0.0030846898645483832}",False,False,0.0,,,,,,,,,[],True,True,"{'const': 0.0006476910745323096, 'ar.L1': 0.27081719140301846, 'ar.L2': 0.38272171544250616, 'ma.L1': 0.650203125120489, 'ma.L2': 0.4221029502006661, 'sigma2': 0.0030846898645483832}"
Electricity-CISO,"Log weekly-difference ARIMA(2,0,2)",2026-06-16 23:00:00+00:00,30865.0,2026-06-17 23:00:00+00:00,24,31267.0,33129.73419385854,402.0,2264.7341938585378,1.0,1.0,True,1743.9182155563735,1.0681316229409632,31.29878660000395,65376,expanding,True,47.0,0.0,-1.4716121675655875,,,True,47.0,0.0,-1.4716121675655875,,,"{'const': 0.0006476910745323096, 'ar.L1': 0.27081719140301846, 'ar.L2': 0.38272171544250616, 'ma.L1': 0.650203125120489, 'ma.L2': 0.4221029502006661, 'sigma2': 0.0030846898645483832}",False,False,0.0,,,,,,,,,[],True,True,"{'const': 0.0006476910745323096, 'ar.L1': 0.27081719140301846, 'ar.L2': 0.38272171544250616, 'ma.L1': 0.650203125120489, 'ma.L2': 0.4221029502006661, 'sigma2': 0.0030846898645483832}"
Electricity-CISO,"Log weekly-difference ARIMA(2,0,2)",2026-06-16 23:00:00+00:00,30865.0,2026-06-23 23:00:00+00:00,168,30989.0,30884.997460404666,124.0,19.997460404665617,1.0,1.0,True,1743.9182155563735,0.059637280388262805,31.29878660000395,65376,expanding,True,47.0,0.0,-1.4716121675655875,,,True,47.0,0.0,-1.4716121675655875,,,"{'const': 0.0006476910745323096, 'ar.L1': 0.27081719140301846, 'ar.L2': 0.38272171544250616, 'ma.L1': 0.650203125120489, 'ma.L2': 0.4221029502006661, 'sigma2': 0.0030846898645483832}",False,False,0.0,,,,,,,,,[],True,True,"{'const': 0.0006476910745323096, 'ar.L1': 0.27081719140301846, 'ar.L2': 0.38272171544250616, 'ma.L1': 0.650203125120489, 'ma.L2': 0.4221029502006661, 'sigma2': 0.0030846898645483832}"
Electricity-CISO,"Log weekly-difference ARIMA(2,0,2)",2026-06-23 23:00:00+00:00,30989.0,2026-06-24 00:00:00+00:00,1,31690.0,31971.59555644007,701.0,982.5955564400683,1.0,1.0,True,1747.8571188203623,0.1611090251073375,39.78321080002934,65544,expanding,True,47.0,0.0,-1.4725387565706696,,,True,47.0,0.0,-1.4725387565706696,,,"{'const': 0.0003808617664020442, 'ar.L1': 0.27132101687423005, 'ar.L2': 0.38340247901935637, 'ma.L1': 0.6501248999787351, 'ma.L2': 0.421623593149991, 'sigma2': 0.003078905323642637}",False,False,0.0,,,,,,,,,[],True,True,"{'const': 0.0003808617664020442, 'ar.L1': 0.27132101687423005, 'ar.L2': 0.38340247901935637, 'ma.L1': 0.6501248999787351, 'ma.L2': 0.421623593149991, 'sigma2': 0.003078905323642637}"
Electricity-CISO,"Log weekly-difference ARIMA(2,0,2)",2026-06-23 23:00:00+00:00,30989.0,2026-06-24 23:00:00+00:00,24,31544.0,31278.03599166154,555.0,289.03599166154163,1.0,1.0,True,1747.8571188203623,0.15216576084775102,39.78321080002934,65544,expanding,True,47.0,0.0,-1.4725387565706696,,,True,47.0,0.0,-1.4725387565706696,,,"{'const': 0.0003808617664020442, 'ar.L1': 0.27132101687423005, 'ar.L2': 0.38340247901935637, 'ma.L1': 0.6501248999787351, 'ma.L2': 0.421623593149991, 'sigma2': 0.003078905323642637}",False,False,0.0,,,,,,,,,[],True,True,"{'const': 0.0003808617664020442, 'ar.L1': 0.27132101687423005, 'ar.L2': 0.38340247901935637, 'ma.L1': 0.6501248999787351, 'ma.L2': 0.421623593149991, 'sigma2': 0.003078905323642637}"
Electricity-CISO,"Log weekly-difference ARIMA(2,0,2)",2026-06-23 23:00:00+00:00,30989.0,2026-06-30 23:00:00+00:00,168,29762.0,31000.804773129723,-1227.0,11.80477312972289,-1.0,1.0,False,1747.8571188203623,0.7087563164006212,39.78321080002934,65544,expanding,True,47.0,0.0,-1.4725387565706696,,,True,47.0,0.0,-1.4725387565706696,,,"{'const': 0.0003808617664020442, 'ar.L1': 0.27132101687423005, 'ar.L2': 0.38340247901935637, 'ma.L1': 0.6501248999787351, 'ma.L2': 0.421623593149991, 'sigma2': 0.003078905323642637}",False,False,0.0,,,,,,,,,[],True,True,"{'const': 0.0003808617664020442, 'ar.L1': 0.27132101687423005, 'ar.L2': 0.38340247901935637, 'ma.L1': 0.6501248999787351, 'ma.L2': 0.421623593149991, 'sigma2': 0.003078905323642637}"
Electricity-CISO,"Log weekly-difference ARIMA(2,0,2)",2026-06-30 23:00:00+00:00,29762.0,2026-07-01 00:00:00+00:00,1,29442.0,30770.912924514112,-320.0,1008.9129245141121,-1.0,1.0,False,1745.7453466373734,0.761229538474121,47.52773630002048,65712,expanding,True,47.0,0.0,-1.4736223892856792,,,True,47.0,0.0,-1.4736223892856792,,,"{'const': 0.0003570627883097722, 'ar.L1': 0.27136233255125364, 'ar.L2': 0.3834358872066213, 'ma.L1': 0.6500694604914238, 'ma.L2': 0.42143638735156025, 'sigma2': 0.0030723587141404034}",False,False,0.0,,,,,,,,,[],True,True,"{'const': 0.0003570627883097722, 'ar.L1': 0.27136233255125364, 'ar.L2': 0.3834358872066213, 'ma.L1': 0.6500694604914238, 'ma.L2': 0.42143638735156025, 'sigma2': 0.0030723587141404034}"
Electricity-CISO,"Log weekly-difference ARIMA(2,0,2)",2026-06-30 23:00:00+00:00,29762.0,2026-07-01 23:00:00+00:00,24,28508.0,31553.478172195304,-1254.0,1791.478172195304,-1.0,1.0,False,1745.7453466373734,1.7445145582438213,47.52773630002048,65712,expanding,True,47.0,0.0,-1.4736223892856792,,,True,47.0,0.0,-1.4736223892856792,,,"{'const': 0.0003570627883097722, 'ar.L1': 0.27136233255125364, 'ar.L2': 0.3834358872066213, 'ma.L1': 0.6500694604914238, 'ma.L2': 0.42143638735156025, 'sigma2': 0.0030723587141404034}",False,False,0.0,,,,,,,,,[],True,True,"{'const': 0.0003570627883097722, 'ar.L1': 0.27136233255125364, 'ar.L2': 0.3834358872066213, 'ma.L1': 0.6500694604914238, 'ma.L2': 0.42143638735156025, 'sigma2': 0.0030723587141404034}"
Electricity-CISO,"Log weekly-difference ARIMA(2,0,2)",2026-06-30 23:00:00+00:00,29762.0,2026-07-07 23:00:00+00:00,168,32102.0,29772.628800167222,2340.0,10.628800167221925,1.0,1.0,True,1745.7453466373734,1.334313280181199,47.52773630002048,65712,expanding,True,47.0,0.0,-1.4736223892856792,,,True,47.0,0.0,-1.4736223892856792,,,"{'const': 0.0003570627883097722, 'ar.L1': 0.27136233255125364, 'ar.L2': 0.3834358872066213, 'ma.L1': 0.6500694604914238, 'ma.L2': 0.42143638735156025, 'sigma2': 0.0030723587141404034}",False,False,0.0,,,,,,,,,[],True,True,"{'const': 0.0003570627883097722, 'ar.L1': 0.27136233255125364, 'ar.L2': 0.3834358872066213, 'ma.L1': 0.6500694604914238, 'ma.L2': 0.42143638735156025, 'sigma2': 0.0030723587141404034}"
Electricity-CISO,"Log weekly-difference ARIMA(2,0,2)",2026-07-07 23:00:00+00:00,32102.0,2026-07-08 00:00:00+00:00,1,32818.0,31381.847934556892,716.0,-720.1520654431079,1.0,-1.0,False,1746.2536218651082,0.8224189473171758,31.003144799964502,65880,expanding,True,44.0,0.0,-1.4745680559894534,,,True,44.0,0.0,-1.4745680559894534,,,"{'const': 0.00043108313373692363, 'ar.L1': 0.27145336252214525, 'ar.L2': 0.3837698100624998, 'ma.L1': 0.6501075454308116, 'ma.L2': 0.4210879823950559, 'sigma2': 0.0030664690734508396}",False,False,0.0,,,,,,,,,[],True,True,"{'const': 0.00043108313373692363, 'ar.L1': 0.27145336252214525, 'ar.L2': 0.3837698100624998, 'ma.L1': 0.6501075454308116, 'ma.L2': 0.4210879823950559, 'sigma2': 0.0030664690734508396}"
Electricity-CISO,"Log weekly-difference ARIMA(2,0,2)",2026-07-07 23:00:00+00:00,32102.0,2026-07-08 23:00:00+00:00,24,32038.0,28524.02311622007,-64.0,-3577.976883779931,-1.0,-1.0,True,1746.2536218651082,2.0122946860529822,31.003144799964502,65880,expanding,True,44.0,0.0,-1.4745680559894534,,,True,44.0,0.0,-1.4745680559894534,,,"{'const': 0.00043108313373692363, 'ar.L1': 0.27145336252214525, 'ar.L2': 0.3837698100624998, 'ma.L1': 0.6501075454308116, 'ma.L2': 0.4210879823950559, 'sigma2': 0.0030664690734508396}",False,False,0.0,,,,,,,,,[],True,True,"{'const': 0.00043108313373692363, 'ar.L1': 0.27145336252214525, 'ar.L2': 0.3837698100624998, 'ma.L1': 0.6501075454308116, 'ma.L2': 0.4210879823950559, 'sigma2': 0.0030664690734508396}"
Electricity-CISO,"Log weekly-difference ARIMA(2,0,2)",2026-07-07 23:00:00+00:00,32102.0,2026-07-14 23:00:00+00:00,168,40097.0,32115.841613988017,7995.0,13.841613988017343,1.0,1.0,True,1746.2536218651082,4.570446289175112,31.003144799964502,65880,expanding,True,44.0,0.0,-1.4745680559894534,,,True,44.0,0.0,-1.4745680559894534,,,"{'const': 0.00043108313373692363, 'ar.L1': 0.27145336252214525, 'ar.L2': 0.3837698100624998, 'ma.L1': 0.6501075454308116, 'ma.L2': 0.4210879823950559, 'sigma2': 0.0030664690734508396}",False,False,0.0,,,,,,,,,[],True,True,"{'const': 0.00043108313373692363, 'ar.L1': 0.27145336252214525, 'ar.L2': 0.3837698100624998, 'ma.L1': 0.6501075454308116, 'ma.L2': 0.4210879823950559, 'sigma2': 0.0030664690734508396}"
Electricity-CISO,"Log weekly-difference ARIMA(2,0,2)",2026-07-14 23:00:00+00:00,40097.0,2026-07-15 00:00:00+00:00,1,40941.0,39736.87849184461,844.0,-360.12150815538917,1.0,-1.0,False,1749.180115361263,0.6883919486511534,36.93852419999894,66048,expanding,True,53.0,0.0,-1.4754610550128735,,,True,53.0,0.0,-1.4754610550128735,,,"{'const': 0.0006790466851310746, 'ar.L1': 0.27170619671441887, 'ar.L2': 0.3842349847385547, 'ma.L1': 0.6501311756119361, 'ma.L2': 0.4206751704838596, 'sigma2': 0.0030610174200855116}",False,False,0.0,,,,,,,,,[],True,True,"{'const': 0.0006790466851310746, 'ar.L1': 0.27170619671441887, 'ar.L2': 0.3842349847385547, 'ma.L1': 0.6501311756119361, 'ma.L2': 0.4206751704838596, 'sigma2': 0.0030610174200855116}"
Electricity-CISO,"Log weekly-difference ARIMA(2,0,2)",2026-07-14 23:00:00+00:00,40097.0,2026-07-15 23:00:00+00:00,24,41602.0,32075.987374740052,1505.0,-8021.0126252599475,1.0,-1.0,False,1749.180115361263,5.4459872608902336,36.93852419999894,66048,expanding,True,53.0,0.0,-1.4754610550128735,,,True,53.0,0.0,-1.4754610550128735,,,"{'const': 0.0006790466851310746, 'ar.L1': 0.27170619671441887, 'ar.L2': 0.3842349847385547, 'ma.L1': 0.6501311756119361, 'ma.L2': 0.4206751704838596, 'sigma2': 0.0030610174200855116}",False,False,0.0,,,,,,,,,[],True,True,"{'const': 0.0006790466851310746, 'ar.L1': 0.27170619671441887, 'ar.L2': 0.3842349847385547, 'ma.L1': 0.6501311756119361, 'ma.L2': 0.4206751704838596, 'sigma2': 0.0030610174200855116}"
Electricity-CISO,"Log weekly-difference ARIMA(2,0,2)",2026-07-14 23:00:00+00:00,40097.0,2026-07-21 23:00:00+00:00,168,39295.0,40124.23698147806,-802.0,27.236981478061352,-1.0,1.0,False,1749.180115361263,0.4740718089553612,36.93852419999894,66048,expanding,True,53.0,0.0,-1.4754610550128735,,,True,53.0,0.0,-1.4754610550128735,,,"{'const': 0.0006790466851310746, 'ar.L1': 0.27170619671441887, 'ar.L2': 0.3842349847385547, 'ma.L1': 0.6501311756119361, 'ma.L2': 0.4206751704838596, 'sigma2': 0.0030610174200855116}",False,False,0.0,,,,,,,,,[],True,True,"{'const': 0.0006790466851310746, 'ar.L1': 0.27170619671441887, 'ar.L2': 0.3842349847385547, 'ma.L1': 0.6501311756119361, 'ma.L2': 0.4206751704838596, 'sigma2': 0.0030610174200855116}"
Electricity-CISO,"Log weekly-difference ARIMA(2,0,2)",2026-07-21 23:00:00+00:00,39295.0,2026-07-22 00:00:00+00:00,1,40993.0,40142.737271890954,1698.0,847.7372718909537,1.0,1.0,True,1751.1626544331396,0.48554183470996914,36.062618200085126,66216,expanding,True,53.0,0.0,-1.476430924407552,,,True,53.0,0.0,-1.476430924407552,,,"{'const': 0.0008521645497380722, 'ar.L1': 0.2718866674620623, 'ar.L2': 0.3846104081198068, 'ma.L1': 0.6501024299543317, 'ma.L2': 0.4203175910048551, 'sigma2': 0.003055086610061756}",False,False,0.0,,,,,,,,,[],True,True,"{'const': 0.0008521645497380722, 'ar.L1': 0.2718866674620623, 'ar.L2': 0.3846104081198068, 'ma.L1': 0.6501024299543317, 'ma.L2': 0.4203175910048551, 'sigma2': 0.003055086610061756}"
Electricity-CISO,"Log weekly-difference ARIMA(2,0,2)",2026-07-21 23:00:00+00:00,39295.0,2026-07-22 23:00:00+00:00,24,37356.0,41636.056572048816,-1939.0,2341.0565720488157,-1.0,1.0,False,1751.1626544331396,2.4441228010508778,36.062618200085126,66216,expanding,True,53.0,0.0,-1.476430924407552,,,True,53.0,0.0,-1.476430924407552,,,"{'const': 0.0008521645497380722, 'ar.L1': 0.2718866674620623, 'ar.L2': 0.3846104081198068, 'ma.L1': 0.6501024299543317, 'ma.L2': 0.4203175910048551, 'sigma2': 0.003055086610061756}",False,False,0.0,,,,,,,,,[],True,True,"{'const': 0.0008521645497380722, 'ar.L1': 0.2718866674620623, 'ar.L2': 0.3846104081198068, 'ma.L1': 0.6501024299543317, 'ma.L2': 0.4203175910048551, 'sigma2': 0.003055086610061756}"
Electricity-CISO,"Log weekly-difference ARIMA(2,0,2)",2026-07-21 23:00:00+00:00,39295.0,2026-07-28 23:00:00+00:00,168,34899.0,39328.50007774399,-4396.0,33.50007774399273,-1.0,1.0,False,1751.1626544331396,2.529462392617004,36.062618200085126,66216,expanding,True,53.0,0.0,-1.476430924407552,,,True,53.0,0.0,-1.476430924407552,,,"{'const': 0.0008521645497380722, 'ar.L1': 0.2718866674620623, 'ar.L2': 0.3846104081198068, 'ma.L1': 0.6501024299543317, 'ma.L2': 0.4203175910048551, 'sigma2': 0.003055086610061756}",False,False,0.0,,,,,,,,,[],True,True,"{'const': 0.0008521645497380722, 'ar.L1': 0.2718866674620623, 'ar.L2': 0.3846104081198068, 'ma.L1': 0.6501024299543317, 'ma.L2': 0.4203175910048551, 'sigma2': 0.003055086610061756}"
Electricity-CISO,"Log weekly-difference ARIMA(2,0,2)",2026-07-28 23:00:00+00:00,34899.0,2026-07-29 00:00:00+00:00,1,36922.0,37241.014151653304,2023.0,2342.014151653304,1.0,1.0,True,1750.6026640086989,0.1822310443209281,32.388725799974054,66384,expanding,True,49.0,0.0,-1.4773977195837038,,,True,49.0,0.0,-1.4773977195837038,,,"{'const': 0.0008712312137397915, 'ar.L1': 0.27194294671192376, 'ar.L2': 0.3846748116589286, 'ma.L1': 0.6500863013428387, 'ma.L2': 0.42005185073912304, 'sigma2': 0.0030492305026773438}",False,False,0.0,,,,,,,,,[],True,True,"{'const': 0.0008712312137397915, 'ar.L1': 0.27194294671192376, 'ar.L2': 0.3846748116589286, 'ma.L1': 0.6500863013428387, 'ma.L2': 0.42005185073912304, 'sigma2': 0.0030492305026773438}"
Electricity-CISO,"Log weekly-difference ARIMA(2,0,2)",2026-07-28 23:00:00+00:00,34899.0,2026-07-29 23:00:00+00:00,24,35511.0,37378.72583782104,612.0,2479.725837821039,1.0,1.0,True,1750.6026640086989,1.0669044873633062,32.388725799974054,66384,expanding,True,49.0,0.0,-1.4773977195837038,,,True,49.0,0.0,-1.4773977195837038,,,"{'const': 0.0008712312137397915, 'ar.L1': 0.27194294671192376, 'ar.L2': 0.3846748116589286, 'ma.L1': 0.6500863013428387, 'ma.L2': 0.42005185073912304, 'sigma2': 0.0030492305026773438}",False,False,0.0,,,,,,,,,[],True,True,"{'const': 0.0008712312137397915, 'ar.L1': 0.27194294671192376, 'ar.L2': 0.3846748116589286, 'ma.L1': 0.6500863013428387, 'ma.L2': 0.42005185073912304, 'sigma2': 0.0030492305026773438}"
Electricity-CISO,"Log weekly-difference ARIMA(2,0,2)",2026-07-28 23:00:00+00:00,34899.0,2026-08-04 23:00:00+00:00,168,39552.0,34929.418346910876,4653.0,30.418346910875698,1.0,1.0,True,1750.6026640086989,2.6405658737568074,32.388725799974054,66384,expanding,True,49.0,0.0,-1.4773977195837038,,,True,49.0,0.0,-1.4773977195837038,,,"{'const': 0.0008712312137397915, 'ar.L1': 0.27194294671192376, 'ar.L2': 0.3846748116589286, 'ma.L1': 0.6500863013428387, 'ma.L2': 0.42005185073912304, 'sigma2': 0.0030492305026773438}",False,False,0.0,,,,,,,,,[],True,True,"{'const': 0.0008712312137397915, 'ar.L1': 0.27194294671192376, 'ar.L2': 0.3846748116589286, 'ma.L1': 0.6500863013428387, 'ma.L2': 0.42005185073912304, 'sigma2': 0.0030492305026773438}"
Electricity-CISO,"Log weekly-difference ARIMA(2,0,2)",2026-08-04 23:00:00+00:00,39552.0,2026-08-05 00:00:00+00:00,1,39877.0,40965.19249207286,325.0,1413.1924920728634,1.0,1.0,True,1749.927151120752,0.6218501675203586,33.590458199963905,66552,expanding,True,47.0,0.0,-1.4785202835700513,,,True,47.0,0.0,-1.4785202835700513,,,"{'const': 0.0009400081545074974, 'ar.L1': 0.27215894156909537, 'ar.L2': 0.38473116978370253, 'ma.L1': 0.6501838579437168, 'ma.L2': 0.41991278682931854, 'sigma2': 0.0030425208372565336}",False,False,0.0,,,,,,,,,[],True,True,"{'const': 0.0009400081545074974, 'ar.L1': 0.27215894156909537, 'ar.L2': 0.38473116978370253, 'ma.L1': 0.6501838579437168, 'ma.L2': 0.41991278682931854, 'sigma2': 0.0030425208372565336}"
Electricity-CISO,"Log weekly-difference ARIMA(2,0,2)",2026-08-04 23:00:00+00:00,39552.0,2026-08-05 23:00:00+00:00,24,38797.0,35553.9193663967,-755.0,-3998.0806336032983,-1.0,-1.0,True,1749.927151120752,1.8532660811201465,33.590458199963905,66552,expanding,True,47.0,0.0,-1.4785202835700513,,,True,47.0,0.0,-1.4785202835700513,,,"{'const': 0.0009400081545074974, 'ar.L1': 0.27215894156909537, 'ar.L2': 0.38473116978370253, 'ma.L1': 0.6501838579437168, 'ma.L2': 0.41991278682931854, 'sigma2': 0.0030425208372565336}",False,False,0.0,,,,,,,,,[],True,True,"{'const': 0.0009400081545074974, 'ar.L1': 0.27215894156909537, 'ar.L2': 0.38473116978370253, 'ma.L1': 0.6501838579437168, 'ma.L2': 0.41991278682931854, 'sigma2': 0.0030425208372565336}"
Electricity-CISO,"Log weekly-difference ARIMA(2,0,2)",2026-08-04 23:00:00+00:00,39552.0,2026-08-11 23:00:00+00:00,168,37273.0,39589.19668238053,-2279.0,37.19668238052691,-1.0,1.0,False,1749.927151120752,1.3235960599257541,33.590458199963905,66552,expanding,True,47.0,0.0,-1.4785202835700513,,,True,47.0,0.0,-1.4785202835700513,,,"{'const': 0.0009400081545074974, 'ar.L1': 0.27215894156909537, 'ar.L2': 0.38473116978370253, 'ma.L1': 0.6501838579437168, 'ma.L2': 0.41991278682931854, 'sigma2': 0.0030425208372565336}",False,False,0.0,,,,,,,,,[],True,True,"{'const': 0.0009400081545074974, 'ar.L1': 0.27215894156909537, 'ar.L2': 0.38473116978370253, 'ma.L1': 0.6501838579437168, 'ma.L2': 0.41991278682931854, 'sigma2': 0.0030425208372565336}"
