dataset,model,origin,origin_actual,forecast_date,horizon,actual,forecast,actual_change,predicted_change,actual_direction,predicted_direction,direction_correct,mase_scale,scaled_absolute_error,elapsed_seconds,train_size,window,model_identifier,model_revision,chronos_package_version,device,history_length,context_length,max_context_length,context_truncated,context_end,point_forecast_method,inference_elapsed_seconds,inference_batch_size,forecast_is_finite,inference_warning,inference_exception
SPY,Chronos-2,2018-12-31,223.5733642578125,2019-01-02,1,223.8059539794922,223.6243896484375,0.2325897216796875,0.051025390625,1.0,1.0,True,0.7032400627714837,0.25818257614496354,7.800059393048286e-06,6528,expanding,amazon/chronos-2,29ec3766d36d6f73f0696f85560a422f50e8498c,2.3.1,cpu,6528,6528,8192,False,2018-12-31,standard predictions output (trained 0.5 quantile),0.4664515124895843,8,True,,
SPY,Chronos-2,2018-12-31,223.5733642578125,2019-01-08,5,229.70118713378903,224.39743041992188,6.127822875976534,0.824066162109375,1.0,1.0,True,0.7032400627714837,7.541886468988903,7.800059393048286e-06,6528,expanding,amazon/chronos-2,29ec3766d36d6f73f0696f85560a422f50e8498c,2.3.1,cpu,6528,6528,8192,False,2018-12-31,standard predictions output (trained 0.5 quantile),0.4664515124895843,8,True,,
SPY,Chronos-2,2018-12-31,223.5733642578125,2019-01-30,20,239.3717041015625,227.6361083984375,15.79833984375,4.062744140625,1.0,1.0,True,0.7032400627714837,16.687894112395664,7.800059393048286e-06,6528,expanding,amazon/chronos-2,29ec3766d36d6f73f0696f85560a422f50e8498c,2.3.1,cpu,6528,6528,8192,False,2018-12-31,standard predictions output (trained 0.5 quantile),0.4664515124895843,8,True,,
SPY,Chronos-2,2019-01-08,229.70118713378903,2019-01-09,1,230.7747344970703,230.097412109375,1.0735473632812784,0.3962249755859659,1.0,1.0,True,0.7052750911584168,0.9603662403315678,4.700035788118839e-06,6533,expanding,amazon/chronos-2,29ec3766d36d6f73f0696f85560a422f50e8498c,2.3.1,cpu,6533,6533,8192,False,2019-01-08,standard predictions output (trained 0.5 quantile),0.4664515124895843,8,True,,
SPY,Chronos-2,2019-01-08,229.70118713378903,2019-01-15,5,232.90382385253903,230.59902954101562,3.20263671875,0.8978424072265909,1.0,1.0,True,0.7052750911584168,3.267936639783742,4.700035788118839e-06,6533,expanding,amazon/chronos-2,29ec3766d36d6f73f0696f85560a422f50e8498c,2.3.1,cpu,6533,6533,8192,False,2019-01-08,standard predictions output (trained 0.5 quantile),0.4664515124895843,8,True,,
SPY,Chronos-2,2019-01-08,229.70118713378903,2019-02-06,20,243.98768615722656,232.86404418945312,14.286499023437528,3.162857055664091,1.0,1.0,True,0.7052750911584168,15.772061295263976,4.700035788118839e-06,6533,expanding,amazon/chronos-2,29ec3766d36d6f73f0696f85560a422f50e8498c,2.3.1,cpu,6533,6533,8192,False,2019-01-08,standard predictions output (trained 0.5 quantile),0.4664515124895843,8,True,,
SPY,Chronos-2,2019-01-15,232.90382385253903,2019-01-16,1,233.4674072265625,233.47177124023438,0.5635833740234659,0.5679473876953409,1.0,1.0,True,0.7056580091700818,0.006184318203951909,3.700028173625469e-06,6538,expanding,amazon/chronos-2,29ec3766d36d6f73f0696f85560a422f50e8498c,2.3.1,cpu,6538,6538,8192,False,2019-01-15,standard predictions output (trained 0.5 quantile),0.4664515124895843,8,True,,
SPY,Chronos-2,2019-01-15,232.90382385253903,2019-01-23,5,235.6412506103516,233.683349609375,2.737426757812557,0.7795257568359659,1.0,1.0,True,0.7056580091700818,2.7745749010618628,3.700028173625469e-06,6538,expanding,amazon/chronos-2,29ec3766d36d6f73f0696f85560a422f50e8498c,2.3.1,cpu,6538,6538,8192,False,2019-01-15,standard predictions output (trained 0.5 quantile),0.4664515124895843,8,True,,
SPY,Chronos-2,2019-01-15,232.90382385253903,2019-02-13,20,246.0004119873047,235.31756591796875,13.096588134765653,2.413742065429716,1.0,1.0,True,0.7056580091700818,15.138843363940472,3.700028173625469e-06,6538,expanding,amazon/chronos-2,29ec3766d36d6f73f0696f85560a422f50e8498c,2.3.1,cpu,6538,6538,8192,False,2019-01-15,standard predictions output (trained 0.5 quantile),0.4664515124895843,8,True,,
SPY,Chronos-2,2019-01-23,235.6412506103516,2019-01-24,1,235.7664794921875,235.56820678710938,0.12522888183590908,-0.07304382324221592,1.0,-1.0,False,0.7065216771180899,0.28063216104972416,3.700028173625469e-06,6543,expanding,amazon/chronos-2,29ec3766d36d6f73f0696f85560a422f50e8498c,2.3.1,cpu,6543,6543,8192,False,2019-01-23,standard predictions output (trained 0.5 quantile),0.4664515124895843,8,True,,
SPY,Chronos-2,2019-01-23,235.6412506103516,2019-01-30,5,239.3717041015625,236.05441284179688,3.730453491210909,0.4131622314452841,1.0,1.0,True,0.7065216771180899,4.6952434259298235,3.700028173625469e-06,6543,expanding,amazon/chronos-2,29ec3766d36d6f73f0696f85560a422f50e8498c,2.3.1,cpu,6543,6543,8192,False,2019-01-23,standard predictions output (trained 0.5 quantile),0.4664515124895843,8,True,,
SPY,Chronos-2,2019-01-23,235.6412506103516,2019-02-21,20,248.17434692382807,237.52191162109375,12.533096313476477,1.880661010742159,1.0,1.0,True,0.7065216771180899,15.077294367224125,3.700028173625469e-06,6543,expanding,amazon/chronos-2,29ec3766d36d6f73f0696f85560a422f50e8498c,2.3.1,cpu,6543,6543,8192,False,2019-01-23,standard predictions output (trained 0.5 quantile),0.4664515124895843,8,True,,
SPY,Chronos-2,2019-01-30,239.3717041015625,2019-01-31,1,241.47390747070312,238.01870727539062,2.102203369140625,-1.352996826171875,1.0,-1.0,False,0.7071995616450791,4.885749910923382,3.300025127828121e-06,6548,expanding,amazon/chronos-2,29ec3766d36d6f73f0696f85560a422f50e8498c,2.3.1,cpu,6548,6548,8192,False,2019-01-30,standard predictions output (trained 0.5 quantile),0.4664515124895843,8,True,,
SPY,Chronos-2,2019-01-30,239.3717041015625,2019-02-06,5,243.98768615722656,238.54627990722656,4.6159820556640625,-0.8254241943359375,1.0,-1.0,False,0.7071995616450791,7.694300937266231,3.300025127828121e-06,6548,expanding,amazon/chronos-2,29ec3766d36d6f73f0696f85560a422f50e8498c,2.3.1,cpu,6548,6548,8192,False,2019-01-30,standard predictions output (trained 0.5 quantile),0.4664515124895843,8,True,,
SPY,Chronos-2,2019-01-30,239.3717041015625,2019-02-28,20,249.30145263671875,239.33712768554688,9.92974853515625,-0.034576416015625,1.0,-1.0,False,0.7071995616450791,14.089834739140649,3.300025127828121e-06,6548,expanding,amazon/chronos-2,29ec3766d36d6f73f0696f85560a422f50e8498c,2.3.1,cpu,6548,6548,8192,False,2019-01-30,standard predictions output (trained 0.5 quantile),0.4664515124895843,8,True,,
SPY,Chronos-2,2019-02-06,243.98768615722656,2019-02-07,1,241.66180419921875,243.9842987060547,-2.3258819580078125,-0.003387451171875,-1.0,-1.0,True,0.7074627055353299,3.2828507971717453,3.100023604929447e-06,6553,expanding,amazon/chronos-2,29ec3766d36d6f73f0696f85560a422f50e8498c,2.3.1,cpu,6553,6553,8192,False,2019-02-06,standard predictions output (trained 0.5 quantile),0.4664515124895843,8,True,,
SPY,Chronos-2,2019-02-06,243.98768615722656,2019-02-13,5,246.0004119873047,244.2058563232422,2.012725830078125,0.218170166015625,1.0,1.0,True,0.7074627055353299,2.536608149124381,3.100023604929447e-06,6553,expanding,amazon/chronos-2,29ec3766d36d6f73f0696f85560a422f50e8498c,2.3.1,cpu,6553,6553,8192,False,2019-02-06,standard predictions output (trained 0.5 quantile),0.4664515124895843,8,True,,
SPY,Chronos-2,2019-02-06,243.98768615722656,2019-03-07,20,246.01837158203125,245.54571533203125,2.0306854248046875,1.5580291748046875,1.0,1.0,True,0.7074627055353299,0.6681005886272773,3.100023604929447e-06,6553,expanding,amazon/chronos-2,29ec3766d36d6f73f0696f85560a422f50e8498c,2.3.1,cpu,6553,6553,8192,False,2019-02-06,standard predictions output (trained 0.5 quantile),0.4664515124895843,8,True,,
SPY,Chronos-2,2019-02-13,246.0004119873047,2019-02-14,1,245.45480346679688,244.23236083984375,-0.5456085205078125,-1.7680511474609375,-1.0,-1.0,True,0.7079396273316417,1.7267611244771568,3.00002284348011e-06,6558,expanding,amazon/chronos-2,29ec3766d36d6f73f0696f85560a422f50e8498c,2.3.1,cpu,6558,6558,8192,False,2019-02-13,standard predictions output (trained 0.5 quantile),0.4664515124895843,8,True,,
SPY,Chronos-2,2019-02-13,246.0004119873047,2019-02-21,5,248.17434692382807,244.6065673828125,2.1739349365233807,-1.3938446044921875,1.0,-1.0,False,0.7079396273316417,5.039666382941726,3.00002284348011e-06,6558,expanding,amazon/chronos-2,29ec3766d36d6f73f0696f85560a422f50e8498c,2.3.1,cpu,6558,6558,8192,False,2019-02-13,standard predictions output (trained 0.5 quantile),0.4664515124895843,8,True,,
SPY,Chronos-2,2019-02-13,246.0004119873047,2019-03-14,20,251.52012634277344,245.42578125,5.51971435546875,-0.5746307373046875,1.0,-1.0,False,0.7079396273316417,8.608566122713283,3.00002284348011e-06,6558,expanding,amazon/chronos-2,29ec3766d36d6f73f0696f85560a422f50e8498c,2.3.1,cpu,6558,6558,8192,False,2019-02-13,standard predictions output (trained 0.5 quantile),0.4664515124895843,8,True,,
SPY,Chronos-2,2019-02-21,248.17434692382807,2019-02-22,1,249.7130126953125,246.60128784179688,1.5386657714844318,-1.5730590820311932,1.0,-1.0,False,0.7081676891249007,4.3940508742510636,3.200024366378784e-06,6563,expanding,amazon/chronos-2,29ec3766d36d6f73f0696f85560a422f50e8498c,2.3.1,cpu,6563,6563,8192,False,2019-02-21,standard predictions output (trained 0.5 quantile),0.4664515124895843,8,True,,
SPY,Chronos-2,2019-02-21,248.17434692382807,2019-02-28,5,249.30145263671875,246.92550659179688,1.1271057128906818,-1.2488403320311932,1.0,-1.0,False,0.7081676891249007,3.3550613525701616,3.200024366378784e-06,6563,expanding,amazon/chronos-2,29ec3766d36d6f73f0696f85560a422f50e8498c,2.3.1,cpu,6563,6563,8192,False,2019-02-21,standard predictions output (trained 0.5 quantile),0.4664515124895843,8,True,,
SPY,Chronos-2,2019-02-21,248.17434692382807,2019-03-21,20,255.83563232421875,247.87844848632812,7.661285400390682,-0.29589843749994316,1.0,-1.0,False,0.7081676891249007,11.236298916325175,3.200024366378784e-06,6563,expanding,amazon/chronos-2,29ec3766d36d6f73f0696f85560a422f50e8498c,2.3.1,cpu,6563,6563,8192,False,2019-02-21,standard predictions output (trained 0.5 quantile),0.4664515124895843,8,True,,
SPY,Chronos-2,2019-02-28,249.30145263671875,2019-03-01,1,250.8580322265625,249.45565795898438,1.55657958984375,0.154205322265625,1.0,1.0,True,0.7080290091351795,1.9806734603869578,3.400025889277458e-06,6568,expanding,amazon/chronos-2,29ec3766d36d6f73f0696f85560a422f50e8498c,2.3.1,cpu,6568,6568,8192,False,2019-02-28,standard predictions output (trained 0.5 quantile),0.462244374997681,8,True,,
SPY,Chronos-2,2019-02-28,249.30145263671875,2019-03-07,5,246.01837158203125,249.6556396484375,-3.2830810546875,0.35418701171875,-1.0,1.0,False,0.7080290091351795,5.137173787340978,3.400025889277458e-06,6568,expanding,amazon/chronos-2,29ec3766d36d6f73f0696f85560a422f50e8498c,2.3.1,cpu,6568,6568,8192,False,2019-02-28,standard predictions output (trained 0.5 quantile),0.462244374997681,8,True,,
SPY,Chronos-2,2019-02-28,249.30145263671875,2019-03-28,20,252.2235870361328,250.94085693359375,2.9221343994140625,1.639404296875,1.0,1.0,True,0.7080290091351795,1.811691450475808,3.400025889277458e-06,6568,expanding,amazon/chronos-2,29ec3766d36d6f73f0696f85560a422f50e8498c,2.3.1,cpu,6568,6568,8192,False,2019-02-28,standard predictions output (trained 0.5 quantile),0.462244374997681,8,True,,
SPY,Chronos-2,2019-03-07,246.01837158203125,2019-03-08,1,245.5263671875,244.44090270996094,-0.49200439453125,-1.5774688720703125,-1.0,-1.0,True,0.7084635945260345,1.5321386814028792,3.200024366378784e-06,6573,expanding,amazon/chronos-2,29ec3766d36d6f73f0696f85560a422f50e8498c,2.3.1,cpu,6573,6573,8192,False,2019-03-07,standard predictions output (trained 0.5 quantile),0.462244374997681,8,True,,
SPY,Chronos-2,2019-03-07,246.01837158203125,2019-03-14,5,251.52012634277344,244.625732421875,5.5017547607421875,-1.39263916015625,1.0,-1.0,False,0.7084635945260345,9.731472406159162,3.200024366378784e-06,6573,expanding,amazon/chronos-2,29ec3766d36d6f73f0696f85560a422f50e8498c,2.3.1,cpu,6573,6573,8192,False,2019-03-07,standard predictions output (trained 0.5 quantile),0.462244374997681,8,True,,
SPY,Chronos-2,2019-03-07,246.01837158203125,2019-04-04,20,258.0368957519531,245.50814819335938,12.018524169921875,-0.510223388671875,1.0,-1.0,False,0.7084635945260345,17.684391485176512,3.200024366378784e-06,6573,expanding,amazon/chronos-2,29ec3766d36d6f73f0696f85560a422f50e8498c,2.3.1,cpu,6573,6573,8192,False,2019-03-07,standard predictions output (trained 0.5 quantile),0.462244374997681,8,True,,
SPY,Chronos-2,2019-03-14,251.52012634277344,2019-03-15,1,252.7626495361328,249.83071899414062,1.242523193359375,-1.6894073486328125,1.0,-1.0,False,0.7089600646425133,4.135536948009317,3.00002284348011e-06,6578,expanding,amazon/chronos-2,29ec3766d36d6f73f0696f85560a422f50e8498c,2.3.1,cpu,6578,6578,8192,False,2019-03-14,standard predictions output (trained 0.5 quantile),0.462244374997681,8,True,,
SPY,Chronos-2,2019-03-14,251.52012634277344,2019-03-21,5,255.83563232421875,250.21124267578125,4.3155059814453125,-1.3088836669921875,1.0,-1.0,False,0.7089600646425133,7.9332954406586325,3.00002284348011e-06,6578,expanding,amazon/chronos-2,29ec3766d36d6f73f0696f85560a422f50e8498c,2.3.1,cpu,6578,6578,8192,False,2019-03-14,standard predictions output (trained 0.5 quantile),0.462244374997681,8,True,,
SPY,Chronos-2,2019-03-14,251.52012634277344,2019-04-11,20,258.9624328613281,251.16543579101562,7.4423065185546875,-0.3546905517578125,1.0,-1.0,False,0.7089600646425133,10.997794458625911,3.00002284348011e-06,6578,expanding,amazon/chronos-2,29ec3766d36d6f73f0696f85560a422f50e8498c,2.3.1,cpu,6578,6578,8192,False,2019-03-14,standard predictions output (trained 0.5 quantile),0.462244374997681,8,True,,
SPY,Chronos-2,2019-03-21,255.83563232421875,2019-03-22,1,250.91177368164065,254.5331573486328,-4.923858642578097,-1.3024749755859375,-1.0,-1.0,True,0.7093092386065484,5.105507541543427,2.9999064281582832e-06,6583,expanding,amazon/chronos-2,29ec3766d36d6f73f0696f85560a422f50e8498c,2.3.1,cpu,6583,6583,8192,False,2019-03-21,standard predictions output (trained 0.5 quantile),0.462244374997681,8,True,,
SPY,Chronos-2,2019-03-21,255.83563232421875,2019-03-28,5,252.2235870361328,255.15921020507812,-3.6120452880859375,-0.676422119140625,-1.0,-1.0,True,0.7093092386065484,4.138707081712908,2.9999064281582832e-06,6583,expanding,amazon/chronos-2,29ec3766d36d6f73f0696f85560a422f50e8498c,2.3.1,cpu,6583,6583,8192,False,2019-03-21,standard predictions output (trained 0.5 quantile),0.462244374997681,8,True,,
SPY,Chronos-2,2019-03-21,255.83563232421875,2019-04-18,20,260.5888061523437,256.6634521484375,4.753173828124943,0.82781982421875,1.0,1.0,True,0.7093092386065484,5.534051708698489,2.9999064281582832e-06,6583,expanding,amazon/chronos-2,29ec3766d36d6f73f0696f85560a422f50e8498c,2.3.1,cpu,6583,6583,8192,False,2019-03-21,standard predictions output (trained 0.5 quantile),0.462244374997681,8,True,,
SPY,Chronos-2,2019-03-28,252.2235870361328,2019-03-29,1,253.81393432617188,250.5446319580078,1.5903472900390625,-1.678955078125,1.0,-1.0,False,0.7101757871339115,4.603511450817176,3.300025127828121e-06,6588,expanding,amazon/chronos-2,29ec3766d36d6f73f0696f85560a422f50e8498c,2.3.1,cpu,6588,6588,8192,False,2019-03-28,standard predictions output (trained 0.5 quantile),0.462244374997681,8,True,,
SPY,Chronos-2,2019-03-28,252.2235870361328,2019-04-04,5,258.0368957519531,250.8598175048828,5.8133087158203125,-1.36376953125,1.0,-1.0,False,0.7101757871339115,10.10605877741224,3.300025127828121e-06,6588,expanding,amazon/chronos-2,29ec3766d36d6f73f0696f85560a422f50e8498c,2.3.1,cpu,6588,6588,8192,False,2019-03-28,standard predictions output (trained 0.5 quantile),0.462244374997681,8,True,,
SPY,Chronos-2,2019-03-28,252.2235870361328,2019-04-26,20,263.634765625,252.48216247558594,11.411178588867188,0.258575439453125,1.0,1.0,True,0.7101757871339115,15.704003644538666,3.300025127828121e-06,6588,expanding,amazon/chronos-2,29ec3766d36d6f73f0696f85560a422f50e8498c,2.3.1,cpu,6588,6588,8192,False,2019-03-28,standard predictions output (trained 0.5 quantile),0.462244374997681,8,True,,
SPY,Chronos-2,2019-04-04,258.0368957519531,2019-04-05,1,259.28594970703125,255.21633911132812,1.249053955078125,-2.820556640625,1.0,-1.0,False,0.7105189955350266,5.727659107324323,3.00002284348011e-06,6593,expanding,amazon/chronos-2,29ec3766d36d6f73f0696f85560a422f50e8498c,2.3.1,cpu,6593,6593,8192,False,2019-04-04,standard predictions output (trained 0.5 quantile),0.462244374997681,8,True,,
SPY,Chronos-2,2019-04-04,258.0368957519531,2019-04-11,5,258.9624328613281,255.80642700195312,0.925537109375,-2.23046875,1.0,-1.0,False,0.7105189955350266,4.441831786634363,3.00002284348011e-06,6593,expanding,amazon/chronos-2,29ec3766d36d6f73f0696f85560a422f50e8498c,2.3.1,cpu,6593,6593,8192,False,2019-04-04,standard predictions output (trained 0.5 quantile),0.462244374997681,8,True,,
SPY,Chronos-2,2019-04-04,258.0368957519531,2019-05-03,20,264.19189453125,257.88458251953125,6.154998779296875,-0.152313232421875,1.0,-1.0,False,0.7105189955350266,8.877049102634183,3.00002284348011e-06,6593,expanding,amazon/chronos-2,29ec3766d36d6f73f0696f85560a422f50e8498c,2.3.1,cpu,6593,6593,8192,False,2019-04-04,standard predictions output (trained 0.5 quantile),0.462244374997681,8,True,,
SPY,Chronos-2,2019-04-11,258.9624328613281,2019-04-12,1,260.7145690917969,258.00738525390625,1.75213623046875,-0.955047607421875,1.0,-1.0,False,0.7105456993076429,3.8100066477476537,3.300025127828121e-06,6598,expanding,amazon/chronos-2,29ec3766d36d6f73f0696f85560a422f50e8498c,2.3.1,cpu,6598,6598,8192,False,2019-04-11,standard predictions output (trained 0.5 quantile),0.462244374997681,8,True,,
SPY,Chronos-2,2019-04-11,258.9624328613281,2019-04-18,5,260.5888061523437,258.4078063964844,1.6263732910155682,-0.55462646484375,1.0,-1.0,False,0.7105456993076429,3.069471475211923,3.300025127828121e-06,6598,expanding,amazon/chronos-2,29ec3766d36d6f73f0696f85560a422f50e8498c,2.3.1,cpu,6598,6598,8192,False,2019-04-11,standard predictions output (trained 0.5 quantile),0.462244374997681,8,True,,
SPY,Chronos-2,2019-04-11,258.9624328613281,2019-05-10,20,258.8636779785156,259.695556640625,-0.0987548828125,0.733123779296875,-1.0,1.0,False,0.7105456993076429,1.1707602521835812,3.300025127828121e-06,6598,expanding,amazon/chronos-2,29ec3766d36d6f73f0696f85560a422f50e8498c,2.3.1,cpu,6598,6598,8192,False,2019-04-11,standard predictions output (trained 0.5 quantile),0.462244374997681,8,True,,
SPY,Chronos-2,2019-04-18,260.5888061523437,2019-04-22,1,260.8134460449219,258.36279296875,0.22463989257818184,-2.226013183593693,1.0,-1.0,False,0.7104988699066247,3.449200526517298,3.300025127828121e-06,6603,expanding,amazon/chronos-2,29ec3766d36d6f73f0696f85560a422f50e8498c,2.3.1,cpu,6603,6603,8192,False,2019-04-18,standard predictions output (trained 0.5 quantile),0.462244374997681,8,True,,
SPY,Chronos-2,2019-04-18,260.5888061523437,2019-04-26,5,263.634765625,258.76739501953125,3.045959472656307,-1.8214111328124432,1.0,-1.0,False,0.7104988699066247,6.850638068021741,3.300025127828121e-06,6603,expanding,amazon/chronos-2,29ec3766d36d6f73f0696f85560a422f50e8498c,2.3.1,cpu,6603,6603,8192,False,2019-04-18,standard predictions output (trained 0.5 quantile),0.462244374997681,8,True,,
SPY,Chronos-2,2019-04-18,260.5888061523437,2019-05-17,20,256.83306884765625,259.325439453125,-3.755737304687443,-1.2633666992186932,-1.0,-1.0,True,0.7104988699066247,3.507916354316373,3.300025127828121e-06,6603,expanding,amazon/chronos-2,29ec3766d36d6f73f0696f85560a422f50e8498c,2.3.1,cpu,6603,6603,8192,False,2019-04-18,standard predictions output (trained 0.5 quantile),0.462244374997681,8,True,,
SPY,Chronos-2,2019-04-26,263.634765625,2019-04-29,1,264.0481262207031,261.347900390625,0.413360595703125,-2.286865234375,1.0,-1.0,False,0.7106479513711932,3.7996673667574035,3.00002284348011e-06,6608,expanding,amazon/chronos-2,29ec3766d36d6f73f0696f85560a422f50e8498c,2.3.1,cpu,6608,6608,8192,False,2019-04-26,standard predictions output (trained 0.5 quantile),0.4778222375025507,8,True,,
SPY,Chronos-2,2019-04-26,263.634765625,2019-05-03,5,264.19189453125,261.5570068359375,0.55712890625,-2.0777587890625,1.0,-1.0,False,0.7106479513711932,3.7077257314658993,3.00002284348011e-06,6608,expanding,amazon/chronos-2,29ec3766d36d6f73f0696f85560a422f50e8498c,2.3.1,cpu,6608,6608,8192,False,2019-04-26,standard predictions output (trained 0.5 quantile),0.4778222375025507,8,True,,
SPY,Chronos-2,2019-04-26,263.634765625,2019-05-24,20,254.08352661132807,262.18145751953125,-9.551239013671932,-1.45330810546875,-1.0,-1.0,True,0.7106479513711932,11.395137202011554,3.00002284348011e-06,6608,expanding,amazon/chronos-2,29ec3766d36d6f73f0696f85560a422f50e8498c,2.3.1,cpu,6608,6608,8192,False,2019-04-26,standard predictions output (trained 0.5 quantile),0.4778222375025507,8,True,,
SPY,Chronos-2,2019-05-03,264.19189453125,2019-05-06,1,263.10467529296875,261.5762023925781,-1.08721923828125,-2.615692138671875,-1.0,-1.0,True,0.7109667033191458,2.149851593970511,3.200024366378784e-06,6613,expanding,amazon/chronos-2,29ec3766d36d6f73f0696f85560a422f50e8498c,2.3.1,cpu,6613,6613,8192,False,2019-05-03,standard predictions output (trained 0.5 quantile),0.4778222375025507,8,True,,
SPY,Chronos-2,2019-05-03,264.19189453125,2019-05-10,5,258.8636779785156,261.9189453125,-5.328216552734375,-2.27294921875,-1.0,-1.0,True,0.7109667033191458,4.297342364587355,3.200024366378784e-06,6613,expanding,amazon/chronos-2,29ec3766d36d6f73f0696f85560a422f50e8498c,2.3.1,cpu,6613,6613,8192,False,2019-05-03,standard predictions output (trained 0.5 quantile),0.4778222375025507,8,True,,
SPY,Chronos-2,2019-05-03,264.19189453125,2019-06-03,20,246.70672607421875,262.6353454589844,-17.48516845703125,-1.556549072265625,-1.0,-1.0,True,0.7109667033191458,22.40417070223249,3.200024366378784e-06,6613,expanding,amazon/chronos-2,29ec3766d36d6f73f0696f85560a422f50e8498c,2.3.1,cpu,6613,6613,8192,False,2019-05-03,standard predictions output (trained 0.5 quantile),0.4778222375025507,8,True,,
SPY,Chronos-2,2019-05-10,258.8636779785156,2019-05-13,1,252.3583831787109,256.3822326660156,-6.505294799804716,-2.4814453125,-1.0,-1.0,True,0.7116257862254215,5.6544458691524735,3.0999071896076202e-06,6618,expanding,amazon/chronos-2,29ec3766d36d6f73f0696f85560a422f50e8498c,2.3.1,cpu,6618,6618,8192,False,2019-05-10,standard predictions output (trained 0.5 quantile),0.4778222375025507,8,True,,
SPY,Chronos-2,2019-05-10,258.8636779785156,2019-05-17,5,256.83306884765625,256.9829406738281,-2.030609130859375,-1.8807373046875,-1.0,-1.0,True,0.7116257862254215,0.2106048278081932,3.0999071896076202e-06,6618,expanding,amazon/chronos-2,29ec3766d36d6f73f0696f85560a422f50e8498c,2.3.1,cpu,6618,6618,8192,False,2019-05-10,standard predictions output (trained 0.5 quantile),0.4778222375025507,8,True,,
SPY,Chronos-2,2019-05-10,258.8636779785156,2019-06-10,20,259.6453857421875,257.4946594238281,0.781707763671875,-1.3690185546875,1.0,-1.0,False,0.7116257862254215,3.0222714803059287,3.0999071896076202e-06,6618,expanding,amazon/chronos-2,29ec3766d36d6f73f0696f85560a422f50e8498c,2.3.1,cpu,6618,6618,8192,False,2019-05-10,standard predictions output (trained 0.5 quantile),0.4778222375025507,8,True,,
SPY,Chronos-2,2019-05-17,256.83306884765625,2019-05-20,1,255.1347503662109,255.34942626953125,-1.698318481445341,-1.483642578125,-1.0,-1.0,True,0.7132513160901429,0.3009821341755639,3.400025889277458e-06,6623,expanding,amazon/chronos-2,29ec3766d36d6f73f0696f85560a422f50e8498c,2.3.1,cpu,6623,6623,8192,False,2019-05-17,standard predictions output (trained 0.5 quantile),0.4778222375025507,8,True,,
SPY,Chronos-2,2019-05-17,256.83306884765625,2019-05-24,5,254.08352661132807,256.009521484375,-2.749542236328182,-0.82354736328125,-1.0,-1.0,True,0.7132513160901429,2.700303286651796,3.400025889277458e-06,6623,expanding,amazon/chronos-2,29ec3766d36d6f73f0696f85560a422f50e8498c,2.3.1,cpu,6623,6623,8192,False,2019-05-17,standard predictions output (trained 0.5 quantile),0.4778222375025507,8,True,,
SPY,Chronos-2,2019-05-17,256.83306884765625,2019-06-17,20,260.0046691894531,256.352294921875,3.171600341796875,-0.48077392578125,1.0,-1.0,False,0.7132513160901429,5.120739611949803,3.400025889277458e-06,6623,expanding,amazon/chronos-2,29ec3766d36d6f73f0696f85560a422f50e8498c,2.3.1,cpu,6623,6623,8192,False,2019-05-17,standard predictions output (trained 0.5 quantile),0.4778222375025507,8,True,,
SPY,Chronos-2,2019-05-24,254.08352661132807,2019-05-28,1,251.72039794921875,252.74301147460938,-2.363128662109318,-1.3405151367186932,-1.0,-1.0,True,0.7139958395611851,1.4322401738630766,3.00002284348011e-06,6628,expanding,amazon/chronos-2,29ec3766d36d6f73f0696f85560a422f50e8498c,2.3.1,cpu,6628,6628,8192,False,2019-05-24,standard predictions output (trained 0.5 quantile),0.4778222375025507,8,True,,
SPY,Chronos-2,2019-05-24,254.08352661132807,2019-06-03,5,246.70672607421875,252.981689453125,-7.376800537109318,-1.1018371582030682,-1.0,-1.0,True,0.7139958395611851,8.78851532631168,3.00002284348011e-06,6628,expanding,amazon/chronos-2,29ec3766d36d6f73f0696f85560a422f50e8498c,2.3.1,cpu,6628,6628,8192,False,2019-05-24,standard predictions output (trained 0.5 quantile),0.4778222375025507,8,True,,
SPY,Chronos-2,2019-05-24,254.08352661132807,2019-06-24,20,265.1246643066406,253.43881225585938,11.041137695312557,-0.6447143554686932,1.0,-1.0,False,0.7139958395611851,16.366834935569457,3.00002284348011e-06,6628,expanding,amazon/chronos-2,29ec3766d36d6f73f0696f85560a422f50e8498c,2.3.1,cpu,6628,6628,8192,False,2019-05-24,standard predictions output (trained 0.5 quantile),0.4778222375025507,8,True,,
SPY,Chronos-2,2019-06-03,246.70672607421875,2019-06-04,1,252.0618438720703,245.78314208984375,5.3551177978515625,-0.923583984375,1.0,-1.0,False,0.7147757906390331,8.784155625378968,2.9999064281582832e-06,6633,expanding,amazon/chronos-2,29ec3766d36d6f73f0696f85560a422f50e8498c,2.3.1,cpu,6633,6633,8192,False,2019-06-03,standard predictions output (trained 0.5 quantile),0.4778222375025507,8,True,,
SPY,Chronos-2,2019-06-03,246.70672607421875,2019-06-10,5,259.6453857421875,245.86373901367188,12.93865966796875,-0.842987060546875,1.0,-1.0,False,0.7147757906390331,19.281076540371323,2.9999064281582832e-06,6633,expanding,amazon/chronos-2,29ec3766d36d6f73f0696f85560a422f50e8498c,2.3.1,cpu,6633,6633,8192,False,2019-06-03,standard predictions output (trained 0.5 quantile),0.4778222375025507,8,True,,
SPY,Chronos-2,2019-06-03,246.70672607421875,2019-07-01,20,266.9485778808594,246.02511596679688,20.241851806640625,-0.681610107421875,1.0,-1.0,False,0.7147757906390331,29.272762435555123,2.9999064281582832e-06,6633,expanding,amazon/chronos-2,29ec3766d36d6f73f0696f85560a422f50e8498c,2.3.1,cpu,6633,6633,8192,False,2019-06-03,standard predictions output (trained 0.5 quantile),0.4778222375025507,8,True,,
SPY,Chronos-2,2019-06-10,259.6453857421875,2019-06-11,1,259.58251953125,258.13330078125,-0.0628662109375,-1.5120849609375,-1.0,-1.0,True,0.7161867866786253,2.0235206470659284,3.200024366378784e-06,6638,expanding,amazon/chronos-2,29ec3766d36d6f73f0696f85560a422f50e8498c,2.3.1,cpu,6638,6638,8192,False,2019-06-10,standard predictions output (trained 0.5 quantile),0.4778222375025507,8,True,,
SPY,Chronos-2,2019-06-10,259.6453857421875,2019-06-17,5,260.0046691894531,258.2248840332031,0.359283447265625,-1.420501708984375,1.0,-1.0,False,0.7161867866786253,2.485085161238312,3.200024366378784e-06,6638,expanding,amazon/chronos-2,29ec3766d36d6f73f0696f85560a422f50e8498c,2.3.1,cpu,6638,6638,8192,False,2019-06-10,standard predictions output (trained 0.5 quantile),0.4778222375025507,8,True,,
SPY,Chronos-2,2019-06-10,259.6453857421875,2019-07-09,20,268.32989501953125,259.6021728515625,8.68450927734375,-0.043212890625,1.0,-1.0,False,0.7161867866786253,12.186376976381084,3.200024366378784e-06,6638,expanding,amazon/chronos-2,29ec3766d36d6f73f0696f85560a422f50e8498c,2.3.1,cpu,6638,6638,8192,False,2019-06-10,standard predictions output (trained 0.5 quantile),0.4778222375025507,8,True,,
SPY,Chronos-2,2019-06-17,260.0046691894531,2019-06-18,1,262.72723388671875,260.22271728515625,2.722564697265625,0.218048095703125,1.0,1.0,True,0.7159452326360219,3.4981957940290758,3.1999079510569572e-06,6643,expanding,amazon/chronos-2,29ec3766d36d6f73f0696f85560a422f50e8498c,2.3.1,cpu,6643,6643,8192,False,2019-06-17,standard predictions output (trained 0.5 quantile),0.4778222375025507,8,True,,
SPY,Chronos-2,2019-06-17,260.0046691894531,2019-06-24,5,265.1246643066406,260.4434814453125,5.1199951171875,0.438812255859375,1.0,1.0,True,0.7159452326360219,6.538465022097553,3.1999079510569572e-06,6643,expanding,amazon/chronos-2,29ec3766d36d6f73f0696f85560a422f50e8498c,2.3.1,cpu,6643,6643,8192,False,2019-06-17,standard predictions output (trained 0.5 quantile),0.4778222375025507,8,True,,
SPY,Chronos-2,2019-06-17,260.0046691894531,2019-07-16,20,270.6684265136719,261.5938720703125,10.66375732421875,1.589202880859375,1.0,1.0,True,0.7159452326360219,12.674928234311983,3.1999079510569572e-06,6643,expanding,amazon/chronos-2,29ec3766d36d6f73f0696f85560a422f50e8498c,2.3.1,cpu,6643,6643,8192,False,2019-06-17,standard predictions output (trained 0.5 quantile),0.4778222375025507,8,True,,
SPY,Chronos-2,2019-06-24,265.1246643066406,2019-06-25,1,262.5243835449219,263.5369567871094,-2.60028076171875,-1.58770751953125,-1.0,-1.0,True,0.7163910525032,1.4134364725095125,3.00002284348011e-06,6648,expanding,amazon/chronos-2,29ec3766d36d6f73f0696f85560a422f50e8498c,2.3.1,cpu,6648,6648,8192,False,2019-06-24,standard predictions output (trained 0.5 quantile),0.48421993749798276,8,True,,
SPY,Chronos-2,2019-06-24,265.1246643066406,2019-07-01,5,266.9485778808594,263.7682189941406,1.82391357421875,-1.3564453125,1.0,-1.0,False,0.7163910525032,4.4394173763142355,3.00002284348011e-06,6648,expanding,amazon/chronos-2,29ec3766d36d6f73f0696f85560a422f50e8498c,2.3.1,cpu,6648,6648,8192,False,2019-06-24,standard predictions output (trained 0.5 quantile),0.48421993749798276,8,True,,
SPY,Chronos-2,2019-06-24,265.1246643066406,2019-07-23,20,270.8941650390625,264.2451477050781,5.769500732421875,-0.8795166015625,1.0,-1.0,False,0.7163910525032,9.281267976130502,3.00002284348011e-06,6648,expanding,amazon/chronos-2,29ec3766d36d6f73f0696f85560a422f50e8498c,2.3.1,cpu,6648,6648,8192,False,2019-06-24,standard predictions output (trained 0.5 quantile),0.48421993749798276,8,True,,
SPY,Chronos-2,2019-07-01,266.9485778808594,2019-07-02,1,267.64373779296875,263.367919921875,0.695159912109375,-3.580657958984375,1.0,-1.0,False,0.7169872852814034,5.963589534806848,3.500026650726795e-06,6653,expanding,amazon/chronos-2,29ec3766d36d6f73f0696f85560a422f50e8498c,2.3.1,cpu,6653,6653,8192,False,2019-07-01,standard predictions output (trained 0.5 quantile),0.48421993749798276,8,True,,
SPY,Chronos-2,2019-07-01,266.9485778808594,2019-07-09,5,268.32989501953125,263.8529052734375,1.381317138671875,-3.095672607421875,1.0,-1.0,False,0.7169872852814034,6.244168952503278,3.500026650726795e-06,6653,expanding,amazon/chronos-2,29ec3766d36d6f73f0696f85560a422f50e8498c,2.3.1,cpu,6653,6653,8192,False,2019-07-01,standard predictions output (trained 0.5 quantile),0.48421993749798276,8,True,,
SPY,Chronos-2,2019-07-01,266.9485778808594,2019-07-30,20,271.5172119140625,264.1185302734375,4.568634033203125,-2.830047607421875,1.0,-1.0,False,0.7169872852814034,10.319125307391138,3.500026650726795e-06,6653,expanding,amazon/chronos-2,29ec3766d36d6f73f0696f85560a422f50e8498c,2.3.1,cpu,6653,6653,8192,False,2019-07-01,standard predictions output (trained 0.5 quantile),0.48421993749798276,8,True,,
SPY,Chronos-2,2019-07-09,268.32989501953125,2019-07-10,1,269.6120300292969,266.9923400878906,1.282135009765625,-1.337554931640625,1.0,-1.0,False,0.7171933112675246,3.6526971184050314,3.300025127828121e-06,6658,expanding,amazon/chronos-2,29ec3766d36d6f73f0696f85560a422f50e8498c,2.3.1,cpu,6658,6658,8192,False,2019-07-09,standard predictions output (trained 0.5 quantile),0.48421993749798276,8,True,,
SPY,Chronos-2,2019-07-09,268.32989501953125,2019-07-16,5,270.6684265136719,267.0345153808594,2.338531494140625,-1.295379638671875,1.0,-1.0,False,0.7171933112675246,5.066850283907615,3.300025127828121e-06,6658,expanding,amazon/chronos-2,29ec3766d36d6f73f0696f85560a422f50e8498c,2.3.1,cpu,6658,6658,8192,False,2019-07-09,standard predictions output (trained 0.5 quantile),0.48421993749798276,8,True,,
SPY,Chronos-2,2019-07-09,268.32989501953125,2019-08-06,20,259.8517761230469,267.51617431640625,-8.478118896484375,-0.813720703125,-1.0,-1.0,True,0.7171933112675246,10.686655986534197,3.300025127828121e-06,6658,expanding,amazon/chronos-2,29ec3766d36d6f73f0696f85560a422f50e8498c,2.3.1,cpu,6658,6658,8192,False,2019-07-09,standard predictions output (trained 0.5 quantile),0.48421993749798276,8,True,,
SPY,Chronos-2,2019-07-16,270.6684265136719,2019-07-17,1,268.8265686035156,268.26080322265625,-1.84185791015625,-2.407623291015625,-1.0,-1.0,True,0.7172689778566433,0.788777151006873,3.400025889277458e-06,6663,expanding,amazon/chronos-2,29ec3766d36d6f73f0696f85560a422f50e8498c,2.3.1,cpu,6663,6663,8192,False,2019-07-16,standard predictions output (trained 0.5 quantile),0.48421993749798276,8,True,,
SPY,Chronos-2,2019-07-16,270.6684265136719,2019-07-23,5,270.8941650390625,268.5542297363281,0.225738525390625,-2.11419677734375,1.0,-1.0,False,0.7172689778566433,3.2622842684854625,3.400025889277458e-06,6663,expanding,amazon/chronos-2,29ec3766d36d6f73f0696f85560a422f50e8498c,2.3.1,cpu,6663,6663,8192,False,2019-07-16,standard predictions output (trained 0.5 quantile),0.48421993749798276,8,True,,
SPY,Chronos-2,2019-07-16,270.6684265136719,2019-08-13,20,264.1405029296875,270.1598205566406,-6.527923583984375,-0.50860595703125,-1.0,-1.0,True,0.7172689778566433,8.391994931859681,3.400025889277458e-06,6663,expanding,amazon/chronos-2,29ec3766d36d6f73f0696f85560a422f50e8498c,2.3.1,cpu,6663,6663,8192,False,2019-07-16,standard predictions output (trained 0.5 quantile),0.48421993749798276,8,True,,
SPY,Chronos-2,2019-07-23,270.8941650390625,2019-07-24,1,272.1672058105469,266.3758850097656,1.273040771484375,-4.518280029296875,1.0,-1.0,False,0.717767044005588,8.068524250517363,3.100023604929447e-06,6668,expanding,amazon/chronos-2,29ec3766d36d6f73f0696f85560a422f50e8498c,2.3.1,cpu,6668,6668,8192,False,2019-07-23,standard predictions output (trained 0.5 quantile),0.48421993749798276,8,True,,
SPY,Chronos-2,2019-07-23,270.8941650390625,2019-07-30,5,271.5172119140625,266.71014404296875,0.623046875,-4.18402099609375,1.0,-1.0,False,0.717767044005588,6.697253532660557,3.100023604929447e-06,6668,expanding,amazon/chronos-2,29ec3766d36d6f73f0696f85560a422f50e8498c,2.3.1,cpu,6668,6668,8192,False,2019-07-23,standard predictions output (trained 0.5 quantile),0.48421993749798276,8,True,,
SPY,Chronos-2,2019-07-23,270.8941650390625,2019-08-20,20,261.91949462890625,267.9071960449219,-8.97467041015625,-2.986968994140625,-1.0,-1.0,True,0.717767044005588,8.342123626351684,3.100023604929447e-06,6668,expanding,amazon/chronos-2,29ec3766d36d6f73f0696f85560a422f50e8498c,2.3.1,cpu,6668,6668,8192,False,2019-07-23,standard predictions output (trained 0.5 quantile),0.48421993749798276,8,True,,
SPY,Chronos-2,2019-07-30,271.5172119140625,2019-07-31,1,268.54669189453125,269.1007995605469,-2.97052001953125,-2.416412353515625,-1.0,-1.0,True,0.7180613659554536,0.7716717432337117,4.999921657145023e-06,6673,expanding,amazon/chronos-2,29ec3766d36d6f73f0696f85560a422f50e8498c,2.3.1,cpu,6673,6673,8192,False,2019-07-30,standard predictions output (trained 0.5 quantile),0.48421993749798276,8,True,,
SPY,Chronos-2,2019-07-30,271.5172119140625,2019-08-06,5,259.8517761230469,269.35345458984375,-11.665435791015625,-2.16375732421875,-1.0,-1.0,True,0.7180613659554536,13.232404523189919,4.999921657145023e-06,6673,expanding,amazon/chronos-2,29ec3766d36d6f73f0696f85560a422f50e8498c,2.3.1,cpu,6673,6673,8192,False,2019-07-30,standard predictions output (trained 0.5 quantile),0.48421993749798276,8,True,,
SPY,Chronos-2,2019-07-30,271.5172119140625,2019-08-27,20,259.0121154785156,270.1701965332031,-12.505096435546875,-1.347015380859375,-1.0,-1.0,True,0.7180613659554536,15.539174760976787,4.999921657145023e-06,6673,expanding,amazon/chronos-2,29ec3766d36d6f73f0696f85560a422f50e8498c,2.3.1,cpu,6673,6673,8192,False,2019-07-30,standard predictions output (trained 0.5 quantile),0.48421993749798276,8,True,,
SPY,Chronos-2,2019-08-06,259.8517761230469,2019-08-07,1,260.0052185058594,259.517578125,0.1534423828125,-0.334197998046875,1.0,-1.0,False,0.7203471258191162,0.676951935228273,3.600027412176132e-06,6678,expanding,amazon/chronos-2,29ec3766d36d6f73f0696f85560a422f50e8498c,2.3.1,cpu,6678,6678,8192,False,2019-08-06,standard predictions output (trained 0.5 quantile),0.48421993749798276,8,True,,
SPY,Chronos-2,2019-08-06,259.8517761230469,2019-08-13,5,264.1405029296875,259.83697509765625,4.288726806640625,-0.014801025390625,1.0,-1.0,False,0.7203471258191162,5.974241692347494,3.600027412176132e-06,6678,expanding,amazon/chronos-2,29ec3766d36d6f73f0696f85560a422f50e8498c,2.3.1,cpu,6678,6678,8192,False,2019-08-06,standard predictions output (trained 0.5 quantile),0.48421993749798276,8,True,,
SPY,Chronos-2,2019-08-06,259.8517761230469,2019-09-04,20,265.48590087890625,260.8981628417969,5.634124755859375,1.04638671875,1.0,1.0,True,0.7203471258191162,6.368787870004476,3.600027412176132e-06,6678,expanding,amazon/chronos-2,29ec3766d36d6f73f0696f85560a422f50e8498c,2.3.1,cpu,6678,6678,8192,False,2019-08-06,standard predictions output (trained 0.5 quantile),0.48421993749798276,8,True,,
SPY,Chronos-2,2019-08-13,264.1405029296875,2019-08-14,1,256.3305358886719,261.8096923828125,-7.809967041015625,-2.330810546875,-1.0,-1.0,True,0.7219497568769322,7.589387546638698,3.400025889277458e-06,6683,expanding,amazon/chronos-2,29ec3766d36d6f73f0696f85560a422f50e8498c,2.3.1,cpu,6683,6683,8192,False,2019-08-13,standard predictions output (trained 0.5 quantile),0.48421993749798276,8,True,,
SPY,Chronos-2,2019-08-13,264.1405029296875,2019-08-20,5,261.91949462890625,262.4602355957031,-2.22100830078125,-1.680267333984375,-1.0,-1.0,True,0.7219497568769322,0.7490008295536457,3.400025889277458e-06,6683,expanding,amazon/chronos-2,29ec3766d36d6f73f0696f85560a422f50e8498c,2.3.1,cpu,6683,6683,8192,False,2019-08-13,standard predictions output (trained 0.5 quantile),0.48421993749798276,8,True,,
SPY,Chronos-2,2019-08-13,264.1405029296875,2019-09-11,20,271.0927429199219,263.5804748535156,6.952239990234375,-0.560028076171875,1.0,-1.0,False,0.7219497568769322,10.405527524385379,3.400025889277458e-06,6683,expanding,amazon/chronos-2,29ec3766d36d6f73f0696f85560a422f50e8498c,2.3.1,cpu,6683,6683,8192,False,2019-08-13,standard predictions output (trained 0.5 quantile),0.48421993749798276,8,True,,
SPY,Chronos-2,2019-08-20,261.91949462890625,2019-08-21,1,264.0503234863281,262.796875,2.130828857421875,0.87738037109375,1.0,1.0,True,0.7240185709799711,1.731238032515605,3.1999079510569572e-06,6688,expanding,amazon/chronos-2,29ec3766d36d6f73f0696f85560a422f50e8498c,2.3.1,cpu,6688,6688,8192,False,2019-08-20,standard predictions output (trained 0.5 quantile),0.47337858749961015,8,True,,
SPY,Chronos-2,2019-08-20,261.91949462890625,2019-08-27,5,259.0121154785156,262.60198974609375,-2.907379150390625,0.6824951171875,-1.0,1.0,False,0.7240185709799711,4.958262690305265,3.1999079510569572e-06,6688,expanding,amazon/chronos-2,29ec3766d36d6f73f0696f85560a422f50e8498c,2.3.1,cpu,6688,6688,8192,False,2019-08-20,standard predictions output (trained 0.5 quantile),0.47337858749961015,8,True,,
SPY,Chronos-2,2019-08-20,261.91949462890625,2019-09-18,20,271.8602294921875,263.73297119140625,9.94073486328125,1.8134765625,1.0,1.0,True,0.7240185709799711,11.225206958132125,3.1999079510569572e-06,6688,expanding,amazon/chronos-2,29ec3766d36d6f73f0696f85560a422f50e8498c,2.3.1,cpu,6688,6688,8192,False,2019-08-20,standard predictions output (trained 0.5 quantile),0.47337858749961015,8,True,,
SPY,Chronos-2,2019-08-27,259.0121154785156,2019-08-28,1,260.8359680175781,258.29937744140625,1.8238525390625,-0.712738037109375,1.0,-1.0,False,0.7253988657037584,3.4968218122466417,3.4999102354049683e-06,6693,expanding,amazon/chronos-2,29ec3766d36d6f73f0696f85560a422f50e8498c,2.3.1,cpu,6693,6693,8192,False,2019-08-27,standard predictions output (trained 0.5 quantile),0.47337858749961015,8,True,,
SPY,Chronos-2,2019-08-27,259.0121154785156,2019-09-04,5,265.48590087890625,258.6470642089844,6.473785400390625,-0.36505126953125,1.0,-1.0,False,0.7253988657037584,9.427691430544295,3.4999102354049683e-06,6693,expanding,amazon/chronos-2,29ec3766d36d6f73f0696f85560a422f50e8498c,2.3.1,cpu,6693,6693,8192,False,2019-08-27,standard predictions output (trained 0.5 quantile),0.47337858749961015,8,True,,
SPY,Chronos-2,2019-08-27,259.0121154785156,2019-09-25,20,269.9591369628906,259.43499755859375,10.947021484375,0.422882080078125,1.0,1.0,True,0.7253988657037584,14.50807259546332,3.4999102354049683e-06,6693,expanding,amazon/chronos-2,29ec3766d36d6f73f0696f85560a422f50e8498c,2.3.1,cpu,6693,6693,8192,False,2019-08-27,standard predictions output (trained 0.5 quantile),0.47337858749961015,8,True,,
SPY,Chronos-2,2019-09-04,265.48590087890625,2019-09-05,1,268.898681640625,264.80792236328125,3.41278076171875,-0.677978515625,1.0,-1.0,False,0.7263200784665855,5.6321715434057715,3.400025889277458e-06,6698,expanding,amazon/chronos-2,29ec3766d36d6f73f0696f85560a422f50e8498c,2.3.1,cpu,6698,6698,8192,False,2019-09-04,standard predictions output (trained 0.5 quantile),0.47337858749961015,8,True,,
SPY,Chronos-2,2019-09-04,265.48590087890625,2019-09-11,5,271.0927429199219,264.923828125,5.606842041015625,-0.56207275390625,1.0,-1.0,False,0.7263200784665855,8.493383258722176,3.400025889277458e-06,6698,expanding,amazon/chronos-2,29ec3766d36d6f73f0696f85560a422f50e8498c,2.3.1,cpu,6698,6698,8192,False,2019-09-04,standard predictions output (trained 0.5 quantile),0.47337858749961015,8,True,,
SPY,Chronos-2,2019-09-04,265.48590087890625,2019-10-02,20,261.2876281738281,265.7850646972656,-4.198272705078125,0.299163818359375,-1.0,1.0,False,0.7263200784665855,6.192086184554521,3.400025889277458e-06,6698,expanding,amazon/chronos-2,29ec3766d36d6f73f0696f85560a422f50e8498c,2.3.1,cpu,6698,6698,8192,False,2019-09-04,standard predictions output (trained 0.5 quantile),0.47337858749961015,8,True,,
SPY,Chronos-2,2019-09-11,271.0927429199219,2019-09-12,1,272.0318298339844,269.6837158203125,0.9390869140625,-1.409027099609375,1.0,-1.0,False,0.7266336359646172,3.2314964480755397,3.3999094739556313e-06,6703,expanding,amazon/chronos-2,29ec3766d36d6f73f0696f85560a422f50e8498c,2.3.1,cpu,6703,6703,8192,False,2019-09-11,standard predictions output (trained 0.5 quantile),0.47337858749961015,8,True,,
SPY,Chronos-2,2019-09-11,271.0927429199219,2019-09-18,5,271.8602294921875,269.92950439453125,0.767486572265625,-1.163238525390625,1.0,-1.0,False,0.7266336359646172,2.6570819214736505,3.3999094739556313e-06,6703,expanding,amazon/chronos-2,29ec3766d36d6f73f0696f85560a422f50e8498c,2.3.1,cpu,6703,6703,8192,False,2019-09-11,standard predictions output (trained 0.5 quantile),0.47337858749961015,8,True,,
SPY,Chronos-2,2019-09-11,271.0927429199219,2019-10-09,20,264.1993408203125,270.16229248046875,-6.893402099609375,-0.930450439453125,-1.0,-1.0,True,0.7266336359646172,8.206269796801164,3.3999094739556313e-06,6703,expanding,amazon/chronos-2,29ec3766d36d6f73f0696f85560a422f50e8498c,2.3.1,cpu,6703,6703,8192,False,2019-09-11,standard predictions output (trained 0.5 quantile),0.47337858749961015,8,True,,
SPY,Chronos-2,2019-09-18,271.8602294921875,2019-09-19,1,271.8422241210937,269.65948486328125,-0.018005371093806843,-2.20074462890625,-1.0,-1.0,True,0.7265106071493782,3.004414851390668,4.700035788118839e-06,6708,expanding,amazon/chronos-2,29ec3766d36d6f73f0696f85560a422f50e8498c,2.3.1,cpu,6708,6708,8192,False,2019-09-18,standard predictions output (trained 0.5 quantile),0.47337858749961015,8,True,,
SPY,Chronos-2,2019-09-18,271.8602294921875,2019-09-25,5,269.9591369628906,269.6139221191406,-1.901092529296875,-2.246307373046875,-1.0,-1.0,True,0.7265106071493782,0.47516834627442706,4.700035788118839e-06,6708,expanding,amazon/chronos-2,29ec3766d36d6f73f0696f85560a422f50e8498c,2.3.1,cpu,6708,6708,8192,False,2019-09-18,standard predictions output (trained 0.5 quantile),0.47337858749961015,8,True,,
SPY,Chronos-2,2019-09-18,271.8602294921875,2019-10-16,20,270.6666564941406,270.1427917480469,-1.193572998046875,-1.717437744140625,-1.0,-1.0,True,0.7265106071493782,0.7210696456989759,4.700035788118839e-06,6708,expanding,amazon/chronos-2,29ec3766d36d6f73f0696f85560a422f50e8498c,2.3.1,cpu,6708,6708,8192,False,2019-09-18,standard predictions output (trained 0.5 quantile),0.47337858749961015,8,True,,
SPY,Chronos-2,2019-09-25,269.9591369628906,2019-09-26,1,269.396728515625,266.9803466796875,-0.562408447265625,-2.978790283203125,-1.0,-1.0,True,0.7267256465088912,3.325026229011634,4.00003045797348e-06,6713,expanding,amazon/chronos-2,29ec3766d36d6f73f0696f85560a422f50e8498c,2.3.1,cpu,6713,6713,8192,False,2019-09-25,standard predictions output (trained 0.5 quantile),0.47337858749961015,8,True,,
SPY,Chronos-2,2019-09-25,269.9591369628906,2019-10-02,5,261.2876281738281,267.06036376953125,-8.6715087890625,-2.898773193359375,-1.0,-1.0,True,0.7267256465088912,7.943486821243618,4.00003045797348e-06,6713,expanding,amazon/chronos-2,29ec3766d36d6f73f0696f85560a422f50e8498c,2.3.1,cpu,6713,6713,8192,False,2019-09-25,standard predictions output (trained 0.5 quantile),0.47337858749961015,8,True,,
SPY,Chronos-2,2019-09-25,269.9591369628906,2019-10-23,20,272.0090637207031,267.62359619140625,2.0499267578125,-2.335540771484375,1.0,-1.0,False,0.7267256465088912,6.03455726430486,4.00003045797348e-06,6713,expanding,amazon/chronos-2,29ec3766d36d6f73f0696f85560a422f50e8498c,2.3.1,cpu,6713,6713,8192,False,2019-09-25,standard predictions output (trained 0.5 quantile),0.47337858749961015,8,True,,
SPY,Chronos-2,2019-10-02,261.2876281738281,2019-10-03,1,263.4283447265625,260.6523742675781,2.140716552734375,-0.63525390625,1.0,-1.0,False,0.7278456841974685,3.813954687448884,4.699919372797012e-06,6718,expanding,amazon/chronos-2,29ec3766d36d6f73f0696f85560a422f50e8498c,2.3.1,cpu,6718,6718,8192,False,2019-10-02,standard predictions output (trained 0.5 quantile),0.47337858749961015,8,True,,
SPY,Chronos-2,2019-10-02,261.2876281738281,2019-10-09,5,264.1993408203125,260.93756103515625,2.911712646484375,-0.350067138671875,1.0,-1.0,False,0.7278456841974685,4.481416673855431,4.699919372797012e-06,6718,expanding,amazon/chronos-2,29ec3766d36d6f73f0696f85560a422f50e8498c,2.3.1,cpu,6718,6718,8192,False,2019-10-02,standard predictions output (trained 0.5 quantile),0.47337858749961015,8,True,,
SPY,Chronos-2,2019-10-02,261.2876281738281,2019-10-30,20,275.87310791015625,261.3355712890625,14.585479736328125,0.047943115234375,1.0,1.0,True,0.7278456841974685,19.973377512189295,4.699919372797012e-06,6718,expanding,amazon/chronos-2,29ec3766d36d6f73f0696f85560a422f50e8498c,2.3.1,cpu,6718,6718,8192,False,2019-10-02,standard predictions output (trained 0.5 quantile),0.47337858749961015,8,True,,
SPY,Chronos-2,2019-10-09,264.1993408203125,2019-10-10,1,265.98614501953125,262.3494873046875,1.78680419921875,-1.849853515625,1.0,-1.0,False,0.7293080979959842,4.986449108184419,6.100046448409557e-06,6723,expanding,amazon/chronos-2,29ec3766d36d6f73f0696f85560a422f50e8498c,2.3.1,cpu,6723,6723,8192,False,2019-10-09,standard predictions output (trained 0.5 quantile),0.47337858749961015,8,True,,
SPY,Chronos-2,2019-10-09,264.1993408203125,2019-10-16,5,270.6666564941406,262.52044677734375,6.467315673828125,-1.67889404296875,1.0,-1.0,False,0.7293080979959842,11.169778231149891,6.100046448409557e-06,6723,expanding,amazon/chronos-2,29ec3766d36d6f73f0696f85560a422f50e8498c,2.3.1,cpu,6723,6723,8192,False,2019-10-09,standard predictions output (trained 0.5 quantile),0.47337858749961015,8,True,,
SPY,Chronos-2,2019-10-09,264.1993408203125,2019-11-06,20,278.5581359863281,263.2132873535156,14.358795166015625,-0.986053466796875,1.0,-1.0,False,0.7293080979959842,21.040282803629303,6.100046448409557e-06,6723,expanding,amazon/chronos-2,29ec3766d36d6f73f0696f85560a422f50e8498c,2.3.1,cpu,6723,6723,8192,False,2019-10-09,standard predictions output (trained 0.5 quantile),0.47337858749961015,8,True,,
SPY,Chronos-2,2019-10-16,270.6666564941406,2019-10-17,1,271.4648132324219,269.0340270996094,0.79815673828125,-1.63262939453125,1.0,-1.0,False,0.7299458285541971,3.3300911351560916,4.199915565550327e-06,6728,expanding,amazon/chronos-2,29ec3766d36d6f73f0696f85560a422f50e8498c,2.3.1,cpu,6728,6728,8192,False,2019-10-16,standard predictions output (trained 0.5 quantile),0.4881027999945218,8,True,,
SPY,Chronos-2,2019-10-16,270.6666564941406,2019-10-23,5,272.0090637207031,269.2659912109375,1.3424072265625,-1.400665283203125,1.0,-1.0,False,0.7299458285541971,3.757912440158506,4.199915565550327e-06,6728,expanding,amazon/chronos-2,29ec3766d36d6f73f0696f85560a422f50e8498c,2.3.1,cpu,6728,6728,8192,False,2019-10-16,standard predictions output (trained 0.5 quantile),0.4881027999945218,8,True,,
SPY,Chronos-2,2019-10-16,270.6666564941406,2019-11-13,20,280.3722839355469,270.57684326171875,9.70562744140625,-0.089813232421875,1.0,-1.0,False,0.7299458285541971,13.419407702116667,4.199915565550327e-06,6728,expanding,amazon/chronos-2,29ec3766d36d6f73f0696f85560a422f50e8498c,2.3.1,cpu,6728,6728,8192,False,2019-10-16,standard predictions output (trained 0.5 quantile),0.4881027999945218,8,True,,
SPY,Chronos-2,2019-10-23,272.0090637207031,2019-10-24,1,272.45343017578125,269.6160888671875,0.444366455078125,-2.392974853515625,1.0,-1.0,False,0.730220140762012,3.885597164757573,4.199915565550327e-06,6733,expanding,amazon/chronos-2,29ec3766d36d6f73f0696f85560a422f50e8498c,2.3.1,cpu,6733,6733,8192,False,2019-10-23,standard predictions output (trained 0.5 quantile),0.4881027999945218,8,True,,
SPY,Chronos-2,2019-10-23,272.0090637207031,2019-10-30,5,275.87310791015625,269.9632568359375,3.864044189453125,-2.045806884765625,1.0,-1.0,False,0.730220140762012,8.09324578208922,4.199915565550327e-06,6733,expanding,amazon/chronos-2,29ec3766d36d6f73f0696f85560a422f50e8498c,2.3.1,cpu,6733,6733,8192,False,2019-10-23,standard predictions output (trained 0.5 quantile),0.4881027999945218,8,True,,
SPY,Chronos-2,2019-10-23,272.0090637207031,2019-11-20,20,281.8868408203125,271.5836486816406,9.877777099609375,-0.4254150390625,1.0,-1.0,False,0.730220140762012,14.109706872670081,4.199915565550327e-06,6733,expanding,amazon/chronos-2,29ec3766d36d6f73f0696f85560a422f50e8498c,2.3.1,cpu,6733,6733,8192,False,2019-10-23,standard predictions output (trained 0.5 quantile),0.4881027999945218,8,True,,
SPY,Chronos-2,2019-10-30,275.87310791015625,2019-10-31,1,275.13836669921875,272.30230712890625,-0.7347412109375,-3.57080078125,-1.0,-1.0,True,0.7302759563213327,3.8835450431625467,3.200024366378784e-06,6738,expanding,amazon/chronos-2,29ec3766d36d6f73f0696f85560a422f50e8498c,2.3.1,cpu,6738,6738,8192,False,2019-10-30,standard predictions output (trained 0.5 quantile),0.4881027999945218,8,True,,
SPY,Chronos-2,2019-10-30,275.87310791015625,2019-11-06,5,278.5581359863281,272.58966064453125,2.685028076171875,-3.283447265625,1.0,-1.0,False,0.7302759563213327,8.172904078428475,3.200024366378784e-06,6738,expanding,amazon/chronos-2,29ec3766d36d6f73f0696f85560a422f50e8498c,2.3.1,cpu,6738,6738,8192,False,2019-10-30,standard predictions output (trained 0.5 quantile),0.4881027999945218,8,True,,
SPY,Chronos-2,2019-10-30,275.87310791015625,2019-11-27,20,286.1592712402344,273.7397766113281,10.286163330078125,-2.133331298828125,1.0,-1.0,False,0.7302759563213327,17.006577474449234,3.200024366378784e-06,6738,expanding,amazon/chronos-2,29ec3766d36d6f73f0696f85560a422f50e8498c,2.3.1,cpu,6738,6738,8192,False,2019-10-30,standard predictions output (trained 0.5 quantile),0.4881027999945218,8,True,,
SPY,Chronos-2,2019-11-06,278.5581359863281,2019-11-07,1,279.5376892089844,275.08428955078125,0.97955322265625,-3.473846435546875,1.0,-1.0,False,0.7304420810677965,6.096855279330189,3.600027412176132e-06,6743,expanding,amazon/chronos-2,29ec3766d36d6f73f0696f85560a422f50e8498c,2.3.1,cpu,6743,6743,8192,False,2019-11-06,standard predictions output (trained 0.5 quantile),0.4881027999945218,8,True,,
SPY,Chronos-2,2019-11-06,278.5581359863281,2019-11-13,5,280.3722839355469,275.4921875,1.81414794921875,-3.065948486328125,1.0,-1.0,False,0.7304420810677965,6.681017649493725,3.600027412176132e-06,6743,expanding,amazon/chronos-2,29ec3766d36d6f73f0696f85560a422f50e8498c,2.3.1,cpu,6743,6743,8192,False,2019-11-06,standard predictions output (trained 0.5 quantile),0.4881027999945218,8,True,,
SPY,Chronos-2,2019-11-06,278.5581359863281,2019-12-05,20,283.0207824707031,276.7060241699219,4.462646484375,-1.85211181640625,1.0,-1.0,False,0.7304420810677965,8.64511843505788,3.600027412176132e-06,6743,expanding,amazon/chronos-2,29ec3766d36d6f73f0696f85560a422f50e8498c,2.3.1,cpu,6743,6743,8192,False,2019-11-06,standard predictions output (trained 0.5 quantile),0.4881027999945218,8,True,,
SPY,Chronos-2,2019-11-13,280.3722839355469,2019-11-14,1,280.7803039550781,276.96966552734375,0.40802001953125,-3.402618408203125,1.0,-1.0,False,0.7303283078521736,5.217706046395904,3.500026650726795e-06,6748,expanding,amazon/chronos-2,29ec3766d36d6f73f0696f85560a422f50e8498c,2.3.1,cpu,6748,6748,8192,False,2019-11-13,standard predictions output (trained 0.5 quantile),0.4881027999945218,8,True,,
SPY,Chronos-2,2019-11-13,280.3722839355469,2019-11-20,5,281.8868408203125,277.6710510253906,1.514556884765625,-2.70123291015625,1.0,-1.0,False,0.7303283078521736,5.772458426704167,3.500026650726795e-06,6748,expanding,amazon/chronos-2,29ec3766d36d6f73f0696f85560a422f50e8498c,2.3.1,cpu,6748,6748,8192,False,2019-11-13,standard predictions output (trained 0.5 quantile),0.4881027999945218,8,True,,
SPY,Chronos-2,2019-11-13,280.3722839355469,2019-12-12,20,287.6558532714844,277.76220703125,7.2835693359375,-2.610076904296875,1.0,-1.0,False,0.7303283078521736,13.546847539472559,3.500026650726795e-06,6748,expanding,amazon/chronos-2,29ec3766d36d6f73f0696f85560a422f50e8498c,2.3.1,cpu,6748,6748,8192,False,2019-11-13,standard predictions output (trained 0.5 quantile),0.4881027999945218,8,True,,
SPY,Chronos-2,2019-11-20,281.8868408203125,2019-11-21,1,281.4334716796875,278.976806640625,-0.453369140625,-2.9100341796875,-1.0,-1.0,True,0.7303476796895975,3.363692536281622,3.300025127828121e-06,6753,expanding,amazon/chronos-2,29ec3766d36d6f73f0696f85560a422f50e8498c,2.3.1,cpu,6753,6753,8192,False,2019-11-20,standard predictions output (trained 0.5 quantile),0.4881027999945218,8,True,,
SPY,Chronos-2,2019-11-20,281.8868408203125,2019-11-27,5,286.1592712402344,279.04168701171875,4.272430419921875,-2.84515380859375,1.0,-1.0,False,0.7303476796895975,9.745473870117099,3.300025127828121e-06,6753,expanding,amazon/chronos-2,29ec3766d36d6f73f0696f85560a422f50e8498c,2.3.1,cpu,6753,6753,8192,False,2019-11-20,standard predictions output (trained 0.5 quantile),0.4881027999945218,8,True,,
SPY,Chronos-2,2019-11-20,281.8868408203125,2019-12-19,20,291.0755310058594,278.8301696777344,9.188690185546875,-3.056671142578125,1.0,-1.0,False,0.7303476796895975,16.766482140847437,3.300025127828121e-06,6753,expanding,amazon/chronos-2,29ec3766d36d6f73f0696f85560a422f50e8498c,2.3.1,cpu,6753,6753,8192,False,2019-11-20,standard predictions output (trained 0.5 quantile),0.4881027999945218,8,True,,
SPY,Chronos-2,2019-11-27,286.1592712402344,2019-11-29,1,285.0979919433594,281.05279541015625,-1.061279296875,-5.106475830078125,-1.0,-1.0,True,0.7305737312365449,5.537013391319668,3.100023604929447e-06,6758,expanding,amazon/chronos-2,29ec3766d36d6f73f0696f85560a422f50e8498c,2.3.1,cpu,6758,6758,8192,False,2019-11-27,standard predictions output (trained 0.5 quantile),0.4881027999945218,8,True,,
SPY,Chronos-2,2019-11-27,286.1592712402344,2019-12-05,5,283.0207824707031,281.5714416503906,-3.13848876953125,-4.58782958984375,-1.0,-1.0,True,0.7305737312365449,1.9838392188826632,3.100023604929447e-06,6758,expanding,amazon/chronos-2,29ec3766d36d6f73f0696f85560a422f50e8498c,2.3.1,cpu,6758,6758,8192,False,2019-11-27,standard predictions output (trained 0.5 quantile),0.4881027999945218,8,True,,
SPY,Chronos-2,2019-11-27,286.1592712402344,2019-12-27,20,294.2931823730469,282.30633544921875,8.1339111328125,-3.852935791015625,1.0,-1.0,False,0.7305737312365449,16.407443097549628,3.100023604929447e-06,6758,expanding,amazon/chronos-2,29ec3766d36d6f73f0696f85560a422f50e8498c,2.3.1,cpu,6758,6758,8192,False,2019-11-27,standard predictions output (trained 0.5 quantile),0.4881027999945218,8,True,,
SPY,Chronos-2,2019-12-05,283.0207824707031,2019-12-06,1,285.6059265136719,280.10125732421875,2.58514404296875,-2.919525146484375,1.0,-1.0,False,0.731160329453729,7.528675952052572,2.9999064281582832e-06,6763,expanding,amazon/chronos-2,29ec3766d36d6f73f0696f85560a422f50e8498c,2.3.1,cpu,6763,6763,8192,False,2019-12-05,standard predictions output (trained 0.5 quantile),0.4881027999945218,8,True,,
SPY,Chronos-2,2019-12-05,283.0207824707031,2019-12-12,5,287.6558532714844,280.46435546875,4.63507080078125,-2.556427001953125,1.0,-1.0,False,0.731160329453729,9.835733030137659,2.9999064281582832e-06,6763,expanding,amazon/chronos-2,29ec3766d36d6f73f0696f85560a422f50e8498c,2.3.1,cpu,6763,6763,8192,False,2019-12-05,standard predictions output (trained 0.5 quantile),0.4881027999945218,8,True,,
SPY,Chronos-2,2019-12-05,283.0207824707031,2020-01-06,20,295.004150390625,281.1064453125,11.983367919921875,-1.914337158203125,1.0,-1.0,False,0.731160329453729,19.007739504286807,2.9999064281582832e-06,6763,expanding,amazon/chronos-2,29ec3766d36d6f73f0696f85560a422f50e8498c,2.3.1,cpu,6763,6763,8192,False,2019-12-05,standard predictions output (trained 0.5 quantile),0.4881027999945218,8,True,,
SPY,Chronos-2,2019-12-12,287.6558532714844,2019-12-13,1,287.8281555175781,282.13836669921875,0.17230224609375,-5.517486572265625,1.0,-1.0,False,0.731664280745556,7.77650210361719,3.00002284348011e-06,6768,expanding,amazon/chronos-2,29ec3766d36d6f73f0696f85560a422f50e8498c,2.3.1,cpu,6768,6768,8192,False,2019-12-12,standard predictions output (trained 0.5 quantile),0.4817677125101909,8,True,,
SPY,Chronos-2,2019-12-12,287.6558532714844,2019-12-19,5,291.0755310058594,282.6021728515625,3.419677734375,-5.053680419921875,1.0,-1.0,False,0.731664280745556,11.580937292254635,3.00002284348011e-06,6768,expanding,amazon/chronos-2,29ec3766d36d6f73f0696f85560a422f50e8498c,2.3.1,cpu,6768,6768,8192,False,2019-12-12,standard predictions output (trained 0.5 quantile),0.4817677125101909,8,True,,
SPY,Chronos-2,2019-12-12,287.6558532714844,2020-01-13,20,298.9327697753906,283.4091796875,11.27691650390625,-4.246673583984375,1.0,-1.0,False,0.731664280745556,21.216821015332737,3.00002284348011e-06,6768,expanding,amazon/chronos-2,29ec3766d36d6f73f0696f85560a422f50e8498c,2.3.1,cpu,6768,6768,8192,False,2019-12-12,standard predictions output (trained 0.5 quantile),0.4817677125101909,8,True,,
SPY,Chronos-2,2019-12-19,291.0755310058594,2019-12-20,1,292.3515930175781,286.38641357421875,1.27606201171875,-4.689117431640625,1.0,-1.0,False,0.7316290409833951,8.153284122431055,2.900022082030773e-06,6773,expanding,amazon/chronos-2,29ec3766d36d6f73f0696f85560a422f50e8498c,2.3.1,cpu,6773,6773,8192,False,2019-12-19,standard predictions output (trained 0.5 quantile),0.4817677125101909,8,True,,
SPY,Chronos-2,2019-12-19,291.0755310058594,2019-12-27,5,294.2931823730469,286.8421325683594,3.2176513671875,-4.2333984375,1.0,-1.0,False,0.7316290409833951,10.184190877213426,2.900022082030773e-06,6773,expanding,amazon/chronos-2,29ec3766d36d6f73f0696f85560a422f50e8498c,2.3.1,cpu,6773,6773,8192,False,2019-12-19,standard predictions output (trained 0.5 quantile),0.4817677125101909,8,True,,
SPY,Chronos-2,2019-12-19,291.0755310058594,2020-01-21,20,301.9862976074219,288.0584716796875,10.9107666015625,-3.017059326171875,1.0,-1.0,False,0.7316290409833951,19.036731933185354,2.900022082030773e-06,6773,expanding,amazon/chronos-2,29ec3766d36d6f73f0696f85560a422f50e8498c,2.3.1,cpu,6773,6773,8192,False,2019-12-19,standard predictions output (trained 0.5 quantile),0.4817677125101909,8,True,,
SPY,Chronos-2,2019-12-27,294.2931823730469,2019-12-30,1,292.6706237792969,289.0187072753906,-1.62255859375,-5.27447509765625,-1.0,-1.0,True,0.7315855314725619,4.991783389367392,3.300025127828121e-06,6778,expanding,amazon/chronos-2,29ec3766d36d6f73f0696f85560a422f50e8498c,2.3.1,cpu,6778,6778,8192,False,2019-12-27,standard predictions output (trained 0.5 quantile),0.4817677125101909,8,True,,
SPY,Chronos-2,2019-12-27,294.2931823730469,2020-01-06,5,295.004150390625,289.262939453125,0.710968017578125,-5.030242919921875,1.0,-1.0,False,0.7315855314725619,7.847627776268186,3.300025127828121e-06,6778,expanding,amazon/chronos-2,29ec3766d36d6f73f0696f85560a422f50e8498c,2.3.1,cpu,6778,6778,8192,False,2019-12-27,standard predictions output (trained 0.5 quantile),0.4817677125101909,8,True,,
SPY,Chronos-2,2019-12-27,294.2931823730469,2020-01-28,20,297.9665832519531,290.9688720703125,3.67340087890625,-3.324310302734375,1.0,-1.0,False,0.7315855314725619,9.565130638321097,3.300025127828121e-06,6778,expanding,amazon/chronos-2,29ec3766d36d6f73f0696f85560a422f50e8498c,2.3.1,cpu,6778,6778,8192,False,2019-12-27,standard predictions output (trained 0.5 quantile),0.4817677125101909,8,True,,
SPY,Chronos-2,2020-01-06,295.004150390625,2020-01-07,1,294.17462158203125,288.6163330078125,-0.82952880859375,-6.3878173828125,-1.0,-1.0,True,0.7322907477344817,7.590275572120307,3.100023604929447e-06,6783,expanding,amazon/chronos-2,29ec3766d36d6f73f0696f85560a422f50e8498c,2.3.1,cpu,6783,6783,8192,False,2020-01-06,standard predictions output (trained 0.5 quantile),0.4817677125101909,8,True,,
SPY,Chronos-2,2020-01-06,295.004150390625,2020-01-13,5,298.9327697753906,289.23468017578125,3.928619384765625,-5.76947021484375,1.0,-1.0,False,0.7322907477344817,13.243496015227228,3.100023604929447e-06,6783,expanding,amazon/chronos-2,29ec3766d36d6f73f0696f85560a422f50e8498c,2.3.1,cpu,6783,6783,8192,False,2020-01-06,standard predictions output (trained 0.5 quantile),0.4817677125101909,8,True,,
SPY,Chronos-2,2020-01-06,295.004150390625,2020-02-04,20,299.944580078125,291.02447509765625,4.9404296875,-3.97967529296875,1.0,-1.0,False,0.7322907477344817,12.181097478105862,3.100023604929447e-06,6783,expanding,amazon/chronos-2,29ec3766d36d6f73f0696f85560a422f50e8498c,2.3.1,cpu,6783,6783,8192,False,2020-01-06,standard predictions output (trained 0.5 quantile),0.4817677125101909,8,True,,
SPY,Chronos-2,2020-01-13,298.9327697753906,2020-01-14,1,298.4770202636719,292.8907470703125,-0.45574951171875,-6.042022705078125,-1.0,-1.0,True,0.7328270355310044,7.6229081659242794,3.900029696524143e-06,6788,expanding,amazon/chronos-2,29ec3766d36d6f73f0696f85560a422f50e8498c,2.3.1,cpu,6788,6788,8192,False,2020-01-13,standard predictions output (trained 0.5 quantile),0.4817677125101909,8,True,,
SPY,Chronos-2,2020-01-13,298.9327697753906,2020-01-21,5,301.9862976074219,293.6507568359375,3.05352783203125,-5.282012939453125,1.0,-1.0,False,0.7328270355310044,11.374499530362531,3.900029696524143e-06,6788,expanding,amazon/chronos-2,29ec3766d36d6f73f0696f85560a422f50e8498c,2.3.1,cpu,6788,6788,8192,False,2020-01-13,standard predictions output (trained 0.5 quantile),0.4817677125101909,8,True,,
SPY,Chronos-2,2020-01-13,298.9327697753906,2020-02-11,20,305.595947265625,295.08099365234375,6.663177490234375,-3.851776123046875,1.0,-1.0,False,0.7328270355310044,14.348479386629268,3.900029696524143e-06,6788,expanding,amazon/chronos-2,29ec3766d36d6f73f0696f85560a422f50e8498c,2.3.1,cpu,6788,6788,8192,False,2020-01-13,standard predictions output (trained 0.5 quantile),0.4817677125101909,8,True,,
SPY,Chronos-2,2020-01-21,301.9862976074219,2020-01-22,1,302.0227966308594,297.6609802246094,0.0364990234375,-4.3253173828125,1.0,-1.0,False,0.7330458240037252,5.950264312845787,3.400025889277458e-06,6793,expanding,amazon/chronos-2,29ec3766d36d6f73f0696f85560a422f50e8498c,2.3.1,cpu,6793,6793,8192,False,2020-01-21,standard predictions output (trained 0.5 quantile),0.4817677125101909,8,True,,
SPY,Chronos-2,2020-01-21,301.9862976074219,2020-01-28,5,297.9665832519531,298.218994140625,-4.01971435546875,-3.767303466796875,-1.0,-1.0,True,0.7330458240037252,0.34433166441528257,3.400025889277458e-06,6793,expanding,amazon/chronos-2,29ec3766d36d6f73f0696f85560a422f50e8498c,2.3.1,cpu,6793,6793,8192,False,2020-01-21,standard predictions output (trained 0.5 quantile),0.4817677125101909,8,True,,
SPY,Chronos-2,2020-01-21,301.9862976074219,2020-02-19,20,308.4034729003906,299.34564208984375,6.41717529296875,-2.640655517578125,1.0,-1.0,False,0.7330458240037252,12.356431909092828,3.400025889277458e-06,6793,expanding,amazon/chronos-2,29ec3766d36d6f73f0696f85560a422f50e8498c,2.3.1,cpu,6793,6793,8192,False,2020-01-21,standard predictions output (trained 0.5 quantile),0.4817677125101909,8,True,,
SPY,Chronos-2,2020-01-28,297.9665832519531,2020-01-29,1,297.7205505371094,293.86749267578125,-0.24603271484375,-4.099090576171875,-1.0,-1.0,True,0.7341199142188909,5.248540172660767,3.100023604929447e-06,6798,expanding,amazon/chronos-2,29ec3766d36d6f73f0696f85560a422f50e8498c,2.3.1,cpu,6798,6798,8192,False,2020-01-28,standard predictions output (trained 0.5 quantile),0.4817677125101909,8,True,,
SPY,Chronos-2,2020-01-28,297.9665832519531,2020-02-04,5,299.944580078125,294.51214599609375,1.977996826171875,-3.454437255859375,1.0,-1.0,False,0.7341199142188909,7.399927418957707,3.100023604929447e-06,6798,expanding,amazon/chronos-2,29ec3766d36d6f73f0696f85560a422f50e8498c,2.3.1,cpu,6798,6798,8192,False,2020-01-28,standard predictions output (trained 0.5 quantile),0.4817677125101909,8,True,,
SPY,Chronos-2,2020-01-28,297.9665832519531,2020-02-26,20,283.9382629394531,294.16021728515625,-14.0283203125,-3.806365966796875,-1.0,-1.0,True,0.7341199142188909,13.924093527117243,3.100023604929447e-06,6798,expanding,amazon/chronos-2,29ec3766d36d6f73f0696f85560a422f50e8498c,2.3.1,cpu,6798,6798,8192,False,2020-01-28,standard predictions output (trained 0.5 quantile),0.4817677125101909,8,True,,
SPY,Chronos-2,2020-02-04,299.944580078125,2020-02-05,1,303.4083251953125,294.97393798828125,3.4637451171875,-4.97064208984375,1.0,-1.0,False,0.7355381192546914,11.466961380027014,3.100023604929447e-06,6803,expanding,amazon/chronos-2,29ec3766d36d6f73f0696f85560a422f50e8498c,2.3.1,cpu,6803,6803,8192,False,2020-02-04,standard predictions output (trained 0.5 quantile),0.4817677125101909,8,True,,
SPY,Chronos-2,2020-02-04,299.944580078125,2020-02-11,5,305.595947265625,294.9860534667969,5.6513671875,-4.958526611328125,1.0,-1.0,False,0.7355381192546914,14.42466885275634,3.100023604929447e-06,6803,expanding,amazon/chronos-2,29ec3766d36d6f73f0696f85560a422f50e8498c,2.3.1,cpu,6803,6803,8192,False,2020-02-04,standard predictions output (trained 0.5 quantile),0.4817677125101909,8,True,,
SPY,Chronos-2,2020-02-04,299.944580078125,2020-03-04,20,285.1778564453125,294.66156005859375,-14.7667236328125,-5.28302001953125,-1.0,-1.0,True,0.7355381192546914,12.893558287490158,3.100023604929447e-06,6803,expanding,amazon/chronos-2,29ec3766d36d6f73f0696f85560a422f50e8498c,2.3.1,cpu,6803,6803,8192,False,2020-02-04,standard predictions output (trained 0.5 quantile),0.4817677125101909,8,True,,
SPY,Chronos-2,2020-02-11,305.595947265625,2020-02-12,1,307.56494140625,301.50885009765625,1.968994140625,-4.08709716796875,1.0,-1.0,False,0.7363048086646933,8.224978619352791,3.500026650726795e-06,6808,expanding,amazon/chronos-2,29ec3766d36d6f73f0696f85560a422f50e8498c,2.3.1,cpu,6808,6808,8192,False,2020-02-11,standard predictions output (trained 0.5 quantile),0.49291030000313185,8,True,,
SPY,Chronos-2,2020-02-11,305.595947265625,2020-02-19,5,308.4034729003906,301.7351989746094,2.807525634765625,-3.860748291015625,1.0,-1.0,False,0.7363048086646933,9.05640415125677,3.500026650726795e-06,6808,expanding,amazon/chronos-2,29ec3766d36d6f73f0696f85560a422f50e8498c,2.3.1,cpu,6808,6808,8192,False,2020-02-11,standard predictions output (trained 0.5 quantile),0.49291030000313185,8,True,,
SPY,Chronos-2,2020-02-11,305.595947265625,2020-03-11,20,250.08447265625,302.9862976074219,-55.511474609375,-2.609649658203125,-1.0,-1.0,True,0.7363048086646933,71.84772437804749,3.500026650726795e-06,6808,expanding,amazon/chronos-2,29ec3766d36d6f73f0696f85560a422f50e8498c,2.3.1,cpu,6808,6808,8192,False,2020-02-11,standard predictions output (trained 0.5 quantile),0.49291030000313185,8,True,,
SPY,Chronos-2,2020-02-19,308.4034729003906,2020-02-20,1,307.136474609375,303.587890625,-1.266998291015625,-4.815582275390625,-1.0,-1.0,True,0.736505667461904,4.818135339818755,3.700028173625469e-06,6813,expanding,amazon/chronos-2,29ec3766d36d6f73f0696f85560a422f50e8498c,2.3.1,cpu,6813,6813,8192,False,2020-02-19,standard predictions output (trained 0.5 quantile),0.49291030000313185,8,True,,
SPY,Chronos-2,2020-02-19,308.4034729003906,2020-02-26,5,283.9382629394531,304.2315673828125,-24.4652099609375,-4.171905517578125,-1.0,-1.0,True,0.736505667461904,27.55349393751821,3.700028173625469e-06,6813,expanding,amazon/chronos-2,29ec3766d36d6f73f0696f85560a422f50e8498c,2.3.1,cpu,6813,6813,8192,False,2020-02-19,standard predictions output (trained 0.5 quantile),0.49291030000313185,8,True,,
SPY,Chronos-2,2020-02-19,308.4034729003906,2020-03-18,20,218.7646484375,305.7674560546875,-89.63882446289062,-2.636016845703125,-1.0,-1.0,True,0.736505667461904,118.12917600079126,3.700028173625469e-06,6813,expanding,amazon/chronos-2,29ec3766d36d6f73f0696f85560a422f50e8498c,2.3.1,cpu,6813,6813,8192,False,2020-02-19,standard predictions output (trained 0.5 quantile),0.49291030000313185,8,True,,
SPY,Chronos-2,2020-02-26,283.9382629394531,2020-02-27,1,271.18609619140625,283.96929931640625,-12.752166748046875,0.031036376953125,-1.0,1.0,False,0.7395543225335819,17.285009005433185,3.600027412176132e-06,6818,expanding,amazon/chronos-2,29ec3766d36d6f73f0696f85560a422f50e8498c,2.3.1,cpu,6818,6818,8192,False,2020-02-26,standard predictions output (trained 0.5 quantile),0.49291030000313185,8,True,,
SPY,Chronos-2,2020-02-26,283.9382629394531,2020-03-04,5,285.1778564453125,285.02496337890625,1.239593505859375,1.086700439453125,1.0,1.0,True,0.7395543225335819,0.20673676259840587,3.600027412176132e-06,6818,expanding,amazon/chronos-2,29ec3766d36d6f73f0696f85560a422f50e8498c,2.3.1,cpu,6818,6818,8192,False,2020-02-26,standard predictions output (trained 0.5 quantile),0.49291030000313185,8,True,,
SPY,Chronos-2,2020-02-26,283.9382629394531,2020-03-25,20,226.27664184570312,286.74627685546875,-57.66162109375,2.808013916015625,-1.0,1.0,False,0.7395543225335819,81.76496731518975,3.600027412176132e-06,6818,expanding,amazon/chronos-2,29ec3766d36d6f73f0696f85560a422f50e8498c,2.3.1,cpu,6818,6818,8192,False,2020-02-26,standard predictions output (trained 0.5 quantile),0.49291030000313185,8,True,,
SPY,Chronos-2,2020-03-04,285.1778564453125,2020-03-05,1,275.6981811523437,286.57147216796875,-9.479675292968807,1.39361572265625,-1.0,1.0,False,0.7456315453539706,14.58265960362933,3.400025889277458e-06,6823,expanding,amazon/chronos-2,29ec3766d36d6f73f0696f85560a422f50e8498c,2.3.1,cpu,6823,6823,8192,False,2020-03-04,standard predictions output (trained 0.5 quantile),0.49291030000313185,8,True,,
SPY,Chronos-2,2020-03-04,285.1778564453125,2020-03-11,5,250.08447265625,288.43365478515625,-35.0933837890625,3.25579833984375,-1.0,1.0,False,0.7456315453539706,51.431812894532115,3.400025889277458e-06,6823,expanding,amazon/chronos-2,29ec3766d36d6f73f0696f85560a422f50e8498c,2.3.1,cpu,6823,6823,8192,False,2020-03-04,standard predictions output (trained 0.5 quantile),0.49291030000313185,8,True,,
SPY,Chronos-2,2020-03-04,285.1778564453125,2020-04-01,20,225.6898498535156,291.5382385253906,-59.4880065917969,6.360382080078125,-1.0,1.0,False,0.7456315453539706,88.31223555679246,3.400025889277458e-06,6823,expanding,amazon/chronos-2,29ec3766d36d6f73f0696f85560a422f50e8498c,2.3.1,cpu,6823,6823,8192,False,2020-03-04,standard predictions output (trained 0.5 quantile),0.49291030000313185,8,True,,
SPY,Chronos-2,2020-03-11,250.08447265625,2020-03-12,1,226.1570587158203,255.02374267578125,-23.927413940429688,4.93927001953125,-1.0,1.0,False,0.7540150674943157,38.28396169308454,3.500026650726795e-06,6828,expanding,amazon/chronos-2,29ec3766d36d6f73f0696f85560a422f50e8498c,2.3.1,cpu,6828,6828,8192,False,2020-03-11,standard predictions output (trained 0.5 quantile),0.49291030000313185,8,True,,
SPY,Chronos-2,2020-03-11,250.08447265625,2020-03-18,5,218.7646484375,256.4256591796875,-31.31982421875,6.3411865234375,-1.0,1.0,False,0.7540150674943157,49.947291991577366,3.500026650726795e-06,6828,expanding,amazon/chronos-2,29ec3766d36d6f73f0696f85560a422f50e8498c,2.3.1,cpu,6828,6828,8192,False,2020-03-11,standard predictions output (trained 0.5 quantile),0.49291030000313185,8,True,,
SPY,Chronos-2,2020-03-11,250.08447265625,2020-04-08,20,251.25245666503903,262.3598937988281,1.167984008789034,12.275421142578125,1.0,1.0,True,0.7540150674943157,14.731054607039171,3.500026650726795e-06,6828,expanding,amazon/chronos-2,29ec3766d36d6f73f0696f85560a422f50e8498c,2.3.1,cpu,6828,6828,8192,False,2020-03-11,standard predictions output (trained 0.5 quantile),0.49291030000313185,8,True,,
SPY,Chronos-2,2020-03-18,218.7646484375,2020-03-19,1,219.22952270507807,223.8731231689453,0.46487426757806816,5.1084747314453125,1.0,1.0,True,0.7671627082646034,6.052953843874294,3.400025889277458e-06,6833,expanding,amazon/chronos-2,29ec3766d36d6f73f0696f85560a422f50e8498c,2.3.1,cpu,6833,6833,8192,False,2020-03-18,standard predictions output (trained 0.5 quantile),0.49291030000313185,8,True,,
SPY,Chronos-2,2020-03-18,218.7646484375,2020-03-25,5,226.27664184570312,224.71347045898438,7.511993408203125,5.948822021484375,1.0,1.0,True,0.7671627082646034,2.0376008503525878,3.400025889277458e-06,6833,expanding,amazon/chronos-2,29ec3766d36d6f73f0696f85560a422f50e8498c,2.3.1,cpu,6833,6833,8192,False,2020-03-18,standard predictions output (trained 0.5 quantile),0.49291030000313185,8,True,,
SPY,Chronos-2,2020-03-18,218.7646484375,2020-04-16,20,255.9009704589844,229.97134399414062,37.1363220214844,11.206695556640625,1.0,1.0,True,0.7671627082646034,33.799383345286834,3.400025889277458e-06,6833,expanding,amazon/chronos-2,29ec3766d36d6f73f0696f85560a422f50e8498c,2.3.1,cpu,6833,6833,8192,False,2020-03-18,standard predictions output (trained 0.5 quantile),0.49291030000313185,8,True,,
SPY,Chronos-2,2020-03-25,226.27664184570312,2020-03-26,1,239.4889068603516,226.3462371826172,13.212265014648466,0.0695953369140625,1.0,1.0,True,0.7720330810100517,17.023454047512878,3.400025889277458e-06,6838,expanding,amazon/chronos-2,29ec3766d36d6f73f0696f85560a422f50e8498c,2.3.1,cpu,6838,6838,8192,False,2020-03-25,standard predictions output (trained 0.5 quantile),0.49291030000313185,8,True,,
SPY,Chronos-2,2020-03-25,226.27664184570312,2020-04-01,5,225.6898498535156,227.46087646484375,-0.5867919921875284,1.184234619140625,-1.0,1.0,False,0.7720330810100517,2.2939776220613726,3.400025889277458e-06,6838,expanding,amazon/chronos-2,29ec3766d36d6f73f0696f85560a422f50e8498c,2.3.1,cpu,6838,6838,8192,False,2020-03-25,standard predictions output (trained 0.5 quantile),0.49291030000313185,8,True,,
SPY,Chronos-2,2020-03-25,226.27664184570312,2020-04-23,20,255.88265991210935,233.3632354736328,29.60601806640622,7.0865936279296875,1.0,1.0,True,0.7720330810100517,29.16898898815883,3.400025889277458e-06,6838,expanding,amazon/chronos-2,29ec3766d36d6f73f0696f85560a422f50e8498c,2.3.1,cpu,6838,6838,8192,False,2020-03-25,standard predictions output (trained 0.5 quantile),0.49291030000313185,8,True,,
SPY,Chronos-2,2020-04-01,225.6898498535156,2020-04-02,1,230.897705078125,225.97702026367188,5.207855224609403,0.2871704101562784,1.0,1.0,True,0.7776225395838235,6.327857750993985,3.00002284348011e-06,6843,expanding,amazon/chronos-2,29ec3766d36d6f73f0696f85560a422f50e8498c,2.3.1,cpu,6843,6843,8192,False,2020-04-01,standard predictions output (trained 0.5 quantile),0.49291030000313185,8,True,,
SPY,Chronos-2,2020-04-01,225.6898498535156,2020-04-08,5,251.25245666503903,226.1866455078125,25.562606811523438,0.4967956542969034,1.0,1.0,True,0.7776225395838235,32.23390511628113,3.00002284348011e-06,6843,expanding,amazon/chronos-2,29ec3766d36d6f73f0696f85560a422f50e8498c,2.3.1,cpu,6843,6843,8192,False,2020-04-01,standard predictions output (trained 0.5 quantile),0.49291030000313185,8,True,,
SPY,Chronos-2,2020-04-01,225.6898498535156,2020-04-30,20,266.33514404296875,230.22091674804688,40.64529418945315,4.531066894531278,1.0,1.0,True,0.7776225395838235,46.441847370126226,3.00002284348011e-06,6843,expanding,amazon/chronos-2,29ec3766d36d6f73f0696f85560a422f50e8498c,2.3.1,cpu,6843,6843,8192,False,2020-04-01,standard predictions output (trained 0.5 quantile),0.49291030000313185,8,True,,
SPY,Chronos-2,2020-04-08,251.25245666503903,2020-04-09,1,255.0758514404297,255.4307861328125,3.8233947753906534,4.178329467773466,1.0,1.0,True,0.7817629366629975,0.4540183164705566,3.5999109968543053e-06,6848,expanding,amazon/chronos-2,29ec3766d36d6f73f0696f85560a422f50e8498c,2.3.1,cpu,6848,6848,8192,False,2020-04-08,standard predictions output (trained 0.5 quantile),0.498484424999333,8,True,,
SPY,Chronos-2,2020-04-08,251.25245666503903,2020-04-16,5,255.9009704589844,257.40484619140625,4.648513793945369,6.152389526367216,1.0,1.0,True,0.7817629366629975,1.923697916456914,3.5999109968543053e-06,6848,expanding,amazon/chronos-2,29ec3766d36d6f73f0696f85560a422f50e8498c,2.3.1,cpu,6848,6848,8192,False,2020-04-08,standard predictions output (trained 0.5 quantile),0.498484424999333,8,True,,
SPY,Chronos-2,2020-04-08,251.25245666503903,2020-05-07,20,263.767822265625,263.3897399902344,12.515365600585966,12.137283325195341,1.0,1.0,True,0.7817629366629975,0.48362778236135384,3.5999109968543053e-06,6848,expanding,amazon/chronos-2,29ec3766d36d6f73f0696f85560a422f50e8498c,2.3.1,cpu,6848,6848,8192,False,2020-04-08,standard predictions output (trained 0.5 quantile),0.498484424999333,8,True,,
SPY,Chronos-2,2020-04-16,255.9009704589844,2020-04-17,1,262.81427001953125,255.87689208984375,6.913299560546847,-0.02407836914065342,1.0,-1.0,False,0.7841644610011365,8.846840522242752,3.700028173625469e-06,6853,expanding,amazon/chronos-2,29ec3766d36d6f73f0696f85560a422f50e8498c,2.3.1,cpu,6853,6853,8192,False,2020-04-16,standard predictions output (trained 0.5 quantile),0.498484424999333,8,True,,
SPY,Chronos-2,2020-04-16,255.9009704589844,2020-04-23,5,255.88265991210935,256.88470458984375,-0.018310546875056843,0.9837341308593466,-1.0,1.0,False,0.7841644610011365,1.2778501546156542,3.700028173625469e-06,6853,expanding,amazon/chronos-2,29ec3766d36d6f73f0696f85560a422f50e8498c,2.3.1,cpu,6853,6853,8192,False,2020-04-16,standard predictions output (trained 0.5 quantile),0.498484424999333,8,True,,
SPY,Chronos-2,2020-04-16,255.9009704589844,2020-05-14,20,261.2831115722656,261.031005859375,5.382141113281222,5.130035400390597,1.0,1.0,True,0.7841644610011365,0.32149596854818396,3.700028173625469e-06,6853,expanding,amazon/chronos-2,29ec3766d36d6f73f0696f85560a422f50e8498c,2.3.1,cpu,6853,6853,8192,False,2020-04-16,standard predictions output (trained 0.5 quantile),0.498484424999333,8,True,,
SPY,Chronos-2,2020-04-23,255.88265991210935,2020-04-24,1,259.4493408203125,256.67864990234375,3.5666809082031534,0.7959899902344034,1.0,1.0,True,0.7872323454408617,3.5195338885842173,2.800021320581436e-06,6858,expanding,amazon/chronos-2,29ec3766d36d6f73f0696f85560a422f50e8498c,2.3.1,cpu,6858,6858,8192,False,2020-04-23,standard predictions output (trained 0.5 quantile),0.498484424999333,8,True,,
SPY,Chronos-2,2020-04-23,255.88265991210935,2020-04-30,5,266.33514404296875,258.05126953125,10.452484130859403,2.1686096191406534,1.0,1.0,True,0.7872323454408617,10.522782199808695,2.800021320581436e-06,6858,expanding,amazon/chronos-2,29ec3766d36d6f73f0696f85560a422f50e8498c,2.3.1,cpu,6858,6858,8192,False,2020-04-23,standard predictions output (trained 0.5 quantile),0.498484424999333,8,True,,
SPY,Chronos-2,2020-04-23,255.88265991210935,2020-05-21,20,270.3694152832031,265.6194763183594,14.486755371093778,9.736816406250028,1.0,1.0,True,0.7872323454408617,6.033719260079073,2.800021320581436e-06,6858,expanding,amazon/chronos-2,29ec3766d36d6f73f0696f85560a422f50e8498c,2.3.1,cpu,6858,6858,8192,False,2020-04-23,standard predictions output (trained 0.5 quantile),0.498484424999333,8,True,,
SPY,Chronos-2,2020-04-30,266.33514404296875,2020-05-01,1,259.2842712402344,265.1369323730469,-7.050872802734375,-1.198211669921875,-1.0,-1.0,True,0.789264263129728,7.415337810436912,3.00002284348011e-06,6863,expanding,amazon/chronos-2,29ec3766d36d6f73f0696f85560a422f50e8498c,2.3.1,cpu,6863,6863,8192,False,2020-04-30,standard predictions output (trained 0.5 quantile),0.498484424999333,8,True,,
SPY,Chronos-2,2020-04-30,266.33514404296875,2020-05-07,5,263.767822265625,266.06658935546875,-2.56732177734375,-0.2685546875,-1.0,-1.0,True,0.789264263129728,2.912544248143554,3.00002284348011e-06,6863,expanding,amazon/chronos-2,29ec3766d36d6f73f0696f85560a422f50e8498c,2.3.1,cpu,6863,6863,8192,False,2020-04-30,standard predictions output (trained 0.5 quantile),0.498484424999333,8,True,,
SPY,Chronos-2,2020-04-30,266.33514404296875,2020-05-29,20,279.02471923828125,271.0689697265625,12.6895751953125,4.73382568359375,1.0,1.0,True,0.789264263129728,10.079956591688603,3.00002284348011e-06,6863,expanding,amazon/chronos-2,29ec3766d36d6f73f0696f85560a422f50e8498c,2.3.1,cpu,6863,6863,8192,False,2020-04-30,standard predictions output (trained 0.5 quantile),0.498484424999333,8,True,,
SPY,Chronos-2,2020-05-07,263.767822265625,2020-05-08,1,268.1322021484375,263.7902526855469,4.3643798828125,0.022430419921875,1.0,1.0,True,0.7908873118495986,5.489972335927833,2.7999049052596092e-06,6868,expanding,amazon/chronos-2,29ec3766d36d6f73f0696f85560a422f50e8498c,2.3.1,cpu,6868,6868,8192,False,2020-05-07,standard predictions output (trained 0.5 quantile),0.498484424999333,8,True,,
SPY,Chronos-2,2020-05-07,263.767822265625,2020-05-14,5,261.2831115722656,264.753662109375,-2.484710693359375,0.98583984375,-1.0,1.0,False,0.7908873118495986,4.388173239235582,2.7999049052596092e-06,6868,expanding,amazon/chronos-2,29ec3766d36d6f73f0696f85560a422f50e8498c,2.3.1,cpu,6868,6868,8192,False,2020-05-07,standard predictions output (trained 0.5 quantile),0.498484424999333,8,True,,
SPY,Chronos-2,2020-05-07,263.767822265625,2020-06-05,20,292.7962341308594,269.8628234863281,29.028411865234375,6.095001220703125,1.0,1.0,True,0.7908873118495986,28.997064816855286,2.7999049052596092e-06,6868,expanding,amazon/chronos-2,29ec3766d36d6f73f0696f85560a422f50e8498c,2.3.1,cpu,6868,6868,8192,False,2020-05-07,standard predictions output (trained 0.5 quantile),0.498484424999333,8,True,,
SPY,Chronos-2,2020-05-14,261.2831115722656,2020-05-15,1,262.48419189453125,259.2620544433594,1.201080322265625,-2.02105712890625,1.0,-1.0,False,0.7928588842762783,4.063948219629326,2.900022082030773e-06,6873,expanding,amazon/chronos-2,29ec3766d36d6f73f0696f85560a422f50e8498c,2.3.1,cpu,6873,6873,8192,False,2020-05-14,standard predictions output (trained 0.5 quantile),0.498484424999333,8,True,,
SPY,Chronos-2,2020-05-14,261.2831115722656,2020-05-21,5,270.3694152832031,259.7899169921875,9.0863037109375,-1.493194580078125,1.0,-1.0,False,0.7928588842762783,13.343482050620638,2.900022082030773e-06,6873,expanding,amazon/chronos-2,29ec3766d36d6f73f0696f85560a422f50e8498c,2.3.1,cpu,6873,6873,8192,False,2020-05-14,standard predictions output (trained 0.5 quantile),0.498484424999333,8,True,,
SPY,Chronos-2,2020-05-14,261.2831115722656,2020-06-12,20,278.92388916015625,263.3730163574219,17.640777587890625,2.08990478515625,1.0,1.0,True,0.7928588842762783,19.61367036572872,2.900022082030773e-06,6873,expanding,amazon/chronos-2,29ec3766d36d6f73f0696f85560a422f50e8498c,2.3.1,cpu,6873,6873,8192,False,2020-05-14,standard predictions output (trained 0.5 quantile),0.498484424999333,8,True,,
SPY,Chronos-2,2020-05-21,270.3694152832031,2020-05-22,1,270.8828430175781,269.4172668457031,0.513427734375,-0.9521484375,1.0,-1.0,False,0.7949583090476665,1.8435887205590835,2.800021320581436e-06,6878,expanding,amazon/chronos-2,29ec3766d36d6f73f0696f85560a422f50e8498c,2.3.1,cpu,6878,6878,8192,False,2020-05-21,standard predictions output (trained 0.5 quantile),0.498484424999333,8,True,,
SPY,Chronos-2,2020-05-21,270.3694152832031,2020-05-29,5,279.02471923828125,270.2330322265625,8.655303955078125,-0.136383056640625,1.0,-1.0,False,0.7949583090476665,11.059305766928706,2.800021320581436e-06,6878,expanding,amazon/chronos-2,29ec3766d36d6f73f0696f85560a422f50e8498c,2.3.1,cpu,6878,6878,8192,False,2020-05-21,standard predictions output (trained 0.5 quantile),0.498484424999333,8,True,,
SPY,Chronos-2,2020-05-21,270.3694152832031,2020-06-19,20,284.2308654785156,275.5801696777344,13.8614501953125,5.21075439453125,1.0,1.0,True,0.7949583090476665,10.881949030942886,2.800021320581436e-06,6878,expanding,amazon/chronos-2,29ec3766d36d6f73f0696f85560a422f50e8498c,2.3.1,cpu,6878,6878,8192,False,2020-05-21,standard predictions output (trained 0.5 quantile),0.498484424999333,8,True,,
SPY,Chronos-2,2020-05-29,279.02471923828125,2020-06-01,1,280.1524963378906,278.2110290527344,1.127777099609375,-0.813690185546875,1.0,-1.0,False,0.795787627251472,2.4396801592175783,3.00002284348011e-06,6883,expanding,amazon/chronos-2,29ec3766d36d6f73f0696f85560a422f50e8498c,2.3.1,cpu,6883,6883,8192,False,2020-05-29,standard predictions output (trained 0.5 quantile),0.498484424999333,8,True,,
SPY,Chronos-2,2020-05-29,279.02471923828125,2020-06-05,5,292.7962341308594,279.36053466796875,13.771514892578125,0.3358154296875,1.0,1.0,True,0.795787627251472,16.883523948839798,3.00002284348011e-06,6883,expanding,amazon/chronos-2,29ec3766d36d6f73f0696f85560a422f50e8498c,2.3.1,cpu,6883,6883,8192,False,2020-05-29,standard predictions output (trained 0.5 quantile),0.498484424999333,8,True,,
SPY,Chronos-2,2020-05-29,279.02471923828125,2020-06-26,20,276.32037353515625,284.88671875,-2.704345703125,5.86199951171875,-1.0,1.0,False,0.795787627251472,10.764612217496504,3.00002284348011e-06,6883,expanding,amazon/chronos-2,29ec3766d36d6f73f0696f85560a422f50e8498c,2.3.1,cpu,6883,6883,8192,False,2020-05-29,standard predictions output (trained 0.5 quantile),0.498484424999333,8,True,,
SPY,Chronos-2,2020-06-05,292.7962341308594,2020-06-08,1,296.33544921875,290.2549133300781,3.539215087890625,-2.54132080078125,1.0,-1.0,False,0.7974278536004913,7.625186229973607,3.1999079510569572e-06,6888,expanding,amazon/chronos-2,29ec3766d36d6f73f0696f85560a422f50e8498c,2.3.1,cpu,6888,6888,8192,False,2020-06-05,standard predictions output (trained 0.5 quantile),0.512619925008039,8,True,,
SPY,Chronos-2,2020-06-05,292.7962341308594,2020-06-12,5,278.92388916015625,291.2043151855469,-13.872344970703125,-1.5919189453125,-1.0,-1.0,True,0.7974278536004913,15.40004649943301,3.1999079510569572e-06,6888,expanding,amazon/chronos-2,29ec3766d36d6f73f0696f85560a422f50e8498c,2.3.1,cpu,6888,6888,8192,False,2020-06-05,standard predictions output (trained 0.5 quantile),0.512619925008039,8,True,,
SPY,Chronos-2,2020-06-05,292.7962341308594,2020-07-06,20,291.9757995605469,296.8634948730469,-0.8204345703125,4.0672607421875,-1.0,1.0,False,0.7974278536004913,6.129326045524262,3.1999079510569572e-06,6888,expanding,amazon/chronos-2,29ec3766d36d6f73f0696f85560a422f50e8498c,2.3.1,cpu,6888,6888,8192,False,2020-06-05,standard predictions output (trained 0.5 quantile),0.512619925008039,8,True,,
SPY,Chronos-2,2020-06-12,278.92388916015625,2020-06-15,1,281.5278625488281,278.1460876464844,2.603973388671875,-0.777801513671875,1.0,-1.0,False,0.8008470729002067,4.222747409311131,3.8000289350748062e-06,6893,expanding,amazon/chronos-2,29ec3766d36d6f73f0696f85560a422f50e8498c,2.3.1,cpu,6893,6893,8192,False,2020-06-12,standard predictions output (trained 0.5 quantile),0.512619925008039,8,True,,
SPY,Chronos-2,2020-06-12,278.92388916015625,2020-06-19,5,284.2308654785156,279.32861328125,5.306976318359375,0.40472412109375,1.0,1.0,True,0.8008470729002067,6.1213337266907795,3.8000289350748062e-06,6893,expanding,amazon/chronos-2,29ec3766d36d6f73f0696f85560a422f50e8498c,2.3.1,cpu,6893,6893,8192,False,2020-06-12,standard predictions output (trained 0.5 quantile),0.512619925008039,8,True,,
SPY,Chronos-2,2020-06-12,278.92388916015625,2020-07-13,20,289.9406433105469,284.55718994140625,11.016754150390625,5.63330078125,1.0,1.0,True,0.8008470729002067,6.72219897070343,3.8000289350748062e-06,6893,expanding,amazon/chronos-2,29ec3766d36d6f73f0696f85560a422f50e8498c,2.3.1,cpu,6893,6893,8192,False,2020-06-12,standard predictions output (trained 0.5 quantile),0.512619925008039,8,True,,
SPY,Chronos-2,2020-06-19,284.2308654785156,2020-06-22,1,286.0543518066406,284.54010009765625,1.823486328125,0.309234619140625,1.0,1.0,True,0.8018553795910617,1.8884349316913336,3.0999071896076202e-06,6898,expanding,amazon/chronos-2,29ec3766d36d6f73f0696f85560a422f50e8498c,2.3.1,cpu,6898,6898,8192,False,2020-06-19,standard predictions output (trained 0.5 quantile),0.512619925008039,8,True,,
SPY,Chronos-2,2020-06-19,284.2308654785156,2020-06-26,5,276.32037353515625,285.4615173339844,-7.910491943359375,1.23065185546875,-1.0,1.0,False,0.8018553795910617,11.399990611137408,3.0999071896076202e-06,6898,expanding,amazon/chronos-2,29ec3766d36d6f73f0696f85560a422f50e8498c,2.3.1,cpu,6898,6898,8192,False,2020-06-19,standard predictions output (trained 0.5 quantile),0.512619925008039,8,True,,
SPY,Chronos-2,2020-06-19,284.2308654785156,2020-07-20,20,298.6708374023437,288.1401062011719,14.439971923828068,3.90924072265625,1.0,1.0,True,0.8018553795910617,13.132955728927561,3.0999071896076202e-06,6898,expanding,amazon/chronos-2,29ec3766d36d6f73f0696f85560a422f50e8498c,2.3.1,cpu,6898,6898,8192,False,2020-06-19,standard predictions output (trained 0.5 quantile),0.512619925008039,8,True,,
SPY,Chronos-2,2020-06-26,276.32037353515625,2020-06-29,1,280.38153076171875,273.8541259765625,4.0611572265625,-2.46624755859375,1.0,-1.0,False,0.8042005419005731,8.116638133232273,2.800021320581436e-06,6903,expanding,amazon/chronos-2,29ec3766d36d6f73f0696f85560a422f50e8498c,2.3.1,cpu,6903,6903,8192,False,2020-06-26,standard predictions output (trained 0.5 quantile),0.512619925008039,8,True,,
SPY,Chronos-2,2020-06-26,276.32037353515625,2020-07-06,5,291.9757995605469,274.77490234375,15.655426025390625,-1.54547119140625,1.0,-1.0,False,0.8042005419005731,21.38881575004397,2.800021320581436e-06,6903,expanding,amazon/chronos-2,29ec3766d36d6f73f0696f85560a422f50e8498c,2.3.1,cpu,6903,6903,8192,False,2020-06-26,standard predictions output (trained 0.5 quantile),0.512619925008039,8,True,,
SPY,Chronos-2,2020-06-26,276.32037353515625,2020-07-27,20,297.657958984375,277.4647216796875,21.33758544921875,1.14434814453125,1.0,1.0,True,0.8042005419005731,25.10970367784716,2.800021320581436e-06,6903,expanding,amazon/chronos-2,29ec3766d36d6f73f0696f85560a422f50e8498c,2.3.1,cpu,6903,6903,8192,False,2020-06-26,standard predictions output (trained 0.5 quantile),0.512619925008039,8,True,,
SPY,Chronos-2,2020-07-06,291.9757995605469,2020-07-07,1,288.9645080566406,293.12799072265625,-3.01129150390625,1.152191162109375,-1.0,1.0,False,0.8058849813556024,5.1663485017577955,2.900022082030773e-06,6908,expanding,amazon/chronos-2,29ec3766d36d6f73f0696f85560a422f50e8498c,2.3.1,cpu,6908,6908,8192,False,2020-07-06,standard predictions output (trained 0.5 quantile),0.512619925008039,8,True,,
SPY,Chronos-2,2020-07-06,291.9757995605469,2020-07-13,5,289.9406433105469,294.11822509765625,-2.03515625,2.142425537109375,-1.0,1.0,False,0.8058849813556024,5.183843704447928,2.900022082030773e-06,6908,expanding,amazon/chronos-2,29ec3766d36d6f73f0696f85560a422f50e8498c,2.3.1,cpu,6908,6908,8192,False,2020-07-06,standard predictions output (trained 0.5 quantile),0.512619925008039,8,True,,
SPY,Chronos-2,2020-07-06,291.9757995605469,2020-08-03,20,302.787353515625,296.60003662109375,10.811553955078125,4.624237060546875,1.0,1.0,True,0.8058849813556024,7.677667455873648,2.900022082030773e-06,6908,expanding,amazon/chronos-2,29ec3766d36d6f73f0696f85560a422f50e8498c,2.3.1,cpu,6908,6908,8192,False,2020-07-06,standard predictions output (trained 0.5 quantile),0.512619925008039,8,True,,
SPY,Chronos-2,2020-07-13,289.9406433105469,2020-07-14,1,293.6979675292969,289.9139404296875,3.75732421875,-0.026702880859375,1.0,-1.0,False,0.8070913255214693,4.688474500905433,3.1999079510569572e-06,6913,expanding,amazon/chronos-2,29ec3766d36d6f73f0696f85560a422f50e8498c,2.3.1,cpu,6913,6913,8192,False,2020-07-13,standard predictions output (trained 0.5 quantile),0.512619925008039,8,True,,
SPY,Chronos-2,2020-07-13,289.9406433105469,2020-07-20,5,298.6708374023437,290.3626403808594,8.730194091796818,0.4219970703125,1.0,1.0,True,0.8070913255214693,10.293998657607073,3.1999079510569572e-06,6913,expanding,amazon/chronos-2,29ec3766d36d6f73f0696f85560a422f50e8498c,2.3.1,cpu,6913,6913,8192,False,2020-07-13,standard predictions output (trained 0.5 quantile),0.512619925008039,8,True,,
SPY,Chronos-2,2020-07-13,289.9406433105469,2020-08-10,20,309.0311584472656,292.54754638671875,19.09051513671875,2.606903076171875,1.0,1.0,True,0.8070913255214693,20.42347816078516,3.1999079510569572e-06,6913,expanding,amazon/chronos-2,29ec3766d36d6f73f0696f85560a422f50e8498c,2.3.1,cpu,6913,6913,8192,False,2020-07-13,standard predictions output (trained 0.5 quantile),0.512619925008039,8,True,,
SPY,Chronos-2,2020-07-20,298.6708374023437,2020-07-21,1,299.3064270019531,295.10052490234375,0.6355895996094318,-3.570312499999943,1.0,-1.0,False,0.8080523188823874,5.204987352089447,2.800021320581436e-06,6918,expanding,amazon/chronos-2,29ec3766d36d6f73f0696f85560a422f50e8498c,2.3.1,cpu,6918,6918,8192,False,2020-07-20,standard predictions output (trained 0.5 quantile),0.512619925008039,8,True,,
SPY,Chronos-2,2020-07-20,298.6708374023437,2020-07-27,5,297.657958984375,296.1780700683594,-1.0128784179686932,-2.492767333984318,-1.0,-1.0,True,0.8080523188823874,1.83142710123331,2.800021320581436e-06,6918,expanding,amazon/chronos-2,29ec3766d36d6f73f0696f85560a422f50e8498c,2.3.1,cpu,6918,6918,8192,False,2020-07-20,standard predictions output (trained 0.5 quantile),0.512619925008039,8,True,,
SPY,Chronos-2,2020-07-20,298.6708374023437,2020-08-17,20,311.18609619140625,298.56036376953125,12.515258789062557,-0.11047363281244316,1.0,-1.0,False,0.8080523188823874,15.624894733719197,2.800021320581436e-06,6918,expanding,amazon/chronos-2,29ec3766d36d6f73f0696f85560a422f50e8498c,2.3.1,cpu,6918,6918,8192,False,2020-07-20,standard predictions output (trained 0.5 quantile),0.512619925008039,8,True,,
SPY,Chronos-2,2020-07-27,297.657958984375,2020-07-28,1,295.7700500488281,294.37994384765625,-1.887908935546875,-3.27801513671875,-1.0,-1.0,True,0.8089135067203219,1.7184855854465264,3.100023604929447e-06,6923,expanding,amazon/chronos-2,29ec3766d36d6f73f0696f85560a422f50e8498c,2.3.1,cpu,6923,6923,8192,False,2020-07-27,standard predictions output (trained 0.5 quantile),0.512619925008039,8,True,,
SPY,Chronos-2,2020-07-27,297.657958984375,2020-08-03,5,302.787353515625,295.1297607421875,5.12939453125,-2.5281982421875,1.0,-1.0,False,0.8089135067203219,9.466516147671493,3.100023604929447e-06,6923,expanding,amazon/chronos-2,29ec3766d36d6f73f0696f85560a422f50e8498c,2.3.1,cpu,6923,6923,8192,False,2020-07-27,standard predictions output (trained 0.5 quantile),0.512619925008039,8,True,,
SPY,Chronos-2,2020-07-27,297.657958984375,2020-08-24,20,315.7999267578125,298.11651611328125,18.1419677734375,0.45855712890625,1.0,1.0,True,0.8089135067203219,21.86069400204144,3.100023604929447e-06,6923,expanding,amazon/chronos-2,29ec3766d36d6f73f0696f85560a422f50e8498c,2.3.1,cpu,6923,6923,8192,False,2020-07-27,standard predictions output (trained 0.5 quantile),0.512619925008039,8,True,,
SPY,Chronos-2,2020-08-03,302.787353515625,2020-08-04,1,303.9569396972656,298.3036804199219,1.169586181640625,-4.483673095703125,1.0,-1.0,False,0.8099236293532246,6.979990547822683,2.900022082030773e-06,6928,expanding,amazon/chronos-2,29ec3766d36d6f73f0696f85560a422f50e8498c,2.3.1,cpu,6928,6928,8192,False,2020-08-03,standard predictions output (trained 0.5 quantile),0.5404877250111895,8,True,,
SPY,Chronos-2,2020-08-03,302.787353515625,2020-08-10,5,309.0311584472656,299.43829345703125,6.243804931640625,-3.34906005859375,1.0,-1.0,False,0.8099236293532246,11.844159921466776,2.900022082030773e-06,6928,expanding,amazon/chronos-2,29ec3766d36d6f73f0696f85560a422f50e8498c,2.3.1,cpu,6928,6928,8192,False,2020-08-03,standard predictions output (trained 0.5 quantile),0.5404877250111895,8,True,,
SPY,Chronos-2,2020-08-03,302.787353515625,2020-08-31,20,321.6845397949219,302.21417236328125,18.897186279296875,-0.57318115234375,1.0,-1.0,False,0.8099236293532246,24.03975723882627,2.900022082030773e-06,6928,expanding,amazon/chronos-2,29ec3766d36d6f73f0696f85560a422f50e8498c,2.3.1,cpu,6928,6928,8192,False,2020-08-03,standard predictions output (trained 0.5 quantile),0.5404877250111895,8,True,,
SPY,Chronos-2,2020-08-10,309.0311584472656,2020-08-11,1,306.480224609375,303.986572265625,-2.550933837890625,-5.044586181640625,-1.0,-1.0,True,0.8102401594722198,3.077670632093,2.900022082030773e-06,6933,expanding,amazon/chronos-2,29ec3766d36d6f73f0696f85560a422f50e8498c,2.3.1,cpu,6933,6933,8192,False,2020-08-10,standard predictions output (trained 0.5 quantile),0.5404877250111895,8,True,,
SPY,Chronos-2,2020-08-10,309.0311584472656,2020-08-17,5,311.18609619140625,305.07244873046875,2.154937744140625,-3.958709716796875,1.0,-1.0,False,0.8102401594722198,7.545475732676411,2.900022082030773e-06,6933,expanding,amazon/chronos-2,29ec3766d36d6f73f0696f85560a422f50e8498c,2.3.1,cpu,6933,6933,8192,False,2020-08-10,standard predictions output (trained 0.5 quantile),0.5404877250111895,8,True,,
SPY,Chronos-2,2020-08-10,309.0311584472656,2020-09-08,20,306.8577575683594,308.4980163574219,-2.17340087890625,-0.53314208984375,-1.0,-1.0,True,0.8102401594722198,2.0244106267590385,2.900022082030773e-06,6933,expanding,amazon/chronos-2,29ec3766d36d6f73f0696f85560a422f50e8498c,2.3.1,cpu,6933,6933,8192,False,2020-08-10,standard predictions output (trained 0.5 quantile),0.5404877250111895,8,True,,
SPY,Chronos-2,2020-08-17,311.18609619140625,2020-08-18,1,311.8584289550781,306.662353515625,0.672332763671875,-4.52374267578125,1.0,-1.0,False,0.8108642421951725,6.408070758412412,3.100023604929447e-06,6938,expanding,amazon/chronos-2,29ec3766d36d6f73f0696f85560a422f50e8498c,2.3.1,cpu,6938,6938,8192,False,2020-08-17,standard predictions output (trained 0.5 quantile),0.5404877250111895,8,True,,
SPY,Chronos-2,2020-08-17,311.18609619140625,2020-08-24,5,315.7999267578125,307.949462890625,4.61383056640625,-3.23663330078125,1.0,-1.0,False,0.8108642421951725,9.681600764555503,3.100023604929447e-06,6938,expanding,amazon/chronos-2,29ec3766d36d6f73f0696f85560a422f50e8498c,2.3.1,cpu,6938,6938,8192,False,2020-08-17,standard predictions output (trained 0.5 quantile),0.5404877250111895,8,True,,
SPY,Chronos-2,2020-08-17,311.18609619140625,2020-09-15,20,313.2674560546875,311.05841064453125,2.08135986328125,-0.127685546875,1.0,-1.0,False,0.8108642421951725,2.724309810697682,3.100023604929447e-06,6938,expanding,amazon/chronos-2,29ec3766d36d6f73f0696f85560a422f50e8498c,2.3.1,cpu,6938,6938,8192,False,2020-08-17,standard predictions output (trained 0.5 quantile),0.5404877250111895,8,True,,
SPY,Chronos-2,2020-08-24,315.7999267578125,2020-08-25,1,316.9049377441406,308.8995666503906,1.105010986328125,-6.900360107421875,1.0,-1.0,False,0.8113189549996992,9.867107189370385,3.300025127828121e-06,6943,expanding,amazon/chronos-2,29ec3766d36d6f73f0696f85560a422f50e8498c,2.3.1,cpu,6943,6943,8192,False,2020-08-24,standard predictions output (trained 0.5 quantile),0.5404877250111895,8,True,,
SPY,Chronos-2,2020-08-24,315.7999267578125,2020-08-31,5,321.6845397949219,309.958984375,5.884613037109375,-5.8409423828125,1.0,-1.0,False,0.8113189549996992,14.452460832652704,3.300025127828121e-06,6943,expanding,amazon/chronos-2,29ec3766d36d6f73f0696f85560a422f50e8498c,2.3.1,cpu,6943,6943,8192,False,2020-08-24,standard predictions output (trained 0.5 quantile),0.5404877250111895,8,True,,
SPY,Chronos-2,2020-08-24,315.7999267578125,2020-09-22,20,305.3955078125,312.5724182128906,-10.4044189453125,-3.227508544921875,-1.0,-1.0,True,0.8113189549996992,8.845978953361548,3.300025127828121e-06,6943,expanding,amazon/chronos-2,29ec3766d36d6f73f0696f85560a422f50e8498c,2.3.1,cpu,6943,6943,8192,False,2020-08-24,standard predictions output (trained 0.5 quantile),0.5404877250111895,8,True,,
SPY,Chronos-2,2020-08-31,321.6845397949219,2020-09-01,1,324.7142639160156,317.1255798339844,3.02972412109375,-4.5589599609375,1.0,-1.0,False,0.8119187921315661,9.346604802813276,3.0999071896076202e-06,6948,expanding,amazon/chronos-2,29ec3766d36d6f73f0696f85560a422f50e8498c,2.3.1,cpu,6948,6948,8192,False,2020-08-31,standard predictions output (trained 0.5 quantile),0.5404877250111895,8,True,,
SPY,Chronos-2,2020-08-31,321.6845397949219,2020-09-08,5,306.8577575683594,318.220458984375,-14.8267822265625,-3.464080810546875,-1.0,-1.0,True,0.8119187921315661,13.994874273305863,3.0999071896076202e-06,6948,expanding,amazon/chronos-2,29ec3766d36d6f73f0696f85560a422f50e8498c,2.3.1,cpu,6948,6948,8192,False,2020-08-31,standard predictions output (trained 0.5 quantile),0.5404877250111895,8,True,,
SPY,Chronos-2,2020-08-31,321.6845397949219,2020-09-29,20,307.3095397949219,320.5999755859375,-14.375,-1.084564208984375,-1.0,-1.0,True,0.8119187921315661,16.369168837838647,3.0999071896076202e-06,6948,expanding,amazon/chronos-2,29ec3766d36d6f73f0696f85560a422f50e8498c,2.3.1,cpu,6948,6948,8192,False,2020-08-31,standard predictions output (trained 0.5 quantile),0.5404877250111895,8,True,,
SPY,Chronos-2,2020-09-08,306.8577575683594,2020-09-09,1,312.9174499511719,308.1163330078125,6.0596923828125,1.258575439453125,1.0,1.0,True,0.8156903961585501,5.885954972585157,2.900022082030773e-06,6953,expanding,amazon/chronos-2,29ec3766d36d6f73f0696f85560a422f50e8498c,2.3.1,cpu,6953,6953,8192,False,2020-09-08,standard predictions output (trained 0.5 quantile),0.5404877250111895,8,True,,
SPY,Chronos-2,2020-09-08,306.8577575683594,2020-09-15,5,313.2674560546875,309.5191650390625,6.409698486328125,2.661407470703125,1.0,1.0,True,0.8156903961585501,4.595237400461467,2.900022082030773e-06,6953,expanding,amazon/chronos-2,29ec3766d36d6f73f0696f85560a422f50e8498c,2.3.1,cpu,6953,6953,8192,False,2020-09-08,standard predictions output (trained 0.5 quantile),0.5404877250111895,8,True,,
SPY,Chronos-2,2020-09-08,306.8577575683594,2020-10-06,20,309.676513671875,310.98974609375,2.818756103515625,4.131988525390625,1.0,1.0,True,0.8156903961585501,1.6099643051574435,2.900022082030773e-06,6953,expanding,amazon/chronos-2,29ec3766d36d6f73f0696f85560a422f50e8498c,2.3.1,cpu,6953,6953,8192,False,2020-09-08,standard predictions output (trained 0.5 quantile),0.5404877250111895,8,True,,
SPY,Chronos-2,2020-09-15,313.2674560546875,2020-09-16,1,312.0241394042969,307.115966796875,-1.243316650390625,-6.1514892578125,-1.0,-1.0,True,0.8175874879789609,6.003238405170136,2.700020559132099e-06,6958,expanding,amazon/chronos-2,29ec3766d36d6f73f0696f85560a422f50e8498c,2.3.1,cpu,6958,6958,8192,False,2020-09-15,standard predictions output (trained 0.5 quantile),0.5404877250111895,8,True,,
SPY,Chronos-2,2020-09-15,313.2674560546875,2020-09-22,5,305.3955078125,307.8212890625,-7.8719482421875,-5.4461669921875,-1.0,-1.0,True,0.8175874879789609,2.9669989886910098,2.700020559132099e-06,6958,expanding,amazon/chronos-2,29ec3766d36d6f73f0696f85560a422f50e8498c,2.3.1,cpu,6958,6958,8192,False,2020-09-15,standard predictions output (trained 0.5 quantile),0.5404877250111895,8,True,,
SPY,Chronos-2,2020-09-15,313.2674560546875,2020-10-13,20,323.7303466796875,309.3214111328125,10.462890625,-3.946044921875,1.0,-1.0,False,0.8175874879789609,17.623723159576762,2.700020559132099e-06,6958,expanding,amazon/chronos-2,29ec3766d36d6f73f0696f85560a422f50e8498c,2.3.1,cpu,6958,6958,8192,False,2020-09-15,standard predictions output (trained 0.5 quantile),0.5404877250111895,8,True,,
SPY,Chronos-2,2020-09-22,305.3955078125,2020-09-23,1,298.3132019042969,303.31878662109375,-7.082305908203125,-2.07672119140625,-1.0,-1.0,True,0.8190154952586505,6.111709419143625,2.900022082030773e-06,6963,expanding,amazon/chronos-2,29ec3766d36d6f73f0696f85560a422f50e8498c,2.3.1,cpu,6963,6963,8192,False,2020-09-22,standard predictions output (trained 0.5 quantile),0.5404877250111895,8,True,,
SPY,Chronos-2,2020-09-22,305.3955078125,2020-09-29,5,307.3095397949219,304.28326416015625,1.914031982421875,-1.11224365234375,1.0,-1.0,False,0.8190154952586505,3.695016336424633,2.900022082030773e-06,6963,expanding,amazon/chronos-2,29ec3766d36d6f73f0696f85560a422f50e8498c,2.3.1,cpu,6963,6963,8192,False,2020-09-22,standard predictions output (trained 0.5 quantile),0.5404877250111895,8,True,,
SPY,Chronos-2,2020-09-22,305.3955078125,2020-10-20,20,317.4893493652344,306.2479248046875,12.093841552734375,0.8524169921875,1.0,1.0,True,0.8190154952586505,13.72553343083791,2.900022082030773e-06,6963,expanding,amazon/chronos-2,29ec3766d36d6f73f0696f85560a422f50e8498c,2.3.1,cpu,6963,6963,8192,False,2020-09-22,standard predictions output (trained 0.5 quantile),0.5404877250111895,8,True,,
SPY,Chronos-2,2020-09-29,307.3095397949219,2020-09-30,1,309.63946533203125,306.10858154296875,2.329925537109375,-1.200958251953125,1.0,-1.0,False,0.8212185845033537,4.299566346514021,3.3999094739556313e-06,6968,expanding,amazon/chronos-2,29ec3766d36d6f73f0696f85560a422f50e8498c,2.3.1,cpu,6968,6968,8192,False,2020-09-29,standard predictions output (trained 0.5 quantile),0.5651635750109563,8,True,,
SPY,Chronos-2,2020-09-29,307.3095397949219,2020-10-06,5,309.676513671875,307.35345458984375,2.366973876953125,0.043914794921875,1.0,1.0,True,0.8212185845033537,2.8287950685336236,3.3999094739556313e-06,6968,expanding,amazon/chronos-2,29ec3766d36d6f73f0696f85560a422f50e8498c,2.3.1,cpu,6968,6968,8192,False,2020-09-29,standard predictions output (trained 0.5 quantile),0.5651635750109563,8,True,,
SPY,Chronos-2,2020-09-29,307.3095397949219,2020-10-27,20,312.7184143066406,309.643310546875,5.40887451171875,2.333770751953125,1.0,1.0,True,0.8212185845033537,3.7445618228736843,3.3999094739556313e-06,6968,expanding,amazon/chronos-2,29ec3766d36d6f73f0696f85560a422f50e8498c,2.3.1,cpu,6968,6968,8192,False,2020-09-29,standard predictions output (trained 0.5 quantile),0.5651635750109563,8,True,,
SPY,Chronos-2,2020-10-06,309.676513671875,2020-10-07,1,315.06689453125,308.523193359375,5.390380859375,-1.1533203125,1.0,-1.0,False,0.8230989634546139,7.95007825597368,3.300025127828121e-06,6973,expanding,amazon/chronos-2,29ec3766d36d6f73f0696f85560a422f50e8498c,2.3.1,cpu,6973,6973,8192,False,2020-10-06,standard predictions output (trained 0.5 quantile),0.5651635750109563,8,True,,
SPY,Chronos-2,2020-10-06,309.676513671875,2020-10-13,5,323.7303466796875,308.81103515625,14.0538330078125,-0.865478515625,1.0,-1.0,False,0.8230989634546139,18.125780964198917,3.300025127828121e-06,6973,expanding,amazon/chronos-2,29ec3766d36d6f73f0696f85560a422f50e8498c,2.3.1,cpu,6973,6973,8192,False,2020-10-06,standard predictions output (trained 0.5 quantile),0.5651635750109563,8,True,,
SPY,Chronos-2,2020-10-06,309.676513671875,2020-11-03,20,310.6935119628906,311.4851379394531,1.016998291015625,1.808624267578125,1.0,1.0,True,0.8230989634546139,0.9617628155428368,3.300025127828121e-06,6973,expanding,amazon/chronos-2,29ec3766d36d6f73f0696f85560a422f50e8498c,2.3.1,cpu,6973,6973,8192,False,2020-10-06,standard predictions output (trained 0.5 quantile),0.5651635750109563,8,True,,
SPY,Chronos-2,2020-10-13,323.7303466796875,2020-10-14,1,321.6962280273437,321.4641418457031,-2.034118652343807,-2.266204833984375,-1.0,-1.0,True,0.8251330143437956,0.28127123458408654,5.100038833916187e-06,6978,expanding,amazon/chronos-2,29ec3766d36d6f73f0696f85560a422f50e8498c,2.3.1,cpu,6978,6978,8192,False,2020-10-13,standard predictions output (trained 0.5 quantile),0.5651635750109563,8,True,,
SPY,Chronos-2,2020-10-13,323.7303466796875,2020-10-20,5,317.4893493652344,322.8131103515625,-6.240997314453125,-0.917236328125,-1.0,-1.0,True,0.8251330143437956,6.452003366465657,5.100038833916187e-06,6978,expanding,amazon/chronos-2,29ec3766d36d6f73f0696f85560a422f50e8498c,2.3.1,cpu,6978,6978,8192,False,2020-10-13,standard predictions output (trained 0.5 quantile),0.5651635750109563,8,True,,
SPY,Chronos-2,2020-10-13,323.7303466796875,2020-11-10,20,327.3456420898437,325.9319152832031,3.615295410156193,2.201568603515625,1.0,1.0,True,0.8251330143437956,1.7133320107969068,5.100038833916187e-06,6978,expanding,amazon/chronos-2,29ec3766d36d6f73f0696f85560a422f50e8498c,2.3.1,cpu,6978,6978,8192,False,2020-10-13,standard predictions output (trained 0.5 quantile),0.5651635750109563,8,True,,
SPY,Chronos-2,2020-10-20,317.4893493652344,2020-10-21,1,316.8883972167969,314.94140625,-0.6009521484375,-2.547943115234375,-1.0,-1.0,True,0.8257988290778551,2.357706136458224,3.600027412176132e-06,6983,expanding,amazon/chronos-2,29ec3766d36d6f73f0696f85560a422f50e8498c,2.3.1,cpu,6983,6983,8192,False,2020-10-20,standard predictions output (trained 0.5 quantile),0.5651635750109563,8,True,,
SPY,Chronos-2,2020-10-20,317.4893493652344,2020-10-27,5,312.7184143066406,315.86907958984375,-4.77093505859375,-1.620269775390625,-1.0,-1.0,True,0.8257988290778551,3.8152939581197747,3.600027412176132e-06,6983,expanding,amazon/chronos-2,29ec3766d36d6f73f0696f85560a422f50e8498c,2.3.1,cpu,6983,6983,8192,False,2020-10-20,standard predictions output (trained 0.5 quantile),0.5651635750109563,8,True,,
SPY,Chronos-2,2020-10-20,317.4893493652344,2020-11-17,20,333.42938232421875,317.73333740234375,15.940032958984375,0.243988037109375,1.0,1.0,True,0.8257988290778551,19.00710484102079,3.600027412176132e-06,6983,expanding,amazon/chronos-2,29ec3766d36d6f73f0696f85560a422f50e8498c,2.3.1,cpu,6983,6983,8192,False,2020-10-20,standard predictions output (trained 0.5 quantile),0.5651635750109563,8,True,,
SPY,Chronos-2,2020-10-27,312.7184143066406,2020-10-28,1,302.02996826171875,310.5480041503906,-10.688446044921875,-2.17041015625,-1.0,-1.0,True,0.8266979035721057,10.303686330721318,3.100023604929447e-06,6988,expanding,amazon/chronos-2,29ec3766d36d6f73f0696f85560a422f50e8498c,2.3.1,cpu,6988,6988,8192,False,2020-10-27,standard predictions output (trained 0.5 quantile),0.5651635750109563,8,True,,
SPY,Chronos-2,2020-10-27,312.7184143066406,2020-11-03,5,310.6935119628906,311.60076904296875,-2.02490234375,-1.117645263671875,-1.0,-1.0,True,0.8266979035721057,1.0974469345548459,3.100023604929447e-06,6988,expanding,amazon/chronos-2,29ec3766d36d6f73f0696f85560a422f50e8498c,2.3.1,cpu,6988,6988,8192,False,2020-10-27,standard predictions output (trained 0.5 quantile),0.5651635750109563,8,True,,
SPY,Chronos-2,2020-10-27,312.7184143066406,2020-11-24,20,335.8334045410156,312.63836669921875,23.114990234375,-0.080047607421875,1.0,-1.0,False,0.8266979035721057,28.057453323121646,3.100023604929447e-06,6988,expanding,amazon/chronos-2,29ec3766d36d6f73f0696f85560a422f50e8498c,2.3.1,cpu,6988,6988,8192,False,2020-10-27,standard predictions output (trained 0.5 quantile),0.5651635750109563,8,True,,
SPY,Chronos-2,2020-11-03,310.6935119628906,2020-11-04,1,317.6373291015625,307.66717529296875,6.943817138671875,-3.026336669921875,1.0,-1.0,False,0.8297842372745892,12.015356957539389,3.00002284348011e-06,6993,expanding,amazon/chronos-2,29ec3766d36d6f73f0696f85560a422f50e8498c,2.3.1,cpu,6993,6993,8192,False,2020-11-03,standard predictions output (trained 0.5 quantile),0.5651635750109563,8,True,,
SPY,Chronos-2,2020-11-03,310.6935119628906,2020-11-10,5,327.3456420898437,308.5351867675781,16.652130126953068,-2.1583251953125,1.0,-1.0,False,0.8297842372745892,22.66909212935661,3.00002284348011e-06,6993,expanding,amazon/chronos-2,29ec3766d36d6f73f0696f85560a422f50e8498c,2.3.1,cpu,6993,6993,8192,False,2020-11-03,standard predictions output (trained 0.5 quantile),0.5651635750109563,8,True,,
SPY,Chronos-2,2020-11-03,310.6935119628906,2020-12-02,20,339.1342163085937,309.7066955566406,28.440704345703068,-0.98681640625,1.0,-1.0,False,0.8297842372745892,35.46406334327006,3.00002284348011e-06,6993,expanding,amazon/chronos-2,29ec3766d36d6f73f0696f85560a422f50e8498c,2.3.1,cpu,6993,6993,8192,False,2020-11-03,standard predictions output (trained 0.5 quantile),0.5651635750109563,8,True,,
SPY,Chronos-2,2020-11-10,327.3456420898437,2020-11-11,1,329.7773132324219,324.8707275390625,2.431671142578182,-2.474914550781193,1.0,-1.0,False,0.8317297346271312,5.89925487701726,2.800021320581436e-06,6998,expanding,amazon/chronos-2,29ec3766d36d6f73f0696f85560a422f50e8498c,2.3.1,cpu,6998,6998,8192,False,2020-11-10,standard predictions output (trained 0.5 quantile),0.5651635750109563,8,True,,
SPY,Chronos-2,2020-11-10,327.3456420898437,2020-11-17,5,333.42938232421875,325.1647644042969,6.083740234375057,-2.180877685546818,1.0,-1.0,False,0.8317297346271312,9.936662807452647,2.800021320581436e-06,6998,expanding,amazon/chronos-2,29ec3766d36d6f73f0696f85560a422f50e8498c,2.3.1,cpu,6998,6998,8192,False,2020-11-10,standard predictions output (trained 0.5 quantile),0.5651635750109563,8,True,,
SPY,Chronos-2,2020-11-10,327.3456420898437,2020-12-09,20,339.18963623046875,327.00689697265625,11.843994140625057,-0.33874511718744316,1.0,-1.0,False,0.8317297346271312,14.64747351286423,2.800021320581436e-06,6998,expanding,amazon/chronos-2,29ec3766d36d6f73f0696f85560a422f50e8498c,2.3.1,cpu,6998,6998,8192,False,2020-11-10,standard predictions output (trained 0.5 quantile),0.5651635750109563,8,True,,
SPY,Chronos-2,2020-11-17,333.42938232421875,2020-11-18,1,329.4167175292969,332.0062255859375,-4.012664794921875,-1.42315673828125,-1.0,-1.0,True,0.8334334775809732,3.107036285795273,1.0300078429281712e-05,7003,expanding,amazon/chronos-2,29ec3766d36d6f73f0696f85560a422f50e8498c,2.3.1,cpu,7003,7003,8192,False,2020-11-17,standard predictions output (trained 0.5 quantile),0.5651635750109563,8,True,,
SPY,Chronos-2,2020-11-17,333.42938232421875,2020-11-24,5,335.8334045410156,332.3363342285156,2.404022216796875,-1.093048095703125,1.0,-1.0,False,0.8334334775809732,4.195980131071995,1.0300078429281712e-05,7003,expanding,amazon/chronos-2,29ec3766d36d6f73f0696f85560a422f50e8498c,2.3.1,cpu,7003,7003,8192,False,2020-11-17,standard predictions output (trained 0.5 quantile),0.5651635750109563,8,True,,
SPY,Chronos-2,2020-11-17,333.42938232421875,2020-12-16,20,342.2593994140625,333.5801086425781,8.83001708984375,0.150726318359375,1.0,1.0,True,0.8334334775809732,10.413897455470439,1.0300078429281712e-05,7003,expanding,amazon/chronos-2,29ec3766d36d6f73f0696f85560a422f50e8498c,2.3.1,cpu,7003,7003,8192,False,2020-11-17,standard predictions output (trained 0.5 quantile),0.5651635750109563,8,True,,
SPY,Chronos-2,2020-11-24,335.8334045410156,2020-11-25,1,335.3156433105469,327.230712890625,-0.51776123046875,-8.602691650390625,-1.0,-1.0,True,0.8349737692988515,9.682855578458465,3.8000289350748062e-06,7008,expanding,amazon/chronos-2,29ec3766d36d6f73f0696f85560a422f50e8498c,2.3.1,cpu,7008,7008,8192,False,2020-11-24,standard predictions output (trained 0.5 quantile),0.5350274625088787,8,True,,
SPY,Chronos-2,2020-11-24,335.8334045410156,2020-12-02,5,339.1342163085937,327.269287109375,3.300811767578068,-8.564117431640625,1.0,-1.0,False,0.8349737692988515,14.209942438289975,3.8000289350748062e-06,7008,expanding,amazon/chronos-2,29ec3766d36d6f73f0696f85560a422f50e8498c,2.3.1,cpu,7008,7008,8192,False,2020-11-24,standard predictions output (trained 0.5 quantile),0.5350274625088787,8,True,,
SPY,Chronos-2,2020-11-24,335.8334045410156,2020-12-23,20,341.3041076660156,328.47320556640625,5.470703125,-7.360198974609375,1.0,-1.0,False,0.8349737692988515,15.366832553774483,3.8000289350748062e-06,7008,expanding,amazon/chronos-2,29ec3766d36d6f73f0696f85560a422f50e8498c,2.3.1,cpu,7008,7008,8192,False,2020-11-24,standard predictions output (trained 0.5 quantile),0.5350274625088787,8,True,,
SPY,Chronos-2,2020-12-02,339.1342163085937,2020-12-03,1,339.04180908203125,332.9693298339844,-0.09240722656244316,-6.164886474609318,-1.0,-1.0,True,0.8354213788586895,7.2687620902672965,3.8000289350748062e-06,7013,expanding,amazon/chronos-2,29ec3766d36d6f73f0696f85560a422f50e8498c,2.3.1,cpu,7013,7013,8192,False,2020-12-02,standard predictions output (trained 0.5 quantile),0.5350274625088787,8,True,,
SPY,Chronos-2,2020-12-02,339.1342163085937,2020-12-09,5,339.18963623046875,333.416015625,0.05541992187505684,-5.718200683593693,1.0,-1.0,False,0.8354213788586895,6.9110280770602,3.8000289350748062e-06,7013,expanding,amazon/chronos-2,29ec3766d36d6f73f0696f85560a422f50e8498c,2.3.1,cpu,7013,7013,8192,False,2020-12-02,standard predictions output (trained 0.5 quantile),0.5350274625088787,8,True,,
SPY,Chronos-2,2020-12-02,339.1342163085937,2020-12-31,20,347.16326904296875,335.1099548339844,8.029052734375057,-4.024261474609318,1.0,-1.0,False,0.8354213788586895,14.427825902002896,3.8000289350748062e-06,7013,expanding,amazon/chronos-2,29ec3766d36d6f73f0696f85560a422f50e8498c,2.3.1,cpu,7013,7013,8192,False,2020-12-02,standard predictions output (trained 0.5 quantile),0.5350274625088787,8,True,,
SPY,Chronos-2,2020-12-09,339.18963623046875,2020-12-10,1,339.07879638671875,336.24017333984375,-0.11083984375,-2.949462890625,-1.0,-1.0,True,0.8359355744395449,3.3957438033166154,3.200024366378784e-06,7018,expanding,amazon/chronos-2,29ec3766d36d6f73f0696f85560a422f50e8498c,2.3.1,cpu,7018,7018,8192,False,2020-12-09,standard predictions output (trained 0.5 quantile),0.5350274625088787,8,True,,
SPY,Chronos-2,2020-12-09,339.18963623046875,2020-12-16,5,342.2593994140625,336.647705078125,3.06976318359375,-2.54193115234375,1.0,-1.0,False,0.8359355744395449,6.713070369926384,3.200024366378784e-06,7018,expanding,amazon/chronos-2,29ec3766d36d6f73f0696f85560a422f50e8498c,2.3.1,cpu,7018,7018,8192,False,2020-12-09,standard predictions output (trained 0.5 quantile),0.5350274625088787,8,True,,
SPY,Chronos-2,2020-12-09,339.18963623046875,2021-01-08,20,354.01593017578125,338.9581298828125,14.8262939453125,-0.23150634765625,1.0,-1.0,False,0.8359355744395449,18.013111002082056,3.200024366378784e-06,7018,expanding,amazon/chronos-2,29ec3766d36d6f73f0696f85560a422f50e8498c,2.3.1,cpu,7018,7018,8192,False,2020-12-09,standard predictions output (trained 0.5 quantile),0.5350274625088787,8,True,,
SPY,Chronos-2,2020-12-16,342.2593994140625,2020-12-17,1,344.1732482910156,333.7763366699219,1.913848876953125,-8.483062744140625,1.0,-1.0,False,0.8363541907579668,12.431230375818755,3.1999079510569572e-06,7023,expanding,amazon/chronos-2,29ec3766d36d6f73f0696f85560a422f50e8498c,2.3.1,cpu,7023,7023,8192,False,2020-12-16,standard predictions output (trained 0.5 quantile),0.5350274625088787,8,True,,
SPY,Chronos-2,2020-12-16,342.2593994140625,2020-12-23,5,341.3041076660156,334.7158508300781,-0.955291748046875,-7.543548583984375,-1.0,-1.0,True,0.8363541907579668,7.877352572319544,3.1999079510569572e-06,7023,expanding,amazon/chronos-2,29ec3766d36d6f73f0696f85560a422f50e8498c,2.3.1,cpu,7023,7023,8192,False,2020-12-16,standard predictions output (trained 0.5 quantile),0.5350274625088787,8,True,,
SPY,Chronos-2,2020-12-16,342.2593994140625,2021-01-15,20,348.8531188964844,336.66143798828125,6.593719482421875,-5.59796142578125,1.0,-1.0,False,0.8363541907579668,14.57717441118351,3.1999079510569572e-06,7023,expanding,amazon/chronos-2,29ec3766d36d6f73f0696f85560a422f50e8498c,2.3.1,cpu,7023,7023,8192,False,2020-12-16,standard predictions output (trained 0.5 quantile),0.5350274625088787,8,True,,
SPY,Chronos-2,2020-12-23,341.3041076660156,2020-12-24,1,342.6319274902344,335.22210693359375,1.32781982421875,-6.082000732421875,1.0,-1.0,False,0.8365269806572669,8.857838094855783,3.300025127828121e-06,7028,expanding,amazon/chronos-2,29ec3766d36d6f73f0696f85560a422f50e8498c,2.3.1,cpu,7028,7028,8192,False,2020-12-23,standard predictions output (trained 0.5 quantile),0.5350274625088787,8,True,,
SPY,Chronos-2,2020-12-23,341.3041076660156,2020-12-31,5,347.16326904296875,336.2325744628906,5.859161376953125,-5.071533203125,1.0,-1.0,False,0.8365269806572669,13.066756760779883,3.300025127828121e-06,7028,expanding,amazon/chronos-2,29ec3766d36d6f73f0696f85560a422f50e8498c,2.3.1,cpu,7028,7028,8192,False,2020-12-23,standard predictions output (trained 0.5 quantile),0.5350274625088787,8,True,,
SPY,Chronos-2,2020-12-23,341.3041076660156,2021-01-25,20,356.9222106933594,337.0486145019531,15.61810302734375,-4.2554931640625,1.0,-1.0,False,0.8365269806572669,23.757268624846244,3.300025127828121e-06,7028,expanding,amazon/chronos-2,29ec3766d36d6f73f0696f85560a422f50e8498c,2.3.1,cpu,7028,7028,8192,False,2020-12-23,standard predictions output (trained 0.5 quantile),0.5350274625088787,8,True,,
SPY,Chronos-2,2020-12-31,347.16326904296875,2021-01-04,1,342.4368896484375,341.59576416015625,-4.72637939453125,-5.5675048828125,-1.0,-1.0,True,0.8369529179474331,1.0049854301769445,3.3999094739556313e-06,7033,expanding,amazon/chronos-2,29ec3766d36d6f73f0696f85560a422f50e8498c,2.3.1,cpu,7033,7033,8192,False,2020-12-31,standard predictions output (trained 0.5 quantile),0.5350274625088787,8,True,,
SPY,Chronos-2,2020-12-31,347.16326904296875,2021-01-08,5,354.01593017578125,342.2690124511719,6.8526611328125,-4.894256591796875,1.0,-1.0,False,0.8369529179474331,14.035338754081707,3.3999094739556313e-06,7033,expanding,amazon/chronos-2,29ec3766d36d6f73f0696f85560a422f50e8498c,2.3.1,cpu,7033,7033,8192,False,2020-12-31,standard predictions output (trained 0.5 quantile),0.5350274625088787,8,True,,
SPY,Chronos-2,2020-12-31,347.16326904296875,2021-02-01,20,349.3453369140625,343.6104736328125,2.18206787109375,-3.55279541015625,1.0,-1.0,False,0.8369529179474331,6.852073943794043,3.3999094739556313e-06,7033,expanding,amazon/chronos-2,29ec3766d36d6f73f0696f85560a422f50e8498c,2.3.1,cpu,7033,7033,8192,False,2020-12-31,standard predictions output (trained 0.5 quantile),0.5350274625088787,8,True,,
SPY,Chronos-2,2021-01-08,354.01593017578125,2021-01-11,1,351.6295166015625,346.5933837890625,-2.38641357421875,-7.42254638671875,-1.0,-1.0,True,0.8386753359284105,6.0048657648016075,3.300025127828121e-06,7038,expanding,amazon/chronos-2,29ec3766d36d6f73f0696f85560a422f50e8498c,2.3.1,cpu,7038,7038,8192,False,2021-01-08,standard predictions output (trained 0.5 quantile),0.5350274625088787,8,True,,
SPY,Chronos-2,2021-01-08,354.01593017578125,2021-01-15,5,348.8531188964844,346.9999694824219,-5.162811279296875,-7.015960693359375,-1.0,-1.0,True,0.8386753359284105,2.20961477543759,3.300025127828121e-06,7038,expanding,amazon/chronos-2,29ec3766d36d6f73f0696f85560a422f50e8498c,2.3.1,cpu,7038,7038,8192,False,2021-01-08,standard predictions output (trained 0.5 quantile),0.5350274625088787,8,True,,
SPY,Chronos-2,2021-01-08,354.01593017578125,2021-02-08,20,362.6048278808594,347.628173828125,8.588897705078125,-6.38775634765625,1.0,-1.0,False,0.8386753359284105,17.857511019034884,3.300025127828121e-06,7038,expanding,amazon/chronos-2,29ec3766d36d6f73f0696f85560a422f50e8498c,2.3.1,cpu,7038,7038,8192,False,2021-01-08,standard predictions output (trained 0.5 quantile),0.5350274625088787,8,True,,
SPY,Chronos-2,2021-01-15,348.8531188964844,2021-01-19,1,351.5923767089844,345.6490173339844,2.7392578125,-3.2041015625,1.0,-1.0,False,0.839103077934805,7.082990792534997,3.00002284348011e-06,7043,expanding,amazon/chronos-2,29ec3766d36d6f73f0696f85560a422f50e8498c,2.3.1,cpu,7043,7043,8192,False,2021-01-15,standard predictions output (trained 0.5 quantile),0.5350274625088787,8,True,,
SPY,Chronos-2,2021-01-15,348.8531188964844,2021-01-25,5,356.9222106933594,346.0494384765625,8.069091796875,-2.803680419921875,1.0,-1.0,False,0.839103077934805,12.957612125028632,3.00002284348011e-06,7043,expanding,amazon/chronos-2,29ec3766d36d6f73f0696f85560a422f50e8498c,2.3.1,cpu,7043,7043,8192,False,2021-01-15,standard predictions output (trained 0.5 quantile),0.5350274625088787,8,True,,
SPY,Chronos-2,2021-01-15,348.8531188964844,2021-02-16,20,364.2669067382813,346.5887451171875,15.413787841796932,-2.264373779296875,1.0,-1.0,False,0.839103077934805,21.067926081981707,3.00002284348011e-06,7043,expanding,amazon/chronos-2,29ec3766d36d6f73f0696f85560a422f50e8498c,2.3.1,cpu,7043,7043,8192,False,2021-01-15,standard predictions output (trained 0.5 quantile),0.5350274625088787,8,True,,
SPY,Chronos-2,2021-01-25,356.9222106933594,2021-01-26,1,356.364990234375,350.1836242675781,-0.557220458984375,-6.73858642578125,-1.0,-1.0,True,0.8400111452170058,7.358671372389947,3.00002284348011e-06,7048,expanding,amazon/chronos-2,29ec3766d36d6f73f0696f85560a422f50e8498c,2.3.1,cpu,7048,7048,8192,False,2021-01-25,standard predictions output (trained 0.5 quantile),0.5324045000015758,8,True,,
SPY,Chronos-2,2021-01-25,356.9222106933594,2021-02-01,5,349.3453369140625,350.90380859375,-7.576873779296875,-6.018402099609375,-1.0,-1.0,True,0.8400111452170058,1.8552988118805132,3.00002284348011e-06,7048,expanding,amazon/chronos-2,29ec3766d36d6f73f0696f85560a422f50e8498c,2.3.1,cpu,7048,7048,8192,False,2021-01-25,standard predictions output (trained 0.5 quantile),0.5324045000015758,8,True,,
SPY,Chronos-2,2021-01-25,356.9222106933594,2021-02-23,20,359.8099365234375,352.2593078613281,2.887725830078125,-4.66290283203125,1.0,-1.0,False,0.8400111452170058,8.988724381935159,3.00002284348011e-06,7048,expanding,amazon/chronos-2,29ec3766d36d6f73f0696f85560a422f50e8498c,2.3.1,cpu,7048,7048,8192,False,2021-01-25,standard predictions output (trained 0.5 quantile),0.5324045000015758,8,True,,
SPY,Chronos-2,2021-02-01,349.3453369140625,2021-02-02,1,354.2850341796875,342.47076416015625,4.939697265625,-6.87457275390625,1.0,-1.0,False,0.8429601228987706,14.015218156351628,3.500026650726795e-06,7053,expanding,amazon/chronos-2,29ec3766d36d6f73f0696f85560a422f50e8498c,2.3.1,cpu,7053,7053,8192,False,2021-02-01,standard predictions output (trained 0.5 quantile),0.5324045000015758,8,True,,
SPY,Chronos-2,2021-02-01,349.3453369140625,2021-02-08,5,362.6048278808594,343.34930419921875,13.259490966796875,-5.99603271484375,1.0,-1.0,False,0.8429601228987706,22.842745651389468,3.500026650726795e-06,7053,expanding,amazon/chronos-2,29ec3766d36d6f73f0696f85560a422f50e8498c,2.3.1,cpu,7053,7053,8192,False,2021-02-01,standard predictions output (trained 0.5 quantile),0.5324045000015758,8,True,,
SPY,Chronos-2,2021-02-01,349.3453369140625,2021-03-02,20,358.91851806640625,344.52667236328125,9.57318115234375,-4.81866455078125,1.0,-1.0,False,0.8429601228987706,17.072985200811555,3.500026650726795e-06,7053,expanding,amazon/chronos-2,29ec3766d36d6f73f0696f85560a422f50e8498c,2.3.1,cpu,7053,7053,8192,False,2021-02-01,standard predictions output (trained 0.5 quantile),0.5324045000015758,8,True,,
SPY,Chronos-2,2021-02-08,362.6048278808594,2021-02-09,1,362.3633728027344,355.6662902832031,-0.241455078125,-6.93853759765625,-1.0,-1.0,True,0.8442417851280895,7.932659384438263,3.00002284348011e-06,7058,expanding,amazon/chronos-2,29ec3766d36d6f73f0696f85560a422f50e8498c,2.3.1,cpu,7058,7058,8192,False,2021-02-08,standard predictions output (trained 0.5 quantile),0.5324045000015758,8,True,,
SPY,Chronos-2,2021-02-08,362.6048278808594,2021-02-16,5,364.2669067382813,356.75018310546875,1.6620788574219318,-5.854644775390625,1.0,-1.0,False,0.8442417851280895,8.90352001668824,3.00002284348011e-06,7058,expanding,amazon/chronos-2,29ec3766d36d6f73f0696f85560a422f50e8498c,2.3.1,cpu,7058,7058,8192,False,2021-02-08,standard predictions output (trained 0.5 quantile),0.5324045000015758,8,True,,
SPY,Chronos-2,2021-02-08,362.6048278808594,2021-03-09,20,359.5035095214844,359.71435546875,-3.101318359375,-2.890472412109375,-1.0,-1.0,True,0.8442417851280895,0.24974592703159698,3.00002284348011e-06,7058,expanding,amazon/chronos-2,29ec3766d36d6f73f0696f85560a422f50e8498c,2.3.1,cpu,7058,7058,8192,False,2021-02-08,standard predictions output (trained 0.5 quantile),0.5324045000015758,8,True,,
SPY,Chronos-2,2021-02-16,364.2669067382813,2021-02-17,1,364.3505859375,358.13970947265625,0.08367919921869316,-6.127197265625057,1.0,-1.0,False,0.8440818613765938,7.358144688377231,3.200024366378784e-06,7063,expanding,amazon/chronos-2,29ec3766d36d6f73f0696f85560a422f50e8498c,2.3.1,cpu,7063,7063,8192,False,2021-02-16,standard predictions output (trained 0.5 quantile),0.5324045000015758,8,True,,
SPY,Chronos-2,2021-02-16,364.2669067382813,2021-02-23,5,359.8099365234375,359.2647705078125,-4.456970214843807,-5.002136230468807,-1.0,-1.0,True,0.8440818613765938,0.645868653942997,3.200024366378784e-06,7063,expanding,amazon/chronos-2,29ec3766d36d6f73f0696f85560a422f50e8498c,2.3.1,cpu,7063,7063,8192,False,2021-02-16,standard predictions output (trained 0.5 quantile),0.5324045000015758,8,True,,
SPY,Chronos-2,2021-02-16,364.2669067382813,2021-03-16,20,367.6189575195313,361.479736328125,3.35205078125,-2.787170410156307,1.0,-1.0,False,0.8440818613765938,7.273253309097285,3.200024366378784e-06,7063,expanding,amazon/chronos-2,29ec3766d36d6f73f0696f85560a422f50e8498c,2.3.1,cpu,7063,7063,8192,False,2021-02-16,standard predictions output (trained 0.5 quantile),0.5324045000015758,8,True,,
SPY,Chronos-2,2021-02-23,359.8099365234375,2021-02-24,1,363.77484130859375,351.6199645996094,3.96490478515625,-8.189971923828125,1.0,-1.0,False,0.8442625383415133,14.397034283745036,1.2100092135369778e-05,7068,expanding,amazon/chronos-2,29ec3766d36d6f73f0696f85560a422f50e8498c,2.3.1,cpu,7068,7068,8192,False,2021-02-23,standard predictions output (trained 0.5 quantile),0.5324045000015758,8,True,,
SPY,Chronos-2,2021-02-23,359.8099365234375,2021-03-02,5,358.91851806640625,352.66729736328125,-0.89141845703125,-7.14263916015625,-1.0,-1.0,True,0.8442625383415133,7.40435636929364,1.2100092135369778e-05,7068,expanding,amazon/chronos-2,29ec3766d36d6f73f0696f85560a422f50e8498c,2.3.1,cpu,7068,7068,8192,False,2021-02-23,standard predictions output (trained 0.5 quantile),0.5324045000015758,8,True,,
SPY,Chronos-2,2021-02-23,359.8099365234375,2021-03-23,20,362.8515625,354.0555419921875,3.0416259765625,-5.75439453125,1.0,-1.0,False,0.8442625383415133,10.418584395668654,1.2100092135369778e-05,7068,expanding,amazon/chronos-2,29ec3766d36d6f73f0696f85560a422f50e8498c,2.3.1,cpu,7068,7068,8192,False,2021-02-23,standard predictions output (trained 0.5 quantile),0.5324045000015758,8,True,,
SPY,Chronos-2,2021-03-02,358.91851806640625,2021-03-03,1,354.1643981933594,350.91961669921875,-4.754119873046875,-7.9989013671875,-1.0,-1.0,True,0.8473340947164133,3.829400368017284,2.900022082030773e-06,7073,expanding,amazon/chronos-2,29ec3766d36d6f73f0696f85560a422f50e8498c,2.3.1,cpu,7073,7073,8192,False,2021-03-02,standard predictions output (trained 0.5 quantile),0.5324045000015758,8,True,,
SPY,Chronos-2,2021-03-02,358.91851806640625,2021-03-09,5,359.5035095214844,352.311279296875,0.584991455078125,-6.60723876953125,1.0,-1.0,False,0.8473340947164133,8.488068955866197,2.900022082030773e-06,7073,expanding,amazon/chronos-2,29ec3766d36d6f73f0696f85560a422f50e8498c,2.3.1,cpu,7073,7073,8192,False,2021-03-02,standard predictions output (trained 0.5 quantile),0.5324045000015758,8,True,,
SPY,Chronos-2,2021-03-02,358.91851806640625,2021-03-30,20,367.7237243652344,353.44134521484375,8.805206298828125,-5.4771728515625,1.0,-1.0,False,0.8473340947164133,16.85566441790669,2.900022082030773e-06,7073,expanding,amazon/chronos-2,29ec3766d36d6f73f0696f85560a422f50e8498c,2.3.1,cpu,7073,7073,8192,False,2021-03-02,standard predictions output (trained 0.5 quantile),0.5324045000015758,8,True,,
SPY,Chronos-2,2021-03-09,359.5035095214844,2021-03-10,1,361.7412414550781,351.88812255859375,2.23773193359375,-7.615386962890625,1.0,-1.0,False,0.8499014340872751,11.593248936055534,3.0999071896076202e-06,7078,expanding,amazon/chronos-2,29ec3766d36d6f73f0696f85560a422f50e8498c,2.3.1,cpu,7078,7078,8192,False,2021-03-09,standard predictions output (trained 0.5 quantile),0.5324045000015758,8,True,,
SPY,Chronos-2,2021-03-09,359.5035095214844,2021-03-16,5,367.6189575195313,352.75946044921875,8.115447998046932,-6.744049072265625,1.0,-1.0,False,0.8499014340872751,17.483788677531113,3.0999071896076202e-06,7078,expanding,amazon/chronos-2,29ec3766d36d6f73f0696f85560a422f50e8498c,2.3.1,cpu,7078,7078,8192,False,2021-03-09,standard predictions output (trained 0.5 quantile),0.5324045000015758,8,True,,
SPY,Chronos-2,2021-03-09,359.5035095214844,2021-04-07,20,378.7723083496094,354.572509765625,19.268798828125,-4.930999755859375,1.0,-1.0,False,0.8499014340872751,28.473653077162986,3.0999071896076202e-06,7078,expanding,amazon/chronos-2,29ec3766d36d6f73f0696f85560a422f50e8498c,2.3.1,cpu,7078,7078,8192,False,2021-03-09,standard predictions output (trained 0.5 quantile),0.5324045000015758,8,True,,
SPY,Chronos-2,2021-03-16,367.6189575195313,2021-03-17,1,368.87249755859375,362.47210693359375,1.2535400390624432,-5.146850585937557,1.0,-1.0,False,0.8505784276850783,7.524750706903311,3.8000289350748062e-06,7083,expanding,amazon/chronos-2,29ec3766d36d6f73f0696f85560a422f50e8498c,2.3.1,cpu,7083,7083,8192,False,2021-03-16,standard predictions output (trained 0.5 quantile),0.5324045000015758,8,True,,
SPY,Chronos-2,2021-03-16,367.6189575195313,2021-03-23,5,362.8515625,364.08660888671875,-4.767395019531307,-3.532348632812557,-1.0,-1.0,True,0.8505784276850783,1.4520076532860515,3.8000289350748062e-06,7083,expanding,amazon/chronos-2,29ec3766d36d6f73f0696f85560a422f50e8498c,2.3.1,cpu,7083,7083,8192,False,2021-03-16,standard predictions output (trained 0.5 quantile),0.5324045000015758,8,True,,
SPY,Chronos-2,2021-03-16,367.6189575195313,2021-04-14,20,383.2997741699219,366.45306396484375,15.680816650390568,-1.1658935546875568,1.0,-1.0,False,0.8505784276850783,19.80618089613192,3.8000289350748062e-06,7083,expanding,amazon/chronos-2,29ec3766d36d6f73f0696f85560a422f50e8498c,2.3.1,cpu,7083,7083,8192,False,2021-03-16,standard predictions output (trained 0.5 quantile),0.5324045000015758,8,True,,
SPY,Chronos-2,2021-03-23,362.8515625,2021-03-24,1,361.0069885253906,358.69769287109375,-1.844573974609375,-4.15386962890625,-1.0,-1.0,True,0.8518223720123694,2.7110061089864654,3.00002284348011e-06,7088,expanding,amazon/chronos-2,29ec3766d36d6f73f0696f85560a422f50e8498c,2.3.1,cpu,7088,7088,8192,False,2021-03-23,standard predictions output (trained 0.5 quantile),0.5409549250034615,8,True,,
SPY,Chronos-2,2021-03-23,362.8515625,2021-03-30,5,367.7237243652344,360.0034484863281,4.872161865234375,-2.848114013671875,1.0,-1.0,False,0.8518223720123694,9.06324620315812,3.00002284348011e-06,7088,expanding,amazon/chronos-2,29ec3766d36d6f73f0696f85560a422f50e8498c,2.3.1,cpu,7088,7088,8192,False,2021-03-23,standard predictions output (trained 0.5 quantile),0.5409549250034615,8,True,,
SPY,Chronos-2,2021-03-23,362.8515625,2021-04-21,20,387.6036987304688,361.4055480957031,24.752136230468807,-1.446014404296875,1.0,-1.0,False,0.8518223720123694,30.755415090677207,3.00002284348011e-06,7088,expanding,amazon/chronos-2,29ec3766d36d6f73f0696f85560a422f50e8498c,2.3.1,cpu,7088,7088,8192,False,2021-03-23,standard predictions output (trained 0.5 quantile),0.5409549250034615,8,True,,
SPY,Chronos-2,2021-03-30,367.7237243652344,2021-03-31,1,369.2142639160156,358.3215637207031,1.49053955078125,-9.40216064453125,1.0,-1.0,False,0.8527574286377506,12.773503729792418,3.4999102354049683e-06,7093,expanding,amazon/chronos-2,29ec3766d36d6f73f0696f85560a422f50e8498c,2.3.1,cpu,7093,7093,8192,False,2021-03-30,standard predictions output (trained 0.5 quantile),0.5409549250034615,8,True,,
SPY,Chronos-2,2021-03-30,367.7237243652344,2021-04-07,5,378.7723083496094,359.060546875,11.048583984375,-8.663177490234375,1.0,-1.0,False,0.8527574286377506,23.115320737924506,3.4999102354049683e-06,7093,expanding,amazon/chronos-2,29ec3766d36d6f73f0696f85560a422f50e8498c,2.3.1,cpu,7093,7093,8192,False,2021-03-30,standard predictions output (trained 0.5 quantile),0.5409549250034615,8,True,,
SPY,Chronos-2,2021-03-30,367.7237243652344,2021-04-28,20,388.8426818847656,360.36395263671875,21.11895751953125,-7.359771728515625,1.0,-1.0,False,0.8527574286377506,33.39604944109443,3.4999102354049683e-06,7093,expanding,amazon/chronos-2,29ec3766d36d6f73f0696f85560a422f50e8498c,2.3.1,cpu,7093,7093,8192,False,2021-03-30,standard predictions output (trained 0.5 quantile),0.5409549250034615,8,True,,
SPY,Chronos-2,2021-04-07,378.7723083496094,2021-04-08,1,380.5703125,372.5870361328125,1.798004150390625,-6.185272216796875,1.0,-1.0,False,0.8537764337611433,9.350546643714155,3.200024366378784e-06,7098,expanding,amazon/chronos-2,29ec3766d36d6f73f0696f85560a422f50e8498c,2.3.1,cpu,7098,7098,8192,False,2021-04-07,standard predictions output (trained 0.5 quantile),0.5409549250034615,8,True,,
SPY,Chronos-2,2021-04-07,378.7723083496094,2021-04-14,5,383.2997741699219,373.967041015625,4.5274658203125,-4.805267333984375,1.0,-1.0,False,0.8537764337611433,10.931120589945735,3.200024366378784e-06,7098,expanding,amazon/chronos-2,29ec3766d36d6f73f0696f85560a422f50e8498c,2.3.1,cpu,7098,7098,8192,False,2021-04-07,standard predictions output (trained 0.5 quantile),0.5409549250034615,8,True,,
SPY,Chronos-2,2021-04-07,378.7723083496094,2021-05-05,20,387.3056640625,376.26177978515625,8.533355712890625,-2.510528564453125,1.0,-1.0,False,0.8537764337611433,12.935335107215481,3.200024366378784e-06,7098,expanding,amazon/chronos-2,29ec3766d36d6f73f0696f85560a422f50e8498c,2.3.1,cpu,7098,7098,8192,False,2021-04-07,standard predictions output (trained 0.5 quantile),0.5409549250034615,8,True,,
SPY,Chronos-2,2021-04-14,383.2997741699219,2021-04-15,1,387.41741943359375,377.93731689453125,4.117645263671875,-5.362457275390625,1.0,-1.0,False,0.854182758723404,11.098447542105315,3.2999087125062943e-06,7103,expanding,amazon/chronos-2,29ec3766d36d6f73f0696f85560a422f50e8498c,2.3.1,cpu,7103,7103,8192,False,2021-04-14,standard predictions output (trained 0.5 quantile),0.5409549250034615,8,True,,
SPY,Chronos-2,2021-04-14,383.2997741699219,2021-04-21,5,387.6036987304688,379.42413330078125,4.303924560546932,-3.875640869140625,1.0,-1.0,False,0.854182758723404,9.575896195694828,3.2999087125062943e-06,7103,expanding,amazon/chronos-2,29ec3766d36d6f73f0696f85560a422f50e8498c,2.3.1,cpu,7103,7103,8192,False,2021-04-14,standard predictions output (trained 0.5 quantile),0.5409549250034615,8,True,,
SPY,Chronos-2,2021-04-14,383.2997741699219,2021-05-12,20,377.6730041503906,381.8472900390625,-5.62677001953125,-1.452484130859375,-1.0,-1.0,True,0.854182758723404,4.886876779051877,3.2999087125062943e-06,7103,expanding,amazon/chronos-2,29ec3766d36d6f73f0696f85560a422f50e8498c,2.3.1,cpu,7103,7103,8192,False,2021-04-14,standard predictions output (trained 0.5 quantile),0.5409549250034615,8,True,,
SPY,Chronos-2,2021-04-21,387.6036987304688,2021-04-22,1,384.063720703125,377.7685546875,-3.539978027343807,-9.835144042968807,-1.0,-1.0,True,0.855521803652333,7.3582765380731665,3.200024366378784e-06,7108,expanding,amazon/chronos-2,29ec3766d36d6f73f0696f85560a422f50e8498c,2.3.1,cpu,7108,7108,8192,False,2021-04-21,standard predictions output (trained 0.5 quantile),0.5409549250034615,8,True,,
SPY,Chronos-2,2021-04-21,387.6036987304688,2021-04-28,5,388.8426818847656,379.309814453125,1.2389831542968182,-8.293884277343807,1.0,-1.0,False,0.855521803652333,11.14275216709099,3.200024366378784e-06,7108,expanding,amazon/chronos-2,29ec3766d36d6f73f0696f85560a422f50e8498c,2.3.1,cpu,7108,7108,8192,False,2021-04-21,standard predictions output (trained 0.5 quantile),0.5409549250034615,8,True,,
SPY,Chronos-2,2021-04-21,387.6036987304688,2021-05-19,20,382.7501525878906,382.27911376953125,-4.853546142578182,-5.324584960937557,-1.0,-1.0,True,0.855521803652333,0.5505865734203962,3.200024366378784e-06,7108,expanding,amazon/chronos-2,29ec3766d36d6f73f0696f85560a422f50e8498c,2.3.1,cpu,7108,7108,8192,False,2021-04-21,standard predictions output (trained 0.5 quantile),0.5409549250034615,8,True,,
SPY,Chronos-2,2021-04-28,388.8426818847656,2021-04-29,1,391.32080078125,379.2397766113281,2.478118896484375,-9.6029052734375,1.0,-1.0,False,0.8561450724392562,14.110954508564351,3.100023604929447e-06,7113,expanding,amazon/chronos-2,29ec3766d36d6f73f0696f85560a422f50e8498c,2.3.1,cpu,7113,7113,8192,False,2021-04-28,standard predictions output (trained 0.5 quantile),0.5409549250034615,8,True,,
SPY,Chronos-2,2021-04-28,388.8426818847656,2021-05-05,5,387.3056640625,381.260986328125,-1.537017822265625,-7.581695556640625,-1.0,-1.0,True,0.8561450724392562,7.0603428425430454,3.100023604929447e-06,7113,expanding,amazon/chronos-2,29ec3766d36d6f73f0696f85560a422f50e8498c,2.3.1,cpu,7113,7113,8192,False,2021-04-28,standard predictions output (trained 0.5 quantile),0.5409549250034615,8,True,,
SPY,Chronos-2,2021-04-28,388.8426818847656,2021-05-26,20,390.39849853515625,383.9437255859375,1.555816650390625,-4.898956298828125,1.0,-1.0,False,0.8561450724392562,7.53934485755826,3.100023604929447e-06,7113,expanding,amazon/chronos-2,29ec3766d36d6f73f0696f85560a422f50e8498c,2.3.1,cpu,7113,7113,8192,False,2021-04-28,standard predictions output (trained 0.5 quantile),0.5409549250034615,8,True,,
SPY,Chronos-2,2021-05-05,387.3056640625,2021-05-06,1,390.39849853515625,381.1036376953125,3.09283447265625,-6.2020263671875,1.0,-1.0,False,0.8567256233372919,10.849285449916296,2.900022082030773e-06,7118,expanding,amazon/chronos-2,29ec3766d36d6f73f0696f85560a422f50e8498c,2.3.1,cpu,7118,7118,8192,False,2021-05-05,standard predictions output (trained 0.5 quantile),0.5409549250034615,8,True,,
SPY,Chronos-2,2021-05-05,387.3056640625,2021-05-12,5,377.6730041503906,382.86700439453125,-9.632659912109375,-4.43865966796875,-1.0,-1.0,True,0.8567256233372919,6.062618068907405,2.900022082030773e-06,7118,expanding,amazon/chronos-2,29ec3766d36d6f73f0696f85560a422f50e8498c,2.3.1,cpu,7118,7118,8192,False,2021-05-05,standard predictions output (trained 0.5 quantile),0.5409549250034615,8,True,,
SPY,Chronos-2,2021-05-05,387.3056640625,2021-06-03,20,390.1190185546875,384.80133056640625,2.8133544921875,-2.50433349609375,1.0,-1.0,False,0.8567256233372919,6.206990713744163,2.900022082030773e-06,7118,expanding,amazon/chronos-2,29ec3766d36d6f73f0696f85560a422f50e8498c,2.3.1,cpu,7118,7118,8192,False,2021-05-05,standard predictions output (trained 0.5 quantile),0.5409549250034615,8,True,,
SPY,Chronos-2,2021-05-12,377.6730041503906,2021-05-13,1,382.2098388671875,376.15576171875,4.536834716796875,-1.517242431640625,1.0,-1.0,False,0.8591431154691918,7.046645709465148,3.00002284348011e-06,7123,expanding,amazon/chronos-2,29ec3766d36d6f73f0696f85560a422f50e8498c,2.3.1,cpu,7123,7123,8192,False,2021-05-12,standard predictions output (trained 0.5 quantile),0.5409549250034615,8,True,,
SPY,Chronos-2,2021-05-12,377.6730041503906,2021-05-19,5,382.7501525878906,377.9993896484375,5.0771484375,0.326385498046875,1.0,1.0,True,0.8591431154691918,5.529652573493134,3.00002284348011e-06,7123,expanding,amazon/chronos-2,29ec3766d36d6f73f0696f85560a422f50e8498c,2.3.1,cpu,7123,7123,8192,False,2021-05-12,standard predictions output (trained 0.5 quantile),0.5409549250034615,8,True,,
SPY,Chronos-2,2021-05-12,377.6730041503906,2021-06-10,20,394.6278381347656,379.124267578125,16.954833984375,1.451263427734375,1.0,1.0,True,0.8591431154691918,18.045387639722723,3.00002284348011e-06,7123,expanding,amazon/chronos-2,29ec3766d36d6f73f0696f85560a422f50e8498c,2.3.1,cpu,7123,7123,8192,False,2021-05-12,standard predictions output (trained 0.5 quantile),0.5409549250034615,8,True,,
SPY,Chronos-2,2021-05-19,382.7501525878906,2021-05-20,1,386.8677062988281,374.73883056640625,4.1175537109375,-8.011322021484375,1.0,-1.0,False,0.8607481079615401,14.091086138017763,3.2999087125062943e-06,7128,expanding,amazon/chronos-2,29ec3766d36d6f73f0696f85560a422f50e8498c,2.3.1,cpu,7128,7128,8192,False,2021-05-19,standard predictions output (trained 0.5 quantile),0.5279530874977354,8,True,,
SPY,Chronos-2,2021-05-19,382.7501525878906,2021-05-26,5,390.39849853515625,375.97564697265625,7.648345947265625,-6.774505615234375,1.0,-1.0,False,0.8607481079615401,16.75618154613991,3.2999087125062943e-06,7128,expanding,amazon/chronos-2,29ec3766d36d6f73f0696f85560a422f50e8498c,2.3.1,cpu,7128,7128,8192,False,2021-05-19,standard predictions output (trained 0.5 quantile),0.5279530874977354,8,True,,
SPY,Chronos-2,2021-05-19,382.7501525878906,2021-06-17,20,393.1001281738281,376.78045654296875,10.3499755859375,-5.969696044921875,1.0,-1.0,False,0.8607481079615401,18.959869304282652,3.2999087125062943e-06,7128,expanding,amazon/chronos-2,29ec3766d36d6f73f0696f85560a422f50e8498c,2.3.1,cpu,7128,7128,8192,False,2021-05-19,standard predictions output (trained 0.5 quantile),0.5279530874977354,8,True,,
SPY,Chronos-2,2021-05-26,390.39849853515625,2021-05-27,1,390.6034851074219,384.17535400390625,0.204986572265625,-6.22314453125,1.0,-1.0,False,0.8615488051298426,7.4611340242609385,3.0999071896076202e-06,7133,expanding,amazon/chronos-2,29ec3766d36d6f73f0696f85560a422f50e8498c,2.3.1,cpu,7133,7133,8192,False,2021-05-26,standard predictions output (trained 0.5 quantile),0.5279530874977354,8,True,,
SPY,Chronos-2,2021-05-26,390.39849853515625,2021-06-03,5,390.1190185546875,385.79644775390625,-0.27947998046875,-4.60205078125,-1.0,-1.0,True,0.8615488051298426,5.017209443091042,3.0999071896076202e-06,7133,expanding,amazon/chronos-2,29ec3766d36d6f73f0696f85560a422f50e8498c,2.3.1,cpu,7133,7133,8192,False,2021-05-26,standard predictions output (trained 0.5 quantile),0.5279530874977354,8,True,,
SPY,Chronos-2,2021-05-26,390.39849853515625,2021-06-24,20,397.3115234375,387.2972717285156,6.91302490234375,-3.101226806640625,1.0,-1.0,False,0.8615488051298426,11.62354546760139,3.0999071896076202e-06,7133,expanding,amazon/chronos-2,29ec3766d36d6f73f0696f85560a422f50e8498c,2.3.1,cpu,7133,7133,8192,False,2021-05-26,standard predictions output (trained 0.5 quantile),0.5279530874977354,8,True,,
SPY,Chronos-2,2021-06-03,390.1190185546875,2021-06-04,1,393.6870422363281,387.052734375,3.568023681640625,-3.0662841796875,1.0,-1.0,False,0.8614099039422779,7.701685145441145,3.300025127828121e-06,7138,expanding,amazon/chronos-2,29ec3766d36d6f73f0696f85560a422f50e8498c,2.3.1,cpu,7138,7138,8192,False,2021-06-03,standard predictions output (trained 0.5 quantile),0.5279530874977354,8,True,,
SPY,Chronos-2,2021-06-03,390.1190185546875,2021-06-10,5,394.6278381347656,388.4167175292969,4.508819580078125,-1.702301025390625,1.0,-1.0,False,0.8614099039422779,7.21041234497456,3.300025127828121e-06,7138,expanding,amazon/chronos-2,29ec3766d36d6f73f0696f85560a422f50e8498c,2.3.1,cpu,7138,7138,8192,False,2021-06-03,standard predictions output (trained 0.5 quantile),0.5279530874977354,8,True,,
SPY,Chronos-2,2021-06-03,390.1190185546875,2021-07-01,20,402.2930908203125,390.26922607421875,12.174072265625,0.15020751953125,1.0,1.0,True,0.8614099039422779,13.958354426929663,3.300025127828121e-06,7138,expanding,amazon/chronos-2,29ec3766d36d6f73f0696f85560a422f50e8498c,2.3.1,cpu,7138,7138,8192,False,2021-06-03,standard predictions output (trained 0.5 quantile),0.5279530874977354,8,True,,
SPY,Chronos-2,2021-06-10,394.6278381347656,2021-06-11,1,395.280029296875,384.31585693359375,0.652191162109375,-10.311981201171875,1.0,-1.0,False,0.861709471878569,12.723745904032846,3.500026650726795e-06,7143,expanding,amazon/chronos-2,29ec3766d36d6f73f0696f85560a422f50e8498c,2.3.1,cpu,7143,7143,8192,False,2021-06-10,standard predictions output (trained 0.5 quantile),0.5279530874977354,8,True,,
SPY,Chronos-2,2021-06-10,394.6278381347656,2021-06-17,5,393.1001281738281,385.90399169921875,-1.5277099609375,-8.723846435546875,-1.0,-1.0,True,0.861709471878569,8.35100078327031,3.500026650726795e-06,7143,expanding,amazon/chronos-2,29ec3766d36d6f73f0696f85560a422f50e8498c,2.3.1,cpu,7143,7143,8192,False,2021-06-10,standard predictions output (trained 0.5 quantile),0.5279530874977354,8,True,,
SPY,Chronos-2,2021-06-10,394.6278381347656,2021-07-09,20,407.0503540039063,386.8919677734375,12.422515869140682,-7.735870361328125,1.0,-1.0,False,0.861709471878569,23.393483405169647,3.500026650726795e-06,7143,expanding,amazon/chronos-2,29ec3766d36d6f73f0696f85560a422f50e8498c,2.3.1,cpu,7143,7143,8192,False,2021-06-10,standard predictions output (trained 0.5 quantile),0.5279530874977354,8,True,,
SPY,Chronos-2,2021-06-17,393.1001281738281,2021-06-18,1,387.7969665527344,387.0315246582031,-5.30316162109375,-6.068603515625,-1.0,-1.0,True,0.8617505556189033,0.8882406742186721,4.00003045797348e-06,7148,expanding,amazon/chronos-2,29ec3766d36d6f73f0696f85560a422f50e8498c,2.3.1,cpu,7148,7148,8192,False,2021-06-17,standard predictions output (trained 0.5 quantile),0.5279530874977354,8,True,,
SPY,Chronos-2,2021-06-17,393.1001281738281,2021-06-24,5,397.3115234375,388.8036804199219,4.211395263671875,-4.29644775390625,1.0,-1.0,False,0.8617505556189033,9.872744452677319,4.00003045797348e-06,7148,expanding,amazon/chronos-2,29ec3766d36d6f73f0696f85560a422f50e8498c,2.3.1,cpu,7148,7148,8192,False,2021-06-17,standard predictions output (trained 0.5 quantile),0.5279530874977354,8,True,,
SPY,Chronos-2,2021-06-17,393.1001281738281,2021-07-16,20,403.14361572265625,389.6481018066406,10.043487548828125,-3.4520263671875,1.0,-1.0,False,0.8617505556189033,15.66058046382487,4.00003045797348e-06,7148,expanding,amazon/chronos-2,29ec3766d36d6f73f0696f85560a422f50e8498c,2.3.1,cpu,7148,7148,8192,False,2021-06-17,standard predictions output (trained 0.5 quantile),0.5279530874977354,8,True,,
SPY,Chronos-2,2021-06-24,397.3115234375,2021-06-25,1,398.72271728515625,391.56915283203125,1.41119384765625,-5.74237060546875,1.0,-1.0,False,0.8633532140078963,8.285791188424964,3.200024366378784e-06,7153,expanding,amazon/chronos-2,29ec3766d36d6f73f0696f85560a422f50e8498c,2.3.1,cpu,7153,7153,8192,False,2021-06-24,standard predictions output (trained 0.5 quantile),0.5279530874977354,8,True,,
SPY,Chronos-2,2021-06-24,397.3115234375,2021-07-01,5,402.2930908203125,393.1383056640625,4.9815673828125,-4.1732177734375,1.0,-1.0,False,0.8633532140078963,10.603754069265872,3.200024366378784e-06,7153,expanding,amazon/chronos-2,29ec3766d36d6f73f0696f85560a422f50e8498c,2.3.1,cpu,7153,7153,8192,False,2021-06-24,standard predictions output (trained 0.5 quantile),0.5279530874977354,8,True,,
SPY,Chronos-2,2021-06-24,397.3115234375,2021-07-23,20,411.1814575195313,393.55157470703125,13.869934082031307,-3.75994873046875,1.0,-1.0,False,0.8633532140078963,20.420243448979402,3.200024366378784e-06,7153,expanding,amazon/chronos-2,29ec3766d36d6f73f0696f85560a422f50e8498c,2.3.1,cpu,7153,7153,8192,False,2021-06-24,standard predictions output (trained 0.5 quantile),0.5279530874977354,8,True,,
SPY,Chronos-2,2021-07-01,402.2930908203125,2021-07-02,1,405.3680114746094,393.48895263671875,3.074920654296875,-8.80413818359375,1.0,-1.0,False,0.8634461022729198,13.75773057127759,3.00002284348011e-06,7158,expanding,amazon/chronos-2,29ec3766d36d6f73f0696f85560a422f50e8498c,2.3.1,cpu,7158,7158,8192,False,2021-07-01,standard predictions output (trained 0.5 quantile),0.5279530874977354,8,True,,
SPY,Chronos-2,2021-07-01,402.2930908203125,2021-07-09,5,407.0503540039063,394.6490173339844,4.757263183593807,-7.644073486328125,1.0,-1.0,False,0.8634461022729198,14.362606579932296,3.00002284348011e-06,7158,expanding,amazon/chronos-2,29ec3766d36d6f73f0696f85560a422f50e8498c,2.3.1,cpu,7158,7158,8192,False,2021-07-01,standard predictions output (trained 0.5 quantile),0.5279530874977354,8,True,,
SPY,Chronos-2,2021-07-01,402.2930908203125,2021-07-30,20,409.8449401855469,396.02862548828125,7.551849365234375,-6.26446533203125,1.0,-1.0,False,0.8634461022729198,16.001363212939186,3.00002284348011e-06,7158,expanding,amazon/chronos-2,29ec3766d36d6f73f0696f85560a422f50e8498c,2.3.1,cpu,7158,7158,8192,False,2021-07-01,standard predictions output (trained 0.5 quantile),0.5279530874977354,8,True,,
SPY,Chronos-2,2021-07-09,407.0503540039063,2021-07-12,1,408.5083923339844,397.0546569824219,1.4580383300780682,-9.995697021484432,1.0,-1.0,False,0.8646376385298633,13.24686185421814,2.900022082030773e-06,7163,expanding,amazon/chronos-2,29ec3766d36d6f73f0696f85560a422f50e8498c,2.3.1,cpu,7163,7163,8192,False,2021-07-09,standard predictions output (trained 0.5 quantile),0.5279530874977354,8,True,,
SPY,Chronos-2,2021-07-09,407.0503540039063,2021-07-16,5,403.14361572265625,398.4153747558594,-3.906738281250057,-8.634979248046932,-1.0,-1.0,True,0.8646376385298633,5.468465350220315,2.900022082030773e-06,7163,expanding,amazon/chronos-2,29ec3766d36d6f73f0696f85560a422f50e8498c,2.3.1,cpu,7163,7163,8192,False,2021-07-09,standard predictions output (trained 0.5 quantile),0.5279530874977354,8,True,,
SPY,Chronos-2,2021-07-09,407.0503540039063,2021-08-06,20,413.5647277832031,400.01910400390625,6.514373779296818,-7.031250000000057,1.0,-1.0,False,0.8646376385298633,15.666243494012583,2.900022082030773e-06,7163,expanding,amazon/chronos-2,29ec3766d36d6f73f0696f85560a422f50e8498c,2.3.1,cpu,7163,7163,8192,False,2021-07-09,standard predictions output (trained 0.5 quantile),0.5279530874977354,8,True,,
SPY,Chronos-2,2021-07-16,403.14361572265625,2021-07-19,1,397.1900329589844,397.12860107421875,-5.953582763671875,-6.0150146484375,-1.0,-1.0,True,0.8651559296654946,0.07100671989773813,2.900022082030773e-06,7168,expanding,amazon/chronos-2,29ec3766d36d6f73f0696f85560a422f50e8498c,2.3.1,cpu,7168,7168,8192,False,2021-07-16,standard predictions output (trained 0.5 quantile),0.5259541999985231,8,True,,
SPY,Chronos-2,2021-07-16,403.14361572265625,2021-07-23,5,411.1814575195313,398.828125,8.037841796875057,-4.31549072265625,1.0,-1.0,False,0.8651559296654946,14.27873530764289,2.900022082030773e-06,7168,expanding,amazon/chronos-2,29ec3766d36d6f73f0696f85560a422f50e8498c,2.3.1,cpu,7168,7168,8192,False,2021-07-16,standard predictions output (trained 0.5 quantile),0.5259541999985231,8,True,,
SPY,Chronos-2,2021-07-16,403.14361572265625,2021-08-13,20,416.77056884765625,400.504638671875,13.626953125,-2.63897705078125,1.0,-1.0,False,0.8651559296654946,18.801154356152118,2.900022082030773e-06,7168,expanding,amazon/chronos-2,29ec3766d36d6f73f0696f85560a422f50e8498c,2.3.1,cpu,7168,7168,8192,False,2021-07-16,standard predictions output (trained 0.5 quantile),0.5259541999985231,8,True,,
SPY,Chronos-2,2021-07-23,411.1814575195313,2021-07-26,1,412.1908874511719,400.0829772949219,1.0094299316405682,-11.098480224609432,1.0,-1.0,False,0.8673337360899077,13.95992067694101,3.400025889277458e-06,7173,expanding,amazon/chronos-2,29ec3766d36d6f73f0696f85560a422f50e8498c,2.3.1,cpu,7173,7173,8192,False,2021-07-23,standard predictions output (trained 0.5 quantile),0.5259541999985231,8,True,,
SPY,Chronos-2,2021-07-23,411.1814575195313,2021-07-30,5,409.8449401855469,401.44952392578125,-1.3365173339844318,-9.731933593750057,-1.0,-1.0,True,0.8673337360899077,9.679568441109684,3.400025889277458e-06,7173,expanding,amazon/chronos-2,29ec3766d36d6f73f0696f85560a422f50e8498c,2.3.1,cpu,7173,7173,8192,False,2021-07-23,standard predictions output (trained 0.5 quantile),0.5259541999985231,8,True,,
SPY,Chronos-2,2021-07-23,411.1814575195313,2021-08-20,20,414.37786865234375,403.5960388183594,3.196411132812443,-7.585418701171932,1.0,-1.0,False,0.8673337360899077,12.43100479705857,3.400025889277458e-06,7173,expanding,amazon/chronos-2,29ec3766d36d6f73f0696f85560a422f50e8498c,2.3.1,cpu,7173,7173,8192,False,2021-07-23,standard predictions output (trained 0.5 quantile),0.5259541999985231,8,True,,
SPY,Chronos-2,2021-07-30,409.8449401855469,2021-08-02,1,408.9850158691406,402.37774658203125,-0.85992431640625,-7.467193603515625,-1.0,-1.0,True,0.8676710369295609,7.614947377396169,3.100023604929447e-06,7178,expanding,amazon/chronos-2,29ec3766d36d6f73f0696f85560a422f50e8498c,2.3.1,cpu,7178,7178,8192,False,2021-07-30,standard predictions output (trained 0.5 quantile),0.5259541999985231,8,True,,
SPY,Chronos-2,2021-07-30,409.8449401855469,2021-08-06,5,413.5647277832031,403.3046569824219,3.71978759765625,-6.540283203125,1.0,-1.0,False,0.8676710369295609,11.824839557960468,3.100023604929447e-06,7178,expanding,amazon/chronos-2,29ec3766d36d6f73f0696f85560a422f50e8498c,2.3.1,cpu,7178,7178,8192,False,2021-07-30,standard predictions output (trained 0.5 quantile),0.5259541999985231,8,True,,
SPY,Chronos-2,2021-07-30,409.8449401855469,2021-08-27,20,420.8175048828125,405.04443359375,10.972564697265625,-4.800506591796875,1.0,-1.0,False,0.8676710369295609,18.17863063042749,3.100023604929447e-06,7178,expanding,amazon/chronos-2,29ec3766d36d6f73f0696f85560a422f50e8498c,2.3.1,cpu,7178,7178,8192,False,2021-07-30,standard predictions output (trained 0.5 quantile),0.5259541999985231,8,True,,
SPY,Chronos-2,2021-08-06,413.5647277832031,2021-08-09,1,413.2283020019531,406.2200927734375,-0.33642578125,-7.344635009765625,-1.0,-1.0,True,0.8683891423861985,8.070355657900276,3.00002284348011e-06,7183,expanding,amazon/chronos-2,29ec3766d36d6f73f0696f85560a422f50e8498c,2.3.1,cpu,7183,7183,8192,False,2021-08-06,standard predictions output (trained 0.5 quantile),0.5259541999985231,8,True,,
SPY,Chronos-2,2021-08-06,413.5647277832031,2021-08-13,5,416.77056884765625,407.2109375,3.205841064453125,-6.353790283203125,1.0,-1.0,False,0.8683891423861985,11.008464847208785,3.00002284348011e-06,7183,expanding,amazon/chronos-2,29ec3766d36d6f73f0696f85560a422f50e8498c,2.3.1,cpu,7183,7183,8192,False,2021-08-06,standard predictions output (trained 0.5 quantile),0.5259541999985231,8,True,,
SPY,Chronos-2,2021-08-06,413.5647277832031,2021-09-03,20,423.4624328613281,407.2498779296875,9.897705078125,-6.314849853515625,1.0,-1.0,False,0.8683891423861985,18.669688668712556,3.00002284348011e-06,7183,expanding,amazon/chronos-2,29ec3766d36d6f73f0696f85560a422f50e8498c,2.3.1,cpu,7183,7183,8192,False,2021-08-06,standard predictions output (trained 0.5 quantile),0.5259541999985231,8,True,,
SPY,Chronos-2,2021-08-13,416.77056884765625,2021-08-16,1,417.75189208984375,407.4320373535156,0.9813232421875,-9.338531494140625,1.0,-1.0,False,0.8683246852990999,11.884787926734326,3.0999071896076202e-06,7188,expanding,amazon/chronos-2,29ec3766d36d6f73f0696f85560a422f50e8498c,2.3.1,cpu,7188,7188,8192,False,2021-08-13,standard predictions output (trained 0.5 quantile),0.5259541999985231,8,True,,
SPY,Chronos-2,2021-08-13,416.77056884765625,2021-08-20,5,414.37786865234375,408.00201416015625,-2.3927001953125,-8.7685546875,-1.0,-1.0,True,0.8683246852990999,7.342707860471912,3.0999071896076202e-06,7188,expanding,amazon/chronos-2,29ec3766d36d6f73f0696f85560a422f50e8498c,2.3.1,cpu,7188,7188,8192,False,2021-08-13,standard predictions output (trained 0.5 quantile),0.5259541999985231,8,True,,
SPY,Chronos-2,2021-08-13,416.77056884765625,2021-09-13,20,417.3873596191406,409.4307556152344,0.616790771484375,-7.339813232421875,1.0,-1.0,False,0.8683246852990999,9.16316688747084,3.0999071896076202e-06,7188,expanding,amazon/chronos-2,29ec3766d36d6f73f0696f85560a422f50e8498c,2.3.1,cpu,7188,7188,8192,False,2021-08-13,standard predictions output (trained 0.5 quantile),0.5259541999985231,8,True,,
SPY,Chronos-2,2021-08-20,414.37786865234375,2021-08-23,1,418.0229187011719,406.76019287109375,3.645050048828125,-7.61767578125,1.0,-1.0,False,0.8694130141159586,12.954402162394995,3.300025127828121e-06,7193,expanding,amazon/chronos-2,29ec3766d36d6f73f0696f85560a422f50e8498c,2.3.1,cpu,7193,7193,8192,False,2021-08-20,standard predictions output (trained 0.5 quantile),0.5259541999985231,8,True,,
SPY,Chronos-2,2021-08-20,414.37786865234375,2021-08-27,5,420.8175048828125,407.9071350097656,6.43963623046875,-6.470733642578125,1.0,-1.0,False,0.8694130141159586,14.849524522213954,3.300025127828121e-06,7193,expanding,amazon/chronos-2,29ec3766d36d6f73f0696f85560a422f50e8498c,2.3.1,cpu,7193,7193,8192,False,2021-08-20,standard predictions output (trained 0.5 quantile),0.5259541999985231,8,True,,
SPY,Chronos-2,2021-08-20,414.37786865234375,2021-09-20,20,406.966796875,409.71295166015625,-7.41107177734375,-4.6649169921875,-1.0,-1.0,True,0.8694130141159586,3.1586308699883108,3.300025127828121e-06,7193,expanding,amazon/chronos-2,29ec3766d36d6f73f0696f85560a422f50e8498c,2.3.1,cpu,7193,7193,8192,False,2021-08-20,standard predictions output (trained 0.5 quantile),0.5259541999985231,8,True,,
SPY,Chronos-2,2021-08-27,420.8175048828125,2021-08-30,1,422.6680603027344,411.15692138671875,1.850555419921875,-9.66058349609375,1.0,-1.0,False,0.8703920587791709,13.225234306665637,3.00002284348011e-06,7198,expanding,amazon/chronos-2,29ec3766d36d6f73f0696f85560a422f50e8498c,2.3.1,cpu,7198,7198,8192,False,2021-08-27,standard predictions output (trained 0.5 quantile),0.5259541999985231,8,True,,
SPY,Chronos-2,2021-08-27,420.8175048828125,2021-09-03,5,423.4624328613281,412.0533752441406,2.644927978515625,-8.764129638671875,1.0,-1.0,False,0.8703920587791709,13.107952332641993,3.00002284348011e-06,7198,expanding,amazon/chronos-2,29ec3766d36d6f73f0696f85560a422f50e8498c,2.3.1,cpu,7198,7198,8192,False,2021-08-27,standard predictions output (trained 0.5 quantile),0.5259541999985231,8,True,,
SPY,Chronos-2,2021-08-27,420.8175048828125,2021-09-27,20,415.03033447265625,414.40081787109375,-5.78717041015625,-6.41668701171875,-1.0,-1.0,True,0.8703920587791709,0.7232563707502944,3.00002284348011e-06,7198,expanding,amazon/chronos-2,29ec3766d36d6f73f0696f85560a422f50e8498c,2.3.1,cpu,7198,7198,8192,False,2021-08-27,standard predictions output (trained 0.5 quantile),0.5259541999985231,8,True,,
SPY,Chronos-2,2021-09-03,423.4624328613281,2021-09-07,1,421.9483642578125,414.193115234375,-1.514068603515625,-9.269317626953125,-1.0,-1.0,True,0.8703575240211732,8.910417626548648,3.200024366378784e-06,7203,expanding,amazon/chronos-2,29ec3766d36d6f73f0696f85560a422f50e8498c,2.3.1,cpu,7203,7203,8192,False,2021-09-03,standard predictions output (trained 0.5 quantile),0.5259541999985231,8,True,,
SPY,Chronos-2,2021-09-03,423.4624328613281,2021-09-13,5,417.3873596191406,415.8624267578125,-6.0750732421875,-7.600006103515625,-1.0,-1.0,True,0.8703575240211732,1.7520763815342486,3.200024366378784e-06,7203,expanding,amazon/chronos-2,29ec3766d36d6f73f0696f85560a422f50e8498c,2.3.1,cpu,7203,7203,8192,False,2021-09-03,standard predictions output (trained 0.5 quantile),0.5259541999985231,8,True,,
SPY,Chronos-2,2021-09-03,423.4624328613281,2021-10-04,20,401.9036254882813,418.3743896484375,-21.558807373046818,-5.088043212890625,-1.0,-1.0,True,0.8703575240211732,18.9241360079924,3.200024366378784e-06,7203,expanding,amazon/chronos-2,29ec3766d36d6f73f0696f85560a422f50e8498c,2.3.1,cpu,7203,7203,8192,False,2021-09-03,standard predictions output (trained 0.5 quantile),0.5259541999985231,8,True,,
SPY,Chronos-2,2021-09-13,417.3873596191406,2021-09-14,1,415.1349487304688,408.71905517578125,-2.252410888671818,-8.668304443359375,-1.0,-1.0,True,0.870892310483257,7.367034336458185,2.800021320581436e-06,7208,expanding,amazon/chronos-2,29ec3766d36d6f73f0696f85560a422f50e8498c,2.3.1,cpu,7208,7208,8192,False,2021-09-13,standard predictions output (trained 0.5 quantile),0.5201006999996025,8,True,,
SPY,Chronos-2,2021-09-13,417.3873596191406,2021-09-20,5,406.966796875,410.48370361328125,-10.420562744140625,-6.903656005859375,-1.0,-1.0,True,0.870892310483257,4.03827969996626,2.800021320581436e-06,7208,expanding,amazon/chronos-2,29ec3766d36d6f73f0696f85560a422f50e8498c,2.3.1,cpu,7208,7208,8192,False,2021-09-13,standard predictions output (trained 0.5 quantile),0.5201006999996025,8,True,,
SPY,Chronos-2,2021-09-13,417.3873596191406,2021-10-11,20,407.5762023925781,412.2743225097656,-9.8111572265625,-5.113037109375,-1.0,-1.0,True,0.870892310483257,5.394605120098626,2.800021320581436e-06,7208,expanding,amazon/chronos-2,29ec3766d36d6f73f0696f85560a422f50e8498c,2.3.1,cpu,7208,7208,8192,False,2021-09-13,standard predictions output (trained 0.5 quantile),0.5201006999996025,8,True,,
SPY,Chronos-2,2021-09-20,406.966796875,2021-09-21,1,406.5823364257813,403.28875732421875,-0.38446044921869316,-3.67803955078125,-1.0,-1.0,True,0.872695005673934,3.774032256571823,3.5999109968543053e-06,7213,expanding,amazon/chronos-2,29ec3766d36d6f73f0696f85560a422f50e8498c,2.3.1,cpu,7213,7213,8192,False,2021-09-20,standard predictions output (trained 0.5 quantile),0.5201006999996025,8,True,,
SPY,Chronos-2,2021-09-20,406.966796875,2021-09-27,5,415.03033447265625,404.6668701171875,8.06353759765625,-2.2999267578125,1.0,-1.0,False,0.872695005673934,11.875241966654341,3.5999109968543053e-06,7213,expanding,amazon/chronos-2,29ec3766d36d6f73f0696f85560a422f50e8498c,2.3.1,cpu,7213,7213,8192,False,2021-09-20,standard predictions output (trained 0.5 quantile),0.5201006999996025,8,True,,
SPY,Chronos-2,2021-09-20,406.966796875,2021-10-18,20,419.2964172363281,405.64923095703125,12.329620361328125,-1.31756591796875,1.0,-1.0,False,0.872695005673934,15.637979122795494,3.5999109968543053e-06,7213,expanding,amazon/chronos-2,29ec3766d36d6f73f0696f85560a422f50e8498c,2.3.1,cpu,7213,7213,8192,False,2021-09-20,standard predictions output (trained 0.5 quantile),0.5201006999996025,8,True,,
SPY,Chronos-2,2021-09-27,415.03033447265625,2021-09-28,1,406.6667175292969,409.552734375,-8.363616943359375,-5.47760009765625,-1.0,-1.0,True,0.8736442247718199,3.3034234804870373,2.900022082030773e-06,7218,expanding,amazon/chronos-2,29ec3766d36d6f73f0696f85560a422f50e8498c,2.3.1,cpu,7218,7218,8192,False,2021-09-27,standard predictions output (trained 0.5 quantile),0.5201006999996025,8,True,,
SPY,Chronos-2,2021-09-27,415.03033447265625,2021-10-04,5,401.9036254882813,411.33575439453125,-13.126708984374943,-3.694580078125,-1.0,-1.0,True,0.8736442247718199,10.796304306496669,2.900022082030773e-06,7218,expanding,amazon/chronos-2,29ec3766d36d6f73f0696f85560a422f50e8498c,2.3.1,cpu,7218,7218,8192,False,2021-09-27,standard predictions output (trained 0.5 quantile),0.5201006999996025,8,True,,
SPY,Chronos-2,2021-09-27,415.03033447265625,2021-10-25,20,427.135009765625,412.31927490234375,12.10467529296875,-2.7110595703125,1.0,-1.0,False,0.8736442247718199,16.95854495821895,2.900022082030773e-06,7218,expanding,amazon/chronos-2,29ec3766d36d6f73f0696f85560a422f50e8498c,2.3.1,cpu,7218,7218,8192,False,2021-09-27,standard predictions output (trained 0.5 quantile),0.5201006999996025,8,True,,
SPY,Chronos-2,2021-10-04,401.9036254882813,2021-10-05,1,406.0853576660156,398.09930419921875,4.181732177734318,-3.804321289062557,1.0,-1.0,False,0.8763707947183008,9.112642177177868,3.200024366378784e-06,7223,expanding,amazon/chronos-2,29ec3766d36d6f73f0696f85560a422f50e8498c,2.3.1,cpu,7223,7223,8192,False,2021-10-04,standard predictions output (trained 0.5 quantile),0.5201006999996025,8,True,,
SPY,Chronos-2,2021-10-04,401.9036254882813,2021-10-11,5,407.5762023925781,399.34576416015625,5.672576904296818,-2.557861328125057,1.0,-1.0,False,0.8763707947183008,9.391502183807315,3.200024366378784e-06,7223,expanding,amazon/chronos-2,29ec3766d36d6f73f0696f85560a422f50e8498c,2.3.1,cpu,7223,7223,8192,False,2021-10-04,standard predictions output (trained 0.5 quantile),0.5201006999996025,8,True,,
SPY,Chronos-2,2021-10-04,401.9036254882813,2021-11-01,20,431.3450012207031,398.18841552734375,29.441375732421818,-3.715209960937557,1.0,-1.0,False,0.8763707947183008,37.83396924359759,3.200024366378784e-06,7223,expanding,amazon/chronos-2,29ec3766d36d6f73f0696f85560a422f50e8498c,2.3.1,cpu,7223,7223,8192,False,2021-10-04,standard predictions output (trained 0.5 quantile),0.5201006999996025,8,True,,
SPY,Chronos-2,2021-10-11,407.5762023925781,2021-10-12,1,406.5729675292969,404.04473876953125,-1.00323486328125,-3.531463623046875,-1.0,-1.0,True,0.8775795239440236,2.880911291552523,3.100023604929447e-06,7228,expanding,amazon/chronos-2,29ec3766d36d6f73f0696f85560a422f50e8498c,2.3.1,cpu,7228,7228,8192,False,2021-10-11,standard predictions output (trained 0.5 quantile),0.5201006999996025,8,True,,
SPY,Chronos-2,2021-10-11,407.5762023925781,2021-10-18,5,419.2964172363281,405.38818359375,11.72021484375,-2.188018798828125,1.0,-1.0,False,0.8775795239440236,15.848402638283595,3.100023604929447e-06,7228,expanding,amazon/chronos-2,29ec3766d36d6f73f0696f85560a422f50e8498c,2.3.1,cpu,7228,7228,8192,False,2021-10-11,standard predictions output (trained 0.5 quantile),0.5201006999996025,8,True,,
SPY,Chronos-2,2021-10-11,407.5762023925781,2021-11-08,20,439.6804809570313,405.48968505859375,32.10427856445318,-2.086517333984375,1.0,-1.0,False,0.8775795239440236,38.960339166503175,3.100023604929447e-06,7228,expanding,amazon/chronos-2,29ec3766d36d6f73f0696f85560a422f50e8498c,2.3.1,cpu,7228,7228,8192,False,2021-10-11,standard predictions output (trained 0.5 quantile),0.5201006999996025,8,True,,
SPY,Chronos-2,2021-10-18,419.2964172363281,2021-10-19,1,422.53131103515625,413.5333251953125,3.234893798828125,-5.763092041015625,1.0,-1.0,False,0.8788708385113069,10.238120831367178,2.900022082030773e-06,7233,expanding,amazon/chronos-2,29ec3766d36d6f73f0696f85560a422f50e8498c,2.3.1,cpu,7233,7233,8192,False,2021-10-18,standard predictions output (trained 0.5 quantile),0.5201006999996025,8,True,,
SPY,Chronos-2,2021-10-18,419.2964172363281,2021-10-25,5,427.135009765625,414.3545837402344,7.838592529296875,-4.94183349609375,1.0,-1.0,False,0.8788708385113069,14.541870620077699,2.900022082030773e-06,7233,expanding,amazon/chronos-2,29ec3766d36d6f73f0696f85560a422f50e8498c,2.3.1,cpu,7233,7233,8192,False,2021-10-18,standard predictions output (trained 0.5 quantile),0.5201006999996025,8,True,,
SPY,Chronos-2,2021-10-18,419.2964172363281,2021-11-15,20,438.2740783691406,415.05023193359375,18.9776611328125,-4.246185302734375,1.0,-1.0,False,0.8788708385113069,26.42464104837641,2.900022082030773e-06,7233,expanding,amazon/chronos-2,29ec3766d36d6f73f0696f85560a422f50e8498c,2.3.1,cpu,7233,7233,8192,False,2021-10-18,standard predictions output (trained 0.5 quantile),0.5201006999996025,8,True,,
SPY,Chronos-2,2021-10-25,427.135009765625,2021-10-26,1,427.51947021484375,419.2696228027344,0.38446044921875,-7.865386962890625,1.0,-1.0,False,0.8794685343739342,9.380491842135296,2.8999056667089462e-06,7238,expanding,amazon/chronos-2,29ec3766d36d6f73f0696f85560a422f50e8498c,2.3.1,cpu,7238,7238,8192,False,2021-10-25,standard predictions output (trained 0.5 quantile),0.5201006999996025,8,True,,
SPY,Chronos-2,2021-10-25,427.135009765625,2021-11-01,5,431.3450012207031,420.15728759765625,4.209991455078125,-6.97772216796875,1.0,-1.0,False,0.8794685343739342,12.72099362942081,2.8999056667089462e-06,7238,expanding,amazon/chronos-2,29ec3766d36d6f73f0696f85560a422f50e8498c,2.3.1,cpu,7238,7238,8192,False,2021-10-25,standard predictions output (trained 0.5 quantile),0.5201006999996025,8,True,,
SPY,Chronos-2,2021-10-25,427.135009765625,2021-11-22,20,438.4053039550781,421.8502502441406,11.270294189453125,-5.284759521484375,1.0,-1.0,False,0.8794685343739342,18.823929525486115,2.8999056667089462e-06,7238,expanding,amazon/chronos-2,29ec3766d36d6f73f0696f85560a422f50e8498c,2.3.1,cpu,7238,7238,8192,False,2021-10-25,standard predictions output (trained 0.5 quantile),0.5201006999996025,8,True,,
SPY,Chronos-2,2021-11-01,431.3450012207031,2021-11-02,1,433.0889587402344,421.69683837890625,1.74395751953125,-9.648162841796875,1.0,-1.0,False,0.8799657107913934,12.946095764439129,3.0999071896076202e-06,7243,expanding,amazon/chronos-2,29ec3766d36d6f73f0696f85560a422f50e8498c,2.3.1,cpu,7243,7243,8192,False,2021-11-01,standard predictions output (trained 0.5 quantile),0.5201006999996025,8,True,,
SPY,Chronos-2,2021-11-01,431.3450012207031,2021-11-08,5,439.6804809570313,422.5047607421875,8.335479736328182,-8.840240478515625,1.0,-1.0,False,0.8799657107913934,19.5186244238959,3.0999071896076202e-06,7243,expanding,amazon/chronos-2,29ec3766d36d6f73f0696f85560a422f50e8498c,2.3.1,cpu,7243,7243,8192,False,2021-11-01,standard predictions output (trained 0.5 quantile),0.5201006999996025,8,True,,
SPY,Chronos-2,2021-11-01,431.3450012207031,2021-11-30,20,427.1443786621094,423.5765686035156,-4.20062255859375,-7.7684326171875,-1.0,-1.0,True,0.8799657107913934,4.054487595187153,3.0999071896076202e-06,7243,expanding,amazon/chronos-2,29ec3766d36d6f73f0696f85560a422f50e8498c,2.3.1,cpu,7243,7243,8192,False,2021-11-01,standard predictions output (trained 0.5 quantile),0.5201006999996025,8,True,,
SPY,Chronos-2,2021-11-08,439.6804809570313,2021-11-09,1,438.2271423339844,425.6928405761719,-1.4533386230469318,-13.987640380859432,-1.0,-1.0,True,0.880508783950269,14.235294396018695,3.100023604929447e-06,7248,expanding,amazon/chronos-2,29ec3766d36d6f73f0696f85560a422f50e8498c,2.3.1,cpu,7248,7248,8192,False,2021-11-08,standard predictions output (trained 0.5 quantile),0.5526309124979889,8,True,,
SPY,Chronos-2,2021-11-08,439.6804809570313,2021-11-15,5,438.2740783691406,426.2534484863281,-1.4064025878906818,-13.427032470703182,-1.0,-1.0,True,0.880508783950269,13.65191364574896,3.100023604929447e-06,7248,expanding,amazon/chronos-2,29ec3766d36d6f73f0696f85560a422f50e8498c,2.3.1,cpu,7248,7248,8192,False,2021-11-08,standard predictions output (trained 0.5 quantile),0.5526309124979889,8,True,,
SPY,Chronos-2,2021-11-08,439.6804809570313,2021-12-07,20,439.071044921875,427.9717712402344,-0.6094360351563068,-11.708709716796932,-1.0,-1.0,True,0.880508783950269,12.605522947591071,3.100023604929447e-06,7248,expanding,amazon/chronos-2,29ec3766d36d6f73f0696f85560a422f50e8498c,2.3.1,cpu,7248,7248,8192,False,2021-11-08,standard predictions output (trained 0.5 quantile),0.5526309124979889,8,True,,
SPY,Chronos-2,2021-11-15,438.2740783691406,2021-11-16,1,440.0086975097656,427.80517578125,1.734619140625,-10.468902587890625,1.0,-1.0,False,0.8810808515259396,13.850626429323036,2.900022082030773e-06,7253,expanding,amazon/chronos-2,29ec3766d36d6f73f0696f85560a422f50e8498c,2.3.1,cpu,7253,7253,8192,False,2021-11-15,standard predictions output (trained 0.5 quantile),0.5526309124979889,8,True,,
SPY,Chronos-2,2021-11-15,438.2740783691406,2021-11-22,5,438.4053039550781,428.73101806640625,0.1312255859375,-9.543060302734375,1.0,-1.0,False,0.8810808515259396,10.980020587119816,2.900022082030773e-06,7253,expanding,amazon/chronos-2,29ec3766d36d6f73f0696f85560a422f50e8498c,2.3.1,cpu,7253,7253,8192,False,2021-11-15,standard predictions output (trained 0.5 quantile),0.5526309124979889,8,True,,
SPY,Chronos-2,2021-11-15,438.2740783691406,2021-12-14,20,434.45794677734375,430.05230712890625,-3.816131591796875,-8.221771240234375,-1.0,-1.0,True,0.8810808515259396,5.000267161415884,2.900022082030773e-06,7253,expanding,amazon/chronos-2,29ec3766d36d6f73f0696f85560a422f50e8498c,2.3.1,cpu,7253,7253,8192,False,2021-11-15,standard predictions output (trained 0.5 quantile),0.5526309124979889,8,True,,
SPY,Chronos-2,2021-11-22,438.4053039550781,2021-11-23,1,438.9866943359375,428.98944091796875,0.581390380859375,-9.415863037109375,1.0,-1.0,False,0.8813446211029681,11.3431831074859,3.200024366378784e-06,7258,expanding,amazon/chronos-2,29ec3766d36d6f73f0696f85560a422f50e8498c,2.3.1,cpu,7258,7258,8192,False,2021-11-22,standard predictions output (trained 0.5 quantile),0.5526309124979889,8,True,,
SPY,Chronos-2,2021-11-22,438.4053039550781,2021-11-30,5,427.1443786621094,429.7767333984375,-11.26092529296875,-8.628570556640625,-1.0,-1.0,True,0.8813446211029681,2.9867485127824764,3.200024366378784e-06,7258,expanding,amazon/chronos-2,29ec3766d36d6f73f0696f85560a422f50e8498c,2.3.1,cpu,7258,7258,8192,False,2021-11-22,standard predictions output (trained 0.5 quantile),0.5526309124979889,8,True,,
SPY,Chronos-2,2021-11-22,438.4053039550781,2021-12-21,20,435.7020568847656,431.5448303222656,-2.7032470703125,-6.8604736328125,-1.0,-1.0,True,0.8813446211029681,4.716913750829267,3.200024366378784e-06,7258,expanding,amazon/chronos-2,29ec3766d36d6f73f0696f85560a422f50e8498c,2.3.1,cpu,7258,7258,8192,False,2021-11-22,standard predictions output (trained 0.5 quantile),0.5526309124979889,8,True,,
SPY,Chronos-2,2021-11-30,427.1443786621094,2021-12-01,1,422.4000244140625,421.7789306640625,-4.744354248046875,-5.365447998046875,-1.0,-1.0,True,0.8842251934449689,0.7024158038069459,3.200024366378784e-06,7263,expanding,amazon/chronos-2,29ec3766d36d6f73f0696f85560a422f50e8498c,2.3.1,cpu,7263,7263,8192,False,2021-11-30,standard predictions output (trained 0.5 quantile),0.5526309124979889,8,True,,
SPY,Chronos-2,2021-11-30,427.1443786621094,2021-12-07,5,439.071044921875,422.8877258300781,11.926666259765625,-4.25665283203125,1.0,-1.0,False,0.8842251934449689,18.30225966390548,3.200024366378784e-06,7263,expanding,amazon/chronos-2,29ec3766d36d6f73f0696f85560a422f50e8498c,2.3.1,cpu,7263,7263,8192,False,2021-11-30,standard predictions output (trained 0.5 quantile),0.5526309124979889,8,True,,
SPY,Chronos-2,2021-11-30,427.1443786621094,2021-12-29,20,449.27001953125,424.2115478515625,22.125640869140625,-2.932830810546875,1.0,-1.0,False,0.8842251934449689,28.339468119042067,3.200024366378784e-06,7263,expanding,amazon/chronos-2,29ec3766d36d6f73f0696f85560a422f50e8498c,2.3.1,cpu,7263,7263,8192,False,2021-11-30,standard predictions output (trained 0.5 quantile),0.5526309124979889,8,True,,
SPY,Chronos-2,2021-12-07,439.071044921875,2021-12-08,1,440.2337036132813,426.7138366699219,1.1626586914063068,-12.357208251953125,1.0,-1.0,False,0.8875907760416445,15.232094911636507,3.100023604929447e-06,7268,expanding,amazon/chronos-2,29ec3766d36d6f73f0696f85560a422f50e8498c,2.3.1,cpu,7268,7268,8192,False,2021-12-07,standard predictions output (trained 0.5 quantile),0.5526309124979889,8,True,,
SPY,Chronos-2,2021-12-07,439.071044921875,2021-12-14,5,434.45794677734375,428.091552734375,-4.61309814453125,-10.9794921875,-1.0,-1.0,True,0.8875907760416445,7.172668097522059,3.100023604929447e-06,7268,expanding,amazon/chronos-2,29ec3766d36d6f73f0696f85560a422f50e8498c,2.3.1,cpu,7268,7268,8192,False,2021-12-07,standard predictions output (trained 0.5 quantile),0.5526309124979889,8,True,,
SPY,Chronos-2,2021-12-07,439.071044921875,2022-01-05,20,440.7077026367188,429.8089904785156,1.6366577148438068,-9.262054443359375,1.0,-1.0,False,0.8875907760416445,12.278983121937975,3.100023604929447e-06,7268,expanding,amazon/chronos-2,29ec3766d36d6f73f0696f85560a422f50e8498c,2.3.1,cpu,7268,7268,8192,False,2021-12-07,standard predictions output (trained 0.5 quantile),0.5526309124979889,8,True,,
SPY,Chronos-2,2021-12-14,434.45794677734375,2021-12-15,1,441.2463684082031,430.82135009765625,6.788421630859375,-3.6365966796875,1.0,-1.0,False,0.8890666699383258,11.725800396127834,3.00002284348011e-06,7273,expanding,amazon/chronos-2,29ec3766d36d6f73f0696f85560a422f50e8498c,2.3.1,cpu,7273,7273,8192,False,2021-12-14,standard predictions output (trained 0.5 quantile),0.5526309124979889,8,True,,
SPY,Chronos-2,2021-12-14,434.45794677734375,2021-12-21,5,435.7020568847656,431.8584289550781,1.244110107421875,-2.599517822265625,1.0,-1.0,False,0.8890666699383258,4.323216761634008,3.00002284348011e-06,7273,expanding,amazon/chronos-2,29ec3766d36d6f73f0696f85560a422f50e8498c,2.3.1,cpu,7273,7273,8192,False,2021-12-14,standard predictions output (trained 0.5 quantile),0.5526309124979889,8,True,,
SPY,Chronos-2,2021-12-14,434.45794677734375,2022-01-12,20,443.1916809082031,434.4991149902344,8.733734130859375,0.041168212890625,1.0,1.0,True,0.8890666699383258,9.77718118549169,3.00002284348011e-06,7273,expanding,amazon/chronos-2,29ec3766d36d6f73f0696f85560a422f50e8498c,2.3.1,cpu,7273,7273,8192,False,2021-12-14,standard predictions output (trained 0.5 quantile),0.5526309124979889,8,True,,
SPY,Chronos-2,2021-12-21,435.7020568847656,2021-12-22,1,440.0584411621094,429.9412536621094,4.35638427734375,-5.76080322265625,1.0,-1.0,False,0.892240046471935,11.339086986742005,3.200024366378784e-06,7278,expanding,amazon/chronos-2,29ec3766d36d6f73f0696f85560a422f50e8498c,2.3.1,cpu,7278,7278,8192,False,2021-12-21,standard predictions output (trained 0.5 quantile),0.5526309124979889,8,True,,
SPY,Chronos-2,2021-12-21,435.7020568847656,2021-12-29,5,449.27001953125,430.70819091796875,13.567962646484375,-4.993865966796875,1.0,-1.0,False,0.892240046471935,20.803626430664927,3.200024366378784e-06,7278,expanding,amazon/chronos-2,29ec3766d36d6f73f0696f85560a422f50e8498c,2.3.1,cpu,7278,7278,8192,False,2021-12-21,standard predictions output (trained 0.5 quantile),0.5526309124979889,8,True,,
SPY,Chronos-2,2021-12-21,435.7020568847656,2022-01-20,20,420.3555603027344,432.9561767578125,-15.34649658203125,-2.745880126953125,-1.0,-1.0,True,0.892240046471935,14.122451132857185,3.200024366378784e-06,7278,expanding,amazon/chronos-2,29ec3766d36d6f73f0696f85560a422f50e8498c,2.3.1,cpu,7278,7278,8192,False,2021-12-21,standard predictions output (trained 0.5 quantile),0.5526309124979889,8,True,,
SPY,Chronos-2,2021-12-29,449.27001953125,2021-12-30,1,448.0280456542969,436.08526611328125,-1.241973876953125,-13.18475341796875,-1.0,-1.0,True,0.8935914378806612,13.364921635037621,3.0999071896076202e-06,7283,expanding,amazon/chronos-2,29ec3766d36d6f73f0696f85560a422f50e8498c,2.3.1,cpu,7283,7283,8192,False,2021-12-29,standard predictions output (trained 0.5 quantile),0.5526309124979889,8,True,,
SPY,Chronos-2,2021-12-29,449.27001953125,2022-01-05,5,440.7077026367188,436.774658203125,-8.562316894531193,-12.495361328125,-1.0,-1.0,True,0.8935914378806612,4.401390016585033,3.0999071896076202e-06,7283,expanding,amazon/chronos-2,29ec3766d36d6f73f0696f85560a422f50e8498c,2.3.1,cpu,7283,7283,8192,False,2021-12-29,standard predictions output (trained 0.5 quantile),0.5526309124979889,8,True,,
SPY,Chronos-2,2021-12-29,449.27001953125,2022-01-27,20,405.7619934082031,439.82135009765625,-43.508026123046875,-9.44866943359375,-1.0,-1.0,True,0.8935914378806612,38.11513320923487,3.0999071896076202e-06,7283,expanding,amazon/chronos-2,29ec3766d36d6f73f0696f85560a422f50e8498c,2.3.1,cpu,7283,7283,8192,False,2021-12-29,standard predictions output (trained 0.5 quantile),0.5526309124979889,8,True,,
SPY,Chronos-2,2022-01-05,440.7077026367188,2022-01-06,1,440.2937622070313,439.0029602050781,-0.4139404296875,-1.7047424316406818,-1.0,-1.0,True,0.8948634935370917,1.4424568789269518,3.300025127828121e-06,7288,expanding,amazon/chronos-2,29ec3766d36d6f73f0696f85560a422f50e8498c,2.3.1,cpu,7288,7288,8192,False,2022-01-05,standard predictions output (trained 0.5 quantile),0.5805869875039207,8,True,,
SPY,Chronos-2,2022-01-05,440.7077026367188,2022-01-12,5,443.1916809082031,439.7109375,2.483978271484318,-0.9967651367188068,1.0,-1.0,False,0.8948634935370917,3.8896920405646758,3.300025127828121e-06,7288,expanding,amazon/chronos-2,29ec3766d36d6f73f0696f85560a422f50e8498c,2.3.1,cpu,7288,7288,8192,False,2022-01-05,standard predictions output (trained 0.5 quantile),0.5805869875039207,8,True,,
SPY,Chronos-2,2022-01-05,440.7077026367188,2022-02-03,20,420.2145080566406,443.0699462890625,-20.493194580078182,2.362243652343693,-1.0,1.0,False,0.8948634935370917,25.540697991916158,3.300025127828121e-06,7288,expanding,amazon/chronos-2,29ec3766d36d6f73f0696f85560a422f50e8498c,2.3.1,cpu,7288,7288,8192,False,2022-01-05,standard predictions output (trained 0.5 quantile),0.5805869875039207,8,True,,
SPY,Chronos-2,2022-01-12,443.1916809082031,2022-01-13,1,437.0850830078125,433.9616394042969,-6.106597900390625,-9.23004150390625,-1.0,-1.0,True,0.8953312033163084,3.4885901350767003,3.500026650726795e-06,7293,expanding,amazon/chronos-2,29ec3766d36d6f73f0696f85560a422f50e8498c,2.3.1,cpu,7293,7293,8192,False,2022-01-12,standard predictions output (trained 0.5 quantile),0.5805869875039207,8,True,,
SPY,Chronos-2,2022-01-12,443.1916809082031,2022-01-20,5,420.3555603027344,434.7384033203125,-22.83612060546875,-8.453277587890625,-1.0,-1.0,True,0.8953312033163084,16.064270924886845,3.500026650726795e-06,7293,expanding,amazon/chronos-2,29ec3766d36d6f73f0696f85560a422f50e8498c,2.3.1,cpu,7293,7293,8192,False,2022-01-12,standard predictions output (trained 0.5 quantile),0.5805869875039207,8,True,,
SPY,Chronos-2,2022-01-12,443.1916809082031,2022-02-10,20,422.7737121582031,436.3246154785156,-20.41796875,-6.8670654296875,-1.0,-1.0,True,0.8953312033163084,15.135073222199706,3.500026650726795e-06,7293,expanding,amazon/chronos-2,29ec3766d36d6f73f0696f85560a422f50e8498c,2.3.1,cpu,7293,7293,8192,False,2022-01-12,standard predictions output (trained 0.5 quantile),0.5805869875039207,8,True,,
SPY,Chronos-2,2022-01-20,420.3555603027344,2022-01-21,1,412.103759765625,417.82147216796875,-8.251800537109375,-2.534088134765625,-1.0,-1.0,True,0.8978962563024218,6.367898698998427,4.200031980872154e-06,7298,expanding,amazon/chronos-2,29ec3766d36d6f73f0696f85560a422f50e8498c,2.3.1,cpu,7298,7298,8192,False,2022-01-20,standard predictions output (trained 0.5 quantile),0.5805869875039207,8,True,,
SPY,Chronos-2,2022-01-20,420.3555603027344,2022-01-27,5,405.7619934082031,418.5765380859375,-14.59356689453125,-1.779022216796875,-1.0,-1.0,True,0.8978962563024218,14.271743074757056,4.200031980872154e-06,7298,expanding,amazon/chronos-2,29ec3766d36d6f73f0696f85560a422f50e8498c,2.3.1,cpu,7298,7298,8192,False,2022-01-20,standard predictions output (trained 0.5 quantile),0.5805869875039207,8,True,,
SPY,Chronos-2,2022-01-20,420.3555603027344,2022-02-17,20,411.238037109375,419.31060791015625,-9.117523193359375,-1.044952392578125,-1.0,-1.0,True,0.8978962563024218,8.990538432607426,4.200031980872154e-06,7298,expanding,amazon/chronos-2,29ec3766d36d6f73f0696f85560a422f50e8498c,2.3.1,cpu,7298,7298,8192,False,2022-01-20,standard predictions output (trained 0.5 quantile),0.5805869875039207,8,True,,
SPY,Chronos-2,2022-01-27,405.7619934082031,2022-01-28,1,415.8392333984375,402.4201354980469,10.077239990234375,-3.34185791015625,1.0,-1.0,False,0.8997593443219353,14.914096736059294,3.400025889277458e-06,7303,expanding,amazon/chronos-2,29ec3766d36d6f73f0696f85560a422f50e8498c,2.3.1,cpu,7303,7303,8192,False,2022-01-27,standard predictions output (trained 0.5 quantile),0.5805869875039207,8,True,,
SPY,Chronos-2,2022-01-27,405.7619934082031,2022-02-03,5,420.2145080566406,401.9364013671875,14.4525146484375,-3.825592041015625,1.0,-1.0,False,0.8997593443219353,20.314439416272613,3.400025889277458e-06,7303,expanding,amazon/chronos-2,29ec3766d36d6f73f0696f85560a422f50e8498c,2.3.1,cpu,7303,7303,8192,False,2022-01-27,standard predictions output (trained 0.5 quantile),0.5805869875039207,8,True,,
SPY,Chronos-2,2022-01-27,405.7619934082031,2022-02-25,20,411.8873291015625,402.5767822265625,6.125335693359375,-3.185211181640625,1.0,-1.0,False,0.8997593443219353,10.347819040452968,3.400025889277458e-06,7303,expanding,amazon/chronos-2,29ec3766d36d6f73f0696f85560a422f50e8498c,2.3.1,cpu,7303,7303,8192,False,2022-01-27,standard predictions output (trained 0.5 quantile),0.5805869875039207,8,True,,
SPY,Chronos-2,2022-02-03,420.2145080566406,2022-02-04,1,422.1903991699219,422.5650634765625,1.97589111328125,2.350555419921875,1.0,1.0,True,0.9038900863753964,0.4145020642310955,4.100031219422817e-06,7308,expanding,amazon/chronos-2,29ec3766d36d6f73f0696f85560a422f50e8498c,2.3.1,cpu,7308,7308,8192,False,2022-02-03,standard predictions output (trained 0.5 quantile),0.5805869875039207,8,True,,
SPY,Chronos-2,2022-02-03,420.2145080566406,2022-02-10,5,422.7737121582031,423.3450927734375,2.5592041015625,3.130584716796875,1.0,1.0,True,0.9038900863753964,0.6321350613829764,4.100031219422817e-06,7308,expanding,amazon/chronos-2,29ec3766d36d6f73f0696f85560a422f50e8498c,2.3.1,cpu,7308,7308,8192,False,2022-02-03,standard predictions output (trained 0.5 quantile),0.5805869875039207,8,True,,
SPY,Chronos-2,2022-02-03,420.2145080566406,2022-03-04,20,406.6369934082031,424.771240234375,-13.5775146484375,4.556732177734375,-1.0,1.0,False,0.9038900863753964,20.062446861089374,4.100031219422817e-06,7308,expanding,amazon/chronos-2,29ec3766d36d6f73f0696f85560a422f50e8498c,2.3.1,cpu,7308,7308,8192,False,2022-02-03,standard predictions output (trained 0.5 quantile),0.5805869875039207,8,True,,
SPY,Chronos-2,2022-02-10,422.7737121582031,2022-02-11,1,414.437255859375,424.4525146484375,-8.336456298828125,1.678802490234375,-1.0,1.0,False,0.906108131033065,11.053050343609632,3.00002284348011e-06,7313,expanding,amazon/chronos-2,29ec3766d36d6f73f0696f85560a422f50e8498c,2.3.1,cpu,7313,7313,8192,False,2022-02-10,standard predictions output (trained 0.5 quantile),0.5805869875039207,8,True,,
SPY,Chronos-2,2022-02-10,422.7737121582031,2022-02-17,5,411.238037109375,425.27301025390625,-11.535675048828125,2.499298095703125,-1.0,1.0,False,0.906108131033065,15.489291690308313,3.00002284348011e-06,7313,expanding,amazon/chronos-2,29ec3766d36d6f73f0696f85560a422f50e8498c,2.3.1,cpu,7313,7313,8192,False,2022-02-10,standard predictions output (trained 0.5 quantile),0.5805869875039207,8,True,,
SPY,Chronos-2,2022-02-10,422.7737121582031,2022-03-11,20,395.2518615722656,426.6561279296875,-27.5218505859375,3.882415771484375,-1.0,1.0,False,0.906108131033065,34.65840916979465,3.00002284348011e-06,7313,expanding,amazon/chronos-2,29ec3766d36d6f73f0696f85560a422f50e8498c,2.3.1,cpu,7313,7313,8192,False,2022-02-10,standard predictions output (trained 0.5 quantile),0.5805869875039207,8,True,,
SPY,Chronos-2,2022-02-17,411.238037109375,2022-02-18,1,408.5753173828125,408.2906188964844,-2.6627197265625,-2.947418212890625,-1.0,-1.0,True,0.9090149970560988,0.3131944877148767,3.600027412176132e-06,7318,expanding,amazon/chronos-2,29ec3766d36d6f73f0696f85560a422f50e8498c,2.3.1,cpu,7318,7318,8192,False,2022-02-17,standard predictions output (trained 0.5 quantile),0.5805869875039207,8,True,,
SPY,Chronos-2,2022-02-17,411.238037109375,2022-02-25,5,411.8873291015625,408.7763366699219,0.6492919921875,-2.461700439453125,1.0,-1.0,False,0.9090149970560988,3.4223774544047854,3.600027412176132e-06,7318,expanding,amazon/chronos-2,29ec3766d36d6f73f0696f85560a422f50e8498c,2.3.1,cpu,7318,7318,8192,False,2022-02-17,standard predictions output (trained 0.5 quantile),0.5805869875039207,8,True,,
SPY,Chronos-2,2022-02-17,411.238037109375,2022-03-18,20,419.5567321777344,409.4928283691406,8.318695068359375,-1.745208740234375,1.0,-1.0,False,0.9090149970560988,11.071218672064074,3.600027412176132e-06,7318,expanding,amazon/chronos-2,29ec3766d36d6f73f0696f85560a422f50e8498c,2.3.1,cpu,7318,7318,8192,False,2022-02-17,standard predictions output (trained 0.5 quantile),0.5805869875039207,8,True,,
SPY,Chronos-2,2022-02-25,411.8873291015625,2022-02-28,1,410.83349609375,405.9088134765625,-1.0538330078125,-5.978515625,-1.0,-1.0,True,0.9123663747287848,5.397702889534305,3.00002284348011e-06,7323,expanding,amazon/chronos-2,29ec3766d36d6f73f0696f85560a422f50e8498c,2.3.1,cpu,7323,7323,8192,False,2022-02-25,standard predictions output (trained 0.5 quantile),0.5805869875039207,8,True,,
SPY,Chronos-2,2022-02-25,411.8873291015625,2022-03-04,5,406.6369934082031,406.9754638671875,-5.250335693359375,-4.911865234375,-1.0,-1.0,True,0.9123663747287848,0.3709808563308689,3.00002284348011e-06,7323,expanding,amazon/chronos-2,29ec3766d36d6f73f0696f85560a422f50e8498c,2.3.1,cpu,7323,7323,8192,False,2022-02-25,standard predictions output (trained 0.5 quantile),0.5805869875039207,8,True,,
SPY,Chronos-2,2022-02-25,411.8873291015625,2022-03-25,20,427.2678833007813,408.5614929199219,15.380554199218807,-3.325836181640625,1.0,-1.0,False,0.9123663747287848,20.503156296635986,3.00002284348011e-06,7323,expanding,amazon/chronos-2,29ec3766d36d6f73f0696f85560a422f50e8498c,2.3.1,cpu,7323,7323,8192,False,2022-02-25,standard predictions output (trained 0.5 quantile),0.5805869875039207,8,True,,
SPY,Chronos-2,2022-03-04,406.6369934082031,2022-03-07,1,394.6497192382813,408.2708435058594,-11.987274169921818,1.63385009765625,-1.0,1.0,False,0.9144919046490748,14.894745594062979,3.00002284348011e-06,7328,expanding,amazon/chronos-2,29ec3766d36d6f73f0696f85560a422f50e8498c,2.3.1,cpu,7328,7328,8192,False,2022-03-04,standard predictions output (trained 0.5 quantile),0.5524271000031149,8,True,,
SPY,Chronos-2,2022-03-04,406.6369934082031,2022-03-11,5,395.2518615722656,409.40191650390625,-11.3851318359375,2.764923095703125,-1.0,1.0,False,0.9144919046490748,15.473133069527321,3.00002284348011e-06,7328,expanding,amazon/chronos-2,29ec3766d36d6f73f0696f85560a422f50e8498c,2.3.1,cpu,7328,7328,8192,False,2022-03-04,standard predictions output (trained 0.5 quantile),0.5524271000031149,8,True,,
SPY,Chronos-2,2022-03-04,406.6369934082031,2022-04-01,20,427.4849243164063,410.7702331542969,20.847930908203182,4.13323974609375,1.0,1.0,True,0.9144919046490748,18.27757148765958,3.00002284348011e-06,7328,expanding,amazon/chronos-2,29ec3766d36d6f73f0696f85560a422f50e8498c,2.3.1,cpu,7328,7328,8192,False,2022-03-04,standard predictions output (trained 0.5 quantile),0.5524271000031149,8,True,,
SPY,Chronos-2,2022-03-11,395.2518615722656,2022-03-14,1,392.3633117675781,394.5885009765625,-2.8885498046875,-0.663360595703125,-1.0,-1.0,True,0.9182854146171776,2.4231999915974165,3.00002284348011e-06,7333,expanding,amazon/chronos-2,29ec3766d36d6f73f0696f85560a422f50e8498c,2.3.1,cpu,7333,7333,8192,False,2022-03-11,standard predictions output (trained 0.5 quantile),0.5524271000031149,8,True,,
SPY,Chronos-2,2022-03-11,395.2518615722656,2022-03-18,5,419.5567321777344,394.58197021484375,24.30487060546875,-0.669891357421875,1.0,-1.0,False,0.9182854146171776,27.19716720460197,3.00002284348011e-06,7333,expanding,amazon/chronos-2,29ec3766d36d6f73f0696f85560a422f50e8498c,2.3.1,cpu,7333,7333,8192,False,2022-03-11,standard predictions output (trained 0.5 quantile),0.5524271000031149,8,True,,
SPY,Chronos-2,2022-03-11,395.2518615722656,2022-04-08,20,422.4354248046875,394.35809326171875,27.183563232421875,-0.893768310546875,1.0,-1.0,False,0.9182854146171776,30.57582217471445,3.00002284348011e-06,7333,expanding,amazon/chronos-2,29ec3766d36d6f73f0696f85560a422f50e8498c,2.3.1,cpu,7333,7333,8192,False,2022-03-11,standard predictions output (trained 0.5 quantile),0.5524271000031149,8,True,,
SPY,Chronos-2,2022-03-18,419.5567321777344,2022-03-21,1,419.4339904785156,419.2079162597656,-0.12274169921875,-0.34881591796875,-1.0,-1.0,True,0.9217596606498556,0.24526373674306162,3.100023604929447e-06,7338,expanding,amazon/chronos-2,29ec3766d36d6f73f0696f85560a422f50e8498c,2.3.1,cpu,7338,7338,8192,False,2022-03-18,standard predictions output (trained 0.5 quantile),0.5524271000031149,8,True,,
SPY,Chronos-2,2022-03-18,419.5567321777344,2022-03-25,5,427.2678833007813,419.6554260253906,7.711151123046932,0.09869384765625,1.0,1.0,True,0.9217596606498556,8.25861404047968,3.100023604929447e-06,7338,expanding,amazon/chronos-2,29ec3766d36d6f73f0696f85560a422f50e8498c,2.3.1,cpu,7338,7338,8192,False,2022-03-18,standard predictions output (trained 0.5 quantile),0.5524271000031149,8,True,,
SPY,Chronos-2,2022-03-18,419.5567321777344,2022-04-18,20,413.3745727539063,420.8647155761719,-6.182159423828068,1.3079833984375,-1.0,1.0,False,0.9217596606498556,8.125917353537575,3.100023604929447e-06,7338,expanding,amazon/chronos-2,29ec3766d36d6f73f0696f85560a422f50e8498c,2.3.1,cpu,7338,7338,8192,False,2022-03-18,standard predictions output (trained 0.5 quantile),0.5524271000031149,8,True,,
SPY,Chronos-2,2022-03-25,427.2678833007813,2022-03-28,1,430.3070373535156,426.4320068359375,3.039154052734318,-0.8358764648438068,1.0,-1.0,False,0.9237042891820101,4.195098542856907,3.400025889277458e-06,7343,expanding,amazon/chronos-2,29ec3766d36d6f73f0696f85560a422f50e8498c,2.3.1,cpu,7343,7343,8192,False,2022-03-25,standard predictions output (trained 0.5 quantile),0.5524271000031149,8,True,,
SPY,Chronos-2,2022-03-25,427.2678833007813,2022-04-01,5,427.4849243164063,426.42962646484375,0.217041015625,-0.8382568359375568,1.0,-1.0,False,0.9237042891820101,1.1424628681729734,3.400025889277458e-06,7343,expanding,amazon/chronos-2,29ec3766d36d6f73f0696f85560a422f50e8498c,2.3.1,cpu,7343,7343,8192,False,2022-03-25,standard predictions output (trained 0.5 quantile),0.5524271000031149,8,True,,
SPY,Chronos-2,2022-03-25,427.2678833007813,2022-04-25,20,404.4458618164063,427.52410888671875,-22.822021484375,0.25622558593744316,-1.0,1.0,False,0.9237042891820101,24.984453726797646,3.400025889277458e-06,7343,expanding,amazon/chronos-2,29ec3766d36d6f73f0696f85560a422f50e8498c,2.3.1,cpu,7343,7343,8192,False,2022-03-25,standard predictions output (trained 0.5 quantile),0.5524271000031149,8,True,,
SPY,Chronos-2,2022-04-01,427.4849243164063,2022-04-04,1,431.1470947265625,425.185791015625,3.662170410156193,-2.299133300781307,1.0,-1.0,False,0.925651409065576,6.440117362274963,3.3999094739556313e-06,7348,expanding,amazon/chronos-2,29ec3766d36d6f73f0696f85560a422f50e8498c,2.3.1,cpu,7348,7348,8192,False,2022-04-01,standard predictions output (trained 0.5 quantile),0.5524271000031149,8,True,,
SPY,Chronos-2,2022-04-01,427.4849243164063,2022-04-08,5,422.4354248046875,424.87200927734375,-5.049499511718807,-2.612915039062557,-1.0,-1.0,True,0.925651409065576,2.632291647582459,3.3999094739556313e-06,7348,expanding,amazon/chronos-2,29ec3766d36d6f73f0696f85560a422f50e8498c,2.3.1,cpu,7348,7348,8192,False,2022-04-01,standard predictions output (trained 0.5 quantile),0.5524271000031149,8,True,,
SPY,Chronos-2,2022-04-01,427.4849243164063,2022-05-02,20,391.2037353515625,425.34381103515625,-36.28118896484381,-2.141113281250057,-1.0,-1.0,True,0.925651409065576,36.88221651178318,3.3999094739556313e-06,7348,expanding,amazon/chronos-2,29ec3766d36d6f73f0696f85560a422f50e8498c,2.3.1,cpu,7348,7348,8192,False,2022-04-01,standard predictions output (trained 0.5 quantile),0.5524271000031149,8,True,,
SPY,Chronos-2,2022-04-08,422.4354248046875,2022-04-11,1,415.2150573730469,417.41546630859375,-7.220367431640625,-5.01995849609375,-1.0,-1.0,True,0.9272826602591266,2.3729646092292684,2.800021320581436e-06,7353,expanding,amazon/chronos-2,29ec3766d36d6f73f0696f85560a422f50e8498c,2.3.1,cpu,7353,7353,8192,False,2022-04-08,standard predictions output (trained 0.5 quantile),0.5524271000031149,8,True,,
SPY,Chronos-2,2022-04-08,422.4354248046875,2022-04-18,5,413.3745727539063,417.9140625,-9.060852050781193,-4.5213623046875,-1.0,-1.0,True,0.9272826602591266,4.895475716999976,2.800021320581436e-06,7353,expanding,amazon/chronos-2,29ec3766d36d6f73f0696f85560a422f50e8498c,2.3.1,cpu,7353,7353,8192,False,2022-04-08,standard predictions output (trained 0.5 quantile),0.5524271000031149,8,True,,
SPY,Chronos-2,2022-04-08,422.4354248046875,2022-05-09,20,375.8096618652344,417.01531982421875,-46.625762939453125,-5.42010498046875,-1.0,-1.0,True,0.9272826602591266,44.43699825840544,2.800021320581436e-06,7353,expanding,amazon/chronos-2,29ec3766d36d6f73f0696f85560a422f50e8498c,2.3.1,cpu,7353,7353,8192,False,2022-04-08,standard predictions output (trained 0.5 quantile),0.5524271000031149,8,True,,
SPY,Chronos-2,2022-04-18,413.3745727539063,2022-04-19,1,420.0475769042969,407.9612731933594,6.673004150390568,-5.413299560546932,1.0,-1.0,False,0.9292182803105383,13.00695860922833,3.00002284348011e-06,7358,expanding,amazon/chronos-2,29ec3766d36d6f73f0696f85560a422f50e8498c,2.3.1,cpu,7358,7358,8192,False,2022-04-18,standard predictions output (trained 0.5 quantile),0.5524271000031149,8,True,,
SPY,Chronos-2,2022-04-18,413.3745727539063,2022-04-25,5,404.4458618164063,408.4074401855469,-8.9287109375,-4.967132568359432,-1.0,-1.0,True,0.9292182803105383,4.263345279665222,3.00002284348011e-06,7358,expanding,amazon/chronos-2,29ec3766d36d6f73f0696f85560a422f50e8498c,2.3.1,cpu,7358,7358,8192,False,2022-04-18,standard predictions output (trained 0.5 quantile),0.5524271000031149,8,True,,
SPY,Chronos-2,2022-04-18,413.3745727539063,2022-05-16,20,377.6217956542969,408.49810791015625,-35.75277709960943,-4.876464843750057,-1.0,-1.0,True,0.9292182803105383,33.228266070638135,3.00002284348011e-06,7358,expanding,amazon/chronos-2,29ec3766d36d6f73f0696f85560a422f50e8498c,2.3.1,cpu,7358,7358,8192,False,2022-04-18,standard predictions output (trained 0.5 quantile),0.5524271000031149,8,True,,
SPY,Chronos-2,2022-04-25,404.4458618164063,2022-04-26,1,392.732666015625,401.0024719238281,-11.713195800781307,-3.443389892578182,-1.0,-1.0,True,0.9322461732150875,8.870839211581423,2.900022082030773e-06,7363,expanding,amazon/chronos-2,29ec3766d36d6f73f0696f85560a422f50e8498c,2.3.1,cpu,7363,7363,8192,False,2022-04-25,standard predictions output (trained 0.5 quantile),0.5524271000031149,8,True,,
SPY,Chronos-2,2022-04-25,404.4458618164063,2022-05-02,5,391.2037353515625,402.10821533203125,-13.242126464843807,-2.337646484375057,-1.0,-1.0,True,0.9322461732150875,11.696996237444326,2.900022082030773e-06,7363,expanding,amazon/chronos-2,29ec3766d36d6f73f0696f85560a422f50e8498c,2.3.1,cpu,7363,7363,8192,False,2022-04-25,standard predictions output (trained 0.5 quantile),0.5524271000031149,8,True,,
SPY,Chronos-2,2022-04-25,404.4458618164063,2022-05-23,20,374.6298522949219,402.0234069824219,-29.816009521484432,-2.422454833984432,-1.0,-1.0,True,0.9322461732150875,29.384464613060704,2.900022082030773e-06,7363,expanding,amazon/chronos-2,29ec3766d36d6f73f0696f85560a422f50e8498c,2.3.1,cpu,7363,7363,8192,False,2022-04-25,standard predictions output (trained 0.5 quantile),0.5524271000031149,8,True,,
SPY,Chronos-2,2022-05-02,391.2037353515625,2022-05-03,1,392.99700927734375,388.3662109375,1.79327392578125,-2.8375244140625,1.0,-1.0,False,0.9370469183550936,4.941906588810648,3.200024366378784e-06,7368,expanding,amazon/chronos-2,29ec3766d36d6f73f0696f85560a422f50e8498c,2.3.1,cpu,7368,7368,8192,False,2022-05-02,standard predictions output (trained 0.5 quantile),0.538825125011499,8,True,,
SPY,Chronos-2,2022-05-02,391.2037353515625,2022-05-09,5,375.8096618652344,388.85980224609375,-15.394073486328125,-2.34393310546875,-1.0,-1.0,True,0.9370469183550936,13.926880421065563,3.200024366378784e-06,7368,expanding,amazon/chronos-2,29ec3766d36d6f73f0696f85560a422f50e8498c,2.3.1,cpu,7368,7368,8192,False,2022-05-02,standard predictions output (trained 0.5 quantile),0.538825125011499,8,True,,
SPY,Chronos-2,2022-05-02,391.2037353515625,2022-05-31,20,389.7407531738281,389.85211181640625,-1.462982177734375,-1.35162353515625,-1.0,-1.0,True,0.9370469183550936,0.11883998591405183,3.200024366378784e-06,7368,expanding,amazon/chronos-2,29ec3766d36d6f73f0696f85560a422f50e8498c,2.3.1,cpu,7368,7368,8192,False,2022-05-02,standard predictions output (trained 0.5 quantile),0.538825125011499,8,True,,
SPY,Chronos-2,2022-05-09,375.8096618652344,2022-05-10,1,376.6780090332031,376.58782958984375,0.86834716796875,0.778167724609375,1.0,1.0,True,0.9422329164236963,0.09570822859984206,3.200024366378784e-06,7373,expanding,amazon/chronos-2,29ec3766d36d6f73f0696f85560a422f50e8498c,2.3.1,cpu,7373,7373,8192,False,2022-05-09,standard predictions output (trained 0.5 quantile),0.538825125011499,8,True,,
SPY,Chronos-2,2022-05-09,375.8096618652344,2022-05-16,5,377.6217956542969,376.86639404296875,1.8121337890625,1.056732177734375,1.0,1.0,True,0.9422329164236963,0.8017143088094384,3.200024366378784e-06,7373,expanding,amazon/chronos-2,29ec3766d36d6f73f0696f85560a422f50e8498c,2.3.1,cpu,7373,7373,8192,False,2022-05-09,standard predictions output (trained 0.5 quantile),0.538825125011499,8,True,,
SPY,Chronos-2,2022-05-09,375.8096618652344,2022-06-07,20,392.3929138183594,377.01507568359375,16.583251953125,1.205413818359375,1.0,1.0,True,0.9422329164236963,16.320633536273778,3.200024366378784e-06,7373,expanding,amazon/chronos-2,29ec3766d36d6f73f0696f85560a422f50e8498c,2.3.1,cpu,7373,7373,8192,False,2022-05-09,standard predictions output (trained 0.5 quantile),0.538825125011499,8,True,,
SPY,Chronos-2,2022-05-16,377.6217956542969,2022-05-17,1,385.3896179199219,377.11029052734375,7.767822265625,-0.511505126953125,1.0,-1.0,False,0.9439843141468656,8.770619668676002,3.500026650726795e-06,7378,expanding,amazon/chronos-2,29ec3766d36d6f73f0696f85560a422f50e8498c,2.3.1,cpu,7378,7378,8192,False,2022-05-16,standard predictions output (trained 0.5 quantile),0.538825125011499,8,True,,
SPY,Chronos-2,2022-05-16,377.6217956542969,2022-05-23,5,374.6298522949219,377.4910888671875,-2.991943359375,-0.130706787109375,-1.0,-1.0,True,0.9439843141468656,3.03102130976773,3.500026650726795e-06,7378,expanding,amazon/chronos-2,29ec3766d36d6f73f0696f85560a422f50e8498c,2.3.1,cpu,7378,7378,8192,False,2022-05-16,standard predictions output (trained 0.5 quantile),0.538825125011499,8,True,,
SPY,Chronos-2,2022-05-16,377.6217956542969,2022-06-14,20,352.8742980957031,378.8653564453125,-24.74749755859375,1.243560791015625,-1.0,1.0,False,0.9439843141468656,27.533358298542314,3.500026650726795e-06,7378,expanding,amazon/chronos-2,29ec3766d36d6f73f0696f85560a422f50e8498c,2.3.1,cpu,7378,7378,8192,False,2022-05-16,standard predictions output (trained 0.5 quantile),0.538825125011499,8,True,,
SPY,Chronos-2,2022-05-23,374.6298522949219,2022-05-24,1,371.7700805664063,371.177001953125,-2.859771728515568,-3.452850341796875,-1.0,-1.0,True,0.9477623986280636,0.6257671903209282,2.900022082030773e-06,7383,expanding,amazon/chronos-2,29ec3766d36d6f73f0696f85560a422f50e8498c,2.3.1,cpu,7383,7383,8192,False,2022-05-23,standard predictions output (trained 0.5 quantile),0.538825125011499,8,True,,
SPY,Chronos-2,2022-05-23,374.6298522949219,2022-05-31,5,389.7407531738281,371.01373291015625,15.11090087890625,-3.616119384765625,1.0,-1.0,False,0.9477623986280636,19.759193117157036,2.900022082030773e-06,7383,expanding,amazon/chronos-2,29ec3766d36d6f73f0696f85560a422f50e8498c,2.3.1,cpu,7383,7383,8192,False,2022-05-23,standard predictions output (trained 0.5 quantile),0.538825125011499,8,True,,
SPY,Chronos-2,2022-05-23,374.6298522949219,2022-06-22,20,354.8914794921875,371.7264404296875,-19.738372802734375,-2.903411865234375,-1.0,-1.0,True,0.9477623986280636,17.762849593811172,2.900022082030773e-06,7383,expanding,amazon/chronos-2,29ec3766d36d6f73f0696f85560a422f50e8498c,2.3.1,cpu,7383,7383,8192,False,2022-05-23,standard predictions output (trained 0.5 quantile),0.538825125011499,8,True,,
SPY,Chronos-2,2022-05-31,389.7407531738281,2022-06-01,1,386.5883483886719,392.34912109375,-3.15240478515625,2.608367919921875,-1.0,1.0,False,0.9505361833542697,6.060550672305186,2.900022082030773e-06,7388,expanding,amazon/chronos-2,29ec3766d36d6f73f0696f85560a422f50e8498c,2.3.1,cpu,7388,7388,8192,False,2022-05-31,standard predictions output (trained 0.5 quantile),0.538825125011499,8,True,,
SPY,Chronos-2,2022-05-31,389.7407531738281,2022-06-07,5,392.3929138183594,393.01318359375,2.65216064453125,3.272430419921875,1.0,1.0,True,0.9505361833542697,0.6525472530691104,2.900022082030773e-06,7388,expanding,amazon/chronos-2,29ec3766d36d6f73f0696f85560a422f50e8498c,2.3.1,cpu,7388,7388,8192,False,2022-05-31,standard predictions output (trained 0.5 quantile),0.538825125011499,8,True,,
SPY,Chronos-2,2022-05-31,389.7407531738281,2022-06-29,20,360.5316162109375,394.4870910644531,-29.209136962890625,4.746337890625,-1.0,1.0,False,0.9505361833542697,35.72244323587232,2.900022082030773e-06,7388,expanding,amazon/chronos-2,29ec3766d36d6f73f0696f85560a422f50e8498c,2.3.1,cpu,7388,7388,8192,False,2022-05-31,standard predictions output (trained 0.5 quantile),0.538825125011499,8,True,,
SPY,Chronos-2,2022-06-07,392.3929138183594,2022-06-08,1,388.1268310546875,392.1719665527344,-4.266082763671875,-0.220947265625,-1.0,-1.0,True,0.9528542235816198,4.2452826444342,3.00002284348011e-06,7393,expanding,amazon/chronos-2,29ec3766d36d6f73f0696f85560a422f50e8498c,2.3.1,cpu,7393,7393,8192,False,2022-06-07,standard predictions output (trained 0.5 quantile),0.538825125011499,8,True,,
SPY,Chronos-2,2022-06-07,392.3929138183594,2022-06-14,5,352.8742980957031,392.5140380859375,-39.51861572265625,0.121124267578125,-1.0,1.0,False,0.9528542235816198,41.601053979941675,3.00002284348011e-06,7393,expanding,amazon/chronos-2,29ec3766d36d6f73f0696f85560a422f50e8498c,2.3.1,cpu,7393,7393,8192,False,2022-06-07,standard predictions output (trained 0.5 quantile),0.538825125011499,8,True,,
SPY,Chronos-2,2022-06-07,392.3929138183594,2022-07-07,20,368.7310791015625,393.4227294921875,-23.661834716796875,1.029815673828125,-1.0,1.0,False,0.9528542235816198,25.913355662960925,3.00002284348011e-06,7393,expanding,amazon/chronos-2,29ec3766d36d6f73f0696f85560a422f50e8498c,2.3.1,cpu,7393,7393,8192,False,2022-06-07,standard predictions output (trained 0.5 quantile),0.538825125011499,8,True,,
SPY,Chronos-2,2022-06-14,352.8742980957031,2022-06-15,1,357.9049377441406,351.6058654785156,5.0306396484375,-1.2684326171875,1.0,-1.0,False,0.9575526614084073,6.578303752359759,2.900022082030773e-06,7398,expanding,amazon/chronos-2,29ec3766d36d6f73f0696f85560a422f50e8498c,2.3.1,cpu,7398,7398,8192,False,2022-06-14,standard predictions output (trained 0.5 quantile),0.538825125011499,8,True,,
SPY,Chronos-2,2022-06-14,352.8742980957031,2022-06-22,5,354.8914794921875,352.08978271484375,2.017181396484375,-0.784515380859375,1.0,-1.0,False,0.9575526614084073,2.9258931547669667,2.900022082030773e-06,7398,expanding,amazon/chronos-2,29ec3766d36d6f73f0696f85560a422f50e8498c,2.3.1,cpu,7398,7398,8192,False,2022-06-14,standard predictions output (trained 0.5 quantile),0.538825125011499,8,True,,
SPY,Chronos-2,2022-06-14,352.8742980957031,2022-07-14,20,358.22821044921875,355.7410583496094,5.353912353515625,2.86676025390625,1.0,1.0,True,0.9575526614084073,2.597405030394016,2.900022082030773e-06,7398,expanding,amazon/chronos-2,29ec3766d36d6f73f0696f85560a422f50e8498c,2.3.1,cpu,7398,7398,8192,False,2022-06-14,standard predictions output (trained 0.5 quantile),0.538825125011499,8,True,,
SPY,Chronos-2,2022-06-22,354.8914794921875,2022-06-23,1,358.3703918457031,354.7425231933594,3.478912353515625,-0.148956298828125,1.0,-1.0,False,0.960553087565874,3.776853876485982,3.00002284348011e-06,7403,expanding,amazon/chronos-2,29ec3766d36d6f73f0696f85560a422f50e8498c,2.3.1,cpu,7403,7403,8192,False,2022-06-22,standard predictions output (trained 0.5 quantile),0.538825125011499,8,True,,
SPY,Chronos-2,2022-06-22,354.8914794921875,2022-06-29,5,360.5316162109375,355.3448486328125,5.64013671875,0.453369140625,1.0,1.0,True,0.960553087565874,5.399771907733622,3.00002284348011e-06,7403,expanding,amazon/chronos-2,29ec3766d36d6f73f0696f85560a422f50e8498c,2.3.1,cpu,7403,7403,8192,False,2022-06-22,standard predictions output (trained 0.5 quantile),0.538825125011499,8,True,,
SPY,Chronos-2,2022-06-22,354.8914794921875,2022-07-21,20,378.020751953125,357.63739013671875,23.1292724609375,2.74591064453125,1.0,1.0,True,0.960553087565874,21.220442763928315,3.00002284348011e-06,7403,expanding,amazon/chronos-2,29ec3766d36d6f73f0696f85560a422f50e8498c,2.3.1,cpu,7403,7403,8192,False,2022-06-22,standard predictions output (trained 0.5 quantile),0.538825125011499,8,True,,
SPY,Chronos-2,2022-06-29,360.5316162109375,2022-06-30,1,357.6025695800781,357.66558837890625,-2.929046630859375,-2.86602783203125,-1.0,-1.0,True,0.963159112323871,0.06542927126139711,3.100023604929447e-06,7408,expanding,amazon/chronos-2,29ec3766d36d6f73f0696f85560a422f50e8498c,2.3.1,cpu,7408,7408,8192,False,2022-06-29,standard predictions output (trained 0.5 quantile),0.5579408750054426,8,True,,
SPY,Chronos-2,2022-06-29,360.5316162109375,2022-07-07,5,368.7310791015625,358.0791015625,8.199462890625,-2.4525146484375,1.0,-1.0,False,0.963159112323871,11.059416250926438,3.100023604929447e-06,7408,expanding,amazon/chronos-2,29ec3766d36d6f73f0696f85560a422f50e8498c,2.3.1,cpu,7408,7408,8192,False,2022-06-29,standard predictions output (trained 0.5 quantile),0.5579408750054426,8,True,,
SPY,Chronos-2,2022-06-29,360.5316162109375,2022-07-28,20,384.921630859375,360.69793701171875,24.3900146484375,0.16632080078125,1.0,1.0,True,0.963159112323871,25.150251435830068,3.100023604929447e-06,7408,expanding,amazon/chronos-2,29ec3766d36d6f73f0696f85560a422f50e8498c,2.3.1,cpu,7408,7408,8192,False,2022-06-29,standard predictions output (trained 0.5 quantile),0.5579408750054426,8,True,,
SPY,Chronos-2,2022-07-07,368.7310791015625,2022-07-08,1,368.42779541015625,368.18194580078125,-0.30328369140625,-0.54913330078125,-1.0,-1.0,True,0.964405976947552,0.25492335722880965,3.200024366378784e-06,7413,expanding,amazon/chronos-2,29ec3766d36d6f73f0696f85560a422f50e8498c,2.3.1,cpu,7413,7413,8192,False,2022-07-07,standard predictions output (trained 0.5 quantile),0.5579408750054426,8,True,,
SPY,Chronos-2,2022-07-07,368.7310791015625,2022-07-14,5,358.22821044921875,368.9161682128906,-10.50286865234375,0.185089111328125,-1.0,1.0,False,0.964405976947552,11.082425886140195,3.200024366378784e-06,7413,expanding,amazon/chronos-2,29ec3766d36d6f73f0696f85560a422f50e8498c,2.3.1,cpu,7413,7413,8192,False,2022-07-07,standard predictions output (trained 0.5 quantile),0.5579408750054426,8,True,,
SPY,Chronos-2,2022-07-07,368.7310791015625,2022-08-04,20,392.5997314453125,371.8443603515625,23.86865234375,3.11328125,1.0,1.0,True,0.964405976947552,21.52140446022843,3.200024366378784e-06,7413,expanding,amazon/chronos-2,29ec3766d36d6f73f0696f85560a422f50e8498c,2.3.1,cpu,7413,7413,8192,False,2022-07-07,standard predictions output (trained 0.5 quantile),0.5579408750054426,8,True,,
SPY,Chronos-2,2022-07-14,358.22821044921875,2022-07-15,1,365.0721130371094,353.2458190917969,6.843902587890625,-4.982391357421875,1.0,-1.0,False,0.9651718983130105,12.253044215215192,2.900022082030773e-06,7418,expanding,amazon/chronos-2,29ec3766d36d6f73f0696f85560a422f50e8498c,2.3.1,cpu,7418,7418,8192,False,2022-07-14,standard predictions output (trained 0.5 quantile),0.5579408750054426,8,True,,
SPY,Chronos-2,2022-07-14,358.22821044921875,2022-07-21,5,378.020751953125,352.7724914550781,19.79254150390625,-5.455718994140625,1.0,-1.0,False,0.9651718983130105,26.15934067514544,2.900022082030773e-06,7418,expanding,amazon/chronos-2,29ec3766d36d6f73f0696f85560a422f50e8498c,2.3.1,cpu,7418,7418,8192,False,2022-07-14,standard predictions output (trained 0.5 quantile),0.5579408750054426,8,True,,
SPY,Chronos-2,2022-07-14,358.22821044921875,2022-08-11,20,398.1166076660156,353.990234375,39.888397216796875,-4.23797607421875,1.0,-1.0,False,0.9651718983130105,45.71866769861673,2.900022082030773e-06,7418,expanding,amazon/chronos-2,29ec3766d36d6f73f0696f85560a422f50e8498c,2.3.1,cpu,7418,7418,8192,False,2022-07-14,standard predictions output (trained 0.5 quantile),0.5579408750054426,8,True,,
SPY,Chronos-2,2022-07-21,378.020751953125,2022-07-22,1,374.5134887695313,377.89111328125,-3.507263183593693,-0.129638671875,-1.0,-1.0,True,0.9680007085489221,3.489278966315953,3.4999102354049683e-06,7423,expanding,amazon/chronos-2,29ec3766d36d6f73f0696f85560a422f50e8498c,2.3.1,cpu,7423,7423,8192,False,2022-07-21,standard predictions output (trained 0.5 quantile),0.5579408750054426,8,True,,
SPY,Chronos-2,2022-07-21,378.020751953125,2022-07-28,5,384.921630859375,378.3719177246094,6.90087890625,0.351165771484375,1.0,1.0,True,0.9680007085489221,6.7662276245478665,3.4999102354049683e-06,7423,expanding,amazon/chronos-2,29ec3766d36d6f73f0696f85560a422f50e8498c,2.3.1,cpu,7423,7423,8192,False,2022-07-21,standard predictions output (trained 0.5 quantile),0.5579408750054426,8,True,,
SPY,Chronos-2,2022-07-21,378.020751953125,2022-08-18,20,405.6051940917969,380.2005615234375,27.584442138671875,2.1798095703125,1.0,1.0,True,0.9680007085489221,26.244435922409703,3.4999102354049683e-06,7423,expanding,amazon/chronos-2,29ec3766d36d6f73f0696f85560a422f50e8498c,2.3.1,cpu,7423,7423,8192,False,2022-07-21,standard predictions output (trained 0.5 quantile),0.5579408750054426,8,True,,
SPY,Chronos-2,2022-07-28,384.921630859375,2022-07-29,1,390.5332336425781,383.8157043457031,5.611602783203125,-1.105926513671875,1.0,-1.0,False,0.9704172748952437,6.922310093459698,1.200009137392044e-05,7428,expanding,amazon/chronos-2,29ec3766d36d6f73f0696f85560a422f50e8498c,2.3.1,cpu,7428,7428,8192,False,2022-07-28,standard predictions output (trained 0.5 quantile),0.5579408750054426,8,True,,
SPY,Chronos-2,2022-07-28,384.921630859375,2022-08-04,5,392.5997314453125,384.29437255859375,7.6781005859375,-0.62725830078125,1.0,-1.0,False,0.9704172748952437,8.558543939374237,1.200009137392044e-05,7428,expanding,amazon/chronos-2,29ec3766d36d6f73f0696f85560a422f50e8498c,2.3.1,cpu,7428,7428,8192,False,2022-07-28,standard predictions output (trained 0.5 quantile),0.5579408750054426,8,True,,
SPY,Chronos-2,2022-07-28,384.921630859375,2022-08-25,20,397.66162109375,385.4786071777344,12.739990234375,0.556976318359375,1.0,1.0,True,0.9704172748952437,12.554407502000393,1.200009137392044e-05,7428,expanding,amazon/chronos-2,29ec3766d36d6f73f0696f85560a422f50e8498c,2.3.1,cpu,7428,7428,8192,False,2022-07-28,standard predictions output (trained 0.5 quantile),0.5579408750054426,8,True,,
SPY,Chronos-2,2022-08-04,392.5997314453125,2022-08-05,1,391.9361267089844,392.97076416015625,-0.663604736328125,0.37103271484375,-1.0,1.0,False,0.9718714540561642,1.0645826120869721,3.100023604929447e-06,7433,expanding,amazon/chronos-2,29ec3766d36d6f73f0696f85560a422f50e8498c,2.3.1,cpu,7433,7433,8192,False,2022-08-04,standard predictions output (trained 0.5 quantile),0.5579408750054426,8,True,,
SPY,Chronos-2,2022-08-04,392.5997314453125,2022-08-11,5,398.1166076660156,393.6235656738281,5.516876220703125,1.023834228515625,1.0,1.0,True,0.9718714540561642,4.623082583026303,3.100023604929447e-06,7433,expanding,amazon/chronos-2,29ec3766d36d6f73f0696f85560a422f50e8498c,2.3.1,cpu,7433,7433,8192,False,2022-08-04,standard predictions output (trained 0.5 quantile),0.5579408750054426,8,True,,
SPY,Chronos-2,2022-08-04,392.5997314453125,2022-09-01,20,375.774169921875,394.4881286621094,-16.8255615234375,1.888397216796875,-1.0,1.0,False,0.9718714540561642,19.255590502355574,3.100023604929447e-06,7433,expanding,amazon/chronos-2,29ec3766d36d6f73f0696f85560a422f50e8498c,2.3.1,cpu,7433,7433,8192,False,2022-08-04,standard predictions output (trained 0.5 quantile),0.5579408750054426,8,True,,
SPY,Chronos-2,2022-08-11,398.1166076660156,2022-08-12,1,404.8563232421875,394.9161376953125,6.739715576171875,-3.200469970703125,1.0,-1.0,False,0.9726787380943284,10.219392238746583,2.9999064281582832e-06,7438,expanding,amazon/chronos-2,29ec3766d36d6f73f0696f85560a422f50e8498c,2.3.1,cpu,7438,7438,8192,False,2022-08-11,standard predictions output (trained 0.5 quantile),0.5579408750054426,8,True,,
SPY,Chronos-2,2022-08-11,398.1166076660156,2022-08-18,5,405.6051940917969,395.5860290527344,7.48858642578125,-2.53057861328125,1.0,-1.0,False,0.9726787380943284,10.300590160623889,2.9999064281582832e-06,7438,expanding,amazon/chronos-2,29ec3766d36d6f73f0696f85560a422f50e8498c,2.3.1,cpu,7438,7438,8192,False,2022-08-11,standard predictions output (trained 0.5 quantile),0.5579408750054426,8,True,,
SPY,Chronos-2,2022-08-11,398.1166076660156,2022-09-09,20,385.4239807128906,397.159912109375,-12.692626953125,-0.956695556640625,-1.0,-1.0,True,0.9726787380943284,12.065578219050419,2.9999064281582832e-06,7438,expanding,amazon/chronos-2,29ec3766d36d6f73f0696f85560a422f50e8498c,2.3.1,cpu,7438,7438,8192,False,2022-08-11,standard predictions output (trained 0.5 quantile),0.5579408750054426,8,True,,
SPY,Chronos-2,2022-08-18,405.6051940917969,2022-08-19,1,400.15472412109375,401.658203125,-5.450469970703125,-3.946990966796875,-1.0,-1.0,True,0.9738084474772225,1.5439165759972693,2.800021320581436e-06,7443,expanding,amazon/chronos-2,29ec3766d36d6f73f0696f85560a422f50e8498c,2.3.1,cpu,7443,7443,8192,False,2022-08-18,standard predictions output (trained 0.5 quantile),0.5579408750054426,8,True,,
SPY,Chronos-2,2022-08-18,405.6051940917969,2022-08-25,5,397.66162109375,402.3828125,-7.943572998046875,-3.222381591796875,-1.0,-1.0,True,0.9738084474772225,4.848172572830787,2.800021320581436e-06,7443,expanding,amazon/chronos-2,29ec3766d36d6f73f0696f85560a422f50e8498c,2.3.1,cpu,7443,7443,8192,False,2022-08-18,standard predictions output (trained 0.5 quantile),0.5579408750054426,8,True,,
SPY,Chronos-2,2022-08-18,405.6051940917969,2022-09-16,20,366.9811096191406,404.1622314453125,-38.62408447265625,-1.442962646484375,-1.0,-1.0,True,0.9738084474772225,38.18114529864103,2.800021320581436e-06,7443,expanding,amazon/chronos-2,29ec3766d36d6f73f0696f85560a422f50e8498c,2.3.1,cpu,7443,7443,8192,False,2022-08-18,standard predictions output (trained 0.5 quantile),0.5579408750054426,8,True,,
SPY,Chronos-2,2022-08-25,397.66162109375,2022-08-26,1,384.201171875,394.56695556640625,-13.46044921875,-3.09466552734375,-1.0,-1.0,True,0.9760440874054912,10.620200281075881,2.8999056667089462e-06,7448,expanding,amazon/chronos-2,29ec3766d36d6f73f0696f85560a422f50e8498c,2.3.1,cpu,7448,7448,8192,False,2022-08-25,standard predictions output (trained 0.5 quantile),0.5525120124948444,8,True,,
SPY,Chronos-2,2022-08-25,397.66162109375,2022-09-01,5,375.774169921875,395.2457275390625,-21.887451171875,-2.4158935546875,-1.0,-1.0,True,0.9760440874054912,19.949465263343342,2.8999056667089462e-06,7448,expanding,amazon/chronos-2,29ec3766d36d6f73f0696f85560a422f50e8498c,2.3.1,cpu,7448,7448,8192,False,2022-08-25,standard predictions output (trained 0.5 quantile),0.5525120124948444,8,True,,
SPY,Chronos-2,2022-08-25,397.66162109375,2022-09-23,20,350.2196960449219,395.3941345214844,-47.441925048828125,-2.267486572265625,-1.0,-1.0,True,0.9760440874054912,46.283194642000915,2.8999056667089462e-06,7448,expanding,amazon/chronos-2,29ec3766d36d6f73f0696f85560a422f50e8498c,2.3.1,cpu,7448,7448,8192,False,2022-08-25,standard predictions output (trained 0.5 quantile),0.5525120124948444,8,True,,
SPY,Chronos-2,2022-09-01,375.774169921875,2022-09-02,1,371.8118286132813,372.733154296875,-3.962341308593693,-3.041015625,-1.0,-1.0,True,0.9786417956513486,0.9414330020316495,3.100023604929447e-06,7453,expanding,amazon/chronos-2,29ec3766d36d6f73f0696f85560a422f50e8498c,2.3.1,cpu,7453,7453,8192,False,2022-09-01,standard predictions output (trained 0.5 quantile),0.5525120124948444,8,True,,
SPY,Chronos-2,2022-09-01,375.774169921875,2022-09-09,5,385.4239807128906,373.00518798828125,9.649810791015625,-2.76898193359375,1.0,-1.0,False,0.9786417956513486,12.689824591380624,3.100023604929447e-06,7453,expanding,amazon/chronos-2,29ec3766d36d6f73f0696f85560a422f50e8498c,2.3.1,cpu,7453,7453,8192,False,2022-09-01,standard predictions output (trained 0.5 quantile),0.5525120124948444,8,True,,
SPY,Chronos-2,2022-09-01,375.774169921875,2022-09-30,20,339.96856689453125,373.68780517578125,-35.80560302734375,-2.08636474609375,-1.0,-1.0,True,0.9786417956513486,34.45513816299629,3.100023604929447e-06,7453,expanding,amazon/chronos-2,29ec3766d36d6f73f0696f85560a422f50e8498c,2.3.1,cpu,7453,7453,8192,False,2022-09-01,standard predictions output (trained 0.5 quantile),0.5525120124948444,8,True,,
SPY,Chronos-2,2022-09-09,385.4239807128906,2022-09-12,1,389.56640625,386.43414306640625,4.142425537109375,1.010162353515625,1.0,1.0,True,0.9807186374815219,3.1938448642491166,3.100023604929447e-06,7458,expanding,amazon/chronos-2,29ec3766d36d6f73f0696f85560a422f50e8498c,2.3.1,cpu,7458,7458,8192,False,2022-09-09,standard predictions output (trained 0.5 quantile),0.5525120124948444,8,True,,
SPY,Chronos-2,2022-09-09,385.4239807128906,2022-09-16,5,366.9811096191406,387.6838684082031,-18.44287109375,2.2598876953125,-1.0,1.0,False,0.9807186374815219,21.10978419073082,3.100023604929447e-06,7458,expanding,amazon/chronos-2,29ec3766d36d6f73f0696f85560a422f50e8498c,2.3.1,cpu,7458,7458,8192,False,2022-09-09,standard predictions output (trained 0.5 quantile),0.5525120124948444,8,True,,
SPY,Chronos-2,2022-09-09,385.4239807128906,2022-10-07,20,345.30828857421875,388.8096618652344,-40.115692138671875,3.38568115234375,-1.0,1.0,False,0.9807186374815219,44.35662954537789,3.100023604929447e-06,7458,expanding,amazon/chronos-2,29ec3766d36d6f73f0696f85560a422f50e8498c,2.3.1,cpu,7458,7458,8192,False,2022-09-09,standard predictions output (trained 0.5 quantile),0.5525120124948444,8,True,,
SPY,Chronos-2,2022-09-16,366.9811096191406,2022-09-19,1,369.8269653320313,366.0179138183594,2.845855712890682,-0.96319580078125,1.0,-1.0,False,0.9840244619368999,3.8708910814822666,3.00002284348011e-06,7463,expanding,amazon/chronos-2,29ec3766d36d6f73f0696f85560a422f50e8498c,2.3.1,cpu,7463,7463,8192,False,2022-09-16,standard predictions output (trained 0.5 quantile),0.5525120124948444,8,True,,
SPY,Chronos-2,2022-09-16,366.9811096191406,2022-09-23,5,350.2196960449219,366.5673828125,-16.76141357421875,-0.413726806640625,-1.0,-1.0,True,0.9840244619368999,16.61308981628387,3.00002284348011e-06,7463,expanding,amazon/chronos-2,29ec3766d36d6f73f0696f85560a422f50e8498c,2.3.1,cpu,7463,7463,8192,False,2022-09-16,standard predictions output (trained 0.5 quantile),0.5525120124948444,8,True,,
SPY,Chronos-2,2022-09-16,366.9811096191406,2022-10-14,20,340.3969421386719,367.5834045410156,-26.58416748046875,0.602294921875,-1.0,1.0,False,0.9840244619368999,27.627831882178423,3.00002284348011e-06,7463,expanding,amazon/chronos-2,29ec3766d36d6f73f0696f85560a422f50e8498c,2.3.1,cpu,7463,7463,8192,False,2022-09-16,standard predictions output (trained 0.5 quantile),0.5525120124948444,8,True,,
SPY,Chronos-2,2022-09-23,350.2196960449219,2022-09-26,1,346.7549743652344,348.46502685546875,-3.4647216796875,-1.754669189453125,-1.0,-1.0,True,0.9863725271157288,1.733678142105978,3.2999087125062943e-06,7468,expanding,amazon/chronos-2,29ec3766d36d6f73f0696f85560a422f50e8498c,2.3.1,cpu,7468,7468,8192,False,2022-09-23,standard predictions output (trained 0.5 quantile),0.5525120124948444,8,True,,
SPY,Chronos-2,2022-09-23,350.2196960449219,2022-09-30,5,339.96856689453125,348.18365478515625,-10.251129150390625,-2.036041259765625,-1.0,-1.0,True,0.9863725271157288,8.328585463188944,3.2999087125062943e-06,7468,expanding,amazon/chronos-2,29ec3766d36d6f73f0696f85560a422f50e8498c,2.3.1,cpu,7468,7468,8192,False,2022-09-23,standard predictions output (trained 0.5 quantile),0.5525120124948444,8,True,,
SPY,Chronos-2,2022-09-23,350.2196960449219,2022-10-21,20,356.254150390625,348.40740966796875,6.034454345703125,-1.812286376953125,1.0,-1.0,False,0.9863725271157288,7.955149304088039,3.2999087125062943e-06,7468,expanding,amazon/chronos-2,29ec3766d36d6f73f0696f85560a422f50e8498c,2.3.1,cpu,7468,7468,8192,False,2022-09-23,standard predictions output (trained 0.5 quantile),0.5525120124948444,8,True,,
SPY,Chronos-2,2022-09-30,339.96856689453125,2022-10-03,1,348.9442443847656,340.56719970703125,8.975677490234375,0.5986328125,1.0,1.0,True,0.9889060240996729,8.471021991559882,3.600027412176132e-06,7473,expanding,amazon/chronos-2,29ec3766d36d6f73f0696f85560a422f50e8498c,2.3.1,cpu,7473,7473,8192,False,2022-09-30,standard predictions output (trained 0.5 quantile),0.5525120124948444,8,True,,
SPY,Chronos-2,2022-09-30,339.96856689453125,2022-10-07,5,345.30828857421875,339.5968017578125,5.3397216796875,-0.37176513671875,1.0,-1.0,False,0.9889060240996729,5.775560748157181,3.600027412176132e-06,7473,expanding,amazon/chronos-2,29ec3766d36d6f73f0696f85560a422f50e8498c,2.3.1,cpu,7473,7473,8192,False,2022-09-30,standard predictions output (trained 0.5 quantile),0.5525120124948444,8,True,,
SPY,Chronos-2,2022-09-30,339.96856689453125,2022-10-28,20,370.27435302734375,338.10162353515625,30.3057861328125,-1.866943359375,1.0,-1.0,False,0.9889060240996729,32.533657100004454,3.600027412176132e-06,7473,expanding,amazon/chronos-2,29ec3766d36d6f73f0696f85560a422f50e8498c,2.3.1,cpu,7473,7473,8192,False,2022-09-30,standard predictions output (trained 0.5 quantile),0.5525120124948444,8,True,,
SPY,Chronos-2,2022-10-07,345.30828857421875,2022-10-10,1,342.6717834472656,346.9681091308594,-2.636505126953125,1.659820556640625,-1.0,1.0,False,0.9928236845678965,4.327380329835329,2.900022082030773e-06,7478,expanding,amazon/chronos-2,29ec3766d36d6f73f0696f85560a422f50e8498c,2.3.1,cpu,7478,7478,8192,False,2022-10-07,standard predictions output (trained 0.5 quantile),0.5525120124948444,8,True,,
SPY,Chronos-2,2022-10-07,345.30828857421875,2022-10-14,5,340.3969421386719,346.7755432128906,-4.911346435546875,1.467254638671875,-1.0,1.0,False,0.9928236845678965,6.424706796751015,2.900022082030773e-06,7478,expanding,amazon/chronos-2,29ec3766d36d6f73f0696f85560a422f50e8498c,2.3.1,cpu,7478,7478,8192,False,2022-10-07,standard predictions output (trained 0.5 quantile),0.5525120124948444,8,True,,
SPY,Chronos-2,2022-10-07,345.30828857421875,2022-11-04,20,358.21490478515625,348.25201416015625,12.9066162109375,2.9437255859375,1.0,1.0,True,0.9928236845678965,10.034904263324577,2.900022082030773e-06,7478,expanding,amazon/chronos-2,29ec3766d36d6f73f0696f85560a422f50e8498c,2.3.1,cpu,7478,7478,8192,False,2022-10-07,standard predictions output (trained 0.5 quantile),0.5525120124948444,8,True,,
SPY,Chronos-2,2022-10-14,340.3969421386719,2022-10-17,1,349.1441650390625,342.2042236328125,8.747222900390625,1.807281494140625,1.0,1.0,True,0.9952107724962438,6.973338309876658,3.2999087125062943e-06,7483,expanding,amazon/chronos-2,29ec3766d36d6f73f0696f85560a422f50e8498c,2.3.1,cpu,7483,7483,8192,False,2022-10-14,standard predictions output (trained 0.5 quantile),0.5525120124948444,8,True,,
SPY,Chronos-2,2022-10-14,340.3969421386719,2022-10-21,5,356.254150390625,341.8414306640625,15.857208251953125,1.444488525390625,1.0,1.0,True,0.9952107724962438,14.482077691353464,3.2999087125062943e-06,7483,expanding,amazon/chronos-2,29ec3766d36d6f73f0696f85560a422f50e8498c,2.3.1,cpu,7483,7483,8192,False,2022-10-14,standard predictions output (trained 0.5 quantile),0.5525120124948444,8,True,,
SPY,Chronos-2,2022-10-14,340.3969421386719,2022-11-11,20,379.30706787109375,340.5102844238281,38.910125732421875,0.11334228515625,1.0,1.0,True,0.9952107724962438,38.983484222094326,3.2999087125062943e-06,7483,expanding,amazon/chronos-2,29ec3766d36d6f73f0696f85560a422f50e8498c,2.3.1,cpu,7483,7483,8192,False,2022-10-14,standard predictions output (trained 0.5 quantile),0.5525120124948444,8,True,,
SPY,Chronos-2,2022-10-21,356.254150390625,2022-10-24,1,360.6134948730469,355.7362060546875,4.359344482421875,-0.5179443359375,1.0,-1.0,False,0.9981184641350348,4.886482911210357,3.300025127828121e-06,7488,expanding,amazon/chronos-2,29ec3766d36d6f73f0696f85560a422f50e8498c,2.3.1,cpu,7488,7488,8192,False,2022-10-21,standard predictions output (trained 0.5 quantile),0.5535608124919236,8,True,,
SPY,Chronos-2,2022-10-21,356.254150390625,2022-10-28,5,370.27435302734375,354.92950439453125,14.02020263671875,-1.32464599609375,1.0,-1.0,False,0.9981184641350348,15.373774941745298,3.300025127828121e-06,7488,expanding,amazon/chronos-2,29ec3766d36d6f73f0696f85560a422f50e8498c,2.3.1,cpu,7488,7488,8192,False,2022-10-21,standard predictions output (trained 0.5 quantile),0.5535608124919236,8,True,,
SPY,Chronos-2,2022-10-21,356.254150390625,2022-11-18,20,376.9466247558594,354.8863525390625,20.692474365234375,-1.3677978515625,1.0,-1.0,False,0.9981184641350348,22.101857654656467,3.300025127828121e-06,7488,expanding,amazon/chronos-2,29ec3766d36d6f73f0696f85560a422f50e8498c,2.3.1,cpu,7488,7488,8192,False,2022-10-21,standard predictions output (trained 0.5 quantile),0.5535608124919236,8,True,,
SPY,Chronos-2,2022-10-28,370.27435302734375,2022-10-31,1,367.5997619628906,372.13262939453125,-2.674591064453125,1.8582763671875,-1.0,1.0,False,1.0005788777642117,4.530244973558999,3.3999094739556313e-06,7493,expanding,amazon/chronos-2,29ec3766d36d6f73f0696f85560a422f50e8498c,2.3.1,cpu,7493,7493,8192,False,2022-10-28,standard predictions output (trained 0.5 quantile),0.5535608124919236,8,True,,
SPY,Chronos-2,2022-10-28,370.27435302734375,2022-11-04,5,358.21490478515625,372.5769958496094,-12.0594482421875,2.302642822265625,-1.0,1.0,False,1.0005788777642117,14.353781979233004,3.3999094739556313e-06,7493,expanding,amazon/chronos-2,29ec3766d36d6f73f0696f85560a422f50e8498c,2.3.1,cpu,7493,7493,8192,False,2022-10-28,standard predictions output (trained 0.5 quantile),0.5535608124919236,8,True,,
SPY,Chronos-2,2022-10-28,370.27435302734375,2022-11-28,20,376.8323364257813,375.2112731933594,6.557983398437557,4.936920166015625,1.0,1.0,True,1.0005788777642117,1.6201253778654505,3.3999094739556313e-06,7493,expanding,amazon/chronos-2,29ec3766d36d6f73f0696f85560a422f50e8498c,2.3.1,cpu,7493,7493,8192,False,2022-10-28,standard predictions output (trained 0.5 quantile),0.5535608124919236,8,True,,
SPY,Chronos-2,2022-11-04,358.21490478515625,2022-11-07,1,361.6414489746094,357.060791015625,3.426544189453125,-1.15411376953125,1.0,-1.0,False,1.0028760497118772,4.567521539975337,3.00002284348011e-06,7498,expanding,amazon/chronos-2,29ec3766d36d6f73f0696f85560a422f50e8498c,2.3.1,cpu,7498,7498,8192,False,2022-11-04,standard predictions output (trained 0.5 quantile),0.5535608124919236,8,True,,
SPY,Chronos-2,2022-11-04,358.21490478515625,2022-11-11,5,379.30706787109375,356.4591064453125,21.0921630859375,-1.75579833984375,1.0,-1.0,False,1.0028760497118772,22.782438001531087,3.00002284348011e-06,7498,expanding,amazon/chronos-2,29ec3766d36d6f73f0696f85560a422f50e8498c,2.3.1,cpu,7498,7498,8192,False,2022-11-04,standard predictions output (trained 0.5 quantile),0.5535608124919236,8,True,,
SPY,Chronos-2,2022-11-04,358.21490478515625,2022-12-05,20,380.33502197265625,356.10809326171875,22.1201171875,-2.1068115234375,1.0,-1.0,False,1.0028760497118772,24.157450681864237,3.00002284348011e-06,7498,expanding,amazon/chronos-2,29ec3766d36d6f73f0696f85560a422f50e8498c,2.3.1,cpu,7498,7498,8192,False,2022-11-04,standard predictions output (trained 0.5 quantile),0.5535608124919236,8,True,,
SPY,Chronos-2,2022-11-11,379.30706787109375,2022-11-14,1,376.0804138183594,378.1737060546875,-3.226654052734375,-1.13336181640625,-1.0,-1.0,True,1.007016208641563,2.0787075901706866,3.200024366378784e-06,7503,expanding,amazon/chronos-2,29ec3766d36d6f73f0696f85560a422f50e8498c,2.3.1,cpu,7503,7503,8192,False,2022-11-11,standard predictions output (trained 0.5 quantile),0.5535608124919236,8,True,,
SPY,Chronos-2,2022-11-11,379.30706787109375,2022-11-18,5,376.9466247558594,378.1556396484375,-2.360443115234375,-1.15142822265625,-1.0,-1.0,True,1.007016208641563,1.2005912935691994,3.200024366378784e-06,7503,expanding,amazon/chronos-2,29ec3766d36d6f73f0696f85560a422f50e8498c,2.3.1,cpu,7503,7503,8192,False,2022-11-11,standard predictions output (trained 0.5 quantile),0.5535608124919236,8,True,,
SPY,Chronos-2,2022-11-11,379.30706787109375,2022-12-12,20,379.7257995605469,380.422119140625,0.418731689453125,1.11505126953125,1.0,1.0,True,1.007016208641563,0.69146809565006,3.200024366378784e-06,7503,expanding,amazon/chronos-2,29ec3766d36d6f73f0696f85560a422f50e8498c,2.3.1,cpu,7503,7503,8192,False,2022-11-11,standard predictions output (trained 0.5 quantile),0.5535608124919236,8,True,,
SPY,Chronos-2,2022-11-18,376.9466247558594,2022-11-21,1,375.575927734375,375.401123046875,-1.370697021484375,-1.545501708984375,-1.0,-1.0,True,1.0079684183190092,0.17342278222518331,3.500026650726795e-06,7508,expanding,amazon/chronos-2,29ec3766d36d6f73f0696f85560a422f50e8498c,2.3.1,cpu,7508,7508,8192,False,2022-11-18,standard predictions output (trained 0.5 quantile),0.5535608124919236,8,True,,
SPY,Chronos-2,2022-11-18,376.9466247558594,2022-11-28,5,376.8323364257813,375.9886474609375,-0.11428833007806816,-0.957977294921875,-1.0,-1.0,True,1.0079684183190092,0.8370192453557508,3.500026650726795e-06,7508,expanding,amazon/chronos-2,29ec3766d36d6f73f0696f85560a422f50e8498c,2.3.1,cpu,7508,7508,8192,False,2022-11-18,standard predictions output (trained 0.5 quantile),0.5535608124919236,8,True,,
SPY,Chronos-2,2022-11-18,376.9466247558594,2022-12-19,20,363.3689880371094,377.34234619140625,-13.57763671875,0.395721435546875,-1.0,1.0,False,1.0079684183190092,13.862892825154454,3.500026650726795e-06,7508,expanding,amazon/chronos-2,29ec3766d36d6f73f0696f85560a422f50e8498c,2.3.1,cpu,7508,7508,8192,False,2022-11-18,standard predictions output (trained 0.5 quantile),0.5535608124919236,8,True,,
SPY,Chronos-2,2022-11-28,376.8323364257813,2022-11-29,1,376.1851501464844,375.9989929199219,-0.6471862792969318,-0.8333435058594318,-1.0,-1.0,True,1.0092969382532873,0.18444247624952476,3.00002284348011e-06,7513,expanding,amazon/chronos-2,29ec3766d36d6f73f0696f85560a422f50e8498c,2.3.1,cpu,7513,7513,8192,False,2022-11-28,standard predictions output (trained 0.5 quantile),0.5535608124919236,8,True,,
SPY,Chronos-2,2022-11-28,376.8323364257813,2022-12-05,5,380.33502197265625,376.3182373046875,3.502685546874943,-0.5140991210938068,1.0,-1.0,False,1.0092969382532873,3.979784853920483,3.00002284348011e-06,7513,expanding,amazon/chronos-2,29ec3766d36d6f73f0696f85560a422f50e8498c,2.3.1,cpu,7513,7513,8192,False,2022-11-28,standard predictions output (trained 0.5 quantile),0.5535608124919236,8,True,,
SPY,Chronos-2,2022-11-28,376.8323364257813,2022-12-27,20,364.6885681152344,378.21063232421875,-12.143768310546932,1.3782958984374432,-1.0,1.0,False,1.0092969382532873,13.397508400635767,3.00002284348011e-06,7513,expanding,amazon/chronos-2,29ec3766d36d6f73f0696f85560a422f50e8498c,2.3.1,cpu,7513,7513,8192,False,2022-11-28,standard predictions output (trained 0.5 quantile),0.5535608124919236,8,True,,
SPY,Chronos-2,2022-12-05,380.33502197265625,2022-12-06,1,374.8525390625,379.5786437988281,-5.48248291015625,-0.756378173828125,-1.0,-1.0,True,1.0113124900697095,4.673238769158637,2.800021320581436e-06,7518,expanding,amazon/chronos-2,29ec3766d36d6f73f0696f85560a422f50e8498c,2.3.1,cpu,7518,7518,8192,False,2022-12-05,standard predictions output (trained 0.5 quantile),0.5535608124919236,8,True,,
SPY,Chronos-2,2022-12-05,380.33502197265625,2022-12-12,5,379.7257995605469,380.0242919921875,-0.609222412109375,-0.31072998046875,-1.0,-1.0,True,1.0113124900697095,0.2951535104842322,2.800021320581436e-06,7518,expanding,amazon/chronos-2,29ec3766d36d6f73f0696f85560a422f50e8498c,2.3.1,cpu,7518,7518,8192,False,2022-12-05,standard predictions output (trained 0.5 quantile),0.5535608124919236,8,True,,
SPY,Chronos-2,2022-12-05,380.33502197265625,2023-01-04,20,366.9450988769531,381.8841552734375,-13.389923095703125,1.54913330078125,-1.0,1.0,False,1.0113124900697095,14.771948871564545,2.800021320581436e-06,7518,expanding,amazon/chronos-2,29ec3766d36d6f73f0696f85560a422f50e8498c,2.3.1,cpu,7518,7518,8192,False,2022-12-05,standard predictions output (trained 0.5 quantile),0.5535608124919236,8,True,,
SPY,Chronos-2,2022-12-12,379.7257995605469,2022-12-13,1,382.6003723144531,374.00531005859375,2.87457275390625,-5.720489501953125,1.0,-1.0,False,1.0129356404562895,8.485299472716374,3.00002284348011e-06,7523,expanding,amazon/chronos-2,29ec3766d36d6f73f0696f85560a422f50e8498c,2.3.1,cpu,7523,7523,8192,False,2022-12-12,standard predictions output (trained 0.5 quantile),0.5535608124919236,8,True,,
SPY,Chronos-2,2022-12-12,379.7257995605469,2022-12-19,5,363.3689880371094,374.5335998535156,-16.3568115234375,-5.19219970703125,-1.0,-1.0,True,1.0129356404562895,11.022034737939531,3.00002284348011e-06,7523,expanding,amazon/chronos-2,29ec3766d36d6f73f0696f85560a422f50e8498c,2.3.1,cpu,7523,7523,8192,False,2022-12-12,standard predictions output (trained 0.5 quantile),0.5535608124919236,8,True,,
SPY,Chronos-2,2022-12-12,379.7257995605469,2023-01-11,20,378.1898193359375,377.08404541015625,-1.535980224609375,-2.641754150390625,-1.0,-1.0,True,1.0129356404562895,1.0916526989643096,3.00002284348011e-06,7523,expanding,amazon/chronos-2,29ec3766d36d6f73f0696f85560a422f50e8498c,2.3.1,cpu,7523,7523,8192,False,2022-12-12,standard predictions output (trained 0.5 quantile),0.5535608124919236,8,True,,
SPY,Chronos-2,2022-12-19,363.3689880371094,2022-12-20,1,363.8662109375,362.4273986816406,0.497222900390625,-0.94158935546875,1.0,-1.0,False,1.0151996604946802,1.4172702295411324,2.800021320581436e-06,7528,expanding,amazon/chronos-2,29ec3766d36d6f73f0696f85560a422f50e8498c,2.3.1,cpu,7528,7528,8192,False,2022-12-19,standard predictions output (trained 0.5 quantile),0.563595775005524,8,True,,
SPY,Chronos-2,2022-12-19,363.3689880371094,2022-12-27,5,364.6885681152344,362.68670654296875,1.319580078125,-0.682281494140625,1.0,-1.0,False,1.0151996604946802,1.9718895210132066,2.800021320581436e-06,7528,expanding,amazon/chronos-2,29ec3766d36d6f73f0696f85560a422f50e8498c,2.3.1,cpu,7528,7528,8192,False,2022-12-19,standard predictions output (trained 0.5 quantile),0.563595775005524,8,True,,
SPY,Chronos-2,2022-12-19,363.3689880371094,2023-01-19,20,371.611328125,364.228759765625,8.242340087890625,0.859771728515625,1.0,1.0,True,1.0151996604946802,7.272035882850539,2.800021320581436e-06,7528,expanding,amazon/chronos-2,29ec3766d36d6f73f0696f85560a422f50e8498c,2.3.1,cpu,7528,7528,8192,False,2022-12-19,standard predictions output (trained 0.5 quantile),0.563595775005524,8,True,,
SPY,Chronos-2,2022-12-27,364.6885681152344,2022-12-28,1,360.15625,365.715576171875,-4.532318115234375,1.027008056640625,-1.0,1.0,False,1.0164833099235582,5.469176048048515,2.900022082030773e-06,7533,expanding,amazon/chronos-2,29ec3766d36d6f73f0696f85560a422f50e8498c,2.3.1,cpu,7533,7533,8192,False,2022-12-27,standard predictions output (trained 0.5 quantile),0.563595775005524,8,True,,
SPY,Chronos-2,2022-12-27,364.6885681152344,2023-01-04,5,366.9450988769531,365.68023681640625,2.25653076171875,0.991668701171875,1.0,1.0,True,1.0164833099235582,1.244351036754352,2.900022082030773e-06,7533,expanding,amazon/chronos-2,29ec3766d36d6f73f0696f85560a422f50e8498c,2.3.1,cpu,7533,7533,8192,False,2022-12-27,standard predictions output (trained 0.5 quantile),0.563595775005524,8,True,,
SPY,Chronos-2,2022-12-27,364.6885681152344,2023-01-26,20,387.0154418945313,365.3919982910156,22.326873779296932,0.70343017578125,1.0,1.0,True,1.0164833099235582,21.272797489554268,2.900022082030773e-06,7533,expanding,amazon/chronos-2,29ec3766d36d6f73f0696f85560a422f50e8498c,2.3.1,cpu,7533,7533,8192,False,2022-12-27,standard predictions output (trained 0.5 quantile),0.563595775005524,8,True,,
SPY,Chronos-2,2023-01-04,366.9450988769531,2023-01-05,1,362.757080078125,365.29864501953125,-4.188018798828125,-1.646453857421875,-1.0,-1.0,True,1.0179758384434319,2.4966849363463384,2.9999064281582832e-06,7538,expanding,amazon/chronos-2,29ec3766d36d6f73f0696f85560a422f50e8498c,2.3.1,cpu,7538,7538,8192,False,2023-01-04,standard predictions output (trained 0.5 quantile),0.563595775005524,8,True,,
SPY,Chronos-2,2023-01-04,366.9450988769531,2023-01-11,5,378.1898193359375,365.5723876953125,11.244720458984375,-1.372711181640625,1.0,-1.0,False,1.0179758384434319,12.394627813483355,2.9999064281582832e-06,7538,expanding,amazon/chronos-2,29ec3766d36d6f73f0696f85560a422f50e8498c,2.3.1,cpu,7538,7538,8192,False,2023-01-04,standard predictions output (trained 0.5 quantile),0.563595775005524,8,True,,
SPY,Chronos-2,2023-01-04,366.9450988769531,2023-02-02,20,398.5183715820313,366.8314208984375,31.573272705078182,-0.113677978515625,1.0,-1.0,False,1.0179758384434319,31.127409401038182,2.9999064281582832e-06,7538,expanding,amazon/chronos-2,29ec3766d36d6f73f0696f85560a422f50e8498c,2.3.1,cpu,7538,7538,8192,False,2023-01-04,standard predictions output (trained 0.5 quantile),0.563595775005524,8,True,,
SPY,Chronos-2,2023-01-11,378.1898193359375,2023-01-12,1,379.5667419433594,378.6662902832031,1.376922607421875,0.476470947265625,1.0,1.0,True,1.0199582907414446,0.8828318455077993,3.100023604929447e-06,7543,expanding,amazon/chronos-2,29ec3766d36d6f73f0696f85560a422f50e8498c,2.3.1,cpu,7543,7543,8192,False,2023-01-11,standard predictions output (trained 0.5 quantile),0.563595775005524,8,True,,
SPY,Chronos-2,2023-01-11,378.1898193359375,2023-01-19,5,371.611328125,379.3671875,-6.5784912109375,1.1773681640625,-1.0,1.0,False,1.0199582907414446,7.6040946432838785,3.100023604929447e-06,7543,expanding,amazon/chronos-2,29ec3766d36d6f73f0696f85560a422f50e8498c,2.3.1,cpu,7543,7543,8192,False,2023-01-11,standard predictions output (trained 0.5 quantile),0.563595775005524,8,True,,
SPY,Chronos-2,2023-01-11,378.1898193359375,2023-02-09,20,389.2528991699219,381.33599853515625,11.063079833984375,3.14617919921875,1.0,1.0,True,1.0199582907414446,7.761984687639083,3.100023604929447e-06,7543,expanding,amazon/chronos-2,29ec3766d36d6f73f0696f85560a422f50e8498c,2.3.1,cpu,7543,7543,8192,False,2023-01-11,standard predictions output (trained 0.5 quantile),0.563595775005524,8,True,,
SPY,Chronos-2,2023-01-19,371.611328125,2023-01-20,1,378.5340881347656,372.3740234375,6.922760009765625,0.7626953125,1.0,1.0,True,1.020909353993943,6.0338997513996455,4.399917088449001e-06,7548,expanding,amazon/chronos-2,29ec3766d36d6f73f0696f85560a422f50e8498c,2.3.1,cpu,7548,7548,8192,False,2023-01-19,standard predictions output (trained 0.5 quantile),0.563595775005524,8,True,,
SPY,Chronos-2,2023-01-19,371.611328125,2023-01-26,5,387.0154418945313,372.4248962402344,15.404113769531307,0.813568115234375,1.0,1.0,True,1.020909353993943,14.291715123597054,4.399917088449001e-06,7548,expanding,amazon/chronos-2,29ec3766d36d6f73f0696f85560a422f50e8498c,2.3.1,cpu,7548,7548,8192,False,2023-01-19,standard predictions output (trained 0.5 quantile),0.563595775005524,8,True,,
SPY,Chronos-2,2023-01-19,371.611328125,2023-02-16,20,390.3907470703125,371.96435546875,18.7794189453125,0.35302734375,1.0,1.0,True,1.020909353993943,18.048998698538544,4.399917088449001e-06,7548,expanding,amazon/chronos-2,29ec3766d36d6f73f0696f85560a422f50e8498c,2.3.1,cpu,7548,7548,8192,False,2023-01-19,standard predictions output (trained 0.5 quantile),0.563595775005524,8,True,,
SPY,Chronos-2,2023-01-26,387.0154418945313,2023-01-27,1,387.9046325683594,384.08660888671875,0.8891906738280682,-2.928833007812557,1.0,-1.0,False,1.0223820623704944,3.7344392298786597,3.8000289350748062e-06,7553,expanding,amazon/chronos-2,29ec3766d36d6f73f0696f85560a422f50e8498c,2.3.1,cpu,7553,7553,8192,False,2023-01-26,standard predictions output (trained 0.5 quantile),0.563595775005524,8,True,,
SPY,Chronos-2,2023-01-26,387.0154418945313,2023-02-02,5,398.5183715820313,384.787841796875,11.5029296875,-2.227600097656307,1.0,-1.0,False,1.0223820623704944,13.42994002977782,3.8000289350748062e-06,7553,expanding,amazon/chronos-2,29ec3766d36d6f73f0696f85560a422f50e8498c,2.3.1,cpu,7553,7553,8192,False,2023-01-26,standard predictions output (trained 0.5 quantile),0.563595775005524,8,True,,
SPY,Chronos-2,2023-01-26,387.0154418945313,2023-02-24,20,379.01220703125,385.88702392578125,-8.003234863281307,-1.1284179687500568,-1.0,-1.0,True,1.0223820623704944,6.724312903721436,3.8000289350748062e-06,7553,expanding,amazon/chronos-2,29ec3766d36d6f73f0696f85560a422f50e8498c,2.3.1,cpu,7553,7553,8192,False,2023-01-26,standard predictions output (trained 0.5 quantile),0.563595775005524,8,True,,
SPY,Chronos-2,2023-02-02,398.5183715820313,2023-02-03,1,394.282470703125,394.6546325683594,-4.235900878906307,-3.863739013671932,-1.0,-1.0,True,1.024515841268146,0.36325633069149316,3.300025127828121e-06,7558,expanding,amazon/chronos-2,29ec3766d36d6f73f0696f85560a422f50e8498c,2.3.1,cpu,7558,7558,8192,False,2023-02-02,standard predictions output (trained 0.5 quantile),0.563595775005524,8,True,,
SPY,Chronos-2,2023-02-02,398.5183715820313,2023-02-09,5,389.2528991699219,395.146728515625,-9.265472412109432,-3.371643066406307,-1.0,-1.0,True,1.024515841268146,5.752794742937055,3.300025127828121e-06,7558,expanding,amazon/chronos-2,29ec3766d36d6f73f0696f85560a422f50e8498c,2.3.1,cpu,7558,7558,8192,False,2023-02-02,standard predictions output (trained 0.5 quantile),0.563595775005524,8,True,,
SPY,Chronos-2,2023-02-02,398.5183715820313,2023-03-03,20,386.4799499511719,397.6094970703125,-12.038421630859432,-0.9088745117188068,-1.0,-1.0,True,1.024515841268146,10.863225994987513,3.300025127828121e-06,7558,expanding,amazon/chronos-2,29ec3766d36d6f73f0696f85560a422f50e8498c,2.3.1,cpu,7558,7558,8192,False,2023-02-02,standard predictions output (trained 0.5 quantile),0.563595775005524,8,True,,
SPY,Chronos-2,2023-02-09,389.2528991699219,2023-02-10,1,390.1613159179688,388.6102294921875,0.9084167480469318,-0.642669677734375,1.0,-1.0,False,1.026419199953884,1.5111627158289669,3.6999117583036423e-06,7563,expanding,amazon/chronos-2,29ec3766d36d6f73f0696f85560a422f50e8498c,2.3.1,cpu,7563,7563,8192,False,2023-02-09,standard predictions output (trained 0.5 quantile),0.563595775005524,8,True,,
SPY,Chronos-2,2023-02-09,389.2528991699219,2023-02-16,5,390.3907470703125,389.2225341796875,1.137847900390625,-0.030364990234375,1.0,-1.0,False,1.026419199953884,1.1381440357677317,3.6999117583036423e-06,7563,expanding,amazon/chronos-2,29ec3766d36d6f73f0696f85560a422f50e8498c,2.3.1,cpu,7563,7563,8192,False,2023-02-09,standard predictions output (trained 0.5 quantile),0.563595775005524,8,True,,
SPY,Chronos-2,2023-02-09,389.2528991699219,2023-03-10,20,369.0008850097656,391.1439208984375,-20.25201416015625,1.891021728515625,-1.0,1.0,False,1.026419199953884,21.573092056020325,3.6999117583036423e-06,7563,expanding,amazon/chronos-2,29ec3766d36d6f73f0696f85560a422f50e8498c,2.3.1,cpu,7563,7563,8192,False,2023-02-09,standard predictions output (trained 0.5 quantile),0.563595775005524,8,True,,
SPY,Chronos-2,2023-02-16,390.3907470703125,2023-02-17,1,389.41546630859375,387.84918212890625,-0.97528076171875,-2.54156494140625,-1.0,-1.0,True,1.027379914761787,1.524542340357769,3.5999109968543053e-06,7568,expanding,amazon/chronos-2,29ec3766d36d6f73f0696f85560a422f50e8498c,2.3.1,cpu,7568,7568,8192,False,2023-02-16,standard predictions output (trained 0.5 quantile),0.549775387509726,8,True,,
SPY,Chronos-2,2023-02-16,390.3907470703125,2023-02-24,5,379.01220703125,388.248291015625,-11.3785400390625,-2.1424560546875,-1.0,-1.0,True,1.027379914761787,8.989940188305628,3.5999109968543053e-06,7568,expanding,amazon/chronos-2,29ec3766d36d6f73f0696f85560a422f50e8498c,2.3.1,cpu,7568,7568,8192,False,2023-02-16,standard predictions output (trained 0.5 quantile),0.549775387509726,8,True,,
SPY,Chronos-2,2023-02-16,390.3907470703125,2023-03-17,20,374.3253173828125,388.57232666015625,-16.0654296875,-1.81842041015625,-1.0,-1.0,True,1.027379914761787,13.867323151482017,3.5999109968543053e-06,7568,expanding,amazon/chronos-2,29ec3766d36d6f73f0696f85560a422f50e8498c,2.3.1,cpu,7568,7568,8192,False,2023-02-16,standard predictions output (trained 0.5 quantile),0.549775387509726,8,True,,
SPY,Chronos-2,2023-02-24,379.01220703125,2023-02-27,1,380.3030395507813,375.0099182128906,1.2908325195313068,-4.002288818359375,1.0,-1.0,False,1.028739656145083,5.145248660603975,3.700028173625469e-06,7573,expanding,amazon/chronos-2,29ec3766d36d6f73f0696f85560a422f50e8498c,2.3.1,cpu,7573,7573,8192,False,2023-02-24,standard predictions output (trained 0.5 quantile),0.549775387509726,8,True,,
SPY,Chronos-2,2023-02-24,379.01220703125,2023-03-03,5,386.4799499511719,374.7803649902344,7.467742919921875,-4.231842041015625,1.0,-1.0,False,1.028739656145083,11.372736426608123,3.700028173625469e-06,7573,expanding,amazon/chronos-2,29ec3766d36d6f73f0696f85560a422f50e8498c,2.3.1,cpu,7573,7573,8192,False,2023-02-24,standard predictions output (trained 0.5 quantile),0.549775387509726,8,True,,
SPY,Chronos-2,2023-02-24,379.01220703125,2023-03-24,20,379.85400390625,374.5909729003906,0.841796875,-4.421234130859375,1.0,-1.0,False,1.028739656145083,5.115998955052561,3.700028173625469e-06,7573,expanding,amazon/chronos-2,29ec3766d36d6f73f0696f85560a422f50e8498c,2.3.1,cpu,7573,7573,8192,False,2023-02-24,standard predictions output (trained 0.5 quantile),0.549775387509726,8,True,,
SPY,Chronos-2,2023-03-03,386.4799499511719,2023-03-06,1,386.7476501464844,383.1231689453125,0.2677001953125,-3.356781005859375,1.0,-1.0,False,1.0298010342917534,3.5195936695330814,3.500026650726795e-06,7578,expanding,amazon/chronos-2,29ec3766d36d6f73f0696f85560a422f50e8498c,2.3.1,cpu,7578,7578,8192,False,2023-03-03,standard predictions output (trained 0.5 quantile),0.549775387509726,8,True,,
SPY,Chronos-2,2023-03-03,386.4799499511719,2023-03-10,5,369.0008850097656,383.24822998046875,-17.47906494140625,-3.231719970703125,-1.0,-1.0,True,1.0298010342917534,13.835046282024518,3.500026650726795e-06,7578,expanding,amazon/chronos-2,29ec3766d36d6f73f0696f85560a422f50e8498c,2.3.1,cpu,7578,7578,8192,False,2023-03-03,standard predictions output (trained 0.5 quantile),0.549775387509726,8,True,,
SPY,Chronos-2,2023-03-03,386.4799499511719,2023-03-31,20,392.9460754394531,384.00640869140625,6.46612548828125,-2.473541259765625,1.0,-1.0,False,1.0298010342917534,8.68096501203763,3.500026650726795e-06,7578,expanding,amazon/chronos-2,29ec3766d36d6f73f0696f85560a422f50e8498c,2.3.1,cpu,7578,7578,8192,False,2023-03-03,standard predictions output (trained 0.5 quantile),0.549775387509726,8,True,,
SPY,Chronos-2,2023-03-10,369.0008850097656,2023-03-13,1,368.4750061035156,368.3358154296875,-0.52587890625,-0.665069580078125,-1.0,-1.0,True,1.0316617991357644,0.13491889875609112,3.700028173625469e-06,7583,expanding,amazon/chronos-2,29ec3766d36d6f73f0696f85560a422f50e8498c,2.3.1,cpu,7583,7583,8192,False,2023-03-10,standard predictions output (trained 0.5 quantile),0.549775387509726,8,True,,
SPY,Chronos-2,2023-03-10,369.0008850097656,2023-03-17,5,374.3253173828125,368.305908203125,5.324432373046875,-0.694976806640625,1.0,-1.0,False,1.0316617991357644,5.834672937129234,3.700028173625469e-06,7583,expanding,amazon/chronos-2,29ec3766d36d6f73f0696f85560a422f50e8498c,2.3.1,cpu,7583,7583,8192,False,2023-03-10,standard predictions output (trained 0.5 quantile),0.549775387509726,8,True,,
SPY,Chronos-2,2023-03-10,369.0008850097656,2023-04-10,20,393.1572265625,368.619873046875,24.156341552734375,-0.381011962890625,1.0,-1.0,False,1.0316617991357644,23.784299792994407,3.700028173625469e-06,7583,expanding,amazon/chronos-2,29ec3766d36d6f73f0696f85560a422f50e8498c,2.3.1,cpu,7583,7583,8192,False,2023-03-10,standard predictions output (trained 0.5 quantile),0.549775387509726,8,True,,
SPY,Chronos-2,2023-03-17,374.3253173828125,2023-03-20,1,377.9246826171875,372.02783203125,3.599365234375,-2.2974853515625,1.0,-1.0,False,1.0336073039155307,5.7051169855311,4.00003045797348e-06,7588,expanding,amazon/chronos-2,29ec3766d36d6f73f0696f85560a422f50e8498c,2.3.1,cpu,7588,7588,8192,False,2023-03-17,standard predictions output (trained 0.5 quantile),0.549775387509726,8,True,,
SPY,Chronos-2,2023-03-17,374.3253173828125,2023-03-24,5,379.85400390625,371.67041015625,5.5286865234375,-2.6549072265625,1.0,-1.0,False,1.0336073039155307,7.917507663692735,4.00003045797348e-06,7588,expanding,amazon/chronos-2,29ec3766d36d6f73f0696f85560a422f50e8498c,2.3.1,cpu,7588,7588,8192,False,2023-03-17,standard predictions output (trained 0.5 quantile),0.549775387509726,8,True,,
SPY,Chronos-2,2023-03-17,374.3253173828125,2023-04-17,20,397.3133544921875,371.8685302734375,22.988037109375,-2.456787109375,1.0,-1.0,False,1.0336073039155307,24.61749653118688,4.00003045797348e-06,7588,expanding,amazon/chronos-2,29ec3766d36d6f73f0696f85560a422f50e8498c,2.3.1,cpu,7588,7588,8192,False,2023-03-17,standard predictions output (trained 0.5 quantile),0.549775387509726,8,True,,
SPY,Chronos-2,2023-03-24,379.85400390625,2023-03-27,1,380.5643005371094,378.13397216796875,0.710296630859375,-1.72003173828125,1.0,-1.0,False,1.0353741952315274,2.34729470787821,3.900029696524143e-06,7593,expanding,amazon/chronos-2,29ec3766d36d6f73f0696f85560a422f50e8498c,2.3.1,cpu,7593,7593,8192,False,2023-03-24,standard predictions output (trained 0.5 quantile),0.549775387509726,8,True,,
SPY,Chronos-2,2023-03-24,379.85400390625,2023-03-31,5,392.9460754394531,378.5015869140625,13.092071533203125,-1.3524169921875,1.0,-1.0,False,1.0353741952315274,13.950983704167545,3.900029696524143e-06,7593,expanding,amazon/chronos-2,29ec3766d36d6f73f0696f85560a422f50e8498c,2.3.1,cpu,7593,7593,8192,False,2023-03-24,standard predictions output (trained 0.5 quantile),0.549775387509726,8,True,,
SPY,Chronos-2,2023-03-24,379.85400390625,2023-04-24,20,396.0559387207031,379.03704833984375,16.201934814453125,-0.81695556640625,1.0,-1.0,False,1.0353741952315274,16.437429539234035,3.900029696524143e-06,7593,expanding,amazon/chronos-2,29ec3766d36d6f73f0696f85560a422f50e8498c,2.3.1,cpu,7593,7593,8192,False,2023-03-24,standard predictions output (trained 0.5 quantile),0.549775387509726,8,True,,
SPY,Chronos-2,2023-03-31,392.9460754394531,2023-04-03,1,394.4434814453125,390.5691223144531,1.497406005859375,-2.376953125,1.0,-1.0,False,1.0366409711497577,3.7374165585624612,4.499917849898338e-06,7598,expanding,amazon/chronos-2,29ec3766d36d6f73f0696f85560a422f50e8498c,2.3.1,cpu,7598,7598,8192,False,2023-03-31,standard predictions output (trained 0.5 quantile),0.549775387509726,8,True,,
SPY,Chronos-2,2023-03-31,392.9460754394531,2023-04-10,5,393.1572265625,390.9514465332031,0.211151123046875,-1.99462890625,1.0,-1.0,False,1.0366409711497577,2.127814827587225,4.499917849898338e-06,7598,expanding,amazon/chronos-2,29ec3766d36d6f73f0696f85560a422f50e8498c,2.3.1,cpu,7598,7598,8192,False,2023-03-31,standard predictions output (trained 0.5 quantile),0.549775387509726,8,True,,
SPY,Chronos-2,2023-03-31,392.9460754394531,2023-05-01,20,398.8202819824219,392.7522277832031,5.87420654296875,-0.19384765625,1.0,-1.0,False,1.0366409711497577,5.8535735786022025,4.499917849898338e-06,7598,expanding,amazon/chronos-2,29ec3766d36d6f73f0696f85560a422f50e8498c,2.3.1,cpu,7598,7598,8192,False,2023-03-31,standard predictions output (trained 0.5 quantile),0.549775387509726,8,True,,
SPY,Chronos-2,2023-04-10,393.1572265625,2023-04-11,1,393.2628479003906,392.2974548339844,0.105621337890625,-0.859771728515625,1.0,-1.0,False,1.036832875184278,0.9310980482121279,3.700028173625469e-06,7603,expanding,amazon/chronos-2,29ec3766d36d6f73f0696f85560a422f50e8498c,2.3.1,cpu,7603,7603,8192,False,2023-04-10,standard predictions output (trained 0.5 quantile),0.549775387509726,8,True,,
SPY,Chronos-2,2023-04-10,393.1572265625,2023-04-17,5,397.3133544921875,392.7152404785156,4.1561279296875,-0.441986083984375,1.0,-1.0,False,1.036832875184278,4.434768730548446,3.700028173625469e-06,7603,expanding,amazon/chronos-2,29ec3766d36d6f73f0696f85560a422f50e8498c,2.3.1,cpu,7603,7603,8192,False,2023-04-10,standard predictions output (trained 0.5 quantile),0.549775387509726,8,True,,
SPY,Chronos-2,2023-04-10,393.1572265625,2023-05-08,20,396.16156005859375,393.46905517578125,3.00433349609375,0.31182861328125,1.0,1.0,True,1.036832875184278,2.5968552379610426,3.700028173625469e-06,7603,expanding,amazon/chronos-2,29ec3766d36d6f73f0696f85560a422f50e8498c,2.3.1,cpu,7603,7603,8192,False,2023-04-10,standard predictions output (trained 0.5 quantile),0.549775387509726,8,True,,
SPY,Chronos-2,2023-04-17,397.3133544921875,2023-04-18,1,397.572509765625,396.38031005859375,0.2591552734375,-0.93304443359375,1.0,-1.0,False,1.0373740448844535,1.1492476729201775,3.900029696524143e-06,7608,expanding,amazon/chronos-2,29ec3766d36d6f73f0696f85560a422f50e8498c,2.3.1,cpu,7608,7608,8192,False,2023-04-17,standard predictions output (trained 0.5 quantile),0.5765953374939272,8,True,,
SPY,Chronos-2,2023-04-17,397.3133544921875,2023-04-24,5,396.0559387207031,396.31024169921875,-1.257415771484375,-1.00311279296875,-1.0,-1.0,True,1.0373740448844535,0.24514106533670812,3.900029696524143e-06,7608,expanding,amazon/chronos-2,29ec3766d36d6f73f0696f85560a422f50e8498c,2.3.1,cpu,7608,7608,8192,False,2023-04-17,standard predictions output (trained 0.5 quantile),0.5765953374939272,8,True,,
SPY,Chronos-2,2023-04-17,397.3133544921875,2023-05-15,20,396.420654296875,397.18621826171875,-0.8927001953125,-0.12713623046875,-1.0,-1.0,True,1.0373740448844535,0.7379825711072435,3.900029696524143e-06,7608,expanding,amazon/chronos-2,29ec3766d36d6f73f0696f85560a422f50e8498c,2.3.1,cpu,7608,7608,8192,False,2023-04-17,standard predictions output (trained 0.5 quantile),0.5765953374939272,8,True,,
SPY,Chronos-2,2023-04-24,396.0559387207031,2023-04-25,1,389.7690734863281,394.37969970703125,-6.286865234375,-1.676239013671875,-1.0,-1.0,True,1.0371150449270712,4.445626590083204,3.8000289350748062e-06,7613,expanding,amazon/chronos-2,29ec3766d36d6f73f0696f85560a422f50e8498c,2.3.1,cpu,7613,7613,8192,False,2023-04-24,standard predictions output (trained 0.5 quantile),0.5765953374939272,8,True,,
SPY,Chronos-2,2023-04-24,396.0559387207031,2023-05-01,5,398.8202819824219,394.3477783203125,2.76434326171875,-1.708160400390625,1.0,-1.0,False,1.0371150449270712,4.312446998031811,3.8000289350748062e-06,7613,expanding,amazon/chronos-2,29ec3766d36d6f73f0696f85560a422f50e8498c,2.3.1,cpu,7613,7613,8192,False,2023-04-24,standard predictions output (trained 0.5 quantile),0.5765953374939272,8,True,,
SPY,Chronos-2,2023-04-24,396.0559387207031,2023-05-22,20,401.9685363769531,394.43701171875,5.91259765625,-1.618927001953125,1.0,-1.0,False,1.0371150449270712,7.261995373649925,3.8000289350748062e-06,7613,expanding,amazon/chronos-2,29ec3766d36d6f73f0696f85560a422f50e8498c,2.3.1,cpu,7613,7613,8192,False,2023-04-24,standard predictions output (trained 0.5 quantile),0.5765953374939272,8,True,,
SPY,Chronos-2,2023-05-01,398.8202819824219,2023-05-02,1,394.337890625,396.906494140625,-4.482391357421875,-1.913787841796875,-1.0,-1.0,True,1.0389872507518778,2.472218512562299,3.600027412176132e-06,7618,expanding,amazon/chronos-2,29ec3766d36d6f73f0696f85560a422f50e8498c,2.3.1,cpu,7618,7618,8192,False,2023-05-01,standard predictions output (trained 0.5 quantile),0.5765953374939272,8,True,,
SPY,Chronos-2,2023-05-01,398.8202819824219,2023-05-08,5,396.16156005859375,396.77093505859375,-2.658721923828125,-2.049346923828125,-1.0,-1.0,True,1.0389872507518778,0.5865086405622564,3.600027412176132e-06,7618,expanding,amazon/chronos-2,29ec3766d36d6f73f0696f85560a422f50e8498c,2.3.1,cpu,7618,7618,8192,False,2023-05-01,standard predictions output (trained 0.5 quantile),0.5765953374939272,8,True,,
SPY,Chronos-2,2023-05-01,398.8202819824219,2023-05-30,20,403.3027038574219,397.38995361328125,4.482421875,-1.430328369140625,1.0,-1.0,False,1.0389872507518778,5.690878535671906,3.600027412176132e-06,7618,expanding,amazon/chronos-2,29ec3766d36d6f73f0696f85560a422f50e8498c,2.3.1,cpu,7618,7618,8192,False,2023-05-01,standard predictions output (trained 0.5 quantile),0.5765953374939272,8,True,,
SPY,Chronos-2,2023-05-08,396.16156005859375,2023-05-09,1,394.4242858886719,394.14361572265625,-1.737274169921875,-2.0179443359375,-1.0,-1.0,True,1.040571143201129,0.26972703197610687,3.600027412176132e-06,7623,expanding,amazon/chronos-2,29ec3766d36d6f73f0696f85560a422f50e8498c,2.3.1,cpu,7623,7623,8192,False,2023-05-08,standard predictions output (trained 0.5 quantile),0.5765953374939272,8,True,,
SPY,Chronos-2,2023-05-08,396.16156005859375,2023-05-15,5,396.420654296875,393.9933776855469,0.25909423828125,-2.168182373046875,1.0,-1.0,False,1.040571143201129,2.3326387889837568,3.600027412176132e-06,7623,expanding,amazon/chronos-2,29ec3766d36d6f73f0696f85560a422f50e8498c,2.3.1,cpu,7623,7623,8192,False,2023-05-08,standard predictions output (trained 0.5 quantile),0.5765953374939272,8,True,,
SPY,Chronos-2,2023-05-08,396.16156005859375,2023-06-06,20,410.8374328613281,394.2888488769531,14.675872802734375,-1.872711181640625,1.0,-1.0,False,1.040571143201129,15.903366235456302,3.600027412176132e-06,7623,expanding,amazon/chronos-2,29ec3766d36d6f73f0696f85560a422f50e8498c,2.3.1,cpu,7623,7623,8192,False,2023-05-08,standard predictions output (trained 0.5 quantile),0.5765953374939272,8,True,,
SPY,Chronos-2,2023-05-15,396.420654296875,2023-05-16,1,393.77154541015625,394.6259765625,-2.64910888671875,-1.794677734375,-1.0,-1.0,True,1.0406956655788162,0.8210192283913575,3.500026650726795e-06,7628,expanding,amazon/chronos-2,29ec3766d36d6f73f0696f85560a422f50e8498c,2.3.1,cpu,7628,7628,8192,False,2023-05-15,standard predictions output (trained 0.5 quantile),0.5765953374939272,8,True,,
SPY,Chronos-2,2023-05-15,396.420654296875,2023-05-22,5,401.9685363769531,394.3301086425781,5.547882080078125,-2.090545654296875,1.0,-1.0,False,1.0406956655788162,7.339732437654233,3.500026650726795e-06,7628,expanding,amazon/chronos-2,29ec3766d36d6f73f0696f85560a422f50e8498c,2.3.1,cpu,7628,7628,8192,False,2023-05-15,standard predictions output (trained 0.5 quantile),0.5765953374939272,8,True,,
SPY,Chronos-2,2023-05-15,396.420654296875,2023-06-13,20,419.1207275390625,394.38885498046875,22.7000732421875,-2.03179931640625,1.0,-1.0,False,1.0406956655788162,23.76475023064339,3.500026650726795e-06,7628,expanding,amazon/chronos-2,29ec3766d36d6f73f0696f85560a422f50e8498c,2.3.1,cpu,7628,7628,8192,False,2023-05-15,standard predictions output (trained 0.5 quantile),0.5765953374939272,8,True,,
SPY,Chronos-2,2023-05-22,401.9685363769531,2023-05-23,1,397.4573364257813,399.7937927246094,-4.511199951171818,-2.17474365234375,-1.0,-1.0,True,1.0415884383819392,2.2431665067804016,3.4999102354049683e-06,7633,expanding,amazon/chronos-2,29ec3766d36d6f73f0696f85560a422f50e8498c,2.3.1,cpu,7633,7633,8192,False,2023-05-22,standard predictions output (trained 0.5 quantile),0.5765953374939272,8,True,,
SPY,Chronos-2,2023-05-22,401.9685363769531,2023-05-30,5,403.3027038574219,399.6600646972656,1.33416748046875,-2.3084716796875,1.0,-1.0,False,1.0415884383819392,3.4971962302259483,3.4999102354049683e-06,7633,expanding,amazon/chronos-2,29ec3766d36d6f73f0696f85560a422f50e8498c,2.3.1,cpu,7633,7633,8192,False,2023-05-22,standard predictions output (trained 0.5 quantile),0.5765953374939272,8,True,,
SPY,Chronos-2,2023-05-22,401.9685363769531,2023-06-21,20,419.0205993652344,400.5613708496094,17.05206298828125,-1.40716552734375,1.0,-1.0,False,1.0415884383819392,17.72219029648657,3.4999102354049683e-06,7633,expanding,amazon/chronos-2,29ec3766d36d6f73f0696f85560a422f50e8498c,2.3.1,cpu,7633,7633,8192,False,2023-05-22,standard predictions output (trained 0.5 quantile),0.5765953374939272,8,True,,
SPY,Chronos-2,2023-05-30,403.3027038574219,2023-05-31,1,401.0662841796875,400.1287841796875,-2.236419677734375,-3.173919677734375,-1.0,-1.0,True,1.0430167111892172,0.8988350713298637,3.5999109968543053e-06,7638,expanding,amazon/chronos-2,29ec3766d36d6f73f0696f85560a422f50e8498c,2.3.1,cpu,7638,7638,8192,False,2023-05-30,standard predictions output (trained 0.5 quantile),0.5765953374939272,8,True,,
SPY,Chronos-2,2023-05-30,403.3027038574219,2023-06-06,5,410.8374328613281,399.8297119140625,7.53472900390625,-3.472991943359375,1.0,-1.0,False,1.0430167111892172,10.553734019002382,3.5999109968543053e-06,7638,expanding,amazon/chronos-2,29ec3766d36d6f73f0696f85560a422f50e8498c,2.3.1,cpu,7638,7638,8192,False,2023-05-30,standard predictions output (trained 0.5 quantile),0.5765953374939272,8,True,,
SPY,Chronos-2,2023-05-30,403.3027038574219,2023-06-28,20,420.4175415039063,400.5240478515625,17.114837646484432,-2.778656005859375,1.0,-1.0,False,1.0430167111892172,19.073034438404946,3.5999109968543053e-06,7638,expanding,amazon/chronos-2,29ec3766d36d6f73f0696f85560a422f50e8498c,2.3.1,cpu,7638,7638,8192,False,2023-05-30,standard predictions output (trained 0.5 quantile),0.5765953374939272,8,True,,
SPY,Chronos-2,2023-06-06,410.8374328613281,2023-06-07,1,409.4169006347656,409.5797119140625,-1.4205322265625,-1.257720947265625,-1.0,-1.0,True,1.0441115268766181,0.15593284348072742,3.600027412176132e-06,7643,expanding,amazon/chronos-2,29ec3766d36d6f73f0696f85560a422f50e8498c,2.3.1,cpu,7643,7643,8192,False,2023-06-06,standard predictions output (trained 0.5 quantile),0.5765953374939272,8,True,,
SPY,Chronos-2,2023-06-06,410.8374328613281,2023-06-13,5,419.1207275390625,409.42376708984375,8.283294677734375,-1.413665771484375,1.0,-1.0,False,1.0441115268766181,9.2872841641989,3.600027412176132e-06,7643,expanding,amazon/chronos-2,29ec3766d36d6f73f0696f85560a422f50e8498c,2.3.1,cpu,7643,7643,8192,False,2023-06-06,standard predictions output (trained 0.5 quantile),0.5765953374939272,8,True,,
SPY,Chronos-2,2023-06-06,410.8374328613281,2023-07-06,20,423.5678405761719,410.22235107421875,12.73040771484375,-0.615081787109375,1.0,-1.0,False,1.0441115268766181,12.781670500157357,3.600027412176132e-06,7643,expanding,amazon/chronos-2,29ec3766d36d6f73f0696f85560a422f50e8498c,2.3.1,cpu,7643,7643,8192,False,2023-06-06,standard predictions output (trained 0.5 quantile),0.5765953374939272,8,True,,
SPY,Chronos-2,2023-06-13,419.1207275390625,2023-06-14,1,419.6198120117188,416.5264892578125,0.49908447265630684,-2.59423828125,1.0,-1.0,False,1.0448835683957074,2.960447314389038,3.7999125197529793e-06,7648,expanding,amazon/chronos-2,29ec3766d36d6f73f0696f85560a422f50e8498c,2.3.1,cpu,7648,7648,8192,False,2023-06-13,standard predictions output (trained 0.5 quantile),0.5815374500089092,8,True,,
SPY,Chronos-2,2023-06-13,419.1207275390625,2023-06-21,5,419.0205993652344,416.6748046875,-0.100128173828125,-2.4459228515625,-1.0,-1.0,True,1.0448835683957074,2.245029732198832,3.7999125197529793e-06,7648,expanding,amazon/chronos-2,29ec3766d36d6f73f0696f85560a422f50e8498c,2.3.1,cpu,7648,7648,8192,False,2023-06-13,standard predictions output (trained 0.5 quantile),0.5815374500089092,8,True,,
SPY,Chronos-2,2023-06-13,419.1207275390625,2023-07-13,20,433.1054992675781,417.77349853515625,13.984771728515625,-1.34722900390625,1.0,-1.0,False,1.0448835683957074,14.673405914462137,3.7999125197529793e-06,7648,expanding,amazon/chronos-2,29ec3766d36d6f73f0696f85560a422f50e8498c,2.3.1,cpu,7648,7648,8192,False,2023-06-13,standard predictions output (trained 0.5 quantile),0.5815374500089092,8,True,,
SPY,Chronos-2,2023-06-21,419.0205993652344,2023-06-22,1,420.5331115722656,418.06732177734375,1.51251220703125,-0.953277587890625,1.0,-1.0,False,1.0457040863515694,2.358018704435729,3.500026650726795e-06,7653,expanding,amazon/chronos-2,29ec3766d36d6f73f0696f85560a422f50e8498c,2.3.1,cpu,7653,7653,8192,False,2023-06-21,standard predictions output (trained 0.5 quantile),0.5815374500089092,8,True,,
SPY,Chronos-2,2023-06-21,419.0205993652344,2023-06-28,5,420.4175415039063,418.21295166015625,1.3969421386719318,-0.807647705078125,1.0,-1.0,False,1.0457040863515694,2.108234894100687,3.500026650726795e-06,7653,expanding,amazon/chronos-2,29ec3766d36d6f73f0696f85560a422f50e8498c,2.3.1,cpu,7653,7653,8192,False,2023-06-21,standard predictions output (trained 0.5 quantile),0.5815374500089092,8,True,,
SPY,Chronos-2,2023-06-21,419.0205993652344,2023-07-20,20,435.629638671875,418.33074951171875,16.609039306640625,-0.689849853515625,1.0,-1.0,False,1.0457040863515694,16.542814918617715,3.500026650726795e-06,7653,expanding,amazon/chronos-2,29ec3766d36d6f73f0696f85560a422f50e8498c,2.3.1,cpu,7653,7653,8192,False,2023-06-21,standard predictions output (trained 0.5 quantile),0.5815374500089092,8,True,,
SPY,Chronos-2,2023-06-28,420.4175415039063,2023-06-29,1,422.0745544433594,418.154541015625,1.6570129394530682,-2.263000488281307,1.0,-1.0,False,1.046479476125617,3.745905693485216,3.300025127828121e-06,7658,expanding,amazon/chronos-2,29ec3766d36d6f73f0696f85560a422f50e8498c,2.3.1,cpu,7658,7658,8192,False,2023-06-28,standard predictions output (trained 0.5 quantile),0.5815374500089092,8,True,,
SPY,Chronos-2,2023-06-28,420.4175415039063,2023-07-06,5,423.5678405761719,417.78753662109375,3.150299072265568,-2.630004882812557,1.0,-1.0,False,1.046479476125617,5.523571256723118,3.300025127828121e-06,7658,expanding,amazon/chronos-2,29ec3766d36d6f73f0696f85560a422f50e8498c,2.3.1,cpu,7658,7658,8192,False,2023-06-28,standard predictions output (trained 0.5 quantile),0.5815374500089092,8,True,,
SPY,Chronos-2,2023-06-28,420.4175415039063,2023-07-27,20,435.92822265625,418.560546875,15.510681152343693,-1.8569946289063068,1.0,-1.0,False,1.046479476125617,16.596288964548428,3.300025127828121e-06,7658,expanding,amazon/chronos-2,29ec3766d36d6f73f0696f85560a422f50e8498c,2.3.1,cpu,7658,7658,8192,False,2023-06-28,standard predictions output (trained 0.5 quantile),0.5815374500089092,8,True,,
SPY,Chronos-2,2023-07-06,423.5678405761719,2023-07-07,1,422.4984436035156,422.0084228515625,-1.06939697265625,-1.559417724609375,-1.0,-1.0,True,1.0472463101451999,0.4679135626509718,3.400025889277458e-06,7663,expanding,amazon/chronos-2,29ec3766d36d6f73f0696f85560a422f50e8498c,2.3.1,cpu,7663,7663,8192,False,2023-07-06,standard predictions output (trained 0.5 quantile),0.5815374500089092,8,True,,
SPY,Chronos-2,2023-07-06,423.5678405761719,2023-07-13,5,433.1054992675781,421.68365478515625,9.53765869140625,-1.884185791015625,1.0,-1.0,False,1.0472463101451999,10.906550227747516,3.400025889277458e-06,7663,expanding,amazon/chronos-2,29ec3766d36d6f73f0696f85560a422f50e8498c,2.3.1,cpu,7663,7663,8192,False,2023-07-06,standard predictions output (trained 0.5 quantile),0.5815374500089092,8,True,,
SPY,Chronos-2,2023-07-06,423.5678405761719,2023-08-03,20,432.4118347167969,421.61541748046875,8.843994140625,-1.952423095703125,1.0,-1.0,False,1.0472463101451999,10.309339008156744,3.400025889277458e-06,7663,expanding,amazon/chronos-2,29ec3766d36d6f73f0696f85560a422f50e8498c,2.3.1,cpu,7663,7663,8192,False,2023-07-06,standard predictions output (trained 0.5 quantile),0.5815374500089092,8,True,,
SPY,Chronos-2,2023-07-13,433.1054992675781,2023-07-14,1,432.8357543945313,430.3826599121094,-0.26974487304681816,-2.72283935546875,-1.0,-1.0,True,1.0480863024610982,2.3405462667164123,3.200024366378784e-06,7668,expanding,amazon/chronos-2,29ec3766d36d6f73f0696f85560a422f50e8498c,2.3.1,cpu,7668,7668,8192,False,2023-07-13,standard predictions output (trained 0.5 quantile),0.5815374500089092,8,True,,
SPY,Chronos-2,2023-07-13,433.1054992675781,2023-07-20,5,435.629638671875,430.5716247558594,2.524139404296875,-2.53387451171875,1.0,-1.0,False,1.0480863024610982,4.825951740938207,3.200024366378784e-06,7668,expanding,amazon/chronos-2,29ec3766d36d6f73f0696f85560a422f50e8498c,2.3.1,cpu,7668,7668,8192,False,2023-07-13,standard predictions output (trained 0.5 quantile),0.5815374500089092,8,True,,
SPY,Chronos-2,2023-07-13,433.1054992675781,2023-08-10,20,429.5890808105469,432.2546081542969,-3.51641845703125,-0.85089111328125,-1.0,-1.0,True,1.0480863024610982,2.543232687509468,3.200024366378784e-06,7668,expanding,amazon/chronos-2,29ec3766d36d6f73f0696f85560a422f50e8498c,2.3.1,cpu,7668,7668,8192,False,2023-07-13,standard predictions output (trained 0.5 quantile),0.5815374500089092,8,True,,
SPY,Chronos-2,2023-07-20,435.629638671875,2023-07-21,1,435.629638671875,433.2103576660156,0.0,-2.419281005859375,0.0,-1.0,False,1.0485610056967634,2.3072391522434836,4.299916326999664e-06,7673,expanding,amazon/chronos-2,29ec3766d36d6f73f0696f85560a422f50e8498c,2.3.1,cpu,7673,7673,8192,False,2023-07-20,standard predictions output (trained 0.5 quantile),0.5815374500089092,8,True,,
SPY,Chronos-2,2023-07-20,435.629638671875,2023-07-27,5,435.92822265625,433.5977478027344,0.298583984375,-2.031890869140625,1.0,-1.0,False,1.0485610056967634,2.222545794526315,4.299916326999664e-06,7673,expanding,amazon/chronos-2,29ec3766d36d6f73f0696f85560a422f50e8498c,2.3.1,cpu,7673,7673,8192,False,2023-07-20,standard predictions output (trained 0.5 quantile),0.5815374500089092,8,True,,
SPY,Chronos-2,2023-07-20,435.629638671875,2023-08-17,20,420.32122802734375,435.494384765625,-15.30841064453125,-0.13525390625,-1.0,-1.0,True,1.0485610056967634,14.470456803034331,4.299916326999664e-06,7673,expanding,amazon/chronos-2,29ec3766d36d6f73f0696f85560a422f50e8498c,2.3.1,cpu,7673,7673,8192,False,2023-07-20,standard predictions output (trained 0.5 quantile),0.5815374500089092,8,True,,
SPY,Chronos-2,2023-07-27,435.92822265625,2023-07-28,1,440.1961364746094,434.00457763671875,4.267913818359375,-1.92364501953125,1.0,-1.0,False,1.0486749418238048,5.904173534577421,3.500026650726795e-06,7678,expanding,amazon/chronos-2,29ec3766d36d6f73f0696f85560a422f50e8498c,2.3.1,cpu,7678,7678,8192,False,2023-07-27,standard predictions output (trained 0.5 quantile),0.5815374500089092,8,True,,
SPY,Chronos-2,2023-07-27,435.92822265625,2023-08-03,5,432.4118347167969,434.2100830078125,-3.516387939453125,-1.7181396484375,-1.0,-1.0,True,1.0486749418238048,1.7147814058455506,3.500026650726795e-06,7678,expanding,amazon/chronos-2,29ec3766d36d6f73f0696f85560a422f50e8498c,2.3.1,cpu,7678,7678,8192,False,2023-07-27,standard predictions output (trained 0.5 quantile),0.5815374500089092,8,True,,
SPY,Chronos-2,2023-07-27,435.92822265625,2023-08-24,20,420.8992614746094,436.49249267578125,-15.028961181640625,0.56427001953125,-1.0,1.0,False,1.0486749418238048,14.869461049629813,3.500026650726795e-06,7678,expanding,amazon/chronos-2,29ec3766d36d6f73f0696f85560a422f50e8498c,2.3.1,cpu,7678,7678,8192,False,2023-07-27,standard predictions output (trained 0.5 quantile),0.5815374500089092,8,True,,
SPY,Chronos-2,2023-08-03,432.4118347167969,2023-08-04,1,430.4561462402344,430.08197021484375,-1.9556884765625,-2.329864501953125,-1.0,-1.0,True,1.0497794862651355,0.3564329750068311,3.500026650726795e-06,7683,expanding,amazon/chronos-2,29ec3766d36d6f73f0696f85560a422f50e8498c,2.3.1,cpu,7683,7683,8192,False,2023-08-03,standard predictions output (trained 0.5 quantile),0.5815374500089092,8,True,,
SPY,Chronos-2,2023-08-03,432.4118347167969,2023-08-10,5,429.5890808105469,430.44171142578125,-2.82275390625,-1.970123291015625,-1.0,-1.0,True,1.0497794862651355,0.8121997299335987,3.500026650726795e-06,7683,expanding,amazon/chronos-2,29ec3766d36d6f73f0696f85560a422f50e8498c,2.3.1,cpu,7683,7683,8192,False,2023-08-03,standard predictions output (trained 0.5 quantile),0.5815374500089092,8,True,,
SPY,Chronos-2,2023-08-03,432.4118347167969,2023-08-31,20,433.8666076660156,431.4715576171875,1.45477294921875,-0.940277099609375,1.0,-1.0,False,1.0497794862651355,2.2814791869758673,3.500026650726795e-06,7683,expanding,amazon/chronos-2,29ec3766d36d6f73f0696f85560a422f50e8498c,2.3.1,cpu,7683,7683,8192,False,2023-08-03,standard predictions output (trained 0.5 quantile),0.5815374500089092,8,True,,
SPY,Chronos-2,2023-08-10,429.5890808105469,2023-08-11,1,429.3385009765625,426.9820556640625,-0.250579833984375,-2.607025146484375,-1.0,-1.0,True,1.0504815459049803,2.243204863222936,3.100023604929447e-06,7688,expanding,amazon/chronos-2,29ec3766d36d6f73f0696f85560a422f50e8498c,2.3.1,cpu,7688,7688,8192,False,2023-08-10,standard predictions output (trained 0.5 quantile),0.5830033624952193,8,True,,
SPY,Chronos-2,2023-08-10,429.5890808105469,2023-08-17,5,420.32122802734375,427.58331298828125,-9.267852783203125,-2.005767822265625,-1.0,-1.0,True,1.0504815459049803,6.913100938561733,3.100023604929447e-06,7688,expanding,amazon/chronos-2,29ec3766d36d6f73f0696f85560a422f50e8498c,2.3.1,cpu,7688,7688,8192,False,2023-08-10,standard predictions output (trained 0.5 quantile),0.5830033624952193,8,True,,
SPY,Chronos-2,2023-08-10,429.5890808105469,2023-09-08,20,429.2133483886719,427.710693359375,-0.375732421875,-1.878387451171875,-1.0,-1.0,True,1.0504815459049803,1.4304440046134759,3.100023604929447e-06,7688,expanding,amazon/chronos-2,29ec3766d36d6f73f0696f85560a422f50e8498c,2.3.1,cpu,7688,7688,8192,False,2023-08-10,standard predictions output (trained 0.5 quantile),0.5830033624952193,8,True,,
SPY,Chronos-2,2023-08-17,420.32122802734375,2023-08-18,1,420.52349853515625,418.77734375,0.2022705078125,-1.54388427734375,1.0,-1.0,False,1.0516198138922874,1.6604430252158606,3.500026650726795e-06,7693,expanding,amazon/chronos-2,29ec3766d36d6f73f0696f85560a422f50e8498c,2.3.1,cpu,7693,7693,8192,False,2023-08-17,standard predictions output (trained 0.5 quantile),0.5830033624952193,8,True,,
SPY,Chronos-2,2023-08-17,420.32122802734375,2023-08-24,5,420.8992614746094,418.9244384765625,0.578033447265625,-1.39678955078125,1.0,-1.0,False,1.0516198138922874,1.877886829402348,3.500026650726795e-06,7693,expanding,amazon/chronos-2,29ec3766d36d6f73f0696f85560a422f50e8498c,2.3.1,cpu,7693,7693,8192,False,2023-08-17,standard predictions output (trained 0.5 quantile),0.5830033624952193,8,True,,
SPY,Chronos-2,2023-08-17,420.32122802734375,2023-09-15,20,428.6487121582031,416.781005859375,8.327484130859375,-3.54022216796875,1.0,-1.0,False,1.0516198138922874,11.28516802560329,3.500026650726795e-06,7693,expanding,amazon/chronos-2,29ec3766d36d6f73f0696f85560a422f50e8498c,2.3.1,cpu,7693,7693,8192,False,2023-08-17,standard predictions output (trained 0.5 quantile),0.5830033624952193,8,True,,
SPY,Chronos-2,2023-08-24,420.8992614746094,2023-08-25,1,423.8665161132813,417.40814208984375,2.967254638671932,-3.491119384765625,1.0,-1.0,False,1.0528467323805772,6.134201517475024,3.400025889277458e-06,7698,expanding,amazon/chronos-2,29ec3766d36d6f73f0696f85560a422f50e8498c,2.3.1,cpu,7698,7698,8192,False,2023-08-24,standard predictions output (trained 0.5 quantile),0.5830033624952193,8,True,,
SPY,Chronos-2,2023-08-24,420.8992614746094,2023-08-31,5,433.8666076660156,418.07904052734375,12.96734619140625,-2.820220947265625,1.0,-1.0,False,1.0528467323805772,14.995123841981087,3.400025889277458e-06,7698,expanding,amazon/chronos-2,29ec3766d36d6f73f0696f85560a422f50e8498c,2.3.1,cpu,7698,7698,8192,False,2023-08-24,standard predictions output (trained 0.5 quantile),0.5830033624952193,8,True,,
SPY,Chronos-2,2023-08-24,420.8992614746094,2023-09-22,20,416.1286926269531,416.9954833984375,-4.77056884765625,-3.903778076171875,-1.0,-1.0,True,1.0528467323805772,0.8232829573631162,3.400025889277458e-06,7698,expanding,amazon/chronos-2,29ec3766d36d6f73f0696f85560a422f50e8498c,2.3.1,cpu,7698,7698,8192,False,2023-08-24,standard predictions output (trained 0.5 quantile),0.5830033624952193,8,True,,
SPY,Chronos-2,2023-08-31,433.8666076660156,2023-09-01,1,434.67578125,430.025634765625,0.809173583984375,-3.840972900390625,1.0,-1.0,False,1.0540119776382786,4.411853549135722,3.600027412176132e-06,7703,expanding,amazon/chronos-2,29ec3766d36d6f73f0696f85560a422f50e8498c,2.3.1,cpu,7703,7703,8192,False,2023-08-31,standard predictions output (trained 0.5 quantile),0.5830033624952193,8,True,,
SPY,Chronos-2,2023-08-31,433.8666076660156,2023-09-08,5,429.2133483886719,430.68701171875,-4.65325927734375,-3.179595947265625,-1.0,-1.0,True,1.0540119776382786,1.3981466637411066,3.600027412176132e-06,7703,expanding,amazon/chronos-2,29ec3766d36d6f73f0696f85560a422f50e8498c,2.3.1,cpu,7703,7703,8192,False,2023-08-31,standard predictions output (trained 0.5 quantile),0.5830033624952193,8,True,,
SPY,Chronos-2,2023-08-31,433.8666076660156,2023-09-29,20,413.2862548828125,431.26788330078125,-20.580352783203125,-2.598724365234375,-1.0,-1.0,True,1.0540119776382786,17.060174646459075,3.600027412176132e-06,7703,expanding,amazon/chronos-2,29ec3766d36d6f73f0696f85560a422f50e8498c,2.3.1,cpu,7703,7703,8192,False,2023-08-31,standard predictions output (trained 0.5 quantile),0.5830033624952193,8,True,,
SPY,Chronos-2,2023-09-08,429.2133483886719,2023-09-11,1,432.0361328125,426.6070556640625,2.822784423828125,-2.606292724609375,1.0,-1.0,False,1.054309426725058,5.1494153526650495,3.7999125197529793e-06,7708,expanding,amazon/chronos-2,29ec3766d36d6f73f0696f85560a422f50e8498c,2.3.1,cpu,7708,7708,8192,False,2023-09-08,standard predictions output (trained 0.5 quantile),0.5830033624952193,8,True,,
SPY,Chronos-2,2023-09-08,429.2133483886719,2023-09-15,5,428.6487121582031,426.78125,-0.56463623046875,-2.432098388671875,-1.0,-1.0,True,1.054309426725058,1.7712657317348643,3.7999125197529793e-06,7708,expanding,amazon/chronos-2,29ec3766d36d6f73f0696f85560a422f50e8498c,2.3.1,cpu,7708,7708,8192,False,2023-09-08,standard predictions output (trained 0.5 quantile),0.5830033624952193,8,True,,
SPY,Chronos-2,2023-09-08,429.2133483886719,2023-10-06,20,415.2779235839844,426.3982238769531,-13.9354248046875,-2.81512451171875,-1.0,-1.0,True,1.054309426725058,10.547473076771317,3.7999125197529793e-06,7708,expanding,amazon/chronos-2,29ec3766d36d6f73f0696f85560a422f50e8498c,2.3.1,cpu,7708,7708,8192,False,2023-09-08,standard predictions output (trained 0.5 quantile),0.5830033624952193,8,True,,
SPY,Chronos-2,2023-09-15,428.6487121582031,2023-09-18,1,428.9001159667969,423.775634765625,0.25140380859375,-4.873077392578125,1.0,-1.0,False,1.0555229830049382,4.854921478434449,3.500026650726795e-06,7713,expanding,amazon/chronos-2,29ec3766d36d6f73f0696f85560a422f50e8498c,2.3.1,cpu,7713,7713,8192,False,2023-09-15,standard predictions output (trained 0.5 quantile),0.5830033624952193,8,True,,
SPY,Chronos-2,2023-09-15,428.6487121582031,2023-09-22,5,416.1286926269531,424.15057373046875,-12.52001953125,-4.498138427734375,-1.0,-1.0,True,1.0555229830049382,7.599911354538545,3.500026650726795e-06,7713,expanding,amazon/chronos-2,29ec3766d36d6f73f0696f85560a422f50e8498c,2.3.1,cpu,7713,7713,8192,False,2023-09-15,standard predictions output (trained 0.5 quantile),0.5830033624952193,8,True,,
SPY,Chronos-2,2023-09-15,428.6487121582031,2023-10-13,20,417.1728210449219,423.5096740722656,-11.47589111328125,-5.1390380859375,-1.0,-1.0,True,1.0555229830049382,6.0035197048041,3.500026650726795e-06,7713,expanding,amazon/chronos-2,29ec3766d36d6f73f0696f85560a422f50e8498c,2.3.1,cpu,7713,7713,8192,False,2023-09-15,standard predictions output (trained 0.5 quantile),0.5830033624952193,8,True,,
SPY,Chronos-2,2023-09-22,416.1286926269531,2023-09-25,1,417.8786010742188,411.74462890625,1.7499084472656818,-4.384063720703125,1.0,-1.0,False,1.0565266388599872,5.805790353367221,3.500026650726795e-06,7718,expanding,amazon/chronos-2,29ec3766d36d6f73f0696f85560a422f50e8498c,2.3.1,cpu,7718,7718,8192,False,2023-09-22,standard predictions output (trained 0.5 quantile),0.5830033624952193,8,True,,
SPY,Chronos-2,2023-09-22,416.1286926269531,2023-09-29,5,413.2862548828125,412.1065673828125,-2.842437744140625,-4.022125244140625,-1.0,-1.0,True,1.0565266388599872,1.116571467874114,3.500026650726795e-06,7718,expanding,amazon/chronos-2,29ec3766d36d6f73f0696f85560a422f50e8498c,2.3.1,cpu,7718,7718,8192,False,2023-09-22,standard predictions output (trained 0.5 quantile),0.5830033624952193,8,True,,
SPY,Chronos-2,2023-09-22,416.1286926269531,2023-10-20,20,407.2052307128906,410.94830322265625,-8.9234619140625,-5.180389404296875,-1.0,-1.0,True,1.0565266388599872,3.5428094021410317,3.500026650726795e-06,7718,expanding,amazon/chronos-2,29ec3766d36d6f73f0696f85560a422f50e8498c,2.3.1,cpu,7718,7718,8192,False,2023-09-22,standard predictions output (trained 0.5 quantile),0.5830033624952193,8,True,,
SPY,Chronos-2,2023-09-29,413.2862548828125,2023-10-02,1,413.1219787597656,408.03594970703125,-0.164276123046875,-5.25030517578125,-1.0,-1.0,True,1.0573249081816893,4.810280182920271,3.400025889277458e-06,7723,expanding,amazon/chronos-2,29ec3766d36d6f73f0696f85560a422f50e8498c,2.3.1,cpu,7723,7723,8192,False,2023-09-29,standard predictions output (trained 0.5 quantile),0.5830033624952193,8,True,,
SPY,Chronos-2,2023-09-29,413.2862548828125,2023-10-06,5,415.2779235839844,408.29107666015625,1.991668701171875,-4.99517822265625,1.0,-1.0,False,1.0573249081816893,6.608041548783333,3.400025889277458e-06,7723,expanding,amazon/chronos-2,29ec3766d36d6f73f0696f85560a422f50e8498c,2.3.1,cpu,7723,7723,8192,False,2023-09-29,standard predictions output (trained 0.5 quantile),0.5830033624952193,8,True,,
SPY,Chronos-2,2023-09-29,413.2862548828125,2023-10-27,20,397.0441284179688,407.1285400390625,-16.242126464843693,-6.15771484375,-1.0,-1.0,True,1.0573249081816893,9.537665804578587,3.400025889277458e-06,7723,expanding,amazon/chronos-2,29ec3766d36d6f73f0696f85560a422f50e8498c,2.3.1,cpu,7723,7723,8192,False,2023-09-29,standard predictions output (trained 0.5 quantile),0.5830033624952193,8,True,,
SPY,Chronos-2,2023-10-06,415.2779235839844,2023-10-09,1,417.93658447265625,411.8575439453125,2.658660888671875,-3.420379638671875,1.0,-1.0,False,1.0584124385793754,5.743545999424547,3.3999094739556313e-06,7728,expanding,amazon/chronos-2,29ec3766d36d6f73f0696f85560a422f50e8498c,2.3.1,cpu,7728,7728,8192,False,2023-10-06,standard predictions output (trained 0.5 quantile),0.6158984749927185,8,True,,
SPY,Chronos-2,2023-10-06,415.2779235839844,2023-10-13,5,417.1728210449219,411.7541809082031,1.8948974609375,-3.52374267578125,1.0,-1.0,False,1.0584124385793754,5.119592267823089,3.3999094739556313e-06,7728,expanding,amazon/chronos-2,29ec3766d36d6f73f0696f85560a422f50e8498c,2.3.1,cpu,7728,7728,8192,False,2023-10-06,standard predictions output (trained 0.5 quantile),0.6158984749927185,8,True,,
SPY,Chronos-2,2023-10-06,415.2779235839844,2023-11-03,20,420.25689697265625,411.1954345703125,4.978973388671875,-4.082489013671875,1.0,-1.0,False,1.0584124385793754,8.561371798035788,3.3999094739556313e-06,7728,expanding,amazon/chronos-2,29ec3766d36d6f73f0696f85560a422f50e8498c,2.3.1,cpu,7728,7728,8192,False,2023-10-06,standard predictions output (trained 0.5 quantile),0.6158984749927185,8,True,,
SPY,Chronos-2,2023-10-13,417.1728210449219,2023-10-16,1,421.5620727539063,416.01531982421875,4.389251708984432,-1.157501220703125,1.0,-1.0,False,1.0591784554692176,5.236844557256725,3.8000289350748062e-06,7733,expanding,amazon/chronos-2,29ec3766d36d6f73f0696f85560a422f50e8498c,2.3.1,cpu,7733,7733,8192,False,2023-10-13,standard predictions output (trained 0.5 quantile),0.6158984749927185,8,True,,
SPY,Chronos-2,2023-10-13,417.1728210449219,2023-10-20,5,407.2052307128906,416.1363525390625,-9.96759033203125,-1.036468505859375,-1.0,-1.0,True,1.0591784554692176,8.432121877153717,3.8000289350748062e-06,7733,expanding,amazon/chronos-2,29ec3766d36d6f73f0696f85560a422f50e8498c,2.3.1,cpu,7733,7733,8192,False,2023-10-13,standard predictions output (trained 0.5 quantile),0.6158984749927185,8,True,,
SPY,Chronos-2,2023-10-13,417.1728210449219,2023-11-10,20,425.9802856445313,416.8277587890625,8.807464599609432,-0.345062255859375,1.0,-1.0,False,1.0591784554692176,8.6411565569602,3.8000289350748062e-06,7733,expanding,amazon/chronos-2,29ec3766d36d6f73f0696f85560a422f50e8498c,2.3.1,cpu,7733,7733,8192,False,2023-10-13,standard predictions output (trained 0.5 quantile),0.6158984749927185,8,True,,
SPY,Chronos-2,2023-10-20,407.2052307128906,2023-10-23,1,406.4993591308594,406.00970458984375,-0.70587158203125,-1.195526123046875,-1.0,-1.0,True,1.06091688140597,0.46153902308229366,3.600027412176132e-06,7738,expanding,amazon/chronos-2,29ec3766d36d6f73f0696f85560a422f50e8498c,2.3.1,cpu,7738,7738,8192,False,2023-10-20,standard predictions output (trained 0.5 quantile),0.6158984749927185,8,True,,
SPY,Chronos-2,2023-10-20,407.2052307128906,2023-10-27,5,397.0441284179688,406.2232666015625,-10.161102294921818,-0.981964111328125,-1.0,-1.0,True,1.06091688140597,8.652080426346998,3.600027412176132e-06,7738,expanding,amazon/chronos-2,29ec3766d36d6f73f0696f85560a422f50e8498c,2.3.1,cpu,7738,7738,8192,False,2023-10-20,standard predictions output (trained 0.5 quantile),0.6158984749927185,8,True,,
SPY,Chronos-2,2023-10-20,407.2052307128906,2023-11-17,20,435.8223571777344,405.72802734375,28.61712646484375,-1.477203369140625,1.0,-1.0,False,1.06091688140597,28.366340814656613,3.600027412176132e-06,7738,expanding,amazon/chronos-2,29ec3766d36d6f73f0696f85560a422f50e8498c,2.3.1,cpu,7738,7738,8192,False,2023-10-20,standard predictions output (trained 0.5 quantile),0.6158984749927185,8,True,,
SPY,Chronos-2,2023-10-27,397.0441284179688,2023-10-30,1,401.7911071777344,393.76910400390625,4.746978759765568,-3.275024414062557,1.0,-1.0,False,1.062335906919353,7.5512868590604025,3.500026650726795e-06,7743,expanding,amazon/chronos-2,29ec3766d36d6f73f0696f85560a422f50e8498c,2.3.1,cpu,7743,7743,8192,False,2023-10-27,standard predictions output (trained 0.5 quantile),0.6158984749927185,8,True,,
SPY,Chronos-2,2023-10-27,397.0441284179688,2023-11-03,5,420.25689697265625,393.59075927734375,23.212768554687443,-3.453369140625057,1.0,-1.0,False,1.062335906919353,25.10141803701346,3.500026650726795e-06,7743,expanding,amazon/chronos-2,29ec3766d36d6f73f0696f85560a422f50e8498c,2.3.1,cpu,7743,7743,8192,False,2023-10-27,standard predictions output (trained 0.5 quantile),0.6158984749927185,8,True,,
SPY,Chronos-2,2023-10-27,397.0441284179688,2023-11-27,20,439.389892578125,392.1124267578125,42.34576416015619,-4.931701660156307,1.0,-1.0,False,1.062335906919353,44.50331153487176,3.500026650726795e-06,7743,expanding,amazon/chronos-2,29ec3766d36d6f73f0696f85560a422f50e8498c,2.3.1,cpu,7743,7743,8192,False,2023-10-27,standard predictions output (trained 0.5 quantile),0.6158984749927185,8,True,,
SPY,Chronos-2,2023-11-03,420.25689697265625,2023-11-06,1,421.22369384765625,419.93994140625,0.966796875,-0.31695556640625,1.0,-1.0,False,1.064646619326748,1.2058014538364459,3.700028173625469e-06,7748,expanding,amazon/chronos-2,29ec3766d36d6f73f0696f85560a422f50e8498c,2.3.1,cpu,7748,7748,8192,False,2023-11-03,standard predictions output (trained 0.5 quantile),0.6158984749927185,8,True,,
SPY,Chronos-2,2023-11-03,420.25689697265625,2023-11-10,5,425.9802856445313,420.861572265625,5.723388671875057,0.60467529296875,1.0,1.0,True,1.064646619326748,4.807898964769394,3.700028173625469e-06,7748,expanding,amazon/chronos-2,29ec3766d36d6f73f0696f85560a422f50e8498c,2.3.1,cpu,7748,7748,8192,False,2023-11-03,standard predictions output (trained 0.5 quantile),0.6158984749927185,8,True,,
SPY,Chronos-2,2023-11-03,420.25689697265625,2023-12-04,20,441.5264587402344,421.72760009765625,21.269561767578125,1.470703125,1.0,1.0,True,1.064646619326748,18.596648205296848,3.700028173625469e-06,7748,expanding,amazon/chronos-2,29ec3766d36d6f73f0696f85560a422f50e8498c,2.3.1,cpu,7748,7748,8192,False,2023-11-03,standard predictions output (trained 0.5 quantile),0.6158984749927185,8,True,,
SPY,Chronos-2,2023-11-10,425.9802856445313,2023-11-13,1,425.5743408203125,423.7260437011719,-0.40594482421880684,-2.254241943359432,-1.0,-1.0,True,1.065548802307885,1.7345964024710798,3.8000289350748062e-06,7753,expanding,amazon/chronos-2,29ec3766d36d6f73f0696f85560a422f50e8498c,2.3.1,cpu,7753,7753,8192,False,2023-11-10,standard predictions output (trained 0.5 quantile),0.6158984749927185,8,True,,
SPY,Chronos-2,2023-11-10,425.9802856445313,2023-11-17,5,435.8223571777344,423.6819763183594,9.842071533203068,-2.298309326171932,1.0,-1.0,False,1.065548802307885,11.393547468759763,3.8000289350748062e-06,7753,expanding,amazon/chronos-2,29ec3766d36d6f73f0696f85560a422f50e8498c,2.3.1,cpu,7753,7753,8192,False,2023-11-10,standard predictions output (trained 0.5 quantile),0.6158984749927185,8,True,,
SPY,Chronos-2,2023-11-10,425.9802856445313,2023-12-11,20,446.6504211425781,424.25537109375,20.670135498046818,-1.7249145507813068,1.0,-1.0,False,1.065548802307885,21.017385595406253,3.8000289350748062e-06,7753,expanding,amazon/chronos-2,29ec3766d36d6f73f0696f85560a422f50e8498c,2.3.1,cpu,7753,7753,8192,False,2023-11-10,standard predictions output (trained 0.5 quantile),0.6158984749927185,8,True,,
SPY,Chronos-2,2023-11-17,435.8223571777344,2023-11-20,1,439.1771240234375,432.5089111328125,3.354766845703125,-3.313446044921875,1.0,-1.0,False,1.066235435951059,6.253977935630227,3.6999117583036423e-06,7758,expanding,amazon/chronos-2,29ec3766d36d6f73f0696f85560a422f50e8498c,2.3.1,cpu,7758,7758,8192,False,2023-11-17,standard predictions output (trained 0.5 quantile),0.6158984749927185,8,True,,
SPY,Chronos-2,2023-11-17,435.8223571777344,2023-11-27,5,439.389892578125,432.55841064453125,3.567535400390625,-3.263946533203125,1.0,-1.0,False,1.066235435951059,6.407104569264494,3.6999117583036423e-06,7758,expanding,amazon/chronos-2,29ec3766d36d6f73f0696f85560a422f50e8498c,2.3.1,cpu,7758,7758,8192,False,2023-11-17,standard predictions output (trained 0.5 quantile),0.6158984749927185,8,True,,
SPY,Chronos-2,2023-11-17,435.8223571777344,2023-12-18,20,458.1491088867188,433.2920227050781,22.326751708984432,-2.53033447265625,1.0,-1.0,False,1.066235435951059,23.31294322390317,3.6999117583036423e-06,7758,expanding,amazon/chronos-2,29ec3766d36d6f73f0696f85560a422f50e8498c,2.3.1,cpu,7758,7758,8192,False,2023-11-17,standard predictions output (trained 0.5 quantile),0.6158984749927185,8,True,,
SPY,Chronos-2,2023-11-27,439.389892578125,2023-11-28,1,439.8248291015625,435.98486328125,0.4349365234375,-3.405029296875,1.0,-1.0,False,1.0664590964824754,3.6006686360292117,3.8000289350748062e-06,7763,expanding,amazon/chronos-2,29ec3766d36d6f73f0696f85560a422f50e8498c,2.3.1,cpu,7763,7763,8192,False,2023-11-27,standard predictions output (trained 0.5 quantile),0.6158984749927185,8,True,,
SPY,Chronos-2,2023-11-27,439.389892578125,2023-12-04,5,441.5264587402344,436.2615966796875,2.136566162109375,-3.1282958984375,1.0,-1.0,False,1.0664590964824754,4.936768862408395,3.8000289350748062e-06,7763,expanding,amazon/chronos-2,29ec3766d36d6f73f0696f85560a422f50e8498c,2.3.1,cpu,7763,7763,8192,False,2023-11-27,standard predictions output (trained 0.5 quantile),0.6158984749927185,8,True,,
SPY,Chronos-2,2023-11-27,439.389892578125,2023-12-26,20,461.7213745117188,437.1700744628906,22.331481933593807,-2.219818115234375,1.0,-1.0,False,1.0664590964824754,23.021323677397714,3.8000289350748062e-06,7763,expanding,amazon/chronos-2,29ec3766d36d6f73f0696f85560a422f50e8498c,2.3.1,cpu,7763,7763,8192,False,2023-11-27,standard predictions output (trained 0.5 quantile),0.6158984749927185,8,True,,
SPY,Chronos-2,2023-12-04,441.5264587402344,2023-12-05,1,441.43939208984375,435.64166259765625,-0.087066650390625,-5.884796142578125,-1.0,-1.0,True,1.066727269028887,5.435062607395009,3.500026650726795e-06,7768,expanding,amazon/chronos-2,29ec3766d36d6f73f0696f85560a422f50e8498c,2.3.1,cpu,7768,7768,8192,False,2023-12-04,standard predictions output (trained 0.5 quantile),0.5944541625067359,8,True,,
SPY,Chronos-2,2023-12-04,441.5264587402344,2023-12-11,5,446.6504211425781,435.6459655761719,5.12396240234375,-5.8804931640625,1.0,-1.0,False,1.066727269028887,10.316090987740795,3.500026650726795e-06,7768,expanding,amazon/chronos-2,29ec3766d36d6f73f0696f85560a422f50e8498c,2.3.1,cpu,7768,7768,8192,False,2023-12-04,standard predictions output (trained 0.5 quantile),0.5944541625067359,8,True,,
SPY,Chronos-2,2023-12-04,441.5264587402344,2024-01-03,20,455.062255859375,437.380615234375,13.535797119140625,-4.145843505859375,1.0,-1.0,False,1.066727269028887,16.575596348161962,3.500026650726795e-06,7768,expanding,amazon/chronos-2,29ec3766d36d6f73f0696f85560a422f50e8498c,2.3.1,cpu,7768,7768,8192,False,2023-12-04,standard predictions output (trained 0.5 quantile),0.5944541625067359,8,True,,
SPY,Chronos-2,2023-12-11,446.6504211425781,2023-12-12,1,448.69036865234375,441.2709655761719,2.039947509765625,-5.37945556640625,1.0,-1.0,False,1.0671804597926278,6.952341572683591,3.00002284348011e-06,7773,expanding,amazon/chronos-2,29ec3766d36d6f73f0696f85560a422f50e8498c,2.3.1,cpu,7773,7773,8192,False,2023-12-11,standard predictions output (trained 0.5 quantile),0.5944541625067359,8,True,,
SPY,Chronos-2,2023-12-11,446.6504211425781,2023-12-18,5,458.1491088867188,441.2681884765625,11.498687744140682,-5.382232666015625,1.0,-1.0,False,1.0671804597926278,15.818243536277427,3.00002284348011e-06,7773,expanding,amazon/chronos-2,29ec3766d36d6f73f0696f85560a422f50e8498c,2.3.1,cpu,7773,7773,8192,False,2023-12-11,standard predictions output (trained 0.5 quantile),0.5944541625067359,8,True,,
SPY,Chronos-2,2023-12-11,446.6504211425781,2024-01-10,20,462.6047058105469,442.29833984375,15.95428466796875,-4.352081298828125,1.0,-1.0,False,1.0671804597926278,19.028052641389973,3.00002284348011e-06,7773,expanding,amazon/chronos-2,29ec3766d36d6f73f0696f85560a422f50e8498c,2.3.1,cpu,7773,7773,8192,False,2023-12-11,standard predictions output (trained 0.5 quantile),0.5944541625067359,8,True,,
SPY,Chronos-2,2023-12-18,458.1491088867188,2023-12-19,1,460.9350280761719,453.60589599609375,2.785919189453068,-4.543212890625057,1.0,-1.0,False,1.068166126762823,6.8614159318923,3.200024366378784e-06,7778,expanding,amazon/chronos-2,29ec3766d36d6f73f0696f85560a422f50e8498c,2.3.1,cpu,7778,7778,8192,False,2023-12-18,standard predictions output (trained 0.5 quantile),0.5944541625067359,8,True,,
SPY,Chronos-2,2023-12-18,458.1491088867188,2023-12-26,5,461.7213745117188,454.1400146484375,3.572265625,-4.009094238281307,1.0,-1.0,False,1.068166126762823,7.097547538094401,3.200024366378784e-06,7778,expanding,amazon/chronos-2,29ec3766d36d6f73f0696f85560a422f50e8498c,2.3.1,cpu,7778,7778,8192,False,2023-12-18,standard predictions output (trained 0.5 quantile),0.5944541625067359,8,True,,
SPY,Chronos-2,2023-12-18,458.1491088867188,2024-01-18,20,462.5367736816406,456.82159423828125,4.387664794921818,-1.3275146484375568,1.0,-1.0,False,1.068166126762823,5.350459352872159,3.200024366378784e-06,7778,expanding,amazon/chronos-2,29ec3766d36d6f73f0696f85560a422f50e8498c,2.3.1,cpu,7778,7778,8192,False,2023-12-18,standard predictions output (trained 0.5 quantile),0.5944541625067359,8,True,,
SPY,Chronos-2,2023-12-26,461.7213745117188,2023-12-27,1,462.5562133789063,455.7655029296875,0.8348388671875,-5.955871582031307,1.0,-1.0,False,1.069580404594851,6.348948073512133,3.0999071896076202e-06,7783,expanding,amazon/chronos-2,29ec3766d36d6f73f0696f85560a422f50e8498c,2.3.1,cpu,7783,7783,8192,False,2023-12-26,standard predictions output (trained 0.5 quantile),0.5944541625067359,8,True,,
SPY,Chronos-2,2023-12-26,461.7213745117188,2024-01-03,5,455.062255859375,456.74871826171875,-6.659118652343807,-4.972656250000057,-1.0,-1.0,True,1.069580404594851,1.5767514018570388,3.0999071896076202e-06,7783,expanding,amazon/chronos-2,29ec3766d36d6f73f0696f85560a422f50e8498c,2.3.1,cpu,7783,7783,8192,False,2023-12-26,standard predictions output (trained 0.5 quantile),0.5944541625067359,8,True,,
SPY,Chronos-2,2023-12-26,461.7213745117188,2024-01-25,20,473.7388000488281,459.276123046875,12.017425537109318,-2.445251464843807,1.0,-1.0,False,1.069580404594851,13.52182308110953,3.0999071896076202e-06,7783,expanding,amazon/chronos-2,29ec3766d36d6f73f0696f85560a422f50e8498c,2.3.1,cpu,7783,7783,8192,False,2023-12-26,standard predictions output (trained 0.5 quantile),0.5944541625067359,8,True,,
SPY,Chronos-2,2024-01-03,455.062255859375,2024-01-04,1,453.5964660644531,452.2638244628906,-1.465789794921875,-2.798431396484375,-1.0,-1.0,True,1.0700080737354853,1.245450043110553,3.400025889277458e-06,7788,expanding,amazon/chronos-2,29ec3766d36d6f73f0696f85560a422f50e8498c,2.3.1,cpu,7788,7788,8192,False,2024-01-03,standard predictions output (trained 0.5 quantile),0.5944541625067359,8,True,,
SPY,Chronos-2,2024-01-03,455.062255859375,2024-01-10,5,462.6047058105469,452.5112609863281,7.542449951171875,-2.550994873046875,1.0,-1.0,False,1.0700080737354853,9.433054826382488,3.400025889277458e-06,7788,expanding,amazon/chronos-2,29ec3766d36d6f73f0696f85560a422f50e8498c,2.3.1,cpu,7788,7788,8192,False,2024-01-03,standard predictions output (trained 0.5 quantile),0.5944541625067359,8,True,,
SPY,Chronos-2,2024-01-03,455.062255859375,2024-02-01,20,474.8745422363281,454.14849853515625,19.812286376953125,-0.91375732421875,1.0,-1.0,False,1.0700080737354853,19.369988143001173,3.400025889277458e-06,7788,expanding,amazon/chronos-2,29ec3766d36d6f73f0696f85560a422f50e8498c,2.3.1,cpu,7788,7788,8192,False,2024-01-03,standard predictions output (trained 0.5 quantile),0.5944541625067359,8,True,,
SPY,Chronos-2,2024-01-10,462.6047058105469,2024-01-11,1,462.4008483886719,457.7527160644531,-0.203857421875,-4.85198974609375,-1.0,-1.0,True,1.0708450468169104,4.340620837753637,4.800036549568176e-06,7793,expanding,amazon/chronos-2,29ec3766d36d6f73f0696f85560a422f50e8498c,2.3.1,cpu,7793,7793,8192,False,2024-01-10,standard predictions output (trained 0.5 quantile),0.5944541625067359,8,True,,
SPY,Chronos-2,2024-01-10,462.6047058105469,2024-01-18,5,462.5367736816406,457.9028015136719,-0.06793212890625,-4.701904296875,-1.0,-1.0,True,1.0708450468169104,4.327397490181464,4.800036549568176e-06,7793,expanding,amazon/chronos-2,29ec3766d36d6f73f0696f85560a422f50e8498c,2.3.1,cpu,7793,7793,8192,False,2024-01-10,standard predictions output (trained 0.5 quantile),0.5944541625067359,8,True,,
SPY,Chronos-2,2024-01-10,462.6047058105469,2024-02-08,20,483.72747802734375,459.56927490234375,21.122772216796875,-3.035430908203125,1.0,-1.0,False,1.0708450468169104,22.559942913132314,4.800036549568176e-06,7793,expanding,amazon/chronos-2,29ec3766d36d6f73f0696f85560a422f50e8498c,2.3.1,cpu,7793,7793,8192,False,2024-01-10,standard predictions output (trained 0.5 quantile),0.5944541625067359,8,True,,
SPY,Chronos-2,2024-01-18,462.5367736816406,2024-01-19,1,468.30279541015625,458.7043762207031,5.766021728515625,-3.8323974609375,1.0,-1.0,False,1.071295020609953,8.959641373100162,3.2999087125062943e-06,7798,expanding,amazon/chronos-2,29ec3766d36d6f73f0696f85560a422f50e8498c,2.3.1,cpu,7798,7798,8192,False,2024-01-18,standard predictions output (trained 0.5 quantile),0.5944541625067359,8,True,,
SPY,Chronos-2,2024-01-18,462.5367736816406,2024-01-25,5,473.7388000488281,459.4047546386719,11.2020263671875,-3.13201904296875,1.0,-1.0,False,1.071295020609953,13.380110179168957,3.2999087125062943e-06,7798,expanding,amazon/chronos-2,29ec3766d36d6f73f0696f85560a422f50e8498c,2.3.1,cpu,7798,7798,8192,False,2024-01-18,standard predictions output (trained 0.5 quantile),0.5944541625067359,8,True,,
SPY,Chronos-2,2024-01-18,462.5367736816406,2024-02-15,20,487.3094482421875,459.5790100097656,24.772674560546875,-2.957763671875,1.0,-1.0,False,1.071295020609953,25.884968845120984,3.2999087125062943e-06,7798,expanding,amazon/chronos-2,29ec3766d36d6f73f0696f85560a422f50e8498c,2.3.1,cpu,7798,7798,8192,False,2024-01-18,standard predictions output (trained 0.5 quantile),0.5944541625067359,8,True,,
SPY,Chronos-2,2024-01-25,473.7388000488281,2024-01-26,1,473.1369934082031,470.48040771484375,-0.601806640625,-3.258392333984375,-1.0,-1.0,True,1.0720442581470122,2.478055988053313,3.100023604929447e-06,7803,expanding,amazon/chronos-2,29ec3766d36d6f73f0696f85560a422f50e8498c,2.3.1,cpu,7803,7803,8192,False,2024-01-25,standard predictions output (trained 0.5 quantile),0.5944541625067359,8,True,,
SPY,Chronos-2,2024-01-25,473.7388000488281,2024-02-01,5,474.8745422363281,471.4949951171875,1.1357421875,-2.243804931640625,1.0,-1.0,False,1.0720442581470122,3.1524324611206294,3.100023604929447e-06,7803,expanding,amazon/chronos-2,29ec3766d36d6f73f0696f85560a422f50e8498c,2.3.1,cpu,7803,7803,8192,False,2024-01-25,standard predictions output (trained 0.5 quantile),0.5944541625067359,8,True,,
SPY,Chronos-2,2024-01-25,473.7388000488281,2024-02-23,20,492.9784240722656,473.97332763671875,19.2396240234375,0.234527587890625,1.0,1.0,True,1.0720442581470122,17.72790282781465,3.100023604929447e-06,7803,expanding,amazon/chronos-2,29ec3766d36d6f73f0696f85560a422f50e8498c,2.3.1,cpu,7803,7803,8192,False,2024-01-25,standard predictions output (trained 0.5 quantile),0.5944541625067359,8,True,,
SPY,Chronos-2,2024-02-01,474.8745422363281,2024-02-02,1,479.873779296875,470.78778076171875,4.999237060546875,-4.086761474609375,1.0,-1.0,False,1.0737437212438183,8.461980596851438,3.100023604929447e-06,7808,expanding,amazon/chronos-2,29ec3766d36d6f73f0696f85560a422f50e8498c,2.3.1,cpu,7808,7808,8192,False,2024-02-01,standard predictions output (trained 0.5 quantile),0.5820118874980835,8,True,,
SPY,Chronos-2,2024-02-01,474.8745422363281,2024-02-08,5,483.72747802734375,471.921875,8.852935791015625,-2.952667236328125,1.0,-1.0,False,1.0737437212438183,10.994805179087063,3.100023604929447e-06,7808,expanding,amazon/chronos-2,29ec3766d36d6f73f0696f85560a422f50e8498c,2.3.1,cpu,7808,7808,8192,False,2024-02-01,standard predictions output (trained 0.5 quantile),0.5820118874980835,8,True,,
SPY,Chronos-2,2024-02-01,474.8745422363281,2024-03-01,20,497.8320007324219,473.2808837890625,22.95745849609375,-1.593658447265625,1.0,-1.0,False,1.0737437212438183,22.86496904020962,3.100023604929447e-06,7808,expanding,amazon/chronos-2,29ec3766d36d6f73f0696f85560a422f50e8498c,2.3.1,cpu,7808,7808,8192,False,2024-02-01,standard predictions output (trained 0.5 quantile),0.5820118874980835,8,True,,
SPY,Chronos-2,2024-02-08,483.72747802734375,2024-02-09,1,486.523193359375,477.80853271484375,2.79571533203125,-5.9189453125,1.0,-1.0,False,1.0746370707178388,8.109398867759149,3.700028173625469e-06,7813,expanding,amazon/chronos-2,29ec3766d36d6f73f0696f85560a422f50e8498c,2.3.1,cpu,7813,7813,8192,False,2024-02-08,standard predictions output (trained 0.5 quantile),0.5820118874980835,8,True,,
SPY,Chronos-2,2024-02-08,483.72747802734375,2024-02-15,5,487.3094482421875,478.013671875,3.58197021484375,-5.71380615234375,1.0,-1.0,False,1.0746370707178388,8.650154196689012,3.700028173625469e-06,7813,expanding,amazon/chronos-2,29ec3766d36d6f73f0696f85560a422f50e8498c,2.3.1,cpu,7813,7813,8192,False,2024-02-08,standard predictions output (trained 0.5 quantile),0.5820118874980835,8,True,,
SPY,Chronos-2,2024-02-08,483.72747802734375,2024-03-08,20,496.7351379394531,477.5159912109375,13.007659912109375,-6.21148681640625,1.0,-1.0,False,1.0746370707178388,17.88431392533069,3.700028173625469e-06,7813,expanding,amazon/chronos-2,29ec3766d36d6f73f0696f85560a422f50e8498c,2.3.1,cpu,7813,7813,8192,False,2024-02-08,standard predictions output (trained 0.5 quantile),0.5820118874980835,8,True,,
SPY,Chronos-2,2024-02-15,487.3094482421875,2024-02-16,1,484.8826599121094,482.85321044921875,-2.426788330078125,-4.45623779296875,-1.0,-1.0,True,1.0761762523614526,1.8857965490665731,3.200024366378784e-06,7818,expanding,amazon/chronos-2,29ec3766d36d6f73f0696f85560a422f50e8498c,2.3.1,cpu,7818,7818,8192,False,2024-02-15,standard predictions output (trained 0.5 quantile),0.5820118874980835,8,True,,
SPY,Chronos-2,2024-02-15,487.3094482421875,2024-02-23,5,492.9784240722656,483.701416015625,5.668975830078125,-3.6080322265625,1.0,-1.0,False,1.0761762523614526,8.620342658820146,3.200024366378784e-06,7818,expanding,amazon/chronos-2,29ec3766d36d6f73f0696f85560a422f50e8498c,2.3.1,cpu,7818,7818,8192,False,2024-02-15,standard predictions output (trained 0.5 quantile),0.5820118874980835,8,True,,
SPY,Chronos-2,2024-02-15,487.3094482421875,2024-03-15,20,496.4381713867188,485.0106201171875,9.128723144531307,-2.298828125,1.0,-1.0,False,1.0761762523614526,10.618661436224635,3.200024366378784e-06,7818,expanding,amazon/chronos-2,29ec3766d36d6f73f0696f85560a422f50e8498c,2.3.1,cpu,7818,7818,8192,False,2024-02-15,standard predictions output (trained 0.5 quantile),0.5820118874980835,8,True,,
SPY,Chronos-2,2024-02-23,492.9784240722656,2024-02-26,1,491.1728515625,487.1380615234375,-1.805572509765625,-5.840362548828125,-1.0,-1.0,True,1.0775161319850688,3.7445286611434327,2.9999064281582832e-06,7823,expanding,amazon/chronos-2,29ec3766d36d6f73f0696f85560a422f50e8498c,2.3.1,cpu,7823,7823,8192,False,2024-02-23,standard predictions output (trained 0.5 quantile),0.5820118874980835,8,True,,
SPY,Chronos-2,2024-02-23,492.9784240722656,2024-03-01,5,497.8320007324219,487.3050537109375,4.85357666015625,-5.673370361328125,1.0,-1.0,False,1.0775161319850688,9.76964215105621,2.9999064281582832e-06,7823,expanding,amazon/chronos-2,29ec3766d36d6f73f0696f85560a422f50e8498c,2.3.1,cpu,7823,7823,8192,False,2024-02-23,standard predictions output (trained 0.5 quantile),0.5820118874980835,8,True,,
SPY,Chronos-2,2024-02-23,492.9784240722656,2024-03-22,20,507.5191955566406,486.7555236816406,14.540771484375,-6.222900390625,1.0,-1.0,False,1.0775161319850688,19.269940614947306,2.9999064281582832e-06,7823,expanding,amazon/chronos-2,29ec3766d36d6f73f0696f85560a422f50e8498c,2.3.1,cpu,7823,7823,8192,False,2024-02-23,standard predictions output (trained 0.5 quantile),0.5820118874980835,8,True,,
SPY,Chronos-2,2024-03-01,497.8320007324219,2024-03-04,1,497.2981262207031,492.0143737792969,-0.53387451171875,-5.817626953125,-1.0,-1.0,True,1.0780754601100984,4.901097035328721,3.300025127828121e-06,7828,expanding,amazon/chronos-2,29ec3766d36d6f73f0696f85560a422f50e8498c,2.3.1,cpu,7828,7828,8192,False,2024-03-01,standard predictions output (trained 0.5 quantile),0.5820118874980835,8,True,,
SPY,Chronos-2,2024-03-01,497.8320007324219,2024-03-08,5,496.7351379394531,492.47894287109375,-1.09686279296875,-5.353057861328125,-1.0,-1.0,True,1.0780754601100984,3.947956544641793,3.300025127828121e-06,7828,expanding,amazon/chronos-2,29ec3766d36d6f73f0696f85560a422f50e8498c,2.3.1,cpu,7828,7828,8192,False,2024-03-01,standard predictions output (trained 0.5 quantile),0.5820118874980835,8,True,,
SPY,Chronos-2,2024-03-01,497.8320007324219,2024-04-01,20,508.4441223144531,491.36224365234375,10.61212158203125,-6.469757080078125,1.0,-1.0,False,1.0780754601100984,15.844789436506504,3.300025127828121e-06,7828,expanding,amazon/chronos-2,29ec3766d36d6f73f0696f85560a422f50e8498c,2.3.1,cpu,7828,7828,8192,False,2024-03-01,standard predictions output (trained 0.5 quantile),0.5820118874980835,8,True,,
SPY,Chronos-2,2024-03-08,496.7351379394531,2024-03-11,1,496.3080139160156,493.1266784667969,-0.4271240234375,-3.60845947265625,-1.0,-1.0,True,1.0794186236544212,2.9472675192949636,3.500026650726795e-06,7833,expanding,amazon/chronos-2,29ec3766d36d6f73f0696f85560a422f50e8498c,2.3.1,cpu,7833,7833,8192,False,2024-03-08,standard predictions output (trained 0.5 quantile),0.5820118874980835,8,True,,
SPY,Chronos-2,2024-03-08,496.7351379394531,2024-03-15,5,496.4381713867188,493.5741271972656,-0.29696655273431816,-3.1610107421875,-1.0,-1.0,True,1.0794186236544212,2.6533210810805072,3.500026650726795e-06,7833,expanding,amazon/chronos-2,29ec3766d36d6f73f0696f85560a422f50e8498c,2.3.1,cpu,7833,7833,8192,False,2024-03-08,standard predictions output (trained 0.5 quantile),0.5820118874980835,8,True,,
SPY,Chronos-2,2024-03-08,496.7351379394531,2024-04-08,20,505.0946350097656,491.75714111328125,8.3594970703125,-4.977996826171875,1.0,-1.0,False,1.0794186236544212,12.356182860111936,3.500026650726795e-06,7833,expanding,amazon/chronos-2,29ec3766d36d6f73f0696f85560a422f50e8498c,2.3.1,cpu,7833,7833,8192,False,2024-03-08,standard predictions output (trained 0.5 quantile),0.5820118874980835,8,True,,
SPY,Chronos-2,2024-03-15,496.4381713867188,2024-03-18,1,499.3885192871094,494.35223388671875,2.950347900390568,-2.085937500000057,1.0,-1.0,False,1.0801303255568664,4.662664570401858,3.500026650726795e-06,7838,expanding,amazon/chronos-2,29ec3766d36d6f73f0696f85560a422f50e8498c,2.3.1,cpu,7838,7838,8192,False,2024-03-15,standard predictions output (trained 0.5 quantile),0.5820118874980835,8,True,,
SPY,Chronos-2,2024-03-15,496.4381713867188,2024-03-22,5,507.5191955566406,495.14324951171875,11.081024169921818,-1.2949218750000568,1.0,-1.0,False,1.0801303255568664,11.457826664149437,3.500026650726795e-06,7838,expanding,amazon/chronos-2,29ec3766d36d6f73f0696f85560a422f50e8498c,2.3.1,cpu,7838,7838,8192,False,2024-03-15,standard predictions output (trained 0.5 quantile),0.5820118874980835,8,True,,
SPY,Chronos-2,2024-03-15,496.4381713867188,2024-04-15,20,491.199462890625,497.23187255859375,-5.238708496093807,0.7937011718749432,-1.0,1.0,False,1.0801303255568664,5.584890568514232,3.500026650726795e-06,7838,expanding,amazon/chronos-2,29ec3766d36d6f73f0696f85560a422f50e8498c,2.3.1,cpu,7838,7838,8192,False,2024-03-15,standard predictions output (trained 0.5 quantile),0.5820118874980835,8,True,,
SPY,Chronos-2,2024-03-22,507.5191955566406,2024-03-25,1,506.1170043945313,501.7486877441406,-1.4021911621093182,-5.7705078125,-1.0,-1.0,True,1.081100523213409,4.0406202352085785,3.200024366378784e-06,7843,expanding,amazon/chronos-2,29ec3766d36d6f73f0696f85560a422f50e8498c,2.3.1,cpu,7843,7843,8192,False,2024-03-22,standard predictions output (trained 0.5 quantile),0.5820118874980835,8,True,,
SPY,Chronos-2,2024-03-22,507.5191955566406,2024-04-01,5,508.4441223144531,502.8516845703125,0.9249267578125,-4.667510986328125,1.0,-1.0,False,1.081100523213409,5.172911883825515,3.200024366378784e-06,7843,expanding,amazon/chronos-2,29ec3766d36d6f73f0696f85560a422f50e8498c,2.3.1,cpu,7843,7843,8192,False,2024-03-22,standard predictions output (trained 0.5 quantile),0.5820118874980835,8,True,,
SPY,Chronos-2,2024-03-22,507.5191955566406,2024-04-22,20,486.5936584472656,505.5082092285156,-20.925537109375,-2.010986328125,-1.0,-1.0,True,1.081100523213409,17.49564483146242,3.200024366378784e-06,7843,expanding,amazon/chronos-2,29ec3766d36d6f73f0696f85560a422f50e8498c,2.3.1,cpu,7843,7843,8192,False,2024-03-22,standard predictions output (trained 0.5 quantile),0.5820118874980835,8,True,,
SPY,Chronos-2,2024-04-01,508.4441223144531,2024-04-02,1,505.2114868164063,504.65020751953125,-3.232635498046818,-3.793914794921875,-1.0,-1.0,True,1.081375848355226,0.5190418278055343,5.499925464391708e-06,7848,expanding,amazon/chronos-2,29ec3766d36d6f73f0696f85560a422f50e8498c,2.3.1,cpu,7848,7848,8192,False,2024-04-01,standard predictions output (trained 0.5 quantile),0.6132456500054104,8,True,,
SPY,Chronos-2,2024-04-01,508.4441223144531,2024-04-08,5,505.0946350097656,505.6690673828125,-3.3494873046875,-2.775054931640625,-1.0,-1.0,True,1.081375848355226,0.5312051068281092,5.499925464391708e-06,7848,expanding,amazon/chronos-2,29ec3766d36d6f73f0696f85560a422f50e8498c,2.3.1,cpu,7848,7848,8192,False,2024-04-01,standard predictions output (trained 0.5 quantile),0.6132456500054104,8,True,,
SPY,Chronos-2,2024-04-01,508.4441223144531,2024-04-29,20,496.662109375,507.4599609375,-11.782012939453125,-0.984161376953125,-1.0,-1.0,True,1.081375848355226,9.985290108821596,5.499925464391708e-06,7848,expanding,amazon/chronos-2,29ec3766d36d6f73f0696f85560a422f50e8498c,2.3.1,cpu,7848,7848,8192,False,2024-04-01,standard predictions output (trained 0.5 quantile),0.6132456500054104,8,True,,
SPY,Chronos-2,2024-04-08,505.0946350097656,2024-04-09,1,505.6788635253906,501.7878112792969,0.584228515625,-3.30682373046875,1.0,-1.0,False,1.082656503756072,3.5939859342224243,5.500041879713535e-06,7853,expanding,amazon/chronos-2,29ec3766d36d6f73f0696f85560a422f50e8498c,2.3.1,cpu,7853,7853,8192,False,2024-04-08,standard predictions output (trained 0.5 quantile),0.6132456500054104,8,True,,
SPY,Chronos-2,2024-04-08,505.0946350097656,2024-04-15,5,491.199462890625,502.5547790527344,-13.895172119140625,-2.53985595703125,-1.0,-1.0,True,1.082656503756072,10.488383086153597,5.500041879713535e-06,7853,expanding,amazon/chronos-2,29ec3766d36d6f73f0696f85560a422f50e8498c,2.3.1,cpu,7853,7853,8192,False,2024-04-08,standard predictions output (trained 0.5 quantile),0.6132456500054104,8,True,,
SPY,Chronos-2,2024-04-08,505.0946350097656,2024-05-06,20,503.0010681152344,503.2521057128906,-2.09356689453125,-1.842529296875,-1.0,-1.0,True,1.082656503756072,0.23187187883259605,5.500041879713535e-06,7853,expanding,amazon/chronos-2,29ec3766d36d6f73f0696f85560a422f50e8498c,2.3.1,cpu,7853,7853,8192,False,2024-04-08,standard predictions output (trained 0.5 quantile),0.6132456500054104,8,True,,
SPY,Chronos-2,2024-04-15,491.199462890625,2024-04-16,1,490.3036193847656,492.1904602050781,-0.895843505859375,0.990997314453125,-1.0,1.0,False,1.0848464538566456,1.739269934104271,3.300025127828121e-06,7858,expanding,amazon/chronos-2,29ec3766d36d6f73f0696f85560a422f50e8498c,2.3.1,cpu,7858,7858,8192,False,2024-04-15,standard predictions output (trained 0.5 quantile),0.6132456500054104,8,True,,
SPY,Chronos-2,2024-04-15,491.199462890625,2024-04-22,5,486.5936584472656,492.37750244140625,-4.605804443359375,1.17803955078125,-1.0,1.0,False,1.0848464538566456,5.33148628875448,3.300025127828121e-06,7858,expanding,amazon/chronos-2,29ec3766d36d6f73f0696f85560a422f50e8498c,2.3.1,cpu,7858,7858,8192,False,2024-04-15,standard predictions output (trained 0.5 quantile),0.6132456500054104,8,True,,
SPY,Chronos-2,2024-04-15,491.199462890625,2024-05-13,20,507.2271118164063,492.4328918457031,16.027648925781307,1.233428955078125,1.0,1.0,True,1.0848464538566456,13.637155671302152,3.300025127828121e-06,7858,expanding,amazon/chronos-2,29ec3766d36d6f73f0696f85560a422f50e8498c,2.3.1,cpu,7858,7858,8192,False,2024-04-15,standard predictions output (trained 0.5 quantile),0.6132456500054104,8,True,,
SPY,Chronos-2,2024-04-22,486.5936584472656,2024-04-23,1,492.3678894042969,483.36151123046875,5.77423095703125,-3.232147216796875,1.0,-1.0,False,1.0858718776969747,8.29414441870412,4.300032742321491e-06,7863,expanding,amazon/chronos-2,29ec3766d36d6f73f0696f85560a422f50e8498c,2.3.1,cpu,7863,7863,8192,False,2024-04-22,standard predictions output (trained 0.5 quantile),0.6132456500054104,8,True,,
SPY,Chronos-2,2024-04-22,486.5936584472656,2024-04-29,5,496.662109375,483.2791748046875,10.068450927734375,-3.314483642578125,1.0,-1.0,False,1.0858718776969747,12.324598182518882,4.300032742321491e-06,7863,expanding,amazon/chronos-2,29ec3766d36d6f73f0696f85560a422f50e8498c,2.3.1,cpu,7863,7863,8192,False,2024-04-22,standard predictions output (trained 0.5 quantile),0.6132456500054104,8,True,,
SPY,Chronos-2,2024-04-22,486.5936584472656,2024-05-20,20,516.13671875,482.4532470703125,29.543060302734375,-4.140411376953125,1.0,-1.0,False,1.0858718776969747,31.019747699081005,4.300032742321491e-06,7863,expanding,amazon/chronos-2,29ec3766d36d6f73f0696f85560a422f50e8498c,2.3.1,cpu,7863,7863,8192,False,2024-04-22,standard predictions output (trained 0.5 quantile),0.6132456500054104,8,True,,
SPY,Chronos-2,2024-04-29,496.662109375,2024-04-30,1,488.79437255859375,493.29669189453125,-7.86773681640625,-3.36541748046875,-1.0,-1.0,True,1.0869962673592148,4.141982333458776,3.8000289350748062e-06,7868,expanding,amazon/chronos-2,29ec3766d36d6f73f0696f85560a422f50e8498c,2.3.1,cpu,7868,7868,8192,False,2024-04-29,standard predictions output (trained 0.5 quantile),0.6132456500054104,8,True,,
SPY,Chronos-2,2024-04-29,496.662109375,2024-05-06,5,503.0010681152344,493.7724609375,6.338958740234375,-2.8896484375,1.0,-1.0,False,1.0869962673592148,8.49000815812796,3.8000289350748062e-06,7868,expanding,amazon/chronos-2,29ec3766d36d6f73f0696f85560a422f50e8498c,2.3.1,cpu,7868,7868,8192,False,2024-04-29,standard predictions output (trained 0.5 quantile),0.6132456500054104,8,True,,
SPY,Chronos-2,2024-04-29,496.662109375,2024-05-28,20,515.8932495117188,493.6405029296875,19.23114013671875,-3.0216064453125,1.0,-1.0,False,1.0869962673592148,20.471778285028353,3.8000289350748062e-06,7868,expanding,amazon/chronos-2,29ec3766d36d6f73f0696f85560a422f50e8498c,2.3.1,cpu,7868,7868,8192,False,2024-04-29,standard predictions output (trained 0.5 quantile),0.6132456500054104,8,True,,
SPY,Chronos-2,2024-05-06,503.0010681152344,2024-05-07,1,503.5561218261719,499.5721435546875,0.5550537109375,-3.428924560546875,1.0,-1.0,False,1.0895132834349224,3.656658741161958,3.8000289350748062e-06,7873,expanding,amazon/chronos-2,29ec3766d36d6f73f0696f85560a422f50e8498c,2.3.1,cpu,7873,7873,8192,False,2024-05-06,standard predictions output (trained 0.5 quantile),0.6132456500054104,8,True,,
SPY,Chronos-2,2024-05-06,503.0010681152344,2024-05-13,5,507.2271118164063,499.8438720703125,4.226043701171932,-3.157196044921875,1.0,-1.0,False,1.0895132834349224,6.776640412144928,3.8000289350748062e-06,7873,expanding,amazon/chronos-2,29ec3766d36d6f73f0696f85560a422f50e8498c,2.3.1,cpu,7873,7873,8192,False,2024-05-06,standard predictions output (trained 0.5 quantile),0.6132456500054104,8,True,,
SPY,Chronos-2,2024-05-06,503.0010681152344,2024-06-04,20,514.5106201171875,500.728759765625,11.509552001953125,-2.272308349609375,1.0,-1.0,False,1.0895132834349224,12.64955697291937,3.8000289350748062e-06,7873,expanding,amazon/chronos-2,29ec3766d36d6f73f0696f85560a422f50e8498c,2.3.1,cpu,7873,7873,8192,False,2024-05-06,standard predictions output (trained 0.5 quantile),0.6132456500054104,8,True,,
SPY,Chronos-2,2024-05-13,507.2271118164063,2024-05-14,1,509.5543518066406,503.4459228515625,2.327239990234318,-3.781188964843807,1.0,-1.0,False,1.0893582088232678,5.607364873742028,4.00003045797348e-06,7878,expanding,amazon/chronos-2,29ec3766d36d6f73f0696f85560a422f50e8498c,2.3.1,cpu,7878,7878,8192,False,2024-05-13,standard predictions output (trained 0.5 quantile),0.6132456500054104,8,True,,
SPY,Chronos-2,2024-05-13,507.2271118164063,2024-05-20,5,516.13671875,503.2559814453125,8.909606933593693,-3.971130371093807,1.0,-1.0,False,1.0893582088232678,11.824152239694747,4.00003045797348e-06,7878,expanding,amazon/chronos-2,29ec3766d36d6f73f0696f85560a422f50e8498c,2.3.1,cpu,7878,7878,8192,False,2024-05-13,standard predictions output (trained 0.5 quantile),0.6132456500054104,8,True,,
SPY,Chronos-2,2024-05-13,507.2271118164063,2024-06-11,20,522.8458251953125,503.75396728515625,15.618713378906193,-3.473144531250057,1.0,-1.0,False,1.0893582088232678,17.525785141674753,4.00003045797348e-06,7878,expanding,amazon/chronos-2,29ec3766d36d6f73f0696f85560a422f50e8498c,2.3.1,cpu,7878,7878,8192,False,2024-05-13,standard predictions output (trained 0.5 quantile),0.6132456500054104,8,True,,
SPY,Chronos-2,2024-05-20,516.13671875,2024-05-21,1,517.4026489257812,511.037109375,1.26593017578125,-5.099609375,1.0,-1.0,False,1.0900668792995638,5.839586241599696,3.899913281202316e-06,7883,expanding,amazon/chronos-2,29ec3766d36d6f73f0696f85560a422f50e8498c,2.3.1,cpu,7883,7883,8192,False,2024-05-20,standard predictions output (trained 0.5 quantile),0.6132456500054104,8,True,,
SPY,Chronos-2,2024-05-20,516.13671875,2024-05-28,5,515.8932495117188,511.6878356933594,-0.24346923828125,-4.448883056640625,-1.0,-1.0,True,1.0900668792995638,3.8579411027162083,3.899913281202316e-06,7883,expanding,amazon/chronos-2,29ec3766d36d6f73f0696f85560a422f50e8498c,2.3.1,cpu,7883,7883,8192,False,2024-05-20,standard predictions output (trained 0.5 quantile),0.6132456500054104,8,True,,
SPY,Chronos-2,2024-05-20,516.13671875,2024-06-18,20,534.0826416015625,513.075439453125,17.9459228515625,-3.061279296875,1.0,-1.0,False,1.0900668792995638,19.2714800783012,3.899913281202316e-06,7883,expanding,amazon/chronos-2,29ec3766d36d6f73f0696f85560a422f50e8498c,2.3.1,cpu,7883,7883,8192,False,2024-05-20,standard predictions output (trained 0.5 quantile),0.6132456500054104,8,True,,
SPY,Chronos-2,2024-05-28,515.8932495117188,2024-05-29,1,512.2807006835938,508.3164367675781,-3.612548828125,-7.576812744140625,-1.0,-1.0,True,1.0906783198621077,3.6346774698123814,3.8000289350748062e-06,7888,expanding,amazon/chronos-2,29ec3766d36d6f73f0696f85560a422f50e8498c,2.3.1,cpu,7888,7888,8192,False,2024-05-28,standard predictions output (trained 0.5 quantile),0.5931576875009341,8,True,,
SPY,Chronos-2,2024-05-28,515.8932495117188,2024-06-04,5,514.5106201171875,508.8577575683594,-1.38262939453125,-7.035491943359375,-1.0,-1.0,True,1.0906783198621077,5.18288705834256,3.8000289350748062e-06,7888,expanding,amazon/chronos-2,29ec3766d36d6f73f0696f85560a422f50e8498c,2.3.1,cpu,7888,7888,8192,False,2024-05-28,standard predictions output (trained 0.5 quantile),0.5931576875009341,8,True,,
SPY,Chronos-2,2024-05-28,515.8932495117188,2024-06-26,20,532.8945922851562,510.0523986816406,17.0013427734375,-5.840850830078125,1.0,-1.0,False,1.0906783198621077,20.943107777555824,3.8000289350748062e-06,7888,expanding,amazon/chronos-2,29ec3766d36d6f73f0696f85560a422f50e8498c,2.3.1,cpu,7888,7888,8192,False,2024-05-28,standard predictions output (trained 0.5 quantile),0.5931576875009341,8,True,,
SPY,Chronos-2,2024-06-04,514.5106201171875,2024-06-05,1,520.6255493164062,507.4259033203125,6.11492919921875,-7.084716796875,1.0,-1.0,False,1.0915887941881541,12.092141350636258,3.8000289350748062e-06,7893,expanding,amazon/chronos-2,29ec3766d36d6f73f0696f85560a422f50e8498c,2.3.1,cpu,7893,7893,8192,False,2024-06-04,standard predictions output (trained 0.5 quantile),0.5931576875009341,8,True,,
SPY,Chronos-2,2024-06-04,514.5106201171875,2024-06-11,5,522.8458251953125,508.2676086425781,8.335205078125,-6.243011474609375,1.0,-1.0,False,1.0915887941881541,13.355044161640201,3.8000289350748062e-06,7893,expanding,amazon/chronos-2,29ec3766d36d6f73f0696f85560a422f50e8498c,2.3.1,cpu,7893,7893,8192,False,2024-06-04,standard predictions output (trained 0.5 quantile),0.5931576875009341,8,True,,
SPY,Chronos-2,2024-06-04,514.5106201171875,2024-07-03,20,538.7069091796875,508.56781005859375,24.1962890625,-5.94281005859375,1.0,-1.0,False,1.0915887941881541,27.610304614302184,3.8000289350748062e-06,7893,expanding,amazon/chronos-2,29ec3766d36d6f73f0696f85560a422f50e8498c,2.3.1,cpu,7893,7893,8192,False,2024-06-04,standard predictions output (trained 0.5 quantile),0.5931576875009341,8,True,,
SPY,Chronos-2,2024-06-11,522.8458251953125,2024-06-12,1,527.1398315429688,516.2665405273438,4.29400634765625,-6.57928466796875,1.0,-1.0,False,1.0921158671635716,9.956169800796836,3.5999109968543053e-06,7898,expanding,amazon/chronos-2,29ec3766d36d6f73f0696f85560a422f50e8498c,2.3.1,cpu,7898,7898,8192,False,2024-06-11,standard predictions output (trained 0.5 quantile),0.5931576875009341,8,True,,
SPY,Chronos-2,2024-06-11,522.8458251953125,2024-06-18,5,534.0826416015625,517.7819213867188,11.23681640625,-5.06390380859375,1.0,-1.0,False,1.0921158671635716,14.925815753579112,3.5999109968543053e-06,7898,expanding,amazon/chronos-2,29ec3766d36d6f73f0696f85560a422f50e8498c,2.3.1,cpu,7898,7898,8192,False,2024-06-11,standard predictions output (trained 0.5 quantile),0.5931576875009341,8,True,,
SPY,Chronos-2,2024-06-11,522.8458251953125,2024-07-11,20,543.61083984375,519.6854248046875,20.7650146484375,-3.160400390625,1.0,-1.0,False,1.0921158671635716,21.90739623736194,3.5999109968543053e-06,7898,expanding,amazon/chronos-2,29ec3766d36d6f73f0696f85560a422f50e8498c,2.3.1,cpu,7898,7898,8192,False,2024-06-11,standard predictions output (trained 0.5 quantile),0.5931576875009341,8,True,,
SPY,Chronos-2,2024-06-18,534.0826416015625,2024-06-20,1,532.6317138671875,524.6055297851562,-1.450927734375,-9.47711181640625,-1.0,-1.0,True,1.0928468513537046,7.344289890289065,3.3999094739556313e-06,7903,expanding,amazon/chronos-2,29ec3766d36d6f73f0696f85560a422f50e8498c,2.3.1,cpu,7903,7903,8192,False,2024-06-18,standard predictions output (trained 0.5 quantile),0.5931576875009341,8,True,,
SPY,Chronos-2,2024-06-18,534.0826416015625,2024-06-26,5,532.8945922851562,525.9061279296875,-1.18804931640625,-8.176513671875,-1.0,-1.0,True,1.0928468513537046,6.394733486043511,3.3999094739556313e-06,7903,expanding,amazon/chronos-2,29ec3766d36d6f73f0696f85560a422f50e8498c,2.3.1,cpu,7903,7903,8192,False,2024-06-18,standard predictions output (trained 0.5 quantile),0.5931576875009341,8,True,,
SPY,Chronos-2,2024-06-18,534.0826416015625,2024-07-18,20,539.879150390625,528.5391845703125,5.7965087890625,-5.54345703125,1.0,-1.0,False,1.0928468513537046,10.376537029196482,3.3999094739556313e-06,7903,expanding,amazon/chronos-2,29ec3766d36d6f73f0696f85560a422f50e8498c,2.3.1,cpu,7903,7903,8192,False,2024-06-18,standard predictions output (trained 0.5 quantile),0.5931576875009341,8,True,,
SPY,Chronos-2,2024-06-26,532.8945922851562,2024-06-27,1,533.7346801757812,523.3170166015625,0.840087890625,-9.57757568359375,1.0,-1.0,False,1.0929905119626129,9.531339440003391,3.600027412176132e-06,7908,expanding,amazon/chronos-2,29ec3766d36d6f73f0696f85560a422f50e8498c,2.3.1,cpu,7908,7908,8192,False,2024-06-26,standard predictions output (trained 0.5 quantile),0.5931576875009341,8,True,,
SPY,Chronos-2,2024-06-26,532.8945922851562,2024-07-03,5,538.7069091796875,524.251953125,5.81231689453125,-8.64263916015625,1.0,-1.0,False,1.0929905119626129,13.225143216231277,3.600027412176132e-06,7908,expanding,amazon/chronos-2,29ec3766d36d6f73f0696f85560a422f50e8498c,2.3.1,cpu,7908,7908,8192,False,2024-06-26,standard predictions output (trained 0.5 quantile),0.5931576875009341,8,True,,
SPY,Chronos-2,2024-06-26,532.8945922851562,2024-07-25,20,525.9586791992188,525.776611328125,-6.9359130859375,-7.11798095703125,-1.0,-1.0,True,1.0929905119626129,0.16657772332060086,3.600027412176132e-06,7908,expanding,amazon/chronos-2,29ec3766d36d6f73f0696f85560a422f50e8498c,2.3.1,cpu,7908,7908,8192,False,2024-06-26,standard predictions output (trained 0.5 quantile),0.5931576875009341,8,True,,
SPY,Chronos-2,2024-07-03,538.7069091796875,2024-07-05,1,541.8134765625,527.5720825195312,3.1065673828125,-11.13482666015625,1.0,-1.0,False,1.093565325645393,13.022901978502162,3.5999109968543053e-06,7913,expanding,amazon/chronos-2,29ec3766d36d6f73f0696f85560a422f50e8498c,2.3.1,cpu,7913,7913,8192,False,2024-07-03,standard predictions output (trained 0.5 quantile),0.5931576875009341,8,True,,
SPY,Chronos-2,2024-07-03,538.7069091796875,2024-07-11,5,543.61083984375,529.002685546875,4.9039306640625,-9.7042236328125,1.0,-1.0,False,1.093565325645393,13.35828226654284,3.5999109968543053e-06,7913,expanding,amazon/chronos-2,29ec3766d36d6f73f0696f85560a422f50e8498c,2.3.1,cpu,7913,7913,8192,False,2024-07-03,standard predictions output (trained 0.5 quantile),0.5931576875009341,8,True,,
SPY,Chronos-2,2024-07-03,538.7069091796875,2024-08-01,20,530.452392578125,529.7562866210938,-8.2545166015625,-8.95062255859375,-1.0,-1.0,True,1.093565325645393,0.6365472100356024,3.5999109968543053e-06,7913,expanding,amazon/chronos-2,29ec3766d36d6f73f0696f85560a422f50e8498c,2.3.1,cpu,7913,7913,8192,False,2024-07-03,standard predictions output (trained 0.5 quantile),0.5931576875009341,8,True,,
SPY,Chronos-2,2024-07-11,543.61083984375,2024-07-12,1,547.0397338867188,536.1348266601562,3.42889404296875,-7.47601318359375,1.0,-1.0,False,1.0946885292406894,9.961652959062693,3.300025127828121e-06,7918,expanding,amazon/chronos-2,29ec3766d36d6f73f0696f85560a422f50e8498c,2.3.1,cpu,7918,7918,8192,False,2024-07-11,standard predictions output (trained 0.5 quantile),0.5931576875009341,8,True,,
SPY,Chronos-2,2024-07-11,543.61083984375,2024-07-18,5,539.879150390625,537.3880615234375,-3.731689453125,-6.2227783203125,-1.0,-1.0,True,1.0946885292406894,2.275614296347289,3.300025127828121e-06,7918,expanding,amazon/chronos-2,29ec3766d36d6f73f0696f85560a422f50e8498c,2.3.1,cpu,7918,7918,8192,False,2024-07-11,standard predictions output (trained 0.5 quantile),0.5931576875009341,8,True,,
SPY,Chronos-2,2024-07-11,543.61083984375,2024-08-08,20,518.3782348632812,539.7783813476562,-25.23260498046875,-3.83245849609375,-1.0,-1.0,True,1.0946885292406894,19.549073469527283,3.300025127828121e-06,7918,expanding,amazon/chronos-2,29ec3766d36d6f73f0696f85560a422f50e8498c,2.3.1,cpu,7918,7918,8192,False,2024-07-11,standard predictions output (trained 0.5 quantile),0.5931576875009341,8,True,,
SPY,Chronos-2,2024-07-18,539.879150390625,2024-07-19,1,536.2941284179688,536.3108520507812,-3.58502197265625,-3.56829833984375,-1.0,-1.0,True,1.0965353559586957,0.015251339340425194,3.4999102354049683e-06,7923,expanding,amazon/chronos-2,29ec3766d36d6f73f0696f85560a422f50e8498c,2.3.1,cpu,7923,7923,8192,False,2024-07-18,standard predictions output (trained 0.5 quantile),0.5931576875009341,8,True,,
SPY,Chronos-2,2024-07-18,539.879150390625,2024-07-25,5,525.9586791992188,537.712158203125,-13.92047119140625,-2.1669921875,-1.0,-1.0,True,1.0965353559586957,10.718741479731166,3.4999102354049683e-06,7923,expanding,amazon/chronos-2,29ec3766d36d6f73f0696f85560a422f50e8498c,2.3.1,cpu,7923,7923,8192,False,2024-07-18,standard predictions output (trained 0.5 quantile),0.5931576875009341,8,True,,
SPY,Chronos-2,2024-07-18,539.879150390625,2024-08-15,20,540.2798461914062,539.796630859375,0.40069580078125,-0.08251953125,1.0,-1.0,False,1.0965353559586957,0.4406746480224316,3.4999102354049683e-06,7923,expanding,amazon/chronos-2,29ec3766d36d6f73f0696f85560a422f50e8498c,2.3.1,cpu,7923,7923,8192,False,2024-07-18,standard predictions output (trained 0.5 quantile),0.5931576875009341,8,True,,
SPY,Chronos-2,2024-07-25,525.9586791992188,2024-07-26,1,531.8493041992188,524.1029663085938,5.890625,-1.855712890625,1.0,-1.0,False,1.0989948011398076,7.048566455993232,4.100031219422817e-06,7928,expanding,amazon/chronos-2,29ec3766d36d6f73f0696f85560a422f50e8498c,2.3.1,cpu,7928,7928,8192,False,2024-07-25,standard predictions output (trained 0.5 quantile),0.6277583875053097,8,True,,
SPY,Chronos-2,2024-07-25,525.9586791992188,2024-08-01,5,530.452392578125,525.6110229492188,4.49371337890625,-0.34765625,1.0,-1.0,False,1.0989948011398076,4.405270729110901,4.100031219422817e-06,7928,expanding,amazon/chronos-2,29ec3766d36d6f73f0696f85560a422f50e8498c,2.3.1,cpu,7928,7928,8192,False,2024-07-25,standard predictions output (trained 0.5 quantile),0.6277583875053097,8,True,,
SPY,Chronos-2,2024-07-25,525.9586791992188,2024-08-22,20,543.3568115234375,525.3286743164062,17.39813232421875,-0.6300048828125,1.0,-1.0,False,1.0989948011398076,16.404206087538913,4.100031219422817e-06,7928,expanding,amazon/chronos-2,29ec3766d36d6f73f0696f85560a422f50e8498c,2.3.1,cpu,7928,7928,8192,False,2024-07-25,standard predictions output (trained 0.5 quantile),0.6277583875053097,8,True,,
SPY,Chronos-2,2024-08-01,530.452392578125,2024-08-02,1,520.5762329101562,528.9071044921875,-9.87615966796875,-1.5452880859375,-1.0,-1.0,True,1.1014695977900166,7.563414912900249,3.600027412176132e-06,7933,expanding,amazon/chronos-2,29ec3766d36d6f73f0696f85560a422f50e8498c,2.3.1,cpu,7933,7933,8192,False,2024-08-01,standard predictions output (trained 0.5 quantile),0.6277583875053097,8,True,,
SPY,Chronos-2,2024-08-01,530.452392578125,2024-08-08,5,518.3782348632812,530.0532836914062,-12.07415771484375,-0.39910888671875,-1.0,-1.0,True,1.1014695977900166,10.599519815662422,3.600027412176132e-06,7933,expanding,amazon/chronos-2,29ec3766d36d6f73f0696f85560a422f50e8498c,2.3.1,cpu,7933,7933,8192,False,2024-08-01,standard predictions output (trained 0.5 quantile),0.6277583875053097,8,True,,
SPY,Chronos-2,2024-08-01,530.452392578125,2024-08-29,20,545.4376831054688,529.5287475585938,14.98529052734375,-0.92364501953125,1.0,-1.0,False,1.1014695977900166,14.443372362518778,3.600027412176132e-06,7933,expanding,amazon/chronos-2,29ec3766d36d6f73f0696f85560a422f50e8498c,2.3.1,cpu,7933,7933,8192,False,2024-08-01,standard predictions output (trained 0.5 quantile),0.6277583875053097,8,True,,
SPY,Chronos-2,2024-08-08,518.3782348632812,2024-08-09,1,520.6640014648438,514.4562377929688,2.2857666015625,-3.9219970703125,1.0,-1.0,False,1.1064225858054175,5.610662464338682,3.200024366378784e-06,7938,expanding,amazon/chronos-2,29ec3766d36d6f73f0696f85560a422f50e8498c,2.3.1,cpu,7938,7938,8192,False,2024-08-08,standard predictions output (trained 0.5 quantile),0.6277583875053097,8,True,,
SPY,Chronos-2,2024-08-08,518.3782348632812,2024-08-15,5,540.2798461914062,515.27685546875,21.901611328125,-3.10137939453125,1.0,-1.0,False,1.1064225858054175,22.598048018384752,3.200024366378784e-06,7938,expanding,amazon/chronos-2,29ec3766d36d6f73f0696f85560a422f50e8498c,2.3.1,cpu,7938,7938,8192,False,2024-08-08,standard predictions output (trained 0.5 quantile),0.6277583875053097,8,True,,
SPY,Chronos-2,2024-08-08,518.3782348632812,2024-09-06,20,527.8636474609375,512.7630615234375,9.48541259765625,-5.61517333984375,1.0,-1.0,False,1.1064225858054175,13.648117935433834,3.200024366378784e-06,7938,expanding,amazon/chronos-2,29ec3766d36d6f73f0696f85560a422f50e8498c,2.3.1,cpu,7938,7938,8192,False,2024-08-08,standard predictions output (trained 0.5 quantile),0.6277583875053097,8,True,,
SPY,Chronos-2,2024-08-15,540.2798461914062,2024-08-16,1,541.4910888671875,540.0121459960938,1.21124267578125,-0.2677001953125,1.0,-1.0,False,1.1084837163014007,1.3342035154367753,3.900029696524143e-06,7943,expanding,amazon/chronos-2,29ec3766d36d6f73f0696f85560a422f50e8498c,2.3.1,cpu,7943,7943,8192,False,2024-08-15,standard predictions output (trained 0.5 quantile),0.6277583875053097,8,True,,
SPY,Chronos-2,2024-08-15,540.2798461914062,2024-08-22,5,543.3568115234375,541.47119140625,3.07696533203125,1.19134521484375,1.0,1.0,True,1.1084837163014007,1.7010805747143634,3.900029696524143e-06,7943,expanding,amazon/chronos-2,29ec3766d36d6f73f0696f85560a422f50e8498c,2.3.1,cpu,7943,7943,8192,False,2024-08-15,standard predictions output (trained 0.5 quantile),0.6277583875053097,8,True,,
SPY,Chronos-2,2024-08-15,540.2798461914062,2024-09-13,20,549.0130004882812,541.6622314453125,8.733154296875,1.38238525390625,1.0,1.0,True,1.1084837163014007,6.631373050292106,3.900029696524143e-06,7943,expanding,amazon/chronos-2,29ec3766d36d6f73f0696f85560a422f50e8498c,2.3.1,cpu,7943,7943,8192,False,2024-08-15,standard predictions output (trained 0.5 quantile),0.6277583875053097,8,True,,
SPY,Chronos-2,2024-08-22,543.3568115234375,2024-08-23,1,549.1302490234375,546.6956787109375,5.7734375,3.3388671875,1.0,1.0,True,1.1094788958985238,2.194336748089594,3.500026650726795e-06,7948,expanding,amazon/chronos-2,29ec3766d36d6f73f0696f85560a422f50e8498c,2.3.1,cpu,7948,7948,8192,False,2024-08-22,standard predictions output (trained 0.5 quantile),0.6277583875053097,8,True,,
SPY,Chronos-2,2024-08-22,543.3568115234375,2024-08-29,5,545.4376831054688,546.97607421875,2.08087158203125,3.6192626953125,1.0,1.0,True,1.1094788958985238,1.386588892288363,3.500026650726795e-06,7948,expanding,amazon/chronos-2,29ec3766d36d6f73f0696f85560a422f50e8498c,2.3.1,cpu,7948,7948,8192,False,2024-08-22,standard predictions output (trained 0.5 quantile),0.6277583875053097,8,True,,
SPY,Chronos-2,2024-08-22,543.3568115234375,2024-09-20,20,556.8113403320312,548.7730712890625,13.45452880859375,5.416259765625,1.0,1.0,True,1.1094788958985238,7.245085123010717,3.500026650726795e-06,7948,expanding,amazon/chronos-2,29ec3766d36d6f73f0696f85560a422f50e8498c,2.3.1,cpu,7948,7948,8192,False,2024-08-22,standard predictions output (trained 0.5 quantile),0.6277583875053097,8,True,,
SPY,Chronos-2,2024-08-29,545.4376831054688,2024-08-30,1,550.6444091796875,542.1220092773438,5.20672607421875,-3.315673828125,1.0,-1.0,False,1.1101731745529944,7.676640093357734,3.00002284348011e-06,7953,expanding,amazon/chronos-2,29ec3766d36d6f73f0696f85560a422f50e8498c,2.3.1,cpu,7953,7953,8192,False,2024-08-29,standard predictions output (trained 0.5 quantile),0.6277583875053097,8,True,,
SPY,Chronos-2,2024-08-29,545.4376831054688,2024-09-06,5,527.8636474609375,543.3333129882812,-17.57403564453125,-2.1043701171875,-1.0,-1.0,True,1.1101731745529944,13.93446165150994,3.00002284348011e-06,7953,expanding,amazon/chronos-2,29ec3766d36d6f73f0696f85560a422f50e8498c,2.3.1,cpu,7953,7953,8192,False,2024-08-29,standard predictions output (trained 0.5 quantile),0.6277583875053097,8,True,,
SPY,Chronos-2,2024-08-29,545.4376831054688,2024-09-27,20,559.9664916992188,544.1289672851562,14.52880859375,-1.3087158203125,1.0,-1.0,False,1.1101731745529944,14.265814358592658,3.00002284348011e-06,7953,expanding,amazon/chronos-2,29ec3766d36d6f73f0696f85560a422f50e8498c,2.3.1,cpu,7953,7953,8192,False,2024-08-29,standard predictions output (trained 0.5 quantile),0.6277583875053097,8,True,,
SPY,Chronos-2,2024-09-06,527.8636474609375,2024-09-09,1,533.773681640625,525.1544799804688,5.9100341796875,-2.70916748046875,1.0,-1.0,False,1.1129929083622447,7.744165839151031,3.400025889277458e-06,7958,expanding,amazon/chronos-2,29ec3766d36d6f73f0696f85560a422f50e8498c,2.3.1,cpu,7958,7958,8192,False,2024-09-06,standard predictions output (trained 0.5 quantile),0.6277583875053097,8,True,,
SPY,Chronos-2,2024-09-06,527.8636474609375,2024-09-13,5,549.0130004882812,526.298828125,21.14935302734375,-1.5648193359375,1.0,-1.0,False,1.1129929083622447,20.40819145622848,3.400025889277458e-06,7958,expanding,amazon/chronos-2,29ec3766d36d6f73f0696f85560a422f50e8498c,2.3.1,cpu,7958,7958,8192,False,2024-09-06,standard predictions output (trained 0.5 quantile),0.6277583875053097,8,True,,
SPY,Chronos-2,2024-09-06,527.8636474609375,2024-10-04,20,561.4459838867188,525.3112182617188,33.58233642578125,-2.55242919921875,1.0,-1.0,False,1.1129929083622447,32.466303561782674,3.400025889277458e-06,7958,expanding,amazon/chronos-2,29ec3766d36d6f73f0696f85560a422f50e8498c,2.3.1,cpu,7958,7958,8192,False,2024-09-06,standard predictions output (trained 0.5 quantile),0.6277583875053097,8,True,,
SPY,Chronos-2,2024-09-13,549.0130004882812,2024-09-16,1,549.8239135742188,544.6609497070312,0.8109130859375,-4.35205078125,1.0,-1.0,False,1.1149502543162175,4.630667464490484,3.400025889277458e-06,7963,expanding,amazon/chronos-2,29ec3766d36d6f73f0696f85560a422f50e8498c,2.3.1,cpu,7963,7963,8192,False,2024-09-13,standard predictions output (trained 0.5 quantile),0.6277583875053097,8,True,,
SPY,Chronos-2,2024-09-13,549.0130004882812,2024-09-20,5,556.8113403320312,545.5516967773438,7.79833984375,-3.4613037109375,1.0,-1.0,False,1.1149502543162175,10.098785583571056,3.400025889277458e-06,7963,expanding,amazon/chronos-2,29ec3766d36d6f73f0696f85560a422f50e8498c,2.3.1,cpu,7963,7963,8192,False,2024-09-13,standard predictions output (trained 0.5 quantile),0.6277583875053097,8,True,,
SPY,Chronos-2,2024-09-13,549.0130004882812,2024-10-11,20,567.9132690429688,544.7352905273438,18.9002685546875,-4.2777099609375,1.0,-1.0,False,1.1149502543162175,20.788352149253253,3.400025889277458e-06,7963,expanding,amazon/chronos-2,29ec3766d36d6f73f0696f85560a422f50e8498c,2.3.1,cpu,7963,7963,8192,False,2024-09-13,standard predictions output (trained 0.5 quantile),0.6277583875053097,8,True,,
SPY,Chronos-2,2024-09-20,556.8113403320312,2024-09-23,1,558.2027587890625,551.1656494140625,1.39141845703125,-5.64569091796875,1.0,-1.0,False,1.115880937218382,6.306326365375316,4.00003045797348e-06,7968,expanding,amazon/chronos-2,29ec3766d36d6f73f0696f85560a422f50e8498c,2.3.1,cpu,7968,7968,8192,False,2024-09-20,standard predictions output (trained 0.5 quantile),0.612239337497158,8,True,,
SPY,Chronos-2,2024-09-20,556.8113403320312,2024-09-27,5,559.9664916992188,552.51123046875,3.1551513671875,-4.30010986328125,1.0,-1.0,False,1.115880937218382,6.681054386548524,4.00003045797348e-06,7968,expanding,amazon/chronos-2,29ec3766d36d6f73f0696f85560a422f50e8498c,2.3.1,cpu,7968,7968,8192,False,2024-09-20,standard predictions output (trained 0.5 quantile),0.612239337497158,8,True,,
SPY,Chronos-2,2024-09-20,556.8113403320312,2024-10-18,20,572.8223876953125,553.8309326171875,16.01104736328125,-2.98040771484375,1.0,-1.0,False,1.115880937218382,17.01924859964545,4.00003045797348e-06,7968,expanding,amazon/chronos-2,29ec3766d36d6f73f0696f85560a422f50e8498c,2.3.1,cpu,7968,7968,8192,False,2024-09-20,standard predictions output (trained 0.5 quantile),0.612239337497158,8,True,,
SPY,Chronos-2,2024-09-27,559.9664916992188,2024-09-30,1,562.2103881835938,553.8072509765625,2.243896484375,-6.15924072265625,1.0,-1.0,False,1.116090602271831,7.529081590622167,3.899913281202316e-06,7973,expanding,amazon/chronos-2,29ec3766d36d6f73f0696f85560a422f50e8498c,2.3.1,cpu,7973,7973,8192,False,2024-09-27,standard predictions output (trained 0.5 quantile),0.612239337497158,8,True,,
SPY,Chronos-2,2024-09-27,559.9664916992188,2024-10-04,5,561.4459838867188,554.4510498046875,1.4794921875,-5.51544189453125,1.0,-1.0,False,1.116090602271831,6.267353266654949,3.899913281202316e-06,7973,expanding,amazon/chronos-2,29ec3766d36d6f73f0696f85560a422f50e8498c,2.3.1,cpu,7973,7973,8192,False,2024-09-27,standard predictions output (trained 0.5 quantile),0.612239337497158,8,True,,
SPY,Chronos-2,2024-09-27,559.9664916992188,2024-10-25,20,567.384033203125,555.84619140625,7.41754150390625,-4.12030029296875,1.0,-1.0,False,1.116090602271831,10.337728651589241,3.899913281202316e-06,7973,expanding,amazon/chronos-2,29ec3766d36d6f73f0696f85560a422f50e8498c,2.3.1,cpu,7973,7973,8192,False,2024-09-27,standard predictions output (trained 0.5 quantile),0.612239337497158,8,True,,
SPY,Chronos-2,2024-10-04,561.4459838867188,2024-10-07,1,556.370361328125,551.0537109375,-5.07562255859375,-10.39227294921875,-1.0,-1.0,True,1.1170948005132066,4.7593547013041935,3.400025889277458e-06,7978,expanding,amazon/chronos-2,29ec3766d36d6f73f0696f85560a422f50e8498c,2.3.1,cpu,7978,7978,8192,False,2024-10-04,standard predictions output (trained 0.5 quantile),0.612239337497158,8,True,,
SPY,Chronos-2,2024-10-04,561.4459838867188,2024-10-11,5,567.9132690429688,551.5516357421875,6.46728515625,-9.89434814453125,1.0,-1.0,False,1.1170948005132066,14.64659337172147,3.400025889277458e-06,7978,expanding,amazon/chronos-2,29ec3766d36d6f73f0696f85560a422f50e8498c,2.3.1,cpu,7978,7978,8192,False,2024-10-04,standard predictions output (trained 0.5 quantile),0.612239337497158,8,True,,
SPY,Chronos-2,2024-10-04,561.4459838867188,2024-11-01,20,559.5452270507812,553.3645629882812,-1.9007568359375,-8.0814208984375,-1.0,-1.0,True,1.1170948005132066,5.532801745796802,3.400025889277458e-06,7978,expanding,amazon/chronos-2,29ec3766d36d6f73f0696f85560a422f50e8498c,2.3.1,cpu,7978,7978,8192,False,2024-10-04,standard predictions output (trained 0.5 quantile),0.612239337497158,8,True,,
SPY,Chronos-2,2024-10-11,567.9132690429688,2024-10-14,1,572.557861328125,558.04638671875,4.64459228515625,-9.86688232421875,1.0,-1.0,False,1.118725021809631,12.971440100536483,3.400025889277458e-06,7983,expanding,amazon/chronos-2,29ec3766d36d6f73f0696f85560a422f50e8498c,2.3.1,cpu,7983,7983,8192,False,2024-10-11,standard predictions output (trained 0.5 quantile),0.612239337497158,8,True,,
SPY,Chronos-2,2024-10-11,567.9132690429688,2024-10-18,5,572.8223876953125,558.96142578125,4.90911865234375,-8.95184326171875,1.0,-1.0,False,1.118725021809631,12.389963256244362,3.400025889277458e-06,7983,expanding,amazon/chronos-2,29ec3766d36d6f73f0696f85560a422f50e8498c,2.3.1,cpu,7983,7983,8192,False,2024-10-11,standard predictions output (trained 0.5 quantile),0.612239337497158,8,True,,
SPY,Chronos-2,2024-10-11,567.9132690429688,2024-11-08,20,586.148681640625,560.348388671875,18.23541259765625,-7.56488037109375,1.0,-1.0,False,1.118725021809631,23.062229292964123,3.400025889277458e-06,7983,expanding,amazon/chronos-2,29ec3766d36d6f73f0696f85560a422f50e8498c,2.3.1,cpu,7983,7983,8192,False,2024-10-11,standard predictions output (trained 0.5 quantile),0.612239337497158,8,True,,
SPY,Chronos-2,2024-10-18,572.8223876953125,2024-10-21,1,571.8817749023438,565.1898193359375,-0.94061279296875,-7.632568359375,-1.0,-1.0,True,1.1197532662405636,5.976276888991522,3.4999102354049683e-06,7988,expanding,amazon/chronos-2,29ec3766d36d6f73f0696f85560a422f50e8498c,2.3.1,cpu,7988,7988,8192,False,2024-10-18,standard predictions output (trained 0.5 quantile),0.612239337497158,8,True,,
SPY,Chronos-2,2024-10-18,572.8223876953125,2024-10-25,5,567.384033203125,566.3352661132812,-5.4383544921875,-6.48712158203125,-1.0,-1.0,True,1.1197532662405636,0.9366055196827948,3.4999102354049683e-06,7988,expanding,amazon/chronos-2,29ec3766d36d6f73f0696f85560a422f50e8498c,2.3.1,cpu,7988,7988,8192,False,2024-10-18,standard predictions output (trained 0.5 quantile),0.612239337497158,8,True,,
SPY,Chronos-2,2024-10-18,572.8223876953125,2024-11-15,20,573.9590454101562,568.1046142578125,1.13665771484375,-4.7177734375,1.0,-1.0,False,1.1197532662405636,5.228322460714311,3.4999102354049683e-06,7988,expanding,amazon/chronos-2,29ec3766d36d6f73f0696f85560a422f50e8498c,2.3.1,cpu,7988,7988,8192,False,2024-10-18,standard predictions output (trained 0.5 quantile),0.612239337497158,8,True,,
SPY,Chronos-2,2024-10-25,567.384033203125,2024-10-28,1,569.13818359375,560.7532958984375,1.754150390625,-6.6307373046875,1.0,-1.0,False,1.1200397145879402,7.486241412785331,3.500026650726795e-06,7993,expanding,amazon/chronos-2,29ec3766d36d6f73f0696f85560a422f50e8498c,2.3.1,cpu,7993,7993,8192,False,2024-10-25,standard predictions output (trained 0.5 quantile),0.612239337497158,8,True,,
SPY,Chronos-2,2024-10-25,567.384033203125,2024-11-01,5,559.5452270507812,561.9671630859375,-7.83880615234375,-5.4168701171875,-1.0,-1.0,True,1.1200397145879402,2.1623662122081755,3.500026650726795e-06,7993,expanding,amazon/chronos-2,29ec3766d36d6f73f0696f85560a422f50e8498c,2.3.1,cpu,7993,7993,8192,False,2024-10-25,standard predictions output (trained 0.5 quantile),0.612239337497158,8,True,,
SPY,Chronos-2,2024-10-25,567.384033203125,2024-11-22,20,583.5225830078125,563.2839965820312,16.1385498046875,-4.10003662109375,1.0,-1.0,False,1.1200397145879402,18.06952571608318,3.500026650726795e-06,7993,expanding,amazon/chronos-2,29ec3766d36d6f73f0696f85560a422f50e8498c,2.3.1,cpu,7993,7993,8192,False,2024-10-25,standard predictions output (trained 0.5 quantile),0.612239337497158,8,True,,
SPY,Chronos-2,2024-11-01,559.5452270507812,2024-11-04,1,558.3399047851562,553.8653564453125,-1.205322265625,-5.67987060546875,-1.0,-1.0,True,1.121576846085654,3.9895156140750365,3.300025127828121e-06,7998,expanding,amazon/chronos-2,29ec3766d36d6f73f0696f85560a422f50e8498c,2.3.1,cpu,7998,7998,8192,False,2024-11-01,standard predictions output (trained 0.5 quantile),0.612239337497158,8,True,,
SPY,Chronos-2,2024-11-01,559.5452270507812,2024-11-08,5,586.148681640625,555.4107055664062,26.60345458984375,-4.134521484375,1.0,-1.0,False,1.121576846085654,27.406036582776707,3.300025127828121e-06,7998,expanding,amazon/chronos-2,29ec3766d36d6f73f0696f85560a422f50e8498c,2.3.1,cpu,7998,7998,8192,False,2024-11-01,standard predictions output (trained 0.5 quantile),0.612239337497158,8,True,,
SPY,Chronos-2,2024-11-01,559.5452270507812,2024-12-02,20,591.4791870117188,556.1511840820312,31.9339599609375,-3.39404296875,1.0,-1.0,False,1.121576846085654,31.498513055956515,3.300025127828121e-06,7998,expanding,amazon/chronos-2,29ec3766d36d6f73f0696f85560a422f50e8498c,2.3.1,cpu,7998,7998,8192,False,2024-11-01,standard predictions output (trained 0.5 quantile),0.612239337497158,8,True,,
SPY,Chronos-2,2024-11-08,586.148681640625,2024-11-11,1,586.7072143554688,576.263671875,0.55853271484375,-9.885009765625,1.0,-1.0,False,1.1245018916855871,9.287260926537227,3.500026650726795e-06,8003,expanding,amazon/chronos-2,29ec3766d36d6f73f0696f85560a422f50e8498c,2.3.1,cpu,8003,8003,8192,False,2024-11-08,standard predictions output (trained 0.5 quantile),0.612239337497158,8,True,,
SPY,Chronos-2,2024-11-08,586.148681640625,2024-11-15,5,573.9590454101562,578.2025756835938,-12.18963623046875,-7.94610595703125,-1.0,-1.0,True,1.1245018916855871,3.773697763261744,3.500026650726795e-06,8003,expanding,amazon/chronos-2,29ec3766d36d6f73f0696f85560a422f50e8498c,2.3.1,cpu,8003,8003,8192,False,2024-11-08,standard predictions output (trained 0.5 quantile),0.612239337497158,8,True,,
SPY,Chronos-2,2024-11-08,586.148681640625,2024-12-09,20,592.508056640625,580.5665893554688,6.359375,-5.58209228515625,1.0,-1.0,False,1.1245018916855871,10.619339436820713,3.500026650726795e-06,8003,expanding,amazon/chronos-2,29ec3766d36d6f73f0696f85560a422f50e8498c,2.3.1,cpu,8003,8003,8192,False,2024-11-08,standard predictions output (trained 0.5 quantile),0.612239337497158,8,True,,
SPY,Chronos-2,2024-11-15,573.9590454101562,2024-11-18,1,576.310791015625,574.409912109375,2.35174560546875,0.45086669921875,1.0,1.0,True,1.1255325130626062,1.6888707204713742,3.00002284348011e-06,8008,expanding,amazon/chronos-2,29ec3766d36d6f73f0696f85560a422f50e8498c,2.3.1,cpu,8008,8008,8192,False,2024-11-15,standard predictions output (trained 0.5 quantile),0.63222849999147,8,True,,
SPY,Chronos-2,2024-11-15,573.9590454101562,2024-11-22,5,583.5225830078125,576.0962524414062,9.56353759765625,2.13720703125,1.0,1.0,True,1.1255325130626062,6.598059567554377,3.00002284348011e-06,8008,expanding,amazon/chronos-2,29ec3766d36d6f73f0696f85560a422f50e8498c,2.3.1,cpu,8008,8008,8192,False,2024-11-15,standard predictions output (trained 0.5 quantile),0.63222849999147,8,True,,
SPY,Chronos-2,2024-11-15,573.9590454101562,2024-12-16,20,594.575439453125,576.7749633789062,20.61639404296875,2.81591796875,1.0,1.0,True,1.1255325130626062,15.815159373569001,3.00002284348011e-06,8008,expanding,amazon/chronos-2,29ec3766d36d6f73f0696f85560a422f50e8498c,2.3.1,cpu,8008,8008,8192,False,2024-11-15,standard predictions output (trained 0.5 quantile),0.63222849999147,8,True,,
SPY,Chronos-2,2024-11-22,583.5225830078125,2024-11-25,1,585.501953125,572.1947631835938,1.9793701171875,-11.32781982421875,1.0,-1.0,False,1.1260237605703873,11.81785891859466,3.500026650726795e-06,8013,expanding,amazon/chronos-2,29ec3766d36d6f73f0696f85560a422f50e8498c,2.3.1,cpu,8013,8013,8192,False,2024-11-22,standard predictions output (trained 0.5 quantile),0.63222849999147,8,True,,
SPY,Chronos-2,2024-11-22,583.5225830078125,2024-12-02,5,591.4791870117188,573.5885009765625,7.95660400390625,-9.93408203125,1.0,-1.0,False,1.1260237605703873,15.888373462113911,3.500026650726795e-06,8013,expanding,amazon/chronos-2,29ec3766d36d6f73f0696f85560a422f50e8498c,2.3.1,cpu,8013,8013,8192,False,2024-11-22,standard predictions output (trained 0.5 quantile),0.63222849999147,8,True,,
SPY,Chronos-2,2024-11-22,583.5225830078125,2024-12-23,20,584.680419921875,573.86767578125,1.1578369140625,-9.6549072265625,1.0,-1.0,False,1.1260237605703873,9.602589678167897,3.500026650726795e-06,8013,expanding,amazon/chronos-2,29ec3766d36d6f73f0696f85560a422f50e8498c,2.3.1,cpu,8013,8013,8192,False,2024-11-22,standard predictions output (trained 0.5 quantile),0.63222849999147,8,True,,
SPY,Chronos-2,2024-12-02,591.4791870117188,2024-12-03,1,591.7535400390625,580.5017700195312,0.27435302734375,-10.9774169921875,1.0,-1.0,False,1.1267588709274168,9.985960891765691,3.500026650726795e-06,8018,expanding,amazon/chronos-2,29ec3766d36d6f73f0696f85560a422f50e8498c,2.3.1,cpu,8018,8018,8192,False,2024-12-02,standard predictions output (trained 0.5 quantile),0.63222849999147,8,True,,
SPY,Chronos-2,2024-12-02,591.4791870117188,2024-12-09,5,592.508056640625,582.6613159179688,1.02886962890625,-8.81787109375,1.0,-1.0,False,1.1267588709274168,8.738995517782397,3.500026650726795e-06,8018,expanding,amazon/chronos-2,29ec3766d36d6f73f0696f85560a422f50e8498c,2.3.1,cpu,8018,8018,8192,False,2024-12-02,standard predictions output (trained 0.5 quantile),0.63222849999147,8,True,,
SPY,Chronos-2,2024-12-02,591.4791870117188,2024-12-31,20,576.2152099609375,584.1995849609375,-15.26397705078125,-7.27960205078125,-1.0,-1.0,True,1.1267588709274168,7.086143456255367,3.500026650726795e-06,8018,expanding,amazon/chronos-2,29ec3766d36d6f73f0696f85560a422f50e8498c,2.3.1,cpu,8018,8018,8192,False,2024-12-02,standard predictions output (trained 0.5 quantile),0.63222849999147,8,True,,
SPY,Chronos-2,2024-12-09,592.508056640625,2024-12-10,1,590.665771484375,586.5936279296875,-1.84228515625,-5.9144287109375,-1.0,-1.0,True,1.1271937628750552,3.6126384733543637,2.800021320581436e-06,8023,expanding,amazon/chronos-2,29ec3766d36d6f73f0696f85560a422f50e8498c,2.3.1,cpu,8023,8023,8192,False,2024-12-09,standard predictions output (trained 0.5 quantile),0.63222849999147,8,True,,
SPY,Chronos-2,2024-12-09,592.508056640625,2024-12-16,5,594.575439453125,588.6414794921875,2.0673828125,-3.8665771484375,1.0,-1.0,False,1.1271937628750552,5.264365503409244,2.800021320581436e-06,8023,expanding,amazon/chronos-2,29ec3766d36d6f73f0696f85560a422f50e8498c,2.3.1,cpu,8023,8023,8192,False,2024-12-09,standard predictions output (trained 0.5 quantile),0.63222849999147,8,True,,
SPY,Chronos-2,2024-12-09,592.508056640625,2025-01-08,20,579.56787109375,591.0989990234375,-12.940185546875,-1.4090576171875,-1.0,-1.0,True,1.1271937628750552,10.22994298715409,2.800021320581436e-06,8023,expanding,amazon/chronos-2,29ec3766d36d6f73f0696f85560a422f50e8498c,2.3.1,cpu,8023,8023,8192,False,2024-12-09,standard predictions output (trained 0.5 quantile),0.63222849999147,8,True,,
SPY,Chronos-2,2024-12-16,594.575439453125,2024-12-17,1,592.1259155273438,582.4469604492188,-2.44952392578125,-12.12847900390625,-1.0,-1.0,True,1.1280016919900344,8.58062106365219,3.100023604929447e-06,8028,expanding,amazon/chronos-2,29ec3766d36d6f73f0696f85560a422f50e8498c,2.3.1,cpu,8028,8028,8192,False,2024-12-16,standard predictions output (trained 0.5 quantile),0.63222849999147,8,True,,
SPY,Chronos-2,2024-12-16,594.575439453125,2024-12-23,5,584.680419921875,584.4484252929688,-9.89501953125,-10.12701416015625,-1.0,-1.0,True,1.1280016919900344,0.20566868875609773,3.100023604929447e-06,8028,expanding,amazon/chronos-2,29ec3766d36d6f73f0696f85560a422f50e8498c,2.3.1,cpu,8028,8028,8192,False,2024-12-16,standard predictions output (trained 0.5 quantile),0.63222849999147,8,True,,
SPY,Chronos-2,2024-12-16,594.575439453125,2025-01-16,20,581.6817016601562,587.8162841796875,-12.89373779296875,-6.7591552734375,-1.0,-1.0,True,1.1280016919900344,5.438451522806268,3.100023604929447e-06,8028,expanding,amazon/chronos-2,29ec3766d36d6f73f0696f85560a422f50e8498c,2.3.1,cpu,8028,8028,8192,False,2024-12-16,standard predictions output (trained 0.5 quantile),0.63222849999147,8,True,,
SPY,Chronos-2,2024-12-23,584.680419921875,2024-12-24,1,591.1790161132812,572.7354125976562,6.49859619140625,-11.94500732421875,1.0,-1.0,False,1.1311157167670263,16.305673453411835,3.500026650726795e-06,8033,expanding,amazon/chronos-2,29ec3766d36d6f73f0696f85560a422f50e8498c,2.3.1,cpu,8033,8033,8192,False,2024-12-23,standard predictions output (trained 0.5 quantile),0.63222849999147,8,True,,
SPY,Chronos-2,2024-12-23,584.680419921875,2024-12-31,5,576.2152099609375,574.845703125,-8.4652099609375,-9.834716796875,-1.0,-1.0,True,1.1311157167670263,1.2107574986685246,3.500026650726795e-06,8033,expanding,amazon/chronos-2,29ec3766d36d6f73f0696f85560a422f50e8498c,2.3.1,cpu,8033,8033,8192,False,2024-12-23,standard predictions output (trained 0.5 quantile),0.63222849999147,8,True,,
SPY,Chronos-2,2024-12-23,584.680419921875,2025-01-24,20,597.7367553710938,576.2474975585938,13.05633544921875,-8.43292236328125,1.0,-1.0,False,1.1311157167670263,18.9982841666465,3.500026650726795e-06,8033,expanding,amazon/chronos-2,29ec3766d36d6f73f0696f85560a422f50e8498c,2.3.1,cpu,8033,8033,8192,False,2024-12-23,standard predictions output (trained 0.5 quantile),0.63222849999147,8,True,,
SPY,Chronos-2,2024-12-31,576.2152099609375,2025-01-02,1,574.799560546875,574.1796875,-1.4156494140625,-2.0355224609375,-1.0,-1.0,True,1.1330923156624368,0.5470631459649474,3.00002284348011e-06,8038,expanding,amazon/chronos-2,29ec3766d36d6f73f0696f85560a422f50e8498c,2.3.1,cpu,8038,8038,8192,False,2024-12-31,standard predictions output (trained 0.5 quantile),0.63222849999147,8,True,,
SPY,Chronos-2,2024-12-31,576.2152099609375,2025-01-08,5,579.56787109375,576.0548706054688,3.3526611328125,-0.16033935546875,1.0,-1.0,False,1.1330923156624368,3.1003656451658608,3.00002284348011e-06,8038,expanding,amazon/chronos-2,29ec3766d36d6f73f0696f85560a422f50e8498c,2.3.1,cpu,8038,8038,8192,False,2024-12-31,standard predictions output (trained 0.5 quantile),0.63222849999147,8,True,,
SPY,Chronos-2,2024-12-31,576.2152099609375,2025-01-31,20,591.6902465820312,576.8621215820312,15.47503662109375,0.64691162109375,1.0,1.0,True,1.1330923156624368,13.086422699222942,3.00002284348011e-06,8038,expanding,amazon/chronos-2,29ec3766d36d6f73f0696f85560a422f50e8498c,2.3.1,cpu,8038,8038,8192,False,2024-12-31,standard predictions output (trained 0.5 quantile),0.63222849999147,8,True,,
SPY,Chronos-2,2025-01-08,579.56787109375,2025-01-10,1,570.7192993164062,578.8723754882812,-8.84857177734375,-0.69549560546875,-1.0,-1.0,True,1.1348023252148027,7.184578309999262,3.0999071896076202e-06,8043,expanding,amazon/chronos-2,29ec3766d36d6f73f0696f85560a422f50e8498c,2.3.1,cpu,8043,8043,8192,False,2025-01-08,standard predictions output (trained 0.5 quantile),0.63222849999147,8,True,,
SPY,Chronos-2,2025-01-08,579.56787109375,2025-01-16,5,581.6817016601562,580.7321166992188,2.11383056640625,1.16424560546875,1.0,1.0,True,1.1348023252148027,0.8367844688349193,3.0999071896076202e-06,8043,expanding,amazon/chronos-2,29ec3766d36d6f73f0696f85560a422f50e8498c,2.3.1,cpu,8043,8043,8192,False,2025-01-08,standard predictions output (trained 0.5 quantile),0.63222849999147,8,True,,
SPY,Chronos-2,2025-01-08,579.56787109375,2025-02-07,20,590.6580200195312,580.9663696289062,11.09014892578125,1.39849853515625,1.0,1.0,True,1.1348023252148027,8.540386440246765,3.0999071896076202e-06,8043,expanding,amazon/chronos-2,29ec3766d36d6f73f0696f85560a422f50e8498c,2.3.1,cpu,8043,8043,8192,False,2025-01-08,standard predictions output (trained 0.5 quantile),0.63222849999147,8,True,,
SPY,Chronos-2,2025-01-16,581.6817016601562,2025-01-17,1,587.5218505859375,572.3314208984375,5.84014892578125,-9.35028076171875,1.0,-1.0,False,1.1368377001015642,13.362003816501598,3.100023604929447e-06,8048,expanding,amazon/chronos-2,29ec3766d36d6f73f0696f85560a422f50e8498c,2.3.1,cpu,8048,8048,8192,False,2025-01-16,standard predictions output (trained 0.5 quantile),0.6443517500010785,8,True,,
SPY,Chronos-2,2025-01-16,581.6817016601562,2025-01-24,5,597.7367553710938,573.5540771484375,16.0550537109375,-8.12762451171875,1.0,-1.0,False,1.1368377001015642,21.271882715092744,3.100023604929447e-06,8048,expanding,amazon/chronos-2,29ec3766d36d6f73f0696f85560a422f50e8498c,2.3.1,cpu,8048,8048,8192,False,2025-01-16,standard predictions output (trained 0.5 quantile),0.6443517500010785,8,True,,
SPY,Chronos-2,2025-01-16,581.6817016601562,2025-02-14,20,599.4376831054688,573.809814453125,17.7559814453125,-7.87188720703125,1.0,-1.0,False,1.1368377001015642,22.54311996343381,3.100023604929447e-06,8048,expanding,amazon/chronos-2,29ec3766d36d6f73f0696f85560a422f50e8498c,2.3.1,cpu,8048,8048,8192,False,2025-01-16,standard predictions output (trained 0.5 quantile),0.6443517500010785,8,True,,
SPY,Chronos-2,2025-01-24,597.7367553710938,2025-01-27,1,589.2816162109375,589.9195556640625,-8.45513916015625,-7.81719970703125,-1.0,-1.0,True,1.1385603912778004,0.5603035710815866,2.9999064281582832e-06,8053,expanding,amazon/chronos-2,29ec3766d36d6f73f0696f85560a422f50e8498c,2.3.1,cpu,8053,8053,8192,False,2025-01-24,standard predictions output (trained 0.5 quantile),0.6443517500010785,8,True,,
SPY,Chronos-2,2025-01-24,597.7367553710938,2025-01-31,5,591.6902465820312,591.5855102539062,-6.0465087890625,-6.1512451171875,-1.0,-1.0,True,1.1385603912778004,0.09199013853578286,2.9999064281582832e-06,8053,expanding,amazon/chronos-2,29ec3766d36d6f73f0696f85560a422f50e8498c,2.3.1,cpu,8053,8053,8192,False,2025-01-24,standard predictions output (trained 0.5 quantile),0.6443517500010785,8,True,,
SPY,Chronos-2,2025-01-24,597.7367553710938,2025-02-24,20,587.157958984375,593.4674072265625,-10.57879638671875,-4.26934814453125,-1.0,-1.0,True,1.1385603912778004,5.541601737178332,2.9999064281582832e-06,8053,expanding,amazon/chronos-2,29ec3766d36d6f73f0696f85560a422f50e8498c,2.3.1,cpu,8053,8053,8192,False,2025-01-24,standard predictions output (trained 0.5 quantile),0.6443517500010785,8,True,,
SPY,Chronos-2,2025-01-31,591.6902465820312,2025-02-03,1,587.70849609375,588.9655151367188,-3.98175048828125,-2.7247314453125,-1.0,-1.0,True,1.1406494430384804,1.102020476703414,3.200024366378784e-06,8058,expanding,amazon/chronos-2,29ec3766d36d6f73f0696f85560a422f50e8498c,2.3.1,cpu,8058,8058,8192,False,2025-01-31,standard predictions output (trained 0.5 quantile),0.6443517500010785,8,True,,
SPY,Chronos-2,2025-01-31,591.6902465820312,2025-02-07,5,590.6580200195312,591.049072265625,-1.0322265625,-0.64117431640625,-1.0,-1.0,True,1.1406494430384804,0.3428329785986295,3.200024366378784e-06,8058,expanding,amazon/chronos-2,29ec3766d36d6f73f0696f85560a422f50e8498c,2.3.1,cpu,8058,8058,8192,False,2025-01-31,standard predictions output (trained 0.5 quantile),0.6443517500010785,8,True,,
SPY,Chronos-2,2025-01-31,591.6902465820312,2025-03-03,20,573.9441528320312,591.3422241210938,-17.74609375,-0.3480224609375,-1.0,-1.0,True,1.1406494430384804,15.252776736310182,3.200024366378784e-06,8058,expanding,amazon/chronos-2,29ec3766d36d6f73f0696f85560a422f50e8498c,2.3.1,cpu,8058,8058,8192,False,2025-01-31,standard predictions output (trained 0.5 quantile),0.6443517500010785,8,True,,
SPY,Chronos-2,2025-02-07,590.6580200195312,2025-02-10,1,594.6693115234375,582.3223876953125,4.01129150390625,-8.33563232421875,1.0,-1.0,False,1.142155426070815,10.810195833504253,3.400025889277458e-06,8063,expanding,amazon/chronos-2,29ec3766d36d6f73f0696f85560a422f50e8498c,2.3.1,cpu,8063,8063,8192,False,2025-02-07,standard predictions output (trained 0.5 quantile),0.6443517500010785,8,True,,
SPY,Chronos-2,2025-02-07,590.6580200195312,2025-02-14,5,599.4376831054688,583.5858764648438,8.7796630859375,-7.0721435546875,1.0,-1.0,False,1.142155426070815,13.878852456322496,3.400025889277458e-06,8063,expanding,amazon/chronos-2,29ec3766d36d6f73f0696f85560a422f50e8498c,2.3.1,cpu,8063,8063,8192,False,2025-02-07,standard predictions output (trained 0.5 quantile),0.6443517500010785,8,True,,
SPY,Chronos-2,2025-02-07,590.6580200195312,2025-03-10,20,551.14453125,583.2239379882812,-39.51348876953125,-7.43408203125,-1.0,-1.0,True,1.142155426070815,28.086726207342192,3.400025889277458e-06,8063,expanding,amazon/chronos-2,29ec3766d36d6f73f0696f85560a422f50e8498c,2.3.1,cpu,8063,8063,8192,False,2025-02-07,standard predictions output (trained 0.5 quantile),0.6443517500010785,8,True,,
SPY,Chronos-2,2025-02-14,599.4376831054688,2025-02-18,1,601.1975708007812,592.8478393554688,1.7598876953125,-6.58984375,1.0,-1.0,False,1.1430185180149575,7.304983527137603,3.0999071896076202e-06,8068,expanding,amazon/chronos-2,29ec3766d36d6f73f0696f85560a422f50e8498c,2.3.1,cpu,8068,8068,8192,False,2025-02-14,standard predictions output (trained 0.5 quantile),0.6443517500010785,8,True,,
SPY,Chronos-2,2025-02-14,599.4376831054688,2025-02-24,5,587.157958984375,594.1282958984375,-12.27972412109375,-5.30938720703125,-1.0,-1.0,True,1.1430185180149575,6.098183716365028,3.0999071896076202e-06,8068,expanding,amazon/chronos-2,29ec3766d36d6f73f0696f85560a422f50e8498c,2.3.1,cpu,8068,8068,8192,False,2025-02-14,standard predictions output (trained 0.5 quantile),0.6443517500010785,8,True,,
SPY,Chronos-2,2025-02-14,599.4376831054688,2025-03-17,20,557.6039428710938,594.1802978515625,-41.833740234375,-5.25738525390625,-1.0,-1.0,True,1.1430185180149575,31.999792132842867,3.0999071896076202e-06,8068,expanding,amazon/chronos-2,29ec3766d36d6f73f0696f85560a422f50e8498c,2.3.1,cpu,8068,8068,8192,False,2025-02-14,standard predictions output (trained 0.5 quantile),0.6443517500010785,8,True,,
SPY,Chronos-2,2025-02-24,587.157958984375,2025-02-25,1,584.2379150390625,589.2341918945312,-2.9200439453125,2.07623291015625,-1.0,1.0,False,1.144618610915155,4.365014519093032,3.00002284348011e-06,8073,expanding,amazon/chronos-2,29ec3766d36d6f73f0696f85560a422f50e8498c,2.3.1,cpu,8073,8073,8192,False,2025-02-24,standard predictions output (trained 0.5 quantile),0.6443517500010785,8,True,,
SPY,Chronos-2,2025-02-24,587.157958984375,2025-03-03,5,573.9441528320312,591.022705078125,-13.21380615234375,3.86474609375,-1.0,1.0,False,1.144618610915155,14.920736115271586,3.00002284348011e-06,8073,expanding,amazon/chronos-2,29ec3766d36d6f73f0696f85560a422f50e8498c,2.3.1,cpu,8073,8073,8192,False,2025-02-24,standard predictions output (trained 0.5 quantile),0.6443517500010785,8,True,,
SPY,Chronos-2,2025-02-24,587.157958984375,2025-03-24,20,566.1151733398438,591.9591674804688,-21.04278564453125,4.80120849609375,-1.0,1.0,False,1.144618610915155,22.578694679760616,3.00002284348011e-06,8073,expanding,amazon/chronos-2,29ec3766d36d6f73f0696f85560a422f50e8498c,2.3.1,cpu,8073,8073,8192,False,2025-02-24,standard predictions output (trained 0.5 quantile),0.6443517500010785,8,True,,
SPY,Chronos-2,2025-03-03,573.9441528320312,2025-03-04,1,567.1505126953125,573.1416625976562,-6.79364013671875,-0.802490234375,-1.0,-1.0,True,1.1478417526307463,5.219491178651232,3.400025889277458e-06,8078,expanding,amazon/chronos-2,29ec3766d36d6f73f0696f85560a422f50e8498c,2.3.1,cpu,8078,8078,8192,False,2025-03-03,standard predictions output (trained 0.5 quantile),0.6443517500010785,8,True,,
SPY,Chronos-2,2025-03-03,573.9441528320312,2025-03-10,5,551.14453125,574.2108154296875,-22.79962158203125,0.26666259765625,-1.0,1.0,False,1.1478417526307463,20.09535210478424,3.400025889277458e-06,8078,expanding,amazon/chronos-2,29ec3766d36d6f73f0696f85560a422f50e8498c,2.3.1,cpu,8078,8078,8192,False,2025-03-03,standard predictions output (trained 0.5 quantile),0.6443517500010785,8,True,,
SPY,Chronos-2,2025-03-03,573.9441528320312,2025-03-31,20,551.6289672851562,573.032958984375,-22.315185546875,-0.91119384765625,-1.0,-1.0,True,1.1478417526307463,18.647162511873084,3.400025889277458e-06,8078,expanding,amazon/chronos-2,29ec3766d36d6f73f0696f85560a422f50e8498c,2.3.1,cpu,8078,8078,8192,False,2025-03-03,standard predictions output (trained 0.5 quantile),0.6443517500010785,8,True,,
SPY,Chronos-2,2025-03-10,551.14453125,2025-03-11,1,546.5629272460938,547.8394165039062,-4.58160400390625,-3.30511474609375,-1.0,-1.0,True,1.1522420823234818,1.1078307912851746,2.800021320581436e-06,8083,expanding,amazon/chronos-2,29ec3766d36d6f73f0696f85560a422f50e8498c,2.3.1,cpu,8083,8083,8192,False,2025-03-10,standard predictions output (trained 0.5 quantile),0.6443517500010785,8,True,,
SPY,Chronos-2,2025-03-10,551.14453125,2025-03-17,5,557.6039428710938,548.6259155273438,6.45941162109375,-2.51861572265625,1.0,-1.0,False,1.1522420823234818,7.791789140044182,2.800021320581436e-06,8083,expanding,amazon/chronos-2,29ec3766d36d6f73f0696f85560a422f50e8498c,2.3.1,cpu,8083,8083,8192,False,2025-03-10,standard predictions output (trained 0.5 quantile),0.6443517500010785,8,True,,
SPY,Chronos-2,2025-03-10,551.14453125,2025-04-07,20,497.3821716308594,545.8131713867188,-53.762359619140625,-5.33135986328125,-1.0,-1.0,True,1.1522420823234818,42.03196576382531,2.800021320581436e-06,8083,expanding,amazon/chronos-2,29ec3766d36d6f73f0696f85560a422f50e8498c,2.3.1,cpu,8083,8083,8192,False,2025-03-10,standard predictions output (trained 0.5 quantile),0.6443517500010785,8,True,,
SPY,Chronos-2,2025-03-17,557.6039428710938,2025-03-18,1,551.5770263671875,556.2781982421875,-6.02691650390625,-1.32574462890625,-1.0,-1.0,True,1.1552729591887565,4.0693169848805315,3.100023604929447e-06,8088,expanding,amazon/chronos-2,29ec3766d36d6f73f0696f85560a422f50e8498c,2.3.1,cpu,8088,8088,8192,False,2025-03-17,standard predictions output (trained 0.5 quantile),0.6342910874955123,8,True,,
SPY,Chronos-2,2025-03-17,557.6039428710938,2025-03-24,5,566.1151733398438,557.4757080078125,8.51123046875,-0.12823486328125,1.0,-1.0,False,1.1552729591887565,7.478289233133236,3.100023604929447e-06,8088,expanding,amazon/chronos-2,29ec3766d36d6f73f0696f85560a422f50e8498c,2.3.1,cpu,8088,8088,8192,False,2025-03-17,standard predictions output (trained 0.5 quantile),0.6342910874955123,8,True,,
SPY,Chronos-2,2025-03-17,557.6039428710938,2025-04-14,20,531.64013671875,556.8070068359375,-25.96380615234375,-0.79693603515625,-1.0,-1.0,True,1.1552729591887565,21.784349678590168,3.100023604929447e-06,8088,expanding,amazon/chronos-2,29ec3766d36d6f73f0696f85560a422f50e8498c,2.3.1,cpu,8088,8088,8192,False,2025-03-17,standard predictions output (trained 0.5 quantile),0.6342910874955123,8,True,,
SPY,Chronos-2,2025-03-24,566.1151733398438,2025-03-25,1,567.4759521484375,566.8839721679688,1.36077880859375,0.768798828125,1.0,1.0,True,1.157499053132929,0.5114302071059803,3.700028173625469e-06,8093,expanding,amazon/chronos-2,29ec3766d36d6f73f0696f85560a422f50e8498c,2.3.1,cpu,8093,8093,8192,False,2025-03-24,standard predictions output (trained 0.5 quantile),0.6342910874955123,8,True,,
SPY,Chronos-2,2025-03-24,566.1151733398438,2025-03-31,5,551.6289672851562,567.3096313476562,-14.4862060546875,1.1944580078125,-1.0,1.0,False,1.157499053132929,13.547021071039449,3.700028173625469e-06,8093,expanding,amazon/chronos-2,29ec3766d36d6f73f0696f85560a422f50e8498c,2.3.1,cpu,8093,8093,8192,False,2025-03-24,standard predictions output (trained 0.5 quantile),0.6342910874955123,8,True,,
SPY,Chronos-2,2025-03-24,566.1151733398438,2025-04-22,20,519.9348754882812,567.9884643554688,-46.1802978515625,1.873291015625,-1.0,1.0,False,1.157499053132929,41.51501354331471,3.700028173625469e-06,8093,expanding,amazon/chronos-2,29ec3766d36d6f73f0696f85560a422f50e8498c,2.3.1,cpu,8093,8093,8192,False,2025-03-24,standard predictions output (trained 0.5 quantile),0.6342910874955123,8,True,,
SPY,Chronos-2,2025-03-31,551.6289672851562,2025-04-01,1,553.18701171875,553.7239990234375,1.55804443359375,2.09503173828125,1.0,1.0,True,1.1598180398921019,0.462992716286303,3.100023604929447e-06,8098,expanding,amazon/chronos-2,29ec3766d36d6f73f0696f85560a422f50e8498c,2.3.1,cpu,8098,8098,8192,False,2025-03-31,standard predictions output (trained 0.5 quantile),0.6342910874955123,8,True,,
SPY,Chronos-2,2025-03-31,551.6289672851562,2025-04-07,5,497.3821716308594,553.67578125,-54.246795654296875,2.04681396484375,-1.0,1.0,False,1.1598180398921019,48.53658736363303,3.100023604929447e-06,8098,expanding,amazon/chronos-2,29ec3766d36d6f73f0696f85560a422f50e8498c,2.3.1,cpu,8098,8098,8192,False,2025-03-31,standard predictions output (trained 0.5 quantile),0.6342910874955123,8,True,,
SPY,Chronos-2,2025-03-31,551.6289672851562,2025-04-29,20,546.6292724609375,553.394775390625,-4.99969482421875,1.76580810546875,-1.0,1.0,False,1.1598180398921019,5.833245127241594,3.100023604929447e-06,8098,expanding,amazon/chronos-2,29ec3766d36d6f73f0696f85560a422f50e8498c,2.3.1,cpu,8098,8098,8192,False,2025-03-31,standard predictions output (trained 0.5 quantile),0.6342910874955123,8,True,,
SPY,Chronos-2,2025-04-07,497.3821716308594,2025-04-08,1,489.591796875,504.1689758300781,-7.790374755859375,6.78680419921875,-1.0,1.0,False,1.1670465490547886,12.49065769217555,3.300025127828121e-06,8103,expanding,amazon/chronos-2,29ec3766d36d6f73f0696f85560a422f50e8498c,2.3.1,cpu,8103,8103,8192,False,2025-04-07,standard predictions output (trained 0.5 quantile),0.6342910874955123,8,True,,
SPY,Chronos-2,2025-04-07,497.3821716308594,2025-04-14,5,531.64013671875,505.7765197753906,34.257965087890625,8.39434814453125,1.0,1.0,True,1.1670465490547886,22.161598407798532,3.300025127828121e-06,8103,expanding,amazon/chronos-2,29ec3766d36d6f73f0696f85560a422f50e8498c,2.3.1,cpu,8103,8103,8192,False,2025-04-07,standard predictions output (trained 0.5 quantile),0.6342910874955123,8,True,,
SPY,Chronos-2,2025-04-07,497.3821716308594,2025-05-06,20,551.0471801757812,509.66973876953125,53.665008544921875,12.287567138671875,1.0,1.0,True,1.1670465490547886,35.45483377656385,3.300025127828121e-06,8103,expanding,amazon/chronos-2,29ec3766d36d6f73f0696f85560a422f50e8498c,2.3.1,cpu,8103,8103,8192,False,2025-04-07,standard predictions output (trained 0.5 quantile),0.6342910874955123,8,True,,
SPY,Chronos-2,2025-04-14,531.64013671875,2025-04-15,1,530.1511840820312,538.8820190429688,-1.48895263671875,7.24188232421875,-1.0,1.0,False,1.178322815227497,7.409544182721992,3.00002284348011e-06,8108,expanding,amazon/chronos-2,29ec3766d36d6f73f0696f85560a422f50e8498c,2.3.1,cpu,8108,8108,8192,False,2025-04-14,standard predictions output (trained 0.5 quantile),0.6342910874955123,8,True,,
SPY,Chronos-2,2025-04-14,531.64013671875,2025-04-22,5,519.9348754882812,541.2158203125,-11.70526123046875,9.57568359375,-1.0,1.0,False,1.178322815227497,18.060368983104237,3.00002284348011e-06,8108,expanding,amazon/chronos-2,29ec3766d36d6f73f0696f85560a422f50e8498c,2.3.1,cpu,8108,8108,8192,False,2025-04-14,standard predictions output (trained 0.5 quantile),0.6342910874955123,8,True,,
SPY,Chronos-2,2025-04-14,531.64013671875,2025-05-13,20,578.6981201171875,543.7725219726562,47.0579833984375,12.13238525390625,1.0,1.0,True,1.178322815227497,29.640093269167686,3.00002284348011e-06,8108,expanding,amazon/chronos-2,29ec3766d36d6f73f0696f85560a422f50e8498c,2.3.1,cpu,8108,8108,8192,False,2025-04-14,standard predictions output (trained 0.5 quantile),0.6342910874955123,8,True,,
SPY,Chronos-2,2025-04-22,519.9348754882812,2025-04-23,1,527.9915161132812,521.9986572265625,8.056640625,2.06378173828125,1.0,1.0,True,1.1824724519041165,5.068074843577578,5.699926987290382e-06,8113,expanding,amazon/chronos-2,29ec3766d36d6f73f0696f85560a422f50e8498c,2.3.1,cpu,8113,8113,8192,False,2025-04-22,standard predictions output (trained 0.5 quantile),0.6342910874955123,8,True,,
SPY,Chronos-2,2025-04-22,519.9348754882812,2025-04-29,5,546.6292724609375,522.6239013671875,26.69439697265625,2.68902587890625,1.0,1.0,True,1.1824724519041165,20.300998179783836,5.699926987290382e-06,8113,expanding,amazon/chronos-2,29ec3766d36d6f73f0696f85560a422f50e8498c,2.3.1,cpu,8113,8113,8192,False,2025-04-22,standard predictions output (trained 0.5 quantile),0.6342910874955123,8,True,,
SPY,Chronos-2,2025-04-22,519.9348754882812,2025-05-20,20,584.6246948242188,524.35498046875,64.6898193359375,4.42010498046875,1.0,1.0,True,1.1824724519041165,50.969233370652645,5.699926987290382e-06,8113,expanding,amazon/chronos-2,29ec3766d36d6f73f0696f85560a422f50e8498c,2.3.1,cpu,8113,8113,8192,False,2025-04-22,standard predictions output (trained 0.5 quantile),0.6342910874955123,8,True,,
SPY,Chronos-2,2025-04-29,546.6292724609375,2025-04-30,1,546.8462524414062,555.3768920898438,0.21697998046875,8.74761962890625,1.0,1.0,True,1.1850327617123135,7.198653002733147,3.500026650726795e-06,8118,expanding,amazon/chronos-2,29ec3766d36d6f73f0696f85560a422f50e8498c,2.3.1,cpu,8118,8118,8192,False,2025-04-29,standard predictions output (trained 0.5 quantile),0.6342910874955123,8,True,,
SPY,Chronos-2,2025-04-29,546.6292724609375,2025-05-06,5,551.0471801757812,556.9276733398438,4.41790771484375,10.29840087890625,1.0,1.0,True,1.1850327617123135,4.962304295760971,3.500026650726795e-06,8118,expanding,amazon/chronos-2,29ec3766d36d6f73f0696f85560a422f50e8498c,2.3.1,cpu,8118,8118,8192,False,2025-04-29,standard predictions output (trained 0.5 quantile),0.6342910874955123,8,True,,
SPY,Chronos-2,2025-04-29,546.6292724609375,2025-05-28,20,579.5758056640625,560.2211303710938,32.946533203125,13.59185791015625,1.0,1.0,True,1.1850327617123135,16.332607771115292,3.500026650726795e-06,8118,expanding,amazon/chronos-2,29ec3766d36d6f73f0696f85560a422f50e8498c,2.3.1,cpu,8118,8118,8192,False,2025-04-29,standard predictions output (trained 0.5 quantile),0.6342910874955123,8,True,,
SPY,Chronos-2,2025-05-06,551.0471801757812,2025-05-07,1,553.364501953125,556.1806030273438,2.31732177734375,5.1334228515625,1.0,1.0,True,1.186780079924042,2.3728920984239896,4.00003045797348e-06,8123,expanding,amazon/chronos-2,29ec3766d36d6f73f0696f85560a422f50e8498c,2.3.1,cpu,8123,8123,8192,False,2025-05-06,standard predictions output (trained 0.5 quantile),0.6342910874955123,8,True,,
SPY,Chronos-2,2025-05-06,551.0471801757812,2025-05-13,5,578.6981201171875,556.6805419921875,27.65093994140625,5.63336181640625,1.0,1.0,True,1.186780079924042,18.55236576469096,4.00003045797348e-06,8123,expanding,amazon/chronos-2,29ec3766d36d6f73f0696f85560a422f50e8498c,2.3.1,cpu,8123,8123,8192,False,2025-05-06,standard predictions output (trained 0.5 quantile),0.6342910874955123,8,True,,
SPY,Chronos-2,2025-05-06,551.0471801757812,2025-06-04,20,587.6619873046875,559.1513671875,36.61480712890625,8.10418701171875,1.0,1.0,True,1.186780079924042,24.0235074715884,4.00003045797348e-06,8123,expanding,amazon/chronos-2,29ec3766d36d6f73f0696f85560a422f50e8498c,2.3.1,cpu,8123,8123,8192,False,2025-05-06,standard predictions output (trained 0.5 quantile),0.6342910874955123,8,True,,
SPY,Chronos-2,2025-05-13,578.6981201171875,2025-05-14,1,579.437744140625,577.6909790039062,0.7396240234375,-1.00714111328125,1.0,-1.0,False,1.1896270352036544,1.4683300606225027,3.900029696524143e-06,8128,expanding,amazon/chronos-2,29ec3766d36d6f73f0696f85560a422f50e8498c,2.3.1,cpu,8128,8128,8192,False,2025-05-13,standard predictions output (trained 0.5 quantile),0.6088593250024132,8,True,,
SPY,Chronos-2,2025-05-13,578.6981201171875,2025-05-20,5,584.6246948242188,577.7205200195312,5.92657470703125,-0.97760009765625,1.0,-1.0,False,1.1896270352036544,5.803646521454148,3.900029696524143e-06,8128,expanding,amazon/chronos-2,29ec3766d36d6f73f0696f85560a422f50e8498c,2.3.1,cpu,8128,8128,8192,False,2025-05-13,standard predictions output (trained 0.5 quantile),0.6088593250024132,8,True,,
SPY,Chronos-2,2025-05-13,578.6981201171875,2025-06-11,20,593.0166625976562,579.8681640625,14.31854248046875,1.1700439453125,1.0,1.0,True,1.1896270352036544,11.052622499374634,3.900029696524143e-06,8128,expanding,amazon/chronos-2,29ec3766d36d6f73f0696f85560a422f50e8498c,2.3.1,cpu,8128,8128,8192,False,2025-05-13,standard predictions output (trained 0.5 quantile),0.6088593250024132,8,True,,
SPY,Chronos-2,2025-05-20,584.6246948242188,2025-05-21,1,574.7733764648438,585.06591796875,-9.851318359375,0.44122314453125,-1.0,1.0,False,1.190109452765034,8.648399086313558,3.7999125197529793e-06,8133,expanding,amazon/chronos-2,29ec3766d36d6f73f0696f85560a422f50e8498c,2.3.1,cpu,8133,8133,8192,False,2025-05-20,standard predictions output (trained 0.5 quantile),0.6088593250024132,8,True,,
SPY,Chronos-2,2025-05-20,584.6246948242188,2025-05-28,5,579.5758056640625,585.562255859375,-5.04888916015625,0.93756103515625,-1.0,1.0,False,1.190109452765034,5.030167755918512,3.7999125197529793e-06,8133,expanding,amazon/chronos-2,29ec3766d36d6f73f0696f85560a422f50e8498c,2.3.1,cpu,8133,8133,8192,False,2025-05-20,standard predictions output (trained 0.5 quantile),0.6088593250024132,8,True,,
SPY,Chronos-2,2025-05-20,584.6246948242188,2025-06-18,20,589.1510009765625,586.8775634765625,4.52630615234375,2.25286865234375,1.0,1.0,True,1.190109452765034,1.9102759790017818,3.7999125197529793e-06,8133,expanding,amazon/chronos-2,29ec3766d36d6f73f0696f85560a422f50e8498c,2.3.1,cpu,8133,8133,8192,False,2025-05-20,standard predictions output (trained 0.5 quantile),0.6088593250024132,8,True,,
SPY,Chronos-2,2025-05-28,579.5758056640625,2025-05-29,1,581.8635864257812,578.3311767578125,2.28778076171875,-1.24462890625,1.0,-1.0,False,1.1929726761800001,2.961014731099983,3.6999117583036423e-06,8138,expanding,amazon/chronos-2,29ec3766d36d6f73f0696f85560a422f50e8498c,2.3.1,cpu,8138,8138,8192,False,2025-05-28,standard predictions output (trained 0.5 quantile),0.6088593250024132,8,True,,
SPY,Chronos-2,2025-05-28,579.5758056640625,2025-06-04,5,587.6619873046875,579.1822509765625,8.086181640625,-0.3935546875,1.0,-1.0,False,1.1929726761800001,7.108072546370329,3.6999117583036423e-06,8138,expanding,amazon/chronos-2,29ec3766d36d6f73f0696f85560a422f50e8498c,2.3.1,cpu,8138,8138,8192,False,2025-05-28,standard predictions output (trained 0.5 quantile),0.6088593250024132,8,True,,
SPY,Chronos-2,2025-05-28,579.5758056640625,2025-06-26,20,605.1646118164062,580.34423828125,25.58880615234375,0.7684326171875,1.0,1.0,True,1.1929726761800001,20.80548367179137,3.6999117583036423e-06,8138,expanding,amazon/chronos-2,29ec3766d36d6f73f0696f85560a422f50e8498c,2.3.1,cpu,8138,8138,8192,False,2025-05-28,standard predictions output (trained 0.5 quantile),0.6088593250024132,8,True,,
SPY,Chronos-2,2025-06-04,587.6619873046875,2025-06-05,1,584.8219604492188,580.1071166992188,-2.84002685546875,-7.55487060546875,-1.0,-1.0,True,1.193431839255378,3.9506602680734146,3.600027412176132e-06,8143,expanding,amazon/chronos-2,29ec3766d36d6f73f0696f85560a422f50e8498c,2.3.1,cpu,8143,8143,8192,False,2025-06-04,standard predictions output (trained 0.5 quantile),0.6088593250024132,8,True,,
SPY,Chronos-2,2025-06-04,587.6619873046875,2025-06-11,5,593.0166625976562,581.06103515625,5.35467529296875,-6.6009521484375,1.0,-1.0,False,1.193431839255378,10.01785527095185,3.600027412176132e-06,8143,expanding,amazon/chronos-2,29ec3766d36d6f73f0696f85560a422f50e8498c,2.3.1,cpu,8143,8143,8192,False,2025-06-04,standard predictions output (trained 0.5 quantile),0.6088593250024132,8,True,,
SPY,Chronos-2,2025-06-04,587.6619873046875,2025-07-03,20,618.4869995117188,582.747802734375,30.82501220703125,-4.9141845703125,1.0,-1.0,False,1.193431839255378,29.946575582936205,3.600027412176132e-06,8143,expanding,amazon/chronos-2,29ec3766d36d6f73f0696f85560a422f50e8498c,2.3.1,cpu,8143,8143,8192,False,2025-06-04,standard predictions output (trained 0.5 quantile),0.6088593250024132,8,True,,
SPY,Chronos-2,2025-06-11,593.0166625976562,2025-06-12,1,595.3734741210938,590.421630859375,2.3568115234375,-2.59503173828125,1.0,-1.0,False,1.1944702315128581,4.145639741433309,3.600027412176132e-06,8148,expanding,amazon/chronos-2,29ec3766d36d6f73f0696f85560a422f50e8498c,2.3.1,cpu,8148,8148,8192,False,2025-06-11,standard predictions output (trained 0.5 quantile),0.6088593250024132,8,True,,
SPY,Chronos-2,2025-06-11,593.0166625976562,2025-06-18,5,589.1510009765625,591.3705444335938,-3.86566162109375,-1.6461181640625,-1.0,-1.0,True,1.1944702315128581,1.8581823125219987,3.600027412176132e-06,8148,expanding,amazon/chronos-2,29ec3766d36d6f73f0696f85560a422f50e8498c,2.3.1,cpu,8148,8148,8192,False,2025-06-11,standard predictions output (trained 0.5 quantile),0.6088593250024132,8,True,,
SPY,Chronos-2,2025-06-11,593.0166625976562,2025-07-11,20,616.7858276367188,592.2510375976562,23.7691650390625,-0.765625,1.0,-1.0,False,1.1944702315128581,20.54031100296901,3.600027412176132e-06,8148,expanding,amazon/chronos-2,29ec3766d36d6f73f0696f85560a422f50e8498c,2.3.1,cpu,8148,8148,8192,False,2025-06-11,standard predictions output (trained 0.5 quantile),0.6088593250024132,8,True,,
SPY,Chronos-2,2025-06-18,589.1510009765625,2025-06-20,1,587.7673950195312,584.2508544921875,-1.38360595703125,-4.900146484375,-1.0,-1.0,True,1.1961642266255719,2.939847597067883,3.600027412176132e-06,8153,expanding,amazon/chronos-2,29ec3766d36d6f73f0696f85560a422f50e8498c,2.3.1,cpu,8153,8153,8192,False,2025-06-18,standard predictions output (trained 0.5 quantile),0.6088593250024132,8,True,,
SPY,Chronos-2,2025-06-18,589.1510009765625,2025-06-26,5,605.1646118164062,585.0881958007812,16.01361083984375,-4.06280517578125,1.0,-1.0,False,1.1961642266255719,16.783996351622545,3.600027412176132e-06,8153,expanding,amazon/chronos-2,29ec3766d36d6f73f0696f85560a422f50e8498c,2.3.1,cpu,8153,8153,8192,False,2025-06-18,standard predictions output (trained 0.5 quantile),0.6088593250024132,8,True,,
SPY,Chronos-2,2025-06-18,589.1510009765625,2025-07-18,20,620.7024536132812,586.3895263671875,31.55145263671875,-2.761474609375,1.0,-1.0,False,1.1961642266255719,28.68579956022587,3.600027412176132e-06,8153,expanding,amazon/chronos-2,29ec3766d36d6f73f0696f85560a422f50e8498c,2.3.1,cpu,8153,8153,8192,False,2025-06-18,standard predictions output (trained 0.5 quantile),0.6088593250024132,8,True,,
SPY,Chronos-2,2025-06-26,605.1646118164062,2025-06-27,1,608.1712646484375,594.881591796875,3.00665283203125,-10.28302001953125,1.0,-1.0,False,1.1977334311886194,11.095684987580212,3.999914042651653e-06,8158,expanding,amazon/chronos-2,29ec3766d36d6f73f0696f85560a422f50e8498c,2.3.1,cpu,8158,8158,8192,False,2025-06-26,standard predictions output (trained 0.5 quantile),0.6088593250024132,8,True,,
SPY,Chronos-2,2025-06-26,605.1646118164062,2025-07-03,5,618.4869995117188,594.224365234375,13.3223876953125,-10.94024658203125,1.0,-1.0,False,1.1977334311886194,20.257123701778735,3.999914042651653e-06,8158,expanding,amazon/chronos-2,29ec3766d36d6f73f0696f85560a422f50e8498c,2.3.1,cpu,8158,8158,8192,False,2025-06-26,standard predictions output (trained 0.5 quantile),0.6088593250024132,8,True,,
SPY,Chronos-2,2025-06-26,605.1646118164062,2025-07-25,20,630.1181030273438,595.072509765625,24.9534912109375,-10.09210205078125,1.0,-1.0,False,1.1977334311886194,29.259927417188173,3.999914042651653e-06,8158,expanding,amazon/chronos-2,29ec3766d36d6f73f0696f85560a422f50e8498c,2.3.1,cpu,8158,8158,8192,False,2025-06-26,standard predictions output (trained 0.5 quantile),0.6088593250024132,8,True,,
SPY,Chronos-2,2025-07-03,618.4869995117188,2025-07-07,1,613.8780517578125,610.04052734375,-4.60894775390625,-8.44647216796875,-1.0,-1.0,True,1.1986804233991293,3.2014574853740685,3.999914042651653e-06,8163,expanding,amazon/chronos-2,29ec3766d36d6f73f0696f85560a422f50e8498c,2.3.1,cpu,8163,8163,8192,False,2025-07-03,standard predictions output (trained 0.5 quantile),0.6088593250024132,8,True,,
SPY,Chronos-2,2025-07-03,618.4869995117188,2025-07-11,5,616.7858276367188,610.2572021484375,-1.701171875,-8.22979736328125,-1.0,-1.0,True,1.1986804233991293,5.446510480055941,3.999914042651653e-06,8163,expanding,amazon/chronos-2,29ec3766d36d6f73f0696f85560a422f50e8498c,2.3.1,cpu,8163,8163,8192,False,2025-07-03,standard predictions output (trained 0.5 quantile),0.6088593250024132,8,True,,
SPY,Chronos-2,2025-07-03,618.4869995117188,2025-08-01,20,614.9066162109375,610.8856811523438,-3.58038330078125,-7.601318359375,-1.0,-1.0,True,1.1986804233991293,3.354467946670456,3.999914042651653e-06,8163,expanding,amazon/chronos-2,29ec3766d36d6f73f0696f85560a422f50e8498c,2.3.1,cpu,8163,8163,8192,False,2025-07-03,standard predictions output (trained 0.5 quantile),0.6088593250024132,8,True,,
SPY,Chronos-2,2025-07-11,616.7858276367188,2025-07-14,1,617.9628295898438,612.199462890625,1.177001953125,-4.58636474609375,1.0,-1.0,False,1.1994821392688495,4.804879131198935,3.900029696524143e-06,8168,expanding,amazon/chronos-2,29ec3766d36d6f73f0696f85560a422f50e8498c,2.3.1,cpu,8168,8168,8192,False,2025-07-11,standard predictions output (trained 0.5 quantile),0.6107779250014573,8,True,,
SPY,Chronos-2,2025-07-11,616.7858276367188,2025-07-18,5,620.7024536132812,612.90673828125,3.9166259765625,-3.87908935546875,1.0,-1.0,False,1.1994821392688495,6.499234191834793,3.900029696524143e-06,8168,expanding,amazon/chronos-2,29ec3766d36d6f73f0696f85560a422f50e8498c,2.3.1,cpu,8168,8168,8192,False,2025-07-11,standard predictions output (trained 0.5 quantile),0.6107779250014573,8,True,,
SPY,Chronos-2,2025-07-11,616.7858276367188,2025-08-08,20,630.1972045898438,614.2840576171875,13.411376953125,-2.50177001953125,1.0,-1.0,False,1.1994821392688495,13.266681054839374,3.900029696524143e-06,8168,expanding,amazon/chronos-2,29ec3766d36d6f73f0696f85560a422f50e8498c,2.3.1,cpu,8168,8168,8192,False,2025-07-11,standard predictions output (trained 0.5 quantile),0.6107779250014573,8,True,,
SPY,Chronos-2,2025-07-18,620.7024536132812,2025-07-21,1,621.87939453125,608.8278198242188,1.17694091796875,-11.8746337890625,1.0,-1.0,False,1.1999851372448533,10.876446967499495,3.900029696524143e-06,8173,expanding,amazon/chronos-2,29ec3766d36d6f73f0696f85560a422f50e8498c,2.3.1,cpu,8173,8173,8192,False,2025-07-18,standard predictions output (trained 0.5 quantile),0.6107779250014573,8,True,,
SPY,Chronos-2,2025-07-18,620.7024536132812,2025-07-25,5,630.1181030273438,610.1716918945312,9.4156494140625,-10.53076171875,1.0,-1.0,False,1.1999851372448533,16.62221515393861,3.900029696524143e-06,8173,expanding,amazon/chronos-2,29ec3766d36d6f73f0696f85560a422f50e8498c,2.3.1,cpu,8173,8173,8192,False,2025-07-18,standard predictions output (trained 0.5 quantile),0.6107779250014573,8,True,,
SPY,Chronos-2,2025-07-18,620.7024536132812,2025-08-15,20,636.388671875,612.0744018554688,15.68621826171875,-8.6280517578125,1.0,-1.0,False,1.1999851372448533,20.262142642330076,3.900029696524143e-06,8173,expanding,amazon/chronos-2,29ec3766d36d6f73f0696f85560a422f50e8498c,2.3.1,cpu,8173,8173,8192,False,2025-07-18,standard predictions output (trained 0.5 quantile),0.6107779250014573,8,True,,
SPY,Chronos-2,2025-07-25,630.1181030273438,2025-07-28,1,629.9598388671875,617.5110473632812,-0.15826416015625,-12.6070556640625,-1.0,-1.0,True,1.200402860581999,10.370511361386313,3.3999094739556313e-06,8178,expanding,amazon/chronos-2,29ec3766d36d6f73f0696f85560a422f50e8498c,2.3.1,cpu,8178,8178,8192,False,2025-07-25,standard predictions output (trained 0.5 quantile),0.6107779250014573,8,True,,
SPY,Chronos-2,2025-07-25,630.1181030273438,2025-08-01,5,614.9066162109375,618.7547607421875,-15.21148681640625,-11.36334228515625,-1.0,-1.0,True,1.200402860581999,3.2057108972435135,3.3999094739556313e-06,8178,expanding,amazon/chronos-2,29ec3766d36d6f73f0696f85560a422f50e8498c,2.3.1,cpu,8178,8178,8192,False,2025-07-25,standard predictions output (trained 0.5 quantile),0.6107779250014573,8,True,,
SPY,Chronos-2,2025-07-25,630.1181030273438,2025-08-22,20,638.2381591796875,621.2219848632812,8.12005615234375,-8.8961181640625,1.0,-1.0,False,1.200402860581999,14.175386343344925,3.3999094739556313e-06,8178,expanding,amazon/chronos-2,29ec3766d36d6f73f0696f85560a422f50e8498c,2.3.1,cpu,8178,8178,8192,False,2025-07-25,standard predictions output (trained 0.5 quantile),0.6107779250014573,8,True,,
SPY,Chronos-2,2025-08-01,614.9066162109375,2025-08-04,1,624.2530517578125,614.6246948242188,9.346435546875,-0.28192138671875,1.0,-1.0,False,1.2015284377652666,8.01342409464866,3.6999117583036423e-06,8183,expanding,amazon/chronos-2,29ec3766d36d6f73f0696f85560a422f50e8498c,2.3.1,cpu,8183,8183,8192,False,2025-08-01,standard predictions output (trained 0.5 quantile),0.6107779250014573,8,True,,
SPY,Chronos-2,2025-08-01,614.9066162109375,2025-08-08,5,630.1972045898438,616.34912109375,15.29058837890625,1.4425048828125,1.0,1.0,True,1.2015284377652666,11.525389712664582,3.6999117583036423e-06,8183,expanding,amazon/chronos-2,29ec3766d36d6f73f0696f85560a422f50e8498c,2.3.1,cpu,8183,8183,8192,False,2025-08-01,standard predictions output (trained 0.5 quantile),0.6107779250014573,8,True,,
SPY,Chronos-2,2025-08-01,614.9066162109375,2025-08-29,20,637.98095703125,616.0706787109375,23.0743408203125,1.1640625,1.0,1.0,True,1.2015284377652666,18.23533894966616,3.6999117583036423e-06,8183,expanding,amazon/chronos-2,29ec3766d36d6f73f0696f85560a422f50e8498c,2.3.1,cpu,8183,8183,8192,False,2025-08-01,standard predictions output (trained 0.5 quantile),0.6107779250014573,8,True,,
SPY,Chronos-2,2025-08-08,630.1972045898438,2025-08-11,1,628.9510498046875,619.79736328125,-1.24615478515625,-10.39984130859375,-1.0,-1.0,True,1.2035635229110484,7.60548683072212,3.400025889277458e-06,8188,expanding,amazon/chronos-2,29ec3766d36d6f73f0696f85560a422f50e8498c,2.3.1,cpu,8188,8188,8192,False,2025-08-08,standard predictions output (trained 0.5 quantile),0.6107779250014573,8,True,,
SPY,Chronos-2,2025-08-08,630.1972045898438,2025-08-15,5,636.388671875,620.504150390625,6.19146728515625,-9.69305419921875,1.0,-1.0,False,1.2035635229110484,13.197908695301141,3.400025889277458e-06,8188,expanding,amazon/chronos-2,29ec3766d36d6f73f0696f85560a422f50e8498c,2.3.1,cpu,8188,8188,8192,False,2025-08-08,standard predictions output (trained 0.5 quantile),0.6107779250014573,8,True,,
SPY,Chronos-2,2025-08-08,630.1972045898438,2025-09-08,20,641.7196044921875,621.0711669921875,11.52239990234375,-9.12603759765625,1.0,-1.0,False,1.2035635229110484,17.15608449985075,3.400025889277458e-06,8188,expanding,amazon/chronos-2,29ec3766d36d6f73f0696f85560a422f50e8498c,2.3.1,cpu,8188,8188,8192,False,2025-08-08,standard predictions output (trained 0.5 quantile),0.6107779250014573,8,True,,
SPY,Chronos-2,2025-08-15,636.388671875,2025-08-18,1,636.2501220703125,626.84765625,-0.1385498046875,-9.541015625,-1.0,-1.0,True,1.2042535590007903,7.807712711361254,3.400025889277458e-06,8193,expanding,amazon/chronos-2,29ec3766d36d6f73f0696f85560a422f50e8498c,2.3.1,cpu,8193,8192,8192,True,2025-08-15,standard predictions output (trained 0.5 quantile),0.6107779250014573,8,True,,
SPY,Chronos-2,2025-08-15,636.388671875,2025-08-22,5,638.2381591796875,628.0982055664062,1.8494873046875,-8.29046630859375,1.0,-1.0,False,1.2042535590007903,8.420115130649654,3.400025889277458e-06,8193,expanding,amazon/chronos-2,29ec3766d36d6f73f0696f85560a422f50e8498c,2.3.1,cpu,8193,8192,8192,True,2025-08-15,standard predictions output (trained 0.5 quantile),0.6107779250014573,8,True,,
SPY,Chronos-2,2025-08-15,636.388671875,2025-09-15,20,653.6671752929688,631.41748046875,17.27850341796875,-4.97119140625,1.0,-1.0,False,1.2042535590007903,18.47592199991509,3.400025889277458e-06,8193,expanding,amazon/chronos-2,29ec3766d36d6f73f0696f85560a422f50e8498c,2.3.1,cpu,8193,8192,8192,True,2025-08-15,standard predictions output (trained 0.5 quantile),0.6107779250014573,8,True,,
SPY,Chronos-2,2025-08-22,638.2381591796875,2025-08-25,1,635.4292602539062,627.5953369140625,-2.80889892578125,-10.642822265625,-1.0,-1.0,True,1.2056486151400787,6.497683687824385,3.400025889277458e-06,8198,expanding,amazon/chronos-2,29ec3766d36d6f73f0696f85560a422f50e8498c,2.3.1,cpu,8198,8192,8192,True,2025-08-22,standard predictions output (trained 0.5 quantile),0.6107779250014573,8,True,,
SPY,Chronos-2,2025-08-22,638.2381591796875,2025-08-29,5,637.98095703125,629.0363159179688,-0.2572021484375,-9.20184326171875,-1.0,-1.0,True,1.2056486151400787,7.418945288832778,3.400025889277458e-06,8198,expanding,amazon/chronos-2,29ec3766d36d6f73f0696f85560a422f50e8498c,2.3.1,cpu,8198,8192,8192,True,2025-08-22,standard predictions output (trained 0.5 quantile),0.6107779250014573,8,True,,
SPY,Chronos-2,2025-08-22,638.2381591796875,2025-09-22,20,661.3606567382812,631.2388916015625,23.12249755859375,-6.999267578125,1.0,-1.0,False,1.2056486151400787,24.983867404201384,3.400025889277458e-06,8198,expanding,amazon/chronos-2,29ec3766d36d6f73f0696f85560a422f50e8498c,2.3.1,cpu,8198,8192,8192,True,2025-08-22,standard predictions output (trained 0.5 quantile),0.6107779250014573,8,True,,
SPY,Chronos-2,2025-08-29,637.98095703125,2025-09-02,1,633.25341796875,628.3463745117188,-4.7275390625,-9.63458251953125,-1.0,-1.0,True,1.2065005568695257,4.067170486653916,3.700028173625469e-06,8203,expanding,amazon/chronos-2,29ec3766d36d6f73f0696f85560a422f50e8498c,2.3.1,cpu,8203,8192,8192,True,2025-08-29,standard predictions output (trained 0.5 quantile),0.6107779250014573,8,True,,
SPY,Chronos-2,2025-08-29,637.98095703125,2025-09-08,5,641.7196044921875,629.7346801757812,3.7386474609375,-8.24627685546875,1.0,-1.0,False,1.2065005568695257,9.933625184146793,3.700028173625469e-06,8203,expanding,amazon/chronos-2,29ec3766d36d6f73f0696f85560a422f50e8498c,2.3.1,cpu,8203,8192,8192,True,2025-08-29,standard predictions output (trained 0.5 quantile),0.6107779250014573,8,True,,
SPY,Chronos-2,2025-08-29,637.98095703125,2025-09-29,20,658.2266845703125,630.9071044921875,20.2457275390625,-7.0738525390625,1.0,-1.0,False,1.2065005568695257,22.6436531028302,3.700028173625469e-06,8203,expanding,amazon/chronos-2,29ec3766d36d6f73f0696f85560a422f50e8498c,2.3.1,cpu,8203,8192,8192,True,2025-08-29,standard predictions output (trained 0.5 quantile),0.6107779250014573,8,True,,
SPY,Chronos-2,2025-09-08,641.7196044921875,2025-09-09,1,643.203125,632.9815673828125,1.4835205078125,-8.738037109375,1.0,-1.0,False,1.2078262808785685,8.46277132647948,3.5999109968543053e-06,8208,expanding,amazon/chronos-2,29ec3766d36d6f73f0696f85560a422f50e8498c,2.3.1,cpu,8208,8192,8192,True,2025-09-08,standard predictions output (trained 0.5 quantile),0.6122139124927344,8,True,,
SPY,Chronos-2,2025-09-08,641.7196044921875,2025-09-15,5,653.6671752929688,634.7335205078125,11.94757080078125,-6.986083984375,1.0,-1.0,False,1.2078262808785685,15.675809580318106,3.5999109968543053e-06,8208,expanding,amazon/chronos-2,29ec3766d36d6f73f0696f85560a422f50e8498c,2.3.1,cpu,8208,8192,8192,True,2025-09-08,standard predictions output (trained 0.5 quantile),0.6122139124927344,8,True,,
SPY,Chronos-2,2025-09-08,641.7196044921875,2025-10-06,20,666.0914916992188,637.583984375,24.37188720703125,-4.1356201171875,1.0,-1.0,False,1.2078262808785685,23.60232408876092,3.5999109968543053e-06,8208,expanding,amazon/chronos-2,29ec3766d36d6f73f0696f85560a422f50e8498c,2.3.1,cpu,8208,8192,8192,True,2025-09-08,standard predictions output (trained 0.5 quantile),0.6122139124927344,8,True,,
SPY,Chronos-2,2025-09-15,653.6671752929688,2025-09-16,1,652.76708984375,638.9773559570312,-0.90008544921875,-14.6898193359375,-1.0,-1.0,True,1.2085987923497177,11.409686964777787,3.600027412176132e-06,8213,expanding,amazon/chronos-2,29ec3766d36d6f73f0696f85560a422f50e8498c,2.3.1,cpu,8213,8192,8192,True,2025-09-15,standard predictions output (trained 0.5 quantile),0.6122139124927344,8,True,,
SPY,Chronos-2,2025-09-15,653.6671752929688,2025-09-22,5,661.3606567382812,640.1287841796875,7.6934814453125,-13.53839111328125,1.0,-1.0,False,1.2085987923497177,17.567345502071408,3.600027412176132e-06,8213,expanding,amazon/chronos-2,29ec3766d36d6f73f0696f85560a422f50e8498c,2.3.1,cpu,8213,8192,8192,True,2025-09-15,standard predictions output (trained 0.5 quantile),0.6122139124927344,8,True,,
SPY,Chronos-2,2025-09-15,653.6671752929688,2025-10-13,20,657.5919189453125,641.759521484375,3.92474365234375,-11.90765380859375,1.0,-1.0,False,1.2085987923497177,13.099795863734629,3.600027412176132e-06,8213,expanding,amazon/chronos-2,29ec3766d36d6f73f0696f85560a422f50e8498c,2.3.1,cpu,8213,8192,8192,True,2025-09-15,standard predictions output (trained 0.5 quantile),0.6122139124927344,8,True,,
SPY,Chronos-2,2025-09-22,661.3606567382812,2025-09-23,1,657.7606201171875,648.251220703125,-3.60003662109375,-13.10943603515625,-1.0,-1.0,True,1.2092161230816378,7.864102398691298,4.100031219422817e-06,8218,expanding,amazon/chronos-2,29ec3766d36d6f73f0696f85560a422f50e8498c,2.3.1,cpu,8218,8192,8192,True,2025-09-22,standard predictions output (trained 0.5 quantile),0.6122139124927344,8,True,,
SPY,Chronos-2,2025-09-22,661.3606567382812,2025-09-29,5,658.2266845703125,649.1944580078125,-3.13397216796875,-12.16619873046875,-1.0,-1.0,True,1.2092161230816378,7.469489026892679,4.100031219422817e-06,8218,expanding,amazon/chronos-2,29ec3766d36d6f73f0696f85560a422f50e8498c,2.3.1,cpu,8218,8192,8192,True,2025-09-22,standard predictions output (trained 0.5 quantile),0.6122139124927344,8,True,,
SPY,Chronos-2,2025-09-22,661.3606567382812,2025-10-20,20,665.7840576171875,651.5589599609375,4.42340087890625,-9.80169677734375,1.0,-1.0,False,1.2092161230816378,11.76390008760214,4.100031219422817e-06,8218,expanding,amazon/chronos-2,29ec3766d36d6f73f0696f85560a422f50e8498c,2.3.1,cpu,8218,8192,8192,True,2025-09-22,standard predictions output (trained 0.5 quantile),0.6122139124927344,8,True,,
SPY,Chronos-2,2025-09-29,658.2266845703125,2025-09-30,1,660.7061157226562,646.1043701171875,2.47943115234375,-12.122314453125,1.0,-1.0,False,1.2102201819506857,12.06536283499505,3.4999102354049683e-06,8223,expanding,amazon/chronos-2,29ec3766d36d6f73f0696f85560a422f50e8498c,2.3.1,cpu,8223,8192,8192,True,2025-09-29,standard predictions output (trained 0.5 quantile),0.6122139124927344,8,True,,
SPY,Chronos-2,2025-09-29,658.2266845703125,2025-10-06,5,666.0914916992188,648.335693359375,7.86480712890625,-9.8909912109375,1.0,-1.0,False,1.2102201819506857,14.671543744398791,3.4999102354049683e-06,8223,expanding,amazon/chronos-2,29ec3766d36d6f73f0696f85560a422f50e8498c,2.3.1,cpu,8223,8192,8192,True,2025-09-29,standard predictions output (trained 0.5 quantile),0.6122139124927344,8,True,,
SPY,Chronos-2,2025-09-29,658.2266845703125,2025-10-27,20,679.6094970703125,648.63134765625,21.3828125,-9.5953369140625,1.0,-1.0,False,1.2102201819506857,25.5971185046101,3.4999102354049683e-06,8223,expanding,amazon/chronos-2,29ec3766d36d6f73f0696f85560a422f50e8498c,2.3.1,cpu,8223,8192,8192,True,2025-09-29,standard predictions output (trained 0.5 quantile),0.6122139124927344,8,True,,
SPY,Chronos-2,2025-10-06,666.0914916992188,2025-10-07,1,663.6219482421875,650.56396484375,-2.46954345703125,-15.52752685546875,-1.0,-1.0,True,1.2104430286189078,10.787771989018275,3.899913281202316e-06,8228,expanding,amazon/chronos-2,29ec3766d36d6f73f0696f85560a422f50e8498c,2.3.1,cpu,8228,8192,8192,True,2025-10-06,standard predictions output (trained 0.5 quantile),0.6122139124927344,8,True,,
SPY,Chronos-2,2025-10-06,666.0914916992188,2025-10-13,5,657.5919189453125,652.75537109375,-8.49957275390625,-13.33612060546875,-1.0,-1.0,True,1.2104430286189078,3.995684007599191,3.899913281202316e-06,8228,expanding,amazon/chronos-2,29ec3766d36d6f73f0696f85560a422f50e8498c,2.3.1,cpu,8228,8192,8192,True,2025-10-06,standard predictions output (trained 0.5 quantile),0.6122139124927344,8,True,,
SPY,Chronos-2,2025-10-06,666.0914916992188,2025-11-03,20,677.7251586914062,651.0534057617188,11.6336669921875,-15.0380859375,1.0,-1.0,False,1.2104430286189078,22.034703244248888,3.899913281202316e-06,8228,expanding,amazon/chronos-2,29ec3766d36d6f73f0696f85560a422f50e8498c,2.3.1,cpu,8228,8192,8192,True,2025-10-06,standard predictions output (trained 0.5 quantile),0.6122139124927344,8,True,,
SPY,Chronos-2,2025-10-13,657.5919189453125,2025-10-14,1,656.78857421875,649.9357299804688,-0.8033447265625,-7.65618896484375,-1.0,-1.0,True,1.2141161521044141,5.64430695234825,3.600027412176132e-06,8233,expanding,amazon/chronos-2,29ec3766d36d6f73f0696f85560a422f50e8498c,2.3.1,cpu,8233,8192,8192,True,2025-10-13,standard predictions output (trained 0.5 quantile),0.6122139124927344,8,True,,
SPY,Chronos-2,2025-10-13,657.5919189453125,2025-10-20,5,665.7840576171875,652.4479370117188,8.192138671875,-5.14398193359375,1.0,-1.0,False,1.2141161521044141,10.984221388005917,3.600027412176132e-06,8233,expanding,amazon/chronos-2,29ec3766d36d6f73f0696f85560a422f50e8498c,2.3.1,cpu,8233,8192,8192,True,2025-10-13,standard predictions output (trained 0.5 quantile),0.6122139124927344,8,True,,
SPY,Chronos-2,2025-10-13,657.5919189453125,2025-11-10,20,675.8407592773438,649.6199951171875,18.24884033203125,-7.971923828125,1.0,-1.0,False,1.2141161521044141,21.596586220114187,3.600027412176132e-06,8233,expanding,amazon/chronos-2,29ec3766d36d6f73f0696f85560a422f50e8498c,2.3.1,cpu,8233,8192,8192,True,2025-10-13,standard predictions output (trained 0.5 quantile),0.6122139124927344,8,True,,
SPY,Chronos-2,2025-10-20,665.7840576171875,2025-10-21,1,665.7741088867188,652.940185546875,-0.00994873046875,-12.8438720703125,-1.0,-1.0,True,1.2156596265401283,10.557168355068432,3.200024366378784e-06,8238,expanding,amazon/chronos-2,29ec3766d36d6f73f0696f85560a422f50e8498c,2.3.1,cpu,8238,8192,8192,True,2025-10-20,standard predictions output (trained 0.5 quantile),0.6122139124927344,8,True,,
SPY,Chronos-2,2025-10-20,665.7840576171875,2025-10-27,5,679.6094970703125,655.2606201171875,13.825439453125,-10.5234375,1.0,-1.0,False,1.2156596265401283,20.029353958578024,3.200024366378784e-06,8238,expanding,amazon/chronos-2,29ec3766d36d6f73f0696f85560a422f50e8498c,2.3.1,cpu,8238,8192,8192,True,2025-10-20,standard predictions output (trained 0.5 quantile),0.6122139124927344,8,True,,
SPY,Chronos-2,2025-10-20,665.7840576171875,2025-11-17,20,660.2002563476562,653.6561889648438,-5.58380126953125,-12.12786865234375,-1.0,-1.0,True,1.2156596265401283,5.383141168747603,3.200024366378784e-06,8238,expanding,amazon/chronos-2,29ec3766d36d6f73f0696f85560a422f50e8498c,2.3.1,cpu,8238,8192,8192,True,2025-10-20,standard predictions output (trained 0.5 quantile),0.6122139124927344,8,True,,
SPY,Chronos-2,2025-10-27,679.6094970703125,2025-10-28,1,681.41455078125,660.681640625,1.8050537109375,-18.9278564453125,1.0,-1.0,False,1.2174419179989049,17.029896744748566,3.3999094739556313e-06,8243,expanding,amazon/chronos-2,29ec3766d36d6f73f0696f85560a422f50e8498c,2.3.1,cpu,8243,8192,8192,True,2025-10-27,standard predictions output (trained 0.5 quantile),0.6122139124927344,8,True,,
SPY,Chronos-2,2025-10-27,679.6094970703125,2025-11-03,5,677.7251586914062,662.982421875,-1.88433837890625,-16.6270751953125,-1.0,-1.0,True,1.2174419179989049,12.10960177931011,3.3999094739556313e-06,8243,expanding,amazon/chronos-2,29ec3766d36d6f73f0696f85560a422f50e8498c,2.3.1,cpu,8243,8192,8192,True,2025-10-27,standard predictions output (trained 0.5 quantile),0.6122139124927344,8,True,,
SPY,Chronos-2,2025-10-27,679.6094970703125,2025-11-24,20,663.2351684570312,663.6964721679688,-16.37432861328125,-15.91302490234375,-1.0,-1.0,True,1.2174419179989049,0.3789122948023176,3.3999094739556313e-06,8243,expanding,amazon/chronos-2,29ec3766d36d6f73f0696f85560a422f50e8498c,2.3.1,cpu,8243,8192,8192,True,2025-10-27,standard predictions output (trained 0.5 quantile),0.6122139124927344,8,True,,
SPY,Chronos-2,2025-11-03,677.7251586914062,2025-11-04,1,669.6917114257812,665.2340087890625,-8.033447265625,-12.49114990234375,-1.0,-1.0,True,1.218293658224499,3.6589722080760554,3.200024366378784e-06,8248,expanding,amazon/chronos-2,29ec3766d36d6f73f0696f85560a422f50e8498c,2.3.1,cpu,8248,8192,8192,True,2025-11-03,standard predictions output (trained 0.5 quantile),0.6223185499984538,8,True,,
SPY,Chronos-2,2025-11-03,677.7251586914062,2025-11-10,5,675.8407592773438,667.659423828125,-1.8843994140625,-10.06573486328125,-1.0,-1.0,True,1.218293658224499,6.715405102856694,3.200024366378784e-06,8248,expanding,amazon/chronos-2,29ec3766d36d6f73f0696f85560a422f50e8498c,2.3.1,cpu,8248,8192,8192,True,2025-11-03,standard predictions output (trained 0.5 quantile),0.6223185499984538,8,True,,
SPY,Chronos-2,2025-11-03,677.7251586914062,2025-12-02,20,675.9300537109375,668.86181640625,-1.79510498046875,-8.86334228515625,-1.0,-1.0,True,1.218293658224499,5.801751701628748,3.200024366378784e-06,8248,expanding,amazon/chronos-2,29ec3766d36d6f73f0696f85560a422f50e8498c,2.3.1,cpu,8248,8192,8192,True,2025-11-03,standard predictions output (trained 0.5 quantile),0.6223185499984538,8,True,,
SPY,Chronos-2,2025-11-10,675.8407592773438,2025-11-11,1,677.3878784179688,660.5442504882812,1.547119140625,-15.2965087890625,1.0,-1.0,False,1.2210216855055145,13.794700069322749,3.500026650726795e-06,8253,expanding,amazon/chronos-2,29ec3766d36d6f73f0696f85560a422f50e8498c,2.3.1,cpu,8253,8192,8192,True,2025-11-10,standard predictions output (trained 0.5 quantile),0.6223185499984538,8,True,,
SPY,Chronos-2,2025-11-10,675.8407592773438,2025-11-17,5,660.2002563476562,662.60400390625,-15.6405029296875,-13.23675537109375,-1.0,-1.0,True,1.2210216855055145,1.9686362553000651,3.500026650726795e-06,8253,expanding,amazon/chronos-2,29ec3766d36d6f73f0696f85560a422f50e8498c,2.3.1,cpu,8253,8192,8192,True,2025-11-10,standard predictions output (trained 0.5 quantile),0.6223185499984538,8,True,,
SPY,Chronos-2,2025-11-10,675.8407592773438,2025-12-09,20,677.4275512695312,663.0867919921875,1.5867919921875,-12.75396728515625,1.0,-1.0,False,1.2210216855055145,11.744884998833204,3.500026650726795e-06,8253,expanding,amazon/chronos-2,29ec3766d36d6f73f0696f85560a422f50e8498c,2.3.1,cpu,8253,8192,8192,True,2025-11-10,standard predictions output (trained 0.5 quantile),0.6223185499984538,8,True,,
SPY,Chronos-2,2025-11-17,660.2002563476562,2025-11-18,1,654.65625,653.49072265625,-5.54400634765625,-6.70953369140625,-1.0,-1.0,True,1.2226425425919984,0.9532854478293268,3.0999071896076202e-06,8258,expanding,amazon/chronos-2,29ec3766d36d6f73f0696f85560a422f50e8498c,2.3.1,cpu,8258,8192,8192,True,2025-11-17,standard predictions output (trained 0.5 quantile),0.6223185499984538,8,True,,
SPY,Chronos-2,2025-11-17,660.2002563476562,2025-11-24,5,663.2351684570312,654.8880615234375,3.034912109375,-5.31219482421875,1.0,-1.0,False,1.2226425425919984,6.827103297009368,3.0999071896076202e-06,8258,expanding,amazon/chronos-2,29ec3766d36d6f73f0696f85560a422f50e8498c,2.3.1,cpu,8258,8192,8192,True,2025-11-17,standard predictions output (trained 0.5 quantile),0.6223185499984538,8,True,,
SPY,Chronos-2,2025-11-17,660.2002563476562,2025-12-16,20,673.2918701171875,652.0398559570312,13.09161376953125,-8.160400390625,1.0,-1.0,False,1.2226425425919984,17.382033930458565,3.0999071896076202e-06,8258,expanding,amazon/chronos-2,29ec3766d36d6f73f0696f85560a422f50e8498c,2.3.1,cpu,8258,8192,8192,True,2025-11-17,standard predictions output (trained 0.5 quantile),0.6223185499984538,8,True,,
SPY,Chronos-2,2025-11-24,663.2351684570312,2025-11-25,1,669.4734497070312,655.5897827148438,6.23828125,-7.6453857421875,1.0,-1.0,False,1.2260368354555427,11.32402109845984,4.200031980872154e-06,8263,expanding,amazon/chronos-2,29ec3766d36d6f73f0696f85560a422f50e8498c,2.3.1,cpu,8263,8192,8192,True,2025-11-24,standard predictions output (trained 0.5 quantile),0.6223185499984538,8,True,,
SPY,Chronos-2,2025-11-24,663.2351684570312,2025-12-02,5,675.9300537109375,657.2344970703125,12.69488525390625,-6.00067138671875,1.0,-1.0,False,1.2260368354555427,15.248772385927976,4.200031980872154e-06,8263,expanding,amazon/chronos-2,29ec3766d36d6f73f0696f85560a422f50e8498c,2.3.1,cpu,8263,8192,8192,True,2025-11-24,standard predictions output (trained 0.5 quantile),0.6223185499984538,8,True,,
SPY,Chronos-2,2025-11-24,663.2351684570312,2025-12-23,20,684.3233032226562,657.6536254882812,21.088134765625,-5.58154296875,1.0,-1.0,False,1.2260368354555427,21.752754047121016,4.200031980872154e-06,8263,expanding,amazon/chronos-2,29ec3766d36d6f73f0696f85560a422f50e8498c,2.3.1,cpu,8263,8192,8192,True,2025-11-24,standard predictions output (trained 0.5 quantile),0.6223185499984538,8,True,,
SPY,Chronos-2,2025-12-02,675.9300537109375,2025-12-03,1,678.2706298828125,668.3621826171875,2.340576171875,-7.56787109375,1.0,-1.0,False,1.227579525884931,8.071531869580712,3.500026650726795e-06,8268,expanding,amazon/chronos-2,29ec3766d36d6f73f0696f85560a422f50e8498c,2.3.1,cpu,8268,8192,8192,True,2025-12-02,standard predictions output (trained 0.5 quantile),0.6223185499984538,8,True,,
SPY,Chronos-2,2025-12-02,675.9300537109375,2025-12-09,5,677.4275512695312,670.473388671875,1.49749755859375,-5.4566650390625,1.0,-1.0,False,1.227579525884931,5.664938564891077,3.500026650726795e-06,8268,expanding,amazon/chronos-2,29ec3766d36d6f73f0696f85560a422f50e8498c,2.3.1,cpu,8268,8192,8192,True,2025-12-02,standard predictions output (trained 0.5 quantile),0.6223185499984538,8,True,,
SPY,Chronos-2,2025-12-02,675.9300537109375,2025-12-31,20,678.3152465820312,672.762939453125,2.38519287109375,-3.1671142578125,1.0,-1.0,False,1.227579525884931,4.522971434297695,3.500026650726795e-06,8268,expanding,amazon/chronos-2,29ec3766d36d6f73f0696f85560a422f50e8498c,2.3.1,cpu,8268,8192,8192,True,2025-12-02,standard predictions output (trained 0.5 quantile),0.6223185499984538,8,True,,
SPY,Chronos-2,2025-12-09,677.4275512695312,2025-12-10,1,681.92041015625,673.48193359375,4.49285888671875,-3.94561767578125,1.0,-1.0,False,1.2276540023907012,6.8736602870736645,4.00003045797348e-06,8273,expanding,amazon/chronos-2,29ec3766d36d6f73f0696f85560a422f50e8498c,2.3.1,cpu,8273,8192,8192,True,2025-12-09,standard predictions output (trained 0.5 quantile),0.6223185499984538,8,True,,
SPY,Chronos-2,2025-12-09,677.4275512695312,2025-12-16,5,673.2918701171875,674.8660888671875,-4.13568115234375,-2.56146240234375,-1.0,-1.0,True,1.2276540023907012,1.282298389395064,4.00003045797348e-06,8273,expanding,amazon/chronos-2,29ec3766d36d6f73f0696f85560a422f50e8498c,2.3.1,cpu,8273,8192,8192,True,2025-12-09,standard predictions output (trained 0.5 quantile),0.6223185499984538,8,True,,
SPY,Chronos-2,2025-12-09,677.4275512695312,2026-01-08,20,685.8651123046875,675.9437866210938,8.43756103515625,-1.4837646484375,1.0,-1.0,False,1.2276540023907012,8.0815324710979,4.00003045797348e-06,8273,expanding,amazon/chronos-2,29ec3766d36d6f73f0696f85560a422f50e8498c,2.3.1,cpu,8273,8192,8192,True,2025-12-09,standard predictions output (trained 0.5 quantile),0.6223185499984538,8,True,,
SPY,Chronos-2,2025-12-16,673.2918701171875,2025-12-17,1,665.8832397460938,663.4987182617188,-7.40863037109375,-9.79315185546875,-1.0,-1.0,True,1.2288811031395477,1.9404004816112967,4.100031219422817e-06,8278,expanding,amazon/chronos-2,29ec3766d36d6f73f0696f85560a422f50e8498c,2.3.1,cpu,8278,8192,8192,True,2025-12-16,standard predictions output (trained 0.5 quantile),0.6223185499984538,8,True,,
SPY,Chronos-2,2025-12-16,673.2918701171875,2025-12-23,5,684.3233032226562,664.4290771484375,11.03143310546875,-8.86279296875,1.0,-1.0,False,1.2288811031395477,16.18889412766861,4.100031219422817e-06,8278,expanding,amazon/chronos-2,29ec3766d36d6f73f0696f85560a422f50e8498c,2.3.1,cpu,8278,8192,8192,True,2025-12-16,standard predictions output (trained 0.5 quantile),0.6223185499984538,8,True,,
SPY,Chronos-2,2025-12-16,673.2918701171875,2026-01-15,20,688.5806884765625,664.058349609375,15.288818359375,-9.2335205078125,1.0,-1.0,False,1.2288811031395477,19.955013389446535,4.100031219422817e-06,8278,expanding,amazon/chronos-2,29ec3766d36d6f73f0696f85560a422f50e8498c,2.3.1,cpu,8278,8192,8192,True,2025-12-16,standard predictions output (trained 0.5 quantile),0.6223185499984538,8,True,,
SPY,Chronos-2,2025-12-23,684.3233032226562,2025-12-24,1,686.7305297851562,675.2279663085938,2.4072265625,-9.0953369140625,1.0,-1.0,False,1.231260273428362,9.342105584657888,3.400025889277458e-06,8283,expanding,amazon/chronos-2,29ec3766d36d6f73f0696f85560a422f50e8498c,2.3.1,cpu,8283,8192,8192,True,2025-12-23,standard predictions output (trained 0.5 quantile),0.6223185499984538,8,True,,
SPY,Chronos-2,2025-12-23,684.3233032226562,2025-12-31,5,678.3152465820312,676.4131469726562,-6.008056640625,-7.91015625,-1.0,-1.0,True,1.231260273428362,1.5448395846304135,3.400025889277458e-06,8283,expanding,amazon/chronos-2,29ec3766d36d6f73f0696f85560a422f50e8498c,2.3.1,cpu,8283,8192,8192,True,2025-12-23,standard predictions output (trained 0.5 quantile),0.6223185499984538,8,True,,
SPY,Chronos-2,2025-12-23,684.3233032226562,2026-01-23,20,685.5865478515625,676.7540283203125,1.26324462890625,-7.56927490234375,1.0,-1.0,False,1.231260273428362,7.17356006838135,3.400025889277458e-06,8283,expanding,amazon/chronos-2,29ec3766d36d6f73f0696f85560a422f50e8498c,2.3.1,cpu,8283,8192,8192,True,2025-12-23,standard predictions output (trained 0.5 quantile),0.6223185499984538,8,True,,
SPY,Chronos-2,2025-12-31,678.3152465820312,2026-01-02,1,679.55859375,678.6630249023438,1.24334716796875,0.3477783203125,1.0,1.0,True,1.2318233491371207,0.7270270110430904,4.00003045797348e-06,8288,expanding,amazon/chronos-2,29ec3766d36d6f73f0696f85560a422f50e8498c,2.3.1,cpu,8288,8192,8192,True,2025-12-31,standard predictions output (trained 0.5 quantile),0.6335647249943577,8,True,,
SPY,Chronos-2,2025-12-31,678.3152465820312,2026-01-08,5,685.8651123046875,679.6636352539062,7.54986572265625,1.348388671875,1.0,1.0,True,1.2318233491371207,5.034388295306563,4.00003045797348e-06,8288,expanding,amazon/chronos-2,29ec3766d36d6f73f0696f85560a422f50e8498c,2.3.1,cpu,8288,8192,8192,True,2025-12-31,standard predictions output (trained 0.5 quantile),0.6335647249943577,8,True,,
SPY,Chronos-2,2025-12-31,678.3152465820312,2026-01-30,20,688.3121337890625,680.8362426757812,9.99688720703125,2.52099609375,1.0,1.0,True,1.2318233491371207,6.068963637130302,4.00003045797348e-06,8288,expanding,amazon/chronos-2,29ec3766d36d6f73f0696f85560a422f50e8498c,2.3.1,cpu,8288,8192,8192,True,2025-12-31,standard predictions output (trained 0.5 quantile),0.6335647249943577,8,True,,
SPY,Chronos-2,2026-01-08,685.8651123046875,2026-01-09,1,690.4010009765625,677.20458984375,4.535888671875,-8.6605224609375,1.0,-1.0,False,1.2325428899681288,10.706654705666052,3.400025889277458e-06,8293,expanding,amazon/chronos-2,29ec3766d36d6f73f0696f85560a422f50e8498c,2.3.1,cpu,8293,8192,8192,True,2026-01-08,standard predictions output (trained 0.5 quantile),0.6335647249943577,8,True,,
SPY,Chronos-2,2026-01-08,685.8651123046875,2026-01-15,5,688.5806884765625,678.4982299804688,2.715576171875,-7.36688232421875,1.0,-1.0,False,1.2325428899681288,8.180209044372049,3.400025889277458e-06,8293,expanding,amazon/chronos-2,29ec3766d36d6f73f0696f85560a422f50e8498c,2.3.1,cpu,8293,8192,8192,True,2026-01-08,standard predictions output (trained 0.5 quantile),0.6335647249943577,8,True,,
SPY,Chronos-2,2026-01-08,685.8651123046875,2026-02-06,20,686.96923828125,679.76025390625,1.1041259765625,-6.1048583984375,1.0,-1.0,False,1.2325428899681288,5.848871007796257,3.400025889277458e-06,8293,expanding,amazon/chronos-2,29ec3766d36d6f73f0696f85560a422f50e8498c,2.3.1,cpu,8293,8192,8192,True,2026-01-08,standard predictions output (trained 0.5 quantile),0.6335647249943577,8,True,,
SPY,Chronos-2,2026-01-15,688.5806884765625,2026-01-16,1,688.0037231445312,680.8802490234375,-0.57696533203125,-7.700439453125,-1.0,-1.0,True,1.2332783579840725,5.776047292954887,3.600027412176132e-06,8298,expanding,amazon/chronos-2,29ec3766d36d6f73f0696f85560a422f50e8498c,2.3.1,cpu,8298,8192,8192,True,2026-01-15,standard predictions output (trained 0.5 quantile),0.6335647249943577,8,True,,
SPY,Chronos-2,2026-01-15,688.5806884765625,2026-01-23,5,685.5865478515625,681.9666748046875,-2.994140625,-6.614013671875,-1.0,-1.0,True,1.2332783579840725,2.93516303390913,3.600027412176132e-06,8298,expanding,amazon/chronos-2,29ec3766d36d6f73f0696f85560a422f50e8498c,2.3.1,cpu,8298,8192,8192,True,2026-01-15,standard predictions output (trained 0.5 quantile),0.6335647249943577,8,True,,
SPY,Chronos-2,2026-01-15,688.5806884765625,2026-02-13,20,678.1461181640625,682.6856689453125,-10.4345703125,-5.89501953125,-1.0,-1.0,True,1.2332783579840725,3.680880923484613,3.600027412176132e-06,8298,expanding,amazon/chronos-2,29ec3766d36d6f73f0696f85560a422f50e8498c,2.3.1,cpu,8298,8192,8192,True,2026-01-15,standard predictions output (trained 0.5 quantile),0.6335647249943577,8,True,,
SPY,Chronos-2,2026-01-23,685.5865478515625,2026-01-26,1,689.068115234375,682.7509765625,3.4815673828125,-2.8355712890625,1.0,-1.0,False,1.2356879588811551,5.112244257518547,3.700028173625469e-06,8303,expanding,amazon/chronos-2,29ec3766d36d6f73f0696f85560a422f50e8498c,2.3.1,cpu,8303,8192,8192,True,2026-01-23,standard predictions output (trained 0.5 quantile),0.6335647249943577,8,True,,
SPY,Chronos-2,2026-01-23,685.5865478515625,2026-01-30,5,688.3121337890625,683.7216796875,2.7255859375,-1.8648681640625,1.0,-1.0,False,1.2356879588811551,3.714897493796811,3.700028173625469e-06,8303,expanding,amazon/chronos-2,29ec3766d36d6f73f0696f85560a422f50e8498c,2.3.1,cpu,8303,8192,8192,True,2026-01-23,standard predictions output (trained 0.5 quantile),0.6335647249943577,8,True,,
SPY,Chronos-2,2026-01-23,685.5865478515625,2026-02-23,20,678.7827758789062,682.705322265625,-6.80377197265625,-2.8812255859375,-1.0,-1.0,True,1.2356879588811551,3.174382625100913,3.700028173625469e-06,8303,expanding,amazon/chronos-2,29ec3766d36d6f73f0696f85560a422f50e8498c,2.3.1,cpu,8303,8192,8192,True,2026-01-23,standard predictions output (trained 0.5 quantile),0.6335647249943577,8,True,,
SPY,Chronos-2,2026-01-30,688.3121337890625,2026-02-02,1,691.73388671875,684.7677001953125,3.4217529296875,-3.54443359375,1.0,-1.0,False,1.2361152890472764,5.6355475780957445,3.200024366378784e-06,8308,expanding,amazon/chronos-2,29ec3766d36d6f73f0696f85560a422f50e8498c,2.3.1,cpu,8308,8192,8192,True,2026-01-30,standard predictions output (trained 0.5 quantile),0.6335647249943577,8,True,,
SPY,Chronos-2,2026-01-30,688.3121337890625,2026-02-06,5,686.96923828125,684.7857666015625,-1.3428955078125,-3.5263671875,-1.0,-1.0,True,1.2361152890472764,1.7663980852226082,3.200024366378784e-06,8308,expanding,amazon/chronos-2,29ec3766d36d6f73f0696f85560a422f50e8498c,2.3.1,cpu,8308,8192,8192,True,2026-01-30,standard predictions output (trained 0.5 quantile),0.6335647249943577,8,True,,
SPY,Chronos-2,2026-01-30,688.3121337890625,2026-03-02,20,682.7516479492188,683.39794921875,-5.56048583984375,-4.9141845703125,-1.0,-1.0,True,1.2361152890472764,0.5228486980606641,3.200024366378784e-06,8308,expanding,amazon/chronos-2,29ec3766d36d6f73f0696f85560a422f50e8498c,2.3.1,cpu,8308,8192,8192,True,2026-01-30,standard predictions output (trained 0.5 quantile),0.6335647249943577,8,True,,
SPY,Chronos-2,2026-02-06,686.96923828125,2026-02-09,1,690.2816162109375,681.6143798828125,3.3123779296875,-5.3548583984375,1.0,-1.0,False,1.2394680770345328,6.992706378418105,3.100023604929447e-06,8313,expanding,amazon/chronos-2,29ec3766d36d6f73f0696f85560a422f50e8498c,2.3.1,cpu,8313,8192,8192,True,2026-02-06,standard predictions output (trained 0.5 quantile),0.6335647249943577,8,True,,
SPY,Chronos-2,2026-02-06,686.96923828125,2026-02-13,5,678.1461181640625,681.3057861328125,-8.8231201171875,-5.6634521484375,-1.0,-1.0,True,1.2394680770345328,2.549212865820318,3.100023604929447e-06,8313,expanding,amazon/chronos-2,29ec3766d36d6f73f0696f85560a422f50e8498c,2.3.1,cpu,8313,8192,8192,True,2026-02-06,standard predictions output (trained 0.5 quantile),0.6335647249943577,8,True,,
SPY,Chronos-2,2026-02-06,686.96923828125,2026-03-09,20,674.6845092773438,680.0478515625,-12.28472900390625,-6.92138671875,-1.0,-1.0,True,1.2394680770345328,4.327132246913707,3.100023604929447e-06,8313,expanding,amazon/chronos-2,29ec3766d36d6f73f0696f85560a422f50e8498c,2.3.1,cpu,8313,8192,8192,True,2026-02-06,standard predictions output (trained 0.5 quantile),0.6335647249943577,8,True,,
SPY,Chronos-2,2026-02-13,678.1461181640625,2026-02-17,1,679.2402954101562,676.9059448242188,1.09417724609375,-1.24017333984375,1.0,-1.0,False,1.2406951264003816,1.8814860607296264,3.7999125197529793e-06,8318,expanding,amazon/chronos-2,29ec3766d36d6f73f0696f85560a422f50e8498c,2.3.1,cpu,8318,8192,8192,True,2026-02-13,standard predictions output (trained 0.5 quantile),0.6335647249943577,8,True,,
SPY,Chronos-2,2026-02-13,678.1461181640625,2026-02-23,5,678.7827758789062,678.1751708984375,0.63665771484375,0.029052734375,1.0,1.0,True,1.2406951264003816,0.4897294811107941,3.7999125197529793e-06,8318,expanding,amazon/chronos-2,29ec3766d36d6f73f0696f85560a422f50e8498c,2.3.1,cpu,8318,8192,8192,True,2026-02-13,standard predictions output (trained 0.5 quantile),0.6335647249943577,8,True,,
SPY,Chronos-2,2026-02-13,678.1461181640625,2026-03-16,20,665.493408203125,677.4517211914062,-12.6527099609375,-0.69439697265625,-1.0,-1.0,True,1.2406951264003816,9.638397648079591,3.7999125197529793e-06,8318,expanding,amazon/chronos-2,29ec3766d36d6f73f0696f85560a422f50e8498c,2.3.1,cpu,8318,8192,8192,True,2026-02-13,standard predictions output (trained 0.5 quantile),0.6335647249943577,8,True,,
SPY,Chronos-2,2026-02-23,678.7827758789062,2026-02-24,1,683.7164916992188,676.774658203125,4.9337158203125,-2.00811767578125,1.0,-1.0,False,1.2421418492308722,5.588599643746081,3.600027412176132e-06,8323,expanding,amazon/chronos-2,29ec3766d36d6f73f0696f85560a422f50e8498c,2.3.1,cpu,8323,8192,8192,True,2026-02-23,standard predictions output (trained 0.5 quantile),0.6335647249943577,8,True,,
SPY,Chronos-2,2026-02-23,678.7827758789062,2026-03-02,5,682.7516479492188,677.6934814453125,3.9688720703125,-1.08929443359375,1.0,-1.0,False,1.2421418492308722,4.072132749603631,3.600027412176132e-06,8323,expanding,amazon/chronos-2,29ec3766d36d6f73f0696f85560a422f50e8498c,2.3.1,cpu,8323,8192,8192,True,2026-02-23,standard predictions output (trained 0.5 quantile),0.6335647249943577,8,True,,
SPY,Chronos-2,2026-02-23,678.7827758789062,2026-03-23,20,653.6959228515625,675.8684692382812,-25.08685302734375,-2.914306640625,-1.0,-1.0,True,1.2421418492308722,17.850253093435242,3.600027412176132e-06,8323,expanding,amazon/chronos-2,29ec3766d36d6f73f0696f85560a422f50e8498c,2.3.1,cpu,8323,8192,8192,True,2026-02-23,standard predictions output (trained 0.5 quantile),0.6335647249943577,8,True,,
SPY,Chronos-2,2026-03-02,682.7516479492188,2026-03-03,1,676.7337036132812,679.8369140625,-6.0179443359375,-2.91473388671875,-1.0,-1.0,True,1.2435832504065396,2.4953781326696705,3.500026650726795e-06,8328,expanding,amazon/chronos-2,29ec3766d36d6f73f0696f85560a422f50e8498c,2.3.1,cpu,8328,8192,8192,True,2026-03-02,standard predictions output (trained 0.5 quantile),0.6059281625057338,8,True,,
SPY,Chronos-2,2026-03-02,682.7516479492188,2026-03-09,5,674.6845092773438,681.542236328125,-8.067138671875,-1.20941162109375,-1.0,-1.0,True,1.2435832504065396,5.51448972036202,3.500026650726795e-06,8328,expanding,amazon/chronos-2,29ec3766d36d6f73f0696f85560a422f50e8498c,2.3.1,cpu,8328,8192,8192,True,2026-03-02,standard predictions output (trained 0.5 quantile),0.6059281625057338,8,True,,
SPY,Chronos-2,2026-03-02,682.7516479492188,2026-03-30,20,630.3460693359375,679.9520263671875,-52.40557861328125,-2.79962158203125,-1.0,-1.0,True,1.2435832504065396,39.889534548678846,3.500026650726795e-06,8328,expanding,amazon/chronos-2,29ec3766d36d6f73f0696f85560a422f50e8498c,2.3.1,cpu,8328,8192,8192,True,2026-03-02,standard predictions output (trained 0.5 quantile),0.6059281625057338,8,True,,
SPY,Chronos-2,2026-03-09,674.6845092773438,2026-03-10,1,673.6002807617188,674.3821411132812,-1.084228515625,-0.3023681640625,-1.0,-1.0,True,1.2463576371316092,0.6273162118714882,3.500026650726795e-06,8333,expanding,amazon/chronos-2,29ec3766d36d6f73f0696f85560a422f50e8498c,2.3.1,cpu,8333,8192,8192,True,2026-03-09,standard predictions output (trained 0.5 quantile),0.6059281625057338,8,True,,
SPY,Chronos-2,2026-03-09,674.6845092773438,2026-03-16,5,665.493408203125,675.0587768554688,-9.19110107421875,0.374267578125,-1.0,1.0,False,1.2463576371316092,7.674658033433861,3.500026650726795e-06,8333,expanding,amazon/chronos-2,29ec3766d36d6f73f0696f85560a422f50e8498c,2.3.1,cpu,8333,8192,8192,True,2026-03-09,standard predictions output (trained 0.5 quantile),0.6059281625057338,8,True,,
SPY,Chronos-2,2026-03-09,674.6845092773438,2026-04-07,20,657.5260009765625,673.3280029296875,-17.15850830078125,-1.35650634765625,-1.0,-1.0,True,1.2463576371316092,12.678545453046706,3.500026650726795e-06,8333,expanding,amazon/chronos-2,29ec3766d36d6f73f0696f85560a422f50e8498c,2.3.1,cpu,8333,8192,8192,True,2026-03-09,standard predictions output (trained 0.5 quantile),0.6059281625057338,8,True,,
SPY,Chronos-2,2026-03-16,665.493408203125,2026-03-17,1,667.2440185546875,659.3360595703125,1.7506103515625,-6.1573486328125,1.0,-1.0,False,1.248320948438449,6.334876454863016,4.700035788118839e-06,8338,expanding,amazon/chronos-2,29ec3766d36d6f73f0696f85560a422f50e8498c,2.3.1,cpu,8338,8192,8192,True,2026-03-16,standard predictions output (trained 0.5 quantile),0.6059281625057338,8,True,,
SPY,Chronos-2,2026-03-16,665.493408203125,2026-03-23,5,653.6959228515625,659.0269775390625,-11.7974853515625,-6.4664306640625,-1.0,-1.0,True,1.248320948438449,4.270580169441784,4.700035788118839e-06,8338,expanding,amazon/chronos-2,29ec3766d36d6f73f0696f85560a422f50e8498c,2.3.1,cpu,8338,8192,8192,True,2026-03-16,standard predictions output (trained 0.5 quantile),0.6059281625057338,8,True,,
SPY,Chronos-2,2026-03-16,665.493408203125,2026-04-14,20,692.675537109375,654.6544189453125,27.18212890625,-10.8389892578125,1.0,-1.0,False,1.248320948438449,30.457806713589097,4.700035788118839e-06,8338,expanding,amazon/chronos-2,29ec3766d36d6f73f0696f85560a422f50e8498c,2.3.1,cpu,8338,8192,8192,True,2026-03-16,standard predictions output (trained 0.5 quantile),0.6059281625057338,8,True,,
SPY,Chronos-2,2026-03-23,653.6959228515625,2026-03-24,1,651.5015869140625,654.73681640625,-2.1943359375,1.0408935546875,-1.0,1.0,False,1.251035173114785,2.58604199283425,4.399917088449001e-06,8343,expanding,amazon/chronos-2,29ec3766d36d6f73f0696f85560a422f50e8498c,2.3.1,cpu,8343,8192,8192,True,2026-03-23,standard predictions output (trained 0.5 quantile),0.6059281625057338,8,True,,
SPY,Chronos-2,2026-03-23,653.6959228515625,2026-03-30,5,630.3460693359375,655.500732421875,-23.349853515625,1.8048095703125,-1.0,1.0,False,1.251035173114785,20.107079022653114,4.399917088449001e-06,8343,expanding,amazon/chronos-2,29ec3766d36d6f73f0696f85560a422f50e8498c,2.3.1,cpu,8343,8192,8192,True,2026-03-23,standard predictions output (trained 0.5 quantile),0.6059281625057338,8,True,,
SPY,Chronos-2,2026-03-23,653.6959228515625,2026-04-21,20,702.2708129882812,651.1685791015625,48.57489013671875,-2.52734375,1.0,-1.0,False,1.251035173114785,40.84795934193132,4.399917088449001e-06,8343,expanding,amazon/chronos-2,29ec3766d36d6f73f0696f85560a422f50e8498c,2.3.1,cpu,8343,8192,8192,True,2026-03-23,standard predictions output (trained 0.5 quantile),0.6059281625057338,8,True,,
SPY,Chronos-2,2026-03-30,630.3460693359375,2026-03-31,1,648.6688842773438,632.5247192382812,18.32281494140625,2.17864990234375,1.0,1.0,True,1.2539530966943706,12.874616348586889,3.400025889277458e-06,8348,expanding,amazon/chronos-2,29ec3766d36d6f73f0696f85560a422f50e8498c,2.3.1,cpu,8348,8192,8192,True,2026-03-30,standard predictions output (trained 0.5 quantile),0.6059281625057338,8,True,,
SPY,Chronos-2,2026-03-30,630.3460693359375,2026-04-07,5,657.5260009765625,631.326904296875,27.179931640625,0.9808349609375,1.0,1.0,True,1.2539530966943706,20.89320306218206,3.400025889277458e-06,8348,expanding,amazon/chronos-2,29ec3766d36d6f73f0696f85560a422f50e8498c,2.3.1,cpu,8348,8192,8192,True,2026-03-30,standard predictions output (trained 0.5 quantile),0.6059281625057338,8,True,,
SPY,Chronos-2,2026-03-30,630.3460693359375,2026-04-28,20,709.8612060546875,623.2438354492188,79.51513671875,-7.10223388671875,1.0,-1.0,False,1.2539530966943706,69.07544694758248,3.400025889277458e-06,8348,expanding,amazon/chronos-2,29ec3766d36d6f73f0696f85560a422f50e8498c,2.3.1,cpu,8348,8192,8192,True,2026-03-30,standard predictions output (trained 0.5 quantile),0.6059281625057338,8,True,,
SPY,Chronos-2,2026-04-07,657.5260009765625,2026-04-08,1,674.27294921875,659.3358764648438,16.7469482421875,1.80987548828125,1.0,1.0,True,1.2564567085426888,11.888251025561503,2.9999064281582832e-06,8353,expanding,amazon/chronos-2,29ec3766d36d6f73f0696f85560a422f50e8498c,2.3.1,cpu,8353,8192,8192,True,2026-04-07,standard predictions output (trained 0.5 quantile),0.6059281625057338,8,True,,
SPY,Chronos-2,2026-04-07,657.5260009765625,2026-04-14,5,692.675537109375,658.769287109375,35.1495361328125,1.2432861328125,1.0,1.0,True,1.2564567085426888,26.98560942806094,2.9999064281582832e-06,8353,expanding,amazon/chronos-2,29ec3766d36d6f73f0696f85560a422f50e8498c,2.3.1,cpu,8353,8192,8192,True,2026-04-07,standard predictions output (trained 0.5 quantile),0.6059281625057338,8,True,,
SPY,Chronos-2,2026-04-07,657.5260009765625,2026-05-05,20,721.9102172851562,657.992919921875,64.38421630859375,0.4669189453125,1.0,1.0,True,1.2564567085426888,50.87107015204386,2.9999064281582832e-06,8353,expanding,amazon/chronos-2,29ec3766d36d6f73f0696f85560a422f50e8498c,2.3.1,cpu,8353,8192,8192,True,2026-04-07,standard predictions output (trained 0.5 quantile),0.6059281625057338,8,True,,
SPY,Chronos-2,2026-04-14,692.675537109375,2026-04-15,1,698.1414184570312,691.1092529296875,5.46588134765625,-1.5662841796875,1.0,-1.0,False,1.260018373685433,5.581002368064952,2.800021320581436e-06,8358,expanding,amazon/chronos-2,29ec3766d36d6f73f0696f85560a422f50e8498c,2.3.1,cpu,8358,8192,8192,True,2026-04-14,standard predictions output (trained 0.5 quantile),0.6059281625057338,8,True,,
SPY,Chronos-2,2026-04-14,692.675537109375,2026-04-21,5,702.2708129882812,691.6195068359375,9.59527587890625,-1.0560302734375,1.0,-1.0,False,1.260018373685433,8.453294312835853,2.800021320581436e-06,8358,expanding,amazon/chronos-2,29ec3766d36d6f73f0696f85560a422f50e8498c,2.3.1,cpu,8358,8192,8192,True,2026-04-14,standard predictions output (trained 0.5 quantile),0.6059281625057338,8,True,,
SPY,Chronos-2,2026-04-14,692.675537109375,2026-05-12,20,736.2831420898438,692.4671630859375,43.60760498046875,-0.2083740234375,1.0,-1.0,False,1.260018373685433,34.774079425325134,2.800021320581436e-06,8358,expanding,amazon/chronos-2,29ec3766d36d6f73f0696f85560a422f50e8498c,2.3.1,cpu,8358,8192,8192,True,2026-04-14,standard predictions output (trained 0.5 quantile),0.6059281625057338,8,True,,
SPY,Chronos-2,2026-04-21,702.2708129882812,2026-04-22,1,709.3825073242188,704.0028076171875,7.1116943359375,1.73199462890625,1.0,1.0,True,1.2618581310638086,4.26331579961045,4.100031219422817e-06,8363,expanding,amazon/chronos-2,29ec3766d36d6f73f0696f85560a422f50e8498c,2.3.1,cpu,8363,8192,8192,True,2026-04-21,standard predictions output (trained 0.5 quantile),0.6059281625057338,8,True,,
SPY,Chronos-2,2026-04-21,702.2708129882812,2026-04-28,5,709.8612060546875,703.7280883789062,7.59039306640625,1.457275390625,1.0,1.0,True,1.2618581310638086,4.8603860646447865,4.100031219422817e-06,8363,expanding,amazon/chronos-2,29ec3766d36d6f73f0696f85560a422f50e8498c,2.3.1,cpu,8363,8192,8192,True,2026-04-21,standard predictions output (trained 0.5 quantile),0.6059281625057338,8,True,,
SPY,Chronos-2,2026-04-21,702.2708129882812,2026-05-19,20,731.8446044921875,705.3577880859375,29.57379150390625,3.08697509765625,1.0,1.0,True,1.2618581310638086,20.9903282740036,4.100031219422817e-06,8363,expanding,amazon/chronos-2,29ec3766d36d6f73f0696f85560a422f50e8498c,2.3.1,cpu,8363,8192,8192,True,2026-04-21,standard predictions output (trained 0.5 quantile),0.6059281625057338,8,True,,
SPY,Chronos-2,2026-04-28,709.8612060546875,2026-04-29,1,709.7515258789062,704.9517822265625,-0.10968017578125,-4.909423828125,-1.0,-1.0,True,1.263498994032371,3.7987712495327712,3.400025889277458e-06,8368,expanding,amazon/chronos-2,29ec3766d36d6f73f0696f85560a422f50e8498c,2.3.1,cpu,8368,8192,8192,True,2026-04-28,standard predictions output (trained 0.5 quantile),0.6086712374963099,8,True,,
SPY,Chronos-2,2026-04-28,709.8612060546875,2026-05-05,5,721.9102172851562,704.3646850585938,12.04901123046875,-5.49652099609375,1.0,-1.0,False,1.263498994032371,13.886463154645757,3.400025889277458e-06,8368,expanding,amazon/chronos-2,29ec3766d36d6f73f0696f85560a422f50e8498c,2.3.1,cpu,8368,8192,8192,True,2026-04-28,standard predictions output (trained 0.5 quantile),0.6086712374963099,8,True,,
SPY,Chronos-2,2026-04-28,709.8612060546875,2026-05-27,20,748.5316162109375,707.0211181640625,38.67041015625,-2.840087890625,1.0,-1.0,False,1.263498994032371,32.8536059331532,3.400025889277458e-06,8368,expanding,amazon/chronos-2,29ec3766d36d6f73f0696f85560a422f50e8498c,2.3.1,cpu,8368,8192,8192,True,2026-04-28,standard predictions output (trained 0.5 quantile),0.6086712374963099,8,True,,
SPY,Chronos-2,2026-05-05,721.9102172851562,2026-05-06,1,731.9443359375,706.6030883789062,10.03411865234375,-15.30712890625,1.0,-1.0,False,1.2648388597877531,20.035158915694723,3.0999071896076202e-06,8373,expanding,amazon/chronos-2,29ec3766d36d6f73f0696f85560a422f50e8498c,2.3.1,cpu,8373,8192,8192,True,2026-05-05,standard predictions output (trained 0.5 quantile),0.6086712374963099,8,True,,
SPY,Chronos-2,2026-05-05,721.9102172851562,2026-05-12,5,736.2831420898438,707.30712890625,14.3729248046875,-14.60308837890625,1.0,-1.0,False,1.2648388597877531,22.908857487550694,3.0999071896076202e-06,8373,expanding,amazon/chronos-2,29ec3766d36d6f73f0696f85560a422f50e8498c,2.3.1,cpu,8373,8192,8192,True,2026-05-05,standard predictions output (trained 0.5 quantile),0.6086712374963099,8,True,,
SPY,Chronos-2,2026-05-05,721.9102172851562,2026-06-03,20,752.3018798828125,709.5595092773438,30.39166259765625,-12.3507080078125,1.0,-1.0,False,1.2648388597877531,33.79273990098719,3.0999071896076202e-06,8373,expanding,amazon/chronos-2,29ec3766d36d6f73f0696f85560a422f50e8498c,2.3.1,cpu,8373,8192,8192,True,2026-05-05,standard predictions output (trained 0.5 quantile),0.6086712374963099,8,True,,
SPY,Chronos-2,2026-05-12,736.2831420898438,2026-05-13,1,740.4025268554688,729.7652587890625,4.119384765625,-6.51788330078125,1.0,-1.0,False,1.2666021863671668,8.398270728487976,3.400025889277458e-06,8378,expanding,amazon/chronos-2,29ec3766d36d6f73f0696f85560a422f50e8498c,2.3.1,cpu,8378,8192,8192,True,2026-05-12,standard predictions output (trained 0.5 quantile),0.6086712374963099,8,True,,
SPY,Chronos-2,2026-05-12,736.2831420898438,2026-05-19,5,731.8446044921875,731.6956787109375,-4.43853759765625,-4.58746337890625,-1.0,-1.0,True,1.2666021863671668,0.11757897061361057,3.400025889277458e-06,8378,expanding,amazon/chronos-2,29ec3766d36d6f73f0696f85560a422f50e8498c,2.3.1,cpu,8378,8192,8192,True,2026-05-12,standard predictions output (trained 0.5 quantile),0.6086712374963099,8,True,,
SPY,Chronos-2,2026-05-12,736.2831420898438,2026-06-10,20,723.56591796875,735.7301025390625,-12.71722412109375,-0.55303955078125,-1.0,-1.0,True,1.2666021863671668,9.603792493996458,3.400025889277458e-06,8378,expanding,amazon/chronos-2,29ec3766d36d6f73f0696f85560a422f50e8498c,2.3.1,cpu,8378,8192,8192,True,2026-05-12,standard predictions output (trained 0.5 quantile),0.6086712374963099,8,True,,
SPY,Chronos-2,2026-05-19,731.8446044921875,2026-05-20,1,739.3452758789062,726.5070190429688,7.50067138671875,-5.33758544921875,1.0,-1.0,False,1.2687537298655347,10.118793374738,3.00002284348011e-06,8383,expanding,amazon/chronos-2,29ec3766d36d6f73f0696f85560a422f50e8498c,2.3.1,cpu,8383,8192,8192,True,2026-05-19,standard predictions output (trained 0.5 quantile),0.6086712374963099,8,True,,
SPY,Chronos-2,2026-05-19,731.8446044921875,2026-05-27,5,748.5316162109375,728.1946411132812,16.68701171875,-3.64996337890625,1.0,-1.0,False,1.2687537298655347,16.02909581184964,3.00002284348011e-06,8383,expanding,amazon/chronos-2,29ec3766d36d6f73f0696f85560a422f50e8498c,2.3.1,cpu,8383,8192,8192,True,2026-05-19,standard predictions output (trained 0.5 quantile),0.6086712374963099,8,True,,
SPY,Chronos-2,2026-05-19,731.8446044921875,2026-06-17,20,739.0560302734375,730.9491577148438,7.21142578125,-0.89544677734375,1.0,-1.0,False,1.2687537298655347,6.389634463934096,3.00002284348011e-06,8383,expanding,amazon/chronos-2,29ec3766d36d6f73f0696f85560a422f50e8498c,2.3.1,cpu,8383,8192,8192,True,2026-05-19,standard predictions output (trained 0.5 quantile),0.6086712374963099,8,True,,
SPY,Chronos-2,2026-05-27,748.5316162109375,2026-05-28,1,752.6609497070312,728.5179443359375,4.12933349609375,-20.013671875,1.0,-1.0,False,1.2700179056713634,19.009972428956544,2.500019036233425e-06,8388,expanding,amazon/chronos-2,29ec3766d36d6f73f0696f85560a422f50e8498c,2.3.1,cpu,8388,8192,8192,True,2026-05-27,standard predictions output (trained 0.5 quantile),0.6086712374963099,8,True,,
SPY,Chronos-2,2026-05-27,748.5316162109375,2026-06-03,5,752.3018798828125,729.94091796875,3.770263671875,-18.5906982421875,1.0,-1.0,False,1.2700179056713634,17.60680838766752,2.500019036233425e-06,8388,expanding,amazon/chronos-2,29ec3766d36d6f73f0696f85560a422f50e8498c,2.3.1,cpu,8388,8192,8192,True,2026-05-27,standard predictions output (trained 0.5 quantile),0.6086712374963099,8,True,,
SPY,Chronos-2,2026-05-27,748.5316162109375,2026-06-25,20,734.2999877929688,731.73486328125,-14.23162841796875,-16.7967529296875,-1.0,-1.0,True,1.2700179056713634,2.0197546036666,2.500019036233425e-06,8388,expanding,amazon/chronos-2,29ec3766d36d6f73f0696f85560a422f50e8498c,2.3.1,cpu,8388,8192,8192,True,2026-05-27,standard predictions output (trained 0.5 quantile),0.6086712374963099,8,True,,
SPY,Chronos-2,2026-06-03,752.3018798828125,2026-06-04,1,755.1445922851562,742.11767578125,2.84271240234375,-10.1842041015625,1.0,-1.0,False,1.2709774939188856,10.249525712480976,2.600019797682762e-06,8393,expanding,amazon/chronos-2,29ec3766d36d6f73f0696f85560a422f50e8498c,2.3.1,cpu,8393,8192,8192,True,2026-06-03,standard predictions output (trained 0.5 quantile),0.6086712374963099,8,True,,
SPY,Chronos-2,2026-06-03,752.3018798828125,2026-06-10,5,723.56591796875,744.5601196289062,-28.7359619140625,-7.74176025390625,-1.0,-1.0,True,1.2709774939188856,16.518153752214364,2.600019797682762e-06,8393,expanding,amazon/chronos-2,29ec3766d36d6f73f0696f85560a422f50e8498c,2.3.1,cpu,8393,8192,8192,True,2026-06-03,standard predictions output (trained 0.5 quantile),0.6086712374963099,8,True,,
SPY,Chronos-2,2026-06-03,752.3018798828125,2026-07-02,20,744.780029296875,747.1661987304688,-7.5218505859375,-5.13568115234375,-1.0,-1.0,True,1.2709774939188856,1.8774285500810264,2.600019797682762e-06,8393,expanding,amazon/chronos-2,29ec3766d36d6f73f0696f85560a422f50e8498c,2.3.1,cpu,8393,8192,8192,True,2026-06-03,standard predictions output (trained 0.5 quantile),0.6086712374963099,8,True,,
SPY,Chronos-2,2026-06-10,723.56591796875,2026-06-11,1,735.8642578125,724.2342529296875,12.29833984375,0.6683349609375,1.0,1.0,True,1.274716662440653,9.123599954004648,2.600019797682762e-06,8398,expanding,amazon/chronos-2,29ec3766d36d6f73f0696f85560a422f50e8498c,2.3.1,cpu,8398,8192,8192,True,2026-06-10,standard predictions output (trained 0.5 quantile),0.6086712374963099,8,True,,
SPY,Chronos-2,2026-06-10,723.56591796875,2026-06-17,5,739.0560302734375,724.3431396484375,15.4901123046875,0.7772216796875,1.0,1.0,True,1.274716662440653,11.542087005303415,2.600019797682762e-06,8398,expanding,amazon/chronos-2,29ec3766d36d6f73f0696f85560a422f50e8498c,2.3.1,cpu,8398,8192,8192,True,2026-06-10,standard predictions output (trained 0.5 quantile),0.6086712374963099,8,True,,
SPY,Chronos-2,2026-06-10,723.56591796875,2026-07-10,20,754.9500122070312,725.1004638671875,31.38409423828125,1.5345458984375,1.0,1.0,True,1.274716662440653,23.416614232289017,2.600019797682762e-06,8398,expanding,amazon/chronos-2,29ec3766d36d6f73f0696f85560a422f50e8498c,2.3.1,cpu,8398,8192,8192,True,2026-06-10,standard predictions output (trained 0.5 quantile),0.6086712374963099,8,True,,
SPY,Chronos-2,2026-06-17,739.0560302734375,2026-06-18,1,746.739990234375,729.3618774414062,7.6839599609375,-9.69415283203125,1.0,-1.0,False,1.279094814090779,13.586258502128056,2.499902620911598e-06,8403,expanding,amazon/chronos-2,29ec3766d36d6f73f0696f85560a422f50e8498c,2.3.1,cpu,8403,8192,8192,True,2026-06-17,standard predictions output (trained 0.5 quantile),0.6086712374963099,8,True,,
SPY,Chronos-2,2026-06-17,739.0560302734375,2026-06-25,5,734.2999877929688,731.2960815429688,-4.75604248046875,-7.75994873046875,-1.0,-1.0,True,1.279094814090779,2.3484625353088244,2.499902620911598e-06,8403,expanding,amazon/chronos-2,29ec3766d36d6f73f0696f85560a422f50e8498c,2.3.1,cpu,8403,8192,8192,True,2026-06-17,standard predictions output (trained 0.5 quantile),0.6086712374963099,8,True,,
SPY,Chronos-2,2026-06-17,739.0560302734375,2026-07-17,20,743.2899780273438,734.6834106445312,4.23394775390625,-4.37261962890625,1.0,-1.0,False,1.279094814090779,6.728639103216379,2.499902620911598e-06,8403,expanding,amazon/chronos-2,29ec3766d36d6f73f0696f85560a422f50e8498c,2.3.1,cpu,8403,8192,8192,True,2026-06-17,standard predictions output (trained 0.5 quantile),0.6086712374963099,8,True,,
SPY,Chronos-2,2026-06-25,734.2999877929688,2026-06-26,1,728.989990234375,734.2794189453125,-5.30999755859375,-0.02056884765625,-1.0,-1.0,True,1.2809799673498579,4.12920486327392,3.1999079510569572e-06,8408,expanding,amazon/chronos-2,29ec3766d36d6f73f0696f85560a422f50e8498c,2.3.1,cpu,8408,8192,8192,True,2026-06-25,standard predictions output (trained 0.5 quantile),0.6090373999904841,4,True,,
SPY,Chronos-2,2026-06-25,734.2999877929688,2026-07-02,5,744.780029296875,735.9134521484375,10.48004150390625,1.61346435546875,1.0,1.0,True,1.2809799673498579,6.921714136389679,3.1999079510569572e-06,8408,expanding,amazon/chronos-2,29ec3766d36d6f73f0696f85560a422f50e8498c,2.3.1,cpu,8408,8192,8192,True,2026-06-25,standard predictions output (trained 0.5 quantile),0.6090373999904841,4,True,,
SPY,Chronos-2,2026-06-25,734.2999877929688,2026-07-24,20,738.9299926757812,738.6466064453125,4.6300048828125,4.34661865234375,1.0,1.0,True,1.2809799673498579,0.2212261219471142,3.1999079510569572e-06,8408,expanding,amazon/chronos-2,29ec3766d36d6f73f0696f85560a422f50e8498c,2.3.1,cpu,8408,8192,8192,True,2026-06-25,standard predictions output (trained 0.5 quantile),0.6090373999904841,4,True,,
SPY,Chronos-2,2026-07-02,744.780029296875,2026-07-06,1,751.280029296875,739.9505615234375,6.5,-4.8294677734375,1.0,-1.0,False,1.2832000240846528,8.829073847250873,2.800021320581436e-06,8413,expanding,amazon/chronos-2,29ec3766d36d6f73f0696f85560a422f50e8498c,2.3.1,cpu,8413,8192,8192,True,2026-07-02,standard predictions output (trained 0.5 quantile),0.6090373999904841,4,True,,
SPY,Chronos-2,2026-07-02,744.780029296875,2026-07-10,5,754.9500122070312,742.4242553710938,10.16998291015625,-2.35577392578125,1.0,-1.0,False,1.2832000240846528,9.761343984444295,2.800021320581436e-06,8413,expanding,amazon/chronos-2,29ec3766d36d6f73f0696f85560a422f50e8498c,2.3.1,cpu,8413,8192,8192,True,2026-07-02,standard predictions output (trained 0.5 quantile),0.6090373999904841,4,True,,
SPY,Chronos-2,2026-07-02,744.780029296875,2026-07-31,20,747.030029296875,744.8485107421875,2.25,0.0684814453125,1.0,1.0,True,1.2832000240846528,1.7000611858962877,2.800021320581436e-06,8413,expanding,amazon/chronos-2,29ec3766d36d6f73f0696f85560a422f50e8498c,2.3.1,cpu,8413,8192,8192,True,2026-07-02,standard predictions output (trained 0.5 quantile),0.6090373999904841,4,True,,
SPY,Chronos-2,2026-07-10,754.9500122070312,2026-07-13,1,749.1699829101562,745.6956787109375,-5.780029296875,-9.25433349609375,-1.0,-1.0,True,1.2850431977279173,2.7036477881534733,2.800021320581436e-06,8418,expanding,amazon/chronos-2,29ec3766d36d6f73f0696f85560a422f50e8498c,2.3.1,cpu,8418,8192,8192,True,2026-07-10,standard predictions output (trained 0.5 quantile),0.6090373999904841,4,True,,
SPY,Chronos-2,2026-07-10,754.9500122070312,2026-07-17,5,743.2899780273438,747.4296875,-11.6600341796875,-7.52032470703125,-1.0,-1.0,True,1.2850431977279173,3.2214554965744835,2.800021320581436e-06,8418,expanding,amazon/chronos-2,29ec3766d36d6f73f0696f85560a422f50e8498c,2.3.1,cpu,8418,8192,8192,True,2026-07-10,standard predictions output (trained 0.5 quantile),0.6090373999904841,4,True,,
SPY,Chronos-2,2026-07-10,754.9500122070312,2026-08-07,20,773.260009765625,748.8156127929688,18.30999755859375,-6.1343994140625,1.0,-1.0,False,1.2850431977279173,19.022237552695774,2.800021320581436e-06,8418,expanding,amazon/chronos-2,29ec3766d36d6f73f0696f85560a422f50e8498c,2.3.1,cpu,8418,8192,8192,True,2026-07-10,standard predictions output (trained 0.5 quantile),0.6090373999904841,4,True,,
SPY,Chronos-2,2026-07-17,743.2899780273438,2026-07-20,1,742.0900268554688,743.1345825195312,-1.199951171875,-0.1553955078125,-1.0,-1.0,True,1.2870041152638854,0.8116179673973505,2.600019797682762e-06,8423,expanding,amazon/chronos-2,29ec3766d36d6f73f0696f85560a422f50e8498c,2.3.1,cpu,8423,8192,8192,True,2026-07-17,standard predictions output (trained 0.5 quantile),0.6090373999904841,4,True,,
SPY,Chronos-2,2026-07-17,743.2899780273438,2026-07-24,5,738.9299926757812,744.9982299804688,-4.3599853515625,1.708251953125,-1.0,1.0,False,1.2870041152638854,4.715010024224575,2.600019797682762e-06,8423,expanding,amazon/chronos-2,29ec3766d36d6f73f0696f85560a422f50e8498c,2.3.1,cpu,8423,8192,8192,True,2026-07-17,standard predictions output (trained 0.5 quantile),0.6090373999904841,4,True,,
SPY,Chronos-2,2026-07-17,743.2899780273438,2026-08-14,20,776.3400268554688,743.6963500976562,33.050048828125,0.4063720703125,1.0,1.0,True,1.2870041152638854,25.36408110172926,2.600019797682762e-06,8423,expanding,amazon/chronos-2,29ec3766d36d6f73f0696f85560a422f50e8498c,2.3.1,cpu,8423,8192,8192,True,2026-07-17,standard predictions output (trained 0.5 quantile),0.6090373999904841,4,True,,
