dataset,model,origin,origin_actual,forecast_date,horizon,actual,forecast,actual_change,predicted_change,actual_direction,predicted_direction,direction_correct,mase_scale,scaled_absolute_error,elapsed_seconds,train_size,window,forecast_scale,model_identifier,transformers_version,device,model_configuration,context_length,patch_length,patch_stride,prediction_length,window_stride,num_training_windows,num_validation_windows,training_data_end,validation_start,validation_end,forecast_origin,scaler_fit_end,scaler_mean,scaler_std,epochs_trained,best_epoch,early_stopped,best_validation_loss,training_elapsed_seconds,inference_elapsed_seconds,num_parameters,forecast_is_finite,parameters_are_finite,training_warning,training_exception,absolute_error,squared_error,standardized_prediction
SPY,PatchTST,2018-12-31,223.5733642578125,2019-01-02,1,223.8059539794922,255.95599365234372,0.2325897216796875,32.38262939453125,1.0,1.0,True,0.7032400627714837,45.71701951414371,11.855248300009409,6528,expanding,original,PatchTST-HF-supervised-v1,5.15.0,cpu,"{""batch_size"":64,""context_length"":252,""d_model"":32,""dropout"":0.1,""ffn_dim"":64,""learning_rate"":0.001,""max_epochs"":30,""min_delta"":0.0001,""num_attention_heads"":4,""num_hidden_layers"":2,""patch_length"":21,""patch_stride"":7,""patience"":5,""prediction_length"":20,""seed"":2026,""validation_points"":252,""weight_decay"":0.0001,""window_stride"":5}",252,21,7,20,5,1201,47,2017-12-28,2017-12-29,2018-12-31,2018-12-31,2017-12-28,91.05449676513672,47.05035018920898,16,11,True,0.0455208830535411,7.211253099958412,0.0011758999899029,19540,True,True,,,32.15003967285156,1033.6250509659294,3.504787875628336
SPY,PatchTST,2018-12-31,223.5733642578125,2019-01-08,5,229.70118713378903,257.30523681640625,6.127822875976534,33.73187255859375,1.0,1.0,True,0.7032400627714837,39.25266938551408,11.855248300009409,6528,expanding,original,PatchTST-HF-supervised-v1,5.15.0,cpu,"{""batch_size"":64,""context_length"":252,""d_model"":32,""dropout"":0.1,""ffn_dim"":64,""learning_rate"":0.001,""max_epochs"":30,""min_delta"":0.0001,""num_attention_heads"":4,""num_hidden_layers"":2,""patch_length"":21,""patch_stride"":7,""patience"":5,""prediction_length"":20,""seed"":2026,""validation_points"":252,""weight_decay"":0.0001,""window_stride"":5}",252,21,7,20,5,1201,47,2017-12-28,2017-12-29,2018-12-31,2018-12-31,2017-12-28,91.05449676513672,47.05035018920898,16,11,True,0.0455208830535411,7.211253099958412,0.0011758999899029,19540,True,True,,,27.604049682617216,761.9835588803996,3.533464456326177
SPY,PatchTST,2018-12-31,223.5733642578125,2019-01-30,20,239.3717041015625,257.65106201171875,15.79833984375,34.07769775390625,1.0,1.0,True,0.7032400627714837,25.993055398631476,11.855248300009409,6528,expanding,original,PatchTST-HF-supervised-v1,5.15.0,cpu,"{""batch_size"":64,""context_length"":252,""d_model"":32,""dropout"":0.1,""ffn_dim"":64,""learning_rate"":0.001,""max_epochs"":30,""min_delta"":0.0001,""num_attention_heads"":4,""num_hidden_layers"":2,""patch_length"":21,""patch_stride"":7,""patience"":5,""prediction_length"":20,""seed"":2026,""validation_points"":252,""weight_decay"":0.0001,""window_stride"":5}",252,21,7,20,5,1201,47,2017-12-28,2017-12-29,2018-12-31,2018-12-31,2017-12-28,91.05449676513672,47.05035018920898,16,11,True,0.0455208830535411,7.211253099958412,0.0011758999899029,19540,True,True,,,18.27935791015625,334.13492560759187,3.5408145651759897
SPY,PatchTST,2019-01-08,229.70118713378903,2019-01-09,1,230.7747344970703,254.89959716796875,1.0735473632812784,25.19841003417972,1.0,1.0,True,0.7052750911584168,34.20631605076718,5.940568599966355,6533,expanding,original,PatchTST-HF-supervised-v1,5.15.0,cpu,"{""batch_size"":64,""context_length"":252,""d_model"":32,""dropout"":0.1,""ffn_dim"":64,""learning_rate"":0.001,""max_epochs"":30,""min_delta"":0.0001,""num_attention_heads"":4,""num_hidden_layers"":2,""patch_length"":21,""patch_stride"":7,""patience"":5,""prediction_length"":20,""seed"":2026,""validation_points"":252,""weight_decay"":0.0001,""window_stride"":5}",252,21,7,20,5,1202,47,2018-01-05,2018-01-08,2019-01-08,2019-01-08,2018-01-05,91.1708755493164,47.21200180053711,13,8,True,0.0525895655155181,5.926410299958661,0.0010306000476703,19540,True,True,,,24.12486267089844,582.0089988897089,3.4679470341117726
SPY,PatchTST,2019-01-08,229.70118713378903,2019-01-15,5,232.90382385253903,255.04757690429688,3.20263671875,25.34638977050784,1.0,1.0,True,0.7052750911584168,31.3973275525535,5.940568599966355,6533,expanding,original,PatchTST-HF-supervised-v1,5.15.0,cpu,"{""batch_size"":64,""context_length"":252,""d_model"":32,""dropout"":0.1,""ffn_dim"":64,""learning_rate"":0.001,""max_epochs"":30,""min_delta"":0.0001,""num_attention_heads"":4,""num_hidden_layers"":2,""patch_length"":21,""patch_stride"":7,""patience"":5,""prediction_length"":20,""seed"":2026,""validation_points"":252,""weight_decay"":0.0001,""window_stride"":5}",252,21,7,20,5,1202,47,2018-01-05,2018-01-08,2019-01-08,2019-01-08,2018-01-05,91.1708755493164,47.21200180053711,13,8,True,0.0525895655155181,5.926410299958661,0.0010306000476703,19540,True,True,,,22.14375305175784,490.3457992172347,3.4710814010245192
SPY,PatchTST,2019-01-08,229.70118713378903,2019-02-06,20,243.98768615722656,254.77081298828125,14.286499023437528,25.069625854492216,1.0,1.0,True,0.7052750911584168,15.289249494609775,5.940568599966355,6533,expanding,original,PatchTST-HF-supervised-v1,5.15.0,cpu,"{""batch_size"":64,""context_length"":252,""d_model"":32,""dropout"":0.1,""ffn_dim"":64,""learning_rate"":0.001,""max_epochs"":30,""min_delta"":0.0001,""num_attention_heads"":4,""num_hidden_layers"":2,""patch_length"":21,""patch_stride"":7,""patience"":5,""prediction_length"":20,""seed"":2026,""validation_points"":252,""weight_decay"":0.0001,""window_stride"":5}",252,21,7,20,5,1202,47,2018-01-05,2018-01-08,2019-01-08,2019-01-08,2018-01-05,91.1708755493164,47.21200180053711,13,8,True,0.0525895655155181,5.926410299958661,0.0010306000476703,19540,True,True,,,10.783126831054688,116.2758242546115,3.4652192493372236
SPY,PatchTST,2019-01-15,232.90382385253903,2019-01-16,1,233.4674072265625,255.3879852294922,0.5635833740234659,22.484161376953157,1.0,1.0,True,0.7056580091700818,31.06402494986245,5.022012699977495,6538,expanding,original,PatchTST-HF-supervised-v1,5.15.0,cpu,"{""batch_size"":64,""context_length"":252,""d_model"":32,""dropout"":0.1,""ffn_dim"":64,""learning_rate"":0.001,""max_epochs"":30,""min_delta"":0.0001,""num_attention_heads"":4,""num_hidden_layers"":2,""patch_length"":21,""patch_stride"":7,""patience"":5,""prediction_length"":20,""seed"":2026,""validation_points"":252,""weight_decay"":0.0001,""window_stride"":5}",252,21,7,20,5,1203,47,2018-01-12,2018-01-16,2019-01-15,2019-01-15,2018-01-12,91.29060363769533,47.38367462158203,11,6,True,0.0585569031536579,5.009118200046942,0.0011243999470025,19540,True,True,,,21.920578002929688,480.5117399825249,3.4631628488571207
SPY,PatchTST,2019-01-15,232.90382385253903,2019-01-23,5,235.6412506103516,255.50491333007807,2.737426757812557,22.60108947753909,1.0,1.0,True,0.7056580091700818,28.149135220739595,5.022012699977495,6538,expanding,original,PatchTST-HF-supervised-v1,5.15.0,cpu,"{""batch_size"":64,""context_length"":252,""d_model"":32,""dropout"":0.1,""ffn_dim"":64,""learning_rate"":0.001,""max_epochs"":30,""min_delta"":0.0001,""num_attention_heads"":4,""num_hidden_layers"":2,""patch_length"":21,""patch_stride"":7,""patience"":5,""prediction_length"":20,""seed"":2026,""validation_points"":252,""weight_decay"":0.0001,""window_stride"":5}",252,21,7,20,5,1203,47,2018-01-12,2018-01-16,2019-01-15,2019-01-15,2018-01-12,91.29060363769533,47.38367462158203,11,6,True,0.0585569031536579,5.009118200046942,0.0011243999470025,19540,True,True,,,19.86366271972653,394.5650966430537,3.465630536336399
SPY,PatchTST,2019-01-15,232.90382385253903,2019-02-13,20,246.0004119873047,258.3731689453125,13.096588134765652,25.469345092773462,1.0,1.0,True,0.7056580091700818,17.533644906205065,5.022012699977495,6538,expanding,original,PatchTST-HF-supervised-v1,5.15.0,cpu,"{""batch_size"":64,""context_length"":252,""d_model"":32,""dropout"":0.1,""ffn_dim"":64,""learning_rate"":0.001,""max_epochs"":30,""min_delta"":0.0001,""num_attention_heads"":4,""num_hidden_layers"":2,""patch_length"":21,""patch_stride"":7,""patience"":5,""prediction_length"":20,""seed"":2026,""validation_points"":252,""weight_decay"":0.0001,""window_stride"":5}",252,21,7,20,5,1203,47,2018-01-12,2018-01-16,2019-01-15,2019-01-15,2018-01-12,91.29060363769533,47.38367462158203,11,6,True,0.0585569031536579,5.009118200046942,0.0011243999470025,19540,True,True,,,12.372756958007812,153.08511474193074,3.5261631066391677
SPY,PatchTST,2019-01-23,235.6412506103516,2019-01-24,1,235.7664794921875,252.50784301757807,0.125228881835909,16.866592407226534,1.0,1.0,True,0.7065216771180899,23.69547045418173,8.244214699952863,6543,expanding,original,PatchTST-HF-supervised-v1,5.15.0,cpu,"{""batch_size"":64,""context_length"":252,""d_model"":32,""dropout"":0.1,""ffn_dim"":64,""learning_rate"":0.001,""max_epochs"":30,""min_delta"":0.0001,""num_attention_heads"":4,""num_hidden_layers"":2,""patch_length"":21,""patch_stride"":7,""patience"":5,""prediction_length"":20,""seed"":2026,""validation_points"":252,""weight_decay"":0.0001,""window_stride"":5}",252,21,7,20,5,1204,47,2018-01-22,2018-01-23,2019-01-23,2019-01-23,2018-01-22,91.41326141357422,47.56407928466797,18,13,True,0.0603401586413383,8.231003800057806,0.001330200000666,19540,True,True,,,16.741363525390625,280.2732526892796,3.386895826151981
SPY,PatchTST,2019-01-23,235.6412506103516,2019-01-30,5,239.3717041015625,252.33587646484372,3.730453491210909,16.69462585449216,1.0,1.0,True,0.7065216771180899,18.349291724724228,8.244214699952863,6543,expanding,original,PatchTST-HF-supervised-v1,5.15.0,cpu,"{""batch_size"":64,""context_length"":252,""d_model"":32,""dropout"":0.1,""ffn_dim"":64,""learning_rate"":0.001,""max_epochs"":30,""min_delta"":0.0001,""num_attention_heads"":4,""num_hidden_layers"":2,""patch_length"":21,""patch_stride"":7,""patience"":5,""prediction_length"":20,""seed"":2026,""validation_points"":252,""weight_decay"":0.0001,""window_stride"":5}",252,21,7,20,5,1204,47,2018-01-22,2018-01-23,2019-01-23,2019-01-23,2018-01-22,91.41326141357422,47.56407928466797,18,13,True,0.0603401586413383,8.231003800057806,0.001330200000666,19540,True,True,,,12.96417236328125,168.06976506486535,3.38328035507968
SPY,PatchTST,2019-01-23,235.6412506103516,2019-02-21,20,248.17434692382807,254.0794677734375,12.533096313476475,18.43821716308591,1.0,1.0,True,0.7065216771180899,8.358017936118376,8.244214699952863,6543,expanding,original,PatchTST-HF-supervised-v1,5.15.0,cpu,"{""batch_size"":64,""context_length"":252,""d_model"":32,""dropout"":0.1,""ffn_dim"":64,""learning_rate"":0.001,""max_epochs"":30,""min_delta"":0.0001,""num_attention_heads"":4,""num_hidden_layers"":2,""patch_length"":21,""patch_stride"":7,""patience"":5,""prediction_length"":20,""seed"":2026,""validation_points"":252,""weight_decay"":0.0001,""window_stride"":5}",252,21,7,20,5,1204,47,2018-01-22,2018-01-23,2019-01-23,2019-01-23,2018-01-22,91.41326141357422,47.56407928466797,18,13,True,0.0603401586413383,8.231003800057806,0.001330200000666,19540,True,True,,,5.905120849609432,34.870452248492015,3.4199380878649297
SPY,PatchTST,2019-01-30,239.3717041015625,2019-01-31,1,241.47390747070312,249.6069793701172,2.102203369140625,10.235275268554688,1.0,1.0,True,0.7071995616450791,11.500391601622333,4.665768000064418,6548,expanding,original,PatchTST-HF-supervised-v1,5.15.0,cpu,"{""batch_size"":64,""context_length"":252,""d_model"":32,""dropout"":0.1,""ffn_dim"":64,""learning_rate"":0.001,""max_epochs"":30,""min_delta"":0.0001,""num_attention_heads"":4,""num_hidden_layers"":2,""patch_length"":21,""patch_stride"":7,""patience"":5,""prediction_length"":20,""seed"":2026,""validation_points"":252,""weight_decay"":0.0001,""window_stride"":5}",252,21,7,20,5,1205,47,2018-01-29,2018-01-30,2019-01-30,2019-01-30,2018-01-29,91.53880310058594,47.75331115722656,10,5,True,0.0631602779030799,4.653178500011563,0.0011960000265389,19540,True,True,,,8.133071899414062,66.14685852103867,3.3100987646510167
SPY,PatchTST,2019-01-30,239.3717041015625,2019-02-06,5,243.98768615722656,250.3389434814453,4.615982055664063,10.967239379882812,1.0,1.0,True,0.7071995616450791,8.980855855516273,4.665768000064418,6548,expanding,original,PatchTST-HF-supervised-v1,5.15.0,cpu,"{""batch_size"":64,""context_length"":252,""d_model"":32,""dropout"":0.1,""ffn_dim"":64,""learning_rate"":0.001,""max_epochs"":30,""min_delta"":0.0001,""num_attention_heads"":4,""num_hidden_layers"":2,""patch_length"":21,""patch_stride"":7,""patience"":5,""prediction_length"":20,""seed"":2026,""validation_points"":252,""weight_decay"":0.0001,""window_stride"":5}",252,21,7,20,5,1205,47,2018-01-29,2018-01-30,2019-01-30,2019-01-30,2018-01-29,91.53880310058594,47.75331115722656,10,5,True,0.0631602779030799,4.653178500011563,0.0011960000265389,19540,True,True,,,6.35125732421875,40.33846959844232,3.3254267930869537
SPY,PatchTST,2019-01-30,239.3717041015625,2019-02-28,20,249.30145263671875,250.82025146484372,9.92974853515625,11.44854736328125,1.0,1.0,True,0.7071995616450791,2.1476241085217707,4.665768000064418,6548,expanding,original,PatchTST-HF-supervised-v1,5.15.0,cpu,"{""batch_size"":64,""context_length"":252,""d_model"":32,""dropout"":0.1,""ffn_dim"":64,""learning_rate"":0.001,""max_epochs"":30,""min_delta"":0.0001,""num_attention_heads"":4,""num_hidden_layers"":2,""patch_length"":21,""patch_stride"":7,""patience"":5,""prediction_length"":20,""seed"":2026,""validation_points"":252,""weight_decay"":0.0001,""window_stride"":5}",252,21,7,20,5,1205,47,2018-01-29,2018-01-30,2019-01-30,2019-01-30,2018-01-29,91.53880310058594,47.75331115722656,10,5,True,0.0631602779030799,4.653178500011563,0.0011960000265389,19540,True,True,,,1.518798828125,2.3067498803138733,3.335505842512735
SPY,PatchTST,2019-02-06,243.98768615722656,2019-02-07,1,241.66180419921875,250.91510009765625,-2.3258819580078125,6.927413940429688,-1.0,1.0,False,0.7074627055353299,13.079552923479726,4.245900499983691,6553,expanding,original,PatchTST-HF-supervised-v1,5.15.0,cpu,"{""batch_size"":64,""context_length"":252,""d_model"":32,""dropout"":0.1,""ffn_dim"":64,""learning_rate"":0.001,""max_epochs"":30,""min_delta"":0.0001,""num_attention_heads"":4,""num_hidden_layers"":2,""patch_length"":21,""patch_stride"":7,""patience"":5,""prediction_length"":20,""seed"":2026,""validation_points"":252,""weight_decay"":0.0001,""window_stride"":5}",252,21,7,20,5,1206,47,2018-02-05,2018-02-06,2019-02-06,2019-02-06,2018-02-05,91.6590805053711,47.92509841918945,9,4,True,0.0646601542830467,4.2322607999667525,0.0012869000202044,19540,True,True,,,9.2532958984375,85.62348498404026,3.3230191454029074
SPY,PatchTST,2019-02-06,243.98768615722656,2019-02-13,5,246.0004119873047,249.3045959472656,2.012725830078125,5.316909790039063,1.0,1.0,True,0.7074627055353299,4.670470873034494,4.245900499983691,6553,expanding,original,PatchTST-HF-supervised-v1,5.15.0,cpu,"{""batch_size"":64,""context_length"":252,""d_model"":32,""dropout"":0.1,""ffn_dim"":64,""learning_rate"":0.001,""max_epochs"":30,""min_delta"":0.0001,""num_attention_heads"":4,""num_hidden_layers"":2,""patch_length"":21,""patch_stride"":7,""patience"":5,""prediction_length"":20,""seed"":2026,""validation_points"":252,""weight_decay"":0.0001,""window_stride"":5}",252,21,7,20,5,1206,47,2018-02-05,2018-02-06,2019-02-06,2019-02-06,2018-02-05,91.6590805053711,47.92509841918945,9,4,True,0.0646601542830467,4.2322607999667525,0.0012869000202044,19540,True,True,,,3.304183959960937,10.917631641263142,3.289414537305831
SPY,PatchTST,2019-02-06,243.98768615722656,2019-03-07,20,246.01837158203125,250.748046875,2.0306854248046875,6.7603607177734375,1.0,1.0,True,0.7074627055353299,6.685405825583206,4.245900499983691,6553,expanding,original,PatchTST-HF-supervised-v1,5.15.0,cpu,"{""batch_size"":64,""context_length"":252,""d_model"":32,""dropout"":0.1,""ffn_dim"":64,""learning_rate"":0.001,""max_epochs"":30,""min_delta"":0.0001,""num_attention_heads"":4,""num_hidden_layers"":2,""patch_length"":21,""patch_stride"":7,""patience"":5,""prediction_length"":20,""seed"":2026,""validation_points"":252,""weight_decay"":0.0001,""window_stride"":5}",252,21,7,20,5,1206,47,2018-02-05,2018-02-06,2019-02-06,2019-02-06,2018-02-05,91.6590805053711,47.92509841918945,9,4,True,0.0646601542830467,4.2322607999667525,0.0012869000202044,19540,True,True,,,4.72967529296875,22.36982837691903,3.319533430648707
SPY,PatchTST,2019-02-13,246.0004119873047,2019-02-14,1,245.45480346679688,248.72454833984372,-0.5456085205078125,2.7241363525390625,-1.0,1.0,False,0.7079396273316417,4.618677563468458,4.81156269996427,6558,expanding,original,PatchTST-HF-supervised-v1,5.15.0,cpu,"{""batch_size"":64,""context_length"":252,""d_model"":32,""dropout"":0.1,""ffn_dim"":64,""learning_rate"":0.001,""max_epochs"":30,""min_delta"":0.0001,""num_attention_heads"":4,""num_hidden_layers"":2,""patch_length"":21,""patch_stride"":7,""patience"":5,""prediction_length"":20,""seed"":2026,""validation_points"":252,""weight_decay"":0.0001,""window_stride"":5}",252,21,7,20,5,1207,47,2018-02-12,2018-02-13,2019-02-13,2019-02-13,2018-02-12,91.77034759521484,48.06877136230469,10,5,True,0.065773919224739,4.79699940001592,0.001027200021781,19540,True,True,,,3.269744873046875,10.691231534816325,3.2652010088136274
SPY,PatchTST,2019-02-13,246.0004119873047,2019-02-21,5,248.17434692382807,248.8846435546875,2.1739349365233807,2.8842315673828125,1.0,1.0,True,0.7079396273316417,1.0033293849316984,4.81156269996427,6558,expanding,original,PatchTST-HF-supervised-v1,5.15.0,cpu,"{""batch_size"":64,""context_length"":252,""d_model"":32,""dropout"":0.1,""ffn_dim"":64,""learning_rate"":0.001,""max_epochs"":30,""min_delta"":0.0001,""num_attention_heads"":4,""num_hidden_layers"":2,""patch_length"":21,""patch_stride"":7,""patience"":5,""prediction_length"":20,""seed"":2026,""validation_points"":252,""weight_decay"":0.0001,""window_stride"":5}",252,21,7,20,5,1207,47,2018-02-12,2018-02-13,2019-02-13,2019-02-13,2018-02-12,91.77034759521484,48.06877136230469,10,5,True,0.065773919224739,4.79699940001592,0.001027200021781,19540,True,True,,,0.7102966308594318,0.50452130381026,3.268531553995178
SPY,PatchTST,2019-02-13,246.0004119873047,2019-03-14,20,251.52012634277344,249.5296630859375,5.51971435546875,3.5292510986328125,1.0,1.0,True,0.7079396273316417,2.8116285343968803,4.81156269996427,6558,expanding,original,PatchTST-HF-supervised-v1,5.15.0,cpu,"{""batch_size"":64,""context_length"":252,""d_model"":32,""dropout"":0.1,""ffn_dim"":64,""learning_rate"":0.001,""max_epochs"":30,""min_delta"":0.0001,""num_attention_heads"":4,""num_hidden_layers"":2,""patch_length"":21,""patch_stride"":7,""patience"":5,""prediction_length"":20,""seed"":2026,""validation_points"":252,""weight_decay"":0.0001,""window_stride"":5}",252,21,7,20,5,1207,47,2018-02-12,2018-02-13,2019-02-13,2019-02-13,2018-02-12,91.77034759521484,48.06877136230469,10,5,True,0.065773919224739,4.79699940001592,0.001027200021781,19540,True,True,,,1.9904632568359373,3.9619439768139273,3.2819502354586243
SPY,PatchTST,2019-02-21,248.17434692382807,2019-02-22,1,249.7130126953125,251.87054443359372,1.5386657714844318,3.696197509765682,1.0,1.0,True,0.7081676891249007,3.046639618573056,5.232282800017856,6563,expanding,original,PatchTST-HF-supervised-v1,5.15.0,cpu,"{""batch_size"":64,""context_length"":252,""d_model"":32,""dropout"":0.1,""ffn_dim"":64,""learning_rate"":0.001,""max_epochs"":30,""min_delta"":0.0001,""num_attention_heads"":4,""num_hidden_layers"":2,""patch_length"":21,""patch_stride"":7,""patience"":5,""prediction_length"":20,""seed"":2026,""validation_points"":252,""weight_decay"":0.0001,""window_stride"":5}",252,21,7,20,5,1208,47,2018-02-20,2018-02-21,2019-02-21,2019-02-21,2018-02-20,91.88587188720705,48.22459411621094,11,6,True,0.0629595071077346,5.218381999991834,0.001233100076206,19540,True,True,,,2.15753173828125,4.654943201690912,3.3174913232210494
SPY,PatchTST,2019-02-21,248.17434692382807,2019-02-28,5,249.30145263671875,251.55975341796875,1.1271057128906818,3.385406494140682,1.0,1.0,True,0.7081676891249007,3.188935072765936,5.232282800017856,6563,expanding,original,PatchTST-HF-supervised-v1,5.15.0,cpu,"{""batch_size"":64,""context_length"":252,""d_model"":32,""dropout"":0.1,""ffn_dim"":64,""learning_rate"":0.001,""max_epochs"":30,""min_delta"":0.0001,""num_attention_heads"":4,""num_hidden_layers"":2,""patch_length"":21,""patch_stride"":7,""patience"":5,""prediction_length"":20,""seed"":2026,""validation_points"":252,""weight_decay"":0.0001,""window_stride"":5}",252,21,7,20,5,1208,47,2018-02-20,2018-02-21,2019-02-21,2019-02-21,2018-02-20,91.88587188720705,48.22459411621094,11,6,True,0.0629595071077346,5.218381999991834,0.001233100076206,19540,True,True,,,2.25830078125,5.09992241859436,3.3110466652343797
SPY,PatchTST,2019-02-21,248.17434692382807,2019-03-21,20,255.83563232421875,253.71759033203125,7.661285400390682,5.543243408203182,1.0,1.0,True,0.7081676891249007,2.990876348516852,5.232282800017856,6563,expanding,original,PatchTST-HF-supervised-v1,5.15.0,cpu,"{""batch_size"":64,""context_length"":252,""d_model"":32,""dropout"":0.1,""ffn_dim"":64,""learning_rate"":0.001,""max_epochs"":30,""min_delta"":0.0001,""num_attention_heads"":4,""num_hidden_layers"":2,""patch_length"":21,""patch_stride"":7,""patience"":5,""prediction_length"":20,""seed"":2026,""validation_points"":252,""weight_decay"":0.0001,""window_stride"":5}",252,21,7,20,5,1208,47,2018-02-20,2018-02-21,2019-02-21,2019-02-21,2018-02-20,91.88587188720705,48.22459411621094,11,6,True,0.0629595071077346,5.218381999991834,0.001233100076206,19540,True,True,,,2.1180419921875,4.486101880669594,3.3557922344529114
SPY,PatchTST,2019-02-28,249.30145263671875,2019-03-01,1,250.8580322265625,248.91552734375,1.55657958984375,-0.38592529296875,1.0,-1.0,False,0.7080290091351795,2.743538552445991,4.1551236000377685,6568,expanding,original,PatchTST-HF-supervised-v1,5.15.0,cpu,"{""batch_size"":64,""context_length"":252,""d_model"":32,""dropout"":0.1,""ffn_dim"":64,""learning_rate"":0.001,""max_epochs"":30,""min_delta"":0.0001,""num_attention_heads"":4,""num_hidden_layers"":2,""patch_length"":21,""patch_stride"":7,""patience"":5,""prediction_length"":20,""seed"":2026,""validation_points"":252,""weight_decay"":0.0001,""window_stride"":5}",252,21,7,20,5,1209,47,2018-02-27,2018-02-28,2019-02-28,2019-02-28,2018-02-27,92.0032196044922,48.38546752929688,9,4,True,0.062767744064331,4.14061259990558,0.0010302999289706,19540,True,True,,,1.9425048828125,3.773325219750405,3.2429635539689494
SPY,PatchTST,2019-02-28,249.30145263671875,2019-03-07,5,246.01837158203125,247.5976409912109,-3.2830810546875,-1.7038116455078125,-1.0,-1.0,True,0.7080290091351795,2.2305151184535257,4.1551236000377685,6568,expanding,original,PatchTST-HF-supervised-v1,5.15.0,cpu,"{""batch_size"":64,""context_length"":252,""d_model"":32,""dropout"":0.1,""ffn_dim"":64,""learning_rate"":0.001,""max_epochs"":30,""min_delta"":0.0001,""num_attention_heads"":4,""num_hidden_layers"":2,""patch_length"":21,""patch_stride"":7,""patience"":5,""prediction_length"":20,""seed"":2026,""validation_points"":252,""weight_decay"":0.0001,""window_stride"":5}",252,21,7,20,5,1209,47,2018-02-27,2018-02-28,2019-02-28,2019-02-28,2018-02-27,92.0032196044922,48.38546752929688,9,4,True,0.062767744064331,4.14061259990558,0.0010302999289706,19540,True,True,,,1.5792694091796875,2.4940918667707592,3.2157263189098657
SPY,PatchTST,2019-02-28,249.30145263671875,2019-03-28,20,252.2235870361328,246.9239196777344,2.9221343994140625,-2.377532958984375,1.0,-1.0,False,0.7080290091351795,7.485099183819749,4.1551236000377685,6568,expanding,original,PatchTST-HF-supervised-v1,5.15.0,cpu,"{""batch_size"":64,""context_length"":252,""d_model"":32,""dropout"":0.1,""ffn_dim"":64,""learning_rate"":0.001,""max_epochs"":30,""min_delta"":0.0001,""num_attention_heads"":4,""num_hidden_layers"":2,""patch_length"":21,""patch_stride"":7,""patience"":5,""prediction_length"":20,""seed"":2026,""validation_points"":252,""weight_decay"":0.0001,""window_stride"":5}",252,21,7,20,5,1209,47,2018-02-27,2018-02-28,2019-02-28,2019-02-28,2018-02-27,92.0032196044922,48.38546752929688,9,4,True,0.062767744064331,4.14061259990558,0.0010302999289706,19540,True,True,,,5.2996673583984375,28.086474109673876,3.2018022762607257
SPY,PatchTST,2019-03-07,246.01837158203125,2019-03-08,1,245.5263671875,248.19918823242188,-0.49200439453125,2.180816650390625,-1.0,1.0,False,0.7084635945260345,3.7727006236784897,4.209938899963163,6573,expanding,original,PatchTST-HF-supervised-v1,5.15.0,cpu,"{""batch_size"":64,""context_length"":252,""d_model"":32,""dropout"":0.1,""ffn_dim"":64,""learning_rate"":0.001,""max_epochs"":30,""min_delta"":0.0001,""num_attention_heads"":4,""num_hidden_layers"":2,""patch_length"":21,""patch_stride"":7,""patience"":5,""prediction_length"":20,""seed"":2026,""validation_points"":252,""weight_decay"":0.0001,""window_stride"":5}",252,21,7,20,5,1210,47,2018-03-06,2018-03-07,2019-03-07,2019-03-07,2018-03-06,92.11841583251952,48.53936767578125,9,4,True,0.0614131242036819,4.196600399911404,0.0012880999129265,19540,True,True,,,2.672821044921875,7.143972338177264,3.2155501786188068
SPY,PatchTST,2019-03-07,246.01837158203125,2019-03-14,5,251.52012634277344,251.58612060546875,5.501754760742188,5.5677490234375,1.0,1.0,True,0.7084635945260345,0.0931512405227582,4.209938899963163,6573,expanding,original,PatchTST-HF-supervised-v1,5.15.0,cpu,"{""batch_size"":64,""context_length"":252,""d_model"":32,""dropout"":0.1,""ffn_dim"":64,""learning_rate"":0.001,""max_epochs"":30,""min_delta"":0.0001,""num_attention_heads"":4,""num_hidden_layers"":2,""patch_length"":21,""patch_stride"":7,""patience"":5,""prediction_length"":20,""seed"":2026,""validation_points"":252,""weight_decay"":0.0001,""window_stride"":5}",252,21,7,20,5,1210,47,2018-03-06,2018-03-07,2019-03-07,2019-03-07,2018-03-06,92.11841583251952,48.53936767578125,9,4,True,0.0614131242036819,4.196600399911404,0.0012880999129265,19540,True,True,,,0.0659942626953125,0.0043552427086979,3.2853271974640026
SPY,PatchTST,2019-03-07,246.01837158203125,2019-04-04,20,258.0368957519531,252.63888549804688,12.018524169921877,6.620513916015625,1.0,1.0,True,0.7084635945260345,7.619319179720935,4.209938899963163,6573,expanding,original,PatchTST-HF-supervised-v1,5.15.0,cpu,"{""batch_size"":64,""context_length"":252,""d_model"":32,""dropout"":0.1,""ffn_dim"":64,""learning_rate"":0.001,""max_epochs"":30,""min_delta"":0.0001,""num_attention_heads"":4,""num_hidden_layers"":2,""patch_length"":21,""patch_stride"":7,""patience"":5,""prediction_length"":20,""seed"":2026,""validation_points"":252,""weight_decay"":0.0001,""window_stride"":5}",252,21,7,20,5,1210,47,2018-03-06,2018-03-07,2019-03-07,2019-03-07,2018-03-06,92.11841583251952,48.53936767578125,9,4,True,0.0614131242036819,4.196600399911404,0.0012880999129265,19540,True,True,,,5.39801025390625,29.138514701277018,3.3070160851233985
SPY,PatchTST,2019-03-14,251.52012634277344,2019-03-15,1,252.7626495361328,247.92166137695312,1.242523193359375,-3.5984649658203125,1.0,-1.0,False,0.7089600646425133,6.828294569202162,4.454575399984606,6578,expanding,original,PatchTST-HF-supervised-v1,5.15.0,cpu,"{""batch_size"":64,""context_length"":252,""d_model"":32,""dropout"":0.1,""ffn_dim"":64,""learning_rate"":0.001,""max_epochs"":30,""min_delta"":0.0001,""num_attention_heads"":4,""num_hidden_layers"":2,""patch_length"":21,""patch_stride"":7,""patience"":5,""prediction_length"":20,""seed"":2026,""validation_points"":252,""weight_decay"":0.0001,""window_stride"":5}",252,21,7,20,5,1211,47,2018-03-13,2018-03-14,2019-03-14,2019-03-14,2018-03-13,92.23725128173828,48.703861236572266,9,4,True,0.0594733655452728,4.441110100015067,0.0010429000249132,19540,True,True,,,4.840988159179688,23.43516635731794,3.196551693078283
SPY,PatchTST,2019-03-14,251.52012634277344,2019-03-21,5,255.83563232421875,248.583740234375,4.3155059814453125,-2.936386108398437,1.0,-1.0,False,0.7089600646425133,10.228914788734189,4.454575399984606,6578,expanding,original,PatchTST-HF-supervised-v1,5.15.0,cpu,"{""batch_size"":64,""context_length"":252,""d_model"":32,""dropout"":0.1,""ffn_dim"":64,""learning_rate"":0.001,""max_epochs"":30,""min_delta"":0.0001,""num_attention_heads"":4,""num_hidden_layers"":2,""patch_length"":21,""patch_stride"":7,""patience"":5,""prediction_length"":20,""seed"":2026,""validation_points"":252,""weight_decay"":0.0001,""window_stride"":5}",252,21,7,20,5,1211,47,2018-03-13,2018-03-14,2019-03-14,2019-03-14,2018-03-13,92.23725128173828,48.703861236572266,9,4,True,0.0594733655452728,4.441110100015067,0.0010429000249132,19540,True,True,,,7.25189208984375,52.58993888273835,3.2101456636714136
SPY,PatchTST,2019-03-14,251.52012634277344,2019-04-11,20,258.9624328613281,244.6197509765625,7.442306518554687,-6.9003753662109375,1.0,-1.0,False,0.7089600646425133,20.23059210252949,4.454575399984606,6578,expanding,original,PatchTST-HF-supervised-v1,5.15.0,cpu,"{""batch_size"":64,""context_length"":252,""d_model"":32,""dropout"":0.1,""ffn_dim"":64,""learning_rate"":0.001,""max_epochs"":30,""min_delta"":0.0001,""num_attention_heads"":4,""num_hidden_layers"":2,""patch_length"":21,""patch_stride"":7,""patience"":5,""prediction_length"":20,""seed"":2026,""validation_points"":252,""weight_decay"":0.0001,""window_stride"":5}",252,21,7,20,5,1211,47,2018-03-13,2018-03-14,2019-03-14,2019-03-14,2018-03-13,92.23725128173828,48.703861236572266,9,4,True,0.0594733655452728,4.441110100015067,0.0010429000249132,19540,True,True,,,14.342681884765623,205.712523647584,3.1287560334209914
SPY,PatchTST,2019-03-21,255.83563232421875,2019-03-22,1,250.91177368164065,251.80618286132807,-4.923858642578097,-4.029449462890625,-1.0,-1.0,True,0.7093092386065484,1.2609580293139218,7.0832141999853775,6583,expanding,original,PatchTST-HF-supervised-v1,5.15.0,cpu,"{""batch_size"":64,""context_length"":252,""d_model"":32,""dropout"":0.1,""ffn_dim"":64,""learning_rate"":0.001,""max_epochs"":30,""min_delta"":0.0001,""num_attention_heads"":4,""num_hidden_layers"":2,""patch_length"":21,""patch_stride"":7,""patience"":5,""prediction_length"":20,""seed"":2026,""validation_points"":252,""weight_decay"":0.0001,""window_stride"":5}",252,21,7,20,5,1212,47,2018-03-20,2018-03-21,2019-03-21,2019-03-21,2018-03-20,92.35427856445312,48.862247467041016,15,10,True,0.0582542344927787,7.07052529999055,0.0010638999519869,19540,True,True,,,0.8944091796874716,0.7999677807092158,3.2632945180106545
SPY,PatchTST,2019-03-21,255.83563232421875,2019-03-28,5,252.2235870361328,251.5506134033203,-3.6120452880859375,-4.2850189208984375,-1.0,-1.0,True,0.7093092386065484,0.9487732517548616,7.0832141999853775,6583,expanding,original,PatchTST-HF-supervised-v1,5.15.0,cpu,"{""batch_size"":64,""context_length"":252,""d_model"":32,""dropout"":0.1,""ffn_dim"":64,""learning_rate"":0.001,""max_epochs"":30,""min_delta"":0.0001,""num_attention_heads"":4,""num_hidden_layers"":2,""patch_length"":21,""patch_stride"":7,""patience"":5,""prediction_length"":20,""seed"":2026,""validation_points"":252,""weight_decay"":0.0001,""window_stride"":5}",252,21,7,20,5,1212,47,2018-03-20,2018-03-21,2019-03-21,2019-03-21,2018-03-20,92.35427856445312,48.862247467041016,15,10,True,0.0582542344927787,7.07052529999055,0.0010638999519869,19540,True,True,,,0.6729736328125,0.4528935104608536,3.258064110666413
SPY,PatchTST,2019-03-21,255.83563232421875,2019-04-18,20,260.5888061523437,251.88462829589844,4.753173828124943,-3.951004028320313,1.0,-1.0,False,0.7093092386065484,12.271344263814722,7.0832141999853775,6583,expanding,original,PatchTST-HF-supervised-v1,5.15.0,cpu,"{""batch_size"":64,""context_length"":252,""d_model"":32,""dropout"":0.1,""ffn_dim"":64,""learning_rate"":0.001,""max_epochs"":30,""min_delta"":0.0001,""num_attention_heads"":4,""num_hidden_layers"":2,""patch_length"":21,""patch_stride"":7,""patience"":5,""prediction_length"":20,""seed"":2026,""validation_points"":252,""weight_decay"":0.0001,""window_stride"":5}",252,21,7,20,5,1212,47,2018-03-20,2018-03-21,2019-03-21,2019-03-21,2018-03-20,92.35427856445312,48.862247467041016,15,10,True,0.0582542344927787,7.07052529999055,0.0010638999519869,19540,True,True,,,8.704177856445256,75.76271215663192,3.2648999585836305
SPY,PatchTST,2019-03-28,252.2235870361328,2019-03-29,1,253.81393432617188,252.455078125,1.5903472900390625,0.2314910888671875,1.0,1.0,True,0.7101757871339115,1.9134082374954973,4.215273599955253,6588,expanding,original,PatchTST-HF-supervised-v1,5.15.0,cpu,"{""batch_size"":64,""context_length"":252,""d_model"":32,""dropout"":0.1,""ffn_dim"":64,""learning_rate"":0.001,""max_epochs"":30,""min_delta"":0.0001,""num_attention_heads"":4,""num_hidden_layers"":2,""patch_length"":21,""patch_stride"":7,""patience"":5,""prediction_length"":20,""seed"":2026,""validation_points"":252,""weight_decay"":0.0001,""window_stride"":5}",252,21,7,20,5,1213,47,2018-03-27,2018-03-28,2019-03-28,2019-03-28,2018-03-27,92.4647216796875,49.00094604492188,9,4,True,0.0611095689237117,4.20123310002964,0.0012329000746831,19540,True,True,,,1.358856201171875,1.8464901754632592,3.2650462768339303
SPY,PatchTST,2019-03-28,252.2235870361328,2019-04-04,5,258.0368957519531,254.57955932617188,5.8133087158203125,2.3559722900390625,1.0,1.0,True,0.7101757871339115,4.868282597656812,4.215273599955253,6588,expanding,original,PatchTST-HF-supervised-v1,5.15.0,cpu,"{""batch_size"":64,""context_length"":252,""d_model"":32,""dropout"":0.1,""ffn_dim"":64,""learning_rate"":0.001,""max_epochs"":30,""min_delta"":0.0001,""num_attention_heads"":4,""num_hidden_layers"":2,""patch_length"":21,""patch_stride"":7,""patience"":5,""prediction_length"":20,""seed"":2026,""validation_points"":252,""weight_decay"":0.0001,""window_stride"":5}",252,21,7,20,5,1213,47,2018-03-27,2018-03-28,2019-03-28,2019-03-28,2018-03-27,92.4647216796875,49.00094604492188,9,4,True,0.0611095689237117,4.20123310002964,0.0012329000746831,19540,True,True,,,3.45733642578125,11.953175161033869,3.3084021989670305
SPY,PatchTST,2019-03-28,252.2235870361328,2019-04-26,20,263.634765625,257.07672119140625,11.411178588867188,4.8531341552734375,1.0,1.0,True,0.7101757871339115,9.234395979705738,4.215273599955253,6588,expanding,original,PatchTST-HF-supervised-v1,5.15.0,cpu,"{""batch_size"":64,""context_length"":252,""d_model"":32,""dropout"":0.1,""ffn_dim"":64,""learning_rate"":0.001,""max_epochs"":30,""min_delta"":0.0001,""num_attention_heads"":4,""num_hidden_layers"":2,""patch_length"":21,""patch_stride"":7,""patience"":5,""prediction_length"":20,""seed"":2026,""validation_points"":252,""weight_decay"":0.0001,""window_stride"":5}",252,21,7,20,5,1213,47,2018-03-27,2018-03-28,2019-03-28,2019-03-28,2018-03-27,92.4647216796875,49.00094604492188,9,4,True,0.0611095689237117,4.20123310002964,0.0012329000746831,19540,True,True,,,6.55804443359375,43.00794679298997,3.3593637020968905
SPY,PatchTST,2019-04-04,258.0368957519531,2019-04-05,1,259.28594970703125,250.63265991210935,1.249053955078125,-7.40423583984375,1.0,-1.0,False,0.7105189955350266,12.178829629186588,7.070810600067489,6593,expanding,original,PatchTST-HF-supervised-v1,5.15.0,cpu,"{""batch_size"":64,""context_length"":252,""d_model"":32,""dropout"":0.1,""ffn_dim"":64,""learning_rate"":0.001,""max_epochs"":30,""min_delta"":0.0001,""num_attention_heads"":4,""num_hidden_layers"":2,""patch_length"":21,""patch_stride"":7,""patience"":5,""prediction_length"":20,""seed"":2026,""validation_points"":252,""weight_decay"":0.0001,""window_stride"":5}",252,21,7,20,5,1214,47,2018-04-04,2018-04-05,2019-04-04,2019-04-04,2018-04-04,92.57318115234376,49.133583068847656,15,10,True,0.057255532592535,7.05719990003854,0.0010698999976739,19540,True,True,,,8.653289794921875,74.87942427489907,3.216933691530032
SPY,PatchTST,2019-04-04,258.0368957519531,2019-04-11,5,258.9624328613281,249.70330810546875,0.925537109375,-8.333587646484375,1.0,-1.0,False,0.7105189955350266,13.031495025530145,7.070810600067489,6593,expanding,original,PatchTST-HF-supervised-v1,5.15.0,cpu,"{""batch_size"":64,""context_length"":252,""d_model"":32,""dropout"":0.1,""ffn_dim"":64,""learning_rate"":0.001,""max_epochs"":30,""min_delta"":0.0001,""num_attention_heads"":4,""num_hidden_layers"":2,""patch_length"":21,""patch_stride"":7,""patience"":5,""prediction_length"":20,""seed"":2026,""validation_points"":252,""weight_decay"":0.0001,""window_stride"":5}",252,21,7,20,5,1214,47,2018-04-04,2018-04-05,2019-04-04,2019-04-04,2018-04-04,92.57318115234376,49.133583068847656,15,10,True,0.057255532592535,7.05719990003854,0.0010698999976739,19540,True,True,,,9.259124755859377,85.73139124456793,3.198018893369712
SPY,PatchTST,2019-04-04,258.0368957519531,2019-05-03,20,264.19189453125,253.45675659179688,6.154998779296875,-4.58013916015625,1.0,-1.0,False,0.7105189955350266,15.108868315856183,7.070810600067489,6593,expanding,original,PatchTST-HF-supervised-v1,5.15.0,cpu,"{""batch_size"":64,""context_length"":252,""d_model"":32,""dropout"":0.1,""ffn_dim"":64,""learning_rate"":0.001,""max_epochs"":30,""min_delta"":0.0001,""num_attention_heads"":4,""num_hidden_layers"":2,""patch_length"":21,""patch_stride"":7,""patience"":5,""prediction_length"":20,""seed"":2026,""validation_points"":252,""weight_decay"":0.0001,""window_stride"":5}",252,21,7,20,5,1214,47,2018-04-04,2018-04-05,2019-04-04,2019-04-04,2018-04-04,92.57318115234376,49.133583068847656,15,10,True,0.057255532592535,7.05719990003854,0.0010698999976739,19540,True,True,,,10.735137939453123,115.24318657908589,3.2744116221692514
SPY,PatchTST,2019-04-11,258.9624328613281,2019-04-12,1,260.7145690917969,251.242919921875,1.75213623046875,-7.719512939453125,1.0,-1.0,False,0.7105456993076429,13.330105550073792,4.634210400050506,6598,expanding,original,PatchTST-HF-supervised-v1,5.15.0,cpu,"{""batch_size"":64,""context_length"":252,""d_model"":32,""dropout"":0.1,""ffn_dim"":64,""learning_rate"":0.001,""max_epochs"":30,""min_delta"":0.0001,""num_attention_heads"":4,""num_hidden_layers"":2,""patch_length"":21,""patch_stride"":7,""patience"":5,""prediction_length"":20,""seed"":2026,""validation_points"":252,""weight_decay"":0.0001,""window_stride"":5}",252,21,7,20,5,1215,47,2018-04-11,2018-04-12,2019-04-11,2019-04-11,2018-04-11,92.68292999267578,49.269508361816406,10,5,True,0.0567479692399501,4.6205865000374615,0.0012568000238388,19540,True,True,,,9.471649169921877,89.71213799808174,3.21821741684117
SPY,PatchTST,2019-04-11,258.9624328613281,2019-04-18,5,260.5888061523437,249.5375061035156,1.6263732910155682,-9.4249267578125,1.0,-1.0,False,0.7105456993076429,15.553257249458376,4.634210400050506,6598,expanding,original,PatchTST-HF-supervised-v1,5.15.0,cpu,"{""batch_size"":64,""context_length"":252,""d_model"":32,""dropout"":0.1,""ffn_dim"":64,""learning_rate"":0.001,""max_epochs"":30,""min_delta"":0.0001,""num_attention_heads"":4,""num_hidden_layers"":2,""patch_length"":21,""patch_stride"":7,""patience"":5,""prediction_length"":20,""seed"":2026,""validation_points"":252,""weight_decay"":0.0001,""window_stride"":5}",252,21,7,20,5,1215,47,2018-04-11,2018-04-12,2019-04-11,2019-04-11,2018-04-11,92.68292999267578,49.269508361816406,10,5,True,0.0567479692399501,4.6205865000374615,0.0012568000238388,19540,True,True,,,11.051300048828068,122.13123276922728,3.183603436002646
SPY,PatchTST,2019-04-11,258.9624328613281,2019-05-10,20,258.8636779785156,252.39752197265625,-0.0987548828125,-6.564910888671875,-1.0,-1.0,True,0.7105456993076429,9.10026760018393,4.634210400050506,6598,expanding,original,PatchTST-HF-supervised-v1,5.15.0,cpu,"{""batch_size"":64,""context_length"":252,""d_model"":32,""dropout"":0.1,""ffn_dim"":64,""learning_rate"":0.001,""max_epochs"":30,""min_delta"":0.0001,""num_attention_heads"":4,""num_hidden_layers"":2,""patch_length"":21,""patch_stride"":7,""patience"":5,""prediction_length"":20,""seed"":2026,""validation_points"":252,""weight_decay"":0.0001,""window_stride"":5}",252,21,7,20,5,1215,47,2018-04-11,2018-04-12,2019-04-11,2019-04-11,2018-04-11,92.68292999267578,49.269508361816406,10,5,True,0.0567479692399501,4.6205865000374615,0.0012568000238388,19540,True,True,,,6.466156005859375,41.81117349211127,3.2416518307245457
SPY,PatchTST,2019-04-18,260.5888061523437,2019-04-22,1,260.8134460449219,250.04458618164065,0.2246398925781818,-10.544219970703068,1.0,-1.0,False,0.7104988699066247,15.156758609195984,4.329426600015722,6603,expanding,original,PatchTST-HF-supervised-v1,5.15.0,cpu,"{""batch_size"":64,""context_length"":252,""d_model"":32,""dropout"":0.1,""ffn_dim"":64,""learning_rate"":0.001,""max_epochs"":30,""min_delta"":0.0001,""num_attention_heads"":4,""num_hidden_layers"":2,""patch_length"":21,""patch_stride"":7,""patience"":5,""prediction_length"":20,""seed"":2026,""validation_points"":252,""weight_decay"":0.0001,""window_stride"":5}",252,21,7,20,5,1216,47,2018-04-18,2018-04-19,2019-04-18,2019-04-18,2018-04-18,92.7957992553711,49.41400146484375,9,4,True,0.0574903413653373,4.316492900019512,0.0010670999763533,19540,True,True,,,10.76885986328125,115.96834275498986,3.182271871630277
SPY,PatchTST,2019-04-18,260.5888061523437,2019-04-26,5,263.634765625,252.6373291015625,3.045959472656307,-7.951477050781193,1.0,-1.0,False,0.7104988699066247,15.47847152083832,4.329426600015722,6603,expanding,original,PatchTST-HF-supervised-v1,5.15.0,cpu,"{""batch_size"":64,""context_length"":252,""d_model"":32,""dropout"":0.1,""ffn_dim"":64,""learning_rate"":0.001,""max_epochs"":30,""min_delta"":0.0001,""num_attention_heads"":4,""num_hidden_layers"":2,""patch_length"":21,""patch_stride"":7,""patience"":5,""prediction_length"":20,""seed"":2026,""validation_points"":252,""weight_decay"":0.0001,""window_stride"":5}",252,21,7,20,5,1216,47,2018-04-18,2018-04-19,2019-04-18,2019-04-18,2018-04-18,92.7957992553711,49.41400146484375,9,4,True,0.0574903413653373,4.316492900019512,0.0010670999763533,19540,True,True,,,10.9974365234375,120.94361008703709,3.234741674582108
SPY,PatchTST,2019-04-18,260.5888061523437,2019-05-17,20,256.83306884765625,252.5780029296875,-3.755737304687443,-8.010803222656193,-1.0,-1.0,True,0.7104988699066247,5.988842626207076,4.329426600015722,6603,expanding,original,PatchTST-HF-supervised-v1,5.15.0,cpu,"{""batch_size"":64,""context_length"":252,""d_model"":32,""dropout"":0.1,""ffn_dim"":64,""learning_rate"":0.001,""max_epochs"":30,""min_delta"":0.0001,""num_attention_heads"":4,""num_hidden_layers"":2,""patch_length"":21,""patch_stride"":7,""patience"":5,""prediction_length"":20,""seed"":2026,""validation_points"":252,""weight_decay"":0.0001,""window_stride"":5}",252,21,7,20,5,1216,47,2018-04-18,2018-04-19,2019-04-18,2019-04-18,2018-04-18,92.7957992553711,49.41400146484375,9,4,True,0.0574903413653373,4.316492900019512,0.0010670999763533,19540,True,True,,,4.25506591796875,18.10558596625924,3.2335410802137847
SPY,PatchTST,2019-04-26,263.634765625,2019-04-29,1,264.0481262207031,254.41944885253903,0.413360595703125,-9.215316772460938,1.0,-1.0,False,0.7106479513711932,13.54915236100457,6.226290500024334,6608,expanding,original,PatchTST-HF-supervised-v1,5.15.0,cpu,"{""batch_size"":64,""context_length"":252,""d_model"":32,""dropout"":0.1,""ffn_dim"":64,""learning_rate"":0.001,""max_epochs"":30,""min_delta"":0.0001,""num_attention_heads"":4,""num_hidden_layers"":2,""patch_length"":21,""patch_stride"":7,""patience"":5,""prediction_length"":20,""seed"":2026,""validation_points"":252,""weight_decay"":0.0001,""window_stride"":5}",252,21,7,20,5,1217,47,2018-04-25,2018-04-26,2019-04-26,2019-04-26,2018-04-25,92.90705871582033,49.55348587036133,13,8,True,0.0581517554819583,6.213339600013569,0.0014361999928951,19540,True,True,,,9.628677368164062,92.71142786019482,3.259354761827596
SPY,PatchTST,2019-04-26,263.634765625,2019-05-03,5,264.19189453125,256.3470458984375,0.55712890625,-7.2877197265625,1.0,-1.0,False,0.7106479513711932,11.039008298941672,6.226290500024334,6608,expanding,original,PatchTST-HF-supervised-v1,5.15.0,cpu,"{""batch_size"":64,""context_length"":252,""d_model"":32,""dropout"":0.1,""ffn_dim"":64,""learning_rate"":0.001,""max_epochs"":30,""min_delta"":0.0001,""num_attention_heads"":4,""num_hidden_layers"":2,""patch_length"":21,""patch_stride"":7,""patience"":5,""prediction_length"":20,""seed"":2026,""validation_points"":252,""weight_decay"":0.0001,""window_stride"":5}",252,21,7,20,5,1217,47,2018-04-25,2018-04-26,2019-04-26,2019-04-26,2018-04-25,92.90705871582033,49.55348587036133,13,8,True,0.0581517554819583,6.213339600013569,0.0014361999928951,19540,True,True,,,7.8448486328125,61.54165007174015,3.2982540846914072
SPY,PatchTST,2019-04-26,263.634765625,2019-05-24,20,254.08352661132807,254.54312133789065,-9.551239013671932,-9.091644287109377,-1.0,-1.0,True,0.7106479513711932,0.6467263089632076,6.226290500024334,6608,expanding,original,PatchTST-HF-supervised-v1,5.15.0,cpu,"{""batch_size"":64,""context_length"":252,""d_model"":32,""dropout"":0.1,""ffn_dim"":64,""learning_rate"":0.001,""max_epochs"":30,""min_delta"":0.0001,""num_attention_heads"":4,""num_hidden_layers"":2,""patch_length"":21,""patch_stride"":7,""patience"":5,""prediction_length"":20,""seed"":2026,""validation_points"":252,""weight_decay"":0.0001,""window_stride"":5}",252,21,7,20,5,1217,47,2018-04-25,2018-04-26,2019-04-26,2019-04-26,2018-04-25,92.90705871582033,49.55348587036133,13,8,True,0.0581517554819583,6.213339600013569,0.0014361999928951,19540,True,True,,,0.4595947265625568,0.2112273126841114,3.261850499174413
SPY,PatchTST,2019-05-03,264.19189453125,2019-05-06,1,263.10467529296875,255.23367309570312,-1.08721923828125,-8.958221435546875,-1.0,-1.0,True,0.7109667033191458,11.070845034682884,6.813170299981721,6613,expanding,original,PatchTST-HF-supervised-v1,5.15.0,cpu,"{""batch_size"":64,""context_length"":252,""d_model"":32,""dropout"":0.1,""ffn_dim"":64,""learning_rate"":0.001,""max_epochs"":30,""min_delta"":0.0001,""num_attention_heads"":4,""num_hidden_layers"":2,""patch_length"":21,""patch_stride"":7,""patience"":5,""prediction_length"":20,""seed"":2026,""validation_points"":252,""weight_decay"":0.0001,""window_stride"":5}",252,21,7,20,5,1218,47,2018-05-02,2018-05-03,2019-05-03,2019-05-03,2018-05-02,93.01769256591795,49.69087219238281,14,9,True,0.058942787349224,6.80048639990855,0.001197199919261,19540,True,True,,,7.871002197265625,61.9526755893603,3.2645025811129047
SPY,PatchTST,2019-05-03,264.19189453125,2019-05-10,5,258.8636779785156,254.267578125,-5.328216552734375,-9.92431640625,-1.0,-1.0,True,0.7109667033191458,6.464578203253046,6.813170299981721,6613,expanding,original,PatchTST-HF-supervised-v1,5.15.0,cpu,"{""batch_size"":64,""context_length"":252,""d_model"":32,""dropout"":0.1,""ffn_dim"":64,""learning_rate"":0.001,""max_epochs"":30,""min_delta"":0.0001,""num_attention_heads"":4,""num_hidden_layers"":2,""patch_length"":21,""patch_stride"":7,""patience"":5,""prediction_length"":20,""seed"":2026,""validation_points"":252,""weight_decay"":0.0001,""window_stride"":5}",252,21,7,20,5,1218,47,2018-05-02,2018-05-03,2019-05-03,2019-05-03,2018-05-02,93.01769256591795,49.69087219238281,14,9,True,0.058942787349224,6.80048639990855,0.001197199919261,19540,True,True,,,4.596099853515625,21.12413386348635,3.2450604798158538
SPY,PatchTST,2019-05-03,264.19189453125,2019-06-03,20,246.70672607421875,255.47433471679688,-17.48516845703125,-8.717559814453125,-1.0,-1.0,True,0.7109667033191458,12.33195394615046,6.813170299981721,6613,expanding,original,PatchTST-HF-supervised-v1,5.15.0,cpu,"{""batch_size"":64,""context_length"":252,""d_model"":32,""dropout"":0.1,""ffn_dim"":64,""learning_rate"":0.001,""max_epochs"":30,""min_delta"":0.0001,""num_attention_heads"":4,""num_hidden_layers"":2,""patch_length"":21,""patch_stride"":7,""patience"":5,""prediction_length"":20,""seed"":2026,""validation_points"":252,""weight_decay"":0.0001,""window_stride"":5}",252,21,7,20,5,1218,47,2018-05-02,2018-05-03,2019-05-03,2019-05-03,2018-05-02,93.01769256591795,49.69087219238281,14,9,True,0.058942787349224,6.80048639990855,0.001197199919261,19540,True,True,,,8.767608642578125,76.87096130941063,3.26934575674005
SPY,PatchTST,2019-05-10,258.8636779785156,2019-05-13,1,252.3583831787109,252.15609741210935,-6.505294799804716,-6.70758056640625,-1.0,-1.0,True,0.7116257862254215,0.2842586237276344,4.239758800016716,6618,expanding,original,PatchTST-HF-supervised-v1,5.15.0,cpu,"{""batch_size"":64,""context_length"":252,""d_model"":32,""dropout"":0.1,""ffn_dim"":64,""learning_rate"":0.001,""max_epochs"":30,""min_delta"":0.0001,""num_attention_heads"":4,""num_hidden_layers"":2,""patch_length"":21,""patch_stride"":7,""patience"":5,""prediction_length"":20,""seed"":2026,""validation_points"":252,""weight_decay"":0.0001,""window_stride"":5}",252,21,7,20,5,1219,47,2018-05-09,2018-05-10,2019-05-10,2019-05-10,2018-05-09,93.12906646728516,49.82994842529297,9,4,True,0.0570082738995552,4.226619099965319,0.0010224999859929,19540,True,True,,,0.202285766601534,0.0409195313695703,3.191394652620277
SPY,PatchTST,2019-05-10,258.8636779785156,2019-05-17,5,256.83306884765625,250.1959228515625,-2.030609130859375,-8.667755126953125,-1.0,-1.0,True,0.7116257862254215,9.326736220870028,4.239758800016716,6618,expanding,original,PatchTST-HF-supervised-v1,5.15.0,cpu,"{""batch_size"":64,""context_length"":252,""d_model"":32,""dropout"":0.1,""ffn_dim"":64,""learning_rate"":0.001,""max_epochs"":30,""min_delta"":0.0001,""num_attention_heads"":4,""num_hidden_layers"":2,""patch_length"":21,""patch_stride"":7,""patience"":5,""prediction_length"":20,""seed"":2026,""validation_points"":252,""weight_decay"":0.0001,""window_stride"":5}",252,21,7,20,5,1219,47,2018-05-09,2018-05-10,2019-05-10,2019-05-10,2018-05-09,93.12906646728516,49.82994842529297,9,4,True,0.0570082738995552,4.226619099965319,0.0010224999859929,19540,True,True,,,6.63714599609375,44.0517069734633,3.152057374086152
SPY,PatchTST,2019-05-10,258.8636779785156,2019-06-10,20,259.6453857421875,251.30450439453125,0.781707763671875,-7.559173583984375,1.0,-1.0,False,0.7116257862254215,11.720881268085629,4.239758800016716,6618,expanding,original,PatchTST-HF-supervised-v1,5.15.0,cpu,"{""batch_size"":64,""context_length"":252,""d_model"":32,""dropout"":0.1,""ffn_dim"":64,""learning_rate"":0.001,""max_epochs"":30,""min_delta"":0.0001,""num_attention_heads"":4,""num_hidden_layers"":2,""patch_length"":21,""patch_stride"":7,""patience"":5,""prediction_length"":20,""seed"":2026,""validation_points"":252,""weight_decay"":0.0001,""window_stride"":5}",252,21,7,20,5,1219,47,2018-05-09,2018-05-10,2019-05-10,2019-05-10,2018-05-09,93.12906646728516,49.82994842529297,9,4,True,0.0570082738995552,4.226619099965319,0.0010224999859929,19540,True,True,,,8.34088134765625,69.57030165567994,3.1743046686951515
SPY,PatchTST,2019-05-17,256.83306884765625,2019-05-20,1,255.1347503662109,256.046142578125,-1.698318481445341,-0.78692626953125,-1.0,-1.0,True,0.7132513160901429,1.277799551650468,4.423102100030519,6623,expanding,original,PatchTST-HF-supervised-v1,5.15.0,cpu,"{""batch_size"":64,""context_length"":252,""d_model"":32,""dropout"":0.1,""ffn_dim"":64,""learning_rate"":0.001,""max_epochs"":30,""min_delta"":0.0001,""num_attention_heads"":4,""num_hidden_layers"":2,""patch_length"":21,""patch_stride"":7,""patience"":5,""prediction_length"":20,""seed"":2026,""validation_points"":252,""weight_decay"":0.0001,""window_stride"":5}",252,21,7,20,5,1220,47,2018-05-16,2018-05-17,2019-05-17,2019-05-17,2018-05-16,93.24429321289062,49.97980880737305,9,4,True,0.0585342235863208,4.407526900060475,0.0013436999870464,19540,True,True,,,0.9113922119140908,0.8306357639376593,3.2573523838934286
SPY,PatchTST,2019-05-17,256.83306884765625,2019-05-24,5,254.08352661132807,251.8707275390625,-2.749542236328182,-4.96234130859375,-1.0,-1.0,True,0.7132513160901429,3.1024114815455985,4.423102100030519,6623,expanding,original,PatchTST-HF-supervised-v1,5.15.0,cpu,"{""batch_size"":64,""context_length"":252,""d_model"":32,""dropout"":0.1,""ffn_dim"":64,""learning_rate"":0.001,""max_epochs"":30,""min_delta"":0.0001,""num_attention_heads"":4,""num_hidden_layers"":2,""patch_length"":21,""patch_stride"":7,""patience"":5,""prediction_length"":20,""seed"":2026,""validation_points"":252,""weight_decay"":0.0001,""window_stride"":5}",252,21,7,20,5,1220,47,2018-05-16,2018-05-17,2019-05-17,2019-05-17,2018-05-16,93.24429321289062,49.97980880737305,9,4,True,0.0585342235863208,4.407526900060475,0.0013436999870464,19540,True,True,,,2.212799072265568,4.896479734219359,3.173810346844929
SPY,PatchTST,2019-05-17,256.83306884765625,2019-06-17,20,260.0046691894531,252.24691772460935,3.171600341796875,-4.586151123046875,1.0,-1.0,False,0.7132513160901429,10.8766030848281,4.423102100030519,6623,expanding,original,PatchTST-HF-supervised-v1,5.15.0,cpu,"{""batch_size"":64,""context_length"":252,""d_model"":32,""dropout"":0.1,""ffn_dim"":64,""learning_rate"":0.001,""max_epochs"":30,""min_delta"":0.0001,""num_attention_heads"":4,""num_hidden_layers"":2,""patch_length"":21,""patch_stride"":7,""patience"":5,""prediction_length"":20,""seed"":2026,""validation_points"":252,""weight_decay"":0.0001,""window_stride"":5}",252,21,7,20,5,1220,47,2018-05-16,2018-05-17,2019-05-17,2019-05-17,2018-05-16,93.24429321289062,49.97980880737305,9,4,True,0.0585342235863208,4.407526900060475,0.0013436999870464,19540,True,True,,,7.75775146484375,60.18270779028535,3.181337190074696
SPY,PatchTST,2019-05-24,254.08352661132807,2019-05-28,1,251.72039794921875,253.72341918945312,-2.363128662109318,-0.3601074218749431,-1.0,-1.0,True,0.7139958395611851,2.805368223805635,4.697857100050896,6628,expanding,original,PatchTST-HF-supervised-v1,5.15.0,cpu,"{""batch_size"":64,""context_length"":252,""d_model"":32,""dropout"":0.1,""ffn_dim"":64,""learning_rate"":0.001,""max_epochs"":30,""min_delta"":0.0001,""num_attention_heads"":4,""num_hidden_layers"":2,""patch_length"":21,""patch_stride"":7,""patience"":5,""prediction_length"":20,""seed"":2026,""validation_points"":252,""weight_decay"":0.0001,""window_stride"":5}",252,21,7,20,5,1221,47,2018-05-23,2018-05-24,2019-05-24,2019-05-24,2018-05-23,93.35955047607422,50.12932205200195,10,5,True,0.0569955334067344,4.681600200012326,0.0019610000308603,19540,True,True,,,2.003021240234375,4.012094088830054,3.1990033407398664
SPY,PatchTST,2019-05-24,254.08352661132807,2019-06-03,5,246.70672607421875,251.0391845703125,-7.376800537109318,-3.044342041015568,-1.0,-1.0,True,0.7139958395611851,6.067904399494032,4.697857100050896,6628,expanding,original,PatchTST-HF-supervised-v1,5.15.0,cpu,"{""batch_size"":64,""context_length"":252,""d_model"":32,""dropout"":0.1,""ffn_dim"":64,""learning_rate"":0.001,""max_epochs"":30,""min_delta"":0.0001,""num_attention_heads"":4,""num_hidden_layers"":2,""patch_length"":21,""patch_stride"":7,""patience"":5,""prediction_length"":20,""seed"":2026,""validation_points"":252,""weight_decay"":0.0001,""window_stride"":5}",252,21,7,20,5,1221,47,2018-05-23,2018-05-24,2019-05-24,2019-05-24,2018-05-23,93.35955047607422,50.12932205200195,10,5,True,0.0569955334067344,4.681600200012326,0.0019610000308603,19540,True,True,,,4.33245849609375,18.77019662037492,3.14545714244187
SPY,PatchTST,2019-05-24,254.08352661132807,2019-06-24,20,265.1246643066406,256.109619140625,11.041137695312557,2.026092529296932,1.0,1.0,True,0.7139958395611851,12.6261872499932,4.697857100050896,6628,expanding,original,PatchTST-HF-supervised-v1,5.15.0,cpu,"{""batch_size"":64,""context_length"":252,""d_model"":32,""dropout"":0.1,""ffn_dim"":64,""learning_rate"":0.001,""max_epochs"":30,""min_delta"":0.0001,""num_attention_heads"":4,""num_hidden_layers"":2,""patch_length"":21,""patch_stride"":7,""patience"":5,""prediction_length"":20,""seed"":2026,""validation_points"":252,""weight_decay"":0.0001,""window_stride"":5}",252,21,7,20,5,1221,47,2018-05-23,2018-05-24,2019-05-24,2019-05-24,2018-05-23,93.35955047607422,50.12932205200195,10,5,True,0.0569955334067344,4.681600200012326,0.0019610000308603,19540,True,True,,,9.015045166015623,81.27103934530169,3.2466042228881737
SPY,PatchTST,2019-06-03,246.70672607421875,2019-06-04,1,252.0618438720703,255.6474609375,5.3551177978515625,8.94073486328125,1.0,1.0,True,0.7147757906390331,5.016422089819281,4.871777200023644,6633,expanding,original,PatchTST-HF-supervised-v1,5.15.0,cpu,"{""batch_size"":64,""context_length"":252,""d_model"":32,""dropout"":0.1,""ffn_dim"":64,""learning_rate"":0.001,""max_epochs"":30,""min_delta"":0.0001,""num_attention_heads"":4,""num_hidden_layers"":2,""patch_length"":21,""patch_stride"":7,""patience"":5,""prediction_length"":20,""seed"":2026,""validation_points"":252,""weight_decay"":0.0001,""window_stride"":5}",252,21,7,20,5,1222,47,2018-05-31,2018-06-01,2019-06-03,2019-06-03,2018-05-31,93.47391510009766,50.27582931518555,10,5,True,0.057958822697401,4.859668800025247,0.0010896000312641,19540,True,True,,,3.5856170654296875,12.856649739900604,3.2256761956270443
SPY,PatchTST,2019-06-03,246.70672607421875,2019-06-10,5,259.6453857421875,254.8292236328125,12.93865966796875,8.12249755859375,1.0,1.0,True,0.7147757906390331,6.738003962150414,4.871777200023644,6633,expanding,original,PatchTST-HF-supervised-v1,5.15.0,cpu,"{""batch_size"":64,""context_length"":252,""d_model"":32,""dropout"":0.1,""ffn_dim"":64,""learning_rate"":0.001,""max_epochs"":30,""min_delta"":0.0001,""num_attention_heads"":4,""num_hidden_layers"":2,""patch_length"":21,""patch_stride"":7,""patience"":5,""prediction_length"":20,""seed"":2026,""validation_points"":252,""weight_decay"":0.0001,""window_stride"":5}",252,21,7,20,5,1222,47,2018-05-31,2018-06-01,2019-06-03,2019-06-03,2018-05-31,93.47391510009766,50.27582931518555,10,5,True,0.057958822697401,4.859668800025247,0.0010896000312641,19540,True,True,,,4.816162109375,23.19541746377945,3.2094012317759684
SPY,PatchTST,2019-06-03,246.70672607421875,2019-07-01,20,266.9485778808594,255.4033203125,20.241851806640625,8.69659423828125,1.0,1.0,True,0.7147757906390331,16.152278406124438,4.871777200023644,6633,expanding,original,PatchTST-HF-supervised-v1,5.15.0,cpu,"{""batch_size"":64,""context_length"":252,""d_model"":32,""dropout"":0.1,""ffn_dim"":64,""learning_rate"":0.001,""max_epochs"":30,""min_delta"":0.0001,""num_attention_heads"":4,""num_hidden_layers"":2,""patch_length"":21,""patch_stride"":7,""patience"":5,""prediction_length"":20,""seed"":2026,""validation_points"":252,""weight_decay"":0.0001,""window_stride"":5}",252,21,7,20,5,1222,47,2018-05-31,2018-06-01,2019-06-03,2019-06-03,2018-05-31,93.47391510009766,50.27582931518555,10,5,True,0.057958822697401,4.859668800025247,0.0010896000312641,19540,True,True,,,11.545257568359377,133.29297231975943,3.2208201718015705
SPY,PatchTST,2019-06-10,259.6453857421875,2019-06-11,1,259.58251953125,252.7246551513672,-0.0628662109375,-6.9207305908203125,-1.0,-1.0,True,0.7161867866786253,9.575524859494712,5.1783116000005975,6638,expanding,original,PatchTST-HF-supervised-v1,5.15.0,cpu,"{""batch_size"":64,""context_length"":252,""d_model"":32,""dropout"":0.1,""ffn_dim"":64,""learning_rate"":0.001,""max_epochs"":30,""min_delta"":0.0001,""num_attention_heads"":4,""num_hidden_layers"":2,""patch_length"":21,""patch_stride"":7,""patience"":5,""prediction_length"":20,""seed"":2026,""validation_points"":252,""weight_decay"":0.0001,""window_stride"":5}",252,21,7,20,5,1223,47,2018-06-07,2018-06-08,2019-06-10,2019-06-10,2018-06-07,93.59097290039062,50.42985153198242,11,6,True,0.0564730577170848,5.165467599988915,0.001018299954012,19540,True,True,,,6.8578643798828125,47.03030385286547,3.1555453251742094
SPY,PatchTST,2019-06-10,259.6453857421875,2019-06-17,5,260.0046691894531,253.15548706054688,0.359283447265625,-6.489898681640625,1.0,-1.0,False,0.7161867866786253,9.563401973205748,5.1783116000005975,6638,expanding,original,PatchTST-HF-supervised-v1,5.15.0,cpu,"{""batch_size"":64,""context_length"":252,""d_model"":32,""dropout"":0.1,""ffn_dim"":64,""learning_rate"":0.001,""max_epochs"":30,""min_delta"":0.0001,""num_attention_heads"":4,""num_hidden_layers"":2,""patch_length"":21,""patch_stride"":7,""patience"":5,""prediction_length"":20,""seed"":2026,""validation_points"":252,""weight_decay"":0.0001,""window_stride"":5}",252,21,7,20,5,1223,47,2018-06-07,2018-06-08,2019-06-10,2019-06-10,2018-06-07,93.59097290039062,50.42985153198242,11,6,True,0.0564730577170848,5.165467599988915,0.001018299954012,19540,True,True,,,6.84918212890625,46.91129583492875,3.1640885172735644
SPY,PatchTST,2019-06-10,259.6453857421875,2019-07-09,20,268.32989501953125,256.59344482421875,8.68450927734375,-3.05194091796875,1.0,-1.0,False,0.7161867866786253,16.387415145902434,5.1783116000005975,6638,expanding,original,PatchTST-HF-supervised-v1,5.15.0,cpu,"{""batch_size"":64,""context_length"":252,""d_model"":32,""dropout"":0.1,""ffn_dim"":64,""learning_rate"":0.001,""max_epochs"":30,""min_delta"":0.0001,""num_attention_heads"":4,""num_hidden_layers"":2,""patch_length"":21,""patch_stride"":7,""patience"":5,""prediction_length"":20,""seed"":2026,""validation_points"":252,""weight_decay"":0.0001,""window_stride"":5}",252,21,7,20,5,1223,47,2018-06-07,2018-06-08,2019-06-10,2019-06-10,2018-06-07,93.59097290039062,50.42985153198242,11,6,True,0.0564730577170848,5.165467599988915,0.001018299954012,19540,True,True,,,11.7364501953125,137.74426318705082,3.2322615865813638
SPY,PatchTST,2019-06-17,260.0046691894531,2019-06-18,1,262.72723388671875,253.59976196289065,2.722564697265625,-6.4049072265625,1.0,-1.0,False,0.7159452326360219,12.74884098357901,5.451140700024553,6643,expanding,original,PatchTST-HF-supervised-v1,5.15.0,cpu,"{""batch_size"":64,""context_length"":252,""d_model"":32,""dropout"":0.1,""ffn_dim"":64,""learning_rate"":0.001,""max_epochs"":30,""min_delta"":0.0001,""num_attention_heads"":4,""num_hidden_layers"":2,""patch_length"":21,""patch_stride"":7,""patience"":5,""prediction_length"":20,""seed"":2026,""validation_points"":252,""weight_decay"":0.0001,""window_stride"":5}",252,21,7,20,5,1224,47,2018-06-14,2018-06-15,2019-06-17,2019-06-17,2018-06-14,93.70978546142578,50.588645935058594,11,6,True,0.0557052604854106,5.4382221000269055,0.0010550000006332,19540,True,True,,,9.127471923828123,83.3107437202707,3.160590159039205
SPY,PatchTST,2019-06-17,260.0046691894531,2019-06-24,5,265.1246643066406,254.93765258789065,5.1199951171875,-5.0670166015625,1.0,-1.0,False,0.7159452326360219,14.228758366394423,5.451140700024553,6643,expanding,original,PatchTST-HF-supervised-v1,5.15.0,cpu,"{""batch_size"":64,""context_length"":252,""d_model"":32,""dropout"":0.1,""ffn_dim"":64,""learning_rate"":0.001,""max_epochs"":30,""min_delta"":0.0001,""num_attention_heads"":4,""num_hidden_layers"":2,""patch_length"":21,""patch_stride"":7,""patience"":5,""prediction_length"":20,""seed"":2026,""validation_points"":252,""weight_decay"":0.0001,""window_stride"":5}",252,21,7,20,5,1224,47,2018-06-14,2018-06-15,2019-06-17,2019-06-17,2018-06-14,93.70978546142578,50.588645935058594,11,6,True,0.0557052604854106,5.4382221000269055,0.0010550000006332,19540,True,True,,,10.18701171875,103.77520775794984,3.1870366195101467
SPY,PatchTST,2019-06-17,260.0046691894531,2019-07-16,20,270.6684265136719,256.7670593261719,10.66375732421875,-3.23760986328125,1.0,-1.0,False,0.7159452326360219,19.41680250641084,5.451140700024553,6643,expanding,original,PatchTST-HF-supervised-v1,5.15.0,cpu,"{""batch_size"":64,""context_length"":252,""d_model"":32,""dropout"":0.1,""ffn_dim"":64,""learning_rate"":0.001,""max_epochs"":30,""min_delta"":0.0001,""num_attention_heads"":4,""num_hidden_layers"":2,""patch_length"":21,""patch_stride"":7,""patience"":5,""prediction_length"":20,""seed"":2026,""validation_points"":252,""weight_decay"":0.0001,""window_stride"":5}",252,21,7,20,5,1224,47,2018-06-14,2018-06-15,2019-06-17,2019-06-17,2018-06-14,93.70978546142578,50.588645935058594,11,6,True,0.0557052604854106,5.4382221000269055,0.0010550000006332,19540,True,True,,,13.9013671875,193.2480096817017,3.2231990173064755
SPY,PatchTST,2019-06-24,265.1246643066406,2019-06-25,1,262.5243835449219,250.5732421875,-2.60028076171875,-14.551422119140623,-1.0,-1.0,True,0.7163910525032,16.68242688914445,4.676962499972433,6648,expanding,original,PatchTST-HF-supervised-v1,5.15.0,cpu,"{""batch_size"":64,""context_length"":252,""d_model"":32,""dropout"":0.1,""ffn_dim"":64,""learning_rate"":0.001,""max_epochs"":30,""min_delta"":0.0001,""num_attention_heads"":4,""num_hidden_layers"":2,""patch_length"":21,""patch_stride"":7,""patience"":5,""prediction_length"":20,""seed"":2026,""validation_points"":252,""weight_decay"":0.0001,""window_stride"":5}",252,21,7,20,5,1225,47,2018-06-21,2018-06-22,2019-06-24,2019-06-24,2018-06-21,93.82747650146484,50.74362182617188,10,5,True,0.0558018013834953,4.662785099935718,0.001328199985437,19540,True,True,,,11.951141357421877,142.82977974507958,3.088974733080461
SPY,PatchTST,2019-06-24,265.1246643066406,2019-07-01,5,266.9485778808594,253.498291015625,1.82391357421875,-11.626373291015623,1.0,-1.0,False,0.7163910525032,18.775062611735084,4.676962499972433,6648,expanding,original,PatchTST-HF-supervised-v1,5.15.0,cpu,"{""batch_size"":64,""context_length"":252,""d_model"":32,""dropout"":0.1,""ffn_dim"":64,""learning_rate"":0.001,""max_epochs"":30,""min_delta"":0.0001,""num_attention_heads"":4,""num_hidden_layers"":2,""patch_length"":21,""patch_stride"":7,""patience"":5,""prediction_length"":20,""seed"":2026,""validation_points"":252,""weight_decay"":0.0001,""window_stride"":5}",252,21,7,20,5,1225,47,2018-06-21,2018-06-22,2019-06-24,2019-06-24,2018-06-21,93.82747650146484,50.74362182617188,10,5,True,0.0558018013834953,4.662785099935718,0.001328199985437,19540,True,True,,,13.450286865234377,180.91021675709635,3.146618407750454
SPY,PatchTST,2019-06-24,265.1246643066406,2019-07-23,20,270.8941650390625,253.11080932617188,5.769500732421875,-12.01385498046875,1.0,-1.0,False,0.7163910525032,24.82353129726057,4.676962499972433,6648,expanding,original,PatchTST-HF-supervised-v1,5.15.0,cpu,"{""batch_size"":64,""context_length"":252,""d_model"":32,""dropout"":0.1,""ffn_dim"":64,""learning_rate"":0.001,""max_epochs"":30,""min_delta"":0.0001,""num_attention_heads"":4,""num_hidden_layers"":2,""patch_length"":21,""patch_stride"":7,""patience"":5,""prediction_length"":20,""seed"":2026,""validation_points"":252,""weight_decay"":0.0001,""window_stride"":5}",252,21,7,20,5,1225,47,2018-06-21,2018-06-22,2019-06-24,2019-06-24,2018-06-21,93.82747650146484,50.74362182617188,10,5,True,0.0558018013834953,4.662785099935718,0.001328199985437,19540,True,True,,,17.783355712890625,316.24774041119963,3.1389823408811934
SPY,PatchTST,2019-07-01,266.9485778808594,2019-07-02,1,267.64373779296875,253.57424926757807,0.695159912109375,-13.37432861328125,1.0,-1.0,False,0.7169872852814034,19.6230655887693,4.883754400070757,6653,expanding,original,PatchTST-HF-supervised-v1,5.15.0,cpu,"{""batch_size"":64,""context_length"":252,""d_model"":32,""dropout"":0.1,""ffn_dim"":64,""learning_rate"":0.001,""max_epochs"":30,""min_delta"":0.0001,""num_attention_heads"":4,""num_hidden_layers"":2,""patch_length"":21,""patch_stride"":7,""patience"":5,""prediction_length"":20,""seed"":2026,""validation_points"":252,""weight_decay"":0.0001,""window_stride"":5}",252,21,7,20,5,1226,47,2018-06-28,2018-06-29,2019-07-01,2019-07-01,2018-06-28,93.94196319580078,50.88882827758789,10,5,True,0.0539609640836715,4.870442300103605,0.0012516001006588,19540,True,True,,,14.069488525390623,197.9505073660985,3.1368827201329266
SPY,PatchTST,2019-07-01,266.9485778808594,2019-07-09,5,268.32989501953125,255.6898193359375,1.381317138671875,-11.258758544921877,1.0,-1.0,False,0.7169872852814034,17.62942794534044,4.883754400070757,6653,expanding,original,PatchTST-HF-supervised-v1,5.15.0,cpu,"{""batch_size"":64,""context_length"":252,""d_model"":32,""dropout"":0.1,""ffn_dim"":64,""learning_rate"":0.001,""max_epochs"":30,""min_delta"":0.0001,""num_attention_heads"":4,""num_hidden_layers"":2,""patch_length"":21,""patch_stride"":7,""patience"":5,""prediction_length"":20,""seed"":2026,""validation_points"":252,""weight_decay"":0.0001,""window_stride"":5}",252,21,7,20,5,1226,47,2018-06-28,2018-06-29,2019-07-01,2019-07-01,2018-06-28,93.94196319580078,50.88882827758789,10,5,True,0.0539609640836715,4.870442300103605,0.0012516001006588,19540,True,True,,,12.64007568359375,159.771513286978,3.1784551072356404
SPY,PatchTST,2019-07-01,266.9485778808594,2019-07-30,20,271.5172119140625,255.06362915039065,4.568634033203125,-11.88494873046875,1.0,-1.0,False,0.7169872852814034,22.94822112112374,4.883754400070757,6653,expanding,original,PatchTST-HF-supervised-v1,5.15.0,cpu,"{""batch_size"":64,""context_length"":252,""d_model"":32,""dropout"":0.1,""ffn_dim"":64,""learning_rate"":0.001,""max_epochs"":30,""min_delta"":0.0001,""num_attention_heads"":4,""num_hidden_layers"":2,""patch_length"":21,""patch_stride"":7,""patience"":5,""prediction_length"":20,""seed"":2026,""validation_points"":252,""weight_decay"":0.0001,""window_stride"":5}",252,21,7,20,5,1226,47,2018-06-28,2018-06-29,2019-07-01,2019-07-01,2018-06-28,93.94196319580078,50.88882827758789,10,5,True,0.0539609640836715,4.870442300103605,0.0012516001006588,19540,True,True,,,16.453582763671875,270.7203857610002,3.1661500452654354
SPY,PatchTST,2019-07-09,268.32989501953125,2019-07-10,1,269.6120300292969,257.0019226074219,1.282135009765625,-11.327972412109377,1.0,-1.0,False,0.7171933112675246,17.582578119124744,4.706078800023533,6658,expanding,original,PatchTST-HF-supervised-v1,5.15.0,cpu,"{""batch_size"":64,""context_length"":252,""d_model"":32,""dropout"":0.1,""ffn_dim"":64,""learning_rate"":0.001,""max_epochs"":30,""min_delta"":0.0001,""num_attention_heads"":4,""num_hidden_layers"":2,""patch_length"":21,""patch_stride"":7,""patience"":5,""prediction_length"":20,""seed"":2026,""validation_points"":252,""weight_decay"":0.0001,""window_stride"":5}",252,21,7,20,5,1227,47,2018-07-06,2018-07-09,2019-07-09,2019-07-09,2018-07-06,94.05696105957033,51.035118103027344,10,5,True,0.0547142289578914,4.692857599933632,0.0011556999525055,19540,True,True,,,12.610107421875,159.01480919122696,3.1928007145766917
SPY,PatchTST,2019-07-09,268.32989501953125,2019-07-16,5,270.6684265136719,257.76611328125,2.338531494140625,-10.56378173828125,1.0,-1.0,False,0.7171933112675246,17.990007756233947,4.706078800023533,6658,expanding,original,PatchTST-HF-supervised-v1,5.15.0,cpu,"{""batch_size"":64,""context_length"":252,""d_model"":32,""dropout"":0.1,""ffn_dim"":64,""learning_rate"":0.001,""max_epochs"":30,""min_delta"":0.0001,""num_attention_heads"":4,""num_hidden_layers"":2,""patch_length"":21,""patch_stride"":7,""patience"":5,""prediction_length"":20,""seed"":2026,""validation_points"":252,""weight_decay"":0.0001,""window_stride"":5}",252,21,7,20,5,1227,47,2018-07-06,2018-07-09,2019-07-09,2019-07-09,2018-07-06,94.05696105957033,51.035118103027344,10,5,True,0.0547142289578914,4.692857599933632,0.0011556999525055,19540,True,True,,,12.902313232421877,166.4696867475286,3.2077745346095057
SPY,PatchTST,2019-07-09,268.32989501953125,2019-08-06,20,259.8517761230469,256.21685791015625,-8.478118896484375,-12.113037109375,-1.0,-1.0,True,0.7171933112675246,5.068254480045956,4.706078800023533,6658,expanding,original,PatchTST-HF-supervised-v1,5.15.0,cpu,"{""batch_size"":64,""context_length"":252,""d_model"":32,""dropout"":0.1,""ffn_dim"":64,""learning_rate"":0.001,""max_epochs"":30,""min_delta"":0.0001,""num_attention_heads"":4,""num_hidden_layers"":2,""patch_length"":21,""patch_stride"":7,""patience"":5,""prediction_length"":20,""seed"":2026,""validation_points"":252,""weight_decay"":0.0001,""window_stride"":5}",252,21,7,20,5,1227,47,2018-07-06,2018-07-09,2019-07-09,2019-07-09,2018-07-06,94.05696105957033,51.035118103027344,10,5,True,0.0547142289578914,4.692857599933632,0.0011556999525055,19540,True,True,,,3.634918212890625,13.212630414403977,3.1774178816089935
SPY,PatchTST,2019-07-16,270.6684265136719,2019-07-17,1,268.8265686035156,256.49920654296875,-1.84185791015625,-14.169219970703123,-1.0,-1.0,True,0.7172689778566433,17.186526172348525,4.396252700011246,6663,expanding,original,PatchTST-HF-supervised-v1,5.15.0,cpu,"{""batch_size"":64,""context_length"":252,""d_model"":32,""dropout"":0.1,""ffn_dim"":64,""learning_rate"":0.001,""max_epochs"":30,""min_delta"":0.0001,""num_attention_heads"":4,""num_hidden_layers"":2,""patch_length"":21,""patch_stride"":7,""patience"":5,""prediction_length"":20,""seed"":2026,""validation_points"":252,""weight_decay"":0.0001,""window_stride"":5}",252,21,7,20,5,1228,47,2018-07-13,2018-07-16,2019-07-16,2019-07-16,2018-07-13,94.1759262084961,51.1926383972168,9,4,True,0.0554147399961948,4.383662400068715,0.0015634000301361,19540,True,True,,,12.327362060546877,151.9638553718105,3.1708324754618964
SPY,PatchTST,2019-07-16,270.6684265136719,2019-07-23,5,270.8941650390625,255.19342041015625,0.225738525390625,-15.475006103515623,1.0,-1.0,False,0.7172689778566433,21.889618976445224,4.396252700011246,6663,expanding,original,PatchTST-HF-supervised-v1,5.15.0,cpu,"{""batch_size"":64,""context_length"":252,""d_model"":32,""dropout"":0.1,""ffn_dim"":64,""learning_rate"":0.001,""max_epochs"":30,""min_delta"":0.0001,""num_attention_heads"":4,""num_hidden_layers"":2,""patch_length"":21,""patch_stride"":7,""patience"":5,""prediction_length"":20,""seed"":2026,""validation_points"":252,""weight_decay"":0.0001,""window_stride"":5}",252,21,7,20,5,1228,47,2018-07-13,2018-07-16,2019-07-16,2019-07-16,2018-07-13,94.1759262084961,51.1926383972168,9,4,True,0.0554147399961948,4.383662400068715,0.0015634000301361,19540,True,True,,,15.70074462890625,246.5133819021285,3.1453251725821234
SPY,PatchTST,2019-07-16,270.6684265136719,2019-08-13,20,264.1405029296875,259.1893310546875,-6.527923583984375,-11.479095458984377,-1.0,-1.0,True,0.7172689778566433,6.902810560405365,4.396252700011246,6663,expanding,original,PatchTST-HF-supervised-v1,5.15.0,cpu,"{""batch_size"":64,""context_length"":252,""d_model"":32,""dropout"":0.1,""ffn_dim"":64,""learning_rate"":0.001,""max_epochs"":30,""min_delta"":0.0001,""num_attention_heads"":4,""num_hidden_layers"":2,""patch_length"":21,""patch_stride"":7,""patience"":5,""prediction_length"":20,""seed"":2026,""validation_points"":252,""weight_decay"":0.0001,""window_stride"":5}",252,21,7,20,5,1228,47,2018-07-13,2018-07-16,2019-07-16,2019-07-16,2018-07-13,94.1759262084961,51.1926383972168,9,4,True,0.0554147399961948,4.383662400068715,0.0015634000301361,19540,True,True,,,4.951171875,24.514102935791016,3.2233815254023463
SPY,PatchTST,2019-07-23,270.8941650390625,2019-07-24,1,272.1672058105469,258.1996154785156,1.273040771484375,-12.694549560546877,1.0,-1.0,False,0.717767044005588,19.45978217958208,6.627826199983247,6668,expanding,original,PatchTST-HF-supervised-v1,5.15.0,cpu,"{""batch_size"":64,""context_length"":252,""d_model"":32,""dropout"":0.1,""ffn_dim"":64,""learning_rate"":0.001,""max_epochs"":30,""min_delta"":0.0001,""num_attention_heads"":4,""num_hidden_layers"":2,""patch_length"":21,""patch_stride"":7,""patience"":5,""prediction_length"":20,""seed"":2026,""validation_points"":252,""weight_decay"":0.0001,""window_stride"":5}",252,21,7,20,5,1229,47,2018-07-20,2018-07-23,2019-07-23,2019-07-23,2018-07-20,94.29581451416016,51.3524169921875,14,9,True,0.0551995448768138,6.615286799962632,0.0010180999524891,19540,True,True,,,13.96759033203125,195.09357968345284,3.1917446259499522
SPY,PatchTST,2019-07-23,270.8941650390625,2019-07-30,5,271.5172119140625,257.8584289550781,0.623046875,-13.035736083984377,1.0,-1.0,False,0.717767044005588,19.02954875548457,6.627826199983247,6668,expanding,original,PatchTST-HF-supervised-v1,5.15.0,cpu,"{""batch_size"":64,""context_length"":252,""d_model"":32,""dropout"":0.1,""ffn_dim"":64,""learning_rate"":0.001,""max_epochs"":30,""min_delta"":0.0001,""num_attention_heads"":4,""num_hidden_layers"":2,""patch_length"":21,""patch_stride"":7,""patience"":5,""prediction_length"":20,""seed"":2026,""validation_points"":252,""weight_decay"":0.0001,""window_stride"":5}",252,21,7,20,5,1229,47,2018-07-20,2018-07-23,2019-07-23,2019-07-23,2018-07-20,94.29581451416016,51.3524169921875,14,9,True,0.0551995448768138,6.615286799962632,0.0010180999524891,19540,True,True,,,13.658782958984377,186.562351920642,3.18510060521205
SPY,PatchTST,2019-07-23,270.8941650390625,2019-08-20,20,261.91949462890625,260.6635131835937,-8.97467041015625,-10.23065185546875,-1.0,-1.0,True,0.717767044005588,1.749845518545042,6.627826199983247,6668,expanding,original,PatchTST-HF-supervised-v1,5.15.0,cpu,"{""batch_size"":64,""context_length"":252,""d_model"":32,""dropout"":0.1,""ffn_dim"":64,""learning_rate"":0.001,""max_epochs"":30,""min_delta"":0.0001,""num_attention_heads"":4,""num_hidden_layers"":2,""patch_length"":21,""patch_stride"":7,""patience"":5,""prediction_length"":20,""seed"":2026,""validation_points"":252,""weight_decay"":0.0001,""window_stride"":5}",252,21,7,20,5,1229,47,2018-07-20,2018-07-23,2019-07-23,2019-07-23,2018-07-20,94.29581451416016,51.3524169921875,14,9,True,0.0551995448768138,6.615286799962632,0.0010180999524891,19540,True,True,,,1.2559814453125,1.5774893909692764,3.239724796103441
SPY,PatchTST,2019-07-30,271.5172119140625,2019-07-31,1,268.54669189453125,257.008544921875,-2.97052001953125,-14.5086669921875,-1.0,-1.0,True,0.7180613659554536,16.06846924190605,4.503946200013161,6673,expanding,original,PatchTST-HF-supervised-v1,5.15.0,cpu,"{""batch_size"":64,""context_length"":252,""d_model"":32,""dropout"":0.1,""ffn_dim"":64,""learning_rate"":0.001,""max_epochs"":30,""min_delta"":0.0001,""num_attention_heads"":4,""num_hidden_layers"":2,""patch_length"":21,""patch_stride"":7,""patience"":5,""prediction_length"":20,""seed"":2026,""validation_points"":252,""weight_decay"":0.0001,""window_stride"":5}",252,21,7,20,5,1230,47,2018-07-27,2018-07-30,2019-07-30,2019-07-30,2018-07-27,94.41688537597656,51.51531982421875,9,4,True,0.0565593801438808,4.491330200107768,0.0010378999868407,19540,True,True,,,11.53814697265625,133.1288355626166,3.156180726445955
SPY,PatchTST,2019-07-30,271.5172119140625,2019-08-06,5,259.8517761230469,260.7181701660156,-11.665435791015623,-10.799041748046877,-1.0,-1.0,True,0.7180613659554536,1.2065738167321185,4.503946200013161,6673,expanding,original,PatchTST-HF-supervised-v1,5.15.0,cpu,"{""batch_size"":64,""context_length"":252,""d_model"":32,""dropout"":0.1,""ffn_dim"":64,""learning_rate"":0.001,""max_epochs"":30,""min_delta"":0.0001,""num_attention_heads"":4,""num_hidden_layers"":2,""patch_length"":21,""patch_stride"":7,""patience"":5,""prediction_length"":20,""seed"":2026,""validation_points"":252,""weight_decay"":0.0001,""window_stride"":5}",252,21,7,20,5,1230,47,2018-07-27,2018-07-30,2019-07-30,2019-07-30,2018-07-27,94.41688537597656,51.51531982421875,9,4,True,0.0565593801438808,4.491330200107768,0.0010378999868407,19540,True,True,,,0.86639404296875,0.7506386376917362,3.2281908635624217
SPY,PatchTST,2019-07-30,271.5172119140625,2019-08-27,20,259.0121154785156,260.0845031738281,-12.505096435546877,-11.432708740234377,-1.0,-1.0,True,0.7180613659554536,1.4934485353986136,4.503946200013161,6673,expanding,original,PatchTST-HF-supervised-v1,5.15.0,cpu,"{""batch_size"":64,""context_length"":252,""d_model"":32,""dropout"":0.1,""ffn_dim"":64,""learning_rate"":0.001,""max_epochs"":30,""min_delta"":0.0001,""num_attention_heads"":4,""num_hidden_layers"":2,""patch_length"":21,""patch_stride"":7,""patience"":5,""prediction_length"":20,""seed"":2026,""validation_points"":252,""weight_decay"":0.0001,""window_stride"":5}",252,21,7,20,5,1230,47,2018-07-27,2018-07-30,2019-07-30,2019-07-30,2018-07-27,94.41688537597656,51.51531982421875,9,4,True,0.0565593801438808,4.491330200107768,0.0010378999868407,19540,True,True,,,1.0723876953125,1.1500153690576551,3.21589030919627
SPY,PatchTST,2019-08-06,259.8517761230469,2019-08-07,1,260.0052185058594,253.16709899902344,0.1534423828125,-6.6846771240234375,1.0,-1.0,False,0.7203471258191162,9.49281153729908,4.306061699986458,6678,expanding,original,PatchTST-HF-supervised-v1,5.15.0,cpu,"{""batch_size"":64,""context_length"":252,""d_model"":32,""dropout"":0.1,""ffn_dim"":64,""learning_rate"":0.001,""max_epochs"":30,""min_delta"":0.0001,""num_attention_heads"":4,""num_hidden_layers"":2,""patch_length"":21,""patch_stride"":7,""patience"":5,""prediction_length"":20,""seed"":2026,""validation_points"":252,""weight_decay"":0.0001,""window_stride"":5}",252,21,7,20,5,1231,47,2018-08-03,2018-08-06,2019-08-06,2019-08-06,2018-08-03,94.53742980957033,51.67617034912109,9,4,True,0.0560069009661674,4.292511100065894,0.0012430000351741,19540,True,True,,,6.8381195068359375,46.759878389770165,3.069687016622181
SPY,PatchTST,2019-08-06,259.8517761230469,2019-08-13,5,264.1405029296875,258.9671325683594,4.288726806640625,-0.8846435546875,1.0,-1.0,False,0.7203471258191162,7.181774141800618,4.306061699986458,6678,expanding,original,PatchTST-HF-supervised-v1,5.15.0,cpu,"{""batch_size"":64,""context_length"":252,""d_model"":32,""dropout"":0.1,""ffn_dim"":64,""learning_rate"":0.001,""max_epochs"":30,""min_delta"":0.0001,""num_attention_heads"":4,""num_hidden_layers"":2,""patch_length"":21,""patch_stride"":7,""patience"":5,""prediction_length"":20,""seed"":2026,""validation_points"":252,""weight_decay"":0.0001,""window_stride"":5}",252,21,7,20,5,1231,47,2018-08-03,2018-08-06,2019-08-06,2019-08-06,2018-08-03,94.53742980957033,51.67617034912109,9,4,True,0.0560069009661674,4.292511100065894,0.0012430000351741,19540,True,True,,,5.173370361328125,26.76376089546829,3.1819250855454637
SPY,PatchTST,2019-08-06,259.8517761230469,2019-09-04,20,265.48590087890625,255.1727752685547,5.634124755859375,-4.679000854492188,1.0,-1.0,False,0.7203471258191162,14.31688312579074,4.306061699986458,6678,expanding,original,PatchTST-HF-supervised-v1,5.15.0,cpu,"{""batch_size"":64,""context_length"":252,""d_model"":32,""dropout"":0.1,""ffn_dim"":64,""learning_rate"":0.001,""max_epochs"":30,""min_delta"":0.0001,""num_attention_heads"":4,""num_hidden_layers"":2,""patch_length"":21,""patch_stride"":7,""patience"":5,""prediction_length"":20,""seed"":2026,""validation_points"":252,""weight_decay"":0.0001,""window_stride"":5}",252,21,7,20,5,1231,47,2018-08-03,2018-08-06,2019-08-06,2019-08-06,2018-08-03,94.53742980957033,51.67617034912109,9,4,True,0.0560069009661674,4.292511100065894,0.0012430000351741,19540,True,True,,,10.313125610351562,106.36055985488927,3.1084994180826806
SPY,PatchTST,2019-08-13,264.1405029296875,2019-08-14,1,256.3305358886719,259.4636535644531,-7.809967041015625,-4.676849365234375,-1.0,-1.0,True,0.7219497568769322,4.3398001674448095,4.8808820999693125,6683,expanding,original,PatchTST-HF-supervised-v1,5.15.0,cpu,"{""batch_size"":64,""context_length"":252,""d_model"":32,""dropout"":0.1,""ffn_dim"":64,""learning_rate"":0.001,""max_epochs"":30,""min_delta"":0.0001,""num_attention_heads"":4,""num_hidden_layers"":2,""patch_length"":21,""patch_stride"":7,""patience"":5,""prediction_length"":20,""seed"":2026,""validation_points"":252,""weight_decay"":0.0001,""window_stride"":5}",252,21,7,20,5,1232,47,2018-08-10,2018-08-13,2019-08-13,2019-08-13,2018-08-10,94.65996551513672,51.84252166748047,10,5,True,0.0590416267514228,4.865139800007455,0.0012511000968515,19540,True,True,,,3.13311767578125,9.816426370292902,3.178928855088731
SPY,PatchTST,2019-08-13,264.1405029296875,2019-08-20,5,261.91949462890625,261.6803894042969,-2.22100830078125,-2.460113525390625,-1.0,-1.0,True,0.7219497568769322,0.3311937185819072,4.8808820999693125,6683,expanding,original,PatchTST-HF-supervised-v1,5.15.0,cpu,"{""batch_size"":64,""context_length"":252,""d_model"":32,""dropout"":0.1,""ffn_dim"":64,""learning_rate"":0.001,""max_epochs"":30,""min_delta"":0.0001,""num_attention_heads"":4,""num_hidden_layers"":2,""patch_length"":21,""patch_stride"":7,""patience"":5,""prediction_length"":20,""seed"":2026,""validation_points"":252,""weight_decay"":0.0001,""window_stride"":5}",252,21,7,20,5,1232,47,2018-08-10,2018-08-13,2019-08-13,2019-08-13,2018-08-10,94.65996551513672,51.84252166748047,10,5,True,0.0590416267514228,4.865139800007455,0.0012511000968515,19540,True,True,,,0.239105224609375,0.0571713084354996,3.2216878831711604
SPY,PatchTST,2019-08-13,264.1405029296875,2019-09-11,20,271.0927429199219,261.45269775390625,6.952239990234375,-2.68780517578125,1.0,-1.0,False,0.7219497568769322,13.35279231579397,4.8808820999693125,6683,expanding,original,PatchTST-HF-supervised-v1,5.15.0,cpu,"{""batch_size"":64,""context_length"":252,""d_model"":32,""dropout"":0.1,""ffn_dim"":64,""learning_rate"":0.001,""max_epochs"":30,""min_delta"":0.0001,""num_attention_heads"":4,""num_hidden_layers"":2,""patch_length"":21,""patch_stride"":7,""patience"":5,""prediction_length"":20,""seed"":2026,""validation_points"":252,""weight_decay"":0.0001,""window_stride"":5}",252,21,7,20,5,1232,47,2018-08-10,2018-08-13,2019-08-13,2019-08-13,2018-08-10,94.65996551513672,51.84252166748047,10,5,True,0.0590416267514228,4.865139800007455,0.0012511000968515,19540,True,True,,,9.640045166015623,92.93047080282122,3.217295896765656
SPY,PatchTST,2019-08-20,261.91949462890625,2019-08-21,1,264.0503234863281,259.91436767578125,2.130828857421875,-2.005126953125,1.0,-1.0,False,0.7240185709799711,5.712499618550931,4.300317200017162,6688,expanding,original,PatchTST-HF-supervised-v1,5.15.0,cpu,"{""batch_size"":64,""context_length"":252,""d_model"":32,""dropout"":0.1,""ffn_dim"":64,""learning_rate"":0.001,""max_epochs"":30,""min_delta"":0.0001,""num_attention_heads"":4,""num_hidden_layers"":2,""patch_length"":21,""patch_stride"":7,""patience"":5,""prediction_length"":20,""seed"":2026,""validation_points"":252,""weight_decay"":0.0001,""window_stride"":5}",252,21,7,20,5,1233,47,2018-08-17,2018-08-20,2019-08-20,2019-08-20,2018-08-17,94.7813491821289,52.0048942565918,9,4,True,0.0589513219892978,4.286868100054562,0.0010967999696731,19540,True,True,,,4.135955810546875,17.106130466796458,3.175336107384185
SPY,PatchTST,2019-08-20,261.91949462890625,2019-08-27,5,259.0121154785156,260.9366149902344,-2.907379150390625,-0.982879638671875,-1.0,-1.0,True,0.7240185709799711,2.6580803156939856,4.300317200017162,6688,expanding,original,PatchTST-HF-supervised-v1,5.15.0,cpu,"{""batch_size"":64,""context_length"":252,""d_model"":32,""dropout"":0.1,""ffn_dim"":64,""learning_rate"":0.001,""max_epochs"":30,""min_delta"":0.0001,""num_attention_heads"":4,""num_hidden_layers"":2,""patch_length"":21,""patch_stride"":7,""patience"":5,""prediction_length"":20,""seed"":2026,""validation_points"":252,""weight_decay"":0.0001,""window_stride"":5}",252,21,7,20,5,1233,47,2018-08-17,2018-08-20,2019-08-20,2019-08-20,2018-08-17,94.7813491821289,52.0048942565918,9,4,True,0.0589513219892978,4.286868100054562,0.0010967999696731,19540,True,True,,,1.92449951171875,3.703698370605707,3.194992859485427
SPY,PatchTST,2019-08-20,261.91949462890625,2019-09-18,20,271.8602294921875,263.9850769042969,9.94073486328125,2.065582275390625,1.0,1.0,True,0.7240185709799711,10.877003579109132,4.300317200017162,6688,expanding,original,PatchTST-HF-supervised-v1,5.15.0,cpu,"{""batch_size"":64,""context_length"":252,""d_model"":32,""dropout"":0.1,""ffn_dim"":64,""learning_rate"":0.001,""max_epochs"":30,""min_delta"":0.0001,""num_attention_heads"":4,""num_hidden_layers"":2,""patch_length"":21,""patch_stride"":7,""patience"":5,""prediction_length"":20,""seed"":2026,""validation_points"":252,""weight_decay"":0.0001,""window_stride"":5}",252,21,7,20,5,1233,47,2018-08-17,2018-08-20,2019-08-20,2019-08-20,2018-08-17,94.7813491821289,52.0048942565918,9,4,True,0.0589513219892978,4.286868100054562,0.0010967999696731,19540,True,True,,,7.875152587890625,62.01802828256041,3.253611609848064
SPY,PatchTST,2019-08-27,259.0121154785156,2019-08-28,1,260.8359680175781,252.90753173828125,1.8238525390625,-6.104583740234375,1.0,-1.0,False,0.7253988657037584,10.929761065458743,4.402979000005871,6693,expanding,original,PatchTST-HF-supervised-v1,5.15.0,cpu,"{""batch_size"":64,""context_length"":252,""d_model"":32,""dropout"":0.1,""ffn_dim"":64,""learning_rate"":0.001,""max_epochs"":30,""min_delta"":0.0001,""num_attention_heads"":4,""num_hidden_layers"":2,""patch_length"":21,""patch_stride"":7,""patience"":5,""prediction_length"":20,""seed"":2026,""validation_points"":252,""weight_decay"":0.0001,""window_stride"":5}",252,21,7,20,5,1234,47,2018-08-24,2018-08-27,2019-08-27,2019-08-27,2018-08-24,94.90454864501952,52.17226791381836,9,4,True,0.0548070929944515,4.3906693999888375,0.0010841999901458,19540,True,True,,,7.928436279296875,62.86010183487088,3.0284860024536715
SPY,PatchTST,2019-08-27,259.0121154785156,2019-09-04,5,265.48590087890625,255.75439453125,6.473785400390625,-3.257720947265625,1.0,-1.0,False,0.7253988657037584,13.415386772372546,4.402979000005871,6693,expanding,original,PatchTST-HF-supervised-v1,5.15.0,cpu,"{""batch_size"":64,""context_length"":252,""d_model"":32,""dropout"":0.1,""ffn_dim"":64,""learning_rate"":0.001,""max_epochs"":30,""min_delta"":0.0001,""num_attention_heads"":4,""num_hidden_layers"":2,""patch_length"":21,""patch_stride"":7,""patience"":5,""prediction_length"":20,""seed"":2026,""validation_points"":252,""weight_decay"":0.0001,""window_stride"":5}",252,21,7,20,5,1234,47,2018-08-24,2018-08-27,2019-08-27,2019-08-27,2018-08-24,94.90454864501952,52.17226791381836,9,4,True,0.0548070929944515,4.3906693999888375,0.0010841999901458,19540,True,True,,,9.73150634765625,94.70221579447389,3.0830525932269803
SPY,PatchTST,2019-08-27,259.0121154785156,2019-09-25,20,269.9591369628906,255.22637939453125,10.947021484375,-3.785736083984375,1.0,-1.0,False,0.7253988657037584,20.30987125140612,4.402979000005871,6693,expanding,original,PatchTST-HF-supervised-v1,5.15.0,cpu,"{""batch_size"":64,""context_length"":252,""d_model"":32,""dropout"":0.1,""ffn_dim"":64,""learning_rate"":0.001,""max_epochs"":30,""min_delta"":0.0001,""num_attention_heads"":4,""num_hidden_layers"":2,""patch_length"":21,""patch_stride"":7,""patience"":5,""prediction_length"":20,""seed"":2026,""validation_points"":252,""weight_decay"":0.0001,""window_stride"":5}",252,21,7,20,5,1234,47,2018-08-24,2018-08-27,2019-08-27,2019-08-27,2018-08-24,94.90454864501952,52.17226791381836,9,4,True,0.0548070929944515,4.3906693999888375,0.0010841999901458,19540,True,True,,,14.732757568359377,217.05414556805044,3.072931983987011
SPY,PatchTST,2019-09-04,265.48590087890625,2019-09-05,1,268.898681640625,256.78515625,3.41278076171875,-8.70074462890625,1.0,-1.0,False,0.7263200784665855,16.677943718971946,4.408854999928735,6698,expanding,original,PatchTST-HF-supervised-v1,5.15.0,cpu,"{""batch_size"":64,""context_length"":252,""d_model"":32,""dropout"":0.1,""ffn_dim"":64,""learning_rate"":0.001,""max_epochs"":30,""min_delta"":0.0001,""num_attention_heads"":4,""num_hidden_layers"":2,""patch_length"":21,""patch_stride"":7,""patience"":5,""prediction_length"":20,""seed"":2026,""validation_points"":252,""weight_decay"":0.0001,""window_stride"":5}",252,21,7,20,5,1235,47,2018-08-31,2018-09-04,2019-09-04,2019-09-04,2018-08-31,95.03034210205078,52.34709930419922,9,4,True,0.0515893772244453,4.39500300004147,0.0012765999417752,19540,True,True,,,12.113525390625,146.73749738931656,3.090043503804488
SPY,PatchTST,2019-09-04,265.48590087890625,2019-09-11,5,271.0927429199219,259.1454772949219,5.606842041015625,-6.340423583984375,1.0,-1.0,False,0.7263200784665855,16.449036697736886,4.408854999928735,6698,expanding,original,PatchTST-HF-supervised-v1,5.15.0,cpu,"{""batch_size"":64,""context_length"":252,""d_model"":32,""dropout"":0.1,""ffn_dim"":64,""learning_rate"":0.001,""max_epochs"":30,""min_delta"":0.0001,""num_attention_heads"":4,""num_hidden_layers"":2,""patch_length"":21,""patch_stride"":7,""patience"":5,""prediction_length"":20,""seed"":2026,""validation_points"":252,""weight_decay"":0.0001,""window_stride"":5}",252,21,7,20,5,1235,47,2018-08-31,2018-09-04,2019-09-04,2019-09-04,2018-08-31,95.03034210205078,52.34709930419922,9,4,True,0.0515893772244453,4.39500300004147,0.0012765999417752,19540,True,True,,,11.947265625,142.73715591430664,3.135133319215378
SPY,PatchTST,2019-09-04,265.48590087890625,2019-10-02,20,261.2876281738281,256.3747863769531,-4.198272705078125,-9.111114501953123,-1.0,-1.0,True,0.7263200784665855,6.764017603983966,4.408854999928735,6698,expanding,original,PatchTST-HF-supervised-v1,5.15.0,cpu,"{""batch_size"":64,""context_length"":252,""d_model"":32,""dropout"":0.1,""ffn_dim"":64,""learning_rate"":0.001,""max_epochs"":30,""min_delta"":0.0001,""num_attention_heads"":4,""num_hidden_layers"":2,""patch_length"":21,""patch_stride"":7,""patience"":5,""prediction_length"":20,""seed"":2026,""validation_points"":252,""weight_decay"":0.0001,""window_stride"":5}",252,21,7,20,5,1235,47,2018-08-31,2018-09-04,2019-09-04,2019-09-04,2018-08-31,95.03034210205078,52.34709930419922,9,4,True,0.0515893772244453,4.39500300004147,0.0012765999417752,19540,True,True,,,4.912841796875,24.13601452112198,3.0822041033696683
SPY,PatchTST,2019-09-11,271.0927429199219,2019-09-12,1,272.0318298339844,254.54611206054688,0.9390869140625,-16.546630859375,1.0,-1.0,False,0.7266336359646172,24.06400819888408,4.352488200063817,6703,expanding,original,PatchTST-HF-supervised-v1,5.15.0,cpu,"{""batch_size"":64,""context_length"":252,""d_model"":32,""dropout"":0.1,""ffn_dim"":64,""learning_rate"":0.001,""max_epochs"":30,""min_delta"":0.0001,""num_attention_heads"":4,""num_hidden_layers"":2,""patch_length"":21,""patch_stride"":7,""patience"":5,""prediction_length"":20,""seed"":2026,""validation_points"":252,""weight_decay"":0.0001,""window_stride"":5}",252,21,7,20,5,1236,47,2018-09-10,2018-09-11,2019-09-11,2019-09-11,2018-09-10,95.1546859741211,52.51694869995117,9,4,True,0.0520811378955841,4.338562800083309,0.0011000999948009,19540,True,True,,,17.4857177734375,305.7503260523081,3.0350473519908436
SPY,PatchTST,2019-09-11,271.0927429199219,2019-09-18,5,271.8602294921875,252.5726318359375,0.767486572265625,-18.52011108398437,1.0,-1.0,False,0.7266336359646172,26.54377213166773,4.352488200063817,6703,expanding,original,PatchTST-HF-supervised-v1,5.15.0,cpu,"{""batch_size"":64,""context_length"":252,""d_model"":32,""dropout"":0.1,""ffn_dim"":64,""learning_rate"":0.001,""max_epochs"":30,""min_delta"":0.0001,""num_attention_heads"":4,""num_hidden_layers"":2,""patch_length"":21,""patch_stride"":7,""patience"":5,""prediction_length"":20,""seed"":2026,""validation_points"":252,""weight_decay"":0.0001,""window_stride"":5}",252,21,7,20,5,1236,47,2018-09-10,2018-09-11,2019-09-11,2019-09-11,2018-09-10,95.1546859741211,52.51694869995117,9,4,True,0.0520811378955841,4.338562800083309,0.0011000999948009,19540,True,True,,,19.28759765625,372.0114233493805,2.9974693838593627
SPY,PatchTST,2019-09-11,271.0927429199219,2019-10-09,20,264.1993408203125,257.4555358886719,-6.893402099609375,-13.63720703125,-1.0,-1.0,True,0.7266336359646172,9.28088736587059,4.352488200063817,6703,expanding,original,PatchTST-HF-supervised-v1,5.15.0,cpu,"{""batch_size"":64,""context_length"":252,""d_model"":32,""dropout"":0.1,""ffn_dim"":64,""learning_rate"":0.001,""max_epochs"":30,""min_delta"":0.0001,""num_attention_heads"":4,""num_hidden_layers"":2,""patch_length"":21,""patch_stride"":7,""patience"":5,""prediction_length"":20,""seed"":2026,""validation_points"":252,""weight_decay"":0.0001,""window_stride"":5}",252,21,7,20,5,1236,47,2018-09-10,2018-09-11,2019-09-11,2019-09-11,2018-09-10,95.1546859741211,52.51694869995117,9,4,True,0.0520811378955841,4.338562800083309,0.0011000999948009,19540,True,True,,,6.743804931640625,45.478904956020415,3.090447063896187
SPY,PatchTST,2019-09-18,271.8602294921875,2019-09-19,1,271.8422241210937,258.78814697265625,-0.0180053710938068,-13.07208251953125,-1.0,-1.0,True,0.7265106071493782,17.968185212956413,4.616200499935076,6708,expanding,original,PatchTST-HF-supervised-v1,5.15.0,cpu,"{""batch_size"":64,""context_length"":252,""d_model"":32,""dropout"":0.1,""ffn_dim"":64,""learning_rate"":0.001,""max_epochs"":30,""min_delta"":0.0001,""num_attention_heads"":4,""num_hidden_layers"":2,""patch_length"":21,""patch_stride"":7,""patience"":5,""prediction_length"":20,""seed"":2026,""validation_points"":252,""weight_decay"":0.0001,""window_stride"":5}",252,21,7,20,5,1237,47,2018-09-17,2018-09-18,2019-09-18,2019-09-18,2018-09-17,95.2797393798828,52.68843078613281,9,4,True,0.0495479255914688,4.602360900025815,0.0012982999905943,19540,True,True,,,13.054077148437443,170.40893019735665,3.1033075981417837
SPY,PatchTST,2019-09-18,271.8602294921875,2019-09-25,5,269.9591369628906,256.39959716796875,-1.901092529296875,-15.46063232421875,-1.0,-1.0,True,0.7265106071493782,18.66392542859858,4.616200499935076,6708,expanding,original,PatchTST-HF-supervised-v1,5.15.0,cpu,"{""batch_size"":64,""context_length"":252,""d_model"":32,""dropout"":0.1,""ffn_dim"":64,""learning_rate"":0.001,""max_epochs"":30,""min_delta"":0.0001,""num_attention_heads"":4,""num_hidden_layers"":2,""patch_length"":21,""patch_stride"":7,""patience"":5,""prediction_length"":20,""seed"":2026,""validation_points"":252,""weight_decay"":0.0001,""window_stride"":5}",252,21,7,20,5,1237,47,2018-09-17,2018-09-18,2019-09-18,2019-09-18,2018-09-17,95.2797393798828,52.68843078613281,9,4,True,0.0495479255914688,4.602360900025815,0.0012982999905943,19540,True,True,,,13.559539794921877,183.86111945007,3.0579741203925064
SPY,PatchTST,2019-09-18,271.8602294921875,2019-10-16,20,270.6666564941406,258.7720947265625,-1.193572998046875,-13.088134765625,-1.0,-1.0,True,0.7265106071493782,16.372179085242838,4.616200499935076,6708,expanding,original,PatchTST-HF-supervised-v1,5.15.0,cpu,"{""batch_size"":64,""context_length"":252,""d_model"":32,""dropout"":0.1,""ffn_dim"":64,""learning_rate"":0.001,""max_epochs"":30,""min_delta"":0.0001,""num_attention_heads"":4,""num_hidden_layers"":2,""patch_length"":21,""patch_stride"":7,""patience"":5,""prediction_length"":20,""seed"":2026,""validation_points"":252,""weight_decay"":0.0001,""window_stride"":5}",252,21,7,20,5,1237,47,2018-09-17,2018-09-18,2019-09-18,2019-09-18,2018-09-17,95.2797393798828,52.68843078613281,9,4,True,0.0495479255914688,4.602360900025815,0.0012982999905943,19540,True,True,,,11.894561767578123,141.48059964273125,3.1030029345590155
SPY,PatchTST,2019-09-25,269.9591369628906,2019-09-26,1,269.396728515625,259.70562744140625,-0.562408447265625,-10.253509521484377,-1.0,-1.0,True,0.7267256465088912,13.335295266891594,4.525271099992096,6713,expanding,original,PatchTST-HF-supervised-v1,5.15.0,cpu,"{""batch_size"":64,""context_length"":252,""d_model"":32,""dropout"":0.1,""ffn_dim"":64,""learning_rate"":0.001,""max_epochs"":30,""min_delta"":0.0001,""num_attention_heads"":4,""num_hidden_layers"":2,""patch_length"":21,""patch_stride"":7,""patience"":5,""prediction_length"":20,""seed"":2026,""validation_points"":252,""weight_decay"":0.0001,""window_stride"":5}",252,21,7,20,5,1238,47,2018-09-24,2018-09-25,2019-09-25,2019-09-25,2018-09-24,95.40626525878906,52.8639030456543,9,4,True,0.0489948168396949,4.510129300062545,0.0012841999996453,19540,True,True,,,9.69110107421875,93.9174400307238,3.1079688164667876
SPY,PatchTST,2019-09-25,269.9591369628906,2019-10-02,5,261.2876281738281,258.35772705078125,-8.6715087890625,-11.601409912109377,-1.0,-1.0,True,0.7267256465088912,4.0316467942500624,4.525271099992096,6713,expanding,original,PatchTST-HF-supervised-v1,5.15.0,cpu,"{""batch_size"":64,""context_length"":252,""d_model"":32,""dropout"":0.1,""ffn_dim"":64,""learning_rate"":0.001,""max_epochs"":30,""min_delta"":0.0001,""num_attention_heads"":4,""num_hidden_layers"":2,""patch_length"":21,""patch_stride"":7,""patience"":5,""prediction_length"":20,""seed"":2026,""validation_points"":252,""weight_decay"":0.0001,""window_stride"":5}",252,21,7,20,5,1238,47,2018-09-24,2018-09-25,2019-09-25,2019-09-25,2018-09-24,95.40626525878906,52.8639030456543,9,4,True,0.0489948168396949,4.510129300062545,0.0012841999996453,19540,True,True,,,2.929901123046875,8.58432059083134,3.0824712592875354
SPY,PatchTST,2019-09-25,269.9591369628906,2019-10-23,20,272.0090637207031,259.7180480957031,2.0499267578125,-10.2410888671875,1.0,-1.0,False,0.7267256465088912,16.912868954115858,4.525271099992096,6713,expanding,original,PatchTST-HF-supervised-v1,5.15.0,cpu,"{""batch_size"":64,""context_length"":252,""d_model"":32,""dropout"":0.1,""ffn_dim"":64,""learning_rate"":0.001,""max_epochs"":30,""min_delta"":0.0001,""num_attention_heads"":4,""num_hidden_layers"":2,""patch_length"":21,""patch_stride"":7,""patience"":5,""prediction_length"":20,""seed"":2026,""validation_points"":252,""weight_decay"":0.0001,""window_stride"":5}",252,21,7,20,5,1238,47,2018-09-24,2018-09-25,2019-09-25,2019-09-25,2018-09-24,95.40626525878906,52.8639030456543,9,4,True,0.0489948168396949,4.510129300062545,0.0012841999996453,19540,True,True,,,12.291015625,151.06906509399414,3.108203771768634
SPY,PatchTST,2019-10-02,261.2876281738281,2019-10-03,1,263.4283447265625,261.0251770019531,2.140716552734375,-0.262451171875,1.0,-1.0,False,0.7278456841974685,3.301754447110773,6.398891600081697,6718,expanding,original,PatchTST-HF-supervised-v1,5.15.0,cpu,"{""batch_size"":64,""context_length"":252,""d_model"":32,""dropout"":0.1,""ffn_dim"":64,""learning_rate"":0.001,""max_epochs"":30,""min_delta"":0.0001,""num_attention_heads"":4,""num_hidden_layers"":2,""patch_length"":21,""patch_stride"":7,""patience"":5,""prediction_length"":20,""seed"":2026,""validation_points"":252,""weight_decay"":0.0001,""window_stride"":5}",252,21,7,20,5,1239,47,2018-10-01,2018-10-02,2019-10-02,2019-10-02,2018-10-01,95.5324478149414,53.03779602050781,13,8,True,0.0493277050554752,6.382206100039184,0.0015073000686243,19540,True,True,,,2.403167724609375,5.775215112604201,3.120279151928214
SPY,PatchTST,2019-10-02,261.2876281738281,2019-10-09,5,264.1993408203125,260.0631103515625,2.911712646484375,-1.224517822265625,1.0,-1.0,False,0.7278456841974685,5.682839863659641,6.398891600081697,6718,expanding,original,PatchTST-HF-supervised-v1,5.15.0,cpu,"{""batch_size"":64,""context_length"":252,""d_model"":32,""dropout"":0.1,""ffn_dim"":64,""learning_rate"":0.001,""max_epochs"":30,""min_delta"":0.0001,""num_attention_heads"":4,""num_hidden_layers"":2,""patch_length"":21,""patch_stride"":7,""patience"":5,""prediction_length"":20,""seed"":2026,""validation_points"":252,""weight_decay"":0.0001,""window_stride"":5}",252,21,7,20,5,1239,47,2018-10-01,2018-10-02,2019-10-02,2019-10-02,2018-10-01,95.5324478149414,53.03779602050781,13,8,True,0.0493277050554752,6.382206100039184,0.0015073000686243,19540,True,True,,,4.13623046875,17.108402490615845,3.1021398866763428
SPY,PatchTST,2019-10-02,261.2876281738281,2019-10-30,20,275.87310791015625,261.1454772949219,14.585479736328123,-0.14215087890625,1.0,-1.0,False,0.7278456841974685,20.234550997541792,6.398891600081697,6718,expanding,original,PatchTST-HF-supervised-v1,5.15.0,cpu,"{""batch_size"":64,""context_length"":252,""d_model"":32,""dropout"":0.1,""ffn_dim"":64,""learning_rate"":0.001,""max_epochs"":30,""min_delta"":0.0001,""num_attention_heads"":4,""num_hidden_layers"":2,""patch_length"":21,""patch_stride"":7,""patience"":5,""prediction_length"":20,""seed"":2026,""validation_points"":252,""weight_decay"":0.0001,""window_stride"":5}",252,21,7,20,5,1239,47,2018-10-01,2018-10-02,2019-10-02,2019-10-02,2018-10-01,95.5324478149414,53.03779602050781,13,8,True,0.0493277050554752,6.382206100039184,0.0015073000686243,19540,True,True,,,14.727630615234377,216.90310353878888,3.1225473512501134
SPY,PatchTST,2019-10-09,264.1993408203125,2019-10-10,1,265.98614501953125,259.85516357421875,1.78680419921875,-4.34417724609375,1.0,-1.0,False,0.7293080979959842,8.406572561252789,4.844307000050321,6723,expanding,original,PatchTST-HF-supervised-v1,5.15.0,cpu,"{""batch_size"":64,""context_length"":252,""d_model"":32,""dropout"":0.1,""ffn_dim"":64,""learning_rate"":0.001,""max_epochs"":30,""min_delta"":0.0001,""num_attention_heads"":4,""num_hidden_layers"":2,""patch_length"":21,""patch_stride"":7,""patience"":5,""prediction_length"":20,""seed"":2026,""validation_points"":252,""weight_decay"":0.0001,""window_stride"":5}",252,21,7,20,5,1240,47,2018-10-08,2018-10-09,2019-10-09,2019-10-09,2018-10-08,95.6576919555664,53.20829772949219,10,5,True,0.049475222826004,4.829435999970883,0.0012633999576792,19540,True,True,,,6.1309814453125,37.58893348276615,3.0859373185254393
SPY,PatchTST,2019-10-09,264.1993408203125,2019-10-16,5,270.6666564941406,259.9150390625,6.467315673828125,-4.2843017578125,1.0,-1.0,False,0.7293080979959842,14.74221589090298,4.844307000050321,6723,expanding,original,PatchTST-HF-supervised-v1,5.15.0,cpu,"{""batch_size"":64,""context_length"":252,""d_model"":32,""dropout"":0.1,""ffn_dim"":64,""learning_rate"":0.001,""max_epochs"":30,""min_delta"":0.0001,""num_attention_heads"":4,""num_hidden_layers"":2,""patch_length"":21,""patch_stride"":7,""patience"":5,""prediction_length"":20,""seed"":2026,""validation_points"":252,""weight_decay"":0.0001,""window_stride"":5}",252,21,7,20,5,1240,47,2018-10-08,2018-10-09,2019-10-09,2019-10-09,2018-10-08,95.6576919555664,53.20829772949219,10,5,True,0.049475222826004,4.829435999970883,0.0012633999576792,19540,True,True,,,10.751617431640623,115.59727739635856,3.0870626221122155
SPY,PatchTST,2019-10-09,264.1993408203125,2019-11-06,20,278.5581359863281,261.2410583496094,14.358795166015623,-2.958282470703125,1.0,-1.0,False,0.7293080979959842,23.74452948527949,4.844307000050321,6723,expanding,original,PatchTST-HF-supervised-v1,5.15.0,cpu,"{""batch_size"":64,""context_length"":252,""d_model"":32,""dropout"":0.1,""ffn_dim"":64,""learning_rate"":0.001,""max_epochs"":30,""min_delta"":0.0001,""num_attention_heads"":4,""num_hidden_layers"":2,""patch_length"":21,""patch_stride"":7,""patience"":5,""prediction_length"":20,""seed"":2026,""validation_points"":252,""weight_decay"":0.0001,""window_stride"":5}",252,21,7,20,5,1240,47,2018-10-08,2018-10-09,2019-10-09,2019-10-09,2018-10-08,95.6576919555664,53.20829772949219,10,5,True,0.049475222826004,4.829435999970883,0.0012633999576792,19540,True,True,,,17.31707763671875,299.88117787614465,3.111983909649937
SPY,PatchTST,2019-10-16,270.6666564941406,2019-10-17,1,271.4648132324219,262.28582763671875,0.79815673828125,-8.380828857421875,1.0,-1.0,False,0.7299458285541971,12.57488602117767,4.5337823000736535,6728,expanding,original,PatchTST-HF-supervised-v1,5.15.0,cpu,"{""batch_size"":64,""context_length"":252,""d_model"":32,""dropout"":0.1,""ffn_dim"":64,""learning_rate"":0.001,""max_epochs"":30,""min_delta"":0.0001,""num_attention_heads"":4,""num_hidden_layers"":2,""patch_length"":21,""patch_stride"":7,""patience"":5,""prediction_length"":20,""seed"":2026,""validation_points"":252,""weight_decay"":0.0001,""window_stride"":5}",252,21,7,20,5,1241,47,2018-10-15,2018-10-16,2019-10-16,2019-10-16,2018-10-15,95.77449798583984,53.35361862182617,9,4,True,0.0510401614010334,4.521182900061831,0.0011753999860957,19540,True,True,,,9.178985595703123,84.25377656612545,3.1209003991111035
SPY,PatchTST,2019-10-16,270.6666564941406,2019-10-23,5,272.0090637207031,260.8311462402344,1.3424072265625,-9.83551025390625,1.0,-1.0,False,0.7299458285541971,15.313352091632389,4.5337823000736535,6728,expanding,original,PatchTST-HF-supervised-v1,5.15.0,cpu,"{""batch_size"":64,""context_length"":252,""d_model"":32,""dropout"":0.1,""ffn_dim"":64,""learning_rate"":0.001,""max_epochs"":30,""min_delta"":0.0001,""num_attention_heads"":4,""num_hidden_layers"":2,""patch_length"":21,""patch_stride"":7,""patience"":5,""prediction_length"":20,""seed"":2026,""validation_points"":252,""weight_decay"":0.0001,""window_stride"":5}",252,21,7,20,5,1241,47,2018-10-15,2018-10-16,2019-10-16,2019-10-16,2018-10-15,95.77449798583984,53.35361862182617,9,4,True,0.0510401614010334,4.521182900061831,0.0011753999860957,19540,True,True,,,11.17791748046875,124.94583920016883,3.0936354931110954
SPY,PatchTST,2019-10-16,270.6666564941406,2019-11-13,20,280.3722839355469,264.2169494628906,9.70562744140625,-6.44970703125,1.0,-1.0,False,0.7299458285541971,22.13223754515469,4.5337823000736535,6728,expanding,original,PatchTST-HF-supervised-v1,5.15.0,cpu,"{""batch_size"":64,""context_length"":252,""d_model"":32,""dropout"":0.1,""ffn_dim"":64,""learning_rate"":0.001,""max_epochs"":30,""min_delta"":0.0001,""num_attention_heads"":4,""num_hidden_layers"":2,""patch_length"":21,""patch_stride"":7,""patience"":5,""prediction_length"":20,""seed"":2026,""validation_points"":252,""weight_decay"":0.0001,""window_stride"":5}",252,21,7,20,5,1241,47,2018-10-15,2018-10-16,2019-10-16,2019-10-16,2018-10-15,95.77449798583984,53.35361862182617,9,4,True,0.0510401614010334,4.521182900061831,0.0011753999860957,19540,True,True,,,16.15533447265625,260.9948319233954,3.157095166702404
SPY,PatchTST,2019-10-23,272.0090637207031,2019-10-24,1,272.45343017578125,258.9396057128906,0.444366455078125,-13.0694580078125,1.0,-1.0,False,0.730220140762012,18.506507433208352,4.444168500020169,6733,expanding,original,PatchTST-HF-supervised-v1,5.15.0,cpu,"{""batch_size"":64,""context_length"":252,""d_model"":32,""dropout"":0.1,""ffn_dim"":64,""learning_rate"":0.001,""max_epochs"":30,""min_delta"":0.0001,""num_attention_heads"":4,""num_hidden_layers"":2,""patch_length"":21,""patch_stride"":7,""patience"":5,""prediction_length"":20,""seed"":2026,""validation_points"":252,""weight_decay"":0.0001,""window_stride"":5}",252,21,7,20,5,1242,47,2018-10-22,2018-10-23,2019-10-23,2019-10-23,2018-10-22,95.89114379882812,53.49805450439453,9,4,True,0.0492422506213188,4.430984399979934,0.0010580000234767,19540,True,True,,,13.513824462890623,182.6234516138211,3.0477456315849594
SPY,PatchTST,2019-10-23,272.0090637207031,2019-10-30,5,275.87310791015625,260.3688049316406,3.864044189453125,-11.6402587890625,1.0,-1.0,False,0.730220140762012,21.2323683133915,4.444168500020169,6733,expanding,original,PatchTST-HF-supervised-v1,5.15.0,cpu,"{""batch_size"":64,""context_length"":252,""d_model"":32,""dropout"":0.1,""ffn_dim"":64,""learning_rate"":0.001,""max_epochs"":30,""min_delta"":0.0001,""num_attention_heads"":4,""num_hidden_layers"":2,""patch_length"":21,""patch_stride"":7,""patience"":5,""prediction_length"":20,""seed"":2026,""validation_points"":252,""weight_decay"":0.0001,""window_stride"":5}",252,21,7,20,5,1242,47,2018-10-22,2018-10-23,2019-10-23,2019-10-23,2018-10-22,95.89114379882812,53.49805450439453,9,4,True,0.0492422506213188,4.430984399979934,0.0010580000234767,19540,True,True,,,15.504302978515623,240.38341084960848,3.0744606071479046
SPY,PatchTST,2019-10-23,272.0090637207031,2019-11-20,20,281.8868408203125,258.13720703125,9.877777099609377,-13.871856689453123,1.0,-1.0,False,0.730220140762012,32.523936910695,4.444168500020169,6733,expanding,original,PatchTST-HF-supervised-v1,5.15.0,cpu,"{""batch_size"":64,""context_length"":252,""d_model"":32,""dropout"":0.1,""ffn_dim"":64,""learning_rate"":0.001,""max_epochs"":30,""min_delta"":0.0001,""num_attention_heads"":4,""num_hidden_layers"":2,""patch_length"":21,""patch_stride"":7,""patience"":5,""prediction_length"":20,""seed"":2026,""validation_points"":252,""weight_decay"":0.0001,""window_stride"":5}",252,21,7,20,5,1242,47,2018-10-22,2018-10-23,2019-10-23,2019-10-23,2018-10-22,95.89114379882812,53.49805450439453,9,4,True,0.0492422506213188,4.430984399979934,0.0010580000234767,19540,True,True,,,23.7496337890625,564.0451051145792,3.032746979969045
SPY,PatchTST,2019-10-30,275.87310791015625,2019-10-31,1,275.13836669921875,260.57586669921875,-0.7347412109375,-15.2972412109375,-1.0,-1.0,True,0.7302759563213327,19.9410919583833,4.633293200051412,6738,expanding,original,PatchTST-HF-supervised-v1,5.15.0,cpu,"{""batch_size"":64,""context_length"":252,""d_model"":32,""dropout"":0.1,""ffn_dim"":64,""learning_rate"":0.001,""max_epochs"":30,""min_delta"":0.0001,""num_attention_heads"":4,""num_hidden_layers"":2,""patch_length"":21,""patch_stride"":7,""patience"":5,""prediction_length"":20,""seed"":2026,""validation_points"":252,""weight_decay"":0.0001,""window_stride"":5}",252,21,7,20,5,1243,47,2018-10-29,2018-10-30,2019-10-30,2019-10-30,2018-10-29,96.00072479248048,53.622825622558594,9,4,True,0.0496885105967521,4.620194499962963,0.0013143999967724,19540,True,True,,,14.5625,212.06640625,3.069124761629554
SPY,PatchTST,2019-10-30,275.87310791015625,2019-11-06,5,278.5581359863281,260.46014404296875,2.685028076171875,-15.4129638671875,1.0,-1.0,False,0.7302759563213327,24.78240148357833,4.633293200051412,6738,expanding,original,PatchTST-HF-supervised-v1,5.15.0,cpu,"{""batch_size"":64,""context_length"":252,""d_model"":32,""dropout"":0.1,""ffn_dim"":64,""learning_rate"":0.001,""max_epochs"":30,""min_delta"":0.0001,""num_attention_heads"":4,""num_hidden_layers"":2,""patch_length"":21,""patch_stride"":7,""patience"":5,""prediction_length"":20,""seed"":2026,""validation_points"":252,""weight_decay"":0.0001,""window_stride"":5}",252,21,7,20,5,1243,47,2018-10-29,2018-10-30,2019-10-30,2019-10-30,2018-10-29,96.00072479248048,53.622825622558594,9,4,True,0.0496885105967521,4.620194499962963,0.0013143999967724,19540,True,True,,,18.09799194335937,327.53731238190085,3.066966675872109
SPY,PatchTST,2019-10-30,275.87310791015625,2019-11-27,20,286.1592712402344,262.1265563964844,10.286163330078123,-13.746551513671877,1.0,-1.0,False,0.7302759563213327,32.909086812622974,4.633293200051412,6738,expanding,original,PatchTST-HF-supervised-v1,5.15.0,cpu,"{""batch_size"":64,""context_length"":252,""d_model"":32,""dropout"":0.1,""ffn_dim"":64,""learning_rate"":0.001,""max_epochs"":30,""min_delta"":0.0001,""num_attention_heads"":4,""num_hidden_layers"":2,""patch_length"":21,""patch_stride"":7,""patience"":5,""prediction_length"":20,""seed"":2026,""validation_points"":252,""weight_decay"":0.0001,""window_stride"":5}",252,21,7,20,5,1243,47,2018-10-29,2018-10-30,2019-10-30,2019-10-30,2018-10-29,96.00072479248048,53.622825622558594,9,4,True,0.0496885105967521,4.620194499962963,0.0013143999967724,19540,True,True,,,24.03271484375,577.5713827610016,3.098043224602405
SPY,PatchTST,2019-11-06,278.5581359863281,2019-11-07,1,279.5376892089844,264.9627990722656,0.97955322265625,-13.5953369140625,1.0,-1.0,False,0.7304420810677965,19.95351926522696,7.031562800053507,6743,expanding,original,PatchTST-HF-supervised-v1,5.15.0,cpu,"{""batch_size"":64,""context_length"":252,""d_model"":32,""dropout"":0.1,""ffn_dim"":64,""learning_rate"":0.001,""max_epochs"":30,""min_delta"":0.0001,""num_attention_heads"":4,""num_hidden_layers"":2,""patch_length"":21,""patch_stride"":7,""patience"":5,""prediction_length"":20,""seed"":2026,""validation_points"":252,""weight_decay"":0.0001,""window_stride"":5}",252,21,7,20,5,1244,47,2018-11-05,2018-11-06,2019-11-06,2019-11-06,2018-11-05,96.11273193359376,53.7537956237793,14,9,True,0.049123078584671,7.017378099961206,0.0013561999658122,19540,True,True,,,14.57489013671875,212.4274224974215,3.1411747799252514
SPY,PatchTST,2019-11-06,278.5581359863281,2019-11-13,5,280.3722839355469,264.7245788574219,1.81414794921875,-13.83355712890625,1.0,-1.0,False,0.7304420810677965,21.42223933107798,7.031562800053507,6743,expanding,original,PatchTST-HF-supervised-v1,5.15.0,cpu,"{""batch_size"":64,""context_length"":252,""d_model"":32,""dropout"":0.1,""ffn_dim"":64,""learning_rate"":0.001,""max_epochs"":30,""min_delta"":0.0001,""num_attention_heads"":4,""num_hidden_layers"":2,""patch_length"":21,""patch_stride"":7,""patience"":5,""prediction_length"":20,""seed"":2026,""validation_points"":252,""weight_decay"":0.0001,""window_stride"":5}",252,21,7,20,5,1244,47,2018-11-05,2018-11-06,2019-11-06,2019-11-06,2018-11-05,96.11273193359376,53.7537956237793,14,9,True,0.049123078584671,7.017378099961206,0.0013561999658122,19540,True,True,,,15.647705078125,244.8506742119789,3.1367430888775893
SPY,PatchTST,2019-11-06,278.5581359863281,2019-12-05,20,283.0207824707031,265.94659423828125,4.462646484375,-12.611541748046877,1.0,-1.0,False,0.7304420810677965,23.37514318378533,7.031562800053507,6743,expanding,original,PatchTST-HF-supervised-v1,5.15.0,cpu,"{""batch_size"":64,""context_length"":252,""d_model"":32,""dropout"":0.1,""ffn_dim"":64,""learning_rate"":0.001,""max_epochs"":30,""min_delta"":0.0001,""num_attention_heads"":4,""num_hidden_layers"":2,""patch_length"":21,""patch_stride"":7,""patience"":5,""prediction_length"":20,""seed"":2026,""validation_points"":252,""weight_decay"":0.0001,""window_stride"":5}",252,21,7,20,5,1244,47,2018-11-05,2018-11-06,2019-11-06,2019-11-06,2018-11-05,96.11273193359376,53.7537956237793,14,9,True,0.049123078584671,7.017378099961206,0.0013561999658122,19540,True,True,,,17.074188232421875,291.52790379617363,3.1594766533948233
SPY,PatchTST,2019-11-13,280.3722839355469,2019-11-14,1,280.7803039550781,262.0758361816406,0.40802001953125,-18.29644775390625,1.0,-1.0,False,0.7303283078521736,25.611040366825662,4.552743499982171,6748,expanding,original,PatchTST-HF-supervised-v1,5.15.0,cpu,"{""batch_size"":64,""context_length"":252,""d_model"":32,""dropout"":0.1,""ffn_dim"":64,""learning_rate"":0.001,""max_epochs"":30,""min_delta"":0.0001,""num_attention_heads"":4,""num_hidden_layers"":2,""patch_length"":21,""patch_stride"":7,""patience"":5,""prediction_length"":20,""seed"":2026,""validation_points"":252,""weight_decay"":0.0001,""window_stride"":5}",252,21,7,20,5,1245,47,2018-11-12,2018-11-13,2019-11-13,2019-11-13,2018-11-12,96.2286376953125,53.89522552490234,9,4,True,0.0521657168865203,4.538191800005734,0.0010731999063864,19540,True,True,,,18.7044677734375,349.857114687562,3.077215038458245
SPY,PatchTST,2019-11-13,280.3722839355469,2019-11-20,5,281.8868408203125,260.85760498046875,1.514556884765625,-19.514678955078125,1.0,-1.0,False,0.7303283078521736,28.794222562300423,4.552743499982171,6748,expanding,original,PatchTST-HF-supervised-v1,5.15.0,cpu,"{""batch_size"":64,""context_length"":252,""d_model"":32,""dropout"":0.1,""ffn_dim"":64,""learning_rate"":0.001,""max_epochs"":30,""min_delta"":0.0001,""num_attention_heads"":4,""num_hidden_layers"":2,""patch_length"":21,""patch_stride"":7,""patience"":5,""prediction_length"":20,""seed"":2026,""validation_points"":252,""weight_decay"":0.0001,""window_stride"":5}",252,21,7,20,5,1245,47,2018-11-12,2018-11-13,2019-11-13,2019-11-13,2018-11-12,96.2286376953125,53.89522552490234,9,4,True,0.0521657168865203,4.538191800005734,0.0010731999063864,19540,True,True,,,21.02923583984375,442.22876000776887,3.0546113441735074
SPY,PatchTST,2019-11-13,280.3722839355469,2019-12-12,20,287.6558532714844,260.7415466308594,7.2835693359375,-19.6307373046875,1.0,-1.0,False,0.7303283078521736,36.85233935375917,4.552743499982171,6748,expanding,original,PatchTST-HF-supervised-v1,5.15.0,cpu,"{""batch_size"":64,""context_length"":252,""d_model"":32,""dropout"":0.1,""ffn_dim"":64,""learning_rate"":0.001,""max_epochs"":30,""min_delta"":0.0001,""num_attention_heads"":4,""num_hidden_layers"":2,""patch_length"":21,""patch_stride"":7,""patience"":5,""prediction_length"":20,""seed"":2026,""validation_points"":252,""weight_decay"":0.0001,""window_stride"":5}",252,21,7,20,5,1245,47,2018-11-12,2018-11-13,2019-11-13,2019-11-13,2018-11-12,96.2286376953125,53.89522552490234,9,4,True,0.0521657168865203,4.538191800005734,0.0010731999063864,19540,True,True,,,26.914306640625,724.379901945591,3.052457937290448
SPY,PatchTST,2019-11-20,281.8868408203125,2019-11-21,1,281.4334716796875,265.9225158691406,-0.453369140625,-15.964324951171877,-1.0,-1.0,True,0.7303476796895975,21.23776968407585,7.895961800008081,6753,expanding,original,PatchTST-HF-supervised-v1,5.15.0,cpu,"{""batch_size"":64,""context_length"":252,""d_model"":32,""dropout"":0.1,""ffn_dim"":64,""learning_rate"":0.001,""max_epochs"":30,""min_delta"":0.0001,""num_attention_heads"":4,""num_hidden_layers"":2,""patch_length"":21,""patch_stride"":7,""patience"":5,""prediction_length"":20,""seed"":2026,""validation_points"":252,""weight_decay"":0.0001,""window_stride"":5}",252,21,7,20,5,1246,47,2018-11-19,2018-11-20,2019-11-20,2019-11-20,2018-11-19,96.3404312133789,54.02498626708984,16,11,True,0.0491704493761062,7.881255500018597,0.0013908999972045,19540,True,True,,,15.510955810546877,240.58975015673784,3.1389565527583536
SPY,PatchTST,2019-11-20,281.8868408203125,2019-11-27,5,286.1592712402344,266.8502502441406,4.272430419921875,-15.036590576171877,1.0,-1.0,False,0.7303476796895975,26.438121915168143,7.895961800008081,6753,expanding,original,PatchTST-HF-supervised-v1,5.15.0,cpu,"{""batch_size"":64,""context_length"":252,""d_model"":32,""dropout"":0.1,""ffn_dim"":64,""learning_rate"":0.001,""max_epochs"":30,""min_delta"":0.0001,""num_attention_heads"":4,""num_hidden_layers"":2,""patch_length"":21,""patch_stride"":7,""patience"":5,""prediction_length"":20,""seed"":2026,""validation_points"":252,""weight_decay"":0.0001,""window_stride"":5}",252,21,7,20,5,1246,47,2018-11-19,2018-11-20,2019-11-20,2019-11-20,2018-11-19,96.3404312133789,54.02498626708984,16,11,True,0.0491704493761062,7.881255500018597,0.0013908999972045,19540,True,True,,,19.30902099609375,372.8382918275893,3.1561288731808608
SPY,PatchTST,2019-11-20,281.8868408203125,2019-12-19,20,291.0755310058594,266.1234130859375,9.188690185546877,-15.763427734375,1.0,-1.0,False,0.7303476796895975,34.164711703509056,7.895961800008081,6753,expanding,original,PatchTST-HF-supervised-v1,5.15.0,cpu,"{""batch_size"":64,""context_length"":252,""d_model"":32,""dropout"":0.1,""ffn_dim"":64,""learning_rate"":0.001,""max_epochs"":30,""min_delta"":0.0001,""num_attention_heads"":4,""num_hidden_layers"":2,""patch_length"":21,""patch_stride"":7,""patience"":5,""prediction_length"":20,""seed"":2026,""validation_points"":252,""weight_decay"":0.0001,""window_stride"":5}",252,21,7,20,5,1246,47,2018-11-19,2018-11-20,2019-11-20,2019-11-20,2018-11-19,96.3404312133789,54.02498626708984,16,11,True,0.0491704493761062,7.881255500018597,0.0013908999972045,19540,True,True,,,24.952117919921875,622.6081886896864,3.1426751509603723
SPY,PatchTST,2019-11-27,286.1592712402344,2019-11-29,1,285.0979919433594,266.14227294921875,-1.061279296875,-20.016998291015625,-1.0,-1.0,True,0.7305737312365449,25.946346253179406,4.817166200024076,6758,expanding,original,PatchTST-HF-supervised-v1,5.15.0,cpu,"{""batch_size"":64,""context_length"":252,""d_model"":32,""dropout"":0.1,""ffn_dim"":64,""learning_rate"":0.001,""max_epochs"":30,""min_delta"":0.0001,""num_attention_heads"":4,""num_hidden_layers"":2,""patch_length"":21,""patch_stride"":7,""patience"":5,""prediction_length"":20,""seed"":2026,""validation_points"":252,""weight_decay"":0.0001,""window_stride"":5}",252,21,7,20,5,1247,47,2018-11-27,2018-11-28,2019-11-27,2019-11-27,2018-11-27,96.44796752929688,54.14328002929688,10,5,True,0.0501644536852836,4.801494300016202,0.0012480000732466,19540,True,True,,,18.955718994140625,359.31928258482367,3.134171134960801
SPY,PatchTST,2019-11-27,286.1592712402344,2019-12-05,5,283.0207824707031,266.4007568359375,-3.13848876953125,-19.758514404296875,-1.0,-1.0,True,0.7305737312365449,22.74927899013713,4.817166200024076,6758,expanding,original,PatchTST-HF-supervised-v1,5.15.0,cpu,"{""batch_size"":64,""context_length"":252,""d_model"":32,""dropout"":0.1,""ffn_dim"":64,""learning_rate"":0.001,""max_epochs"":30,""min_delta"":0.0001,""num_attention_heads"":4,""num_hidden_layers"":2,""patch_length"":21,""patch_stride"":7,""patience"":5,""prediction_length"":20,""seed"":2026,""validation_points"":252,""weight_decay"":0.0001,""window_stride"":5}",252,21,7,20,5,1247,47,2018-11-27,2018-11-28,2019-11-27,2019-11-27,2018-11-27,96.44796752929688,54.14328002929688,10,5,True,0.0501644536852836,4.801494300016202,0.0012480000732466,19540,True,True,,,16.620025634765625,276.2252521002665,3.1389452063982697
SPY,PatchTST,2019-11-27,286.1592712402344,2019-12-27,20,294.2931823730469,270.7623291015625,8.1339111328125,-15.396942138671877,1.0,-1.0,False,0.7305737312365449,32.208731665805765,4.817166200024076,6758,expanding,original,PatchTST-HF-supervised-v1,5.15.0,cpu,"{""batch_size"":64,""context_length"":252,""d_model"":32,""dropout"":0.1,""ffn_dim"":64,""learning_rate"":0.001,""max_epochs"":30,""min_delta"":0.0001,""num_attention_heads"":4,""num_hidden_layers"":2,""patch_length"":21,""patch_stride"":7,""patience"":5,""prediction_length"":20,""seed"":2026,""validation_points"":252,""weight_decay"":0.0001,""window_stride"":5}",252,21,7,20,5,1247,47,2018-11-27,2018-11-28,2019-11-27,2019-11-27,2018-11-27,96.44796752929688,54.14328002929688,10,5,True,0.0501644536852836,4.801494300016202,0.0012480000732466,19540,True,True,,,23.53085327148437,553.7010556841269,3.2195013209015833
SPY,PatchTST,2019-12-05,283.0207824707031,2019-12-06,1,285.6059265136719,270.7828369140625,2.58514404296875,-12.237945556640623,1.0,-1.0,False,0.731160329453729,20.2733778112444,4.561808299971744,6763,expanding,original,PatchTST-HF-supervised-v1,5.15.0,cpu,"{""batch_size"":64,""context_length"":252,""d_model"":32,""dropout"":0.1,""ffn_dim"":64,""learning_rate"":0.001,""max_epochs"":30,""min_delta"":0.0001,""num_attention_heads"":4,""num_hidden_layers"":2,""patch_length"":21,""patch_stride"":7,""patience"":5,""prediction_length"":20,""seed"":2026,""validation_points"":252,""weight_decay"":0.0001,""window_stride"":5}",252,21,7,20,5,1248,47,2018-12-04,2018-12-06,2019-12-05,2019-12-05,2018-12-04,96.5615692138672,54.27740478515625,9,4,True,0.0475994162261486,4.549168600002304,0.0010280000278726,19540,True,True,,,14.823089599609377,219.7239852780476,3.2098304697840163
SPY,PatchTST,2019-12-05,283.0207824707031,2019-12-12,5,287.6558532714844,269.263916015625,4.63507080078125,-13.756866455078123,1.0,-1.0,False,0.731160329453729,25.15445178706635,4.561808299971744,6763,expanding,original,PatchTST-HF-supervised-v1,5.15.0,cpu,"{""batch_size"":64,""context_length"":252,""d_model"":32,""dropout"":0.1,""ffn_dim"":64,""learning_rate"":0.001,""max_epochs"":30,""min_delta"":0.0001,""num_attention_heads"":4,""num_hidden_layers"":2,""patch_length"":21,""patch_stride"":7,""patience"":5,""prediction_length"":20,""seed"":2026,""validation_points"":252,""weight_decay"":0.0001,""window_stride"":5}",252,21,7,20,5,1248,47,2018-12-04,2018-12-06,2019-12-05,2019-12-05,2018-12-04,96.5615692138672,54.27740478515625,9,4,True,0.0475994162261486,4.549168600002304,0.0010280000278726,19540,True,True,,,18.39193725585937,338.2633560234681,3.1818460644048394
SPY,PatchTST,2019-12-05,283.0207824707031,2020-01-06,20,295.004150390625,272.1434936523437,11.983367919921877,-10.877288818359377,1.0,-1.0,False,0.731160329453729,31.266270635007107,4.561808299971744,6763,expanding,original,PatchTST-HF-supervised-v1,5.15.0,cpu,"{""batch_size"":64,""context_length"":252,""d_model"":32,""dropout"":0.1,""ffn_dim"":64,""learning_rate"":0.001,""max_epochs"":30,""min_delta"":0.0001,""num_attention_heads"":4,""num_hidden_layers"":2,""patch_length"":21,""patch_stride"":7,""patience"":5,""prediction_length"":20,""seed"":2026,""validation_points"":252,""weight_decay"":0.0001,""window_stride"":5}",252,21,7,20,5,1248,47,2018-12-04,2018-12-06,2019-12-05,2019-12-05,2018-12-04,96.5615692138672,54.27740478515625,9,4,True,0.0475994162261486,4.549168600002304,0.0010280000278726,19540,True,True,,,22.86065673828125,522.6096265055239,3.2348990364125614
SPY,PatchTST,2019-12-12,287.6558532714844,2019-12-13,1,287.8281555175781,269.3602905273437,0.17230224609375,-18.295562744140625,1.0,-1.0,False,0.731664280745556,25.240900063367683,6.350570300011896,6768,expanding,original,PatchTST-HF-supervised-v1,5.15.0,cpu,"{""batch_size"":64,""context_length"":252,""d_model"":32,""dropout"":0.1,""ffn_dim"":64,""learning_rate"":0.001,""max_epochs"":30,""min_delta"":0.0001,""num_attention_heads"":4,""num_hidden_layers"":2,""patch_length"":21,""patch_stride"":7,""patience"":5,""prediction_length"":20,""seed"":2026,""validation_points"":252,""weight_decay"":0.0001,""window_stride"":5}",252,21,7,20,5,1249,47,2018-12-12,2018-12-13,2019-12-12,2019-12-12,2018-12-12,96.6686019897461,54.39392852783203,13,8,True,0.0414353646337986,6.337777400040068,0.0010911000426858,19540,True,True,,,18.46786499023437,341.0620372975245,3.174833905391399
SPY,PatchTST,2019-12-12,287.6558532714844,2019-12-19,5,291.0755310058594,269.6912536621094,3.419677734375,-17.964599609375,1.0,-1.0,False,0.731664280745556,29.226898054883463,6.350570300011896,6768,expanding,original,PatchTST-HF-supervised-v1,5.15.0,cpu,"{""batch_size"":64,""context_length"":252,""d_model"":32,""dropout"":0.1,""ffn_dim"":64,""learning_rate"":0.001,""max_epochs"":30,""min_delta"":0.0001,""num_attention_heads"":4,""num_hidden_layers"":2,""patch_length"":21,""patch_stride"":7,""patience"":5,""prediction_length"":20,""seed"":2026,""validation_points"":252,""weight_decay"":0.0001,""window_stride"":5}",252,21,7,20,5,1249,47,2018-12-12,2018-12-13,2019-12-12,2019-12-12,2018-12-12,96.6686019897461,54.39392852783203,13,8,True,0.0414353646337986,6.337777400040068,0.0010911000426858,19540,True,True,,,21.38427734375,457.2873175144196,3.18091846563044
SPY,PatchTST,2019-12-12,287.6558532714844,2020-01-13,20,298.9327697753906,270.9984436035156,11.27691650390625,-16.65740966796875,1.0,-1.0,False,0.731664280745556,38.179157992256094,6.350570300011896,6768,expanding,original,PatchTST-HF-supervised-v1,5.15.0,cpu,"{""batch_size"":64,""context_length"":252,""d_model"":32,""dropout"":0.1,""ffn_dim"":64,""learning_rate"":0.001,""max_epochs"":30,""min_delta"":0.0001,""num_attention_heads"":4,""num_hidden_layers"":2,""patch_length"":21,""patch_stride"":7,""patience"":5,""prediction_length"":20,""seed"":2026,""validation_points"":252,""weight_decay"":0.0001,""window_stride"":5}",252,21,7,20,5,1249,47,2018-12-12,2018-12-13,2019-12-12,2019-12-12,2018-12-12,96.6686019897461,54.39392852783203,13,8,True,0.0414353646337986,6.337777400040068,0.0010911000426858,19540,True,True,,,27.934326171875,780.3265786767006,3.2049503746464874
SPY,PatchTST,2019-12-19,291.0755310058594,2019-12-20,1,292.3515930175781,271.2743835449219,1.27606201171875,-19.8011474609375,1.0,-1.0,False,0.7316290409833951,28.808601479687045,7.58214610000141,6773,expanding,original,PatchTST-HF-supervised-v1,5.15.0,cpu,"{""batch_size"":64,""context_length"":252,""d_model"":32,""dropout"":0.1,""ffn_dim"":64,""learning_rate"":0.001,""max_epochs"":30,""min_delta"":0.0001,""num_attention_heads"":4,""num_hidden_layers"":2,""patch_length"":21,""patch_stride"":7,""patience"":5,""prediction_length"":20,""seed"":2026,""validation_points"":252,""weight_decay"":0.0001,""window_stride"":5}",252,21,7,20,5,1250,47,2018-12-19,2018-12-20,2019-12-19,2019-12-19,2018-12-19,96.77008819580078,54.49648666381836,15,10,True,0.03628546372056,7.568692900007591,0.0010867998935282,19540,True,True,,,21.07720947265625,444.2487591542304,3.2021201004317046
SPY,PatchTST,2019-12-19,291.0755310058594,2019-12-27,5,294.2931823730469,270.93853759765625,3.2176513671875,-20.136993408203125,1.0,-1.0,False,0.7316290409833951,31.921429395420454,7.58214610000141,6773,expanding,original,PatchTST-HF-supervised-v1,5.15.0,cpu,"{""batch_size"":64,""context_length"":252,""d_model"":32,""dropout"":0.1,""ffn_dim"":64,""learning_rate"":0.001,""max_epochs"":30,""min_delta"":0.0001,""num_attention_heads"":4,""num_hidden_layers"":2,""patch_length"":21,""patch_stride"":7,""patience"":5,""prediction_length"":20,""seed"":2026,""validation_points"":252,""weight_decay"":0.0001,""window_stride"":5}",252,21,7,20,5,1250,47,2018-12-19,2018-12-20,2019-12-19,2019-12-19,2018-12-19,96.77008819580078,54.49648666381836,15,10,True,0.03628546372056,7.568692900007591,0.0010867998935282,19540,True,True,,,23.354644775390625,545.4394325846806,3.19595739219443
SPY,PatchTST,2019-12-19,291.0755310058594,2020-01-21,20,301.9862976074219,272.54864501953125,10.9107666015625,-18.526885986328125,1.0,-1.0,False,0.7316290409833951,40.235762850970175,7.58214610000141,6773,expanding,original,PatchTST-HF-supervised-v1,5.15.0,cpu,"{""batch_size"":64,""context_length"":252,""d_model"":32,""dropout"":0.1,""ffn_dim"":64,""learning_rate"":0.001,""max_epochs"":30,""min_delta"":0.0001,""num_attention_heads"":4,""num_hidden_layers"":2,""patch_length"":21,""patch_stride"":7,""patience"":5,""prediction_length"":20,""seed"":2026,""validation_points"":252,""weight_decay"":0.0001,""window_stride"":5}",252,21,7,20,5,1250,47,2018-12-19,2018-12-20,2019-12-19,2019-12-19,2018-12-19,96.77008819580078,54.49648666381836,15,10,True,0.03628546372056,7.568692900007591,0.0010867998935282,19540,True,True,,,29.437652587890625,866.5753898853436,3.2255025522669967
SPY,PatchTST,2019-12-27,294.2931823730469,2019-12-30,1,292.6706237792969,274.7959899902344,-1.62255859375,-19.4971923828125,-1.0,-1.0,True,0.7315855314725619,24.432732770266504,9.09788919996936,6778,expanding,original,PatchTST-HF-supervised-v1,5.15.0,cpu,"{""batch_size"":64,""context_length"":252,""d_model"":32,""dropout"":0.1,""ffn_dim"":64,""learning_rate"":0.001,""max_epochs"":30,""min_delta"":0.0001,""num_attention_heads"":4,""num_hidden_layers"":2,""patch_length"":21,""patch_stride"":7,""patience"":5,""prediction_length"":20,""seed"":2026,""validation_points"":252,""weight_decay"":0.0001,""window_stride"":5}",252,21,7,20,5,1251,47,2018-12-27,2018-12-28,2019-12-27,2019-12-27,2018-12-27,96.8625030517578,54.577884674072266,18,13,True,0.0303219333291053,9.083031399990432,0.0013050000416114,19540,True,True,,,17.8746337890625,319.5025330930948,3.2601755821255844
SPY,PatchTST,2019-12-27,294.2931823730469,2020-01-06,5,295.004150390625,274.34747314453125,0.710968017578125,-19.945709228515625,1.0,-1.0,False,0.7315855314725619,28.235491760635615,9.09788919996936,6778,expanding,original,PatchTST-HF-supervised-v1,5.15.0,cpu,"{""batch_size"":64,""context_length"":252,""d_model"":32,""dropout"":0.1,""ffn_dim"":64,""learning_rate"":0.001,""max_epochs"":30,""min_delta"":0.0001,""num_attention_heads"":4,""num_hidden_layers"":2,""patch_length"":21,""patch_stride"":7,""patience"":5,""prediction_length"":20,""seed"":2026,""validation_points"":252,""weight_decay"":0.0001,""window_stride"":5}",252,21,7,20,5,1251,47,2018-12-27,2018-12-28,2019-12-27,2019-12-27,2018-12-27,96.8625030517578,54.577884674072266,18,13,True,0.0303219333291053,9.083031399990432,0.0013050000416114,19540,True,True,,,20.65667724609375,426.69831484928727,3.2519576592731037
SPY,PatchTST,2019-12-27,294.2931823730469,2020-01-28,20,297.9665832519531,275.61572265625,3.67340087890625,-18.677459716796875,1.0,-1.0,False,0.7315855314725619,30.55126110916177,9.09788919996936,6778,expanding,original,PatchTST-HF-supervised-v1,5.15.0,cpu,"{""batch_size"":64,""context_length"":252,""d_model"":32,""dropout"":0.1,""ffn_dim"":64,""learning_rate"":0.001,""max_epochs"":30,""min_delta"":0.0001,""num_attention_heads"":4,""num_hidden_layers"":2,""patch_length"":21,""patch_stride"":7,""patience"":5,""prediction_length"":20,""seed"":2026,""validation_points"":252,""weight_decay"":0.0001,""window_stride"":5}",252,21,7,20,5,1251,47,2018-12-27,2018-12-28,2019-12-27,2019-12-27,2018-12-27,96.8625030517578,54.577884674072266,18,13,True,0.0303219333291053,9.083031399990432,0.0013050000416114,19540,True,True,,,22.350860595703125,499.56096936855465,3.275195084455345
SPY,PatchTST,2020-01-06,295.004150390625,2020-01-07,1,294.17462158203125,277.095703125,-0.82952880859375,-17.908447265625,-1.0,-1.0,True,0.7322907477344817,23.322592166935078,9.623672200017609,6783,expanding,original,PatchTST-HF-supervised-v1,5.15.0,cpu,"{""batch_size"":64,""context_length"":252,""d_model"":32,""dropout"":0.1,""ffn_dim"":64,""learning_rate"":0.001,""max_epochs"":30,""min_delta"":0.0001,""num_attention_heads"":4,""num_hidden_layers"":2,""patch_length"":21,""patch_stride"":7,""patience"":5,""prediction_length"":20,""seed"":2026,""validation_points"":252,""weight_decay"":0.0001,""window_stride"":5}",252,21,7,20,5,1252,47,2019-01-04,2019-01-07,2020-01-06,2020-01-06,2019-01-04,96.95880889892578,54.667850494384766,19,14,True,0.0269059743732213,9.609213899937458,0.0010957999620586,19540,True,True,,,17.07891845703125,291.6894556619227,3.2951157325012637
SPY,PatchTST,2020-01-06,295.004150390625,2020-01-13,5,298.9327697753906,277.2391662597656,3.928619384765625,-17.764984130859375,1.0,-1.0,False,0.7322907477344817,29.62430371097737,9.623672200017609,6783,expanding,original,PatchTST-HF-supervised-v1,5.15.0,cpu,"{""batch_size"":64,""context_length"":252,""d_model"":32,""dropout"":0.1,""ffn_dim"":64,""learning_rate"":0.001,""max_epochs"":30,""min_delta"":0.0001,""num_attention_heads"":4,""num_hidden_layers"":2,""patch_length"":21,""patch_stride"":7,""patience"":5,""prediction_length"":20,""seed"":2026,""validation_points"":252,""weight_decay"":0.0001,""window_stride"":5}",252,21,7,20,5,1252,47,2019-01-04,2019-01-07,2020-01-06,2020-01-06,2019-01-04,96.95880889892578,54.667850494384766,19,14,True,0.0269059743732213,9.609213899937458,0.0010957999620586,19540,True,True,,,21.693603515625,470.61243349313736,3.2977400013076683
SPY,PatchTST,2020-01-06,295.004150390625,2020-02-04,20,299.944580078125,279.2831115722656,4.9404296875,-15.721038818359377,1.0,-1.0,False,0.7322907477344817,28.21484303847976,9.623672200017609,6783,expanding,original,PatchTST-HF-supervised-v1,5.15.0,cpu,"{""batch_size"":64,""context_length"":252,""d_model"":32,""dropout"":0.1,""ffn_dim"":64,""learning_rate"":0.001,""max_epochs"":30,""min_delta"":0.0001,""num_attention_heads"":4,""num_hidden_layers"":2,""patch_length"":21,""patch_stride"":7,""patience"":5,""prediction_length"":20,""seed"":2026,""validation_points"":252,""weight_decay"":0.0001,""window_stride"":5}",252,21,7,20,5,1252,47,2019-01-04,2019-01-07,2020-01-06,2020-01-06,2019-01-04,96.95880889892578,54.667850494384766,19,14,True,0.0269059743732213,9.609213899937458,0.0010957999620586,19540,True,True,,,20.66146850585937,426.8962808186188,3.3351284351680768
SPY,PatchTST,2020-01-13,298.9327697753906,2020-01-14,1,298.4770202636719,277.414306640625,-0.45574951171875,-21.518463134765625,-1.0,-1.0,True,0.7328270355310044,28.741725675806837,6.435600599972531,6788,expanding,original,PatchTST-HF-supervised-v1,5.15.0,cpu,"{""batch_size"":64,""context_length"":252,""d_model"":32,""dropout"":0.1,""ffn_dim"":64,""learning_rate"":0.001,""max_epochs"":30,""min_delta"":0.0001,""num_attention_heads"":4,""num_hidden_layers"":2,""patch_length"":21,""patch_stride"":7,""patience"":5,""prediction_length"":20,""seed"":2026,""validation_points"":252,""weight_decay"":0.0001,""window_stride"":5}",252,21,7,20,5,1253,47,2019-01-11,2019-01-14,2020-01-13,2020-01-13,2019-01-11,97.06077575683594,54.77109146118164,13,8,True,0.0256777536123991,6.420431699953042,0.0010902999201789,19540,True,True,,,21.062713623046875,443.6379051664844,3.292859902410608
SPY,PatchTST,2020-01-13,298.9327697753906,2020-01-21,5,301.9862976074219,278.93621826171875,3.05352783203125,-19.996551513671875,1.0,-1.0,False,0.7328270355310044,31.453642166737342,6.435600599972531,6788,expanding,original,PatchTST-HF-supervised-v1,5.15.0,cpu,"{""batch_size"":64,""context_length"":252,""d_model"":32,""dropout"":0.1,""ffn_dim"":64,""learning_rate"":0.001,""max_epochs"":30,""min_delta"":0.0001,""num_attention_heads"":4,""num_hidden_layers"":2,""patch_length"":21,""patch_stride"":7,""patience"":5,""prediction_length"":20,""seed"":2026,""validation_points"":252,""weight_decay"":0.0001,""window_stride"":5}",252,21,7,20,5,1253,47,2019-01-11,2019-01-14,2020-01-13,2020-01-13,2019-01-11,97.06077575683594,54.77109146118164,13,8,True,0.0256777536123991,6.420431699953042,0.0010902999201789,19540,True,True,,,23.050079345703125,531.3061578432098,3.3206466705850635
SPY,PatchTST,2020-01-13,298.9327697753906,2020-02-11,20,305.595947265625,279.147705078125,6.663177490234375,-19.785064697265625,1.0,-1.0,False,0.7328270355310044,36.0907020417658,6.435600599972531,6788,expanding,original,PatchTST-HF-supervised-v1,5.15.0,cpu,"{""batch_size"":64,""context_length"":252,""d_model"":32,""dropout"":0.1,""ffn_dim"":64,""learning_rate"":0.001,""max_epochs"":30,""min_delta"":0.0001,""num_attention_heads"":4,""num_hidden_layers"":2,""patch_length"":21,""patch_stride"":7,""patience"":5,""prediction_length"":20,""seed"":2026,""validation_points"":252,""weight_decay"":0.0001,""window_stride"":5}",252,21,7,20,5,1253,47,2019-01-11,2019-01-14,2020-01-13,2020-01-13,2019-01-11,97.06077575683594,54.77109146118164,13,8,True,0.0256777536123991,6.420431699953042,0.0010902999201789,19540,True,True,,,26.4482421875,699.5095148086548,3.3245079559961117
SPY,PatchTST,2020-01-21,301.9862976074219,2020-01-22,1,302.0227966308594,280.0227966308594,0.0364990234375,-21.9635009765625,1.0,-1.0,False,0.7330458240037252,30.01176635839917,11.176118400064295,6793,expanding,original,PatchTST-HF-supervised-v1,5.15.0,cpu,"{""batch_size"":64,""context_length"":252,""d_model"":32,""dropout"":0.1,""ffn_dim"":64,""learning_rate"":0.001,""max_epochs"":30,""min_delta"":0.0001,""num_attention_heads"":4,""num_hidden_layers"":2,""patch_length"":21,""patch_stride"":7,""patience"":5,""prediction_length"":20,""seed"":2026,""validation_points"":252,""weight_decay"":0.0001,""window_stride"":5}",252,21,7,20,5,1254,47,2019-01-18,2019-01-22,2020-01-21,2020-01-21,2019-01-18,97.16549682617188,54.880950927734375,22,17,True,0.0277363862842321,11.163061500061303,0.0010932000586763,19540,True,True,,,22.0,484.0,3.3318901497437357
SPY,PatchTST,2020-01-21,301.9862976074219,2020-01-28,5,297.9665832519531,279.8388061523437,-4.01971435546875,-22.147491455078125,-1.0,-1.0,True,0.7330458240037252,24.72939140502798,11.176118400064295,6793,expanding,original,PatchTST-HF-supervised-v1,5.15.0,cpu,"{""batch_size"":64,""context_length"":252,""d_model"":32,""dropout"":0.1,""ffn_dim"":64,""learning_rate"":0.001,""max_epochs"":30,""min_delta"":0.0001,""num_attention_heads"":4,""num_hidden_layers"":2,""patch_length"":21,""patch_stride"":7,""patience"":5,""prediction_length"":20,""seed"":2026,""validation_points"":252,""weight_decay"":0.0001,""window_stride"":5}",252,21,7,20,5,1254,47,2019-01-18,2019-01-22,2020-01-21,2020-01-21,2019-01-18,97.16549682617188,54.880950927734375,22,17,True,0.0277363862842321,11.163061500061303,0.0010932000586763,19540,True,True,,,18.12777709960937,328.6163025731221,3.32853761165164
SPY,PatchTST,2020-01-21,301.9862976074219,2020-02-19,20,308.4034729003906,279.7117919921875,6.41717529296875,-22.27450561523437,1.0,-1.0,False,0.7330458240037252,39.14036472030611,11.176118400064295,6793,expanding,original,PatchTST-HF-supervised-v1,5.15.0,cpu,"{""batch_size"":64,""context_length"":252,""d_model"":32,""dropout"":0.1,""ffn_dim"":64,""learning_rate"":0.001,""max_epochs"":30,""min_delta"":0.0001,""num_attention_heads"":4,""num_hidden_layers"":2,""patch_length"":21,""patch_stride"":7,""patience"":5,""prediction_length"":20,""seed"":2026,""validation_points"":252,""weight_decay"":0.0001,""window_stride"":5}",252,21,7,20,5,1254,47,2019-01-18,2019-01-22,2020-01-21,2020-01-21,2019-01-18,97.16549682617188,54.880950927734375,22,17,True,0.0277363862842321,11.163061500061303,0.0010932000586763,19540,True,True,,,28.691680908203125,823.2125533381477,3.326223253791415
SPY,PatchTST,2020-01-28,297.9665832519531,2020-01-29,1,297.7205505371094,281.45074462890625,-0.24603271484375,-16.515838623046875,-1.0,-1.0,True,0.7341199142188909,22.16232742509692,7.919736500014551,6798,expanding,original,PatchTST-HF-supervised-v1,5.15.0,cpu,"{""batch_size"":64,""context_length"":252,""d_model"":32,""dropout"":0.1,""ffn_dim"":64,""learning_rate"":0.001,""max_epochs"":30,""min_delta"":0.0001,""num_attention_heads"":4,""num_hidden_layers"":2,""patch_length"":21,""patch_stride"":7,""patience"":5,""prediction_length"":20,""seed"":2026,""validation_points"":252,""weight_decay"":0.0001,""window_stride"":5}",252,21,7,20,5,1255,47,2019-01-28,2019-01-29,2020-01-28,2020-01-28,2019-01-28,97.27159118652344,54.99401473999024,16,11,True,0.02709436789155,7.907011899980716,0.0011123999720439,19540,True,True,,,16.269805908203125,264.7065842906013,3.349076337000951
SPY,PatchTST,2020-01-28,297.9665832519531,2020-02-04,5,299.944580078125,280.3734741210937,1.977996826171875,-17.593109130859375,1.0,-1.0,False,0.7341199142188909,26.659276744801364,7.919736500014551,6798,expanding,original,PatchTST-HF-supervised-v1,5.15.0,cpu,"{""batch_size"":64,""context_length"":252,""d_model"":32,""dropout"":0.1,""ffn_dim"":64,""learning_rate"":0.001,""max_epochs"":30,""min_delta"":0.0001,""num_attention_heads"":4,""num_hidden_layers"":2,""patch_length"":21,""patch_stride"":7,""patience"":5,""prediction_length"":20,""seed"":2026,""validation_points"":252,""weight_decay"":0.0001,""window_stride"":5}",252,21,7,20,5,1255,47,2019-01-28,2019-01-29,2020-01-28,2020-01-28,2019-01-28,97.27159118652344,54.99401473999024,16,11,True,0.02709436789155,7.907011899980716,0.0011123999720439,19540,True,True,,,19.57110595703125,383.0281883813441,3.329487468777639
SPY,PatchTST,2020-01-28,297.9665832519531,2020-02-26,20,283.9382629394531,282.2628173828125,-14.0283203125,-15.703765869140623,-1.0,-1.0,True,0.7341199142188909,2.282250520915662,7.919736500014551,6798,expanding,original,PatchTST-HF-supervised-v1,5.15.0,cpu,"{""batch_size"":64,""context_length"":252,""d_model"":32,""dropout"":0.1,""ffn_dim"":64,""learning_rate"":0.001,""max_epochs"":30,""min_delta"":0.0001,""num_attention_heads"":4,""num_hidden_layers"":2,""patch_length"":21,""patch_stride"":7,""patience"":5,""prediction_length"":20,""seed"":2026,""validation_points"":252,""weight_decay"":0.0001,""window_stride"":5}",252,21,7,20,5,1255,47,2019-01-28,2019-01-29,2020-01-28,2020-01-28,2019-01-28,97.27159118652344,54.99401473999024,16,11,True,0.02709436789155,7.907011899980716,0.0011123999720439,19540,True,True,,,1.675445556640625,2.8071178132668138,3.3638429031035657
SPY,PatchTST,2020-02-04,299.944580078125,2020-02-05,1,303.4083251953125,283.6793212890625,3.4637451171875,-16.2652587890625,1.0,-1.0,False,0.7355381192546914,26.82254446070188,10.07385579997208,6803,expanding,original,PatchTST-HF-supervised-v1,5.15.0,cpu,"{""batch_size"":64,""context_length"":252,""d_model"":32,""dropout"":0.1,""ffn_dim"":64,""learning_rate"":0.001,""max_epochs"":30,""min_delta"":0.0001,""num_attention_heads"":4,""num_hidden_layers"":2,""patch_length"":21,""patch_stride"":7,""patience"":5,""prediction_length"":20,""seed"":2026,""validation_points"":252,""weight_decay"":0.0001,""window_stride"":5}",252,21,7,20,5,1256,47,2019-02-04,2019-02-05,2020-02-04,2020-02-04,2019-02-04,97.3807373046875,55.11473846435547,20,15,True,0.0255346316844224,10.060718700056896,0.001106800045818,19540,True,True,,,19.72900390625,389.23359513282776,3.380195373781198
SPY,PatchTST,2020-02-04,299.944580078125,2020-02-11,5,305.595947265625,285.4110717773437,5.6513671875,-14.53350830078125,1.0,-1.0,False,0.7355381192546914,27.44232414321946,10.07385579997208,6803,expanding,original,PatchTST-HF-supervised-v1,5.15.0,cpu,"{""batch_size"":64,""context_length"":252,""d_model"":32,""dropout"":0.1,""ffn_dim"":64,""learning_rate"":0.001,""max_epochs"":30,""min_delta"":0.0001,""num_attention_heads"":4,""num_hidden_layers"":2,""patch_length"":21,""patch_stride"":7,""patience"":5,""prediction_length"":20,""seed"":2026,""validation_points"":252,""weight_decay"":0.0001,""window_stride"":5}",252,21,7,20,5,1256,47,2019-02-04,2019-02-05,2020-02-04,2020-02-04,2019-02-04,97.3807373046875,55.11473846435547,20,15,True,0.0255346316844224,10.060718700056896,0.001106800045818,19540,True,True,,,20.18487548828125,407.4291984774172,3.4116161976212886
SPY,PatchTST,2020-02-04,299.944580078125,2020-03-04,20,285.1778564453125,285.72216796875,-14.7667236328125,-14.222412109375,-1.0,-1.0,True,0.7355381192546914,0.7400181026498557,10.07385579997208,6803,expanding,original,PatchTST-HF-supervised-v1,5.15.0,cpu,"{""batch_size"":64,""context_length"":252,""d_model"":32,""dropout"":0.1,""ffn_dim"":64,""learning_rate"":0.001,""max_epochs"":30,""min_delta"":0.0001,""num_attention_heads"":4,""num_hidden_layers"":2,""patch_length"":21,""patch_stride"":7,""patience"":5,""prediction_length"":20,""seed"":2026,""validation_points"":252,""weight_decay"":0.0001,""window_stride"":5}",252,21,7,20,5,1256,47,2019-02-04,2019-02-05,2020-02-04,2020-02-04,2019-02-04,97.3807373046875,55.11473846435547,20,15,True,0.0255346316844224,10.060718700056896,0.001106800045818,19540,True,True,,,0.5443115234375,0.2962750345468521,3.4172607166750715
SPY,PatchTST,2020-02-11,305.595947265625,2020-02-12,1,307.56494140625,283.5606994628906,1.968994140625,-22.03524780273437,1.0,-1.0,False,0.7363048086646933,32.60095772957351,8.489367299946025,6808,expanding,original,PatchTST-HF-supervised-v1,5.15.0,cpu,"{""batch_size"":64,""context_length"":252,""d_model"":32,""dropout"":0.1,""ffn_dim"":64,""learning_rate"":0.001,""max_epochs"":30,""min_delta"":0.0001,""num_attention_heads"":4,""num_hidden_layers"":2,""patch_length"":21,""patch_stride"":7,""patience"":5,""prediction_length"":20,""seed"":2026,""validation_points"":252,""weight_decay"":0.0001,""window_stride"":5}",252,21,7,20,5,1257,47,2019-02-11,2019-02-12,2020-02-11,2020-02-11,2019-02-11,97.49163055419922,55.23979187011719,17,12,True,0.0323527939617633,8.474782700068317,0.0012558000162243,19540,True,True,,,24.00424194335937,576.2036312753335,3.368388305049866
SPY,PatchTST,2020-02-11,305.595947265625,2020-02-19,5,308.4034729003906,282.49169921875,2.807525634765625,-23.104248046875,1.0,-1.0,False,0.7363048086646933,35.19163989792795,8.489367299946025,6808,expanding,original,PatchTST-HF-supervised-v1,5.15.0,cpu,"{""batch_size"":64,""context_length"":252,""d_model"":32,""dropout"":0.1,""ffn_dim"":64,""learning_rate"":0.001,""max_epochs"":30,""min_delta"":0.0001,""num_attention_heads"":4,""num_hidden_layers"":2,""patch_length"":21,""patch_stride"":7,""patience"":5,""prediction_length"":20,""seed"":2026,""validation_points"":252,""weight_decay"":0.0001,""window_stride"":5}",252,21,7,20,5,1257,47,2019-02-11,2019-02-12,2020-02-11,2020-02-11,2019-02-11,97.49163055419922,55.23979187011719,17,12,True,0.0323527939617633,8.474782700068317,0.0012558000162243,19540,True,True,,,25.911773681640625,671.4200153285637,3.349036308817619
SPY,PatchTST,2020-02-11,305.595947265625,2020-03-11,20,250.08447265625,282.8162536621094,-55.511474609375,-22.779693603515625,-1.0,-1.0,True,0.7363048086646933,44.45411821392184,8.489367299946025,6808,expanding,original,PatchTST-HF-supervised-v1,5.15.0,cpu,"{""batch_size"":64,""context_length"":252,""d_model"":32,""dropout"":0.1,""ffn_dim"":64,""learning_rate"":0.001,""max_epochs"":30,""min_delta"":0.0001,""num_attention_heads"":4,""num_hidden_layers"":2,""patch_length"":21,""patch_stride"":7,""patience"":5,""prediction_length"":20,""seed"":2026,""validation_points"":252,""weight_decay"":0.0001,""window_stride"":5}",252,21,7,20,5,1257,47,2019-02-11,2019-02-12,2020-02-11,2020-02-11,2019-02-11,97.49163055419922,55.23979187011719,17,12,True,0.0323527939617633,8.474782700068317,0.0012558000162243,19540,True,True,,,32.731781005859375,1071.3694878155366,3.3549116829342065
SPY,PatchTST,2020-02-19,308.4034729003906,2020-02-20,1,307.136474609375,282.6932983398437,-1.266998291015625,-25.710174560546875,-1.0,-1.0,True,0.736505667461904,33.1880355432507,8.196225199964829,6813,expanding,original,PatchTST-HF-supervised-v1,5.15.0,cpu,"{""batch_size"":64,""context_length"":252,""d_model"":32,""dropout"":0.1,""ffn_dim"":64,""learning_rate"":0.001,""max_epochs"":30,""min_delta"":0.0001,""num_attention_heads"":4,""num_hidden_layers"":2,""patch_length"":21,""patch_stride"":7,""patience"":5,""prediction_length"":20,""seed"":2026,""validation_points"":252,""weight_decay"":0.0001,""window_stride"":5}",252,21,7,20,5,1258,47,2019-02-19,2019-02-20,2020-02-19,2020-02-19,2019-02-19,97.60531616210938,55.37199020385742,16,11,True,0.0342893786728382,8.181230999995023,0.0011145999887958,19540,True,True,,,24.44317626953125,597.4688661433756,3.3426283125514313
SPY,PatchTST,2020-02-19,308.4034729003906,2020-02-26,5,283.9382629394531,283.5603942871094,-24.4652099609375,-24.84307861328125,-1.0,-1.0,True,0.736505667461904,0.5130560008396614,8.196225199964829,6813,expanding,original,PatchTST-HF-supervised-v1,5.15.0,cpu,"{""batch_size"":64,""context_length"":252,""d_model"":32,""dropout"":0.1,""ffn_dim"":64,""learning_rate"":0.001,""max_epochs"":30,""min_delta"":0.0001,""num_attention_heads"":4,""num_hidden_layers"":2,""patch_length"":21,""patch_stride"":7,""patience"":5,""prediction_length"":20,""seed"":2026,""validation_points"":252,""weight_decay"":0.0001,""window_stride"":5}",252,21,7,20,5,1258,47,2019-02-19,2019-02-20,2020-02-19,2020-02-19,2019-02-19,97.60531616210938,55.37199020385742,16,11,True,0.0342893786728382,8.181230999995023,0.0011145999887958,19540,True,True,,,0.37786865234375,0.1427847184240818,3.35828778124803
SPY,PatchTST,2020-02-19,308.4034729003906,2020-03-18,20,218.7646484375,287.29736328125,-89.63882446289062,-21.106109619140625,-1.0,-1.0,True,0.736505667461904,93.05117105197957,8.196225199964829,6813,expanding,original,PatchTST-HF-supervised-v1,5.15.0,cpu,"{""batch_size"":64,""context_length"":252,""d_model"":32,""dropout"":0.1,""ffn_dim"":64,""learning_rate"":0.001,""max_epochs"":30,""min_delta"":0.0001,""num_attention_heads"":4,""num_hidden_layers"":2,""patch_length"":21,""patch_stride"":7,""patience"":5,""prediction_length"":20,""seed"":2026,""validation_points"":252,""weight_decay"":0.0001,""window_stride"":5}",252,21,7,20,5,1258,47,2019-02-19,2019-02-20,2020-02-19,2020-02-19,2019-02-19,97.60531616210938,55.37199020385742,16,11,True,0.0342893786728382,8.181230999995023,0.0011145999887958,19540,True,True,,,68.53271484375,4696.733003854752,3.4257762168340116
SPY,PatchTST,2020-02-26,283.9382629394531,2020-02-27,1,271.18609619140625,278.2416076660156,-12.752166748046877,-5.6966552734375,-1.0,-1.0,True,0.7395543225335819,9.540220724339012,6.118781999917701,6818,expanding,original,PatchTST-HF-supervised-v1,5.15.0,cpu,"{""batch_size"":64,""context_length"":252,""d_model"":32,""dropout"":0.1,""ffn_dim"":64,""learning_rate"":0.001,""max_epochs"":30,""min_delta"":0.0001,""num_attention_heads"":4,""num_hidden_layers"":2,""patch_length"":21,""patch_stride"":7,""patience"":5,""prediction_length"":20,""seed"":2026,""validation_points"":252,""weight_decay"":0.0001,""window_stride"":5}",252,21,7,20,5,1259,47,2019-02-26,2019-02-27,2020-02-26,2020-02-26,2019-02-26,97.72089385986328,55.50900268554688,12,7,True,0.0576855950057506,6.103731799987145,0.0010804999619722,19540,True,True,,,7.055511474609375,49.78024216834456,3.252097949386421
SPY,PatchTST,2020-02-26,283.9382629394531,2020-03-04,5,285.1778564453125,278.8384094238281,1.239593505859375,-5.099853515625,1.0,-1.0,False,0.7395543225335819,8.57198292042504,6.118781999917701,6818,expanding,original,PatchTST-HF-supervised-v1,5.15.0,cpu,"{""batch_size"":64,""context_length"":252,""d_model"":32,""dropout"":0.1,""ffn_dim"":64,""learning_rate"":0.001,""max_epochs"":30,""min_delta"":0.0001,""num_attention_heads"":4,""num_hidden_layers"":2,""patch_length"":21,""patch_stride"":7,""patience"":5,""prediction_length"":20,""seed"":2026,""validation_points"":252,""weight_decay"":0.0001,""window_stride"":5}",252,21,7,20,5,1259,47,2019-02-26,2019-02-27,2020-02-26,2020-02-26,2019-02-26,97.72089385986328,55.50900268554688,12,7,True,0.0576855950057506,6.103731799987145,0.0010804999619722,19540,True,True,,,6.339447021484375,40.18858853820712,3.262849390214737
SPY,PatchTST,2020-02-26,283.9382629394531,2020-03-25,20,226.27664184570312,283.3769836425781,-57.66162109375,-0.561279296875,-1.0,-1.0,True,0.7395543225335819,77.20912454579314,6.118781999917701,6818,expanding,original,PatchTST-HF-supervised-v1,5.15.0,cpu,"{""batch_size"":64,""context_length"":252,""d_model"":32,""dropout"":0.1,""ffn_dim"":64,""learning_rate"":0.001,""max_epochs"":30,""min_delta"":0.0001,""num_attention_heads"":4,""num_hidden_layers"":2,""patch_length"":21,""patch_stride"":7,""patience"":5,""prediction_length"":20,""seed"":2026,""validation_points"":252,""weight_decay"":0.0001,""window_stride"":5}",252,21,7,20,5,1259,47,2019-02-26,2019-02-27,2020-02-26,2020-02-26,2019-02-26,97.72089385986328,55.50900268554688,12,7,True,0.0576855950057506,6.103731799987145,0.0010804999619722,19540,True,True,,,57.100341796875,3260.44903331995,3.3446122394675073
SPY,PatchTST,2020-03-04,285.1778564453125,2020-03-05,1,275.6981811523437,283.1496276855469,-9.479675292968809,-2.028228759765625,-1.0,-1.0,True,0.7456315453539706,9.993470071958647,5.956320500001311,6823,expanding,original,PatchTST-HF-supervised-v1,5.15.0,cpu,"{""batch_size"":64,""context_length"":252,""d_model"":32,""dropout"":0.1,""ffn_dim"":64,""learning_rate"":0.001,""max_epochs"":30,""min_delta"":0.0001,""num_attention_heads"":4,""num_hidden_layers"":2,""patch_length"":21,""patch_stride"":7,""patience"":5,""prediction_length"":20,""seed"":2026,""validation_points"":252,""weight_decay"":0.0001,""window_stride"":5}",252,21,7,20,5,1260,47,2019-03-05,2019-03-06,2020-03-04,2020-03-04,2019-03-05,97.83667755126952,55.64631652832031,12,7,True,0.0461934246122837,5.942650499986485,0.001087800017558,19540,True,True,,,7.451446533203182,55.52405543718572,3.3301925751000114
SPY,PatchTST,2020-03-04,285.1778564453125,2020-03-11,5,250.08447265625,284.7414245605469,-35.0933837890625,-0.436431884765625,-1.0,-1.0,True,0.7456315453539706,46.47999688350675,5.956320500001311,6823,expanding,original,PatchTST-HF-supervised-v1,5.15.0,cpu,"{""batch_size"":64,""context_length"":252,""d_model"":32,""dropout"":0.1,""ffn_dim"":64,""learning_rate"":0.001,""max_epochs"":30,""min_delta"":0.0001,""num_attention_heads"":4,""num_hidden_layers"":2,""patch_length"":21,""patch_stride"":7,""patience"":5,""prediction_length"":20,""seed"":2026,""validation_points"":252,""weight_decay"":0.0001,""window_stride"":5}",252,21,7,20,5,1260,47,2019-03-05,2019-03-06,2020-03-04,2020-03-04,2019-03-05,97.83667755126952,55.64631652832031,12,7,True,0.0461934246122837,5.942650499986485,0.001087800017558,19540,True,True,,,34.656951904296875,1201.1043152967468,3.358798185934825
SPY,PatchTST,2020-03-04,285.1778564453125,2020-04-01,20,225.6898498535156,286.7367248535156,-59.4880065917969,1.558868408203125,-1.0,1.0,False,0.7456315453539706,81.87270962499245,5.956320500001311,6823,expanding,original,PatchTST-HF-supervised-v1,5.15.0,cpu,"{""batch_size"":64,""context_length"":252,""d_model"":32,""dropout"":0.1,""ffn_dim"":64,""learning_rate"":0.001,""max_epochs"":30,""min_delta"":0.0001,""num_attention_heads"":4,""num_hidden_layers"":2,""patch_length"":21,""patch_stride"":7,""patience"":5,""prediction_length"":20,""seed"":2026,""validation_points"":252,""weight_decay"":0.0001,""window_stride"":5}",252,21,7,20,5,1260,47,2019-03-05,2019-03-06,2020-03-04,2020-03-04,2019-03-05,97.83667755126952,55.64631652832031,12,7,True,0.0461934246122837,5.942650499986485,0.001087800017558,19540,True,True,,,61.04687500000003,3726.7209472656286,3.3946550120008108
SPY,PatchTST,2020-03-11,250.08447265625,2020-03-12,1,226.1570587158203,282.7750549316406,-23.927413940429688,32.690582275390625,-1.0,1.0,False,0.7540150674943157,75.08868012938898,6.63739330007229,6828,expanding,original,PatchTST-HF-supervised-v1,5.15.0,cpu,"{""batch_size"":64,""context_length"":252,""d_model"":32,""dropout"":0.1,""ffn_dim"":64,""learning_rate"":0.001,""max_epochs"":30,""min_delta"":0.0001,""num_attention_heads"":4,""num_hidden_layers"":2,""patch_length"":21,""patch_stride"":7,""patience"":5,""prediction_length"":20,""seed"":2026,""validation_points"":252,""weight_decay"":0.0001,""window_stride"":5}",252,21,7,20,5,1261,47,2019-03-12,2019-03-13,2020-03-11,2020-03-11,2019-03-12,97.95067596435548,55.77845001220703,13,8,True,0.0563508234918117,6.622272299951874,0.0011226000497117,19540,True,True,,,56.61799621582031,3205.597495494643,3.3135445485996224
SPY,PatchTST,2020-03-11,250.08447265625,2020-03-18,5,218.7646484375,281.68804931640625,-31.31982421875,31.60357666015625,-1.0,1.0,False,0.7540150674943157,83.45111867327587,6.63739330007229,6828,expanding,original,PatchTST-HF-supervised-v1,5.15.0,cpu,"{""batch_size"":64,""context_length"":252,""d_model"":32,""dropout"":0.1,""ffn_dim"":64,""learning_rate"":0.001,""max_epochs"":30,""min_delta"":0.0001,""num_attention_heads"":4,""num_hidden_layers"":2,""patch_length"":21,""patch_stride"":7,""patience"":5,""prediction_length"":20,""seed"":2026,""validation_points"":252,""weight_decay"":0.0001,""window_stride"":5}",252,21,7,20,5,1261,47,2019-03-12,2019-03-13,2020-03-11,2020-03-11,2019-03-12,97.95067596435548,55.77845001220703,13,8,True,0.0563508234918117,6.622272299951874,0.0011226000497117,19540,True,True,,,62.92340087890625,3959.35437816754,3.2940566349878875
SPY,PatchTST,2020-03-11,250.08447265625,2020-04-08,20,251.25245666503903,283.3232116699219,1.167984008789034,33.238739013671875,1.0,1.0,True,0.7540150674943157,42.53330787070063,6.63739330007229,6828,expanding,original,PatchTST-HF-supervised-v1,5.15.0,cpu,"{""batch_size"":64,""context_length"":252,""d_model"":32,""dropout"":0.1,""ffn_dim"":64,""learning_rate"":0.001,""max_epochs"":30,""min_delta"":0.0001,""num_attention_heads"":4,""num_hidden_layers"":2,""patch_length"":21,""patch_stride"":7,""patience"":5,""prediction_length"":20,""seed"":2026,""validation_points"":252,""weight_decay"":0.0001,""window_stride"":5}",252,21,7,20,5,1261,47,2019-03-12,2019-03-13,2020-03-11,2020-03-11,2019-03-12,97.95067596435548,55.77845001220703,13,8,True,0.0563508234918117,6.622272299951874,0.0011226000497117,19540,True,True,,,32.07075500488284,1028.5333265832178,3.3233719414038556
SPY,PatchTST,2020-03-18,218.7646484375,2020-03-19,1,219.22952270507807,289.1365661621094,0.4648742675780681,70.37191772460938,1.0,1.0,True,0.7671627082646034,91.12414185925152,10.04251080006361,6833,expanding,original,PatchTST-HF-supervised-v1,5.15.0,cpu,"{""batch_size"":64,""context_length"":252,""d_model"":32,""dropout"":0.1,""ffn_dim"":64,""learning_rate"":0.001,""max_epochs"":30,""min_delta"":0.0001,""num_attention_heads"":4,""num_hidden_layers"":2,""patch_length"":21,""patch_stride"":7,""patience"":5,""prediction_length"":20,""seed"":2026,""validation_points"":252,""weight_decay"":0.0001,""window_stride"":5}",252,21,7,20,5,1262,47,2019-03-19,2019-03-20,2020-03-18,2020-03-18,2019-03-19,98.06822967529295,55.92000961303711,20,15,True,0.0404770746827125,10.028426800039597,0.0013246999587863,19540,True,True,,,69.9070434570313,4886.994724903264,3.416815158098095
SPY,PatchTST,2020-03-18,218.7646484375,2020-03-25,5,226.27664184570312,289.7670593261719,7.511993408203125,71.00241088867188,1.0,1.0,True,0.7671627082646034,82.76004137908403,10.04251080006361,6833,expanding,original,PatchTST-HF-supervised-v1,5.15.0,cpu,"{""batch_size"":64,""context_length"":252,""d_model"":32,""dropout"":0.1,""ffn_dim"":64,""learning_rate"":0.001,""max_epochs"":30,""min_delta"":0.0001,""num_attention_heads"":4,""num_hidden_layers"":2,""patch_length"":21,""patch_stride"":7,""patience"":5,""prediction_length"":20,""seed"":2026,""validation_points"":252,""weight_decay"":0.0001,""window_stride"":5}",252,21,7,20,5,1262,47,2019-03-19,2019-03-20,2020-03-18,2020-03-18,2019-03-19,98.06822967529295,55.92000961303711,20,15,True,0.0404770746827125,10.028426800039597,0.0013246999587863,19540,True,True,,,63.49041748046875,4031.033111844212,3.4280900696802905
SPY,PatchTST,2020-03-18,218.7646484375,2020-04-16,20,255.9009704589844,289.2211303710937,37.1363220214844,70.45648193359375,1.0,1.0,True,0.7671627082646034,43.43297654220287,10.04251080006361,6833,expanding,original,PatchTST-HF-supervised-v1,5.15.0,cpu,"{""batch_size"":64,""context_length"":252,""d_model"":32,""dropout"":0.1,""ffn_dim"":64,""learning_rate"":0.001,""max_epochs"":30,""min_delta"":0.0001,""num_attention_heads"":4,""num_hidden_layers"":2,""patch_length"":21,""patch_stride"":7,""patience"":5,""prediction_length"":20,""seed"":2026,""validation_points"":252,""weight_decay"":0.0001,""window_stride"":5}",252,21,7,20,5,1262,47,2019-03-19,2019-03-20,2020-03-18,2020-03-18,2019-03-19,98.06822967529295,55.92000961303711,20,15,True,0.0404770746827125,10.028426800039597,0.0013246999587863,19540,True,True,,,33.32015991210935,1110.2330565685388,3.41832739333499
SPY,PatchTST,2020-03-25,226.27664184570312,2020-03-26,1,239.4889068603516,284.5921630859375,13.212265014648466,58.315521240234375,1.0,1.0,True,0.7720330810100517,58.42140360951537,6.03116809995845,6838,expanding,original,PatchTST-HF-supervised-v1,5.15.0,cpu,"{""batch_size"":64,""context_length"":252,""d_model"":32,""dropout"":0.1,""ffn_dim"":64,""learning_rate"":0.001,""max_epochs"":30,""min_delta"":0.0001,""num_attention_heads"":4,""num_hidden_layers"":2,""patch_length"":21,""patch_stride"":7,""patience"":5,""prediction_length"":20,""seed"":2026,""validation_points"":252,""weight_decay"":0.0001,""window_stride"":5}",252,21,7,20,5,1263,47,2019-03-26,2019-03-27,2020-03-25,2020-03-25,2019-03-26,98.18555450439452,56.06062698364258,12,7,True,0.0699021890759468,6.016300400020555,0.0010941000655293,19540,True,True,,,45.10325622558591,2034.303722150854,3.325089614783168
SPY,PatchTST,2020-03-25,226.27664184570312,2020-04-01,5,225.6898498535156,283.9815979003906,-0.5867919921875284,57.7049560546875,-1.0,1.0,False,0.7720330810100517,75.50421022194006,6.03116809995845,6838,expanding,original,PatchTST-HF-supervised-v1,5.15.0,cpu,"{""batch_size"":64,""context_length"":252,""d_model"":32,""dropout"":0.1,""ffn_dim"":64,""learning_rate"":0.001,""max_epochs"":30,""min_delta"":0.0001,""num_attention_heads"":4,""num_hidden_layers"":2,""patch_length"":21,""patch_stride"":7,""patience"":5,""prediction_length"":20,""seed"":2026,""validation_points"":252,""weight_decay"":0.0001,""window_stride"":5}",252,21,7,20,5,1263,47,2019-03-26,2019-03-27,2020-03-25,2020-03-25,2019-03-26,98.18555450439452,56.06062698364258,12,7,True,0.0699021890759468,6.016300400020555,0.0010941000655293,19540,True,True,,,58.29174804687503,3397.9278903603586,3.3141984560787705
SPY,PatchTST,2020-03-25,226.27664184570312,2020-04-23,20,255.88265991210932,285.2623596191406,29.60601806640622,58.9857177734375,1.0,1.0,True,0.7720330810100517,38.05497514250786,6.03116809995845,6838,expanding,original,PatchTST-HF-supervised-v1,5.15.0,cpu,"{""batch_size"":64,""context_length"":252,""d_model"":32,""dropout"":0.1,""ffn_dim"":64,""learning_rate"":0.001,""max_epochs"":30,""min_delta"":0.0001,""num_attention_heads"":4,""num_hidden_layers"":2,""patch_length"":21,""patch_stride"":7,""patience"":5,""prediction_length"":20,""seed"":2026,""validation_points"":252,""weight_decay"":0.0001,""window_stride"":5}",252,21,7,20,5,1263,47,2019-03-26,2019-03-27,2020-03-25,2020-03-25,2019-03-26,98.18555450439452,56.06062698364258,12,7,True,0.0699021890759468,6.016300400020555,0.0010941000655293,19540,True,True,,,29.37969970703128,863.1667548753338,3.3370444674001156
SPY,PatchTST,2020-04-01,225.6898498535156,2020-04-02,1,230.897705078125,282.0234375,5.207855224609403,56.3335876464844,1.0,1.0,True,0.7776225395838235,65.74620695696015,9.096821899991482,6843,expanding,original,PatchTST-HF-supervised-v1,5.15.0,cpu,"{""batch_size"":64,""context_length"":252,""d_model"":32,""dropout"":0.1,""ffn_dim"":64,""learning_rate"":0.001,""max_epochs"":30,""min_delta"":0.0001,""num_attention_heads"":4,""num_hidden_layers"":2,""patch_length"":21,""patch_stride"":7,""patience"":5,""prediction_length"":20,""seed"":2026,""validation_points"":252,""weight_decay"":0.0001,""window_stride"":5}",252,21,7,20,5,1264,47,2019-04-02,2019-04-03,2020-04-01,2020-04-01,2019-04-02,98.30391693115234,56.20380783081055,18,13,True,0.0883997157216072,9.082255300018003,0.0012985999928787,19540,True,True,,,51.125732421875,2613.840515673161,3.268809136951996
SPY,PatchTST,2020-04-01,225.6898498535156,2020-04-08,5,251.25245666503903,283.5693054199219,25.56260681152344,57.87945556640628,1.0,1.0,True,0.7776225395838235,41.55852886180296,9.096821899991482,6843,expanding,original,PatchTST-HF-supervised-v1,5.15.0,cpu,"{""batch_size"":64,""context_length"":252,""d_model"":32,""dropout"":0.1,""ffn_dim"":64,""learning_rate"":0.001,""max_epochs"":30,""min_delta"":0.0001,""num_attention_heads"":4,""num_hidden_layers"":2,""patch_length"":21,""patch_stride"":7,""patience"":5,""prediction_length"":20,""seed"":2026,""validation_points"":252,""weight_decay"":0.0001,""window_stride"":5}",252,21,7,20,5,1264,47,2019-04-02,2019-04-03,2020-04-01,2020-04-01,2019-04-02,98.30391693115234,56.20380783081055,18,13,True,0.0883997157216072,9.082255300018003,0.0012985999928787,19540,True,True,,,32.31684875488284,1044.3787134459726,3.2963138199901163
SPY,PatchTST,2020-04-01,225.6898498535156,2020-04-30,20,266.33514404296875,283.5840148925781,40.64529418945315,57.89416503906253,1.0,1.0,True,0.7776225395838235,22.181546922290615,9.096821899991482,6843,expanding,original,PatchTST-HF-supervised-v1,5.15.0,cpu,"{""batch_size"":64,""context_length"":252,""d_model"":32,""dropout"":0.1,""ffn_dim"":64,""learning_rate"":0.001,""max_epochs"":30,""min_delta"":0.0001,""num_attention_heads"":4,""num_hidden_layers"":2,""patch_length"":21,""patch_stride"":7,""patience"":5,""prediction_length"":20,""seed"":2026,""validation_points"":252,""weight_decay"":0.0001,""window_stride"":5}",252,21,7,20,5,1264,47,2019-04-02,2019-04-03,2020-04-01,2020-04-01,2019-04-02,98.30391693115234,56.20380783081055,18,13,True,0.0883997157216072,9.082255300018003,0.0012985999928787,19540,True,True,,,17.248870849609375,297.52354558650404,3.2965755366464067
SPY,PatchTST,2020-04-08,251.25245666503903,2020-04-09,1,255.0758514404297,283.07196044921875,3.823394775390653,31.81950378417972,1.0,1.0,True,0.7817629366629975,35.81150716647191,8.672356999944896,6848,expanding,original,PatchTST-HF-supervised-v1,5.15.0,cpu,"{""batch_size"":64,""context_length"":252,""d_model"":32,""dropout"":0.1,""ffn_dim"":64,""learning_rate"":0.001,""max_epochs"":30,""min_delta"":0.0001,""num_attention_heads"":4,""num_hidden_layers"":2,""patch_length"":21,""patch_stride"":7,""patience"":5,""prediction_length"":20,""seed"":2026,""validation_points"":252,""weight_decay"":0.0001,""window_stride"":5}",252,21,7,20,5,1265,47,2019-04-09,2019-04-10,2020-04-08,2020-04-08,2019-04-09,98.42532348632812,56.35515594482422,16,11,True,0.1025159284472465,8.655657000024803,0.001337100053206,19540,True,True,,,27.996109008789062,783.7821196320001,3.276481696611275
SPY,PatchTST,2020-04-08,251.25245666503903,2020-04-16,5,255.9009704589844,283.4718017578125,4.648513793945369,32.219345092773466,1.0,1.0,True,0.7817629366629975,35.267508864664094,8.672356999944896,6848,expanding,original,PatchTST-HF-supervised-v1,5.15.0,cpu,"{""batch_size"":64,""context_length"":252,""d_model"":32,""dropout"":0.1,""ffn_dim"":64,""learning_rate"":0.001,""max_epochs"":30,""min_delta"":0.0001,""num_attention_heads"":4,""num_hidden_layers"":2,""patch_length"":21,""patch_stride"":7,""patience"":5,""prediction_length"":20,""seed"":2026,""validation_points"":252,""weight_decay"":0.0001,""window_stride"":5}",252,21,7,20,5,1265,47,2019-04-09,2019-04-10,2020-04-08,2020-04-08,2019-04-09,98.42532348632812,56.35515594482422,16,11,True,0.1025159284472465,8.655657000024803,0.001337100053206,19540,True,True,,,27.570831298828097,760.150738508439,3.2835767228229886
SPY,PatchTST,2020-04-08,251.25245666503903,2020-05-07,20,263.767822265625,284.9449462890625,12.515365600585966,33.692489624023466,1.0,1.0,True,0.7817629366629975,27.088933268995,8.672356999944896,6848,expanding,original,PatchTST-HF-supervised-v1,5.15.0,cpu,"{""batch_size"":64,""context_length"":252,""d_model"":32,""dropout"":0.1,""ffn_dim"":64,""learning_rate"":0.001,""max_epochs"":30,""min_delta"":0.0001,""num_attention_heads"":4,""num_hidden_layers"":2,""patch_length"":21,""patch_stride"":7,""patience"":5,""prediction_length"":20,""seed"":2026,""validation_points"":252,""weight_decay"":0.0001,""window_stride"":5}",252,21,7,20,5,1265,47,2019-04-09,2019-04-10,2020-04-08,2020-04-08,2019-04-09,98.42532348632812,56.35515594482422,16,11,True,0.1025159284472465,8.655657000024803,0.001337100053206,19540,True,True,,,21.1771240234375,448.4705819040537,3.309717091109651
SPY,PatchTST,2020-04-16,255.9009704589844,2020-04-17,1,262.81427001953125,280.9693603515625,6.913299560546847,25.068389892578097,1.0,1.0,True,0.7841644610011365,23.15214630978404,8.149885099963285,6853,expanding,original,PatchTST-HF-supervised-v1,5.15.0,cpu,"{""batch_size"":64,""context_length"":252,""d_model"":32,""dropout"":0.1,""ffn_dim"":64,""learning_rate"":0.001,""max_epochs"":30,""min_delta"":0.0001,""num_attention_heads"":4,""num_hidden_layers"":2,""patch_length"":21,""patch_stride"":7,""patience"":5,""prediction_length"":20,""seed"":2026,""validation_points"":252,""weight_decay"":0.0001,""window_stride"":5}",252,21,7,20,5,1266,47,2019-04-16,2019-04-17,2020-04-16,2020-04-16,2019-04-16,98.54769897460938,56.5089111328125,16,11,True,0.1245988383889198,8.135663700057194,0.0010814000852406,19540,True,True,,,18.15509033203125,329.60730496421456,3.228192823397513
SPY,PatchTST,2020-04-16,255.9009704589844,2020-04-23,5,255.88265991210932,281.9151916503906,-0.0183105468750568,26.01422119140622,-1.0,1.0,False,0.7841644610011365,33.19779591266576,8.149885099963285,6853,expanding,original,PatchTST-HF-supervised-v1,5.15.0,cpu,"{""batch_size"":64,""context_length"":252,""d_model"":32,""dropout"":0.1,""ffn_dim"":64,""learning_rate"":0.001,""max_epochs"":30,""min_delta"":0.0001,""num_attention_heads"":4,""num_hidden_layers"":2,""patch_length"":21,""patch_stride"":7,""patience"":5,""prediction_length"":20,""seed"":2026,""validation_points"":252,""weight_decay"":0.0001,""window_stride"":5}",252,21,7,20,5,1266,47,2019-04-16,2019-04-17,2020-04-16,2020-04-16,2019-04-16,98.54769897460938,56.5089111328125,16,11,True,0.1245988383889198,8.135663700057194,0.0010814000852406,19540,True,True,,,26.03253173828128,677.6927087046221,3.2449305605060044
SPY,PatchTST,2020-04-16,255.9009704589844,2020-05-14,20,261.2831115722656,283.3221740722656,5.382141113281222,27.42120361328122,1.0,1.0,True,0.7841644610011365,28.10515344174474,8.149885099963285,6853,expanding,original,PatchTST-HF-supervised-v1,5.15.0,cpu,"{""batch_size"":64,""context_length"":252,""d_model"":32,""dropout"":0.1,""ffn_dim"":64,""learning_rate"":0.001,""max_epochs"":30,""min_delta"":0.0001,""num_attention_heads"":4,""num_hidden_layers"":2,""patch_length"":21,""patch_stride"":7,""patience"":5,""prediction_length"":20,""seed"":2026,""validation_points"":252,""weight_decay"":0.0001,""window_stride"":5}",252,21,7,20,5,1266,47,2019-04-16,2019-04-17,2020-04-16,2020-04-16,2019-04-16,98.54769897460938,56.5089111328125,16,11,True,0.1245988383889198,8.135663700057194,0.0010814000852406,19540,True,True,,,22.0390625,485.7202758789063,3.2698289772985025
SPY,PatchTST,2020-04-23,255.88265991210932,2020-04-24,1,259.4493408203125,282.3825378417969,3.5666809082031534,26.49987792968753,1.0,1.0,True,0.7872323454408617,29.13142117990775,5.128474500030279,6858,expanding,original,PatchTST-HF-supervised-v1,5.15.0,cpu,"{""batch_size"":64,""context_length"":252,""d_model"":32,""dropout"":0.1,""ffn_dim"":64,""learning_rate"":0.001,""max_epochs"":30,""min_delta"":0.0001,""num_attention_heads"":4,""num_hidden_layers"":2,""patch_length"":21,""patch_stride"":7,""patience"":5,""prediction_length"":20,""seed"":2026,""validation_points"":252,""weight_decay"":0.0001,""window_stride"":5}",252,21,7,20,5,1267,47,2019-04-24,2019-04-25,2020-04-23,2020-04-23,2019-04-24,98.6709976196289,56.66489028930664,10,5,True,0.1379112601280212,5.112888099974953,0.0019815999548882,19540,True,True,,,22.93319702148437,525.9315256262198,3.242069988739334
SPY,PatchTST,2020-04-23,255.88265991210932,2020-04-30,5,266.33514404296875,280.1369323730469,10.452484130859403,24.25427246093753,1.0,1.0,True,0.7872323454408617,17.532039187679615,5.128474500030279,6858,expanding,original,PatchTST-HF-supervised-v1,5.15.0,cpu,"{""batch_size"":64,""context_length"":252,""d_model"":32,""dropout"":0.1,""ffn_dim"":64,""learning_rate"":0.001,""max_epochs"":30,""min_delta"":0.0001,""num_attention_heads"":4,""num_hidden_layers"":2,""patch_length"":21,""patch_stride"":7,""patience"":5,""prediction_length"":20,""seed"":2026,""validation_points"":252,""weight_decay"":0.0001,""window_stride"":5}",252,21,7,20,5,1267,47,2019-04-24,2019-04-25,2020-04-23,2020-04-23,2019-04-24,98.6709976196289,56.66489028930664,10,5,True,0.1379112601280212,5.112888099974953,0.0019815999548882,19540,True,True,,,13.801788330078123,190.48936110828072,3.2024404146364827
SPY,PatchTST,2020-04-23,255.88265991210932,2020-05-21,20,270.3694152832031,282.5467224121094,14.486755371093778,26.66406250000003,1.0,1.0,True,0.7872323454408617,15.46850456466798,5.128474500030279,6858,expanding,original,PatchTST-HF-supervised-v1,5.15.0,cpu,"{""batch_size"":64,""context_length"":252,""d_model"":32,""dropout"":0.1,""ffn_dim"":64,""learning_rate"":0.001,""max_epochs"":30,""min_delta"":0.0001,""num_attention_heads"":4,""num_hidden_layers"":2,""patch_length"":21,""patch_stride"":7,""patience"":5,""prediction_length"":20,""seed"":2026,""validation_points"":252,""weight_decay"":0.0001,""window_stride"":5}",252,21,7,20,5,1267,47,2019-04-24,2019-04-25,2020-04-23,2020-04-23,2019-04-24,98.6709976196289,56.66489028930664,10,5,True,0.1379112601280212,5.112888099974953,0.0019815999548882,19540,True,True,,,12.17730712890625,148.28680891171098,3.24496745433883
SPY,PatchTST,2020-04-30,266.33514404296875,2020-05-01,1,259.2842712402344,280.578125,-7.050872802734375,14.24298095703125,-1.0,1.0,False,0.789264263129728,26.979371491276613,8.678573600016534,6863,expanding,original,PatchTST-HF-supervised-v1,5.15.0,cpu,"{""batch_size"":64,""context_length"":252,""d_model"":32,""dropout"":0.1,""ffn_dim"":64,""learning_rate"":0.001,""max_epochs"":30,""min_delta"":0.0001,""num_attention_heads"":4,""num_hidden_layers"":2,""patch_length"":21,""patch_stride"":7,""patience"":5,""prediction_length"":20,""seed"":2026,""validation_points"":252,""weight_decay"":0.0001,""window_stride"":5}",252,21,7,20,5,1268,47,2019-05-01,2019-05-02,2020-04-30,2020-04-30,2019-05-01,98.7955093383789,56.82396697998047,17,12,True,0.14164599776268,8.665463999961503,0.0010768000502139,19540,True,True,,,21.293853759765625,453.42820794228464,3.199048312231783
SPY,PatchTST,2020-04-30,266.33514404296875,2020-05-07,5,263.767822265625,282.1758117675781,-2.56732177734375,15.840667724609377,-1.0,1.0,False,0.789264263129728,23.322973510746024,8.678573600016534,6863,expanding,original,PatchTST-HF-supervised-v1,5.15.0,cpu,"{""batch_size"":64,""context_length"":252,""d_model"":32,""dropout"":0.1,""ffn_dim"":64,""learning_rate"":0.001,""max_epochs"":30,""min_delta"":0.0001,""num_attention_heads"":4,""num_hidden_layers"":2,""patch_length"":21,""patch_stride"":7,""patience"":5,""prediction_length"":20,""seed"":2026,""validation_points"":252,""weight_decay"":0.0001,""window_stride"":5}",252,21,7,20,5,1268,47,2019-05-01,2019-05-02,2020-04-30,2020-04-30,2019-05-01,98.7955093383789,56.82396697998047,17,12,True,0.14164599776268,8.665463999961503,0.0010768000502139,19540,True,True,,,18.407989501953125,338.85407750401646,3.227164736559233
SPY,PatchTST,2020-04-30,266.33514404296875,2020-05-29,20,279.02471923828125,283.2213439941406,12.6895751953125,16.886199951171875,1.0,1.0,True,0.789264263129728,5.317135149662279,8.678573600016534,6863,expanding,original,PatchTST-HF-supervised-v1,5.15.0,cpu,"{""batch_size"":64,""context_length"":252,""d_model"":32,""dropout"":0.1,""ffn_dim"":64,""learning_rate"":0.001,""max_epochs"":30,""min_delta"":0.0001,""num_attention_heads"":4,""num_hidden_layers"":2,""patch_length"":21,""patch_stride"":7,""patience"":5,""prediction_length"":20,""seed"":2026,""validation_points"":252,""weight_decay"":0.0001,""window_stride"":5}",252,21,7,20,5,1268,47,2019-05-01,2019-05-02,2020-04-30,2020-04-30,2019-05-01,98.7955093383789,56.82396697998047,17,12,True,0.14164599776268,8.665463999961503,0.0010768000502139,19540,True,True,,,4.196624755859375,17.61165934149176,3.2455642303314796
SPY,PatchTST,2020-05-07,263.767822265625,2020-05-08,1,268.1322021484375,280.0270080566406,4.3643798828125,16.259185791015625,1.0,1.0,True,0.7908873118495986,15.039823916741677,10.363460500026122,6868,expanding,original,PatchTST-HF-supervised-v1,5.15.0,cpu,"{""batch_size"":64,""context_length"":252,""d_model"":32,""dropout"":0.1,""ffn_dim"":64,""learning_rate"":0.001,""max_epochs"":30,""min_delta"":0.0001,""num_attention_heads"":4,""num_hidden_layers"":2,""patch_length"":21,""patch_stride"":7,""patience"":5,""prediction_length"":20,""seed"":2026,""validation_points"":252,""weight_decay"":0.0001,""window_stride"":5}",252,21,7,20,5,1269,47,2019-05-08,2019-05-09,2020-05-07,2020-05-07,2019-05-08,98.9182357788086,56.977577209472656,20,15,True,0.1449980735778808,10.348774200072512,0.0013112999731674,19540,True,True,,,11.894805908203123,141.48640759382397,3.178597285946414
SPY,PatchTST,2020-05-07,263.767822265625,2020-05-14,5,261.2831115722656,282.3398132324219,-2.484710693359375,18.571990966796875,-1.0,1.0,False,0.7908873118495986,26.6241490344715,10.363460500026122,6868,expanding,original,PatchTST-HF-supervised-v1,5.15.0,cpu,"{""batch_size"":64,""context_length"":252,""d_model"":32,""dropout"":0.1,""ffn_dim"":64,""learning_rate"":0.001,""max_epochs"":30,""min_delta"":0.0001,""num_attention_heads"":4,""num_hidden_layers"":2,""patch_length"":21,""patch_stride"":7,""patience"":5,""prediction_length"":20,""seed"":2026,""validation_points"":252,""weight_decay"":0.0001,""window_stride"":5}",252,21,7,20,5,1269,47,2019-05-08,2019-05-09,2020-05-07,2020-05-07,2019-05-08,98.9182357788086,56.977577209472656,20,15,True,0.1449980735778808,10.348774200072512,0.0013112999731674,19540,True,True,,,21.05670166015625,443.384684804827,3.2191887833222754
SPY,PatchTST,2020-05-07,263.767822265625,2020-06-05,20,292.7962341308594,282.2601318359375,29.02841186523437,18.4923095703125,1.0,1.0,True,0.7908873118495986,13.321875489798607,10.363460500026122,6868,expanding,original,PatchTST-HF-supervised-v1,5.15.0,cpu,"{""batch_size"":64,""context_length"":252,""d_model"":32,""dropout"":0.1,""ffn_dim"":64,""learning_rate"":0.001,""max_epochs"":30,""min_delta"":0.0001,""num_attention_heads"":4,""num_hidden_layers"":2,""patch_length"":21,""patch_stride"":7,""patience"":5,""prediction_length"":20,""seed"":2026,""validation_points"":252,""weight_decay"":0.0001,""window_stride"":5}",252,21,7,20,5,1269,47,2019-05-08,2019-05-09,2020-05-07,2020-05-07,2019-05-08,98.9182357788086,56.977577209472656,20,15,True,0.1449980735778808,10.348774200072512,0.0013112999731674,19540,True,True,,,10.536102294921877,111.009451569058,3.2177903139526243
SPY,PatchTST,2020-05-14,261.2831115722656,2020-05-15,1,262.48419189453125,278.6906433105469,1.201080322265625,17.40753173828125,1.0,1.0,True,0.7928588842762783,20.44052445828223,5.113839099998586,6873,expanding,original,PatchTST-HF-supervised-v1,5.15.0,cpu,"{""batch_size"":64,""context_length"":252,""d_model"":32,""dropout"":0.1,""ffn_dim"":64,""learning_rate"":0.001,""max_epochs"":30,""min_delta"":0.0001,""num_attention_heads"":4,""num_hidden_layers"":2,""patch_length"":21,""patch_stride"":7,""patience"":5,""prediction_length"":20,""seed"":2026,""validation_points"":252,""weight_decay"":0.0001,""window_stride"":5}",252,21,7,20,5,1270,47,2019-05-15,2019-05-16,2020-05-14,2020-05-14,2019-05-15,99.03679656982422,57.11913299560547,10,5,True,0.1473111510276794,5.09717549989,0.001313199987635,19540,True,True,,,16.206451416015625,262.64906749967486,3.1452481387374096
SPY,PatchTST,2020-05-14,261.2831115722656,2020-05-21,5,270.3694152832031,280.4891662597656,9.0863037109375,19.2060546875,1.0,1.0,True,0.7928588842762783,12.763621846527974,5.113839099998586,6873,expanding,original,PatchTST-HF-supervised-v1,5.15.0,cpu,"{""batch_size"":64,""context_length"":252,""d_model"":32,""dropout"":0.1,""ffn_dim"":64,""learning_rate"":0.001,""max_epochs"":30,""min_delta"":0.0001,""num_attention_heads"":4,""num_hidden_layers"":2,""patch_length"":21,""patch_stride"":7,""patience"":5,""prediction_length"":20,""seed"":2026,""validation_points"":252,""weight_decay"":0.0001,""window_stride"":5}",252,21,7,20,5,1270,47,2019-05-15,2019-05-16,2020-05-14,2020-05-14,2019-05-15,99.03679656982422,57.11913299560547,10,5,True,0.1473111510276794,5.09717549989,0.001313199987635,19540,True,True,,,10.1197509765625,102.40935982763769,3.176735362980766
SPY,PatchTST,2020-05-14,261.2831115722656,2020-06-12,20,278.92388916015625,282.4232482910156,17.640777587890625,21.14013671875,1.0,1.0,True,0.7928588842762783,4.413596417039068,5.113839099998586,6873,expanding,original,PatchTST-HF-supervised-v1,5.15.0,cpu,"{""batch_size"":64,""context_length"":252,""d_model"":32,""dropout"":0.1,""ffn_dim"":64,""learning_rate"":0.001,""max_epochs"":30,""min_delta"":0.0001,""num_attention_heads"":4,""num_hidden_layers"":2,""patch_length"":21,""patch_stride"":7,""patience"":5,""prediction_length"":20,""seed"":2026,""validation_points"":252,""weight_decay"":0.0001,""window_stride"":5}",252,21,7,20,5,1270,47,2019-05-15,2019-05-16,2020-05-14,2020-05-14,2019-05-15,99.03679656982422,57.11913299560547,10,5,True,0.1473111510276794,5.09717549989,0.001313199987635,19540,True,True,,,3.499359130859375,12.24551432672888,3.210595856475981
SPY,PatchTST,2020-05-21,270.3694152832031,2020-05-22,1,270.8828430175781,281.57940673828125,0.513427734375,11.209991455078123,1.0,1.0,True,0.7949583090476665,13.455502759028018,6.064275600016117,6878,expanding,original,PatchTST-HF-supervised-v1,5.15.0,cpu,"{""batch_size"":64,""context_length"":252,""d_model"":32,""dropout"":0.1,""ffn_dim"":64,""learning_rate"":0.001,""max_epochs"":30,""min_delta"":0.0001,""num_attention_heads"":4,""num_hidden_layers"":2,""patch_length"":21,""patch_stride"":7,""patience"":5,""prediction_length"":20,""seed"":2026,""validation_points"":252,""weight_decay"":0.0001,""window_stride"":5}",252,21,7,20,5,1271,47,2019-05-22,2019-05-23,2020-05-21,2020-05-21,2019-05-22,99.15592956542967,57.26192474365234,12,7,True,0.1484942287206649,6.051305300090462,0.0011376999318599,19540,True,True,,,10.696563720703123,114.41647543106228,3.1857727100427895
SPY,PatchTST,2020-05-21,270.3694152832031,2020-05-29,5,279.02471923828125,283.04229736328125,8.655303955078125,12.672882080078123,1.0,1.0,True,0.7949583090476665,5.053822419710191,6.064275600016117,6878,expanding,original,PatchTST-HF-supervised-v1,5.15.0,cpu,"{""batch_size"":64,""context_length"":252,""d_model"":32,""dropout"":0.1,""ffn_dim"":64,""learning_rate"":0.001,""max_epochs"":30,""min_delta"":0.0001,""num_attention_heads"":4,""num_hidden_layers"":2,""patch_length"":21,""patch_stride"":7,""patience"":5,""prediction_length"":20,""seed"":2026,""validation_points"":252,""weight_decay"":0.0001,""window_stride"":5}",252,21,7,20,5,1271,47,2019-05-22,2019-05-23,2020-05-21,2020-05-21,2019-05-22,99.15592956542967,57.26192474365234,12,7,True,0.1484942287206649,6.051305300090462,0.0011376999318599,19540,True,True,,,4.017578125,16.140933990478516,3.211320063394061
SPY,PatchTST,2020-05-21,270.3694152832031,2020-06-19,20,284.2308654785156,282.9526672363281,13.8614501953125,12.583251953125,1.0,1.0,True,0.7949583090476665,1.6078808506558524,6.064275600016117,6878,expanding,original,PatchTST-HF-supervised-v1,5.15.0,cpu,"{""batch_size"":64,""context_length"":252,""d_model"":32,""dropout"":0.1,""ffn_dim"":64,""learning_rate"":0.001,""max_epochs"":30,""min_delta"":0.0001,""num_attention_heads"":4,""num_hidden_layers"":2,""patch_length"":21,""patch_stride"":7,""patience"":5,""prediction_length"":20,""seed"":2026,""validation_points"":252,""weight_decay"":0.0001,""window_stride"":5}",252,21,7,20,5,1271,47,2019-05-22,2019-05-23,2020-05-21,2020-05-21,2019-05-22,99.15592956542967,57.26192474365234,12,7,True,0.1484942287206649,6.051305300090462,0.0011376999318599,19540,True,True,,,1.2781982421875,1.633790746331215,3.209754797689941
SPY,PatchTST,2020-05-29,279.02471923828125,2020-06-01,1,280.1524963378906,281.7312316894531,1.127777099609375,2.706512451171875,1.0,1.0,True,0.795787627251472,1.9838651638945544,6.180989700020291,6883,expanding,original,PatchTST-HF-supervised-v1,5.15.0,cpu,"{""batch_size"":64,""context_length"":252,""d_model"":32,""dropout"":0.1,""ffn_dim"":64,""learning_rate"":0.001,""max_epochs"":30,""min_delta"":0.0001,""num_attention_heads"":4,""num_hidden_layers"":2,""patch_length"":21,""patch_stride"":7,""patience"":5,""prediction_length"":20,""seed"":2026,""validation_points"":252,""weight_decay"":0.0001,""window_stride"":5}",252,21,7,20,5,1272,47,2019-05-30,2019-05-31,2020-05-29,2020-05-29,2019-05-30,99.27118682861328,57.3939208984375,12,7,True,0.1523482948541641,6.1670556999742985,0.0011603999882936,19540,True,True,,,1.5787353515625,2.4924053102731705,3.1790831155047843
SPY,PatchTST,2020-05-29,279.02471923828125,2020-06-05,5,292.7962341308594,279.5099792480469,13.771514892578123,0.485260009765625,1.0,1.0,True,0.795787627251472,16.69572939793143,6.180989700020291,6883,expanding,original,PatchTST-HF-supervised-v1,5.15.0,cpu,"{""batch_size"":64,""context_length"":252,""d_model"":32,""dropout"":0.1,""ffn_dim"":64,""learning_rate"":0.001,""max_epochs"":30,""min_delta"":0.0001,""num_attention_heads"":4,""num_hidden_layers"":2,""patch_length"":21,""patch_stride"":7,""patience"":5,""prediction_length"":20,""seed"":2026,""validation_points"":252,""weight_decay"":0.0001,""window_stride"":5}",252,21,7,20,5,1272,47,2019-05-30,2019-05-31,2020-05-29,2020-05-29,2019-05-30,99.27118682861328,57.3939208984375,12,7,True,0.1523482948541641,6.1670556999742985,0.0011603999882936,19540,True,True,,,13.2862548828125,176.524568811059,3.1403812389534873
SPY,PatchTST,2020-05-29,279.02471923828125,2020-06-26,20,276.32037353515625,282.674072265625,-2.704345703125,3.64935302734375,-1.0,1.0,False,0.795787627251472,7.98416375536454,6.180989700020291,6883,expanding,original,PatchTST-HF-supervised-v1,5.15.0,cpu,"{""batch_size"":64,""context_length"":252,""d_model"":32,""dropout"":0.1,""ffn_dim"":64,""learning_rate"":0.001,""max_epochs"":30,""min_delta"":0.0001,""num_attention_heads"":4,""num_hidden_layers"":2,""patch_length"":21,""patch_stride"":7,""patience"":5,""prediction_length"":20,""seed"":2026,""validation_points"":252,""weight_decay"":0.0001,""window_stride"":5}",252,21,7,20,5,1272,47,2019-05-30,2019-05-31,2020-05-29,2020-05-29,2019-05-30,99.27118682861328,57.3939208984375,12,7,True,0.1523482948541641,6.1670556999742985,0.0011603999882936,19540,True,True,,,6.35369873046875,40.369487557560205,3.1955106493169505
SPY,PatchTST,2020-06-05,292.7962341308594,2020-06-08,1,296.33544921875,280.60711669921875,3.539215087890625,-12.189117431640623,1.0,-1.0,False,0.7974278536004913,19.72383137673931,6.136390800005756,6888,expanding,original,PatchTST-HF-supervised-v1,5.15.0,cpu,"{""batch_size"":64,""context_length"":252,""d_model"":32,""dropout"":0.1,""ffn_dim"":64,""learning_rate"":0.001,""max_epochs"":30,""min_delta"":0.0001,""num_attention_heads"":4,""num_hidden_layers"":2,""patch_length"":21,""patch_stride"":7,""patience"":5,""prediction_length"":20,""seed"":2026,""validation_points"":252,""weight_decay"":0.0001,""window_stride"":5}",252,21,7,20,5,1273,47,2019-06-06,2019-06-07,2020-06-05,2020-06-05,2019-06-06,99.3856964111328,57.52373504638672,12,7,True,0.1515273004770279,6.12235670001246,0.001320399926044,19540,True,True,,,15.72833251953125,247.38044384494424,3.1503764514239263
SPY,PatchTST,2020-06-05,292.7962341308594,2020-06-12,5,278.92388916015625,281.0543212890625,-13.872344970703123,-11.741912841796877,-1.0,-1.0,True,0.7974278536004913,2.671629940297507,6.136390800005756,6888,expanding,original,PatchTST-HF-supervised-v1,5.15.0,cpu,"{""batch_size"":64,""context_length"":252,""d_model"":32,""dropout"":0.1,""ffn_dim"":64,""learning_rate"":0.001,""max_epochs"":30,""min_delta"":0.0001,""num_attention_heads"":4,""num_hidden_layers"":2,""patch_length"":21,""patch_stride"":7,""patience"":5,""prediction_length"":20,""seed"":2026,""validation_points"":252,""weight_decay"":0.0001,""window_stride"":5}",252,21,7,20,5,1273,47,2019-06-06,2019-06-07,2020-06-05,2020-06-05,2019-06-06,99.3856964111328,57.52373504638672,12,7,True,0.1515273004770279,6.12235670001246,0.001320399926044,19540,True,True,,,2.13043212890625,4.538741055876017,3.158150713465206
SPY,PatchTST,2020-06-05,292.7962341308594,2020-07-06,20,291.9757995605469,281.99139404296875,-0.8204345703125,-10.804840087890623,-1.0,-1.0,True,0.7974278536004913,12.520763442733063,6.136390800005756,6888,expanding,original,PatchTST-HF-supervised-v1,5.15.0,cpu,"{""batch_size"":64,""context_length"":252,""d_model"":32,""dropout"":0.1,""ffn_dim"":64,""learning_rate"":0.001,""max_epochs"":30,""min_delta"":0.0001,""num_attention_heads"":4,""num_hidden_layers"":2,""patch_length"":21,""patch_stride"":7,""patience"":5,""prediction_length"":20,""seed"":2026,""validation_points"":252,""weight_decay"":0.0001,""window_stride"":5}",252,21,7,20,5,1273,47,2019-06-06,2019-06-07,2020-06-05,2020-06-05,2019-06-06,99.3856964111328,57.52373504638672,12,7,True,0.1515273004770279,6.12235670001246,0.001320399926044,19540,True,True,,,9.984405517578123,99.6883535394445,3.174440906602884
SPY,PatchTST,2020-06-12,278.92388916015625,2020-06-15,1,281.5278625488281,281.5232849121094,2.603973388671875,2.599395751953125,1.0,1.0,True,0.8008470729002067,0.0057159935693745,6.221569099929184,6893,expanding,original,PatchTST-HF-supervised-v1,5.15.0,cpu,"{""batch_size"":64,""context_length"":252,""d_model"":32,""dropout"":0.1,""ffn_dim"":64,""learning_rate"":0.001,""max_epochs"":30,""min_delta"":0.0001,""num_attention_heads"":4,""num_hidden_layers"":2,""patch_length"":21,""patch_stride"":7,""patience"":5,""prediction_length"":20,""seed"":2026,""validation_points"":252,""weight_decay"":0.0001,""window_stride"":5}",252,21,7,20,5,1274,47,2019-06-13,2019-06-14,2020-06-12,2020-06-12,2019-06-13,99.50617218017578,57.66933822631836,12,7,True,0.149762362241745,6.208942799945362,0.0011547999456524,19540,True,True,,,0.00457763671875,2.0954757928848267e-05,3.156219896570047
SPY,PatchTST,2020-06-12,278.92388916015625,2020-06-19,5,284.2308654785156,279.65576171875,5.306976318359375,0.73187255859375,1.0,1.0,True,0.8008470729002067,5.71283071959948,6.221569099929184,6893,expanding,original,PatchTST-HF-supervised-v1,5.15.0,cpu,"{""batch_size"":64,""context_length"":252,""d_model"":32,""dropout"":0.1,""ffn_dim"":64,""learning_rate"":0.001,""max_epochs"":30,""min_delta"":0.0001,""num_attention_heads"":4,""num_hidden_layers"":2,""patch_length"":21,""patch_stride"":7,""patience"":5,""prediction_length"":20,""seed"":2026,""validation_points"":252,""weight_decay"":0.0001,""window_stride"":5}",252,21,7,20,5,1274,47,2019-06-13,2019-06-14,2020-06-12,2020-06-12,2019-06-13,99.50617218017578,57.66933822631836,12,7,True,0.149762362241745,6.208942799945362,0.0011547999456524,19540,True,True,,,4.575103759765625,20.93157441262156,3.123836601550596
SPY,PatchTST,2020-06-12,278.92388916015625,2020-07-13,20,289.9406433105469,282.70330810546875,11.016754150390623,3.7794189453125,1.0,1.0,True,0.8008470729002067,9.037100153052526,6.221569099929184,6893,expanding,original,PatchTST-HF-supervised-v1,5.15.0,cpu,"{""batch_size"":64,""context_length"":252,""d_model"":32,""dropout"":0.1,""ffn_dim"":64,""learning_rate"":0.001,""max_epochs"":30,""min_delta"":0.0001,""num_attention_heads"":4,""num_hidden_layers"":2,""patch_length"":21,""patch_stride"":7,""patience"":5,""prediction_length"":20,""seed"":2026,""validation_points"":252,""weight_decay"":0.0001,""window_stride"":5}",252,21,7,20,5,1274,47,2019-06-13,2019-06-14,2020-06-12,2020-06-12,2019-06-13,99.50617218017578,57.66933822631836,12,7,True,0.149762362241745,6.208942799945362,0.0011547999456524,19540,True,True,,,7.237335205078125,52.379020870663226,3.1766817785623194
SPY,PatchTST,2020-06-19,284.2308654785156,2020-06-22,1,286.0543518066406,281.332763671875,1.823486328125,-2.898101806640625,1.0,-1.0,False,0.8018553795910617,5.888328812077794,6.158741899998859,6898,expanding,original,PatchTST-HF-supervised-v1,5.15.0,cpu,"{""batch_size"":64,""context_length"":252,""d_model"":32,""dropout"":0.1,""ffn_dim"":64,""learning_rate"":0.001,""max_epochs"":30,""min_delta"":0.0001,""num_attention_heads"":4,""num_hidden_layers"":2,""patch_length"":21,""patch_stride"":7,""patience"":5,""prediction_length"":20,""seed"":2026,""validation_points"":252,""weight_decay"":0.0001,""window_stride"":5}",252,21,7,20,5,1275,47,2019-06-20,2019-06-21,2020-06-19,2020-06-19,2019-06-20,99.62869262695312,57.82033920288086,12,7,True,0.1503247320652008,6.14497919997666,0.0012390000047162,19540,True,True,,,4.721588134765625,22.29339451435953,3.1425632147773457
SPY,PatchTST,2020-06-19,284.2308654785156,2020-06-26,5,276.32037353515625,283.6654357910156,-7.910491943359375,-0.5654296875,-1.0,-1.0,True,0.8018553795910617,9.160083529782248,6.158741899998859,6898,expanding,original,PatchTST-HF-supervised-v1,5.15.0,cpu,"{""batch_size"":64,""context_length"":252,""d_model"":32,""dropout"":0.1,""ffn_dim"":64,""learning_rate"":0.001,""max_epochs"":30,""min_delta"":0.0001,""num_attention_heads"":4,""num_hidden_layers"":2,""patch_length"":21,""patch_stride"":7,""patience"":5,""prediction_length"":20,""seed"":2026,""validation_points"":252,""weight_decay"":0.0001,""window_stride"":5}",252,21,7,20,5,1275,47,2019-06-20,2019-06-21,2020-06-19,2020-06-19,2019-06-20,99.62869262695312,57.82033920288086,12,7,True,0.1503247320652008,6.14497919997666,0.0012390000047162,19540,True,True,,,7.345062255859375,53.94993954245001,3.1829066674671633
SPY,PatchTST,2020-06-19,284.2308654785156,2020-07-20,20,298.6708374023437,283.1102294921875,14.439971923828068,-1.120635986328125,1.0,-1.0,False,0.8018553795910617,19.405753588748077,6.158741899998859,6898,expanding,original,PatchTST-HF-supervised-v1,5.15.0,cpu,"{""batch_size"":64,""context_length"":252,""d_model"":32,""dropout"":0.1,""ffn_dim"":64,""learning_rate"":0.001,""max_epochs"":30,""min_delta"":0.0001,""num_attention_heads"":4,""num_hidden_layers"":2,""patch_length"":21,""patch_stride"":7,""patience"":5,""prediction_length"":20,""seed"":2026,""validation_points"":252,""weight_decay"":0.0001,""window_stride"":5}",252,21,7,20,5,1275,47,2019-06-20,2019-06-21,2020-06-19,2020-06-19,2019-06-20,99.62869262695312,57.82033920288086,12,7,True,0.1503247320652008,6.14497919997666,0.0012390000047162,19540,True,True,,,15.560607910156191,242.1325185336155,3.1733044010937337
SPY,PatchTST,2020-06-26,276.32037353515625,2020-06-29,1,280.38153076171875,280.6202392578125,4.0611572265625,4.29986572265625,1.0,1.0,True,0.8042005419005731,0.2968270769000086,8.918890500091948,6903,expanding,original,PatchTST-HF-supervised-v1,5.15.0,cpu,"{""batch_size"":64,""context_length"":252,""d_model"":32,""dropout"":0.1,""ffn_dim"":64,""learning_rate"":0.001,""max_epochs"":30,""min_delta"":0.0001,""num_attention_heads"":4,""num_hidden_layers"":2,""patch_length"":21,""patch_stride"":7,""patience"":5,""prediction_length"":20,""seed"":2026,""validation_points"":252,""weight_decay"":0.0001,""window_stride"":5}",252,21,7,20,5,1276,47,2019-06-27,2019-06-28,2020-06-26,2020-06-26,2019-06-27,99.75203704833984,57.97330856323242,17,12,True,0.1497651189565658,8.904671599972062,0.0011852999450638,19540,True,True,,,0.23870849609375,0.0569817461073398,3.1198530270563527
SPY,PatchTST,2020-06-26,276.32037353515625,2020-07-06,5,291.9757995605469,281.95751953125,15.655426025390623,5.63714599609375,1.0,1.0,True,0.8042005419005731,12.45744003805394,8.918890500091948,6903,expanding,original,PatchTST-HF-supervised-v1,5.15.0,cpu,"{""batch_size"":64,""context_length"":252,""d_model"":32,""dropout"":0.1,""ffn_dim"":64,""learning_rate"":0.001,""max_epochs"":30,""min_delta"":0.0001,""num_attention_heads"":4,""num_hidden_layers"":2,""patch_length"":21,""patch_stride"":7,""patience"":5,""prediction_length"":20,""seed"":2026,""validation_points"":252,""weight_decay"":0.0001,""window_stride"":5}",252,21,7,20,5,1276,47,2019-06-27,2019-06-28,2020-06-26,2020-06-26,2019-06-27,99.75203704833984,57.97330856323242,17,12,True,0.1497651189565658,8.904671599972062,0.0011852999450638,19540,True,True,,,10.018280029296877,100.3659347454086,3.1429201989425133
SPY,PatchTST,2020-06-26,276.32037353515625,2020-07-27,20,297.657958984375,284.6458740234375,21.33758544921875,8.32550048828125,1.0,1.0,True,0.8042005419005731,16.180149456485,8.918890500091948,6903,expanding,original,PatchTST-HF-supervised-v1,5.15.0,cpu,"{""batch_size"":64,""context_length"":252,""d_model"":32,""dropout"":0.1,""ffn_dim"":64,""learning_rate"":0.001,""max_epochs"":30,""min_delta"":0.0001,""num_attention_heads"":4,""num_hidden_layers"":2,""patch_length"":21,""patch_stride"":7,""patience"":5,""prediction_length"":20,""seed"":2026,""validation_points"":252,""weight_decay"":0.0001,""window_stride"":5}",252,21,7,20,5,1276,47,2019-06-27,2019-06-28,2020-06-26,2020-06-26,2019-06-27,99.75203704833984,57.97330856323242,17,12,True,0.1497651189565658,8.904671599972062,0.0011852999450638,19540,True,True,,,13.0120849609375,169.31435503065586,3.1892924788556956
SPY,PatchTST,2020-07-06,291.9757995605469,2020-07-07,1,288.9645080566406,283.47119140625,-3.01129150390625,-8.504608154296875,-1.0,-1.0,True,0.8058849813556024,6.816502078435757,6.860458299983293,6908,expanding,original,PatchTST-HF-supervised-v1,5.15.0,cpu,"{""batch_size"":64,""context_length"":252,""d_model"":32,""dropout"":0.1,""ffn_dim"":64,""learning_rate"":0.001,""max_epochs"":30,""min_delta"":0.0001,""num_attention_heads"":4,""num_hidden_layers"":2,""patch_length"":21,""patch_stride"":7,""patience"":5,""prediction_length"":20,""seed"":2026,""validation_points"":252,""weight_decay"":0.0001,""window_stride"":5}",252,21,7,20,5,1277,47,2019-07-05,2019-07-08,2020-07-06,2020-07-06,2019-07-05,99.87818908691406,58.13390350341797,13,8,True,0.1477972418069839,6.84360210003797,0.0010959000792354,19540,True,True,,,5.493316650390625,30.17652782145888,3.1581055331772383
SPY,PatchTST,2020-07-06,291.9757995605469,2020-07-13,5,289.9406433105469,285.464599609375,-2.03515625,-6.511199951171875,-1.0,-1.0,True,0.8058849813556024,5.554196696459826,6.860458299983293,6908,expanding,original,PatchTST-HF-supervised-v1,5.15.0,cpu,"{""batch_size"":64,""context_length"":252,""d_model"":32,""dropout"":0.1,""ffn_dim"":64,""learning_rate"":0.001,""max_epochs"":30,""min_delta"":0.0001,""num_attention_heads"":4,""num_hidden_layers"":2,""patch_length"":21,""patch_stride"":7,""patience"":5,""prediction_length"":20,""seed"":2026,""validation_points"":252,""weight_decay"":0.0001,""window_stride"":5}",252,21,7,20,5,1277,47,2019-07-05,2019-07-08,2020-07-06,2020-07-06,2019-07-05,99.87818908691406,58.13390350341797,13,8,True,0.1477972418069839,6.84360210003797,0.0010959000792354,19540,True,True,,,4.476043701171875,20.034967214800417,3.1923954755859363
SPY,PatchTST,2020-07-06,291.9757995605469,2020-08-03,20,302.787353515625,285.15838623046875,10.811553955078123,-6.817413330078125,1.0,-1.0,False,0.8058849813556024,21.875289517744896,6.860458299983293,6908,expanding,original,PatchTST-HF-supervised-v1,5.15.0,cpu,"{""batch_size"":64,""context_length"":252,""d_model"":32,""dropout"":0.1,""ffn_dim"":64,""learning_rate"":0.001,""max_epochs"":30,""min_delta"":0.0001,""num_attention_heads"":4,""num_hidden_layers"":2,""patch_length"":21,""patch_stride"":7,""patience"":5,""prediction_length"":20,""seed"":2026,""validation_points"":252,""weight_decay"":0.0001,""window_stride"":5}",252,21,7,20,5,1277,47,2019-07-05,2019-07-08,2020-07-06,2020-07-06,2019-07-05,99.87818908691406,58.13390350341797,13,8,True,0.1477972418069839,6.84360210003797,0.0010959000792354,19540,True,True,,,17.62896728515625,310.7804875411093,3.1871280952716545
SPY,PatchTST,2020-07-13,289.9406433105469,2020-07-14,1,293.6979675292969,285.5829162597656,3.75732421875,-4.35772705078125,1.0,-1.0,False,0.8070913255214693,10.054687757036714,7.745385800022632,6913,expanding,original,PatchTST-HF-supervised-v1,5.15.0,cpu,"{""batch_size"":64,""context_length"":252,""d_model"":32,""dropout"":0.1,""ffn_dim"":64,""learning_rate"":0.001,""max_epochs"":30,""min_delta"":0.0001,""num_attention_heads"":4,""num_hidden_layers"":2,""patch_length"":21,""patch_stride"":7,""patience"":5,""prediction_length"":20,""seed"":2026,""validation_points"":252,""weight_decay"":0.0001,""window_stride"":5}",252,21,7,20,5,1278,47,2019-07-12,2019-07-15,2020-07-13,2020-07-13,2019-07-12,100.00553894042967,58.29753112792969,15,10,True,0.1478056609630584,7.730972700053826,0.0017925000283867,19540,True,True,,,8.11505126953125,65.85405710712075,3.1832802132237794
SPY,PatchTST,2020-07-13,289.9406433105469,2020-07-20,5,298.6708374023437,285.7032775878906,8.730194091796818,-4.23736572265625,1.0,-1.0,False,0.8070913255214693,16.067029101167215,7.745385800022632,6913,expanding,original,PatchTST-HF-supervised-v1,5.15.0,cpu,"{""batch_size"":64,""context_length"":252,""d_model"":32,""dropout"":0.1,""ffn_dim"":64,""learning_rate"":0.001,""max_epochs"":30,""min_delta"":0.0001,""num_attention_heads"":4,""num_hidden_layers"":2,""patch_length"":21,""patch_stride"":7,""patience"":5,""prediction_length"":20,""seed"":2026,""validation_points"":252,""weight_decay"":0.0001,""window_stride"":5}",252,21,7,20,5,1278,47,2019-07-12,2019-07-15,2020-07-13,2020-07-13,2019-07-12,100.00553894042967,58.29753112792969,15,10,True,0.1478056609630584,7.730972700053826,0.0017925000283867,19540,True,True,,,12.967559814453068,168.1576075414181,3.1853448174325045
SPY,PatchTST,2020-07-13,289.9406433105469,2020-08-10,20,309.0311584472656,286.99542236328125,19.09051513671875,-2.945220947265625,1.0,-1.0,False,0.8070913255214693,27.30265508645738,7.745385800022632,6913,expanding,original,PatchTST-HF-supervised-v1,5.15.0,cpu,"{""batch_size"":64,""context_length"":252,""d_model"":32,""dropout"":0.1,""ffn_dim"":64,""learning_rate"":0.001,""max_epochs"":30,""min_delta"":0.0001,""num_attention_heads"":4,""num_hidden_layers"":2,""patch_length"":21,""patch_stride"":7,""patience"":5,""prediction_length"":20,""seed"":2026,""validation_points"":252,""weight_decay"":0.0001,""window_stride"":5}",252,21,7,20,5,1278,47,2019-07-12,2019-07-15,2020-07-13,2020-07-13,2019-07-12,100.00553894042967,58.29753112792969,15,10,True,0.1478056609630584,7.730972700053826,0.0017925000283867,19540,True,True,,,22.03573608398437,485.57366476301104,3.207509474329468
SPY,PatchTST,2020-07-20,298.6708374023437,2020-07-21,1,299.3064270019531,282.4585266113281,0.6355895996094318,-16.212310791015568,1.0,-1.0,False,0.8080523188823874,20.85001180855125,6.172481499961577,6918,expanding,original,PatchTST-HF-supervised-v1,5.15.0,cpu,"{""batch_size"":64,""context_length"":252,""d_model"":32,""dropout"":0.1,""ffn_dim"":64,""learning_rate"":0.001,""max_epochs"":30,""min_delta"":0.0001,""num_attention_heads"":4,""num_hidden_layers"":2,""patch_length"":21,""patch_stride"":7,""patience"":5,""prediction_length"":20,""seed"":2026,""validation_points"":252,""weight_decay"":0.0001,""window_stride"":5}",252,21,7,20,5,1279,47,2019-07-19,2019-07-22,2020-07-20,2020-07-20,2019-07-19,100.1329345703125,58.46084976196289,12,7,True,0.1459793001413345,6.15644140006043,0.0013268999755382,19540,True,True,,,16.847900390625,283.851747572422,3.118763972528576
SPY,PatchTST,2020-07-20,298.6708374023437,2020-07-27,5,297.657958984375,278.9244384765625,-1.0128784179686932,-19.746398925781197,-1.0,-1.0,True,0.8080523188823874,23.18354897331738,6.172481499961577,6918,expanding,original,PatchTST-HF-supervised-v1,5.15.0,cpu,"{""batch_size"":64,""context_length"":252,""d_model"":32,""dropout"":0.1,""ffn_dim"":64,""learning_rate"":0.001,""max_epochs"":30,""min_delta"":0.0001,""num_attention_heads"":4,""num_hidden_layers"":2,""patch_length"":21,""patch_stride"":7,""patience"":5,""prediction_length"":20,""seed"":2026,""validation_points"":252,""weight_decay"":0.0001,""window_stride"":5}",252,21,7,20,5,1279,47,2019-07-19,2019-07-22,2020-07-20,2020-07-20,2019-07-19,100.1329345703125,58.46084976196289,12,7,True,0.1459793001413345,6.15644140006043,0.0013268999755382,19540,True,True,,,18.7335205078125,350.9447906166315,3.058311752809644
SPY,PatchTST,2020-07-20,298.6708374023437,2020-08-17,20,311.18609619140625,284.86962890625,12.515258789062557,-13.801208496093691,1.0,-1.0,False,0.8080523188823874,32.56777645481472,6.172481499961577,6918,expanding,original,PatchTST-HF-supervised-v1,5.15.0,cpu,"{""batch_size"":64,""context_length"":252,""d_model"":32,""dropout"":0.1,""ffn_dim"":64,""learning_rate"":0.001,""max_epochs"":30,""min_delta"":0.0001,""num_attention_heads"":4,""num_hidden_layers"":2,""patch_length"":21,""patch_stride"":7,""patience"":5,""prediction_length"":20,""seed"":2026,""validation_points"":252,""weight_decay"":0.0001,""window_stride"":5}",252,21,7,20,5,1279,47,2019-07-19,2019-07-22,2020-07-20,2020-07-20,2019-07-19,100.1329345703125,58.46084976196289,12,7,True,0.1459793001413345,6.15644140006043,0.0013268999755382,19540,True,True,,,26.31646728515625,692.5564503706992,3.160006997642635
SPY,PatchTST,2020-07-27,297.657958984375,2020-07-28,1,295.7700500488281,285.1280517578125,-1.887908935546875,-12.5299072265625,-1.0,-1.0,True,0.8089135067203219,13.15591617967018,7.73376279999502,6923,expanding,original,PatchTST-HF-supervised-v1,5.15.0,cpu,"{""batch_size"":64,""context_length"":252,""d_model"":32,""dropout"":0.1,""ffn_dim"":64,""learning_rate"":0.001,""max_epochs"":30,""min_delta"":0.0001,""num_attention_heads"":4,""num_hidden_layers"":2,""patch_length"":21,""patch_stride"":7,""patience"":5,""prediction_length"":20,""seed"":2026,""validation_points"":252,""weight_decay"":0.0001,""window_stride"":5}",252,21,7,20,5,1280,47,2019-07-26,2019-07-29,2020-07-27,2020-07-27,2019-07-26,100.26107025146484,58.6259880065918,15,10,True,0.145402193069458,7.719558599987067,0.0012515999842435,19540,True,True,,,10.641998291015623,113.25212762597948,3.1533282046446973
SPY,PatchTST,2020-07-27,297.657958984375,2020-08-03,5,302.787353515625,286.5098876953125,5.12939453125,-11.1480712890625,1.0,-1.0,False,0.8089135067203219,20.122628297193657,7.73376279999502,6923,expanding,original,PatchTST-HF-supervised-v1,5.15.0,cpu,"{""batch_size"":64,""context_length"":252,""d_model"":32,""dropout"":0.1,""ffn_dim"":64,""learning_rate"":0.001,""max_epochs"":30,""min_delta"":0.0001,""num_attention_heads"":4,""num_hidden_layers"":2,""patch_length"":21,""patch_stride"":7,""patience"":5,""prediction_length"":20,""seed"":2026,""validation_points"":252,""weight_decay"":0.0001,""window_stride"":5}",252,21,7,20,5,1280,47,2019-07-26,2019-07-29,2020-07-27,2020-07-27,2019-07-26,100.26107025146484,58.6259880065918,15,10,True,0.145402193069458,7.719558599987067,0.0012515999842435,19540,True,True,,,16.2774658203125,264.9558935314417,3.1768985696736776
SPY,PatchTST,2020-07-27,297.657958984375,2020-08-24,20,315.7999267578125,286.7132263183594,18.1419677734375,-10.944732666015623,1.0,-1.0,False,0.8089135067203219,35.957738618289284,7.73376279999502,6923,expanding,original,PatchTST-HF-supervised-v1,5.15.0,cpu,"{""batch_size"":64,""context_length"":252,""d_model"":32,""dropout"":0.1,""ffn_dim"":64,""learning_rate"":0.001,""max_epochs"":30,""min_delta"":0.0001,""num_attention_heads"":4,""num_hidden_layers"":2,""patch_length"":21,""patch_stride"":7,""patience"":5,""prediction_length"":20,""seed"":2026,""validation_points"":252,""weight_decay"":0.0001,""window_stride"":5}",252,21,7,20,5,1280,47,2019-07-26,2019-07-29,2020-07-27,2020-07-27,2019-07-26,100.26107025146484,58.6259880065918,15,10,True,0.145402193069458,7.719558599987067,0.0012515999842435,19540,True,True,,,29.086700439453125,846.0361424544826,3.180366973873945
SPY,PatchTST,2020-08-03,302.787353515625,2020-08-04,1,303.9569396972656,286.0903015136719,1.169586181640625,-16.697052001953125,1.0,-1.0,False,0.8099236293532246,22.059657893746596,5.626698800013401,6928,expanding,original,PatchTST-HF-supervised-v1,5.15.0,cpu,"{""batch_size"":64,""context_length"":252,""d_model"":32,""dropout"":0.1,""ffn_dim"":64,""learning_rate"":0.001,""max_epochs"":30,""min_delta"":0.0001,""num_attention_heads"":4,""num_hidden_layers"":2,""patch_length"":21,""patch_stride"":7,""patience"":5,""prediction_length"":20,""seed"":2026,""validation_points"":252,""weight_decay"":0.0001,""window_stride"":5}",252,21,7,20,5,1281,47,2019-08-02,2019-08-05,2020-08-03,2020-08-03,2019-08-02,100.3871078491211,58.78460693359375,11,6,True,0.1453212648630142,5.611613300046884,0.0012638999614864,19540,True,True,,,17.86663818359375,319.2167599834502,3.159044575637481
SPY,PatchTST,2020-08-03,302.787353515625,2020-08-10,5,309.0311584472656,285.3777770996094,6.243804931640625,-17.409576416015625,1.0,-1.0,False,0.8099236293532246,29.20445890255724,5.626698800013401,6928,expanding,original,PatchTST-HF-supervised-v1,5.15.0,cpu,"{""batch_size"":64,""context_length"":252,""d_model"":32,""dropout"":0.1,""ffn_dim"":64,""learning_rate"":0.001,""max_epochs"":30,""min_delta"":0.0001,""num_attention_heads"":4,""num_hidden_layers"":2,""patch_length"":21,""patch_stride"":7,""patience"":5,""prediction_length"":20,""seed"":2026,""validation_points"":252,""weight_decay"":0.0001,""window_stride"":5}",252,21,7,20,5,1281,47,2019-08-02,2019-08-05,2020-08-03,2020-08-03,2019-08-02,100.3871078491211,58.78460693359375,11,6,True,0.1453212648630142,5.611613300046884,0.0012638999614864,19540,True,True,,,23.65338134765625,559.4824491776526,3.1469236403921808
SPY,PatchTST,2020-08-03,302.787353515625,2020-08-31,20,321.6845397949219,285.59454345703125,18.897186279296875,-17.19281005859375,1.0,-1.0,False,0.8099236293532246,44.5597523395024,5.626698800013401,6928,expanding,original,PatchTST-HF-supervised-v1,5.15.0,cpu,"{""batch_size"":64,""context_length"":252,""d_model"":32,""dropout"":0.1,""ffn_dim"":64,""learning_rate"":0.001,""max_epochs"":30,""min_delta"":0.0001,""num_attention_heads"":4,""num_hidden_layers"":2,""patch_length"":21,""patch_stride"":7,""patience"":5,""prediction_length"":20,""seed"":2026,""validation_points"":252,""weight_decay"":0.0001,""window_stride"":5}",252,21,7,20,5,1281,47,2019-08-02,2019-08-05,2020-08-03,2020-08-03,2019-08-02,100.3871078491211,58.78460693359375,11,6,True,0.1453212648630142,5.611613300046884,0.0012638999614864,19540,True,True,,,36.08999633789063,1302.4878356689587,3.1506111084000343
SPY,PatchTST,2020-08-10,309.0311584472656,2020-08-11,1,306.480224609375,285.3572998046875,-2.550933837890625,-23.673858642578125,-1.0,-1.0,True,0.8102401594722198,26.06995538020073,7.882621699944138,6933,expanding,original,PatchTST-HF-supervised-v1,5.15.0,cpu,"{""batch_size"":64,""context_length"":252,""d_model"":32,""dropout"":0.1,""ffn_dim"":64,""learning_rate"":0.001,""max_epochs"":30,""min_delta"":0.0001,""num_attention_heads"":4,""num_hidden_layers"":2,""patch_length"":21,""patch_stride"":7,""patience"":5,""prediction_length"":20,""seed"":2026,""validation_points"":252,""weight_decay"":0.0001,""window_stride"":5}",252,21,7,20,5,1282,47,2019-08-09,2019-08-12,2020-08-10,2020-08-10,2019-08-09,100.50723266601562,58.926387786865234,15,10,True,0.1465258598327636,7.868762800004333,0.0016238999087363,19540,True,True,,,21.1229248046875,446.17795230448246,3.1369658667568148
SPY,PatchTST,2020-08-10,309.0311584472656,2020-08-17,5,311.18609619140625,286.1899108886719,2.154937744140625,-22.84124755859375,1.0,-1.0,False,0.8102401594722198,30.850341112462967,7.882621699944138,6933,expanding,original,PatchTST-HF-supervised-v1,5.15.0,cpu,"{""batch_size"":64,""context_length"":252,""d_model"":32,""dropout"":0.1,""ffn_dim"":64,""learning_rate"":0.001,""max_epochs"":30,""min_delta"":0.0001,""num_attention_heads"":4,""num_hidden_layers"":2,""patch_length"":21,""patch_stride"":7,""patience"":5,""prediction_length"":20,""seed"":2026,""validation_points"":252,""weight_decay"":0.0001,""window_stride"":5}",252,21,7,20,5,1282,47,2019-08-09,2019-08-12,2020-08-10,2020-08-10,2019-08-09,100.50723266601562,58.926387786865234,15,10,True,0.1465258598327636,7.868762800004333,0.0016238999087363,19540,True,True,,,24.99618530273437,624.809279688634,3.151095548131412
SPY,PatchTST,2020-08-10,309.0311584472656,2020-09-08,20,306.8577575683594,289.2080078125,-2.17340087890625,-19.823150634765625,-1.0,-1.0,True,0.8102401594722198,21.783355897041933,7.882621699944138,6933,expanding,original,PatchTST-HF-supervised-v1,5.15.0,cpu,"{""batch_size"":64,""context_length"":252,""d_model"":32,""dropout"":0.1,""ffn_dim"":64,""learning_rate"":0.001,""max_epochs"":30,""min_delta"":0.0001,""num_attention_heads"":4,""num_hidden_layers"":2,""patch_length"":21,""patch_stride"":7,""patience"":5,""prediction_length"":20,""seed"":2026,""validation_points"":252,""weight_decay"":0.0001,""window_stride"":5}",252,21,7,20,5,1282,47,2019-08-09,2019-08-12,2020-08-10,2020-08-10,2019-08-09,100.50723266601562,58.926387786865234,15,10,True,0.1465258598327636,7.868762800004333,0.0016238999087363,19540,True,True,,,17.649749755859375,311.51366644445807,3.2023136362780074
SPY,PatchTST,2020-08-17,311.18609619140625,2020-08-18,1,311.8584289550781,289.0863647460937,0.672332763671875,-22.0997314453125,1.0,-1.0,False,0.8108642421951725,28.083695178536694,8.379718499956653,6938,expanding,original,PatchTST-HF-supervised-v1,5.15.0,cpu,"{""batch_size"":64,""context_length"":252,""d_model"":32,""dropout"":0.1,""ffn_dim"":64,""learning_rate"":0.001,""max_epochs"":30,""min_delta"":0.0001,""num_attention_heads"":4,""num_hidden_layers"":2,""patch_length"":21,""patch_stride"":7,""patience"":5,""prediction_length"":20,""seed"":2026,""validation_points"":252,""weight_decay"":0.0001,""window_stride"":5}",252,21,7,20,5,1283,47,2019-08-16,2019-08-19,2020-08-17,2020-08-17,2019-08-16,100.62625885009766,59.06488037109375,16,11,True,0.1463652104139328,8.366146399988793,0.001542399986647,19540,True,True,,,22.77206420898437,518.5669083381072,3.1907303411424173
SPY,PatchTST,2020-08-17,311.18609619140625,2020-08-24,5,315.7999267578125,289.0294494628906,4.61383056640625,-22.156646728515625,1.0,-1.0,False,0.8108642421951725,33.01474636796021,8.379718499956653,6938,expanding,original,PatchTST-HF-supervised-v1,5.15.0,cpu,"{""batch_size"":64,""context_length"":252,""d_model"":32,""dropout"":0.1,""ffn_dim"":64,""learning_rate"":0.001,""max_epochs"":30,""min_delta"":0.0001,""num_attention_heads"":4,""num_hidden_layers"":2,""patch_length"":21,""patch_stride"":7,""patience"":5,""prediction_length"":20,""seed"":2026,""validation_points"":252,""weight_decay"":0.0001,""window_stride"":5}",252,21,7,20,5,1283,47,2019-08-16,2019-08-19,2020-08-17,2020-08-17,2019-08-16,100.62625885009766,59.06488037109375,16,11,True,0.1463652104139328,8.366146399988793,0.001542399986647,19540,True,True,,,26.770477294921875,716.6584545979276,3.1897667349716188
SPY,PatchTST,2020-08-17,311.18609619140625,2020-09-15,20,313.2674560546875,288.4530944824219,2.08135986328125,-22.73300170898437,1.0,-1.0,False,0.8108642421951725,30.602362616321766,8.379718499956653,6938,expanding,original,PatchTST-HF-supervised-v1,5.15.0,cpu,"{""batch_size"":64,""context_length"":252,""d_model"":32,""dropout"":0.1,""ffn_dim"":64,""learning_rate"":0.001,""max_epochs"":30,""min_delta"":0.0001,""num_attention_heads"":4,""num_hidden_layers"":2,""patch_length"":21,""patch_stride"":7,""patience"":5,""prediction_length"":20,""seed"":2026,""validation_points"":252,""weight_decay"":0.0001,""window_stride"":5}",252,21,7,20,5,1283,47,2019-08-16,2019-08-19,2020-08-17,2020-08-17,2019-08-16,100.62625885009766,59.06488037109375,16,11,True,0.1463652104139328,8.366146399988793,0.001542399986647,19540,True,True,,,24.814361572265625,615.7525402391329,3.180008737040401
SPY,PatchTST,2020-08-24,315.7999267578125,2020-08-25,1,316.9049377441406,285.1627502441406,1.105010986328125,-30.637176513671875,1.0,-1.0,False,0.8113189549996992,39.12417835721806,4.6537174000404775,6943,expanding,original,PatchTST-HF-supervised-v1,5.15.0,cpu,"{""batch_size"":64,""context_length"":252,""d_model"":32,""dropout"":0.1,""ffn_dim"":64,""learning_rate"":0.001,""max_epochs"":30,""min_delta"":0.0001,""num_attention_heads"":4,""num_hidden_layers"":2,""patch_length"":21,""patch_stride"":7,""patience"":5,""prediction_length"":20,""seed"":2026,""validation_points"":252,""weight_decay"":0.0001,""window_stride"":5}",252,21,7,20,5,1284,47,2019-08-23,2019-08-26,2020-08-24,2020-08-24,2019-08-23,100.74700927734376,59.20772933959961,9,4,True,0.1475685536861419,4.641160099999979,0.0011107999598607,19540,True,True,,,31.7421875,1007.5664672851562,3.1147240913266203
SPY,PatchTST,2020-08-24,315.7999267578125,2020-08-31,5,321.6845397949219,288.5272827148437,5.884613037109375,-27.27264404296875,1.0,-1.0,False,0.8113189549996992,40.868337755143926,4.6537174000404775,6943,expanding,original,PatchTST-HF-supervised-v1,5.15.0,cpu,"{""batch_size"":64,""context_length"":252,""d_model"":32,""dropout"":0.1,""ffn_dim"":64,""learning_rate"":0.001,""max_epochs"":30,""min_delta"":0.0001,""num_attention_heads"":4,""num_hidden_layers"":2,""patch_length"":21,""patch_stride"":7,""patience"":5,""prediction_length"":20,""seed"":2026,""validation_points"":252,""weight_decay"":0.0001,""window_stride"":5}",252,21,7,20,5,1284,47,2019-08-23,2019-08-26,2020-08-24,2020-08-24,2019-08-23,100.74700927734376,59.20772933959961,9,4,True,0.1475685536861419,4.641160099999979,0.0011107999598607,19540,True,True,,,33.157257080078125,1099.403697074391,3.1715499907189955
SPY,PatchTST,2020-08-24,315.7999267578125,2020-09-22,20,305.3955078125,287.55841064453125,-10.4044189453125,-28.24151611328125,-1.0,-1.0,True,0.8113189549996992,21.985308069100103,4.6537174000404775,6943,expanding,original,PatchTST-HF-supervised-v1,5.15.0,cpu,"{""batch_size"":64,""context_length"":252,""d_model"":32,""dropout"":0.1,""ffn_dim"":64,""learning_rate"":0.001,""max_epochs"":30,""min_delta"":0.0001,""num_attention_heads"":4,""num_hidden_layers"":2,""patch_length"":21,""patch_stride"":7,""patience"":5,""prediction_length"":20,""seed"":2026,""validation_points"":252,""weight_decay"":0.0001,""window_stride"":5}",252,21,7,20,5,1284,47,2019-08-23,2019-08-26,2020-08-24,2020-08-24,2019-08-23,100.74700927734376,59.20772933959961,9,4,True,0.1475685536861419,4.641160099999979,0.0011107999598607,19540,True,True,,,17.83709716796875,318.1620353795588,3.1551860449788163
SPY,PatchTST,2020-08-31,321.6845397949219,2020-09-01,1,324.7142639160156,290.21539306640625,3.02972412109375,-31.469146728515625,1.0,-1.0,False,0.8119187921315661,42.49054361586825,6.7993065000046045,6948,expanding,original,PatchTST-HF-supervised-v1,5.15.0,cpu,"{""batch_size"":64,""context_length"":252,""d_model"":32,""dropout"":0.1,""ffn_dim"":64,""learning_rate"":0.001,""max_epochs"":30,""min_delta"":0.0001,""num_attention_heads"":4,""num_hidden_layers"":2,""patch_length"":21,""patch_stride"":7,""patience"":5,""prediction_length"":20,""seed"":2026,""validation_points"":252,""weight_decay"":0.0001,""window_stride"":5}",252,21,7,20,5,1285,47,2019-08-30,2019-09-03,2020-08-31,2020-08-31,2019-08-30,100.8671417236328,59.34856033325195,13,8,True,0.1500921994447708,6.78483719995711,0.0013121000956743,19540,True,True,,,34.498870849609375,1190.1720898980277,3.1904438840563576
SPY,PatchTST,2020-08-31,321.6845397949219,2020-09-08,5,306.8577575683594,291.8717956542969,-14.8267822265625,-29.812744140625,-1.0,-1.0,True,0.8119187921315661,18.457464046027557,6.7993065000046045,6948,expanding,original,PatchTST-HF-supervised-v1,5.15.0,cpu,"{""batch_size"":64,""context_length"":252,""d_model"":32,""dropout"":0.1,""ffn_dim"":64,""learning_rate"":0.001,""max_epochs"":30,""min_delta"":0.0001,""num_attention_heads"":4,""num_hidden_layers"":2,""patch_length"":21,""patch_stride"":7,""patience"":5,""prediction_length"":20,""seed"":2026,""validation_points"":252,""weight_decay"":0.0001,""window_stride"":5}",252,21,7,20,5,1285,47,2019-08-30,2019-09-03,2020-08-31,2020-08-31,2019-08-30,100.8671417236328,59.34856033325195,13,8,True,0.1500921994447708,6.78483719995711,0.0013121000956743,19540,True,True,,,14.9859619140625,224.5790544897318,3.218353618994992
SPY,PatchTST,2020-08-31,321.6845397949219,2020-09-29,20,307.3095397949219,291.8064880371094,-14.375,-29.8780517578125,-1.0,-1.0,True,0.8119187921315661,19.09433789198505,6.7993065000046045,6948,expanding,original,PatchTST-HF-supervised-v1,5.15.0,cpu,"{""batch_size"":64,""context_length"":252,""d_model"":32,""dropout"":0.1,""ffn_dim"":64,""learning_rate"":0.001,""max_epochs"":30,""min_delta"":0.0001,""num_attention_heads"":4,""num_hidden_layers"":2,""patch_length"":21,""patch_stride"":7,""patience"":5,""prediction_length"":20,""seed"":2026,""validation_points"":252,""weight_decay"":0.0001,""window_stride"":5}",252,21,7,20,5,1285,47,2019-08-30,2019-09-03,2020-08-31,2020-08-31,2019-08-30,100.8671417236328,59.34856033325195,13,8,True,0.1500921994447708,6.78483719995711,0.0013121000956743,19540,True,True,,,15.5030517578125,240.34461380541325,3.217253211220637
SPY,PatchTST,2020-09-08,306.8577575683594,2020-09-09,1,312.9174499511719,293.4288330078125,6.0596923828125,-13.428924560546877,1.0,-1.0,False,0.8156903961585501,23.892174083622866,9.469458299921826,6953,expanding,original,PatchTST-HF-supervised-v1,5.15.0,cpu,"{""batch_size"":64,""context_length"":252,""d_model"":32,""dropout"":0.1,""ffn_dim"":64,""learning_rate"":0.001,""max_epochs"":30,""min_delta"":0.0001,""num_attention_heads"":4,""num_hidden_layers"":2,""patch_length"":21,""patch_stride"":7,""patience"":5,""prediction_length"":20,""seed"":2026,""validation_points"":252,""weight_decay"":0.0001,""window_stride"":5}",252,21,7,20,5,1286,47,2019-09-09,2019-09-10,2020-09-08,2020-09-08,2019-09-09,100.99114227294922,59.4997444152832,18,13,True,0.1546821892261505,9.45287759997882,0.001103000016883,19540,True,True,,,19.48861694335937,379.8061903649941,3.2342607960082836
SPY,PatchTST,2020-09-08,306.8577575683594,2020-09-15,5,313.2674560546875,292.9740295410156,6.409698486328125,-13.88372802734375,1.0,-1.0,False,0.8156903961585501,24.878834677032696,9.469458299921826,6953,expanding,original,PatchTST-HF-supervised-v1,5.15.0,cpu,"{""batch_size"":64,""context_length"":252,""d_model"":32,""dropout"":0.1,""ffn_dim"":64,""learning_rate"":0.001,""max_epochs"":30,""min_delta"":0.0001,""num_attention_heads"":4,""num_hidden_layers"":2,""patch_length"":21,""patch_stride"":7,""patience"":5,""prediction_length"":20,""seed"":2026,""validation_points"":252,""weight_decay"":0.0001,""window_stride"":5}",252,21,7,20,5,1286,47,2019-09-09,2019-09-10,2020-09-08,2020-09-08,2019-09-09,100.99114227294922,59.4997444152832,18,13,True,0.1546821892261505,9.45287759997882,0.001103000016883,19540,True,True,,,20.293426513671875,411.82315966580063,3.2266170074295877
SPY,PatchTST,2020-09-08,306.8577575683594,2020-10-06,20,309.676513671875,297.0625,2.818756103515625,-9.795257568359377,1.0,-1.0,False,0.8156903961585501,15.464217466921294,9.469458299921826,6953,expanding,original,PatchTST-HF-supervised-v1,5.15.0,cpu,"{""batch_size"":64,""context_length"":252,""d_model"":32,""dropout"":0.1,""ffn_dim"":64,""learning_rate"":0.001,""max_epochs"":30,""min_delta"":0.0001,""num_attention_heads"":4,""num_hidden_layers"":2,""patch_length"":21,""patch_stride"":7,""patience"":5,""prediction_length"":20,""seed"":2026,""validation_points"":252,""weight_decay"":0.0001,""window_stride"":5}",252,21,7,20,5,1286,47,2019-09-09,2019-09-10,2020-09-08,2020-09-08,2019-09-09,100.99114227294922,59.4997444152832,18,13,True,0.1546821892261505,9.45287759997882,0.001103000016883,19540,True,True,,,12.614013671875,159.11334091424942,3.295331091820414
SPY,PatchTST,2020-09-15,313.2674560546875,2020-09-16,1,312.0241394042969,292.45513916015625,-1.243316650390625,-20.81231689453125,-1.0,-1.0,True,0.8175874879789609,23.93505347362189,7.357537799980491,6958,expanding,original,PatchTST-HF-supervised-v1,5.15.0,cpu,"{""batch_size"":64,""context_length"":252,""d_model"":32,""dropout"":0.1,""ffn_dim"":64,""learning_rate"":0.001,""max_epochs"":30,""min_delta"":0.0001,""num_attention_heads"":4,""num_hidden_layers"":2,""patch_length"":21,""patch_stride"":7,""patience"":5,""prediction_length"":20,""seed"":2026,""validation_points"":252,""weight_decay"":0.0001,""window_stride"":5}",252,21,7,20,5,1287,47,2019-09-16,2019-09-17,2020-09-15,2020-09-15,2019-09-16,101.117919921875,59.65838241577149,14,9,True,0.157497301697731,7.343731199973263,0.001105900038965,19540,True,True,,,19.569000244140625,382.94577055517584,3.2072143341871553
SPY,PatchTST,2020-09-15,313.2674560546875,2020-09-22,5,305.3955078125,293.7456359863281,-7.8719482421875,-19.52182006835937,-1.0,-1.0,True,0.8175874879789609,14.249082816775768,7.357537799980491,6958,expanding,original,PatchTST-HF-supervised-v1,5.15.0,cpu,"{""batch_size"":64,""context_length"":252,""d_model"":32,""dropout"":0.1,""ffn_dim"":64,""learning_rate"":0.001,""max_epochs"":30,""min_delta"":0.0001,""num_attention_heads"":4,""num_hidden_layers"":2,""patch_length"":21,""patch_stride"":7,""patience"":5,""prediction_length"":20,""seed"":2026,""validation_points"":252,""weight_decay"":0.0001,""window_stride"":5}",252,21,7,20,5,1287,47,2019-09-16,2019-09-17,2020-09-15,2020-09-15,2019-09-16,101.117919921875,59.65838241577149,14,9,True,0.157497301697731,7.343731199973263,0.001105900038965,19540,True,True,,,11.649871826171877,135.71951356623322,3.2288457759714486
SPY,PatchTST,2020-09-15,313.2674560546875,2020-10-13,20,323.7303466796875,294.216552734375,10.462890625,-19.0509033203125,1.0,-1.0,False,0.8175874879789609,36.09863700124529,7.357537799980491,6958,expanding,original,PatchTST-HF-supervised-v1,5.15.0,cpu,"{""batch_size"":64,""context_length"":252,""d_model"":32,""dropout"":0.1,""ffn_dim"":64,""learning_rate"":0.001,""max_epochs"":30,""min_delta"":0.0001,""num_attention_heads"":4,""num_hidden_layers"":2,""patch_length"":21,""patch_stride"":7,""patience"":5,""prediction_length"":20,""seed"":2026,""validation_points"":252,""weight_decay"":0.0001,""window_stride"":5}",252,21,7,20,5,1287,47,2019-09-16,2019-09-17,2020-09-15,2020-09-15,2019-09-16,101.117919921875,59.65838241577149,14,9,True,0.157497301697731,7.343731199973263,0.001105900038965,19540,True,True,,,29.5137939453125,871.0640330463648,3.236739331394473
SPY,PatchTST,2020-09-22,305.3955078125,2020-09-23,1,298.3132019042969,293.1864929199219,-7.082305908203125,-12.209014892578123,-1.0,-1.0,True,0.8190154952586505,6.25959949970904,7.892820400069468,6963,expanding,original,PatchTST-HF-supervised-v1,5.15.0,cpu,"{""batch_size"":64,""context_length"":252,""d_model"":32,""dropout"":0.1,""ffn_dim"":64,""learning_rate"":0.001,""max_epochs"":30,""min_delta"":0.0001,""num_attention_heads"":4,""num_hidden_layers"":2,""patch_length"":21,""patch_stride"":7,""patience"":5,""prediction_length"":20,""seed"":2026,""validation_points"":252,""weight_decay"":0.0001,""window_stride"":5}",252,21,7,20,5,1288,47,2019-09-23,2019-09-24,2020-09-22,2020-09-22,2019-09-23,101.24469757080078,59.81664276123047,15,10,True,0.1597092002630233,7.877208799938671,0.0011085000587627,19540,True,True,,,5.126708984375,26.283145010471344,3.2088359775605153
SPY,PatchTST,2020-09-22,305.3955078125,2020-09-29,5,307.3095397949219,293.9788818359375,1.914031982421875,-11.4166259765625,1.0,-1.0,False,0.8190154952586505,16.27644169879163,7.892820400069468,6963,expanding,original,PatchTST-HF-supervised-v1,5.15.0,cpu,"{""batch_size"":64,""context_length"":252,""d_model"":32,""dropout"":0.1,""ffn_dim"":64,""learning_rate"":0.001,""max_epochs"":30,""min_delta"":0.0001,""num_attention_heads"":4,""num_hidden_layers"":2,""patch_length"":21,""patch_stride"":7,""patience"":5,""prediction_length"":20,""seed"":2026,""validation_points"":252,""weight_decay"":0.0001,""window_stride"":5}",252,21,7,20,5,1288,47,2019-09-23,2019-09-24,2020-09-22,2020-09-22,2019-09-23,101.24469757080078,59.81664276123047,15,10,True,0.1597092002630233,7.877208799938671,0.0011085000587627,19540,True,True,,,13.330657958984377,177.70644161943346,3.222082941606602
SPY,PatchTST,2020-09-22,305.3955078125,2020-10-20,20,317.4893493652344,295.8446044921875,12.093841552734377,-9.5509033203125,1.0,-1.0,False,0.8190154952586505,26.427759912175198,7.892820400069468,6963,expanding,original,PatchTST-HF-supervised-v1,5.15.0,cpu,"{""batch_size"":64,""context_length"":252,""d_model"":32,""dropout"":0.1,""ffn_dim"":64,""learning_rate"":0.001,""max_epochs"":30,""min_delta"":0.0001,""num_attention_heads"":4,""num_hidden_layers"":2,""patch_length"":21,""patch_stride"":7,""patience"":5,""prediction_length"":20,""seed"":2026,""validation_points"":252,""weight_decay"":0.0001,""window_stride"":5}",252,21,7,20,5,1288,47,2019-09-23,2019-09-24,2020-09-22,2020-09-22,2019-09-23,101.24469757080078,59.81664276123047,15,10,True,0.1597092002630233,7.877208799938671,0.0011085000587627,19540,True,True,,,21.644744873046875,468.494980619289,3.2532736365390704
SPY,PatchTST,2020-09-29,307.3095397949219,2020-09-30,1,309.63946533203125,296.1800537109375,2.329925537109375,-11.129486083984377,1.0,-1.0,False,0.8212185845033537,16.389560435037602,8.89079330000095,6968,expanding,original,PatchTST-HF-supervised-v1,5.15.0,cpu,"{""batch_size"":64,""context_length"":252,""d_model"":32,""dropout"":0.1,""ffn_dim"":64,""learning_rate"":0.001,""max_epochs"":30,""min_delta"":0.0001,""num_attention_heads"":4,""num_hidden_layers"":2,""patch_length"":21,""patch_stride"":7,""patience"":5,""prediction_length"":20,""seed"":2026,""validation_points"":252,""weight_decay"":0.0001,""window_stride"":5}",252,21,7,20,5,1289,47,2019-09-30,2019-10-01,2020-09-29,2020-09-29,2019-09-30,101.36957550048828,59.9691276550293,17,12,True,0.1620177924633026,8.876871399930678,0.0013003000058233,19540,True,True,,,13.45941162109375,181.1557611860335,3.248512790299218
SPY,PatchTST,2020-09-29,307.3095397949219,2020-10-06,5,309.676513671875,297.6428527832031,2.366973876953125,-9.66668701171875,1.0,-1.0,False,0.8212185845033537,14.653420070795695,8.89079330000095,6968,expanding,original,PatchTST-HF-supervised-v1,5.15.0,cpu,"{""batch_size"":64,""context_length"":252,""d_model"":32,""dropout"":0.1,""ffn_dim"":64,""learning_rate"":0.001,""max_epochs"":30,""min_delta"":0.0001,""num_attention_heads"":4,""num_hidden_layers"":2,""patch_length"":21,""patch_stride"":7,""patience"":5,""prediction_length"":20,""seed"":2026,""validation_points"":252,""weight_decay"":0.0001,""window_stride"":5}",252,21,7,20,5,1289,47,2019-09-30,2019-10-01,2020-09-29,2020-09-29,2019-09-30,101.36957550048828,59.9691276550293,17,12,True,0.1620177924633026,8.876871399930678,0.0013003000058233,19540,True,True,,,12.033660888671877,144.80899438355118,3.2729053257497975
SPY,PatchTST,2020-09-29,307.3095397949219,2020-10-27,20,312.7184143066406,298.6617431640625,5.40887451171875,-8.647796630859375,1.0,-1.0,False,0.8212185845033537,17.116844903210687,8.89079330000095,6968,expanding,original,PatchTST-HF-supervised-v1,5.15.0,cpu,"{""batch_size"":64,""context_length"":252,""d_model"":32,""dropout"":0.1,""ffn_dim"":64,""learning_rate"":0.001,""max_epochs"":30,""min_delta"":0.0001,""num_attention_heads"":4,""num_hidden_layers"":2,""patch_length"":21,""patch_stride"":7,""patience"":5,""prediction_length"":20,""seed"":2026,""validation_points"":252,""weight_decay"":0.0001,""window_stride"":5}",252,21,7,20,5,1289,47,2019-09-30,2019-10-01,2020-09-29,2020-09-29,2019-09-30,101.36957550048828,59.9691276550293,17,12,True,0.1620177924633026,8.876871399930678,0.0013003000058233,19540,True,True,,,14.056671142578123,197.5900036105886,3.289895574244331
SPY,PatchTST,2020-10-06,309.676513671875,2020-10-07,1,315.06689453125,293.5478820800781,5.390380859375,-16.128631591796875,1.0,-1.0,False,0.8230989634546139,26.143894484880427,8.330968800000846,6973,expanding,original,PatchTST-HF-supervised-v1,5.15.0,cpu,"{""batch_size"":64,""context_length"":252,""d_model"":32,""dropout"":0.1,""ffn_dim"":64,""learning_rate"":0.001,""max_epochs"":30,""min_delta"":0.0001,""num_attention_heads"":4,""num_hidden_layers"":2,""patch_length"":21,""patch_stride"":7,""patience"":5,""prediction_length"":20,""seed"":2026,""validation_points"":252,""weight_decay"":0.0001,""window_stride"":5}",252,21,7,20,5,1290,47,2019-10-07,2019-10-08,2020-10-06,2020-10-06,2019-10-07,101.4910888671875,60.112037658691406,15,10,True,0.163694366812706,8.316131000057794,0.001126000075601,19540,True,True,,,21.519012451171875,463.0678968736902,3.1949805844773547
SPY,PatchTST,2020-10-06,309.676513671875,2020-10-13,5,323.7303466796875,293.9789428710937,14.0538330078125,-15.69757080078125,1.0,-1.0,False,0.8230989634546139,36.14559746707087,8.330968800000846,6973,expanding,original,PatchTST-HF-supervised-v1,5.15.0,cpu,"{""batch_size"":64,""context_length"":252,""d_model"":32,""dropout"":0.1,""ffn_dim"":64,""learning_rate"":0.001,""max_epochs"":30,""min_delta"":0.0001,""num_attention_heads"":4,""num_hidden_layers"":2,""patch_length"":21,""patch_stride"":7,""patience"":5,""prediction_length"":20,""seed"":2026,""validation_points"":252,""weight_decay"":0.0001,""window_stride"":5}",252,21,7,20,5,1290,47,2019-10-07,2019-10-08,2020-10-06,2020-10-06,2019-10-07,101.4910888671875,60.112037658691406,15,10,True,0.163694366812706,8.316131000057794,0.001126000075601,19540,True,True,,,29.75140380859375,885.1460285820067,3.202151540708502
SPY,PatchTST,2020-10-06,309.676513671875,2020-11-03,20,310.6935119628906,296.7728271484375,1.016998291015625,-12.9036865234375,1.0,-1.0,False,0.8230989634546139,16.912528666087574,8.330968800000846,6973,expanding,original,PatchTST-HF-supervised-v1,5.15.0,cpu,"{""batch_size"":64,""context_length"":252,""d_model"":32,""dropout"":0.1,""ffn_dim"":64,""learning_rate"":0.001,""max_epochs"":30,""min_delta"":0.0001,""num_attention_heads"":4,""num_hidden_layers"":2,""patch_length"":21,""patch_stride"":7,""patience"":5,""prediction_length"":20,""seed"":2026,""validation_points"":252,""weight_decay"":0.0001,""window_stride"":5}",252,21,7,20,5,1290,47,2019-10-07,2019-10-08,2020-10-06,2020-10-06,2019-10-07,101.4910888671875,60.112037658691406,15,10,True,0.163694366812706,8.316131000057794,0.001126000075601,19540,True,True,,,13.920684814453123,193.78546570334584,3.2486294906526902
SPY,PatchTST,2020-10-13,323.7303466796875,2020-10-14,1,321.6962280273437,295.3268127441406,-2.034118652343807,-28.403533935546875,-1.0,-1.0,True,0.8251330143437956,31.957775079662643,7.566603099927306,6978,expanding,original,PatchTST-HF-supervised-v1,5.15.0,cpu,"{""batch_size"":64,""context_length"":252,""d_model"":32,""dropout"":0.1,""ffn_dim"":64,""learning_rate"":0.001,""max_epochs"":30,""min_delta"":0.0001,""num_attention_heads"":4,""num_hidden_layers"":2,""patch_length"":21,""patch_stride"":7,""patience"":5,""prediction_length"":20,""seed"":2026,""validation_points"":252,""weight_decay"":0.0001,""window_stride"":5}",252,21,7,20,5,1291,47,2019-10-14,2019-10-15,2020-10-13,2020-10-13,2019-10-14,101.61325073242188,60.25640487670898,14,9,True,0.1635718792676925,7.553922799997963,0.0011274000862613,19540,True,True,,,26.369415283203068,695.3460623780236,3.2148211033844007
SPY,PatchTST,2020-10-13,323.7303466796875,2020-10-20,5,317.4893493652344,296.0755615234375,-6.240997314453125,-27.65478515625,-1.0,-1.0,True,0.8251330143437956,25.95192225925737,7.566603099927306,6978,expanding,original,PatchTST-HF-supervised-v1,5.15.0,cpu,"{""batch_size"":64,""context_length"":252,""d_model"":32,""dropout"":0.1,""ffn_dim"":64,""learning_rate"":0.001,""max_epochs"":30,""min_delta"":0.0001,""num_attention_heads"":4,""num_hidden_layers"":2,""patch_length"":21,""patch_stride"":7,""patience"":5,""prediction_length"":20,""seed"":2026,""validation_points"":252,""weight_decay"":0.0001,""window_stride"":5}",252,21,7,20,5,1291,47,2019-10-14,2019-10-15,2020-10-13,2020-10-13,2019-10-14,101.61325073242188,60.25640487670898,14,9,True,0.1635718792676925,7.553922799997963,0.0011274000862613,19540,True,True,,,21.413787841796875,458.55030973348767,3.2272471480651097
SPY,PatchTST,2020-10-13,323.7303466796875,2020-11-10,20,327.3456420898437,297.4208984375,3.615295410156193,-26.3094482421875,1.0,-1.0,False,0.8251330143437956,36.26656930718252,7.566603099927306,6978,expanding,original,PatchTST-HF-supervised-v1,5.15.0,cpu,"{""batch_size"":64,""context_length"":252,""d_model"":32,""dropout"":0.1,""ffn_dim"":64,""learning_rate"":0.001,""max_epochs"":30,""min_delta"":0.0001,""num_attention_heads"":4,""num_hidden_layers"":2,""patch_length"":21,""patch_stride"":7,""patience"":5,""prediction_length"":20,""seed"":2026,""validation_points"":252,""weight_decay"":0.0001,""window_stride"":5}",252,21,7,20,5,1291,47,2019-10-14,2019-10-15,2020-10-13,2020-10-13,2019-10-14,101.61325073242188,60.25640487670898,14,9,True,0.1635718792676925,7.553922799997963,0.0011274000862613,19540,True,True,,,29.924743652343693,895.4902826584841,3.2495740179939614
SPY,PatchTST,2020-10-20,317.4893493652344,2020-10-21,1,316.8883972167969,297.15533447265625,-0.6009521484375,-20.334014892578125,-1.0,-1.0,True,0.8257988290778551,23.895726234167647,7.399858999997377,6983,expanding,original,PatchTST-HF-supervised-v1,5.15.0,cpu,"{""batch_size"":64,""context_length"":252,""d_model"":32,""dropout"":0.1,""ffn_dim"":64,""learning_rate"":0.001,""max_epochs"":30,""min_delta"":0.0001,""num_attention_heads"":4,""num_hidden_layers"":2,""patch_length"":21,""patch_stride"":7,""patience"":5,""prediction_length"":20,""seed"":2026,""validation_points"":252,""weight_decay"":0.0001,""window_stride"":5}",252,21,7,20,5,1292,47,2019-10-21,2019-10-22,2020-10-20,2020-10-20,2019-10-21,101.73916625976562,60.41081619262695,14,9,True,0.1631739884614944,7.386867200024426,0.0010807999642565,19540,True,True,,,19.733062744140625,389.39376526419073,3.2347877504217672
SPY,PatchTST,2020-10-20,317.4893493652344,2020-10-27,5,312.7184143066406,298.0885009765625,-4.77093505859375,-19.400848388671875,-1.0,-1.0,True,0.8257988290778551,17.71607419983256,7.399858999997377,6983,expanding,original,PatchTST-HF-supervised-v1,5.15.0,cpu,"{""batch_size"":64,""context_length"":252,""d_model"":32,""dropout"":0.1,""ffn_dim"":64,""learning_rate"":0.001,""max_epochs"":30,""min_delta"":0.0001,""num_attention_heads"":4,""num_hidden_layers"":2,""patch_length"":21,""patch_stride"":7,""patience"":5,""prediction_length"":20,""seed"":2026,""validation_points"":252,""weight_decay"":0.0001,""window_stride"":5}",252,21,7,20,5,1292,47,2019-10-21,2019-10-22,2020-10-20,2020-10-20,2019-10-21,101.73916625976562,60.41081619262695,14,9,True,0.1631739884614944,7.386867200024426,0.0010807999642565,19540,True,True,,,14.629913330078123,214.0343640455976,3.250234760787109
SPY,PatchTST,2020-10-20,317.4893493652344,2020-11-17,20,333.42938232421875,301.7358703613281,15.940032958984377,-15.75347900390625,1.0,-1.0,False,0.8257988290778551,38.37921639860137,7.399858999997377,6983,expanding,original,PatchTST-HF-supervised-v1,5.15.0,cpu,"{""batch_size"":64,""context_length"":252,""d_model"":32,""dropout"":0.1,""ffn_dim"":64,""learning_rate"":0.001,""max_epochs"":30,""min_delta"":0.0001,""num_attention_heads"":4,""num_hidden_layers"":2,""patch_length"":21,""patch_stride"":7,""patience"":5,""prediction_length"":20,""seed"":2026,""validation_points"":252,""weight_decay"":0.0001,""window_stride"":5}",252,21,7,20,5,1292,47,2019-10-21,2019-10-22,2020-10-20,2020-10-20,2019-10-21,101.73916625976562,60.41081619262695,14,9,True,0.1631739884614944,7.386867200024426,0.0010807999642565,19540,True,True,,,31.693511962890625,1004.4787005418912,3.3106108592184817
SPY,PatchTST,2020-10-27,312.7184143066406,2020-10-28,1,302.02996826171875,302.0072631835937,-10.688446044921877,-10.711151123046877,-1.0,-1.0,True,0.8266979035721057,0.0274647825123214,9.552852799999528,6988,expanding,original,PatchTST-HF-supervised-v1,5.15.0,cpu,"{""batch_size"":64,""context_length"":252,""d_model"":32,""dropout"":0.1,""ffn_dim"":64,""learning_rate"":0.001,""max_epochs"":30,""min_delta"":0.0001,""num_attention_heads"":4,""num_hidden_layers"":2,""patch_length"":21,""patch_stride"":7,""patience"":5,""prediction_length"":20,""seed"":2026,""validation_points"":252,""weight_decay"":0.0001,""window_stride"":5}",252,21,7,20,5,1293,47,2019-10-28,2019-10-29,2020-10-27,2020-10-27,2019-10-28,101.86619567871094,60.5679931640625,18,13,True,0.1642297506332397,9.536869500065222,0.0016806999919936,19540,True,True,,,0.022705078125,0.0005155205726623,3.3044031517232892
SPY,PatchTST,2020-10-27,312.7184143066406,2020-11-03,5,310.6935119628906,301.534912109375,-2.02490234375,-11.183502197265623,-1.0,-1.0,True,0.8266979035721057,11.07853281584716,9.552852799999528,6988,expanding,original,PatchTST-HF-supervised-v1,5.15.0,cpu,"{""batch_size"":64,""context_length"":252,""d_model"":32,""dropout"":0.1,""ffn_dim"":64,""learning_rate"":0.001,""max_epochs"":30,""min_delta"":0.0001,""num_attention_heads"":4,""num_hidden_layers"":2,""patch_length"":21,""patch_stride"":7,""patience"":5,""prediction_length"":20,""seed"":2026,""validation_points"":252,""weight_decay"":0.0001,""window_stride"":5}",252,21,7,20,5,1293,47,2019-10-28,2019-10-29,2020-10-27,2020-10-27,2019-10-28,101.86619567871094,60.5679931640625,18,13,True,0.1642297506332397,9.536869500065222,0.0016806999919936,19540,True,True,,,9.158599853515623,83.87995127681643,3.2966044605409808
SPY,PatchTST,2020-10-27,312.7184143066406,2020-11-24,20,335.8334045410156,303.8216247558594,23.114990234375,-8.89678955078125,1.0,-1.0,False,0.8266979035721057,38.72246397001313,9.552852799999528,6988,expanding,original,PatchTST-HF-supervised-v1,5.15.0,cpu,"{""batch_size"":64,""context_length"":252,""d_model"":32,""dropout"":0.1,""ffn_dim"":64,""learning_rate"":0.001,""max_epochs"":30,""min_delta"":0.0001,""num_attention_heads"":4,""num_hidden_layers"":2,""patch_length"":21,""patch_stride"":7,""patience"":5,""prediction_length"":20,""seed"":2026,""validation_points"":252,""weight_decay"":0.0001,""window_stride"":5}",252,21,7,20,5,1293,47,2019-10-28,2019-10-29,2020-10-27,2020-10-27,2019-10-28,101.86619567871094,60.5679931640625,18,13,True,0.1642297506332397,9.536869500065222,0.0016806999919936,19540,True,True,,,32.01177978515625,1024.7540450133383,3.334358933275289
SPY,PatchTST,2020-11-03,310.6935119628906,2020-11-04,1,317.6373291015625,302.29248046875,6.943817138671875,-8.401031494140625,1.0,-1.0,False,0.8297842372745892,18.492576676573623,9.108329199953005,6993,expanding,original,PatchTST-HF-supervised-v1,5.15.0,cpu,"{""batch_size"":64,""context_length"":252,""d_model"":32,""dropout"":0.1,""ffn_dim"":64,""learning_rate"":0.001,""max_epochs"":30,""min_delta"":0.0001,""num_attention_heads"":4,""num_hidden_layers"":2,""patch_length"":21,""patch_stride"":7,""patience"":5,""prediction_length"":20,""seed"":2026,""validation_points"":252,""weight_decay"":0.0001,""window_stride"":5}",252,21,7,20,5,1294,47,2019-11-04,2019-11-05,2020-11-03,2020-11-03,2019-11-04,101.99573516845705,60.73193359375,17,12,True,0.1640149354934692,9.092451100004835,0.001111099962145,19540,True,True,,,15.3448486328125,235.46437956392765,3.298046570361556
SPY,PatchTST,2020-11-03,310.6935119628906,2020-11-10,5,327.3456420898437,300.23272705078125,16.652130126953068,-10.460784912109377,1.0,-1.0,False,0.8297842372745892,32.674656641001405,9.108329199953005,6993,expanding,original,PatchTST-HF-supervised-v1,5.15.0,cpu,"{""batch_size"":64,""context_length"":252,""d_model"":32,""dropout"":0.1,""ffn_dim"":64,""learning_rate"":0.001,""max_epochs"":30,""min_delta"":0.0001,""num_attention_heads"":4,""num_hidden_layers"":2,""patch_length"":21,""patch_stride"":7,""patience"":5,""prediction_length"":20,""seed"":2026,""validation_points"":252,""weight_decay"":0.0001,""window_stride"":5}",252,21,7,20,5,1294,47,2019-11-04,2019-11-05,2020-11-03,2020-11-03,2019-11-04,101.99573516845705,60.73193359375,17,12,True,0.1640149354934692,9.092451100004835,0.001111099962145,19540,True,True,,,27.112915039062443,735.1101619154184,3.2641310781964803
SPY,PatchTST,2020-11-03,310.6935119628906,2020-12-02,20,339.1342163085937,304.2062072753906,28.440704345703068,-6.4873046875,1.0,-1.0,False,0.8297842372745892,42.092880852887085,9.108329199953005,6993,expanding,original,PatchTST-HF-supervised-v1,5.15.0,cpu,"{""batch_size"":64,""context_length"":252,""d_model"":32,""dropout"":0.1,""ffn_dim"":64,""learning_rate"":0.001,""max_epochs"":30,""min_delta"":0.0001,""num_attention_heads"":4,""num_hidden_layers"":2,""patch_length"":21,""patch_stride"":7,""patience"":5,""prediction_length"":20,""seed"":2026,""validation_points"":252,""weight_decay"":0.0001,""window_stride"":5}",252,21,7,20,5,1294,47,2019-11-04,2019-11-05,2020-11-03,2020-11-03,2019-11-04,101.99573516845705,60.73193359375,17,12,True,0.1640149354934692,9.092451100004835,0.001111099962145,19540,True,True,,,34.92800903320307,1219.9658150235152,3.3295576172424606
SPY,PatchTST,2020-11-10,327.3456420898437,2020-11-11,1,329.7773132324219,297.8720397949219,2.431671142578182,-29.473602294921815,1.0,-1.0,False,0.8317297346271312,38.360145260170725,6.421331000048667,6998,expanding,original,PatchTST-HF-supervised-v1,5.15.0,cpu,"{""batch_size"":64,""context_length"":252,""d_model"":32,""dropout"":0.1,""ffn_dim"":64,""learning_rate"":0.001,""max_epochs"":30,""min_delta"":0.0001,""num_attention_heads"":4,""num_hidden_layers"":2,""patch_length"":21,""patch_stride"":7,""patience"":5,""prediction_length"":20,""seed"":2026,""validation_points"":252,""weight_decay"":0.0001,""window_stride"":5}",252,21,7,20,5,1295,47,2019-11-11,2019-11-12,2020-11-10,2020-11-10,2019-11-11,102.1271514892578,60.90088653564453,12,7,True,0.1641480177640915,6.408379000029527,0.0011157999979332,19540,True,True,,,31.9052734375,1017.9464731216432,3.2141549892068815
SPY,PatchTST,2020-11-10,327.3456420898437,2020-11-17,5,333.42938232421875,300.0922241210937,6.083740234375057,-27.253417968749943,1.0,-1.0,False,0.8317297346271312,40.081719836636864,6.421331000048667,6998,expanding,original,PatchTST-HF-supervised-v1,5.15.0,cpu,"{""batch_size"":64,""context_length"":252,""d_model"":32,""dropout"":0.1,""ffn_dim"":64,""learning_rate"":0.001,""max_epochs"":30,""min_delta"":0.0001,""num_attention_heads"":4,""num_hidden_layers"":2,""patch_length"":21,""patch_stride"":7,""patience"":5,""prediction_length"":20,""seed"":2026,""validation_points"":252,""weight_decay"":0.0001,""window_stride"":5}",252,21,7,20,5,1295,47,2019-11-11,2019-11-12,2020-11-10,2020-11-10,2019-11-11,102.1271514892578,60.90088653564453,12,7,True,0.1641480177640915,6.408379000029527,0.0011157999979332,19540,True,True,,,33.337158203125,1111.3661170601845,3.250610687185471
SPY,PatchTST,2020-11-10,327.3456420898437,2020-12-09,20,339.18963623046875,299.8924560546875,11.843994140625057,-27.453186035156197,1.0,-1.0,False,0.8317297346271312,47.247535515125456,6.421331000048667,6998,expanding,original,PatchTST-HF-supervised-v1,5.15.0,cpu,"{""batch_size"":64,""context_length"":252,""d_model"":32,""dropout"":0.1,""ffn_dim"":64,""learning_rate"":0.001,""max_epochs"":30,""min_delta"":0.0001,""num_attention_heads"":4,""num_hidden_layers"":2,""patch_length"":21,""patch_stride"":7,""patience"":5,""prediction_length"":20,""seed"":2026,""validation_points"":252,""weight_decay"":0.0001,""window_stride"":5}",252,21,7,20,5,1295,47,2019-11-11,2019-11-12,2020-11-10,2020-11-10,2019-11-11,102.1271514892578,60.90088653564453,12,7,True,0.1641480177640915,6.408379000029527,0.0011157999979332,19540,True,True,,,39.29718017578125,1544.2683697678149,3.2473304711201556
SPY,PatchTST,2020-11-17,333.42938232421875,2020-11-18,1,329.4167175292969,299.5594482421875,-4.012664794921875,-33.86993408203125,-1.0,-1.0,True,0.8334334775809732,35.82441801326436,7.632752900011837,7003,expanding,original,PatchTST-HF-supervised-v1,5.15.0,cpu,"{""batch_size"":64,""context_length"":252,""d_model"":32,""dropout"":0.1,""ffn_dim"":64,""learning_rate"":0.001,""max_epochs"":30,""min_delta"":0.0001,""num_attention_heads"":4,""num_hidden_layers"":2,""patch_length"":21,""patch_stride"":7,""patience"":5,""prediction_length"":20,""seed"":2026,""validation_points"":252,""weight_decay"":0.0001,""window_stride"":5}",252,21,7,20,5,1296,47,2019-11-18,2019-11-19,2020-11-17,2020-11-17,2019-11-18,102.2599639892578,61.0734977722168,14,9,True,0.1657327562570572,7.619355899980292,0.0010877999011427,19540,True,True,,,29.85726928710937,891.4565292829648,3.230525374341406
SPY,PatchTST,2020-11-17,333.42938232421875,2020-11-24,5,335.8334045410156,300.15362548828125,2.404022216796875,-33.2757568359375,1.0,-1.0,False,0.8334334775809732,42.810590182067486,7.632752900011837,7003,expanding,original,PatchTST-HF-supervised-v1,5.15.0,cpu,"{""batch_size"":64,""context_length"":252,""d_model"":32,""dropout"":0.1,""ffn_dim"":64,""learning_rate"":0.001,""max_epochs"":30,""min_delta"":0.0001,""num_attention_heads"":4,""num_hidden_layers"":2,""patch_length"":21,""patch_stride"":7,""patience"":5,""prediction_length"":20,""seed"":2026,""validation_points"":252,""weight_decay"":0.0001,""window_stride"":5}",252,21,7,20,5,1296,47,2019-11-18,2019-11-19,2020-11-17,2020-11-17,2019-11-18,102.2599639892578,61.0734977722168,14,9,True,0.1657327562570572,7.619355899980292,0.0010877999011427,19540,True,True,,,35.679779052734375,1273.0466332519427,3.240254262775303
SPY,PatchTST,2020-11-17,333.42938232421875,2020-12-16,20,342.2593994140625,302.6368103027344,8.83001708984375,-30.79257202148437,1.0,-1.0,False,0.8334334775809732,47.541393737064695,7.632752900011837,7003,expanding,original,PatchTST-HF-supervised-v1,5.15.0,cpu,"{""batch_size"":64,""context_length"":252,""d_model"":32,""dropout"":0.1,""ffn_dim"":64,""learning_rate"":0.001,""max_epochs"":30,""min_delta"":0.0001,""num_attention_heads"":4,""num_hidden_layers"":2,""patch_length"":21,""patch_stride"":7,""patience"":5,""prediction_length"":20,""seed"":2026,""validation_points"":252,""weight_decay"":0.0001,""window_stride"":5}",252,21,7,20,5,1296,47,2019-11-18,2019-11-19,2020-11-17,2020-11-17,2019-11-18,102.2599639892578,61.0734977722168,14,9,True,0.1657327562570572,7.619355899980292,0.0010877999011427,19540,True,True,,,39.622589111328125,1569.949567885138,3.2809132213257786
SPY,PatchTST,2020-11-24,335.8334045410156,2020-11-25,1,335.3156433105469,295.58331298828125,-0.51776123046875,-40.250091552734375,-1.0,-1.0,True,0.8349737692988515,47.5851239681815,6.908316400018521,7008,expanding,original,PatchTST-HF-supervised-v1,5.15.0,cpu,"{""batch_size"":64,""context_length"":252,""d_model"":32,""dropout"":0.1,""ffn_dim"":64,""learning_rate"":0.001,""max_epochs"":30,""min_delta"":0.0001,""num_attention_heads"":4,""num_hidden_layers"":2,""patch_length"":21,""patch_stride"":7,""patience"":5,""prediction_length"":20,""seed"":2026,""validation_points"":252,""weight_decay"":0.0001,""window_stride"":5}",252,21,7,20,5,1297,47,2019-11-25,2019-11-26,2020-11-24,2020-11-24,2019-11-25,102.39337158203124,61.247371673583984,13,8,True,0.1724816709756851,6.894697399926372,0.0011779000051319,19540,True,True,,,39.732330322265625,1578.6580728376284,3.1542568460872076
SPY,PatchTST,2020-11-24,335.8334045410156,2020-12-02,5,339.1342163085937,298.7666015625,3.300811767578068,-37.066802978515625,1.0,-1.0,False,0.8349737692988515,48.34596753858675,6.908316400018521,7008,expanding,original,PatchTST-HF-supervised-v1,5.15.0,cpu,"{""batch_size"":64,""context_length"":252,""d_model"":32,""dropout"":0.1,""ffn_dim"":64,""learning_rate"":0.001,""max_epochs"":30,""min_delta"":0.0001,""num_attention_heads"":4,""num_hidden_layers"":2,""patch_length"":21,""patch_stride"":7,""patience"":5,""prediction_length"":20,""seed"":2026,""validation_points"":252,""weight_decay"":0.0001,""window_stride"":5}",252,21,7,20,5,1297,47,2019-11-25,2019-11-26,2020-11-24,2020-11-24,2019-11-25,102.39337158203124,61.247371673583984,13,8,True,0.1724816709756851,6.894697399926372,0.0011779000051319,19540,True,True,,,40.36761474609369,1629.544320289041,3.206231134733976
SPY,PatchTST,2020-11-24,335.8334045410156,2020-12-23,20,341.3041076660156,299.9049377441406,5.470703125,-35.928466796875,1.0,-1.0,False,0.8349737692988515,49.58140176863152,6.908316400018521,7008,expanding,original,PatchTST-HF-supervised-v1,5.15.0,cpu,"{""batch_size"":64,""context_length"":252,""d_model"":32,""dropout"":0.1,""ffn_dim"":64,""learning_rate"":0.001,""max_epochs"":30,""min_delta"":0.0001,""num_attention_heads"":4,""num_hidden_layers"":2,""patch_length"":21,""patch_stride"":7,""patience"":5,""prediction_length"":20,""seed"":2026,""validation_points"":252,""weight_decay"":0.0001,""window_stride"":5}",252,21,7,20,5,1297,47,2019-11-25,2019-11-26,2020-11-24,2020-11-24,2019-11-25,102.39337158203124,61.247371673583984,13,8,True,0.1724816709756851,6.894697399926372,0.0011779000051319,19540,True,True,,,41.399169921875,1713.8912702202797,3.224817012797566
SPY,PatchTST,2020-12-02,339.1342163085937,2020-12-03,1,339.04180908203125,303.6771545410156,-0.0924072265624431,-35.45706176757807,-1.0,-1.0,True,0.8354213788586895,42.33151728691577,8.047498299973086,7013,expanding,original,PatchTST-HF-supervised-v1,5.15.0,cpu,"{""batch_size"":64,""context_length"":252,""d_model"":32,""dropout"":0.1,""ffn_dim"":64,""learning_rate"":0.001,""max_epochs"":30,""min_delta"":0.0001,""num_attention_heads"":4,""num_hidden_layers"":2,""patch_length"":21,""patch_stride"":7,""patience"":5,""prediction_length"":20,""seed"":2026,""validation_points"":252,""weight_decay"":0.0001,""window_stride"":5}",252,21,7,20,5,1298,47,2019-12-03,2019-12-04,2020-12-02,2020-12-02,2019-12-03,102.52760314941406,61.42328643798828,15,10,True,0.1669346243143081,8.028694899985567,0.0036419999087229,19540,True,True,,,35.364654541015625,1250.658790805377,3.2748093281312474
SPY,PatchTST,2020-12-02,339.1342163085937,2020-12-09,5,339.18963623046875,303.9335632324219,0.0554199218750568,-35.20065307617182,1.0,-1.0,False,0.8354213788586895,42.20154510076333,8.047498299973086,7013,expanding,original,PatchTST-HF-supervised-v1,5.15.0,cpu,"{""batch_size"":64,""context_length"":252,""d_model"":32,""dropout"":0.1,""ffn_dim"":64,""learning_rate"":0.001,""max_epochs"":30,""min_delta"":0.0001,""num_attention_heads"":4,""num_hidden_layers"":2,""patch_length"":21,""patch_stride"":7,""patience"":5,""prediction_length"":20,""seed"":2026,""validation_points"":252,""weight_decay"":0.0001,""window_stride"":5}",252,21,7,20,5,1298,47,2019-12-03,2019-12-04,2020-12-02,2020-12-02,2019-12-03,102.52760314941406,61.42328643798828,15,10,True,0.1669346243143081,8.028694899985567,0.0036419999087229,19540,True,True,,,35.256072998046875,1242.99068324361,3.2789837822556636
SPY,PatchTST,2020-12-02,339.1342163085937,2020-12-31,20,347.16326904296875,305.3779296875,8.029052734375057,-33.75628662109369,1.0,-1.0,False,0.8354213788586895,50.01708169421492,8.047498299973086,7013,expanding,original,PatchTST-HF-supervised-v1,5.15.0,cpu,"{""batch_size"":64,""context_length"":252,""d_model"":32,""dropout"":0.1,""ffn_dim"":64,""learning_rate"":0.001,""max_epochs"":30,""min_delta"":0.0001,""num_attention_heads"":4,""num_hidden_layers"":2,""patch_length"":21,""patch_stride"":7,""patience"":5,""prediction_length"":20,""seed"":2026,""validation_points"":252,""weight_decay"":0.0001,""window_stride"":5}",252,21,7,20,5,1298,47,2019-12-03,2019-12-04,2020-12-02,2020-12-02,2019-12-03,102.52760314941406,61.42328643798828,15,10,True,0.1669346243143081,8.028694899985567,0.0036419999087229,19540,True,True,,,41.78533935546875,1746.0145850516856,3.3024987476513417
SPY,PatchTST,2020-12-09,339.18963623046875,2020-12-10,1,339.07879638671875,304.6986083984375,-0.11083984375,-34.49102783203125,-1.0,-1.0,True,0.8359355744395449,41.12779625550873,10.151768199983051,7018,expanding,original,PatchTST-HF-supervised-v1,5.15.0,cpu,"{""batch_size"":64,""context_length"":252,""d_model"":32,""dropout"":0.1,""ffn_dim"":64,""learning_rate"":0.001,""max_epochs"":30,""min_delta"":0.0001,""num_attention_heads"":4,""num_hidden_layers"":2,""patch_length"":21,""patch_stride"":7,""patience"":5,""prediction_length"":20,""seed"":2026,""validation_points"":252,""weight_decay"":0.0001,""window_stride"":5}",252,21,7,20,5,1299,47,2019-12-10,2019-12-11,2020-12-09,2020-12-09,2019-12-10,102.6617431640625,61.598411560058594,19,14,True,0.1694283336400985,10.124405200011095,0.0018003000877797,19540,True,True,,,34.38018798828125,1181.9973261095583,3.279903817607189
SPY,PatchTST,2020-12-09,339.18963623046875,2020-12-16,5,342.2593994140625,305.1737670898437,3.06976318359375,-34.015869140625,1.0,-1.0,False,0.8359355744395449,44.3642231030578,10.151768199983051,7018,expanding,original,PatchTST-HF-supervised-v1,5.15.0,cpu,"{""batch_size"":64,""context_length"":252,""d_model"":32,""dropout"":0.1,""ffn_dim"":64,""learning_rate"":0.001,""max_epochs"":30,""min_delta"":0.0001,""num_attention_heads"":4,""num_hidden_layers"":2,""patch_length"":21,""patch_stride"":7,""patience"":5,""prediction_length"":20,""seed"":2026,""validation_points"":252,""weight_decay"":0.0001,""window_stride"":5}",252,21,7,20,5,1299,47,2019-12-10,2019-12-11,2020-12-09,2020-12-09,2019-12-10,102.6617431640625,61.598411560058594,19,14,True,0.1694283336400985,10.124405200011095,0.0018003000877797,19540,True,True,,,37.08563232421875,1375.3441248871386,3.287617631638626
SPY,PatchTST,2020-12-09,339.18963623046875,2021-01-08,20,354.01593017578125,307.3184814453125,14.8262939453125,-31.87115478515625,1.0,-1.0,False,0.8359355744395449,55.86249725258693,10.151768199983051,7018,expanding,original,PatchTST-HF-supervised-v1,5.15.0,cpu,"{""batch_size"":64,""context_length"":252,""d_model"":32,""dropout"":0.1,""ffn_dim"":64,""learning_rate"":0.001,""max_epochs"":30,""min_delta"":0.0001,""num_attention_heads"":4,""num_hidden_layers"":2,""patch_length"":21,""patch_stride"":7,""patience"":5,""prediction_length"":20,""seed"":2026,""validation_points"":252,""weight_decay"":0.0001,""window_stride"":5}",252,21,7,20,5,1299,47,2019-12-10,2019-12-11,2020-12-09,2020-12-09,2019-12-10,102.6617431640625,61.598411560058594,19,14,True,0.1694283336400985,10.124405200011095,0.0018003000877797,19540,True,True,,,46.69744873046875,2180.651717934757,3.3224353209450737
SPY,PatchTST,2020-12-16,342.2593994140625,2020-12-17,1,344.1732482910156,308.9570007324219,1.913848876953125,-33.302398681640625,1.0,-1.0,False,0.8363541907579668,42.1068584909919,13.416330399923028,7023,expanding,original,PatchTST-HF-supervised-v1,5.15.0,cpu,"{""batch_size"":64,""context_length"":252,""d_model"":32,""dropout"":0.1,""ffn_dim"":64,""learning_rate"":0.001,""max_epochs"":30,""min_delta"":0.0001,""num_attention_heads"":4,""num_hidden_layers"":2,""patch_length"":21,""patch_stride"":7,""patience"":5,""prediction_length"":20,""seed"":2026,""validation_points"":252,""weight_decay"":0.0001,""window_stride"":5}",252,21,7,20,5,1300,47,2019-12-17,2019-12-18,2020-12-16,2020-12-16,2019-12-17,102.79866027832033,61.78131484985352,25,20,True,0.1720239520072937,13.401477799983695,0.0013282999861985,19540,True,True,,,35.21624755859375,1240.1840921081605,3.336904385332782
SPY,PatchTST,2020-12-16,342.2593994140625,2020-12-23,5,341.3041076660156,309.19146728515625,-0.955291748046875,-33.06793212890625,-1.0,-1.0,True,0.8363541907579668,38.395981912587175,13.416330399923028,7023,expanding,original,PatchTST-HF-supervised-v1,5.15.0,cpu,"{""batch_size"":64,""context_length"":252,""d_model"":32,""dropout"":0.1,""ffn_dim"":64,""learning_rate"":0.001,""max_epochs"":30,""min_delta"":0.0001,""num_attention_heads"":4,""num_hidden_layers"":2,""patch_length"":21,""patch_stride"":7,""patience"":5,""prediction_length"":20,""seed"":2026,""validation_points"":252,""weight_decay"":0.0001,""window_stride"":5}",252,21,7,20,5,1300,47,2019-12-17,2019-12-18,2020-12-16,2020-12-16,2019-12-17,102.79866027832033,61.78131484985352,25,20,True,0.1720239520072937,13.401477799983695,0.0013282999861985,19540,True,True,,,32.112640380859375,1031.2216722304,3.3406994899417435
SPY,PatchTST,2020-12-16,342.2593994140625,2021-01-15,20,348.8531188964844,310.2165222167969,6.593719482421875,-32.042877197265625,1.0,-1.0,False,0.8363541907579668,46.19645253964965,13.416330399923028,7023,expanding,original,PatchTST-HF-supervised-v1,5.15.0,cpu,"{""batch_size"":64,""context_length"":252,""d_model"":32,""dropout"":0.1,""ffn_dim"":64,""learning_rate"":0.001,""max_epochs"":30,""min_delta"":0.0001,""num_attention_heads"":4,""num_hidden_layers"":2,""patch_length"":21,""patch_stride"":7,""patience"":5,""prediction_length"":20,""seed"":2026,""validation_points"":252,""weight_decay"":0.0001,""window_stride"":5}",252,21,7,20,5,1300,47,2019-12-17,2019-12-18,2020-12-16,2020-12-16,2019-12-17,102.79866027832033,61.78131484985352,25,20,True,0.1720239520072937,13.401477799983695,0.0013282999861985,19540,True,True,,,38.6365966796875,1492.7866029888391,3.357291155789772
SPY,PatchTST,2020-12-23,341.3041076660156,2020-12-24,1,342.6319274902344,310.48223876953125,1.32781982421875,-30.82186889648437,1.0,-1.0,False,0.8365269806572669,38.43233925992778,14.434039500076324,7028,expanding,original,PatchTST-HF-supervised-v1,5.15.0,cpu,"{""batch_size"":64,""context_length"":252,""d_model"":32,""dropout"":0.1,""ffn_dim"":64,""learning_rate"":0.001,""max_epochs"":30,""min_delta"":0.0001,""num_attention_heads"":4,""num_hidden_layers"":2,""patch_length"":21,""patch_stride"":7,""patience"":5,""prediction_length"":20,""seed"":2026,""validation_points"":252,""weight_decay"":0.0001,""window_stride"":5}",252,21,7,20,5,1301,47,2019-12-24,2019-12-26,2020-12-23,2020-12-23,2019-12-24,102.93811798095705,61.97137069702149,27,22,True,0.1727518439292907,14.420248699956574,0.0011473000049591,19540,True,True,,,32.149688720703125,1033.6024848381055,3.349032278199219
SPY,PatchTST,2020-12-23,341.3041076660156,2020-12-31,5,347.16326904296875,311.0713806152344,5.859161376953125,-30.23272705078125,1.0,-1.0,False,0.8365269806572669,43.14491852895964,14.434039500076324,7028,expanding,original,PatchTST-HF-supervised-v1,5.15.0,cpu,"{""batch_size"":64,""context_length"":252,""d_model"":32,""dropout"":0.1,""ffn_dim"":64,""learning_rate"":0.001,""max_epochs"":30,""min_delta"":0.0001,""num_attention_heads"":4,""num_hidden_layers"":2,""patch_length"":21,""patch_stride"":7,""patience"":5,""prediction_length"":20,""seed"":2026,""validation_points"":252,""weight_decay"":0.0001,""window_stride"":5}",252,21,7,20,5,1301,47,2019-12-24,2019-12-26,2020-12-23,2020-12-23,2019-12-24,102.93811798095705,61.97137069702149,27,22,True,0.1727518439292907,14.420248699956574,0.0011473000049591,19540,True,True,,,36.091888427734375,1302.6244102800265,3.358538955864676
SPY,PatchTST,2020-12-23,341.3041076660156,2021-01-25,20,356.9222106933594,313.1893310546875,15.61810302734375,-28.114776611328125,1.0,-1.0,False,0.8365269806572669,52.27910234803252,14.434039500076324,7028,expanding,original,PatchTST-HF-supervised-v1,5.15.0,cpu,"{""batch_size"":64,""context_length"":252,""d_model"":32,""dropout"":0.1,""ffn_dim"":64,""learning_rate"":0.001,""max_epochs"":30,""min_delta"":0.0001,""num_attention_heads"":4,""num_hidden_layers"":2,""patch_length"":21,""patch_stride"":7,""patience"":5,""prediction_length"":20,""seed"":2026,""validation_points"":252,""weight_decay"":0.0001,""window_stride"":5}",252,21,7,20,5,1301,47,2019-12-24,2019-12-26,2020-12-23,2020-12-23,2019-12-24,102.93811798095705,61.97137069702149,27,22,True,0.1727518439292907,14.420248699956574,0.0011473000049591,19540,True,True,,,43.73287963867188,1912.564761490561,3.3927152281599557
SPY,PatchTST,2020-12-31,347.16326904296875,2021-01-04,1,342.4368896484375,313.444091796875,-4.72637939453125,-33.71917724609375,-1.0,-1.0,True,0.8369529179474331,34.64089464275393,10.202526499982923,7033,expanding,original,PatchTST-HF-supervised-v1,5.15.0,cpu,"{""batch_size"":64,""context_length"":252,""d_model"":32,""dropout"":0.1,""ffn_dim"":64,""learning_rate"":0.001,""max_epochs"":30,""min_delta"":0.0001,""num_attention_heads"":4,""num_hidden_layers"":2,""patch_length"":21,""patch_stride"":7,""patience"":5,""prediction_length"":20,""seed"":2026,""validation_points"":252,""weight_decay"":0.0001,""window_stride"":5}",252,21,7,20,5,1302,47,2020-01-02,2020-01-03,2020-12-31,2020-12-31,2020-01-02,103.07911682128906,62.16561508178711,19,14,True,0.1791112720966339,10.186696500051768,0.0014648999786004,19540,True,True,,,28.9927978515625,840.5823272615671,3.383944238287081
SPY,PatchTST,2020-12-31,347.16326904296875,2021-01-08,5,354.01593017578125,312.88446044921875,6.8526611328125,-34.27880859375,1.0,-1.0,False,0.8369529179474331,49.14430530624647,10.202526499982923,7033,expanding,original,PatchTST-HF-supervised-v1,5.15.0,cpu,"{""batch_size"":64,""context_length"":252,""d_model"":32,""dropout"":0.1,""ffn_dim"":64,""learning_rate"":0.001,""max_epochs"":30,""min_delta"":0.0001,""num_attention_heads"":4,""num_hidden_layers"":2,""patch_length"":21,""patch_stride"":7,""patience"":5,""prediction_length"":20,""seed"":2026,""validation_points"":252,""weight_decay"":0.0001,""window_stride"":5}",252,21,7,20,5,1302,47,2020-01-02,2020-01-03,2020-12-31,2020-12-31,2020-01-02,103.07911682128906,62.16561508178711,19,14,True,0.1791112720966339,10.186696500051768,0.0014648999786004,19540,True,True,,,41.1314697265625,1691.7978018671274,3.374941973177663
SPY,PatchTST,2020-12-31,347.16326904296875,2021-02-01,20,349.3453369140625,314.6213073730469,2.18206787109375,-32.541961669921875,1.0,-1.0,False,0.8369529179474331,41.48862952312039,10.202526499982923,7033,expanding,original,PatchTST-HF-supervised-v1,5.15.0,cpu,"{""batch_size"":64,""context_length"":252,""d_model"":32,""dropout"":0.1,""ffn_dim"":64,""learning_rate"":0.001,""max_epochs"":30,""min_delta"":0.0001,""num_attention_heads"":4,""num_hidden_layers"":2,""patch_length"":21,""patch_stride"":7,""patience"":5,""prediction_length"":20,""seed"":2026,""validation_points"":252,""weight_decay"":0.0001,""window_stride"":5}",252,21,7,20,5,1302,47,2020-01-02,2020-01-03,2020-12-31,2020-12-31,2020-01-02,103.07911682128906,62.16561508178711,19,14,True,0.1791112720966339,10.186696500051768,0.0014648999786004,19540,True,True,,,34.724029541015625,1205.7582275653258,3.402881002197855
SPY,PatchTST,2021-01-08,354.01593017578125,2021-01-11,1,351.6295166015625,314.3460998535156,-2.38641357421875,-39.669830322265625,-1.0,-1.0,True,0.8386753359284105,44.455124827027696,10.673519099946134,7038,expanding,original,PatchTST-HF-supervised-v1,5.15.0,cpu,"{""batch_size"":64,""context_length"":252,""d_model"":32,""dropout"":0.1,""ffn_dim"":64,""learning_rate"":0.001,""max_epochs"":30,""min_delta"":0.0001,""num_attention_heads"":4,""num_hidden_layers"":2,""patch_length"":21,""patch_stride"":7,""patience"":5,""prediction_length"":20,""seed"":2026,""validation_points"":252,""weight_decay"":0.0001,""window_stride"":5}",252,21,7,20,5,1303,47,2020-01-09,2020-01-10,2021-01-08,2021-01-08,2020-01-09,103.22075653076172,62.36124420166016,19,14,True,0.1806887984275818,10.658494399976917,0.0011745999800041,19540,True,True,,,37.28341674804688,1390.0531644085422,3.3855216653476163
SPY,PatchTST,2021-01-08,354.01593017578125,2021-01-15,5,348.8531188964844,311.25201416015625,-5.162811279296875,-42.763916015625,-1.0,-1.0,True,0.8386753359284105,44.83392216930267,10.673519099946134,7038,expanding,original,PatchTST-HF-supervised-v1,5.15.0,cpu,"{""batch_size"":64,""context_length"":252,""d_model"":32,""dropout"":0.1,""ffn_dim"":64,""learning_rate"":0.001,""max_epochs"":30,""min_delta"":0.0001,""num_attention_heads"":4,""num_hidden_layers"":2,""patch_length"":21,""patch_stride"":7,""patience"":5,""prediction_length"":20,""seed"":2026,""validation_points"":252,""weight_decay"":0.0001,""window_stride"":5}",252,21,7,20,5,1303,47,2020-01-09,2020-01-10,2021-01-08,2021-01-08,2020-01-09,103.22075653076172,62.36124420166016,19,14,True,0.1806887984275818,10.658494399976917,0.0011745999800041,19540,True,True,,,37.601104736328125,1413.8430773923174,3.3359061431916777
SPY,PatchTST,2021-01-08,354.01593017578125,2021-02-08,20,362.6048278808594,313.1334533691406,8.588897705078125,-40.88247680664063,1.0,-1.0,False,0.8386753359284105,58.98751565998316,10.673519099946134,7038,expanding,original,PatchTST-HF-supervised-v1,5.15.0,cpu,"{""batch_size"":64,""context_length"":252,""d_model"":32,""dropout"":0.1,""ffn_dim"":64,""learning_rate"":0.001,""max_epochs"":30,""min_delta"":0.0001,""num_attention_heads"":4,""num_hidden_layers"":2,""patch_length"":21,""patch_stride"":7,""patience"":5,""prediction_length"":20,""seed"":2026,""validation_points"":252,""weight_decay"":0.0001,""window_stride"":5}",252,21,7,20,5,1303,47,2020-01-09,2020-01-10,2021-01-08,2021-01-08,2020-01-09,103.22075653076172,62.36124420166016,19,14,True,0.1806887984275818,10.658494399976917,0.0011745999800041,19540,True,True,,,49.47137451171875,2447.416896078736,3.366076150751185
SPY,PatchTST,2021-01-15,348.8531188964844,2021-01-19,1,351.5923767089844,310.61334228515625,2.7392578125,-38.239776611328125,1.0,-1.0,False,0.839103077934805,48.83671088978181,8.618540899944492,7043,expanding,original,PatchTST-HF-supervised-v1,5.15.0,cpu,"{""batch_size"":64,""context_length"":252,""d_model"":32,""dropout"":0.1,""ffn_dim"":64,""learning_rate"":0.001,""max_epochs"":30,""min_delta"":0.0001,""num_attention_heads"":4,""num_hidden_layers"":2,""patch_length"":21,""patch_stride"":7,""patience"":5,""prediction_length"":20,""seed"":2026,""validation_points"":252,""weight_decay"":0.0001,""window_stride"":5}",252,21,7,20,5,1304,47,2020-01-16,2020-01-17,2021-01-15,2021-01-15,2020-01-16,103.36491394042967,62.56411361694336,16,11,True,0.1882404685020446,8.603912299964577,0.001320399926044,19540,True,True,,,40.979034423828125,1679.2812623092905,3.3125767530829426
SPY,PatchTST,2021-01-15,348.8531188964844,2021-01-25,5,356.9222106933594,311.1294250488281,8.069091796875,-37.72369384765625,1.0,-1.0,False,0.839103077934805,54.57349263601339,8.618540899944492,7043,expanding,original,PatchTST-HF-supervised-v1,5.15.0,cpu,"{""batch_size"":64,""context_length"":252,""d_model"":32,""dropout"":0.1,""ffn_dim"":64,""learning_rate"":0.001,""max_epochs"":30,""min_delta"":0.0001,""num_attention_heads"":4,""num_hidden_layers"":2,""patch_length"":21,""patch_stride"":7,""patience"":5,""prediction_length"":20,""seed"":2026,""validation_points"":252,""weight_decay"":0.0001,""window_stride"":5}",252,21,7,20,5,1304,47,2020-01-16,2020-01-17,2021-01-15,2021-01-15,2020-01-16,103.36491394042967,62.56411361694336,16,11,True,0.1882404685020446,8.603912299964577,0.001320399926044,19540,True,True,,,45.79278564453125,2096.979217085988,3.3208256154712386
SPY,PatchTST,2021-01-15,348.8531188964844,2021-02-16,20,364.2669067382813,311.9786682128906,15.413787841796932,-36.87445068359375,1.0,-1.0,False,0.839103077934805,62.31444014492493,8.618540899944492,7043,expanding,original,PatchTST-HF-supervised-v1,5.15.0,cpu,"{""batch_size"":64,""context_length"":252,""d_model"":32,""dropout"":0.1,""ffn_dim"":64,""learning_rate"":0.001,""max_epochs"":30,""min_delta"":0.0001,""num_attention_heads"":4,""num_hidden_layers"":2,""patch_length"":21,""patch_stride"":7,""patience"":5,""prediction_length"":20,""seed"":2026,""validation_points"":252,""weight_decay"":0.0001,""window_stride"":5}",252,21,7,20,5,1304,47,2020-01-16,2020-01-17,2021-01-15,2021-01-15,2020-01-16,103.36491394042967,62.56411361694336,16,11,True,0.1882404685020446,8.603912299964577,0.001320399926044,19540,True,True,,,52.28823852539068,2734.0598880881503,3.334399581679121
SPY,PatchTST,2021-01-25,356.9222106933594,2021-01-26,1,356.364990234375,314.21307373046875,-0.557220458984375,-42.70913696289063,-1.0,-1.0,True,0.8400111452170058,50.18018718432225,8.06530599994585,7048,expanding,original,PatchTST-HF-supervised-v1,5.15.0,cpu,"{""batch_size"":64,""context_length"":252,""d_model"":32,""dropout"":0.1,""ffn_dim"":64,""learning_rate"":0.001,""max_epochs"":30,""min_delta"":0.0001,""num_attention_heads"":4,""num_hidden_layers"":2,""patch_length"":21,""patch_stride"":7,""patience"":5,""prediction_length"":20,""seed"":2026,""validation_points"":252,""weight_decay"":0.0001,""window_stride"":5}",252,21,7,20,5,1305,47,2020-01-24,2020-01-27,2021-01-25,2021-01-25,2020-01-24,103.51084899902344,62.771949768066406,15,10,True,0.189672902226448,8.051461099996231,0.0013442999916151,19540,True,True,,,42.15191650390625,1776.784064952284,3.3566302386648914
SPY,PatchTST,2021-01-25,356.9222106933594,2021-02-01,5,349.3453369140625,314.4513244628906,-7.576873779296875,-42.47088623046875,-1.0,-1.0,True,0.8400111452170058,41.53993985658067,8.06530599994585,7048,expanding,original,PatchTST-HF-supervised-v1,5.15.0,cpu,"{""batch_size"":64,""context_length"":252,""d_model"":32,""dropout"":0.1,""ffn_dim"":64,""learning_rate"":0.001,""max_epochs"":30,""min_delta"":0.0001,""num_attention_heads"":4,""num_hidden_layers"":2,""patch_length"":21,""patch_stride"":7,""patience"":5,""prediction_length"":20,""seed"":2026,""validation_points"":252,""weight_decay"":0.0001,""window_stride"":5}",252,21,7,20,5,1305,47,2020-01-24,2020-01-27,2021-01-25,2021-01-25,2020-01-24,103.51084899902344,62.771949768066406,15,10,True,0.189672902226448,8.051461099996231,0.0013442999916151,19540,True,True,,,34.894012451171875,1217.5921049425378,3.3604257354321923
SPY,PatchTST,2021-01-25,356.9222106933594,2021-02-23,20,359.8099365234375,318.07391357421875,2.887725830078125,-38.84829711914063,1.0,-1.0,False,0.8400111452170058,49.68508237880201,8.06530599994585,7048,expanding,original,PatchTST-HF-supervised-v1,5.15.0,cpu,"{""batch_size"":64,""context_length"":252,""d_model"":32,""dropout"":0.1,""ffn_dim"":64,""learning_rate"":0.001,""max_epochs"":30,""min_delta"":0.0001,""num_attention_heads"":4,""num_hidden_layers"":2,""patch_length"":21,""patch_stride"":7,""patience"":5,""prediction_length"":20,""seed"":2026,""validation_points"":252,""weight_decay"":0.0001,""window_stride"":5}",252,21,7,20,5,1305,47,2020-01-24,2020-01-27,2021-01-25,2021-01-25,2020-01-24,103.51084899902344,62.771949768066406,15,10,True,0.189672902226448,8.051461099996231,0.0013442999916151,19540,True,True,,,41.73602294921875,1741.8956116177142,3.4181360522968602
SPY,PatchTST,2021-02-01,349.3453369140625,2021-02-02,1,354.2850341796875,312.9237976074219,4.939697265625,-36.42153930664063,1.0,-1.0,False,0.8429601228987706,49.06665861017557,9.712148499907926,7053,expanding,original,PatchTST-HF-supervised-v1,5.15.0,cpu,"{""batch_size"":64,""context_length"":252,""d_model"":32,""dropout"":0.1,""ffn_dim"":64,""learning_rate"":0.001,""max_epochs"":30,""min_delta"":0.0001,""num_attention_heads"":4,""num_hidden_layers"":2,""patch_length"":21,""patch_stride"":7,""patience"":5,""prediction_length"":20,""seed"":2026,""validation_points"":252,""weight_decay"":0.0001,""window_stride"":5}",252,21,7,20,5,1306,47,2020-01-31,2020-02-03,2021-02-01,2021-02-01,2020-01-31,103.6527328491211,62.96654891967773,18,13,True,0.1973802596330642,9.6979056999553,0.0016315000830218,19540,True,True,,,41.361236572265625,1710.7518907869237,3.3235276245686274
SPY,PatchTST,2021-02-01,349.3453369140625,2021-02-08,5,362.6048278808594,313.2963562011719,13.259490966796877,-36.04898071289063,1.0,-1.0,False,0.8429601228987706,58.49442973663518,9.712148499907926,7053,expanding,original,PatchTST-HF-supervised-v1,5.15.0,cpu,"{""batch_size"":64,""context_length"":252,""d_model"":32,""dropout"":0.1,""ffn_dim"":64,""learning_rate"":0.001,""max_epochs"":30,""min_delta"":0.0001,""num_attention_heads"":4,""num_hidden_layers"":2,""patch_length"":21,""patch_stride"":7,""patience"":5,""prediction_length"":20,""seed"":2026,""validation_points"":252,""weight_decay"":0.0001,""window_stride"":5}",252,21,7,20,5,1306,47,2020-01-31,2020-02-03,2021-02-01,2021-02-01,2020-01-31,103.6527328491211,62.96654891967773,18,13,True,0.1973802596330642,9.6979056999553,0.0016315000830218,19540,True,True,,,49.3084716796875,2431.325379386544,3.3294443946654804
SPY,PatchTST,2021-02-01,349.3453369140625,2021-03-02,20,358.91851806640625,317.51373291015625,9.57318115234375,-31.83160400390625,1.0,-1.0,False,0.8429601228987706,49.11832010969541,9.712148499907926,7053,expanding,original,PatchTST-HF-supervised-v1,5.15.0,cpu,"{""batch_size"":64,""context_length"":252,""d_model"":32,""dropout"":0.1,""ffn_dim"":64,""learning_rate"":0.001,""max_epochs"":30,""min_delta"":0.0001,""num_attention_heads"":4,""num_hidden_layers"":2,""patch_length"":21,""patch_stride"":7,""patience"":5,""prediction_length"":20,""seed"":2026,""validation_points"":252,""weight_decay"":0.0001,""window_stride"":5}",252,21,7,20,5,1306,47,2020-01-31,2020-02-03,2021-02-01,2021-02-01,2020-01-31,103.6527328491211,62.96654891967773,18,13,True,0.1973802596330642,9.6979056999553,0.0016315000830218,19540,True,True,,,41.40478515625,1714.3562338352203,3.396422445413731
SPY,PatchTST,2021-02-08,362.6048278808594,2021-02-09,1,362.3633728027344,316.80010986328125,-0.241455078125,-45.804718017578125,-1.0,-1.0,True,0.8442417851280895,53.96944778389548,11.811330400058068,7058,expanding,original,PatchTST-HF-supervised-v1,5.15.0,cpu,"{""batch_size"":64,""context_length"":252,""d_model"":32,""dropout"":0.1,""ffn_dim"":64,""learning_rate"":0.001,""max_epochs"":30,""min_delta"":0.0001,""num_attention_heads"":4,""num_hidden_layers"":2,""patch_length"":21,""patch_stride"":7,""patience"":5,""prediction_length"":20,""seed"":2026,""validation_points"":252,""weight_decay"":0.0001,""window_stride"":5}",252,21,7,20,5,1307,47,2020-02-07,2020-02-10,2021-02-08,2021-02-08,2020-02-07,103.79788208007812,63.170654296875,22,17,True,0.1970627158880233,11.796796799986623,0.0017056000651791,19540,True,True,,,45.563262939453125,2076.0109296897426,3.3718540698056403
SPY,PatchTST,2021-02-08,362.6048278808594,2021-02-16,5,364.2669067382813,317.2461242675781,1.6620788574219318,-45.35870361328125,1.0,-1.0,False,0.8442417851280895,55.695872081916825,11.811330400058068,7058,expanding,original,PatchTST-HF-supervised-v1,5.15.0,cpu,"{""batch_size"":64,""context_length"":252,""d_model"":32,""dropout"":0.1,""ffn_dim"":64,""learning_rate"":0.001,""max_epochs"":30,""min_delta"":0.0001,""num_attention_heads"":4,""num_hidden_layers"":2,""patch_length"":21,""patch_stride"":7,""patience"":5,""prediction_length"":20,""seed"":2026,""validation_points"":252,""weight_decay"":0.0001,""window_stride"":5}",252,21,7,20,5,1307,47,2020-02-07,2020-02-10,2021-02-08,2021-02-08,2020-02-07,103.79788208007812,63.170654296875,22,17,True,0.1970627158880233,11.796796799986623,0.0017056000651791,19540,True,True,,,47.02078247070318,2210.953984157188,3.3789145381395724
SPY,PatchTST,2021-02-08,362.6048278808594,2021-03-09,20,359.5035095214844,321.7507629394531,-3.101318359375,-40.85406494140625,-1.0,-1.0,True,0.8442417851280895,44.71793181417022,11.811330400058068,7058,expanding,original,PatchTST-HF-supervised-v1,5.15.0,cpu,"{""batch_size"":64,""context_length"":252,""d_model"":32,""dropout"":0.1,""ffn_dim"":64,""learning_rate"":0.001,""max_epochs"":30,""min_delta"":0.0001,""num_attention_heads"":4,""num_hidden_layers"":2,""patch_length"":21,""patch_stride"":7,""patience"":5,""prediction_length"":20,""seed"":2026,""validation_points"":252,""weight_decay"":0.0001,""window_stride"":5}",252,21,7,20,5,1307,47,2020-02-07,2020-02-10,2021-02-08,2021-02-08,2020-02-07,103.79788208007812,63.170654296875,22,17,True,0.1970627158880233,11.796796799986623,0.0017056000651791,19540,True,True,,,37.75274658203125,1425.2698744870722,3.4502235774714296
SPY,PatchTST,2021-02-16,364.2669067382813,2021-02-17,1,364.3505859375,323.11944580078125,0.0836791992186931,-41.14746093750006,1.0,-1.0,False,0.8440818613765938,48.84732396627482,16.00936439994257,7063,expanding,original,PatchTST-HF-supervised-v1,5.15.0,cpu,"{""batch_size"":64,""context_length"":252,""d_model"":32,""dropout"":0.1,""ffn_dim"":64,""learning_rate"":0.001,""max_epochs"":30,""min_delta"":0.0001,""num_attention_heads"":4,""num_hidden_layers"":2,""patch_length"":21,""patch_stride"":7,""patience"":5,""prediction_length"":20,""seed"":2026,""validation_points"":252,""weight_decay"":0.0001,""window_stride"":5}",252,21,7,20,5,1308,47,2020-02-14,2020-02-18,2021-02-16,2021-02-16,2020-02-14,103.94677734375,63.38600158691406,30,25,False,0.1971253454685211,15.993234899942763,0.0016019000904634,19540,True,True,,,41.23114013671875,1700.00691697374,3.4577456058102123
SPY,PatchTST,2021-02-16,364.2669067382813,2021-02-23,5,359.8099365234375,323.9203491210937,-4.456970214843807,-40.34655761718756,-1.0,-1.0,True,0.8440818613765938,42.519083805227424,16.00936439994257,7063,expanding,original,PatchTST-HF-supervised-v1,5.15.0,cpu,"{""batch_size"":64,""context_length"":252,""d_model"":32,""dropout"":0.1,""ffn_dim"":64,""learning_rate"":0.001,""max_epochs"":30,""min_delta"":0.0001,""num_attention_heads"":4,""num_hidden_layers"":2,""patch_length"":21,""patch_stride"":7,""patience"":5,""prediction_length"":20,""seed"":2026,""validation_points"":252,""weight_decay"":0.0001,""window_stride"":5}",252,21,7,20,5,1308,47,2020-02-14,2020-02-18,2021-02-16,2021-02-16,2020-02-14,103.94677734375,63.38600158691406,30,25,False,0.1971253454685211,15.993234899942763,0.0016019000904634,19540,True,True,,,35.88958740234375,1288.0624839104712,3.470380940115284
SPY,PatchTST,2021-02-16,364.2669067382813,2021-03-16,20,367.6189575195313,326.568115234375,3.35205078125,-37.69879150390631,1.0,-1.0,False,0.8440818613765938,48.63372163714954,16.00936439994257,7063,expanding,original,PatchTST-HF-supervised-v1,5.15.0,cpu,"{""batch_size"":64,""context_length"":252,""d_model"":32,""dropout"":0.1,""ffn_dim"":64,""learning_rate"":0.001,""max_epochs"":30,""min_delta"":0.0001,""num_attention_heads"":4,""num_hidden_layers"":2,""patch_length"":21,""patch_stride"":7,""patience"":5,""prediction_length"":20,""seed"":2026,""validation_points"":252,""weight_decay"":0.0001,""window_stride"":5}",252,21,7,20,5,1308,47,2020-02-14,2020-02-18,2021-02-16,2021-02-16,2020-02-14,103.94677734375,63.38600158691406,30,25,False,0.1971253454685211,15.993234899942763,0.0016019000904634,19540,True,True,,,41.05084228515631,1685.1716523207772,3.5121530356409925
SPY,PatchTST,2021-02-23,359.8099365234375,2021-02-24,1,363.77484130859375,322.26373291015625,3.96490478515625,-37.54620361328125,1.0,-1.0,False,0.8442625383415133,49.168483159258464,11.646684099920094,7068,expanding,original,PatchTST-HF-supervised-v1,5.15.0,cpu,"{""batch_size"":64,""context_length"":252,""d_model"":32,""dropout"":0.1,""ffn_dim"":64,""learning_rate"":0.001,""max_epochs"":30,""min_delta"":0.0001,""num_attention_heads"":4,""num_hidden_layers"":2,""patch_length"":21,""patch_stride"":7,""patience"":5,""prediction_length"":20,""seed"":2026,""validation_points"":252,""weight_decay"":0.0001,""window_stride"":5}",252,21,7,20,5,1309,47,2020-02-24,2020-02-25,2021-02-23,2021-02-23,2020-02-24,104.09358215332033,63.59414291381836,21,16,True,0.2027453482151031,11.633202399942093,0.0011708000674843,19540,True,True,,,41.5111083984375,1723.1721204668283,3.4306642209565776
SPY,PatchTST,2021-02-23,359.8099365234375,2021-03-02,5,358.91851806640625,321.91229248046875,-0.89141845703125,-37.89764404296875,-1.0,-1.0,True,0.8442625383415133,43.83260408383545,11.646684099920094,7068,expanding,original,PatchTST-HF-supervised-v1,5.15.0,cpu,"{""batch_size"":64,""context_length"":252,""d_model"":32,""dropout"":0.1,""ffn_dim"":64,""learning_rate"":0.001,""max_epochs"":30,""min_delta"":0.0001,""num_attention_heads"":4,""num_hidden_layers"":2,""patch_length"":21,""patch_stride"":7,""patience"":5,""prediction_length"":20,""seed"":2026,""validation_points"":252,""weight_decay"":0.0001,""window_stride"":5}",252,21,7,20,5,1309,47,2020-02-24,2020-02-25,2021-02-23,2021-02-23,2020-02-24,104.09358215332033,63.59414291381836,21,16,True,0.2027453482151031,11.633202399942093,0.0011708000674843,19540,True,True,,,37.0062255859375,1369.4607321172953,3.4251379191057336
SPY,PatchTST,2021-02-23,359.8099365234375,2021-03-23,20,362.8515625,325.8341064453125,3.0416259765625,-33.975830078125,1.0,-1.0,False,0.8442625383415133,43.84590618861918,11.646684099920094,7068,expanding,original,PatchTST-HF-supervised-v1,5.15.0,cpu,"{""batch_size"":64,""context_length"":252,""d_model"":32,""dropout"":0.1,""ffn_dim"":64,""learning_rate"":0.001,""max_epochs"":30,""min_delta"":0.0001,""num_attention_heads"":4,""num_hidden_layers"":2,""patch_length"":21,""patch_stride"":7,""patience"":5,""prediction_length"":20,""seed"":2026,""validation_points"":252,""weight_decay"":0.0001,""window_stride"":5}",252,21,7,20,5,1309,47,2020-02-24,2020-02-25,2021-02-23,2021-02-23,2020-02-24,104.09358215332033,63.59414291381836,21,16,True,0.2027453482151031,11.633202399942093,0.0011708000674843,19540,True,True,,,37.0174560546875,1370.2920527607205,3.4868073399855546
SPY,PatchTST,2021-03-02,358.91851806640625,2021-03-03,1,354.1643981933594,317.7325744628906,-4.754119873046875,-41.185943603515625,-1.0,-1.0,True,0.8473340947164133,42.99581942664752,7.0132431000238284,7073,expanding,original,PatchTST-HF-supervised-v1,5.15.0,cpu,"{""batch_size"":64,""context_length"":252,""d_model"":32,""dropout"":0.1,""ffn_dim"":64,""learning_rate"":0.001,""max_epochs"":30,""min_delta"":0.0001,""num_attention_heads"":4,""num_hidden_layers"":2,""patch_length"":21,""patch_stride"":7,""patience"":5,""prediction_length"":20,""seed"":2026,""validation_points"":252,""weight_decay"":0.0001,""window_stride"":5}",252,21,7,20,5,1310,47,2020-03-02,2020-03-03,2021-03-02,2021-03-02,2020-03-02,104.2213363647461,63.74583053588867,13,8,True,0.2178609371185302,6.999494399991818,0.0011824999237433,19540,True,True,,,36.43182373046875,1327.277780327946,3.3494149547230148
SPY,PatchTST,2021-03-02,358.91851806640625,2021-03-09,5,359.5035095214844,317.46343994140625,0.584991455078125,-41.455078125,1.0,-1.0,False,0.8473340947164133,49.61451432465744,7.0132431000238284,7073,expanding,original,PatchTST-HF-supervised-v1,5.15.0,cpu,"{""batch_size"":64,""context_length"":252,""d_model"":32,""dropout"":0.1,""ffn_dim"":64,""learning_rate"":0.001,""max_epochs"":30,""min_delta"":0.0001,""num_attention_heads"":4,""num_hidden_layers"":2,""patch_length"":21,""patch_stride"":7,""patience"":5,""prediction_length"":20,""seed"":2026,""validation_points"":252,""weight_decay"":0.0001,""window_stride"":5}",252,21,7,20,5,1310,47,2020-03-02,2020-03-03,2021-03-02,2021-03-02,2020-03-02,104.2213363647461,63.74583053588867,13,8,True,0.2178609371185302,6.999494399991818,0.0011824999237433,19540,True,True,,,42.040069580078125,1767.36745029781,3.345192960606351
SPY,PatchTST,2021-03-02,358.91851806640625,2021-03-30,20,367.7237243652344,321.8216552734375,8.805206298828125,-37.09686279296875,1.0,-1.0,False,0.8473340947164133,54.17233813441607,7.0132431000238284,7073,expanding,original,PatchTST-HF-supervised-v1,5.15.0,cpu,"{""batch_size"":64,""context_length"":252,""d_model"":32,""dropout"":0.1,""ffn_dim"":64,""learning_rate"":0.001,""max_epochs"":30,""min_delta"":0.0001,""num_attention_heads"":4,""num_hidden_layers"":2,""patch_length"":21,""patch_stride"":7,""patience"":5,""prediction_length"":20,""seed"":2026,""validation_points"":252,""weight_decay"":0.0001,""window_stride"":5}",252,21,7,20,5,1310,47,2020-03-02,2020-03-03,2021-03-02,2021-03-02,2020-03-02,104.2213363647461,63.74583053588867,13,8,True,0.2178609371185302,6.999494399991818,0.0011824999237433,19540,True,True,,,45.90206909179688,2106.999946908094,3.413561594215691
SPY,PatchTST,2021-03-09,359.5035095214844,2021-03-10,1,361.7412414550781,323.98602294921875,2.23773193359375,-35.517486572265625,1.0,-1.0,False,0.8499014340872751,44.42305541748544,11.78393779997714,7078,expanding,original,PatchTST-HF-supervised-v1,5.15.0,cpu,"{""batch_size"":64,""context_length"":252,""d_model"":32,""dropout"":0.1,""ffn_dim"":64,""learning_rate"":0.001,""max_epochs"":30,""min_delta"":0.0001,""num_attention_heads"":4,""num_hidden_layers"":2,""patch_length"":21,""patch_stride"":7,""patience"":5,""prediction_length"":20,""seed"":2026,""validation_points"":252,""weight_decay"":0.0001,""window_stride"":5}",252,21,7,20,5,1311,47,2020-03-09,2020-03-10,2021-03-09,2021-03-09,2020-03-09,104.3436050415039,63.88305282592773,22,17,True,0.2029964625835418,11.77125990006607,0.0011304999934509,19540,True,True,,,37.755218505859375,1425.4565244251862,3.4381953928565268
SPY,PatchTST,2021-03-09,359.5035095214844,2021-03-16,5,367.6189575195313,325.031494140625,8.115447998046932,-34.472015380859375,1.0,-1.0,False,0.8499014340872751,50.108708693546056,11.78393779997714,7078,expanding,original,PatchTST-HF-supervised-v1,5.15.0,cpu,"{""batch_size"":64,""context_length"":252,""d_model"":32,""dropout"":0.1,""ffn_dim"":64,""learning_rate"":0.001,""max_epochs"":30,""min_delta"":0.0001,""num_attention_heads"":4,""num_hidden_layers"":2,""patch_length"":21,""patch_stride"":7,""patience"":5,""prediction_length"":20,""seed"":2026,""validation_points"":252,""weight_decay"":0.0001,""window_stride"":5}",252,21,7,20,5,1311,47,2020-03-09,2020-03-10,2021-03-09,2021-03-09,2020-03-09,104.3436050415039,63.88305282592773,22,17,True,0.2029964625835418,11.77125990006607,0.0011304999934509,19540,True,True,,,42.58746337890631,1813.6920370496855,3.454560784696128
SPY,PatchTST,2021-03-09,359.5035095214844,2021-04-07,20,378.7723083496094,325.7864990234375,19.268798828125,-33.717010498046875,1.0,-1.0,False,0.8499014340872751,62.343475609114975,11.78393779997714,7078,expanding,original,PatchTST-HF-supervised-v1,5.15.0,cpu,"{""batch_size"":64,""context_length"":252,""d_model"":32,""dropout"":0.1,""ffn_dim"":64,""learning_rate"":0.001,""max_epochs"":30,""min_delta"":0.0001,""num_attention_heads"":4,""num_hidden_layers"":2,""patch_length"":21,""patch_stride"":7,""patience"":5,""prediction_length"":20,""seed"":2026,""validation_points"":252,""weight_decay"":0.0001,""window_stride"":5}",252,21,7,20,5,1311,47,2020-03-09,2020-03-10,2021-03-09,2021-03-09,2020-03-09,104.3436050415039,63.88305282592773,22,17,True,0.2029964625835418,11.77125990006607,0.0011304999934509,19540,True,True,,,52.98580932617188,2807.4959899494424,3.4663793320168046
SPY,PatchTST,2021-03-16,367.6189575195313,2021-03-17,1,368.87249755859375,327.8437194824219,1.2535400390624432,-39.77523803710943,1.0,-1.0,False,0.8505784276850783,48.23632570583196,9.263737299945204,7083,expanding,original,PatchTST-HF-supervised-v1,5.15.0,cpu,"{""batch_size"":64,""context_length"":252,""d_model"":32,""dropout"":0.1,""ffn_dim"":64,""learning_rate"":0.001,""max_epochs"":30,""min_delta"":0.0001,""num_attention_heads"":4,""num_hidden_layers"":2,""patch_length"":21,""patch_stride"":7,""patience"":5,""prediction_length"":20,""seed"":2026,""validation_points"":252,""weight_decay"":0.0001,""window_stride"":5}",252,21,7,20,5,1312,47,2020-03-16,2020-03-17,2021-03-16,2021-03-16,2020-03-16,104.4433822631836,63.96747589111328,17,12,True,0.1821540892124176,9.249006199999712,0.0012260000221431,19540,True,True,,,41.02877807617188,1683.360630423762,3.49240507159474
SPY,PatchTST,2021-03-16,367.6189575195313,2021-03-23,5,362.8515625,328.5099182128906,-4.767395019531307,-39.10903930664068,-1.0,-1.0,True,0.8505784276850783,40.37445950818796,9.263737299945204,7083,expanding,original,PatchTST-HF-supervised-v1,5.15.0,cpu,"{""batch_size"":64,""context_length"":252,""d_model"":32,""dropout"":0.1,""ffn_dim"":64,""learning_rate"":0.001,""max_epochs"":30,""min_delta"":0.0001,""num_attention_heads"":4,""num_hidden_layers"":2,""patch_length"":21,""patch_stride"":7,""patience"":5,""prediction_length"":20,""seed"":2026,""validation_points"":252,""weight_decay"":0.0001,""window_stride"":5}",252,21,7,20,5,1312,47,2020-03-16,2020-03-17,2021-03-16,2021-03-16,2020-03-16,104.4433822631836,63.96747589111328,17,12,True,0.1821540892124176,9.249006199999712,0.0012260000221431,19540,True,True,,,34.341644287109375,1179.348532342352,3.5028197193698496
SPY,PatchTST,2021-03-16,367.6189575195313,2021-04-14,20,383.2997741699219,331.41900634765625,15.680816650390568,-36.19995117187506,1.0,-1.0,False,0.8505784276850783,60.99469035849352,9.263737299945204,7083,expanding,original,PatchTST-HF-supervised-v1,5.15.0,cpu,"{""batch_size"":64,""context_length"":252,""d_model"":32,""dropout"":0.1,""ffn_dim"":64,""learning_rate"":0.001,""max_epochs"":30,""min_delta"":0.0001,""num_attention_heads"":4,""num_hidden_layers"":2,""patch_length"":21,""patch_stride"":7,""patience"":5,""prediction_length"":20,""seed"":2026,""validation_points"":252,""weight_decay"":0.0001,""window_stride"":5}",252,21,7,20,5,1312,47,2020-03-16,2020-03-17,2021-03-16,2021-03-16,2020-03-16,104.4433822631836,63.96747589111328,17,12,True,0.1821540892124176,9.249006199999712,0.0012260000221431,19540,True,True,,,51.880767822265625,2691.6140698278323,3.548297332707564
SPY,PatchTST,2021-03-23,362.8515625,2021-03-24,1,361.0069885253906,331.2569580078125,-1.844573974609375,-31.5946044921875,-1.0,-1.0,True,0.8518223720123694,34.92515751528785,9.7670224000467,7088,expanding,original,PatchTST-HF-supervised-v1,5.15.0,cpu,"{""batch_size"":64,""context_length"":252,""d_model"":32,""dropout"":0.1,""ffn_dim"":64,""learning_rate"":0.001,""max_epochs"":30,""min_delta"":0.0001,""num_attention_heads"":4,""num_hidden_layers"":2,""patch_length"":21,""patch_stride"":7,""patience"":5,""prediction_length"":20,""seed"":2026,""validation_points"":252,""weight_decay"":0.0001,""window_stride"":5}",252,21,7,20,5,1313,47,2020-03-23,2020-03-24,2021-03-23,2021-03-23,2020-03-23,104.52535247802734,64.01628875732422,18,13,True,0.1739013493061065,9.75249270000495,0.0011317000025883,19540,True,True,,,29.750030517578125,885.0643157968298,3.5417799115048574
SPY,PatchTST,2021-03-23,362.8515625,2021-03-30,5,367.7237243652344,332.3943786621094,4.872161865234375,-30.457183837890625,1.0,-1.0,False,0.8518223720123694,41.475015054678536,9.7670224000467,7088,expanding,original,PatchTST-HF-supervised-v1,5.15.0,cpu,"{""batch_size"":64,""context_length"":252,""d_model"":32,""dropout"":0.1,""ffn_dim"":64,""learning_rate"":0.001,""max_epochs"":30,""min_delta"":0.0001,""num_attention_heads"":4,""num_hidden_layers"":2,""patch_length"":21,""patch_stride"":7,""patience"":5,""prediction_length"":20,""seed"":2026,""validation_points"":252,""weight_decay"":0.0001,""window_stride"":5}",252,21,7,20,5,1313,47,2020-03-23,2020-03-24,2021-03-23,2021-03-23,2020-03-23,104.52535247802734,64.01628875732422,18,13,True,0.1739013493061065,9.75249270000495,0.0011317000025883,19540,True,True,,,35.329345703125,1248.162667810917,3.5595475871445474
SPY,PatchTST,2021-03-23,362.8515625,2021-04-21,20,387.6036987304688,333.8678894042969,24.752136230468807,-28.983673095703125,1.0,-1.0,False,0.8518223720123694,63.08335058073777,9.7670224000467,7088,expanding,original,PatchTST-HF-supervised-v1,5.15.0,cpu,"{""batch_size"":64,""context_length"":252,""d_model"":32,""dropout"":0.1,""ffn_dim"":64,""learning_rate"":0.001,""max_epochs"":30,""min_delta"":0.0001,""num_attention_heads"":4,""num_hidden_layers"":2,""patch_length"":21,""patch_stride"":7,""patience"":5,""prediction_length"":20,""seed"":2026,""validation_points"":252,""weight_decay"":0.0001,""window_stride"":5}",252,21,7,20,5,1313,47,2020-03-23,2020-03-24,2021-03-23,2021-03-23,2020-03-23,104.52535247802734,64.01628875732422,18,13,True,0.1739013493061065,9.75249270000495,0.0011317000025883,19540,True,True,,,53.73580932617193,2887.537203938706,3.5825653342022274
SPY,PatchTST,2021-03-30,367.7237243652344,2021-03-31,1,369.2142639160156,336.26007080078125,1.49053955078125,-31.463653564453125,1.0,-1.0,False,0.8527574286377506,38.64427562698283,13.503484899993056,7093,expanding,original,PatchTST-HF-supervised-v1,5.15.0,cpu,"{""batch_size"":64,""context_length"":252,""d_model"":32,""dropout"":0.1,""ffn_dim"":64,""learning_rate"":0.001,""max_epochs"":30,""min_delta"":0.0001,""num_attention_heads"":4,""num_hidden_layers"":2,""patch_length"":21,""patch_stride"":7,""patience"":5,""prediction_length"":20,""seed"":2026,""validation_points"":252,""weight_decay"":0.0001,""window_stride"":5}",252,21,7,20,5,1314,47,2020-03-30,2020-03-31,2021-03-30,2021-03-30,2020-03-30,104.61866760253906,64.08609771728516,25,20,True,0.158590480685234,13.49043249990791,0.0011184000177308,19540,True,True,,,32.954193115234375,1085.978843876161,3.614534375616451
SPY,PatchTST,2021-03-30,367.7237243652344,2021-04-07,5,378.7723083496094,338.2036437988281,11.048583984375,-29.52008056640625,1.0,-1.0,False,0.8527574286377506,47.57351057684509,13.503484899993056,7093,expanding,original,PatchTST-HF-supervised-v1,5.15.0,cpu,"{""batch_size"":64,""context_length"":252,""d_model"":32,""dropout"":0.1,""ffn_dim"":64,""learning_rate"":0.001,""max_epochs"":30,""min_delta"":0.0001,""num_attention_heads"":4,""num_hidden_layers"":2,""patch_length"":21,""patch_stride"":7,""patience"":5,""prediction_length"":20,""seed"":2026,""validation_points"":252,""weight_decay"":0.0001,""window_stride"":5}",252,21,7,20,5,1314,47,2020-03-30,2020-03-31,2021-03-30,2021-03-30,2020-03-30,104.61866760253906,64.08609771728516,25,20,True,0.158590480685234,13.49043249990791,0.0011184000177308,19540,True,True,,,40.56866455078125,1645.8165434338152,3.644861904788549
SPY,PatchTST,2021-03-30,367.7237243652344,2021-04-28,20,388.8426818847656,337.11968994140625,21.11895751953125,-30.604034423828125,1.0,-1.0,False,0.8527574286377506,60.65381573513232,13.503484899993056,7093,expanding,original,PatchTST-HF-supervised-v1,5.15.0,cpu,"{""batch_size"":64,""context_length"":252,""d_model"":32,""dropout"":0.1,""ffn_dim"":64,""learning_rate"":0.001,""max_epochs"":30,""min_delta"":0.0001,""num_attention_heads"":4,""num_hidden_layers"":2,""patch_length"":21,""patch_stride"":7,""patience"":5,""prediction_length"":20,""seed"":2026,""validation_points"":252,""weight_decay"":0.0001,""window_stride"":5}",252,21,7,20,5,1314,47,2020-03-30,2020-03-31,2021-03-30,2021-03-30,2020-03-30,104.61866760253906,64.08609771728516,25,20,True,0.158590480685234,13.49043249990791,0.0011184000177308,19540,True,True,,,51.722991943359375,2675.267895572819,3.6279478798122784
SPY,PatchTST,2021-04-07,378.7723083496094,2021-04-08,1,380.5703125,336.5067443847656,1.798004150390625,-42.26556396484375,1.0,-1.0,False,0.8537764337611433,51.61019486227915,8.750959499971941,7098,expanding,original,PatchTST-HF-supervised-v1,5.15.0,cpu,"{""batch_size"":64,""context_length"":252,""d_model"":32,""dropout"":0.1,""ffn_dim"":64,""learning_rate"":0.001,""max_epochs"":30,""min_delta"":0.0001,""num_attention_heads"":4,""num_hidden_layers"":2,""patch_length"":21,""patch_stride"":7,""patience"":5,""prediction_length"":20,""seed"":2026,""validation_points"":252,""weight_decay"":0.0001,""window_stride"":5}",252,21,7,20,5,1315,47,2020-04-06,2020-04-07,2021-04-07,2021-04-07,2020-04-06,104.71218872070312,64.15623474121094,16,11,True,0.1785501986742019,8.736390799982473,0.00122510001529,19540,True,True,,,44.063568115234375,1941.5980350458997,3.6129700659500927
SPY,PatchTST,2021-04-07,378.7723083496094,2021-04-14,5,383.2997741699219,334.23992919921875,4.5274658203125,-44.53237915039063,1.0,-1.0,False,0.8537764337611433,57.46216811651696,8.750959499971941,7098,expanding,original,PatchTST-HF-supervised-v1,5.15.0,cpu,"{""batch_size"":64,""context_length"":252,""d_model"":32,""dropout"":0.1,""ffn_dim"":64,""learning_rate"":0.001,""max_epochs"":30,""min_delta"":0.0001,""num_attention_heads"":4,""num_hidden_layers"":2,""patch_length"":21,""patch_stride"":7,""patience"":5,""prediction_length"":20,""seed"":2026,""validation_points"":252,""weight_decay"":0.0001,""window_stride"":5}",252,21,7,20,5,1315,47,2020-04-06,2020-04-07,2021-04-07,2021-04-07,2020-04-06,104.71218872070312,64.15623474121094,16,11,True,0.1785501986742019,8.736390799982473,0.00122510001529,19540,True,True,,,49.059844970703125,2406.8683885494247,3.577637331809902
SPY,PatchTST,2021-04-07,378.7723083496094,2021-05-05,20,387.3056640625,338.4203491210937,8.533355712890625,-40.351959228515625,1.0,-1.0,False,0.8537764337611433,57.25774688585823,8.750959499971941,7098,expanding,original,PatchTST-HF-supervised-v1,5.15.0,cpu,"{""batch_size"":64,""context_length"":252,""d_model"":32,""dropout"":0.1,""ffn_dim"":64,""learning_rate"":0.001,""max_epochs"":30,""min_delta"":0.0001,""num_attention_heads"":4,""num_hidden_layers"":2,""patch_length"":21,""patch_stride"":7,""patience"":5,""prediction_length"":20,""seed"":2026,""validation_points"":252,""weight_decay"":0.0001,""window_stride"":5}",252,21,7,20,5,1315,47,2020-04-06,2020-04-07,2021-04-07,2021-04-07,2020-04-06,104.71218872070312,64.15623474121094,16,11,True,0.1785501986742019,8.736390799982473,0.00122510001529,19540,True,True,,,48.88531494140625,2389.774016920477,3.642797326606006
SPY,PatchTST,2021-04-14,383.2997741699219,2021-04-15,1,387.41741943359375,344.80975341796875,4.117645263671875,-38.490020751953125,1.0,-1.0,False,0.854182758723404,49.88120584323564,16.3436447000131,7103,expanding,original,PatchTST-HF-supervised-v1,5.15.0,cpu,"{""batch_size"":64,""context_length"":252,""d_model"":32,""dropout"":0.1,""ffn_dim"":64,""learning_rate"":0.001,""max_epochs"":30,""min_delta"":0.0001,""num_attention_heads"":4,""num_hidden_layers"":2,""patch_length"":21,""patch_stride"":7,""patience"":5,""prediction_length"":20,""seed"":2026,""validation_points"":252,""weight_decay"":0.0001,""window_stride"":5}",252,21,7,20,5,1316,47,2020-04-14,2020-04-15,2021-04-14,2021-04-14,2020-04-14,104.8200225830078,64.25701904296875,30,26,False,0.1460193991661071,16.328449600026943,0.0012929999502375,19540,True,True,,,42.607666015625,1815.4132032990456,3.734840713268686
SPY,PatchTST,2021-04-14,383.2997741699219,2021-04-21,5,387.6036987304688,343.66943359375,4.303924560546932,-39.63034057617188,1.0,-1.0,False,0.854182758723404,51.43426823830955,16.3436447000131,7103,expanding,original,PatchTST-HF-supervised-v1,5.15.0,cpu,"{""batch_size"":64,""context_length"":252,""d_model"":32,""dropout"":0.1,""ffn_dim"":64,""learning_rate"":0.001,""max_epochs"":30,""min_delta"":0.0001,""num_attention_heads"":4,""num_hidden_layers"":2,""patch_length"":21,""patch_stride"":7,""patience"":5,""prediction_length"":20,""seed"":2026,""validation_points"":252,""weight_decay"":0.0001,""window_stride"":5}",252,21,7,20,5,1316,47,2020-04-14,2020-04-15,2021-04-14,2021-04-14,2020-04-14,104.8200225830078,64.25701904296875,30,26,False,0.1460193991661071,16.328449600026943,0.0012929999502375,19540,True,True,,,43.93426513671881,1930.2196531035056,3.7170944834995114
SPY,PatchTST,2021-04-14,383.2997741699219,2021-05-12,20,377.6730041503906,346.1183166503906,-5.62677001953125,-37.18145751953125,-1.0,-1.0,True,0.854182758723404,36.941377214355406,16.3436447000131,7103,expanding,original,PatchTST-HF-supervised-v1,5.15.0,cpu,"{""batch_size"":64,""context_length"":252,""d_model"":32,""dropout"":0.1,""ffn_dim"":64,""learning_rate"":0.001,""max_epochs"":30,""min_delta"":0.0001,""num_attention_heads"":4,""num_hidden_layers"":2,""patch_length"":21,""patch_stride"":7,""patience"":5,""prediction_length"":20,""seed"":2026,""validation_points"":252,""weight_decay"":0.0001,""window_stride"":5}",252,21,7,20,5,1316,47,2020-04-14,2020-04-15,2021-04-14,2021-04-14,2020-04-14,104.8200225830078,64.25701904296875,30,26,False,0.1460193991661071,16.328449600026943,0.0012929999502375,19540,True,True,,,31.5546875,995.6983032226562,3.755205231447577
SPY,PatchTST,2021-04-21,387.6036987304688,2021-04-22,1,384.063720703125,329.1368713378906,-3.539978027343807,-58.46682739257818,-1.0,-1.0,True,0.855521803652333,64.202746359876,6.637232000008225,7108,expanding,original,PatchTST-HF-supervised-v1,5.15.0,cpu,"{""batch_size"":64,""context_length"":252,""d_model"":32,""dropout"":0.1,""ffn_dim"":64,""learning_rate"":0.001,""max_epochs"":30,""min_delta"":0.0001,""num_attention_heads"":4,""num_hidden_layers"":2,""patch_length"":21,""patch_stride"":7,""patience"":5,""prediction_length"":20,""seed"":2026,""validation_points"":252,""weight_decay"":0.0001,""window_stride"":5}",252,21,7,20,5,1317,47,2020-04-21,2020-04-22,2021-04-21,2021-04-21,2020-04-21,104.93055725097656,64.36385345458984,12,7,True,0.2742983102798462,6.621400199946947,0.0012127000372856,19540,True,True,,,54.926849365234375,3016.958781191148,3.483419684390039
SPY,PatchTST,2021-04-21,387.6036987304688,2021-04-28,5,388.8426818847656,333.34716796875,1.2389831542968182,-54.25653076171881,1.0,-1.0,False,0.855521803652333,64.86744543400076,6.637232000008225,7108,expanding,original,PatchTST-HF-supervised-v1,5.15.0,cpu,"{""batch_size"":64,""context_length"":252,""d_model"":32,""dropout"":0.1,""ffn_dim"":64,""learning_rate"":0.001,""max_epochs"":30,""min_delta"":0.0001,""num_attention_heads"":4,""num_hidden_layers"":2,""patch_length"":21,""patch_stride"":7,""patience"":5,""prediction_length"":20,""seed"":2026,""validation_points"":252,""weight_decay"":0.0001,""window_stride"":5}",252,21,7,20,5,1317,47,2020-04-21,2020-04-22,2021-04-21,2021-04-21,2020-04-21,104.93055725097656,64.36385345458984,12,7,True,0.2742983102798462,6.621400199946947,0.0012127000372856,19540,True,True,,,55.495513916015625,3079.752064802684,3.548833676947676
SPY,PatchTST,2021-04-21,387.6036987304688,2021-05-19,20,382.7501525878906,328.0863647460937,-4.853546142578182,-59.51733398437506,-1.0,-1.0,True,0.855521803652333,63.89525972152914,6.637232000008225,7108,expanding,original,PatchTST-HF-supervised-v1,5.15.0,cpu,"{""batch_size"":64,""context_length"":252,""d_model"":32,""dropout"":0.1,""ffn_dim"":64,""learning_rate"":0.001,""max_epochs"":30,""min_delta"":0.0001,""num_attention_heads"":4,""num_hidden_layers"":2,""patch_length"":21,""patch_stride"":7,""patience"":5,""prediction_length"":20,""seed"":2026,""validation_points"":252,""weight_decay"":0.0001,""window_stride"":5}",252,21,7,20,5,1317,47,2020-04-21,2020-04-22,2021-04-21,2021-04-21,2020-04-21,104.93055725097656,64.36385345458984,12,7,True,0.2742983102798462,6.621400199946947,0.0012127000372856,19540,True,True,,,54.66378784179688,2988.12970121298,3.467098309341572
SPY,PatchTST,2021-04-28,388.8426818847656,2021-04-29,1,391.32080078125,343.9718017578125,2.478118896484375,-44.870880126953125,1.0,-1.0,False,0.8561450724392562,55.30487828252603,10.223762599984184,7113,expanding,original,PatchTST-HF-supervised-v1,5.15.0,cpu,"{""batch_size"":64,""context_length"":252,""d_model"":32,""dropout"":0.1,""ffn_dim"":64,""learning_rate"":0.001,""max_epochs"":30,""min_delta"":0.0001,""num_attention_heads"":4,""num_hidden_layers"":2,""patch_length"":21,""patch_stride"":7,""patience"":5,""prediction_length"":20,""seed"":2026,""validation_points"":252,""weight_decay"":0.0001,""window_stride"":5}",252,21,7,20,5,1318,47,2020-04-28,2020-04-29,2021-04-28,2021-04-28,2020-04-28,105.04302978515624,64.47512817382812,19,14,True,0.2079341262578964,10.21011310000904,0.0012347000883892,19540,True,True,,,47.3489990234375,2241.9277085214853,3.705751019656642
SPY,PatchTST,2021-04-28,388.8426818847656,2021-05-05,5,387.3056640625,343.39312744140625,-1.537017822265625,-45.449554443359375,-1.0,-1.0,True,0.8561450724392562,51.29099966198703,10.223762599984184,7113,expanding,original,PatchTST-HF-supervised-v1,5.15.0,cpu,"{""batch_size"":64,""context_length"":252,""d_model"":32,""dropout"":0.1,""ffn_dim"":64,""learning_rate"":0.001,""max_epochs"":30,""min_delta"":0.0001,""num_attention_heads"":4,""num_hidden_layers"":2,""patch_length"":21,""patch_stride"":7,""patience"":5,""prediction_length"":20,""seed"":2026,""validation_points"":252,""weight_decay"":0.0001,""window_stride"":5}",252,21,7,20,5,1318,47,2020-04-28,2020-04-29,2021-04-28,2021-04-28,2020-04-28,105.04302978515624,64.47512817382812,19,14,True,0.2079341262578964,10.21011310000904,0.0012347000883892,19540,True,True,,,43.91253662109375,1928.3108724989,3.696775863921455
SPY,PatchTST,2021-04-28,388.8426818847656,2021-05-26,20,390.39849853515625,342.55084228515625,1.555816650390625,-46.291839599609375,1.0,-1.0,False,0.8561450724392562,55.88732306042071,10.223762599984184,7113,expanding,original,PatchTST-HF-supervised-v1,5.15.0,cpu,"{""batch_size"":64,""context_length"":252,""d_model"":32,""dropout"":0.1,""ffn_dim"":64,""learning_rate"":0.001,""max_epochs"":30,""min_delta"":0.0001,""num_attention_heads"":4,""num_hidden_layers"":2,""patch_length"":21,""patch_stride"":7,""patience"":5,""prediction_length"":20,""seed"":2026,""validation_points"":252,""weight_decay"":0.0001,""window_stride"":5}",252,21,7,20,5,1318,47,2020-04-28,2020-04-29,2021-04-28,2021-04-28,2020-04-28,105.04302978515624,64.47512817382812,19,14,True,0.2079341262578964,10.21011310000904,0.0012347000883892,19540,True,True,,,47.84765625,2289.398208618164,3.6837121418303695
SPY,PatchTST,2021-05-05,387.3056640625,2021-05-06,1,390.39849853515625,344.99676513671875,3.09283447265625,-42.30889892578125,1.0,-1.0,False,0.8567256233372919,52.994485237384914,10.706529200077057,7118,expanding,original,PatchTST-HF-supervised-v1,5.15.0,cpu,"{""batch_size"":64,""context_length"":252,""d_model"":32,""dropout"":0.1,""ffn_dim"":64,""learning_rate"":0.001,""max_epochs"":30,""min_delta"":0.0001,""num_attention_heads"":4,""num_hidden_layers"":2,""patch_length"":21,""patch_stride"":7,""patience"":5,""prediction_length"":20,""seed"":2026,""validation_points"":252,""weight_decay"":0.0001,""window_stride"":5}",252,21,7,20,5,1319,47,2020-05-05,2020-05-06,2021-05-05,2021-05-05,2020-05-05,105.15833282470705,64.59308624267578,20,15,True,0.2040682882070541,10.693140899995342,0.001143499976024,19540,True,True,,,45.4017333984375,2061.317395582795,3.7130666184758594
SPY,PatchTST,2021-05-05,387.3056640625,2021-05-12,5,377.6730041503906,345.0221252441406,-9.632659912109377,-42.283538818359375,-1.0,-1.0,True,0.8567256233372919,38.11124357301426,10.706529200077057,7118,expanding,original,PatchTST-HF-supervised-v1,5.15.0,cpu,"{""batch_size"":64,""context_length"":252,""d_model"":32,""dropout"":0.1,""ffn_dim"":64,""learning_rate"":0.001,""max_epochs"":30,""min_delta"":0.0001,""num_attention_heads"":4,""num_hidden_layers"":2,""patch_length"":21,""patch_stride"":7,""patience"":5,""prediction_length"":20,""seed"":2026,""validation_points"":252,""weight_decay"":0.0001,""window_stride"":5}",252,21,7,20,5,1319,47,2020-05-05,2020-05-06,2021-05-05,2021-05-05,2020-05-05,105.15833282470705,64.59308624267578,20,15,True,0.2040682882070541,10.693140899995342,0.001143499976024,19540,True,True,,,32.65087890625,1066.0798933506012,3.713459231817272
SPY,PatchTST,2021-05-05,387.3056640625,2021-06-03,20,390.1190185546875,346.5641784667969,2.8133544921875,-40.741485595703125,1.0,-1.0,False,0.8567256233372919,50.83872701066994,10.706529200077057,7118,expanding,original,PatchTST-HF-supervised-v1,5.15.0,cpu,"{""batch_size"":64,""context_length"":252,""d_model"":32,""dropout"":0.1,""ffn_dim"":64,""learning_rate"":0.001,""max_epochs"":30,""min_delta"":0.0001,""num_attention_heads"":4,""num_hidden_layers"":2,""patch_length"":21,""patch_stride"":7,""patience"":5,""prediction_length"":20,""seed"":2026,""validation_points"":252,""weight_decay"":0.0001,""window_stride"":5}",252,21,7,20,5,1319,47,2020-05-05,2020-05-06,2021-05-05,2021-05-05,2020-05-05,105.15833282470705,64.59308624267578,20,15,True,0.2040682882070541,10.693140899995342,0.001143499976024,19540,True,True,,,43.55484008789063,1897.024095081724,3.7373325797613965
SPY,PatchTST,2021-05-12,377.6730041503906,2021-05-13,1,382.2098388671875,342.82781982421875,4.536834716796875,-34.845184326171875,1.0,-1.0,False,0.8591431154691918,45.83871805975143,8.136552799958736,7123,expanding,original,PatchTST-HF-supervised-v1,5.15.0,cpu,"{""batch_size"":64,""context_length"":252,""d_model"":32,""dropout"":0.1,""ffn_dim"":64,""learning_rate"":0.001,""max_epochs"":30,""min_delta"":0.0001,""num_attention_heads"":4,""num_hidden_layers"":2,""patch_length"":21,""patch_stride"":7,""patience"":5,""prediction_length"":20,""seed"":2026,""validation_points"":252,""weight_decay"":0.0001,""window_stride"":5}",252,21,7,20,5,1320,47,2020-05-12,2020-05-13,2021-05-12,2021-05-12,2020-05-12,105.27444458007812,64.71282196044922,15,10,True,0.2794385850429535,8.11997599992901,0.0012976999860256,19540,True,True,,,39.38201904296875,1550.9434239007533,3.6708857386767497
SPY,PatchTST,2021-05-12,377.6730041503906,2021-05-19,5,382.7501525878906,340.5782470703125,5.0771484375,-37.094757080078125,1.0,-1.0,False,0.8591431154691918,49.086007625804434,8.136552799958736,7123,expanding,original,PatchTST-HF-supervised-v1,5.15.0,cpu,"{""batch_size"":64,""context_length"":252,""d_model"":32,""dropout"":0.1,""ffn_dim"":64,""learning_rate"":0.001,""max_epochs"":30,""min_delta"":0.0001,""num_attention_heads"":4,""num_hidden_layers"":2,""patch_length"":21,""patch_stride"":7,""patience"":5,""prediction_length"":20,""seed"":2026,""validation_points"":252,""weight_decay"":0.0001,""window_stride"":5}",252,21,7,20,5,1320,47,2020-05-12,2020-05-13,2021-05-12,2021-05-12,2020-05-12,105.27444458007812,64.71282196044922,15,10,True,0.2794385850429535,8.11997599992901,0.0012976999860256,19540,True,True,,,42.171905517578125,1778.4696149835363,3.636123342512337
SPY,PatchTST,2021-05-12,377.6730041503906,2021-06-10,20,394.6278381347656,343.8143310546875,16.954833984375,-33.858673095703125,1.0,-1.0,False,0.8591431154691918,59.144403493622896,8.136552799958736,7123,expanding,original,PatchTST-HF-supervised-v1,5.15.0,cpu,"{""batch_size"":64,""context_length"":252,""d_model"":32,""dropout"":0.1,""ffn_dim"":64,""learning_rate"":0.001,""max_epochs"":30,""min_delta"":0.0001,""num_attention_heads"":4,""num_hidden_layers"":2,""patch_length"":21,""patch_stride"":7,""patience"":5,""prediction_length"":20,""seed"":2026,""validation_points"":252,""weight_decay"":0.0001,""window_stride"":5}",252,21,7,20,5,1320,47,2020-05-12,2020-05-13,2021-05-12,2021-05-12,2020-05-12,105.27444458007812,64.71282196044922,15,10,True,0.2794385850429535,8.11997599992901,0.0012976999860256,19540,True,True,,,50.813507080078125,2582.0125017771497,3.6861301863856086
SPY,PatchTST,2021-05-19,382.7501525878906,2021-05-20,1,386.8677062988281,346.4710693359375,4.1175537109375,-36.279083251953125,1.0,-1.0,False,0.8607481079615401,46.93200785367933,8.663534000050277,7128,expanding,original,PatchTST-HF-supervised-v1,5.15.0,cpu,"{""batch_size"":64,""context_length"":252,""d_model"":32,""dropout"":0.1,""ffn_dim"":64,""learning_rate"":0.001,""max_epochs"":30,""min_delta"":0.0001,""num_attention_heads"":4,""num_hidden_layers"":2,""patch_length"":21,""patch_stride"":7,""patience"":5,""prediction_length"":20,""seed"":2026,""validation_points"":252,""weight_decay"":0.0001,""window_stride"":5}",252,21,7,20,5,1321,47,2020-05-19,2020-05-20,2021-05-19,2021-05-19,2020-05-19,105.38987731933594,64.8307876586914,16,11,True,0.2709987461566925,8.649229100090452,0.0011509000323712,19540,True,True,,,40.39663696289063,1631.888277911581,3.718621980744692
SPY,PatchTST,2021-05-19,382.7501525878906,2021-05-26,5,390.39849853515625,346.4600830078125,7.648345947265625,-36.290069580078125,1.0,-1.0,False,0.8607481079615401,51.04677561406502,8.663534000050277,7128,expanding,original,PatchTST-HF-supervised-v1,5.15.0,cpu,"{""batch_size"":64,""context_length"":252,""d_model"":32,""dropout"":0.1,""ffn_dim"":64,""learning_rate"":0.001,""max_epochs"":30,""min_delta"":0.0001,""num_attention_heads"":4,""num_hidden_layers"":2,""patch_length"":21,""patch_stride"":7,""patience"":5,""prediction_length"":20,""seed"":2026,""validation_points"":252,""weight_decay"":0.0001,""window_stride"":5}",252,21,7,20,5,1321,47,2020-05-19,2020-05-20,2021-05-19,2021-05-19,2020-05-19,105.38987731933594,64.8307876586914,16,11,True,0.2709987461566925,8.649229100090452,0.0011509000323712,19540,True,True,,,43.93841552734375,1930.5843590535223,3.7184525191582796
SPY,PatchTST,2021-05-19,382.7501525878906,2021-06-17,20,393.1001281738281,346.509521484375,10.3499755859375,-36.240631103515625,1.0,-1.0,False,0.8607481079615401,54.128038456908094,8.663534000050277,7128,expanding,original,PatchTST-HF-supervised-v1,5.15.0,cpu,"{""batch_size"":64,""context_length"":252,""d_model"":32,""dropout"":0.1,""ffn_dim"":64,""learning_rate"":0.001,""max_epochs"":30,""min_delta"":0.0001,""num_attention_heads"":4,""num_hidden_layers"":2,""patch_length"":21,""patch_stride"":7,""patience"":5,""prediction_length"":20,""seed"":2026,""validation_points"":252,""weight_decay"":0.0001,""window_stride"":5}",252,21,7,20,5,1321,47,2020-05-19,2020-05-20,2021-05-19,2021-05-19,2020-05-19,105.38987731933594,64.8307876586914,16,11,True,0.2709987461566925,8.649229100090452,0.0011509000323712,19540,True,True,,,46.590606689453125,2170.6846316913143,3.719215096297135
SPY,PatchTST,2021-05-26,390.39849853515625,2021-05-27,1,390.6034851074219,350.662841796875,0.204986572265625,-39.73565673828125,1.0,-1.0,False,0.8615488051298426,46.35911868571101,9.347279200097546,7133,expanding,original,PatchTST-HF-supervised-v1,5.15.0,cpu,"{""batch_size"":64,""context_length"":252,""d_model"":32,""dropout"":0.1,""ffn_dim"":64,""learning_rate"":0.001,""max_epochs"":30,""min_delta"":0.0001,""num_attention_heads"":4,""num_hidden_layers"":2,""patch_length"":21,""patch_stride"":7,""patience"":5,""prediction_length"":20,""seed"":2026,""validation_points"":252,""weight_decay"":0.0001,""window_stride"":5}",252,21,7,20,5,1322,47,2020-05-27,2020-05-28,2021-05-26,2021-05-26,2020-05-27,105.51182556152344,64.96485137939453,17,12,True,0.2647218406200409,9.330621700035408,0.0014301999472081,19540,True,True,,,39.94064331054688,1595.2549880603328,3.7735946597286953
SPY,PatchTST,2021-05-26,390.39849853515625,2021-06-03,5,390.1190185546875,349.04132080078125,-0.27947998046875,-41.357177734375,-1.0,-1.0,True,0.8615488051298426,47.67889817654091,9.347279200097546,7133,expanding,original,PatchTST-HF-supervised-v1,5.15.0,cpu,"{""batch_size"":64,""context_length"":252,""d_model"":32,""dropout"":0.1,""ffn_dim"":64,""learning_rate"":0.001,""max_epochs"":30,""min_delta"":0.0001,""num_attention_heads"":4,""num_hidden_layers"":2,""patch_length"":21,""patch_stride"":7,""patience"":5,""prediction_length"":20,""seed"":2026,""validation_points"":252,""weight_decay"":0.0001,""window_stride"":5}",252,21,7,20,5,1322,47,2020-05-27,2020-05-28,2021-05-26,2021-05-26,2020-05-27,105.51182556152344,64.96485137939453,17,12,True,0.2647218406200409,9.330621700035408,0.0014301999472081,19540,True,True,,,41.07769775390625,1687.3772527612746,3.748634685809505
SPY,PatchTST,2021-05-26,390.39849853515625,2021-06-24,20,397.3115234375,351.518798828125,6.91302490234375,-38.87969970703125,1.0,-1.0,False,0.8615488051298426,53.15163149982392,9.347279200097546,7133,expanding,original,PatchTST-HF-supervised-v1,5.15.0,cpu,"{""batch_size"":64,""context_length"":252,""d_model"":32,""dropout"":0.1,""ffn_dim"":64,""learning_rate"":0.001,""max_epochs"":30,""min_delta"":0.0001,""num_attention_heads"":4,""num_hidden_layers"":2,""patch_length"":21,""patch_stride"":7,""patience"":5,""prediction_length"":20,""seed"":2026,""validation_points"":252,""weight_decay"":0.0001,""window_stride"":5}",252,21,7,20,5,1322,47,2020-05-27,2020-05-28,2021-05-26,2021-05-26,2020-05-27,105.51182556152344,64.96485137939453,17,12,True,0.2647218406200409,9.330621700035408,0.0014301999472081,19540,True,True,,,45.792724609375,2096.9736271500587,3.7867703541707747
SPY,PatchTST,2021-06-03,390.1190185546875,2021-06-04,1,393.6870422363281,351.9305114746094,3.568023681640625,-38.188507080078125,1.0,-1.0,False,0.8614099039422779,48.47463509604228,14.31948750000447,7138,expanding,original,PatchTST-HF-supervised-v1,5.15.0,cpu,"{""batch_size"":64,""context_length"":252,""d_model"":32,""dropout"":0.1,""ffn_dim"":64,""learning_rate"":0.001,""max_epochs"":30,""min_delta"":0.0001,""num_attention_heads"":4,""num_hidden_layers"":2,""patch_length"":21,""patch_stride"":7,""patience"":5,""prediction_length"":20,""seed"":2026,""validation_points"":252,""weight_decay"":0.0001,""window_stride"":5}",252,21,7,20,5,1323,47,2020-06-03,2020-06-04,2021-06-03,2021-06-03,2020-06-03,105.63934326171876,65.1133804321289,26,21,True,0.2894652485847473,14.302821599994786,0.0011177000124007,19540,True,True,,,41.75653076171875,1743.6078612543645,3.782497031767731
SPY,PatchTST,2021-06-03,390.1190185546875,2021-06-10,5,394.6278381347656,352.9109802246094,4.508819580078125,-37.208038330078125,1.0,-1.0,False,0.8614099039422779,48.42857937810714,14.31948750000447,7138,expanding,original,PatchTST-HF-supervised-v1,5.15.0,cpu,"{""batch_size"":64,""context_length"":252,""d_model"":32,""dropout"":0.1,""ffn_dim"":64,""learning_rate"":0.001,""max_epochs"":30,""min_delta"":0.0001,""num_attention_heads"":4,""num_hidden_layers"":2,""patch_length"":21,""patch_stride"":7,""patience"":5,""prediction_length"":20,""seed"":2026,""validation_points"":252,""weight_decay"":0.0001,""window_stride"":5}",252,21,7,20,5,1323,47,2020-06-03,2020-06-04,2021-06-03,2021-06-03,2020-06-03,105.63934326171876,65.1133804321289,26,21,True,0.2894652485847473,14.302821599994786,0.0011177000124007,19540,True,True,,,41.71685791015625,1740.296233896166,3.7975549007263543
SPY,PatchTST,2021-06-03,390.1190185546875,2021-07-01,20,402.2930908203125,352.80987548828125,12.174072265625,-37.30914306640625,1.0,-1.0,False,0.8614099039422779,57.44444672108978,14.31948750000447,7138,expanding,original,PatchTST-HF-supervised-v1,5.15.0,cpu,"{""batch_size"":64,""context_length"":252,""d_model"":32,""dropout"":0.1,""ffn_dim"":64,""learning_rate"":0.001,""max_epochs"":30,""min_delta"":0.0001,""num_attention_heads"":4,""num_hidden_layers"":2,""patch_length"":21,""patch_stride"":7,""patience"":5,""prediction_length"":20,""seed"":2026,""validation_points"":252,""weight_decay"":0.0001,""window_stride"":5}",252,21,7,20,5,1323,47,2020-06-03,2020-06-04,2021-06-03,2021-06-03,2020-06-03,105.63934326171876,65.1133804321289,26,21,True,0.2894652485847473,14.302821599994786,0.0011177000124007,19540,True,True,,,49.48321533203125,2448.588599596173,3.7960021517267304
SPY,PatchTST,2021-06-10,394.6278381347656,2021-06-11,1,395.280029296875,349.9220886230469,0.652191162109375,-44.70574951171875,1.0,-1.0,False,0.861709471878569,52.63716154233002,8.181382699985988,7143,expanding,original,PatchTST-HF-supervised-v1,5.15.0,cpu,"{""batch_size"":64,""context_length"":252,""d_model"":32,""dropout"":0.1,""ffn_dim"":64,""learning_rate"":0.001,""max_epochs"":30,""min_delta"":0.0001,""num_attention_heads"":4,""num_hidden_layers"":2,""patch_length"":21,""patch_stride"":7,""patience"":5,""prediction_length"":20,""seed"":2026,""validation_points"":252,""weight_decay"":0.0001,""window_stride"":5}",252,21,7,20,5,1324,47,2020-06-10,2020-06-11,2021-06-10,2021-06-10,2020-06-10,105.77474212646484,65.28348541259766,15,10,True,0.3695033490657806,8.16335629997775,0.0013434999855235,19540,True,True,,,45.357940673828125,2057.342782170512,3.739802569570976
SPY,PatchTST,2021-06-10,394.6278381347656,2021-06-17,5,393.1001281738281,347.7683410644531,-1.5277099609375,-46.8594970703125,-1.0,-1.0,True,0.861709471878569,52.60681075090132,8.181382699985988,7143,expanding,original,PatchTST-HF-supervised-v1,5.15.0,cpu,"{""batch_size"":64,""context_length"":252,""d_model"":32,""dropout"":0.1,""ffn_dim"":64,""learning_rate"":0.001,""max_epochs"":30,""min_delta"":0.0001,""num_attention_heads"":4,""num_hidden_layers"":2,""patch_length"":21,""patch_stride"":7,""patience"":5,""prediction_length"":20,""seed"":2026,""validation_points"":252,""weight_decay"":0.0001,""window_stride"":5}",252,21,7,20,5,1324,47,2020-06-10,2020-06-11,2021-06-10,2021-06-10,2020-06-10,105.77474212646484,65.28348541259766,15,10,True,0.3695033490657806,8.16335629997775,0.0013434999855235,19540,True,True,,,45.331787109375,2054.9709225296974,3.706811874527936
SPY,PatchTST,2021-06-10,394.6278381347656,2021-07-09,20,407.0503540039063,345.7342834472656,12.422515869140682,-48.8935546875,1.0,-1.0,False,0.861709471878569,71.15631492708167,8.181382699985988,7143,expanding,original,PatchTST-HF-supervised-v1,5.15.0,cpu,"{""batch_size"":64,""context_length"":252,""d_model"":32,""dropout"":0.1,""ffn_dim"":64,""learning_rate"":0.001,""max_epochs"":30,""min_delta"":0.0001,""num_attention_heads"":4,""num_hidden_layers"":2,""patch_length"":21,""patch_stride"":7,""patience"":5,""prediction_length"":20,""seed"":2026,""validation_points"":252,""weight_decay"":0.0001,""window_stride"":5}",252,21,7,20,5,1324,47,2020-06-10,2020-06-11,2021-06-10,2021-06-10,2020-06-10,105.77474212646484,65.28348541259766,15,10,True,0.3695033490657806,8.16335629997775,0.0013434999855235,19540,True,True,,,61.31607055664068,3759.660508506938,3.6756545672191723
SPY,PatchTST,2021-06-17,393.1001281738281,2021-06-18,1,387.7969665527344,352.46173095703125,-5.30316162109375,-40.63839721679688,-1.0,-1.0,True,0.8617505556189033,41.00401834998018,11.957277899957262,7148,expanding,original,PatchTST-HF-supervised-v1,5.15.0,cpu,"{""batch_size"":64,""context_length"":252,""d_model"":32,""dropout"":0.1,""ffn_dim"":64,""learning_rate"":0.001,""max_epochs"":30,""min_delta"":0.0001,""num_attention_heads"":4,""num_hidden_layers"":2,""patch_length"":21,""patch_stride"":7,""patience"":5,""prediction_length"":20,""seed"":2026,""validation_points"":252,""weight_decay"":0.0001,""window_stride"":5}",252,21,7,20,5,1325,47,2020-06-17,2020-06-18,2021-06-17,2021-06-17,2020-06-17,105.90233612060548,65.43160247802734,22,17,True,0.3453015983104706,11.941440399968997,0.001158699975349,19540,True,True,,,35.335235595703125,1248.5788746038452,3.7682004642821205
SPY,PatchTST,2021-06-17,393.1001281738281,2021-06-24,5,397.3115234375,354.2712097167969,4.211395263671875,-38.82891845703125,1.0,-1.0,False,0.8617505556189033,49.94521145366929,11.957277899957262,7148,expanding,original,PatchTST-HF-supervised-v1,5.15.0,cpu,"{""batch_size"":64,""context_length"":252,""d_model"":32,""dropout"":0.1,""ffn_dim"":64,""learning_rate"":0.001,""max_epochs"":30,""min_delta"":0.0001,""num_attention_heads"":4,""num_hidden_layers"":2,""patch_length"":21,""patch_stride"":7,""patience"":5,""prediction_length"":20,""seed"":2026,""validation_points"":252,""weight_decay"":0.0001,""window_stride"":5}",252,21,7,20,5,1325,47,2020-06-17,2020-06-18,2021-06-17,2021-06-17,2020-06-17,105.90233612060548,65.43160247802734,22,17,True,0.3453015983104706,11.941440399968997,0.001158699975349,19540,True,True,,,43.040313720703125,1852.4686051765457,3.795854972061802
SPY,PatchTST,2021-06-17,393.1001281738281,2021-07-16,20,403.14361572265625,351.86199951171875,10.043487548828123,-41.238128662109375,1.0,-1.0,False,0.8617505556189033,59.50865465251415,11.957277899957262,7148,expanding,original,PatchTST-HF-supervised-v1,5.15.0,cpu,"{""batch_size"":64,""context_length"":252,""d_model"":32,""dropout"":0.1,""ffn_dim"":64,""learning_rate"":0.001,""max_epochs"":30,""min_delta"":0.0001,""num_attention_heads"":4,""num_hidden_layers"":2,""patch_length"":21,""patch_stride"":7,""patience"":5,""prediction_length"":20,""seed"":2026,""validation_points"":252,""weight_decay"":0.0001,""window_stride"":5}",252,21,7,20,5,1325,47,2020-06-17,2020-06-18,2021-06-17,2021-06-17,2020-06-17,105.90233612060548,65.43160247802734,22,17,True,0.3453015983104706,11.941440399968997,0.001158699975349,19540,True,True,,,51.2816162109375,2629.804161205888,3.7590346877674174
SPY,PatchTST,2021-06-24,397.3115234375,2021-06-25,1,398.72271728515625,358.2933959960937,1.41119384765625,-39.01812744140625,1.0,-1.0,False,0.8633532140078963,46.82825132645273,11.971574800089002,7153,expanding,original,PatchTST-HF-supervised-v1,5.15.0,cpu,"{""batch_size"":64,""context_length"":252,""d_model"":32,""dropout"":0.1,""ffn_dim"":64,""learning_rate"":0.001,""max_epochs"":30,""min_delta"":0.0001,""num_attention_heads"":4,""num_hidden_layers"":2,""patch_length"":21,""patch_stride"":7,""patience"":5,""prediction_length"":20,""seed"":2026,""validation_points"":252,""weight_decay"":0.0001,""window_stride"":5}",252,21,7,20,5,1326,47,2020-06-24,2020-06-25,2021-06-24,2021-06-24,2020-06-24,106.03189849853516,65.58464813232422,22,17,True,0.2823877036571502,11.95811069989577,0.0011123999720439,19540,True,True,,,40.4293212890625,1634.5300198942423,3.846349788880369
SPY,PatchTST,2021-06-24,397.3115234375,2021-07-01,5,402.2930908203125,359.7631225585937,4.9815673828125,-37.54840087890625,1.0,-1.0,False,0.8633532140078963,49.2613771185078,11.971574800089002,7153,expanding,original,PatchTST-HF-supervised-v1,5.15.0,cpu,"{""batch_size"":64,""context_length"":252,""d_model"":32,""dropout"":0.1,""ffn_dim"":64,""learning_rate"":0.001,""max_epochs"":30,""min_delta"":0.0001,""num_attention_heads"":4,""num_hidden_layers"":2,""patch_length"":21,""patch_stride"":7,""patience"":5,""prediction_length"":20,""seed"":2026,""validation_points"":252,""weight_decay"":0.0001,""window_stride"":5}",252,21,7,20,5,1326,47,2020-06-24,2020-06-25,2021-06-24,2021-06-24,2020-06-24,106.03189849853516,65.58464813232422,22,17,True,0.2823877036571502,11.95811069989577,0.0011123999720439,19540,True,True,,,42.52996826171875,1808.798200342804,3.868759401561902
SPY,PatchTST,2021-06-24,397.3115234375,2021-07-23,20,411.1814575195313,362.516845703125,13.869934082031309,-34.794677734375,1.0,-1.0,False,0.8633532140078963,56.36697822724641,11.971574800089002,7153,expanding,original,PatchTST-HF-supervised-v1,5.15.0,cpu,"{""batch_size"":64,""context_length"":252,""d_model"":32,""dropout"":0.1,""ffn_dim"":64,""learning_rate"":0.001,""max_epochs"":30,""min_delta"":0.0001,""num_attention_heads"":4,""num_hidden_layers"":2,""patch_length"":21,""patch_stride"":7,""patience"":5,""prediction_length"":20,""seed"":2026,""validation_points"":252,""weight_decay"":0.0001,""window_stride"":5}",252,21,7,20,5,1326,47,2020-06-24,2020-06-25,2021-06-24,2021-06-24,2020-06-24,106.03189849853516,65.58464813232422,22,17,True,0.2823877036571502,11.95811069989577,0.0011123999720439,19540,True,True,,,48.66461181640631,2368.2444432415123,3.9107467144918324
SPY,PatchTST,2021-07-01,402.2930908203125,2021-07-02,1,405.3680114746094,362.2469177246094,3.074920654296875,-40.046173095703125,1.0,-1.0,False,0.8634461022729198,49.94068956532297,11.946864500059746,7158,expanding,original,PatchTST-HF-supervised-v1,5.15.0,cpu,"{""batch_size"":64,""context_length"":252,""d_model"":32,""dropout"":0.1,""ffn_dim"":64,""learning_rate"":0.001,""max_epochs"":30,""min_delta"":0.0001,""num_attention_heads"":4,""num_hidden_layers"":2,""patch_length"":21,""patch_stride"":7,""patience"":5,""prediction_length"":20,""seed"":2026,""validation_points"":252,""weight_decay"":0.0001,""window_stride"":5}",252,21,7,20,5,1327,47,2020-07-01,2020-07-02,2021-07-01,2021-07-01,2020-07-01,106.15924835205078,65.7314682006836,22,17,True,0.2860484719276428,11.930386999971232,0.0016048999968916,19540,True,True,,,43.12109375,1859.428726196289,3.8959675842125088
SPY,PatchTST,2021-07-01,402.2930908203125,2021-07-09,5,407.0503540039063,361.5356750488281,4.757263183593807,-40.757415771484375,1.0,-1.0,False,0.8634461022729198,52.71281998409184,11.946864500059746,7158,expanding,original,PatchTST-HF-supervised-v1,5.15.0,cpu,"{""batch_size"":64,""context_length"":252,""d_model"":32,""dropout"":0.1,""ffn_dim"":64,""learning_rate"":0.001,""max_epochs"":30,""min_delta"":0.0001,""num_attention_heads"":4,""num_hidden_layers"":2,""patch_length"":21,""patch_stride"":7,""patience"":5,""prediction_length"":20,""seed"":2026,""validation_points"":252,""weight_decay"":0.0001,""window_stride"":5}",252,21,7,20,5,1327,47,2020-07-01,2020-07-02,2021-07-01,2021-07-01,2020-07-01,106.15924835205078,65.7314682006836,22,17,True,0.2860484719276428,11.930386999971232,0.0016048999968916,19540,True,True,,,45.51467895507818,2071.586000383837,3.885147155348669
SPY,PatchTST,2021-07-01,402.2930908203125,2021-07-30,20,409.8449401855469,364.6617126464844,7.551849365234375,-37.631378173828125,1.0,-1.0,False,0.8634461022729198,52.32894956630529,11.946864500059746,7158,expanding,original,PatchTST-HF-supervised-v1,5.15.0,cpu,"{""batch_size"":64,""context_length"":252,""d_model"":32,""dropout"":0.1,""ffn_dim"":64,""learning_rate"":0.001,""max_epochs"":30,""min_delta"":0.0001,""num_attention_heads"":4,""num_hidden_layers"":2,""patch_length"":21,""patch_stride"":7,""patience"":5,""prediction_length"":20,""seed"":2026,""validation_points"":252,""weight_decay"":0.0001,""window_stride"":5}",252,21,7,20,5,1327,47,2020-07-01,2020-07-02,2021-07-01,2021-07-01,2020-07-01,106.15924835205078,65.7314682006836,22,17,True,0.2860484719276428,11.930386999971232,0.0016048999968916,19540,True,True,,,45.1832275390625,2041.524050846696,3.932704857667324
SPY,PatchTST,2021-07-09,407.0503540039063,2021-07-12,1,408.5083923339844,353.795654296875,1.4580383300780682,-53.25469970703131,1.0,-1.0,False,0.8646376385298633,63.27822847283981,8.22536680009216,7163,expanding,original,PatchTST-HF-supervised-v1,5.15.0,cpu,"{""batch_size"":64,""context_length"":252,""d_model"":32,""dropout"":0.1,""ffn_dim"":64,""learning_rate"":0.001,""max_epochs"":30,""min_delta"":0.0001,""num_attention_heads"":4,""num_hidden_layers"":2,""patch_length"":21,""patch_stride"":7,""patience"":5,""prediction_length"":20,""seed"":2026,""validation_points"":252,""weight_decay"":0.0001,""window_stride"":5}",252,21,7,20,5,1328,47,2020-07-09,2020-07-10,2021-07-09,2021-07-09,2020-07-09,106.29214477539062,65.89303588867188,15,10,True,0.3811424374580383,8.209505700040609,0.0011899000965058,19540,True,True,,,54.712738037109375,2993.483703517355,3.7561406328226927
SPY,PatchTST,2021-07-09,407.0503540039063,2021-07-16,5,403.14361572265625,355.5152587890625,-3.906738281250057,-51.53509521484381,-1.0,-1.0,True,0.8646376385298633,55.08476014828116,8.22536680009216,7163,expanding,original,PatchTST-HF-supervised-v1,5.15.0,cpu,"{""batch_size"":64,""context_length"":252,""d_model"":32,""dropout"":0.1,""ffn_dim"":64,""learning_rate"":0.001,""max_epochs"":30,""min_delta"":0.0001,""num_attention_heads"":4,""num_hidden_layers"":2,""patch_length"":21,""patch_stride"":7,""patience"":5,""prediction_length"":20,""seed"":2026,""validation_points"":252,""weight_decay"":0.0001,""window_stride"":5}",252,21,7,20,5,1328,47,2020-07-09,2020-07-10,2021-07-09,2021-07-09,2020-07-09,106.29214477539062,65.89303588867188,15,10,True,0.3811424374580383,8.209505700040609,0.0011899000965058,19540,True,True,,,47.62835693359375,2268.460384193808,3.782237540773524
SPY,PatchTST,2021-07-09,407.0503540039063,2021-08-06,20,413.5647277832031,359.625244140625,6.514373779296818,-47.42510986328131,1.0,-1.0,False,0.8646376385298633,62.38391811660086,8.22536680009216,7163,expanding,original,PatchTST-HF-supervised-v1,5.15.0,cpu,"{""batch_size"":64,""context_length"":252,""d_model"":32,""dropout"":0.1,""ffn_dim"":64,""learning_rate"":0.001,""max_epochs"":30,""min_delta"":0.0001,""num_attention_heads"":4,""num_hidden_layers"":2,""patch_length"":21,""patch_stride"":7,""patience"":5,""prediction_length"":20,""seed"":2026,""validation_points"":252,""weight_decay"":0.0001,""window_stride"":5}",252,21,7,20,5,1328,47,2020-07-09,2020-07-10,2021-07-09,2021-07-09,2020-07-09,106.29214477539062,65.89303588867188,15,10,True,0.3811424374580383,8.209505700040609,0.0011899000965058,19540,True,True,,,53.939483642578125,2909.467895627953,3.844611133007253
SPY,PatchTST,2021-07-16,403.14361572265625,2021-07-19,1,397.1900329589844,357.0820007324219,-5.953582763671875,-46.061614990234375,-1.0,-1.0,True,0.8651559296654946,46.35931032926046,7.33211850002408,7168,expanding,original,PatchTST-HF-supervised-v1,5.15.0,cpu,"{""batch_size"":64,""context_length"":252,""d_model"":32,""dropout"":0.1,""ffn_dim"":64,""learning_rate"":0.001,""max_epochs"":30,""min_delta"":0.0001,""num_attention_heads"":4,""num_hidden_layers"":2,""patch_length"":21,""patch_stride"":7,""patience"":5,""prediction_length"":20,""seed"":2026,""validation_points"":252,""weight_decay"":0.0001,""window_stride"":5}",252,21,7,20,5,1329,47,2020-07-16,2020-07-17,2021-07-16,2021-07-16,2020-07-16,106.42754364013672,66.06132507324219,13,8,True,0.4299503266811371,7.318934399983846,0.0011292999843135,19540,True,True,,,40.1080322265625,1608.654249086976,3.7942692916677734
SPY,PatchTST,2021-07-16,403.14361572265625,2021-07-23,5,411.1814575195313,355.4615783691406,8.037841796875057,-47.682037353515625,1.0,-1.0,False,0.8651559296654946,64.40443536222922,7.33211850002408,7168,expanding,original,PatchTST-HF-supervised-v1,5.15.0,cpu,"{""batch_size"":64,""context_length"":252,""d_model"":32,""dropout"":0.1,""ffn_dim"":64,""learning_rate"":0.001,""max_epochs"":30,""min_delta"":0.0001,""num_attention_heads"":4,""num_hidden_layers"":2,""patch_length"":21,""patch_stride"":7,""patience"":5,""prediction_length"":20,""seed"":2026,""validation_points"":252,""weight_decay"":0.0001,""window_stride"":5}",252,21,7,20,5,1329,47,2020-07-16,2020-07-17,2021-07-16,2021-07-16,2020-07-16,106.42754364013672,66.06132507324219,13,8,True,0.4299503266811371,7.318934399983846,0.0011292999843135,19540,True,True,,,55.71987915039068,3104.7049325341422,3.7697402292930073
SPY,PatchTST,2021-07-16,403.14361572265625,2021-08-13,20,416.77056884765625,355.709228515625,13.626953125,-47.43438720703125,1.0,-1.0,False,0.8651559296654946,70.57842203733159,7.33211850002408,7168,expanding,original,PatchTST-HF-supervised-v1,5.15.0,cpu,"{""batch_size"":64,""context_length"":252,""d_model"":32,""dropout"":0.1,""ffn_dim"":64,""learning_rate"":0.001,""max_epochs"":30,""min_delta"":0.0001,""num_attention_heads"":4,""num_hidden_layers"":2,""patch_length"":21,""patch_stride"":7,""patience"":5,""prediction_length"":20,""seed"":2026,""validation_points"":252,""weight_decay"":0.0001,""window_stride"":5}",252,21,7,20,5,1329,47,2020-07-16,2020-07-17,2021-07-16,2021-07-16,2020-07-16,106.42754364013672,66.06132507324219,13,8,True,0.4299503266811371,7.318934399983846,0.0011292999843135,19540,True,True,,,61.06134033203125,3728.487283144146,3.7734890209833014
SPY,PatchTST,2021-07-23,411.1814575195313,2021-07-26,1,412.1908874511719,354.3816223144531,1.0094299316405682,-56.79983520507818,1.0,-1.0,False,0.8673337360899077,66.65169672441549,6.1176773000042886,7173,expanding,original,PatchTST-HF-supervised-v1,5.15.0,cpu,"{""batch_size"":64,""context_length"":252,""d_model"":32,""dropout"":0.1,""ffn_dim"":64,""learning_rate"":0.001,""max_epochs"":30,""min_delta"":0.0001,""num_attention_heads"":4,""num_hidden_layers"":2,""patch_length"":21,""patch_stride"":7,""patience"":5,""prediction_length"":20,""seed"":2026,""validation_points"":252,""weight_decay"":0.0001,""window_stride"":5}",252,21,7,20,5,1330,47,2020-07-23,2020-07-24,2021-07-23,2021-07-23,2020-07-23,106.56632232666016,66.23889923095703,11,6,True,0.4525265395641327,6.10365340008866,0.0011445999843999,19540,True,True,,,57.80926513671875,3341.911135647446,3.7412351784972815
SPY,PatchTST,2021-07-23,411.1814575195313,2021-07-30,5,409.8449401855469,358.18463134765625,-1.3365173339844318,-52.99682617187506,-1.0,-1.0,True,0.8673337360899077,59.56220389948665,6.1176773000042886,7173,expanding,original,PatchTST-HF-supervised-v1,5.15.0,cpu,"{""batch_size"":64,""context_length"":252,""d_model"":32,""dropout"":0.1,""ffn_dim"":64,""learning_rate"":0.001,""max_epochs"":30,""min_delta"":0.0001,""num_attention_heads"":4,""num_hidden_layers"":2,""patch_length"":21,""patch_stride"":7,""patience"":5,""prediction_length"":20,""seed"":2026,""validation_points"":252,""weight_decay"":0.0001,""window_stride"":5}",252,21,7,20,5,1330,47,2020-07-23,2020-07-24,2021-07-23,2021-07-23,2020-07-23,106.56632232666016,66.23889923095703,11,6,True,0.4525265395641327,6.10365340008866,0.0011445999843999,19540,True,True,,,51.66030883789063,2668.78750922624,3.7986487085733636
SPY,PatchTST,2021-07-23,411.1814575195313,2021-08-20,20,414.37786865234375,361.7837524414063,3.196411132812443,-49.39770507812506,1.0,-1.0,False,0.8673337360899077,60.63884525931273,6.1176773000042886,7173,expanding,original,PatchTST-HF-supervised-v1,5.15.0,cpu,"{""batch_size"":64,""context_length"":252,""d_model"":32,""dropout"":0.1,""ffn_dim"":64,""learning_rate"":0.001,""max_epochs"":30,""min_delta"":0.0001,""num_attention_heads"":4,""num_hidden_layers"":2,""patch_length"":21,""patch_stride"":7,""patience"":5,""prediction_length"":20,""seed"":2026,""validation_points"":252,""weight_decay"":0.0001,""window_stride"":5}",252,21,7,20,5,1330,47,2020-07-23,2020-07-24,2021-07-23,2021-07-23,2020-07-23,106.56632232666016,66.23889923095703,11,6,True,0.4525265395641327,6.10365340008866,0.0011445999843999,19540,True,True,,,52.5941162109375,2766.1410600095987,3.8529841690888063
SPY,PatchTST,2021-07-30,409.8449401855469,2021-08-02,1,408.9850158691406,358.6903381347656,-0.85992431640625,-51.15460205078125,-1.0,-1.0,True,0.8676710369295609,57.96514530708948,9.274722400004975,7178,expanding,original,PatchTST-HF-supervised-v1,5.15.0,cpu,"{""batch_size"":64,""context_length"":252,""d_model"":32,""dropout"":0.1,""ffn_dim"":64,""learning_rate"":0.001,""max_epochs"":30,""min_delta"":0.0001,""num_attention_heads"":4,""num_hidden_layers"":2,""patch_length"":21,""patch_stride"":7,""patience"":5,""prediction_length"":20,""seed"":2026,""validation_points"":252,""weight_decay"":0.0001,""window_stride"":5}",252,21,7,20,5,1331,47,2020-07-30,2020-07-31,2021-07-30,2021-07-30,2020-07-30,106.70404815673828,66.4129409790039,17,12,True,0.4679531157016754,9.260333099984564,0.0012895999243482,19540,True,True,,,50.294677734375,2529.5546084046364,3.7942347720708747
SPY,PatchTST,2021-07-30,409.8449401855469,2021-08-06,5,413.5647277832031,358.0830383300781,3.71978759765625,-51.76190185546875,1.0,-1.0,False,0.8676710369295609,63.94323089250368,9.274722400004975,7178,expanding,original,PatchTST-HF-supervised-v1,5.15.0,cpu,"{""batch_size"":64,""context_length"":252,""d_model"":32,""dropout"":0.1,""ffn_dim"":64,""learning_rate"":0.001,""max_epochs"":30,""min_delta"":0.0001,""num_attention_heads"":4,""num_hidden_layers"":2,""patch_length"":21,""patch_stride"":7,""patience"":5,""prediction_length"":20,""seed"":2026,""validation_points"":252,""weight_decay"":0.0001,""window_stride"":5}",252,21,7,20,5,1331,47,2020-07-30,2020-07-31,2021-07-30,2021-07-30,2020-07-30,106.70404815673828,66.4129409790039,17,12,True,0.4679531157016754,9.260333099984564,0.0012895999243482,19540,True,True,,,55.481689453125,3078.217864573002,3.7850904728464285
SPY,PatchTST,2021-07-30,409.8449401855469,2021-08-27,20,420.8175048828125,363.08209228515625,10.972564697265623,-46.76284790039063,1.0,-1.0,False,0.8676710369295609,66.54067053104058,9.274722400004975,7178,expanding,original,PatchTST-HF-supervised-v1,5.15.0,cpu,"{""batch_size"":64,""context_length"":252,""d_model"":32,""dropout"":0.1,""ffn_dim"":64,""learning_rate"":0.001,""max_epochs"":30,""min_delta"":0.0001,""num_attention_heads"":4,""num_hidden_layers"":2,""patch_length"":21,""patch_stride"":7,""patience"":5,""prediction_length"":20,""seed"":2026,""validation_points"":252,""weight_decay"":0.0001,""window_stride"":5}",252,21,7,20,5,1331,47,2020-07-30,2020-07-31,2021-07-30,2021-07-30,2020-07-30,106.70404815673828,66.4129409790039,17,12,True,0.4679531157016754,9.260333099984564,0.0012895999243482,19540,True,True,,,57.73541259765625,3333.377867821604,3.860362759864384
SPY,PatchTST,2021-08-06,413.5647277832031,2021-08-09,1,413.2283020019531,366.586669921875,-0.33642578125,-46.978057861328125,-1.0,-1.0,True,0.8683891423861985,53.71051963168743,8.792928300099447,7183,expanding,original,PatchTST-HF-supervised-v1,5.15.0,cpu,"{""batch_size"":64,""context_length"":252,""d_model"":32,""dropout"":0.1,""ffn_dim"":64,""learning_rate"":0.001,""max_epochs"":30,""min_delta"":0.0001,""num_attention_heads"":4,""num_hidden_layers"":2,""patch_length"":21,""patch_stride"":7,""patience"":5,""prediction_length"":20,""seed"":2026,""validation_points"":252,""weight_decay"":0.0001,""window_stride"":5}",252,21,7,20,5,1332,47,2020-08-06,2020-08-07,2021-08-06,2021-08-06,2020-08-06,106.84654235839844,66.60051727294922,16,11,True,0.3988907933235168,8.777614400023594,0.0014364999951794,19540,True,True,,,46.641632080078125,2175.441843093373,3.8999716248296146
SPY,PatchTST,2021-08-06,413.5647277832031,2021-08-13,5,416.77056884765625,367.131103515625,3.205841064453125,-46.433624267578125,1.0,-1.0,False,0.8683891423861985,57.16269689373328,8.792928300099447,7183,expanding,original,PatchTST-HF-supervised-v1,5.15.0,cpu,"{""batch_size"":64,""context_length"":252,""d_model"":32,""dropout"":0.1,""ffn_dim"":64,""learning_rate"":0.001,""max_epochs"":30,""min_delta"":0.0001,""num_attention_heads"":4,""num_hidden_layers"":2,""patch_length"":21,""patch_stride"":7,""patience"":5,""prediction_length"":20,""seed"":2026,""validation_points"":252,""weight_decay"":0.0001,""window_stride"":5}",252,21,7,20,5,1332,47,2020-08-06,2020-08-07,2021-08-06,2021-08-06,2020-08-06,106.84654235839844,66.60051727294922,16,11,True,0.3988907933235168,8.777614400023594,0.0014364999951794,19540,True,True,,,49.63946533203125,2464.0765184499323,3.908146239923349
SPY,PatchTST,2021-08-06,413.5647277832031,2021-09-03,20,423.4624328613281,366.69482421875,9.897705078125,-46.869903564453125,1.0,-1.0,False,0.8683891423861985,65.37116353918194,8.792928300099447,7183,expanding,original,PatchTST-HF-supervised-v1,5.15.0,cpu,"{""batch_size"":64,""context_length"":252,""d_model"":32,""dropout"":0.1,""ffn_dim"":64,""learning_rate"":0.001,""max_epochs"":30,""min_delta"":0.0001,""num_attention_heads"":4,""num_hidden_layers"":2,""patch_length"":21,""patch_stride"":7,""patience"":5,""prediction_length"":20,""seed"":2026,""validation_points"":252,""weight_decay"":0.0001,""window_stride"":5}",252,21,7,20,5,1332,47,2020-08-06,2020-08-07,2021-08-06,2021-08-06,2020-08-06,106.84654235839844,66.60051727294922,16,11,True,0.3988907933235168,8.777614400023594,0.0014364999951794,19540,True,True,,,56.767608642578125,3222.56139099691,3.901595550608325
SPY,PatchTST,2021-08-13,416.77056884765625,2021-08-16,1,417.75189208984375,370.1464538574219,0.9813232421875,-46.624114990234375,1.0,-1.0,False,0.8683246852990999,54.82446720494176,13.71895350003615,7188,expanding,original,PatchTST-HF-supervised-v1,5.15.0,cpu,"{""batch_size"":64,""context_length"":252,""d_model"":32,""dropout"":0.1,""ffn_dim"":64,""learning_rate"":0.001,""max_epochs"":30,""min_delta"":0.0001,""num_attention_heads"":4,""num_hidden_layers"":2,""patch_length"":21,""patch_stride"":7,""patience"":5,""prediction_length"":20,""seed"":2026,""validation_points"":252,""weight_decay"":0.0001,""window_stride"":5}",252,21,7,20,5,1333,47,2020-08-13,2020-08-14,2021-08-13,2021-08-13,2020-08-13,106.99221801757812,66.79705047607422,25,20,True,0.3814063966274261,13.70181210001465,0.0013451999984681,19540,True,True,,,47.60543823242188,2266.2777493009344,3.9396086199060836
SPY,PatchTST,2021-08-13,416.77056884765625,2021-08-20,5,414.37786865234375,373.7414245605469,-2.3927001953125,-43.029144287109375,-1.0,-1.0,True,0.8683246852990999,46.79867425144017,13.71895350003615,7188,expanding,original,PatchTST-HF-supervised-v1,5.15.0,cpu,"{""batch_size"":64,""context_length"":252,""d_model"":32,""dropout"":0.1,""ffn_dim"":64,""learning_rate"":0.001,""max_epochs"":30,""min_delta"":0.0001,""num_attention_heads"":4,""num_hidden_layers"":2,""patch_length"":21,""patch_stride"":7,""patience"":5,""prediction_length"":20,""seed"":2026,""validation_points"":252,""weight_decay"":0.0001,""window_stride"":5}",252,21,7,20,5,1333,47,2020-08-13,2020-08-14,2021-08-13,2021-08-13,2020-08-13,106.99221801757812,66.79705047607422,25,20,True,0.3814063966274261,13.70181210001465,0.0013451999984681,19540,True,True,,,40.63644409179688,1651.3205884257331,3.993427922966668
SPY,PatchTST,2021-08-13,416.77056884765625,2021-09-13,20,417.3873596191406,372.7288208007813,0.616790771484375,-44.041748046875,1.0,-1.0,False,0.8683246852990999,51.43069127762556,13.71895350003615,7188,expanding,original,PatchTST-HF-supervised-v1,5.15.0,cpu,"{""batch_size"":64,""context_length"":252,""d_model"":32,""dropout"":0.1,""ffn_dim"":64,""learning_rate"":0.001,""max_epochs"":30,""min_delta"":0.0001,""num_attention_heads"":4,""num_hidden_layers"":2,""patch_length"":21,""patch_stride"":7,""patience"":5,""prediction_length"":20,""seed"":2026,""validation_points"":252,""weight_decay"":0.0001,""window_stride"":5}",252,21,7,20,5,1333,47,2020-08-13,2020-08-14,2021-08-13,2021-08-13,2020-08-13,106.99221801757812,66.79705047607422,25,20,True,0.3814063966274261,13.70181210001465,0.0013451999984681,19540,True,True,,,44.658538818359375,1994.3850893909112,3.9782685146911745
SPY,PatchTST,2021-08-20,414.37786865234375,2021-08-23,1,418.0229187011719,376.9200439453125,3.645050048828125,-37.45782470703125,1.0,-1.0,False,0.8694130141159586,47.2765809672792,13.633270499994978,7193,expanding,original,PatchTST-HF-supervised-v1,5.15.0,cpu,"{""batch_size"":64,""context_length"":252,""d_model"":32,""dropout"":0.1,""ffn_dim"":64,""learning_rate"":0.001,""max_epochs"":30,""min_delta"":0.0001,""num_attention_heads"":4,""num_hidden_layers"":2,""patch_length"":21,""patch_stride"":7,""patience"":5,""prediction_length"":20,""seed"":2026,""validation_points"":252,""weight_decay"":0.0001,""window_stride"":5}",252,21,7,20,5,1334,47,2020-08-20,2020-08-21,2021-08-20,2021-08-20,2020-08-20,107.1392059326172,66.9970932006836,25,20,True,0.3299430906772613,13.616006599972025,0.0014844000106677,19540,True,True,,,41.102874755859375,1689.446313195862,4.026754372829158
SPY,PatchTST,2021-08-20,414.37786865234375,2021-08-27,5,420.8175048828125,377.75787353515625,6.43963623046875,-36.6199951171875,1.0,-1.0,False,0.8694130141159586,49.527244990046974,13.633270499994978,7193,expanding,original,PatchTST-HF-supervised-v1,5.15.0,cpu,"{""batch_size"":64,""context_length"":252,""d_model"":32,""dropout"":0.1,""ffn_dim"":64,""learning_rate"":0.001,""max_epochs"":30,""min_delta"":0.0001,""num_attention_heads"":4,""num_hidden_layers"":2,""patch_length"":21,""patch_stride"":7,""patience"":5,""prediction_length"":20,""seed"":2026,""validation_points"":252,""weight_decay"":0.0001,""window_stride"":5}",252,21,7,20,5,1334,47,2020-08-20,2020-08-21,2021-08-20,2021-08-20,2020-08-20,107.1392059326172,66.9970932006836,25,20,True,0.3299430906772613,13.616006599972025,0.0014844000106677,19540,True,True,,,43.05963134765625,1854.1318517960608,4.0392598346308235
SPY,PatchTST,2021-08-20,414.37786865234375,2021-09-20,20,406.966796875,378.4681396484375,-7.41107177734375,-35.90972900390625,-1.0,-1.0,True,0.8694130141159586,32.77919327621368,13.633270499994978,7193,expanding,original,PatchTST-HF-supervised-v1,5.15.0,cpu,"{""batch_size"":64,""context_length"":252,""d_model"":32,""dropout"":0.1,""ffn_dim"":64,""learning_rate"":0.001,""max_epochs"":30,""min_delta"":0.0001,""num_attention_heads"":4,""num_hidden_layers"":2,""patch_length"":21,""patch_stride"":7,""patience"":5,""prediction_length"":20,""seed"":2026,""validation_points"":252,""weight_decay"":0.0001,""window_stride"":5}",252,21,7,20,5,1334,47,2020-08-20,2020-08-21,2021-08-20,2021-08-20,2020-08-20,107.1392059326172,66.9970932006836,25,20,True,0.3299430906772613,13.616006599972025,0.0014844000106677,19540,True,True,,,28.4986572265625,812.173463717103,4.049861281340664
SPY,PatchTST,2021-08-27,420.8175048828125,2021-08-30,1,422.6680603027344,375.50775146484375,1.850555419921875,-45.30975341796875,1.0,-1.0,False,0.8703920587791709,54.18283446202233,8.863321600016207,7198,expanding,original,PatchTST-HF-supervised-v1,5.15.0,cpu,"{""batch_size"":64,""context_length"":252,""d_model"":32,""dropout"":0.1,""ffn_dim"":64,""learning_rate"":0.001,""max_epochs"":30,""min_delta"":0.0001,""num_attention_heads"":4,""num_hidden_layers"":2,""patch_length"":21,""patch_stride"":7,""patience"":5,""prediction_length"":20,""seed"":2026,""validation_points"":252,""weight_decay"":0.0001,""window_stride"":5}",252,21,7,20,5,1335,47,2020-08-27,2020-08-28,2021-08-27,2021-08-27,2020-08-27,107.29045867919922,67.20966339111328,16,11,True,0.3576414585113525,8.847326599992812,0.0012516999850049,19540,True,True,,,47.16030883789063,2224.0947296852246,3.990754889290358
SPY,PatchTST,2021-08-27,420.8175048828125,2021-09-03,5,423.4624328613281,378.1612548828125,2.644927978515625,-42.65625,1.0,-1.0,False,0.8703920587791709,52.046864997890665,8.863321600016207,7198,expanding,original,PatchTST-HF-supervised-v1,5.15.0,cpu,"{""batch_size"":64,""context_length"":252,""d_model"":32,""dropout"":0.1,""ffn_dim"":64,""learning_rate"":0.001,""max_epochs"":30,""min_delta"":0.0001,""num_attention_heads"":4,""num_hidden_layers"":2,""patch_length"":21,""patch_stride"":7,""patience"":5,""prediction_length"":20,""seed"":2026,""validation_points"":252,""weight_decay"":0.0001,""window_stride"":5}",252,21,7,20,5,1335,47,2020-08-27,2020-08-28,2021-08-27,2021-08-27,2020-08-27,107.29045867919922,67.20966339111328,16,11,True,0.3576414585113525,8.847326599992812,0.0012516999850049,19540,True,True,,,45.301177978515625,2052.196726241149,4.030235869912553
SPY,PatchTST,2021-08-27,420.8175048828125,2021-09-27,20,415.03033447265625,380.2095336914063,-5.78717041015625,-40.60797119140625,-1.0,-1.0,True,0.8703920587791709,40.00588060292088,8.863321600016207,7198,expanding,original,PatchTST-HF-supervised-v1,5.15.0,cpu,"{""batch_size"":64,""context_length"":252,""d_model"":32,""dropout"":0.1,""ffn_dim"":64,""learning_rate"":0.001,""max_epochs"":30,""min_delta"":0.0001,""num_attention_heads"":4,""num_hidden_layers"":2,""patch_length"":21,""patch_stride"":7,""patience"":5,""prediction_length"":20,""seed"":2026,""validation_points"":252,""weight_decay"":0.0001,""window_stride"":5}",252,21,7,20,5,1335,47,2020-08-27,2020-08-28,2021-08-27,2021-08-27,2020-08-27,107.29045867919922,67.20966339111328,16,11,True,0.3576414585113525,8.847326599992812,0.0012516999850049,19540,True,True,,,34.82080078125,1212.4881670475006,4.06071182686943
SPY,PatchTST,2021-09-03,423.4624328613281,2021-09-07,1,421.9483642578125,378.4219055175781,-1.514068603515625,-45.04052734375,-1.0,-1.0,True,0.8703575240211732,50.009860935235054,8.30064420006238,7203,expanding,original,PatchTST-HF-supervised-v1,5.15.0,cpu,"{""batch_size"":64,""context_length"":252,""d_model"":32,""dropout"":0.1,""ffn_dim"":64,""learning_rate"":0.001,""max_epochs"":30,""min_delta"":0.0001,""num_attention_heads"":4,""num_hidden_layers"":2,""patch_length"":21,""patch_stride"":7,""patience"":5,""prediction_length"":20,""seed"":2026,""validation_points"":252,""weight_decay"":0.0001,""window_stride"":5}",252,21,7,20,5,1336,47,2020-09-03,2020-09-04,2021-09-03,2021-09-03,2020-09-03,107.44586944580078,67.434814453125,15,10,True,0.406243622303009,8.287525899941102,0.0011579000856727,19540,True,True,,,43.526458740234375,1894.5526104653252,4.018340352372988
SPY,PatchTST,2021-09-03,423.4624328613281,2021-09-13,5,417.3873596191406,376.8843994140625,-6.0750732421875,-46.578033447265625,-1.0,-1.0,True,0.8703575240211732,46.53600283473026,8.30064420006238,7203,expanding,original,PatchTST-HF-supervised-v1,5.15.0,cpu,"{""batch_size"":64,""context_length"":252,""d_model"":32,""dropout"":0.1,""ffn_dim"":64,""learning_rate"":0.001,""max_epochs"":30,""min_delta"":0.0001,""num_attention_heads"":4,""num_hidden_layers"":2,""patch_length"":21,""patch_stride"":7,""patience"":5,""prediction_length"":20,""seed"":2026,""validation_points"":252,""weight_decay"":0.0001,""window_stride"":5}",252,21,7,20,5,1336,47,2020-09-03,2020-09-04,2021-09-03,2021-09-03,2020-09-03,107.44586944580078,67.434814453125,15,10,True,0.406243622303009,8.287525899941102,0.0011579000856727,19540,True,True,,,40.502960205078125,1640.4897853741422,3.995540466053372
SPY,PatchTST,2021-09-03,423.4624328613281,2021-10-04,20,401.9036254882813,374.6955261230469,-21.558807373046815,-48.76690673828125,-1.0,-1.0,True,0.8703575240211732,31.2608308819222,8.30064420006238,7203,expanding,original,PatchTST-HF-supervised-v1,5.15.0,cpu,"{""batch_size"":64,""context_length"":252,""d_model"":32,""dropout"":0.1,""ffn_dim"":64,""learning_rate"":0.001,""max_epochs"":30,""min_delta"":0.0001,""num_attention_heads"":4,""num_hidden_layers"":2,""patch_length"":21,""patch_stride"":7,""patience"":5,""prediction_length"":20,""seed"":2026,""validation_points"":252,""weight_decay"":0.0001,""window_stride"":5}",252,21,7,20,5,1336,47,2020-09-03,2020-09-04,2021-09-03,2021-09-03,2020-09-03,107.44586944580078,67.434814453125,15,10,True,0.406243622303009,8.287525899941102,0.0011579000856727,19540,True,True,,,27.208099365234432,740.2806710684703,3.963081367459171
SPY,PatchTST,2021-09-13,417.3873596191406,2021-09-14,1,415.1349487304688,382.8519287109375,-2.252410888671818,-34.535430908203125,-1.0,-1.0,True,0.870892310483257,37.0689000590871,16.625836400082335,7208,expanding,original,PatchTST-HF-supervised-v1,5.15.0,cpu,"{""batch_size"":64,""context_length"":252,""d_model"":32,""dropout"":0.1,""ffn_dim"":64,""learning_rate"":0.001,""max_epochs"":30,""min_delta"":0.0001,""num_attention_heads"":4,""num_hidden_layers"":2,""patch_length"":21,""patch_stride"":7,""patience"":5,""prediction_length"":20,""seed"":2026,""validation_points"":252,""weight_decay"":0.0001,""window_stride"":5}",252,21,7,20,5,1337,47,2020-09-11,2020-09-14,2021-09-13,2021-09-13,2020-09-11,107.59152221679688,67.6290283203125,30,25,False,0.3449046611785888,16.61104670003988,0.0013730999780818,19540,True,True,,,32.28302001953131,1042.193381581459,4.070151728196066
SPY,PatchTST,2021-09-13,417.3873596191406,2021-09-20,5,406.966796875,383.0284729003906,-10.420562744140623,-34.35888671875,-1.0,-1.0,True,0.870892310483257,27.487122904238333,16.625836400082335,7208,expanding,original,PatchTST-HF-supervised-v1,5.15.0,cpu,"{""batch_size"":64,""context_length"":252,""d_model"":32,""dropout"":0.1,""ffn_dim"":64,""learning_rate"":0.001,""max_epochs"":30,""min_delta"":0.0001,""num_attention_heads"":4,""num_hidden_layers"":2,""patch_length"":21,""patch_stride"":7,""patience"":5,""prediction_length"":20,""seed"":2026,""validation_points"":252,""weight_decay"":0.0001,""window_stride"":5}",252,21,7,20,5,1337,47,2020-09-11,2020-09-14,2021-09-13,2021-09-13,2020-09-11,107.59152221679688,67.6290283203125,30,25,False,0.3449046611785888,16.61104670003988,0.0013730999780818,19540,True,True,,,23.93832397460937,573.043354713358,4.072762207657887
SPY,PatchTST,2021-09-13,417.3873596191406,2021-10-11,20,407.5762023925781,384.2552795410156,-9.8111572265625,-33.132080078125,-1.0,-1.0,True,0.870892310483257,26.77819355027001,16.625836400082335,7208,expanding,original,PatchTST-HF-supervised-v1,5.15.0,cpu,"{""batch_size"":64,""context_length"":252,""d_model"":32,""dropout"":0.1,""ffn_dim"":64,""learning_rate"":0.001,""max_epochs"":30,""min_delta"":0.0001,""num_attention_heads"":4,""num_hidden_layers"":2,""patch_length"":21,""patch_stride"":7,""patience"":5,""prediction_length"":20,""seed"":2026,""validation_points"":252,""weight_decay"":0.0001,""window_stride"":5}",252,21,7,20,5,1337,47,2020-09-11,2020-09-14,2021-09-13,2021-09-13,2020-09-11,107.59152221679688,67.6290283203125,30,25,False,0.3449046611785888,16.61104670003988,0.0013730999780818,19540,True,True,,,23.3209228515625,543.86544264853,4.0909024452318254
SPY,PatchTST,2021-09-20,406.966796875,2021-09-21,1,406.5823364257813,390.91937255859375,-0.3844604492186931,-16.04742431640625,-1.0,-1.0,True,0.872695005673934,17.947809676178814,11.663452000007965,7213,expanding,original,PatchTST-HF-supervised-v1,5.15.0,cpu,"{""batch_size"":64,""context_length"":252,""d_model"":32,""dropout"":0.1,""ffn_dim"":64,""learning_rate"":0.001,""max_epochs"":30,""min_delta"":0.0001,""num_attention_heads"":4,""num_hidden_layers"":2,""patch_length"":21,""patch_stride"":7,""patience"":5,""prediction_length"":20,""seed"":2026,""validation_points"":252,""weight_decay"":0.0001,""window_stride"":5}",252,21,7,20,5,1338,47,2020-09-18,2020-09-21,2021-09-20,2021-09-20,2020-09-18,107.73719024658205,67.82276153564453,21,16,True,0.2976817786693573,11.646933399955742,0.001414299942553,19540,True,True,,,15.662963867187557,245.328437104823,4.1753266292936795
SPY,PatchTST,2021-09-20,406.966796875,2021-09-27,5,415.03033447265625,391.7809143066406,8.06353759765625,-15.185882568359377,1.0,-1.0,False,0.872695005673934,26.640945593657182,11.663452000007965,7213,expanding,original,PatchTST-HF-supervised-v1,5.15.0,cpu,"{""batch_size"":64,""context_length"":252,""d_model"":32,""dropout"":0.1,""ffn_dim"":64,""learning_rate"":0.001,""max_epochs"":30,""min_delta"":0.0001,""num_attention_heads"":4,""num_hidden_layers"":2,""patch_length"":21,""patch_stride"":7,""patience"":5,""prediction_length"":20,""seed"":2026,""validation_points"":252,""weight_decay"":0.0001,""window_stride"":5}",252,21,7,20,5,1338,47,2020-09-18,2020-09-21,2021-09-20,2021-09-20,2020-09-18,107.73719024658205,67.82276153564453,21,16,True,0.2976817786693573,11.646933399955742,0.001414299942553,19540,True,True,,,23.249420166015625,540.535538055934,4.188029470176885
SPY,PatchTST,2021-09-20,406.966796875,2021-10-18,20,419.2964172363281,395.6189270019531,12.329620361328123,-11.347869873046877,1.0,-1.0,False,0.872695005673934,27.13146068263584,11.663452000007965,7213,expanding,original,PatchTST-HF-supervised-v1,5.15.0,cpu,"{""batch_size"":64,""context_length"":252,""d_model"":32,""dropout"":0.1,""ffn_dim"":64,""learning_rate"":0.001,""max_epochs"":30,""min_delta"":0.0001,""num_attention_heads"":4,""num_hidden_layers"":2,""patch_length"":21,""patch_stride"":7,""patience"":5,""prediction_length"":20,""seed"":2026,""validation_points"":252,""weight_decay"":0.0001,""window_stride"":5}",252,21,7,20,5,1338,47,2020-09-18,2020-09-21,2021-09-20,2021-09-20,2020-09-18,107.73719024658205,67.82276153564453,21,16,True,0.2976817786693573,11.646933399955742,0.001414299942553,19540,True,True,,,23.677490234375,560.6235437989235,4.244618329262126
SPY,PatchTST,2021-09-27,415.03033447265625,2021-09-28,1,406.6667175292969,387.0364685058594,-8.363616943359375,-27.993865966796875,-1.0,-1.0,True,0.8736442247718199,22.46938566847914,12.78987859992776,7218,expanding,original,PatchTST-HF-supervised-v1,5.15.0,cpu,"{""batch_size"":64,""context_length"":252,""d_model"":32,""dropout"":0.1,""ffn_dim"":64,""learning_rate"":0.001,""max_epochs"":30,""min_delta"":0.0001,""num_attention_heads"":4,""num_hidden_layers"":2,""patch_length"":21,""patch_stride"":7,""patience"":5,""prediction_length"":20,""seed"":2026,""validation_points"":252,""weight_decay"":0.0001,""window_stride"":5}",252,21,7,20,5,1339,47,2020-09-25,2020-09-28,2021-09-27,2021-09-27,2020-09-25,107.87649536132812,67.99740600585938,23,18,True,0.3273265361785888,12.772053799941204,0.0013990000588819,19540,True,True,,,19.6302490234375,385.3466767221689,4.105450333215297
SPY,PatchTST,2021-09-27,415.03033447265625,2021-10-04,5,401.9036254882813,390.0473937988281,-13.126708984374943,-24.982940673828125,-1.0,-1.0,True,0.8736442247718199,13.57100677057622,12.78987859992776,7218,expanding,original,PatchTST-HF-supervised-v1,5.15.0,cpu,"{""batch_size"":64,""context_length"":252,""d_model"":32,""dropout"":0.1,""ffn_dim"":64,""learning_rate"":0.001,""max_epochs"":30,""min_delta"":0.0001,""num_attention_heads"":4,""num_hidden_layers"":2,""patch_length"":21,""patch_stride"":7,""patience"":5,""prediction_length"":20,""seed"":2026,""validation_points"":252,""weight_decay"":0.0001,""window_stride"":5}",252,21,7,20,5,1339,47,2020-09-25,2020-09-28,2021-09-27,2021-09-27,2020-09-25,107.87649536132812,67.99740600585938,23,18,True,0.3273265361785888,12.772053799941204,0.0013990000588819,19540,True,True,,,11.856231689453182,140.57022987399384,4.149730335495227
SPY,PatchTST,2021-09-27,415.03033447265625,2021-10-25,20,427.135009765625,393.455322265625,12.10467529296875,-21.57501220703125,1.0,-1.0,False,0.8736442247718199,38.550804257644494,12.78987859992776,7218,expanding,original,PatchTST-HF-supervised-v1,5.15.0,cpu,"{""batch_size"":64,""context_length"":252,""d_model"":32,""dropout"":0.1,""ffn_dim"":64,""learning_rate"":0.001,""max_epochs"":30,""min_delta"":0.0001,""num_attention_heads"":4,""num_hidden_layers"":2,""patch_length"":21,""patch_stride"":7,""patience"":5,""prediction_length"":20,""seed"":2026,""validation_points"":252,""weight_decay"":0.0001,""window_stride"":5}",252,21,7,20,5,1339,47,2020-09-25,2020-09-28,2021-09-27,2021-09-27,2020-09-25,107.87649536132812,67.99740600585938,23,18,True,0.3273265361785888,12.772053799941204,0.0013990000588819,19540,True,True,,,33.6796875,1134.3213500976562,4.199848842464496
SPY,PatchTST,2021-10-04,401.9036254882813,2021-10-05,1,406.0853576660156,381.0006408691406,4.181732177734318,-20.90298461914068,1.0,-1.0,False,0.8763707947183008,28.623405695460438,6.138714200002141,7223,expanding,original,PatchTST-HF-supervised-v1,5.15.0,cpu,"{""batch_size"":64,""context_length"":252,""d_model"":32,""dropout"":0.1,""ffn_dim"":64,""learning_rate"":0.001,""max_epochs"":30,""min_delta"":0.0001,""num_attention_heads"":4,""num_hidden_layers"":2,""patch_length"":21,""patch_stride"":7,""patience"":5,""prediction_length"":20,""seed"":2026,""validation_points"":252,""weight_decay"":0.0001,""window_stride"":5}",252,21,7,20,5,1340,47,2020-10-02,2020-10-05,2021-10-04,2021-10-04,2020-10-02,108.02093505859376,68.18648529052734,11,6,True,0.4788778126239776,6.121597999939695,0.0013381000608205,19540,True,True,,,25.084716796875,629.2430167794228,4.003428313505843
SPY,PatchTST,2021-10-04,401.9036254882813,2021-10-11,5,407.5762023925781,383.2398071289063,5.672576904296818,-18.663818359375057,1.0,-1.0,False,0.8763707947183008,27.76951880453128,6.138714200002141,7223,expanding,original,PatchTST-HF-supervised-v1,5.15.0,cpu,"{""batch_size"":64,""context_length"":252,""d_model"":32,""dropout"":0.1,""ffn_dim"":64,""learning_rate"":0.001,""max_epochs"":30,""min_delta"":0.0001,""num_attention_heads"":4,""num_hidden_layers"":2,""patch_length"":21,""patch_stride"":7,""patience"":5,""prediction_length"":20,""seed"":2026,""validation_points"":252,""weight_decay"":0.0001,""window_stride"":5}",252,21,7,20,5,1340,47,2020-10-02,2020-10-05,2021-10-04,2021-10-04,2020-10-02,108.02093505859376,68.18648529052734,11,6,True,0.4788778126239776,6.121597999939695,0.0013381000608205,19540,True,True,,,24.336395263671875,592.2601344296709,4.036267170798826
SPY,PatchTST,2021-10-04,401.9036254882813,2021-11-01,20,431.3450012207031,384.8709106445313,29.441375732421815,-17.032714843750057,1.0,-1.0,False,0.8763707947183008,53.03016811635128,6.138714200002141,7223,expanding,original,PatchTST-HF-supervised-v1,5.15.0,cpu,"{""batch_size"":64,""context_length"":252,""d_model"":32,""dropout"":0.1,""ffn_dim"":64,""learning_rate"":0.001,""max_epochs"":30,""min_delta"":0.0001,""num_attention_heads"":4,""num_hidden_layers"":2,""patch_length"":21,""patch_stride"":7,""patience"":5,""prediction_length"":20,""seed"":2026,""validation_points"":252,""weight_decay"":0.0001,""window_stride"":5}",252,21,7,20,5,1340,47,2020-10-02,2020-10-05,2021-10-04,2021-10-04,2020-10-02,108.02093505859376,68.18648529052734,11,6,True,0.4788778126239776,6.121597999939695,0.0013381000608205,19540,True,True,,,46.47409057617188,2159.8410948822275,4.060188384932026
SPY,PatchTST,2021-10-11,407.5762023925781,2021-10-12,1,406.5729675292969,383.6828002929688,-1.00323486328125,-23.89340209960937,-1.0,-1.0,True,0.8775795239440236,26.083296854346585,8.91345240001101,7228,expanding,original,PatchTST-HF-supervised-v1,5.15.0,cpu,"{""batch_size"":64,""context_length"":252,""d_model"":32,""dropout"":0.1,""ffn_dim"":64,""learning_rate"":0.001,""max_epochs"":30,""min_delta"":0.0001,""num_attention_heads"":4,""num_hidden_layers"":2,""patch_length"":21,""patch_stride"":7,""patience"":5,""prediction_length"":20,""seed"":2026,""validation_points"":252,""weight_decay"":0.0001,""window_stride"":5}",252,21,7,20,5,1341,47,2020-10-09,2020-10-12,2021-10-11,2021-10-11,2020-10-09,108.1696319580078,68.38787841796875,16,11,True,0.42067950963974,8.897038500057533,0.0011404999531805,19540,True,True,,,22.890167236328125,523.9597561070696,4.028684245051394
SPY,PatchTST,2021-10-11,407.5762023925781,2021-10-18,5,419.2964172363281,390.5646362304688,11.72021484375,-17.011566162109375,1.0,-1.0,False,0.8775795239440236,32.73980331347388,8.91345240001101,7228,expanding,original,PatchTST-HF-supervised-v1,5.15.0,cpu,"{""batch_size"":64,""context_length"":252,""d_model"":32,""dropout"":0.1,""ffn_dim"":64,""learning_rate"":0.001,""max_epochs"":30,""min_delta"":0.0001,""num_attention_heads"":4,""num_hidden_layers"":2,""patch_length"":21,""patch_stride"":7,""patience"":5,""prediction_length"":20,""seed"":2026,""validation_points"":252,""weight_decay"":0.0001,""window_stride"":5}",252,21,7,20,5,1341,47,2020-10-09,2020-10-12,2021-10-11,2021-10-11,2020-10-09,108.1696319580078,68.38787841796875,16,11,True,0.42067950963974,8.897038500057533,0.0011404999531805,19540,True,True,,,28.73178100585937,825.5152397686616,4.129313714727878
SPY,PatchTST,2021-10-11,407.5762023925781,2021-11-08,20,439.6804809570313,387.8448486328125,32.10427856445318,-19.731353759765625,1.0,-1.0,False,0.8775795239440236,59.06659272456446,8.91345240001101,7228,expanding,original,PatchTST-HF-supervised-v1,5.15.0,cpu,"{""batch_size"":64,""context_length"":252,""d_model"":32,""dropout"":0.1,""ffn_dim"":64,""learning_rate"":0.001,""max_epochs"":30,""min_delta"":0.0001,""num_attention_heads"":4,""num_hidden_layers"":2,""patch_length"":21,""patch_stride"":7,""patience"":5,""prediction_length"":20,""seed"":2026,""validation_points"":252,""weight_decay"":0.0001,""window_stride"":5}",252,21,7,20,5,1341,47,2020-10-09,2020-10-12,2021-10-11,2021-10-11,2020-10-09,108.1696319580078,68.38787841796875,16,11,True,0.42067950963974,8.897038500057533,0.0011404999531805,19540,True,True,,,51.83563232421881,2686.9327784515976,4.089543690264863
SPY,PatchTST,2021-10-18,419.2964172363281,2021-10-19,1,422.53131103515625,399.7937927246094,3.234893798828125,-19.50262451171875,1.0,-1.0,False,0.8788708385113069,25.871285420120756,13.387915699975563,7233,expanding,original,PatchTST-HF-supervised-v1,5.15.0,cpu,"{""batch_size"":64,""context_length"":252,""d_model"":32,""dropout"":0.1,""ffn_dim"":64,""learning_rate"":0.001,""max_epochs"":30,""min_delta"":0.0001,""num_attention_heads"":4,""num_hidden_layers"":2,""patch_length"":21,""patch_stride"":7,""patience"":5,""prediction_length"":20,""seed"":2026,""validation_points"":252,""weight_decay"":0.0001,""window_stride"":5}",252,21,7,20,5,1342,47,2020-10-16,2020-10-19,2021-10-18,2021-10-18,2020-10-16,108.32330322265624,68.6039810180664,24,19,True,0.3014499545097351,13.374007900012655,0.0011382000520825,19540,True,True,,,22.737518310546875,516.9947389224544,4.248594398992623
SPY,PatchTST,2021-10-18,419.2964172363281,2021-10-25,5,427.135009765625,400.36334228515625,7.838592529296875,-18.933074951171875,1.0,-1.0,False,0.8788708385113069,30.46143563690938,13.387915699975563,7233,expanding,original,PatchTST-HF-supervised-v1,5.15.0,cpu,"{""batch_size"":64,""context_length"":252,""d_model"":32,""dropout"":0.1,""ffn_dim"":64,""learning_rate"":0.001,""max_epochs"":30,""min_delta"":0.0001,""num_attention_heads"":4,""num_hidden_layers"":2,""patch_length"":21,""patch_stride"":7,""patience"":5,""prediction_length"":20,""seed"":2026,""validation_points"":252,""weight_decay"":0.0001,""window_stride"":5}",252,21,7,20,5,1342,47,2020-10-16,2020-10-19,2021-10-18,2021-10-18,2020-10-16,108.32330322265624,68.6039810180664,24,19,True,0.3014499545097351,13.374007900012655,0.0011382000520825,19540,True,True,,,26.77166748046875,716.722179684788,4.256896388936863
SPY,PatchTST,2021-10-18,419.2964172363281,2021-11-15,20,438.2740783691406,400.8630676269531,18.9776611328125,-18.433349609375,1.0,-1.0,False,0.8788708385113069,42.5671317136394,13.387915699975563,7233,expanding,original,PatchTST-HF-supervised-v1,5.15.0,cpu,"{""batch_size"":64,""context_length"":252,""d_model"":32,""dropout"":0.1,""ffn_dim"":64,""learning_rate"":0.001,""max_epochs"":30,""min_delta"":0.0001,""num_attention_heads"":4,""num_hidden_layers"":2,""patch_length"":21,""patch_stride"":7,""patience"":5,""prediction_length"":20,""seed"":2026,""validation_points"":252,""weight_decay"":0.0001,""window_stride"":5}",252,21,7,20,5,1342,47,2020-10-16,2020-10-19,2021-10-18,2021-10-18,2020-10-16,108.32330322265624,68.6039810180664,24,19,True,0.3014499545097351,13.374007900012655,0.0011382000520825,19540,True,True,,,37.4110107421875,1399.5837247520683,4.264180592191267
SPY,PatchTST,2021-10-25,427.135009765625,2021-10-26,1,427.51947021484375,400.5245971679688,0.38446044921875,-26.61041259765625,1.0,-1.0,False,0.8794685343739342,30.694529698088395,12.885608099983074,7238,expanding,original,PatchTST-HF-supervised-v1,5.15.0,cpu,"{""batch_size"":64,""context_length"":252,""d_model"":32,""dropout"":0.1,""ffn_dim"":64,""learning_rate"":0.001,""max_epochs"":30,""min_delta"":0.0001,""num_attention_heads"":4,""num_hidden_layers"":2,""patch_length"":21,""patch_stride"":7,""patience"":5,""prediction_length"":20,""seed"":2026,""validation_points"":252,""weight_decay"":0.0001,""window_stride"":5}",252,21,7,20,5,1343,47,2020-10-23,2020-10-26,2021-10-25,2021-10-25,2020-10-23,108.47322845458984,68.80783081054688,23,18,True,0.319812536239624,12.869490200071596,0.001365500036627,19540,True,True,,,26.994873046875,728.7231708168983,4.244449581872494
SPY,PatchTST,2021-10-25,427.135009765625,2021-11-01,5,431.3450012207031,400.8052978515625,4.209991455078125,-26.3297119140625,1.0,-1.0,False,0.8794685343739342,34.72518023726781,12.885608099983074,7238,expanding,original,PatchTST-HF-supervised-v1,5.15.0,cpu,"{""batch_size"":64,""context_length"":252,""d_model"":32,""dropout"":0.1,""ffn_dim"":64,""learning_rate"":0.001,""max_epochs"":30,""min_delta"":0.0001,""num_attention_heads"":4,""num_hidden_layers"":2,""patch_length"":21,""patch_stride"":7,""patience"":5,""prediction_length"":20,""seed"":2026,""validation_points"":252,""weight_decay"":0.0001,""window_stride"":5}",252,21,7,20,5,1343,47,2020-10-23,2020-10-26,2021-10-25,2021-10-25,2020-10-23,108.47322845458984,68.80783081054688,23,18,True,0.319812536239624,12.869490200071596,0.001365500036627,19540,True,True,,,30.539703369140625,932.6734818750992,4.2485290693419735
SPY,PatchTST,2021-10-25,427.135009765625,2021-11-22,20,438.4053039550781,400.6669921875,11.270294189453123,-26.468017578125,1.0,-1.0,False,0.8794685343739342,42.91036039673987,12.885608099983074,7238,expanding,original,PatchTST-HF-supervised-v1,5.15.0,cpu,"{""batch_size"":64,""context_length"":252,""d_model"":32,""dropout"":0.1,""ffn_dim"":64,""learning_rate"":0.001,""max_epochs"":30,""min_delta"":0.0001,""num_attention_heads"":4,""num_hidden_layers"":2,""patch_length"":21,""patch_stride"":7,""patience"":5,""prediction_length"":20,""seed"":2026,""validation_points"":252,""weight_decay"":0.0001,""window_stride"":5}",252,21,7,20,5,1343,47,2020-10-23,2020-10-26,2021-10-25,2021-10-25,2020-10-23,108.47322845458984,68.80783081054688,23,18,True,0.319812536239624,12.869490200071596,0.001365500036627,19540,True,True,,,37.738311767578125,1424.1801750669256,4.246519041378102
SPY,PatchTST,2021-11-01,431.3450012207031,2021-11-02,1,433.0889587402344,402.9676818847656,1.74395751953125,-28.3773193359375,1.0,-1.0,False,0.8799657107913934,34.23005747392055,12.1901689999504,7243,expanding,original,PatchTST-HF-supervised-v1,5.15.0,cpu,"{""batch_size"":64,""context_length"":252,""d_model"":32,""dropout"":0.1,""ffn_dim"":64,""learning_rate"":0.001,""max_epochs"":30,""min_delta"":0.0001,""num_attention_heads"":4,""num_hidden_layers"":2,""patch_length"":21,""patch_stride"":7,""patience"":5,""prediction_length"":20,""seed"":2026,""validation_points"":252,""weight_decay"":0.0001,""window_stride"":5}",252,21,7,20,5,1344,47,2020-10-30,2020-11-02,2021-11-01,2021-11-01,2020-10-30,108.61528778076172,68.98805236816406,22,17,True,0.3152598738670349,12.174274699995294,0.0011586000910028,19540,True,True,,,30.12127685546875,907.2913194037974,4.266715525365937
SPY,PatchTST,2021-11-01,431.3450012207031,2021-11-08,5,439.6804809570313,403.9703369140625,8.335479736328182,-27.374664306640625,1.0,-1.0,False,0.8799657107913934,40.58129039011423,12.1901689999504,7243,expanding,original,PatchTST-HF-supervised-v1,5.15.0,cpu,"{""batch_size"":64,""context_length"":252,""d_model"":32,""dropout"":0.1,""ffn_dim"":64,""learning_rate"":0.001,""max_epochs"":30,""min_delta"":0.0001,""num_attention_heads"":4,""num_hidden_layers"":2,""patch_length"":21,""patch_stride"":7,""patience"":5,""prediction_length"":20,""seed"":2026,""validation_points"":252,""weight_decay"":0.0001,""window_stride"":5}",252,21,7,20,5,1344,47,2020-10-30,2020-11-02,2021-11-01,2021-11-01,2020-10-30,108.61528778076172,68.98805236816406,22,17,True,0.3152598738670349,12.174274699995294,0.0011586000910028,19540,True,True,,,35.71014404296881,1275.2143875695806,4.281249274252572
SPY,PatchTST,2021-11-01,431.3450012207031,2021-11-30,20,427.1443786621094,403.7842712402344,-4.20062255859375,-27.56072998046875,-1.0,-1.0,True,0.8799657107913934,26.546611004724475,12.1901689999504,7243,expanding,original,PatchTST-HF-supervised-v1,5.15.0,cpu,"{""batch_size"":64,""context_length"":252,""d_model"":32,""dropout"":0.1,""ffn_dim"":64,""learning_rate"":0.001,""max_epochs"":30,""min_delta"":0.0001,""num_attention_heads"":4,""num_hidden_layers"":2,""patch_length"":21,""patch_stride"":7,""patience"":5,""prediction_length"":20,""seed"":2026,""validation_points"":252,""weight_decay"":0.0001,""window_stride"":5}",252,21,7,20,5,1344,47,2020-10-30,2020-11-02,2021-11-01,2021-11-01,2020-10-30,108.61528778076172,68.98805236816406,22,17,True,0.3152598738670349,12.174274699995294,0.0011586000910028,19540,True,True,,,23.360107421875,545.6946187615395,4.278552203275192
SPY,PatchTST,2021-11-08,439.6804809570313,2021-11-09,1,438.2271423339844,404.5960998535156,-1.4533386230469318,-35.08438110351568,-1.0,-1.0,True,0.880508783950269,38.19501076364983,10.749732699943706,7248,expanding,original,PatchTST-HF-supervised-v1,5.15.0,cpu,"{""batch_size"":64,""context_length"":252,""d_model"":32,""dropout"":0.1,""ffn_dim"":64,""learning_rate"":0.001,""max_epochs"":30,""min_delta"":0.0001,""num_attention_heads"":4,""num_hidden_layers"":2,""patch_length"":21,""patch_stride"":7,""patience"":5,""prediction_length"":20,""seed"":2026,""validation_points"":252,""weight_decay"":0.0001,""window_stride"":5}",252,21,7,20,5,1345,47,2020-11-06,2020-11-09,2021-11-08,2021-11-08,2020-11-06,108.7636947631836,69.18653869628906,19,14,True,0.2740751504898071,10.732262799981982,0.0011345000239089,19540,True,True,,,33.63104248046875,1131.0470183230937,4.2758665293108455
SPY,PatchTST,2021-11-08,439.6804809570313,2021-11-15,5,438.2740783691406,407.3863830566406,-1.4064025878906818,-32.29409790039068,-1.0,-1.0,True,0.880508783950269,35.07937214882405,10.749732699943706,7248,expanding,original,PatchTST-HF-supervised-v1,5.15.0,cpu,"{""batch_size"":64,""context_length"":252,""d_model"":32,""dropout"":0.1,""ffn_dim"":64,""learning_rate"":0.001,""max_epochs"":30,""min_delta"":0.0001,""num_attention_heads"":4,""num_hidden_layers"":2,""patch_length"":21,""patch_stride"":7,""patience"":5,""prediction_length"":20,""seed"":2026,""validation_points"":252,""weight_decay"":0.0001,""window_stride"":5}",252,21,7,20,5,1345,47,2020-11-06,2020-11-09,2021-11-08,2021-11-08,2020-11-06,108.7636947631836,69.18653869628906,19,14,True,0.2740751504898071,10.732262799981982,0.0011345000239089,19540,True,True,,,30.8876953125,954.0497217178344,4.3161963861833454
SPY,PatchTST,2021-11-08,439.6804809570313,2021-12-07,20,439.071044921875,408.2166442871094,-0.6094360351563068,-31.46383666992193,-1.0,-1.0,True,0.880508783950269,35.04155914986111,10.749732699943706,7248,expanding,original,PatchTST-HF-supervised-v1,5.15.0,cpu,"{""batch_size"":64,""context_length"":252,""d_model"":32,""dropout"":0.1,""ffn_dim"":64,""learning_rate"":0.001,""max_epochs"":30,""min_delta"":0.0001,""num_attention_heads"":4,""num_hidden_layers"":2,""patch_length"":21,""patch_stride"":7,""patience"":5,""prediction_length"":20,""seed"":2026,""validation_points"":252,""weight_decay"":0.0001,""window_stride"":5}",252,21,7,20,5,1345,47,2020-11-06,2020-11-09,2021-11-08,2021-11-08,2020-11-06,108.7636947631836,69.18653869628906,19,14,True,0.2740751504898071,10.732262799981982,0.0011345000239089,19540,True,True,,,30.854400634765625,951.9940385306254,4.328196715237432
SPY,PatchTST,2021-11-15,438.2740783691406,2021-11-16,1,440.0086975097656,413.3779296875,1.734619140625,-24.896148681640625,1.0,-1.0,False,0.8810808515259396,30.22511245834469,13.066716199973598,7253,expanding,original,PatchTST-HF-supervised-v1,5.15.0,cpu,"{""batch_size"":64,""context_length"":252,""d_model"":32,""dropout"":0.1,""ffn_dim"":64,""learning_rate"":0.001,""max_epochs"":30,""min_delta"":0.0001,""num_attention_heads"":4,""num_hidden_layers"":2,""patch_length"":21,""patch_stride"":7,""patience"":5,""prediction_length"":20,""seed"":2026,""validation_points"":252,""weight_decay"":0.0001,""window_stride"":5}",252,21,7,20,5,1346,47,2020-11-13,2020-11-16,2021-11-15,2021-11-15,2020-11-13,108.92063903808594,69.41056823730469,23,18,True,0.2427244931459427,13.053348199930042,0.0011542999418452,19540,True,True,,,26.630767822265625,709.1977948034182,4.386324710792147
SPY,PatchTST,2021-11-15,438.2740783691406,2021-11-22,5,438.4053039550781,412.740966796875,0.1312255859375,-25.533111572265625,1.0,-1.0,False,0.8810808515259396,29.128243013969925,13.066716199973598,7253,expanding,original,PatchTST-HF-supervised-v1,5.15.0,cpu,"{""batch_size"":64,""context_length"":252,""d_model"":32,""dropout"":0.1,""ffn_dim"":64,""learning_rate"":0.001,""max_epochs"":30,""min_delta"":0.0001,""num_attention_heads"":4,""num_hidden_layers"":2,""patch_length"":21,""patch_stride"":7,""patience"":5,""prediction_length"":20,""seed"":2026,""validation_points"":252,""weight_decay"":0.0001,""window_stride"":5}",252,21,7,20,5,1346,47,2020-11-13,2020-11-16,2021-11-15,2021-11-15,2020-11-13,108.92063903808594,69.41056823730469,23,18,True,0.2427244931459427,13.053348199930042,0.0011542999418452,19540,True,True,,,25.664337158203125,658.6582017699257,4.3771479685927845
SPY,PatchTST,2021-11-15,438.2740783691406,2021-12-14,20,434.45794677734375,414.690673828125,-3.816131591796875,-23.583404541015625,-1.0,-1.0,True,0.8810808515259396,22.435254284534626,13.066716199973598,7253,expanding,original,PatchTST-HF-supervised-v1,5.15.0,cpu,"{""batch_size"":64,""context_length"":252,""d_model"":32,""dropout"":0.1,""ffn_dim"":64,""learning_rate"":0.001,""max_epochs"":30,""min_delta"":0.0001,""num_attention_heads"":4,""num_hidden_layers"":2,""patch_length"":21,""patch_stride"":7,""patience"":5,""prediction_length"":20,""seed"":2026,""validation_points"":252,""weight_decay"":0.0001,""window_stride"":5}",252,21,7,20,5,1346,47,2020-11-13,2020-11-16,2021-11-15,2021-11-15,2020-11-13,108.92063903808594,69.41056823730469,23,18,True,0.2427244931459427,13.053348199930042,0.0011542999418452,19540,True,True,,,19.76727294921875,390.74507984891534,4.40523745238125
SPY,PatchTST,2021-11-22,438.4053039550781,2021-11-23,1,438.9866943359375,403.6549072265625,0.581390380859375,-34.750396728515625,1.0,-1.0,False,0.8813446211029681,40.08850370602893,7.943604299915023,7258,expanding,original,PatchTST-HF-supervised-v1,5.15.0,cpu,"{""batch_size"":64,""context_length"":252,""d_model"":32,""dropout"":0.1,""ffn_dim"":64,""learning_rate"":0.001,""max_epochs"":30,""min_delta"":0.0001,""num_attention_heads"":4,""num_hidden_layers"":2,""patch_length"":21,""patch_stride"":7,""patience"":5,""prediction_length"":20,""seed"":2026,""validation_points"":252,""weight_decay"":0.0001,""window_stride"":5}",252,21,7,20,5,1347,47,2020-11-20,2020-11-23,2021-11-22,2021-11-22,2020-11-20,109.07947540283205,69.63992309570312,14,9,True,0.3054156601428985,7.92940040002577,0.0013899999903514,19540,True,True,,,35.331787109375,1248.3351803421974,4.229979280978071
SPY,PatchTST,2021-11-22,438.4053039550781,2021-11-30,5,427.1443786621094,406.6426086425781,-11.26092529296875,-31.7626953125,-1.0,-1.0,True,0.8813446211029681,23.261922213667216,7.943604299915023,7258,expanding,original,PatchTST-HF-supervised-v1,5.15.0,cpu,"{""batch_size"":64,""context_length"":252,""d_model"":32,""dropout"":0.1,""ffn_dim"":64,""learning_rate"":0.001,""max_epochs"":30,""min_delta"":0.0001,""num_attention_heads"":4,""num_hidden_layers"":2,""patch_length"":21,""patch_stride"":7,""patience"":5,""prediction_length"":20,""seed"":2026,""validation_points"":252,""weight_decay"":0.0001,""window_stride"":5}",252,21,7,20,5,1347,47,2020-11-20,2020-11-23,2021-11-22,2021-11-22,2020-11-20,109.07947540283205,69.63992309570312,14,9,True,0.3054156601428985,7.92940040002577,0.0013899999903514,19540,True,True,,,20.50177001953125,420.3225739337504,4.272881416465926
SPY,PatchTST,2021-11-22,438.4053039550781,2021-12-21,20,435.7020568847656,409.66448974609375,-2.7032470703125,-28.74081420898437,-1.0,-1.0,True,0.8813446211029681,29.54300340097031,7.943604299915023,7258,expanding,original,PatchTST-HF-supervised-v1,5.15.0,cpu,"{""batch_size"":64,""context_length"":252,""d_model"":32,""dropout"":0.1,""ffn_dim"":64,""learning_rate"":0.001,""max_epochs"":30,""min_delta"":0.0001,""num_attention_heads"":4,""num_hidden_layers"":2,""patch_length"":21,""patch_stride"":7,""patience"":5,""prediction_length"":20,""seed"":2026,""validation_points"":252,""weight_decay"":0.0001,""window_stride"":5}",252,21,7,20,5,1347,47,2020-11-20,2020-11-23,2021-11-22,2021-11-22,2020-11-20,109.07947540283205,69.63992309570312,14,9,True,0.3054156601428985,7.92940040002577,0.0013899999903514,19540,True,True,,,26.037567138671875,677.9549025008455,4.316274357887799
SPY,PatchTST,2021-11-30,427.1443786621094,2021-12-01,1,422.4000244140625,408.7208251953125,-4.744354248046875,-18.423553466796875,-1.0,-1.0,True,0.8842251934449689,15.470266307902191,11.878310699947178,7263,expanding,original,PatchTST-HF-supervised-v1,5.15.0,cpu,"{""batch_size"":64,""context_length"":252,""d_model"":32,""dropout"":0.1,""ffn_dim"":64,""learning_rate"":0.001,""max_epochs"":30,""min_delta"":0.0001,""num_attention_heads"":4,""num_hidden_layers"":2,""patch_length"":21,""patch_stride"":7,""patience"":5,""prediction_length"":20,""seed"":2026,""validation_points"":252,""weight_decay"":0.0001,""window_stride"":5}",252,21,7,20,5,1348,47,2020-11-30,2020-12-01,2021-11-30,2021-11-30,2020-11-30,109.2402572631836,69.87479400634766,21,16,True,0.3129380345344543,11.86391499999445,0.001257500029169,19540,True,True,,,13.67919921875,187.1204912662506,4.285959940074
SPY,PatchTST,2021-11-30,427.1443786621094,2021-12-07,5,439.071044921875,408.6616516113281,11.926666259765623,-18.48272705078125,1.0,-1.0,False,0.8842251934449689,34.39100529591442,11.878310699947178,7263,expanding,original,PatchTST-HF-supervised-v1,5.15.0,cpu,"{""batch_size"":64,""context_length"":252,""d_model"":32,""dropout"":0.1,""ffn_dim"":64,""learning_rate"":0.001,""max_epochs"":30,""min_delta"":0.0001,""num_attention_heads"":4,""num_hidden_layers"":2,""patch_length"":21,""patch_stride"":7,""patience"":5,""prediction_length"":20,""seed"":2026,""validation_points"":252,""weight_decay"":0.0001,""window_stride"":5}",252,21,7,20,5,1348,47,2020-11-30,2020-12-01,2021-11-30,2021-11-30,2020-11-30,109.2402572631836,69.87479400634766,21,16,True,0.3129380345344543,11.86391499999445,0.001257500029169,19540,True,True,,,30.409393310546875,924.731201515533,4.2851130884327775
SPY,PatchTST,2021-11-30,427.1443786621094,2021-12-29,20,449.27001953125,418.1017456054688,22.125640869140625,-9.042633056640623,1.0,-1.0,False,0.8842251934449689,35.249248898177946,11.878310699947178,7263,expanding,original,PatchTST-HF-supervised-v1,5.15.0,cpu,"{""batch_size"":64,""context_length"":252,""d_model"":32,""dropout"":0.1,""ffn_dim"":64,""learning_rate"":0.001,""max_epochs"":30,""min_delta"":0.0001,""num_attention_heads"":4,""num_hidden_layers"":2,""patch_length"":21,""patch_stride"":7,""patience"":5,""prediction_length"":20,""seed"":2026,""validation_points"":252,""weight_decay"":0.0001,""window_stride"":5}",252,21,7,20,5,1348,47,2020-11-30,2020-12-01,2021-11-30,2021-11-30,2020-11-30,109.2402572631836,69.87479400634766,21,16,True,0.3129380345344543,11.86391499999445,0.001257500029169,19540,True,True,,,31.16827392578125,971.4612995125352,4.420213221869781
SPY,PatchTST,2021-12-07,439.071044921875,2021-12-08,1,440.2337036132813,410.8072204589844,1.1626586914063068,-28.263824462890625,1.0,-1.0,False,0.8875907760416445,33.15320973199961,14.200183700071648,7268,expanding,original,PatchTST-HF-supervised-v1,5.15.0,cpu,"{""batch_size"":64,""context_length"":252,""d_model"":32,""dropout"":0.1,""ffn_dim"":64,""learning_rate"":0.001,""max_epochs"":30,""min_delta"":0.0001,""num_attention_heads"":4,""num_hidden_layers"":2,""patch_length"":21,""patch_stride"":7,""patience"":5,""prediction_length"":20,""seed"":2026,""validation_points"":252,""weight_decay"":0.0001,""window_stride"":5}",252,21,7,20,5,1349,47,2020-12-07,2020-12-08,2021-12-07,2021-12-07,2020-12-07,109.40469360351562,70.12075805664062,25,20,True,0.3277132213115692,14.18419130006805,0.0011569999624043,19540,True,True,,,29.42648315429693,865.9179108301211,4.298335260608683
SPY,PatchTST,2021-12-07,439.071044921875,2021-12-14,5,434.45794677734375,410.5014953613281,-4.61309814453125,-28.569549560546875,-1.0,-1.0,True,0.8875907760416445,26.99042403623584,14.200183700071648,7268,expanding,original,PatchTST-HF-supervised-v1,5.15.0,cpu,"{""batch_size"":64,""context_length"":252,""d_model"":32,""dropout"":0.1,""ffn_dim"":64,""learning_rate"":0.001,""max_epochs"":30,""min_delta"":0.0001,""num_attention_heads"":4,""num_hidden_layers"":2,""patch_length"":21,""patch_stride"":7,""patience"":5,""prediction_length"":20,""seed"":2026,""validation_points"":252,""weight_decay"":0.0001,""window_stride"":5}",252,21,7,20,5,1349,47,2020-12-07,2020-12-08,2021-12-07,2021-12-07,2020-12-07,109.40469360351562,70.12075805664062,25,20,True,0.3277132213115692,14.18419130006805,0.0011569999624043,19540,True,True,,,23.956451416015625,573.911564447917,4.2939752806807805
SPY,PatchTST,2021-12-07,439.071044921875,2022-01-05,20,440.7077026367188,410.47412109375,1.6366577148438068,-28.596923828125,1.0,-1.0,False,0.8875907760416445,34.06252335992087,14.200183700071648,7268,expanding,original,PatchTST-HF-supervised-v1,5.15.0,cpu,"{""batch_size"":64,""context_length"":252,""d_model"":32,""dropout"":0.1,""ffn_dim"":64,""learning_rate"":0.001,""max_epochs"":30,""min_delta"":0.0001,""num_attention_heads"":4,""num_hidden_layers"":2,""patch_length"":21,""patch_stride"":7,""patience"":5,""prediction_length"":20,""seed"":2026,""validation_points"":252,""weight_decay"":0.0001,""window_stride"":5}",252,21,7,20,5,1349,47,2020-12-07,2020-12-08,2021-12-07,2021-12-07,2020-12-07,109.40469360351562,70.12075805664062,25,20,True,0.3277132213115692,14.18419130006805,0.0011569999624043,19540,True,True,,,30.233581542968807,914.069452915344,4.293584893178751
SPY,PatchTST,2021-12-14,434.45794677734375,2021-12-15,1,441.2463684082031,423.7072143554688,6.788421630859375,-10.750732421875,1.0,-1.0,False,0.8890666699383258,19.727602716173195,15.794847400044093,7273,expanding,original,PatchTST-HF-supervised-v1,5.15.0,cpu,"{""batch_size"":64,""context_length"":252,""d_model"":32,""dropout"":0.1,""ffn_dim"":64,""learning_rate"":0.001,""max_epochs"":30,""min_delta"":0.0001,""num_attention_heads"":4,""num_hidden_layers"":2,""patch_length"":21,""patch_stride"":7,""patience"":5,""prediction_length"":20,""seed"":2026,""validation_points"":252,""weight_decay"":0.0001,""window_stride"":5}",252,21,7,20,5,1350,47,2020-12-14,2020-12-15,2021-12-14,2021-12-14,2020-12-14,109.56838989257812,70.36351013183594,26,21,True,0.1923424303531646,15.778764000046069,0.001416299957782,19540,True,True,,,17.539154052734375,307.62192488554865,4.46451326652561
SPY,PatchTST,2021-12-14,434.45794677734375,2021-12-21,5,435.7020568847656,424.3320617675781,1.244110107421875,-10.125885009765623,1.0,-1.0,False,0.8890666699383258,12.7886867224212,15.794847400044093,7273,expanding,original,PatchTST-HF-supervised-v1,5.15.0,cpu,"{""batch_size"":64,""context_length"":252,""d_model"":32,""dropout"":0.1,""ffn_dim"":64,""learning_rate"":0.001,""max_epochs"":30,""min_delta"":0.0001,""num_attention_heads"":4,""num_hidden_layers"":2,""patch_length"":21,""patch_stride"":7,""patience"":5,""prediction_length"":20,""seed"":2026,""validation_points"":252,""weight_decay"":0.0001,""window_stride"":5}",252,21,7,20,5,1350,47,2020-12-14,2020-12-15,2021-12-14,2021-12-14,2020-12-14,109.56838989257812,70.36351013183594,26,21,True,0.1923424303531646,15.778764000046069,0.001416299957782,19540,True,True,,,11.3699951171875,129.2767889648676,4.473393542835569
SPY,PatchTST,2021-12-14,434.45794677734375,2022-01-12,20,443.1916809082031,428.5595397949219,8.733734130859375,-5.898406982421875,1.0,-1.0,False,0.8890666699383258,16.457867118442618,15.794847400044093,7273,expanding,original,PatchTST-HF-supervised-v1,5.15.0,cpu,"{""batch_size"":64,""context_length"":252,""d_model"":32,""dropout"":0.1,""ffn_dim"":64,""learning_rate"":0.001,""max_epochs"":30,""min_delta"":0.0001,""num_attention_heads"":4,""num_hidden_layers"":2,""patch_length"":21,""patch_stride"":7,""patience"":5,""prediction_length"":20,""seed"":2026,""validation_points"":252,""weight_decay"":0.0001,""window_stride"":5}",252,21,7,20,5,1350,47,2020-12-14,2020-12-15,2021-12-14,2021-12-14,2020-12-14,109.56838989257812,70.36351013183594,26,21,True,0.1923424303531646,15.778764000046069,0.001416299957782,19540,True,True,,,14.63214111328125,214.09955355897543,4.533474087700698
SPY,PatchTST,2021-12-21,435.7020568847656,2021-12-22,1,440.0584411621094,412.4771423339844,4.35638427734375,-23.22491455078125,1.0,-1.0,False,0.892240046471935,30.91241974307926,9.222665600012988,7278,expanding,original,PatchTST-HF-supervised-v1,5.15.0,cpu,"{""batch_size"":64,""context_length"":252,""d_model"":32,""dropout"":0.1,""ffn_dim"":64,""learning_rate"":0.001,""max_epochs"":30,""min_delta"":0.0001,""num_attention_heads"":4,""num_hidden_layers"":2,""patch_length"":21,""patch_stride"":7,""patience"":5,""prediction_length"":20,""seed"":2026,""validation_points"":252,""weight_decay"":0.0001,""window_stride"":5}",252,21,7,20,5,1351,47,2020-12-21,2020-12-22,2021-12-21,2021-12-21,2020-12-21,109.73416900634766,70.61222839355469,16,11,True,0.3366770446300506,9.207725599990226,0.0013748999917879,19540,True,True,,,27.581298828125,760.7280450463295,4.28740149142879
SPY,PatchTST,2021-12-21,435.7020568847656,2021-12-29,5,449.27001953125,412.3691101074219,13.567962646484377,-23.33294677734375,1.0,-1.0,False,0.892240046471935,41.35760277712308,9.222665600012988,7278,expanding,original,PatchTST-HF-supervised-v1,5.15.0,cpu,"{""batch_size"":64,""context_length"":252,""d_model"":32,""dropout"":0.1,""ffn_dim"":64,""learning_rate"":0.001,""max_epochs"":30,""min_delta"":0.0001,""num_attention_heads"":4,""num_hidden_layers"":2,""patch_length"":21,""patch_stride"":7,""patience"":5,""prediction_length"":20,""seed"":2026,""validation_points"":252,""weight_decay"":0.0001,""window_stride"":5}",252,21,7,20,5,1351,47,2020-12-21,2020-12-22,2021-12-21,2021-12-21,2020-12-21,109.73416900634766,70.61222839355469,16,11,True,0.3366770446300506,9.207725599990226,0.0013748999917879,19540,True,True,,,36.900909423828125,1361.677116305567,4.285871554914673
SPY,PatchTST,2021-12-21,435.7020568847656,2022-01-20,20,420.3555603027344,413.3850402832031,-15.34649658203125,-22.3170166015625,-1.0,-1.0,True,0.892240046471935,7.812381933644249,9.222665600012988,7278,expanding,original,PatchTST-HF-supervised-v1,5.15.0,cpu,"{""batch_size"":64,""context_length"":252,""d_model"":32,""dropout"":0.1,""ffn_dim"":64,""learning_rate"":0.001,""max_epochs"":30,""min_delta"":0.0001,""num_attention_heads"":4,""num_hidden_layers"":2,""patch_length"":21,""patch_stride"":7,""patience"":5,""prediction_length"":20,""seed"":2026,""validation_points"":252,""weight_decay"":0.0001,""window_stride"":5}",252,21,7,20,5,1351,47,2020-12-21,2020-12-22,2021-12-21,2021-12-21,2020-12-21,109.73416900634766,70.61222839355469,16,11,True,0.3366770446300506,9.207725599990226,0.0013748999917879,19540,True,True,,,6.97052001953125,48.58814934268594,4.30025900874376
SPY,PatchTST,2021-12-29,449.27001953125,2021-12-30,1,448.0280456542969,416.045654296875,-1.241973876953125,-33.224365234375,-1.0,-1.0,True,0.8935914378806612,35.79084355740337,6.888931500026956,7283,expanding,original,PatchTST-HF-supervised-v1,5.15.0,cpu,"{""batch_size"":64,""context_length"":252,""d_model"":32,""dropout"":0.1,""ffn_dim"":64,""learning_rate"":0.001,""max_epochs"":30,""min_delta"":0.0001,""num_attention_heads"":4,""num_hidden_layers"":2,""patch_length"":21,""patch_stride"":7,""patience"":5,""prediction_length"":20,""seed"":2026,""validation_points"":252,""weight_decay"":0.0001,""window_stride"":5}",252,21,7,20,5,1352,47,2020-12-29,2020-12-30,2021-12-29,2021-12-29,2020-12-29,109.9001007080078,70.86071014404297,12,7,True,0.315563827753067,6.874861099990085,0.0011246999492868,19540,True,True,,,31.982391357421875,1022.8733569392934,4.32038506199763
SPY,PatchTST,2021-12-29,449.27001953125,2022-01-05,5,440.7077026367188,414.1618041992188,-8.562316894531193,-35.10821533203125,-1.0,-1.0,True,0.8935914378806612,29.706974924087454,6.888931500026956,7283,expanding,original,PatchTST-HF-supervised-v1,5.15.0,cpu,"{""batch_size"":64,""context_length"":252,""d_model"":32,""dropout"":0.1,""ffn_dim"":64,""learning_rate"":0.001,""max_epochs"":30,""min_delta"":0.0001,""num_attention_heads"":4,""num_hidden_layers"":2,""patch_length"":21,""patch_stride"":7,""patience"":5,""prediction_length"":20,""seed"":2026,""validation_points"":252,""weight_decay"":0.0001,""window_stride"":5}",252,21,7,20,5,1352,47,2020-12-29,2020-12-30,2021-12-29,2021-12-29,2020-12-29,109.9001007080078,70.86071014404297,12,7,True,0.315563827753067,6.874861099990085,0.0011246999492868,19540,True,True,,,26.545898437500057,704.684723854068,4.293799806306193
SPY,PatchTST,2021-12-29,449.27001953125,2022-01-27,20,405.7619934082031,414.26751708984375,-43.50802612304688,-35.00250244140625,-1.0,-1.0,True,0.8935914378806612,9.518358526143953,6.888931500026956,7283,expanding,original,PatchTST-HF-supervised-v1,5.15.0,cpu,"{""batch_size"":64,""context_length"":252,""d_model"":32,""dropout"":0.1,""ffn_dim"":64,""learning_rate"":0.001,""max_epochs"":30,""min_delta"":0.0001,""num_attention_heads"":4,""num_hidden_layers"":2,""patch_length"":21,""patch_stride"":7,""patience"":5,""prediction_length"":20,""seed"":2026,""validation_points"":252,""weight_decay"":0.0001,""window_stride"":5}",252,21,7,20,5,1352,47,2020-12-29,2020-12-30,2021-12-29,2021-12-29,2020-12-29,109.9001007080078,70.86071014404297,12,7,True,0.315563827753067,6.874861099990085,0.0011246999492868,19540,True,True,,,8.505523681640625,72.34393309894949,4.29529164699492
SPY,PatchTST,2022-01-05,440.7077026367188,2022-01-06,1,440.2937622070313,425.9432678222656,-0.4139404296875,-14.764434814453182,-1.0,-1.0,True,0.8948634935370917,16.036517847032787,13.084507399937138,7288,expanding,original,PatchTST-HF-supervised-v1,5.15.0,cpu,"{""batch_size"":64,""context_length"":252,""d_model"":32,""dropout"":0.1,""ffn_dim"":64,""learning_rate"":0.001,""max_epochs"":30,""min_delta"":0.0001,""num_attention_heads"":4,""num_hidden_layers"":2,""patch_length"":21,""patch_stride"":7,""patience"":5,""prediction_length"":20,""seed"":2026,""validation_points"":252,""weight_decay"":0.0001,""window_stride"":5}",252,21,7,20,5,1353,47,2021-01-06,2021-01-07,2022-01-05,2022-01-05,2021-01-06,110.06742095947266,71.11283111572266,23,18,True,0.2026263028383255,13.070198299945332,0.001466599991545,19540,True,True,,,14.350494384765682,205.93668908719133,4.441896657844558
SPY,PatchTST,2022-01-05,440.7077026367188,2022-01-12,5,443.1916809082031,426.2616271972656,2.483978271484318,-14.446075439453182,1.0,-1.0,False,0.8948634935370917,18.919146700262345,13.084507399937138,7288,expanding,original,PatchTST-HF-supervised-v1,5.15.0,cpu,"{""batch_size"":64,""context_length"":252,""d_model"":32,""dropout"":0.1,""ffn_dim"":64,""learning_rate"":0.001,""max_epochs"":30,""min_delta"":0.0001,""num_attention_heads"":4,""num_hidden_layers"":2,""patch_length"":21,""patch_stride"":7,""patience"":5,""prediction_length"":20,""seed"":2026,""validation_points"":252,""weight_decay"":0.0001,""window_stride"":5}",252,21,7,20,5,1353,47,2021-01-06,2021-01-07,2022-01-05,2022-01-05,2021-01-06,110.06742095947266,71.11283111572266,23,18,True,0.2026263028383255,13.070198299945332,0.001466599991545,19540,True,True,,,16.9300537109375,286.6267186552286,4.446373478272111
SPY,PatchTST,2022-01-05,440.7077026367188,2022-02-03,20,420.2145080566406,431.6407470703125,-20.493194580078185,-9.066955566406309,-1.0,-1.0,True,0.8948634935370917,12.768694997834618,13.084507399937138,7288,expanding,original,PatchTST-HF-supervised-v1,5.15.0,cpu,"{""batch_size"":64,""context_length"":252,""d_model"":32,""dropout"":0.1,""ffn_dim"":64,""learning_rate"":0.001,""max_epochs"":30,""min_delta"":0.0001,""num_attention_heads"":4,""num_hidden_layers"":2,""patch_length"":21,""patch_stride"":7,""patience"":5,""prediction_length"":20,""seed"":2026,""validation_points"":252,""weight_decay"":0.0001,""window_stride"":5}",252,21,7,20,5,1353,47,2021-01-06,2021-01-07,2022-01-05,2022-01-05,2021-01-06,110.06742095947266,71.11283111572266,23,18,True,0.2026263028383255,13.070198299945332,0.001466599991545,19540,True,True,,,11.426239013671877,130.55893799755722,4.522015521889998
SPY,PatchTST,2022-01-12,443.1916809082031,2022-01-13,1,437.0850830078125,425.6649169921875,-6.106597900390625,-17.526763916015625,-1.0,-1.0,True,0.8953312033163084,12.755241829308176,12.996788799995556,7293,expanding,original,PatchTST-HF-supervised-v1,5.15.0,cpu,"{""batch_size"":64,""context_length"":252,""d_model"":32,""dropout"":0.1,""ffn_dim"":64,""learning_rate"":0.001,""max_epochs"":30,""min_delta"":0.0001,""num_attention_heads"":4,""num_hidden_layers"":2,""patch_length"":21,""patch_stride"":7,""patience"":5,""prediction_length"":20,""seed"":2026,""validation_points"":252,""weight_decay"":0.0001,""window_stride"":5}",252,21,7,20,5,1354,47,2021-01-13,2021-01-14,2022-01-12,2022-01-12,2021-01-13,110.239501953125,71.38008880615234,22,17,True,0.2204114198684692,12.981070299982091,0.0011742000933736,19540,True,True,,,11.420166015625,130.4201918244362,4.418955206061267
SPY,PatchTST,2022-01-12,443.1916809082031,2022-01-20,5,420.3555603027344,426.4408874511719,-22.83612060546875,-16.75079345703125,-1.0,-1.0,True,0.8953312033163084,6.796733014439167,12.996788799995556,7293,expanding,original,PatchTST-HF-supervised-v1,5.15.0,cpu,"{""batch_size"":64,""context_length"":252,""d_model"":32,""dropout"":0.1,""ffn_dim"":64,""learning_rate"":0.001,""max_epochs"":30,""min_delta"":0.0001,""num_attention_heads"":4,""num_hidden_layers"":2,""patch_length"":21,""patch_stride"":7,""patience"":5,""prediction_length"":20,""seed"":2026,""validation_points"":252,""weight_decay"":0.0001,""window_stride"":5}",252,21,7,20,5,1354,47,2021-01-13,2021-01-14,2022-01-12,2022-01-12,2021-01-13,110.239501953125,71.38008880615234,22,17,True,0.2204114198684692,12.981070299982091,0.0011742000933736,19540,True,True,,,6.0853271484375,37.03120650351048,4.429826171227641
SPY,PatchTST,2022-01-12,443.1916809082031,2022-02-10,20,422.7737121582031,432.2875671386719,-20.41796875,-10.90411376953125,-1.0,-1.0,True,0.8953312033163084,10.626073284645296,12.996788799995556,7293,expanding,original,PatchTST-HF-supervised-v1,5.15.0,cpu,"{""batch_size"":64,""context_length"":252,""d_model"":32,""dropout"":0.1,""ffn_dim"":64,""learning_rate"":0.001,""max_epochs"":30,""min_delta"":0.0001,""num_attention_heads"":4,""num_hidden_layers"":2,""patch_length"":21,""patch_stride"":7,""patience"":5,""prediction_length"":20,""seed"":2026,""validation_points"":252,""weight_decay"":0.0001,""window_stride"":5}",252,21,7,20,5,1354,47,2021-01-13,2021-01-14,2022-01-12,2022-01-12,2021-01-13,110.239501953125,71.38008880615234,22,17,True,0.2204114198684692,12.981070299982091,0.0011742000933736,19540,True,True,,,9.51385498046875,90.51343658939004,4.511735283212328
SPY,PatchTST,2022-01-20,420.3555603027344,2022-01-21,1,412.103759765625,427.6925659179688,-8.251800537109375,7.337005615234375,-1.0,1.0,False,0.8978962563024218,17.36147805821039,9.746078299940564,7298,expanding,original,PatchTST-HF-supervised-v1,5.15.0,cpu,"{""batch_size"":64,""context_length"":252,""d_model"":32,""dropout"":0.1,""ffn_dim"":64,""learning_rate"":0.001,""max_epochs"":30,""min_delta"":0.0001,""num_attention_heads"":4,""num_hidden_layers"":2,""patch_length"":21,""patch_stride"":7,""patience"":5,""prediction_length"":20,""seed"":2026,""validation_points"":252,""weight_decay"":0.0001,""window_stride"":5}",252,21,7,20,5,1355,47,2021-01-21,2021-01-22,2022-01-20,2022-01-20,2021-01-21,110.41178131103516,71.6470947265625,17,12,True,0.1960223466157913,9.73034769995138,0.0011478000087663,19540,True,True,,,15.58880615234375,243.01087725535035,4.428383116130803
SPY,PatchTST,2022-01-20,420.3555603027344,2022-01-27,5,405.7619934082031,429.6025085449219,-14.59356689453125,9.2469482421875,-1.0,1.0,False,0.8978962563024218,26.55152526740126,9.746078299940564,7298,expanding,original,PatchTST-HF-supervised-v1,5.15.0,cpu,"{""batch_size"":64,""context_length"":252,""d_model"":32,""dropout"":0.1,""ffn_dim"":64,""learning_rate"":0.001,""max_epochs"":30,""min_delta"":0.0001,""num_attention_heads"":4,""num_hidden_layers"":2,""patch_length"":21,""patch_stride"":7,""patience"":5,""prediction_length"":20,""seed"":2026,""validation_points"":252,""weight_decay"":0.0001,""window_stride"":5}",252,21,7,20,5,1355,47,2021-01-21,2021-01-22,2022-01-20,2022-01-20,2021-01-21,110.41178131103516,71.6470947265625,17,12,True,0.1960223466157913,9.73034769995138,0.0011478000087663,19540,True,True,,,23.84051513671875,568.3701619841158,4.45504075848521
SPY,PatchTST,2022-01-20,420.3555603027344,2022-02-17,20,411.238037109375,436.9863586425781,-9.117523193359377,16.63079833984375,-1.0,1.0,False,0.8978962563024218,28.67627674408166,9.746078299940564,7298,expanding,original,PatchTST-HF-supervised-v1,5.15.0,cpu,"{""batch_size"":64,""context_length"":252,""d_model"":32,""dropout"":0.1,""ffn_dim"":64,""learning_rate"":0.001,""max_epochs"":30,""min_delta"":0.0001,""num_attention_heads"":4,""num_hidden_layers"":2,""patch_length"":21,""patch_stride"":7,""patience"":5,""prediction_length"":20,""seed"":2026,""validation_points"":252,""weight_decay"":0.0001,""window_stride"":5}",252,21,7,20,5,1355,47,2021-01-21,2021-01-22,2022-01-20,2022-01-20,2021-01-21,110.41178131103516,71.6470947265625,17,12,True,0.1960223466157913,9.73034769995138,0.0011478000087663,19540,True,True,,,25.748321533203125,662.9760617772117,4.558099369945121
SPY,PatchTST,2022-01-27,405.7619934082031,2022-01-28,1,415.8392333984375,424.6011352539063,10.077239990234377,18.839141845703125,1.0,1.0,True,0.8997593443219353,9.73805041399351,9.89294950000476,7303,expanding,original,PatchTST-HF-supervised-v1,5.15.0,cpu,"{""batch_size"":64,""context_length"":252,""d_model"":32,""dropout"":0.1,""ffn_dim"":64,""learning_rate"":0.001,""max_epochs"":30,""min_delta"":0.0001,""num_attention_heads"":4,""num_hidden_layers"":2,""patch_length"":21,""patch_stride"":7,""patience"":5,""prediction_length"":20,""seed"":2026,""validation_points"":252,""weight_decay"":0.0001,""window_stride"":5}",252,21,7,20,5,1356,47,2021-01-28,2021-01-29,2022-01-27,2022-01-27,2021-01-28,110.58411407470705,71.91328430175781,17,12,True,0.2607662975788116,9.875485100084916,0.0013863000785931,19540,True,True,,,8.76190185546875,76.77092412486672,4.366606590536758
SPY,PatchTST,2022-01-27,405.7619934082031,2022-02-03,5,420.2145080566406,426.7374267578125,14.4525146484375,20.97543334960937,1.0,1.0,True,0.8997593443219353,7.249625960914683,9.89294950000476,7303,expanding,original,PatchTST-HF-supervised-v1,5.15.0,cpu,"{""batch_size"":64,""context_length"":252,""d_model"":32,""dropout"":0.1,""ffn_dim"":64,""learning_rate"":0.001,""max_epochs"":30,""min_delta"":0.0001,""num_attention_heads"":4,""num_hidden_layers"":2,""patch_length"":21,""patch_stride"":7,""patience"":5,""prediction_length"":20,""seed"":2026,""validation_points"":252,""weight_decay"":0.0001,""window_stride"":5}",252,21,7,20,5,1356,47,2021-01-28,2021-01-29,2022-01-27,2022-01-27,2021-01-28,110.58411407470705,71.91328430175781,17,12,True,0.2607662975788116,9.875485100084916,0.0013863000785931,19540,True,True,,,6.522918701171875,42.54846838209778,4.396313083914839
SPY,PatchTST,2022-01-27,405.7619934082031,2022-02-25,20,411.8873291015625,429.6277465820313,6.125335693359375,23.865753173828125,1.0,1.0,True,0.8997593443219353,19.716847168548217,9.89294950000476,7303,expanding,original,PatchTST-HF-supervised-v1,5.15.0,cpu,"{""batch_size"":64,""context_length"":252,""d_model"":32,""dropout"":0.1,""ffn_dim"":64,""learning_rate"":0.001,""max_epochs"":30,""min_delta"":0.0001,""num_attention_heads"":4,""num_hidden_layers"":2,""patch_length"":21,""patch_stride"":7,""patience"":5,""prediction_length"":20,""seed"":2026,""validation_points"":252,""weight_decay"":0.0001,""window_stride"":5}",252,21,7,20,5,1356,47,2021-01-28,2021-01-29,2022-01-27,2022-01-27,2021-01-28,110.58411407470705,71.91328430175781,17,12,True,0.2607662975788116,9.875485100084916,0.0013863000785931,19540,True,True,,,17.74041748046875,314.7224123813212,4.436504821120035
SPY,PatchTST,2022-02-03,420.2145080566406,2022-02-04,1,422.1903991699219,439.061767578125,1.97589111328125,18.84725952148437,1.0,1.0,True,0.9038900863753964,18.66528758585836,12.086653700098395,7308,expanding,original,PatchTST-HF-supervised-v1,5.15.0,cpu,"{""batch_size"":64,""context_length"":252,""d_model"":32,""dropout"":0.1,""ffn_dim"":64,""learning_rate"":0.001,""max_epochs"":30,""min_delta"":0.0001,""num_attention_heads"":4,""num_hidden_layers"":2,""patch_length"":21,""patch_stride"":7,""patience"":5,""prediction_length"":20,""seed"":2026,""validation_points"":252,""weight_decay"":0.0001,""window_stride"":5}",252,21,7,20,5,1357,47,2021-02-04,2021-02-05,2022-02-03,2022-02-03,2021-02-04,110.75523376464844,72.17460632324219,21,16,True,0.1377818286418914,12.071931799990123,0.0011527999304234,19540,True,True,,,16.871368408203125,284.64307196531445,4.54878177434205
SPY,PatchTST,2022-02-03,420.2145080566406,2022-02-10,5,422.7737121582031,443.4091796875,2.5592041015625,23.19467163085937,1.0,1.0,True,0.9038900863753964,22.82962037126129,12.086653700098395,7308,expanding,original,PatchTST-HF-supervised-v1,5.15.0,cpu,"{""batch_size"":64,""context_length"":252,""d_model"":32,""dropout"":0.1,""ffn_dim"":64,""learning_rate"":0.001,""max_epochs"":30,""min_delta"":0.0001,""num_attention_heads"":4,""num_hidden_layers"":2,""patch_length"":21,""patch_stride"":7,""patience"":5,""prediction_length"":20,""seed"":2026,""validation_points"":252,""weight_decay"":0.0001,""window_stride"":5}",252,21,7,20,5,1357,47,2021-02-04,2021-02-05,2022-02-03,2022-02-03,2021-02-04,110.75523376464844,72.17460632324219,21,16,True,0.1377818286418914,12.071931799990123,0.0011527999304234,19540,True,True,,,20.635467529296875,425.8225201526657,4.6090164237685345
SPY,PatchTST,2022-02-03,420.2145080566406,2022-03-04,20,406.6369934082031,446.03216552734375,-13.5775146484375,25.817657470703125,-1.0,1.0,False,0.9038900863753964,43.58402942233326,12.086653700098395,7308,expanding,original,PatchTST-HF-supervised-v1,5.15.0,cpu,"{""batch_size"":64,""context_length"":252,""d_model"":32,""dropout"":0.1,""ffn_dim"":64,""learning_rate"":0.001,""max_epochs"":30,""min_delta"":0.0001,""num_attention_heads"":4,""num_hidden_layers"":2,""patch_length"":21,""patch_stride"":7,""patience"":5,""prediction_length"":20,""seed"":2026,""validation_points"":252,""weight_decay"":0.0001,""window_stride"":5}",252,21,7,20,5,1357,47,2021-02-04,2021-02-05,2022-02-03,2022-02-03,2021-02-04,110.75523376464844,72.17460632324219,21,16,True,0.1377818286418914,12.071931799990123,0.0011527999304234,19540,True,True,,,39.39517211914063,1551.9795862967148,4.645358649566018
SPY,PatchTST,2022-02-10,422.7737121582031,2022-02-11,1,414.437255859375,443.8605346679688,-8.336456298828125,21.086822509765625,-1.0,1.0,False,0.906108131033065,32.47214962638941,11.596505200024694,7313,expanding,original,PatchTST-HF-supervised-v1,5.15.0,cpu,"{""batch_size"":64,""context_length"":252,""d_model"":32,""dropout"":0.1,""ffn_dim"":64,""learning_rate"":0.001,""max_epochs"":30,""min_delta"":0.0001,""num_attention_heads"":4,""num_hidden_layers"":2,""patch_length"":21,""patch_stride"":7,""patience"":5,""prediction_length"":20,""seed"":2026,""validation_points"":252,""weight_decay"":0.0001,""window_stride"":5}",252,21,7,20,5,1358,47,2021-02-11,2021-02-12,2022-02-10,2022-02-10,2021-02-11,110.93314361572266,72.45792388916016,20,15,True,0.1345892697572708,11.580916699953375,0.0013718000845983,19540,True,True,,,29.42327880859375,865.729335848242,4.594768566120243
SPY,PatchTST,2022-02-10,422.7737121582031,2022-02-17,5,411.238037109375,447.1147766113281,-11.535675048828123,24.341064453125,-1.0,1.0,False,0.906108131033065,39.594324643185374,11.596505200024694,7313,expanding,original,PatchTST-HF-supervised-v1,5.15.0,cpu,"{""batch_size"":64,""context_length"":252,""d_model"":32,""dropout"":0.1,""ffn_dim"":64,""learning_rate"":0.001,""max_epochs"":30,""min_delta"":0.0001,""num_attention_heads"":4,""num_hidden_layers"":2,""patch_length"":21,""patch_stride"":7,""patience"":5,""prediction_length"":20,""seed"":2026,""validation_points"":252,""weight_decay"":0.0001,""window_stride"":5}",252,21,7,20,5,1358,47,2021-02-11,2021-02-12,2022-02-10,2022-02-10,2021-02-11,110.93314361572266,72.45792388916016,20,15,True,0.1345892697572708,11.580916699953375,0.0013718000845983,19540,True,True,,,35.876739501953125,1287.1404372910038,4.639680727119189
SPY,PatchTST,2022-02-10,422.7737121582031,2022-03-11,20,395.2518615722656,446.8181762695313,-27.5218505859375,24.044464111328125,-1.0,1.0,False,0.906108131033065,56.90966997335543,11.596505200024694,7313,expanding,original,PatchTST-HF-supervised-v1,5.15.0,cpu,"{""batch_size"":64,""context_length"":252,""d_model"":32,""dropout"":0.1,""ffn_dim"":64,""learning_rate"":0.001,""max_epochs"":30,""min_delta"":0.0001,""num_attention_heads"":4,""num_hidden_layers"":2,""patch_length"":21,""patch_stride"":7,""patience"":5,""prediction_length"":20,""seed"":2026,""validation_points"":252,""weight_decay"":0.0001,""window_stride"":5}",252,21,7,20,5,1358,47,2021-02-11,2021-02-12,2022-02-10,2022-02-10,2021-02-11,110.93314361572266,72.45792388916016,20,15,True,0.1345892697572708,11.580916699953375,0.0013718000845983,19540,True,True,,,51.566314697265625,2659.084811457433,4.635587312267136
SPY,PatchTST,2022-02-17,411.238037109375,2022-02-18,1,408.5753173828125,449.483154296875,-2.6627197265625,38.2451171875,-1.0,1.0,False,0.9090149970560988,45.00237844980012,12.802644399926066,7318,expanding,original,PatchTST-HF-supervised-v1,5.15.0,cpu,"{""batch_size"":64,""context_length"":252,""d_model"":32,""dropout"":0.1,""ffn_dim"":64,""learning_rate"":0.001,""max_epochs"":30,""min_delta"":0.0001,""num_attention_heads"":4,""num_hidden_layers"":2,""patch_length"":21,""patch_stride"":7,""patience"":5,""prediction_length"":20,""seed"":2026,""validation_points"":252,""weight_decay"":0.0001,""window_stride"":5}",252,21,7,20,5,1359,47,2021-02-19,2021-02-22,2022-02-17,2022-02-17,2021-02-19,111.11195373535156,72.74331665039062,21,16,True,0.1161260530352592,12.789331799955107,0.0011436999775469,19540,True,True,,,40.9078369140625,1673.4511209875343,4.651577851306377
SPY,PatchTST,2022-02-17,411.238037109375,2022-02-25,5,411.8873291015625,448.2254638671875,0.6492919921875,36.9874267578125,1.0,1.0,True,0.9090149970560988,39.975286308045845,12.802644399926066,7318,expanding,original,PatchTST-HF-supervised-v1,5.15.0,cpu,"{""batch_size"":64,""context_length"":252,""d_model"":32,""dropout"":0.1,""ffn_dim"":64,""learning_rate"":0.001,""max_epochs"":30,""min_delta"":0.0001,""num_attention_heads"":4,""num_hidden_layers"":2,""patch_length"":21,""patch_stride"":7,""patience"":5,""prediction_length"":20,""seed"":2026,""validation_points"":252,""weight_decay"":0.0001,""window_stride"":5}",252,21,7,20,5,1359,47,2021-02-19,2021-02-22,2022-02-17,2022-02-17,2021-02-19,111.11195373535156,72.74331665039062,21,16,True,0.1161260530352592,12.789331799955107,0.0011436999775469,19540,True,True,,,36.338134765625,1320.4600382447245,4.634288422014446
SPY,PatchTST,2022-02-17,411.238037109375,2022-03-18,20,419.5567321777344,449.9984130859375,8.318695068359375,38.7603759765625,1.0,1.0,True,0.9090149970560988,33.48864540936111,12.802644399926066,7318,expanding,original,PatchTST-HF-supervised-v1,5.15.0,cpu,"{""batch_size"":64,""context_length"":252,""d_model"":32,""dropout"":0.1,""ffn_dim"":64,""learning_rate"":0.001,""max_epochs"":30,""min_delta"":0.0001,""num_attention_heads"":4,""num_hidden_layers"":2,""patch_length"":21,""patch_stride"":7,""patience"":5,""prediction_length"":20,""seed"":2026,""validation_points"":252,""weight_decay"":0.0001,""window_stride"":5}",252,21,7,20,5,1359,47,2021-02-19,2021-02-22,2022-02-17,2022-02-17,2021-02-19,111.11195373535156,72.74331665039062,21,16,True,0.1161260530352592,12.789331799955107,0.0011436999775469,19540,True,True,,,30.441680908203125,926.6959365168586,4.658661097064044
SPY,PatchTST,2022-02-25,411.8873291015625,2022-02-28,1,410.83349609375,448.2550354003906,-1.0538330078125,36.367706298828125,-1.0,1.0,False,0.9123663747287848,41.015912404449104,16.71457680000458,7323,expanding,original,PatchTST-HF-supervised-v1,5.15.0,cpu,"{""batch_size"":64,""context_length"":252,""d_model"":32,""dropout"":0.1,""ffn_dim"":64,""learning_rate"":0.001,""max_epochs"":30,""min_delta"":0.0001,""num_attention_heads"":4,""num_hidden_layers"":2,""patch_length"":21,""patch_stride"":7,""patience"":5,""prediction_length"":20,""seed"":2026,""validation_points"":252,""weight_decay"":0.0001,""window_stride"":5}",252,21,7,20,5,1360,47,2021-02-26,2021-03-01,2022-02-25,2022-02-25,2021-02-26,111.28668975830078,73.01376342773438,29,24,True,0.1153043061494827,16.700600500102155,0.0011432999745011,19540,True,True,,,37.42153930664063,1400.3716040784493,4.615134596857282
SPY,PatchTST,2022-02-25,411.8873291015625,2022-03-04,5,406.6369934082031,450.1841125488281,-5.250335693359375,38.296783447265625,-1.0,1.0,False,0.9123663747287848,47.729859787489495,16.71457680000458,7323,expanding,original,PatchTST-HF-supervised-v1,5.15.0,cpu,"{""batch_size"":64,""context_length"":252,""d_model"":32,""dropout"":0.1,""ffn_dim"":64,""learning_rate"":0.001,""max_epochs"":30,""min_delta"":0.0001,""num_attention_heads"":4,""num_hidden_layers"":2,""patch_length"":21,""patch_stride"":7,""patience"":5,""prediction_length"":20,""seed"":2026,""validation_points"":252,""weight_decay"":0.0001,""window_stride"":5}",252,21,7,20,5,1360,47,2021-02-26,2021-03-01,2022-02-25,2022-02-25,2021-02-26,111.28668975830078,73.01376342773438,29,24,True,0.1153043061494827,16.700600500102155,0.0011432999745011,19540,True,True,,,43.547119140625,1896.351585447788,4.641555329851641
SPY,PatchTST,2022-02-25,411.8873291015625,2022-03-25,20,427.2678833007813,454.158203125,15.380554199218809,42.2708740234375,1.0,1.0,True,0.9123663747287848,29.47315965278999,16.71457680000458,7323,expanding,original,PatchTST-HF-supervised-v1,5.15.0,cpu,"{""batch_size"":64,""context_length"":252,""d_model"":32,""dropout"":0.1,""ffn_dim"":64,""learning_rate"":0.001,""max_epochs"":30,""min_delta"":0.0001,""num_attention_heads"":4,""num_hidden_layers"":2,""patch_length"":21,""patch_stride"":7,""patience"":5,""prediction_length"":20,""seed"":2026,""validation_points"":252,""weight_decay"":0.0001,""window_stride"":5}",252,21,7,20,5,1360,47,2021-02-26,2021-03-01,2022-02-25,2022-02-25,2021-02-26,111.28668975830078,73.01376342773438,29,24,True,0.1153043061494827,16.700600500102155,0.0011432999745011,19540,True,True,,,26.890319824218693,723.0893002487688,4.695984664672949
SPY,PatchTST,2022-03-04,406.6369934082031,2022-03-07,1,394.6497192382813,458.6988525390625,-11.987274169921818,52.061859130859375,-1.0,1.0,False,0.9144919046490748,70.03794454075486,16.22458879998885,7328,expanding,original,PatchTST-HF-supervised-v1,5.15.0,cpu,"{""batch_size"":64,""context_length"":252,""d_model"":32,""dropout"":0.1,""ffn_dim"":64,""learning_rate"":0.001,""max_epochs"":30,""min_delta"":0.0001,""num_attention_heads"":4,""num_hidden_layers"":2,""patch_length"":21,""patch_stride"":7,""patience"":5,""prediction_length"":20,""seed"":2026,""validation_points"":252,""weight_decay"":0.0001,""window_stride"":5}",252,21,7,20,5,1361,47,2021-03-05,2021-03-08,2022-03-04,2022-03-04,2021-03-05,111.45972442626952,73.27752685546875,28,23,True,0.0878942683339119,16.209343299968168,0.0013614000054076,19540,True,True,,,64.0491333007812,4102.291476581238,4.7386851469166125
SPY,PatchTST,2022-03-04,406.6369934082031,2022-03-11,5,395.2518615722656,460.7880859375,-11.3851318359375,54.15109252929688,-1.0,1.0,False,0.9144919046490748,71.66408366445093,16.22458879998885,7328,expanding,original,PatchTST-HF-supervised-v1,5.15.0,cpu,"{""batch_size"":64,""context_length"":252,""d_model"":32,""dropout"":0.1,""ffn_dim"":64,""learning_rate"":0.001,""max_epochs"":30,""min_delta"":0.0001,""num_attention_heads"":4,""num_hidden_layers"":2,""patch_length"":21,""patch_stride"":7,""patience"":5,""prediction_length"":20,""seed"":2026,""validation_points"":252,""weight_decay"":0.0001,""window_stride"":5}",252,21,7,20,5,1361,47,2021-03-05,2021-03-08,2022-03-04,2022-03-04,2021-03-05,111.45972442626952,73.27752685546875,28,23,True,0.0878942683339119,16.209343299968168,0.0013614000054076,19540,True,True,,,65.53622436523438,4294.99670405034,4.7671963902417085
SPY,PatchTST,2022-03-04,406.6369934082031,2022-04-01,20,427.4849243164063,465.39459228515625,20.847930908203185,58.757598876953125,1.0,1.0,True,0.9144919046490748,41.45435052626007,16.22458879998885,7328,expanding,original,PatchTST-HF-supervised-v1,5.15.0,cpu,"{""batch_size"":64,""context_length"":252,""d_model"":32,""dropout"":0.1,""ffn_dim"":64,""learning_rate"":0.001,""max_epochs"":30,""min_delta"":0.0001,""num_attention_heads"":4,""num_hidden_layers"":2,""patch_length"":21,""patch_stride"":7,""patience"":5,""prediction_length"":20,""seed"":2026,""validation_points"":252,""weight_decay"":0.0001,""window_stride"":5}",252,21,7,20,5,1361,47,2021-03-05,2021-03-08,2022-03-04,2022-03-04,2021-03-05,111.45972442626952,73.27752685546875,28,23,True,0.0878942683339119,16.209343299968168,0.0013614000054076,19540,True,True,,,37.90966796874994,1437.1429255008654,4.830060225108052
SPY,PatchTST,2022-03-11,395.2518615722656,2022-03-14,1,392.3633117675781,441.8808288574219,-2.8885498046875,46.62896728515625,-1.0,1.0,False,0.9182854146171776,53.92388499439144,12.220524100004695,7333,expanding,original,PatchTST-HF-supervised-v1,5.15.0,cpu,"{""batch_size"":64,""context_length"":252,""d_model"":32,""dropout"":0.1,""ffn_dim"":64,""learning_rate"":0.001,""max_epochs"":30,""min_delta"":0.0001,""num_attention_heads"":4,""num_hidden_layers"":2,""patch_length"":21,""patch_stride"":7,""patience"":5,""prediction_length"":20,""seed"":2026,""validation_points"":252,""weight_decay"":0.0001,""window_stride"":5}",252,21,7,20,5,1362,47,2021-03-12,2021-03-15,2022-03-11,2022-03-11,2021-03-12,111.6362075805664,73.552001953125,21,16,True,0.1444969028234481,12.20400090003386,0.0014365999959409,19540,True,True,,,49.51751708984375,2451.984498742968,4.489947418254118
SPY,PatchTST,2022-03-11,395.2518615722656,2022-03-18,5,419.5567321777344,442.3635864257813,24.30487060546875,47.111724853515625,1.0,1.0,True,0.9182854146171776,24.836345960645343,12.220524100004695,7333,expanding,original,PatchTST-HF-supervised-v1,5.15.0,cpu,"{""batch_size"":64,""context_length"":252,""d_model"":32,""dropout"":0.1,""ffn_dim"":64,""learning_rate"":0.001,""max_epochs"":30,""min_delta"":0.0001,""num_attention_heads"":4,""num_hidden_layers"":2,""patch_length"":21,""patch_stride"":7,""patience"":5,""prediction_length"":20,""seed"":2026,""validation_points"":252,""weight_decay"":0.0001,""window_stride"":5}",252,21,7,20,5,1362,47,2021-03-12,2021-03-15,2022-03-11,2022-03-11,2021-03-12,111.6362075805664,73.552001953125,21,16,True,0.1444969028234481,12.20400090003386,0.0014365999959409,19540,True,True,,,22.806854248046875,520.1526006916538,4.496510904706426
SPY,PatchTST,2022-03-11,395.2518615722656,2022-04-08,20,422.4354248046875,449.2171936035156,27.183563232421875,53.96533203125,1.0,1.0,True,0.9182854146171776,29.164972428526625,12.220524100004695,7333,expanding,original,PatchTST-HF-supervised-v1,5.15.0,cpu,"{""batch_size"":64,""context_length"":252,""d_model"":32,""dropout"":0.1,""ffn_dim"":64,""learning_rate"":0.001,""max_epochs"":30,""min_delta"":0.0001,""num_attention_heads"":4,""num_hidden_layers"":2,""patch_length"":21,""patch_stride"":7,""patience"":5,""prediction_length"":20,""seed"":2026,""validation_points"":252,""weight_decay"":0.0001,""window_stride"":5}",252,21,7,20,5,1362,47,2021-03-12,2021-03-15,2022-03-11,2022-03-11,2021-03-12,111.6362075805664,73.552001953125,21,16,True,0.1444969028234481,12.20400090003386,0.0014365999959409,19540,True,True,,,26.781768798828125,717.2631399938837,4.589691334820376
SPY,PatchTST,2022-03-18,419.5567321777344,2022-03-21,1,419.4339904785156,444.46624755859375,-0.12274169921875,24.90951538085937,-1.0,1.0,False,0.9217596606498556,27.157032520201607,13.257503499975428,7338,expanding,original,PatchTST-HF-supervised-v1,5.15.0,cpu,"{""batch_size"":64,""context_length"":252,""d_model"":32,""dropout"":0.1,""ffn_dim"":64,""learning_rate"":0.001,""max_epochs"":30,""min_delta"":0.0001,""num_attention_heads"":4,""num_hidden_layers"":2,""patch_length"":21,""patch_stride"":7,""patience"":5,""prediction_length"":20,""seed"":2026,""validation_points"":252,""weight_decay"":0.0001,""window_stride"":5}",252,21,7,20,5,1363,47,2021-03-19,2021-03-22,2022-03-18,2022-03-18,2021-03-19,111.81582641601562,73.83611297607422,23,18,True,0.147065058350563,13.243049899931066,0.0014695000136271,19540,True,True,,,25.032257080078125,626.6138945231214,4.505253699505685
SPY,PatchTST,2022-03-18,419.5567321777344,2022-03-25,5,427.2678833007813,443.9478454589844,7.711151123046932,24.39111328125,1.0,1.0,True,0.9217596606498556,18.095782306684395,13.257503499975428,7338,expanding,original,PatchTST-HF-supervised-v1,5.15.0,cpu,"{""batch_size"":64,""context_length"":252,""d_model"":32,""dropout"":0.1,""ffn_dim"":64,""learning_rate"":0.001,""max_epochs"":30,""min_delta"":0.0001,""num_attention_heads"":4,""num_hidden_layers"":2,""patch_length"":21,""patch_stride"":7,""patience"":5,""prediction_length"":20,""seed"":2026,""validation_points"":252,""weight_decay"":0.0001,""window_stride"":5}",252,21,7,20,5,1363,47,2021-03-19,2021-03-22,2022-03-18,2022-03-18,2021-03-19,111.81582641601562,73.83611297607422,23,18,True,0.147065058350563,13.243049899931066,0.0014695000136271,19540,True,True,,,16.679962158203068,278.2211375990864,4.4982327164295945
SPY,PatchTST,2022-03-18,419.5567321777344,2022-04-18,20,413.3745727539063,449.8675231933594,-6.182159423828068,30.310791015625,-1.0,1.0,False,0.9217596606498556,39.5905266821125,13.257503499975428,7338,expanding,original,PatchTST-HF-supervised-v1,5.15.0,cpu,"{""batch_size"":64,""context_length"":252,""d_model"":32,""dropout"":0.1,""ffn_dim"":64,""learning_rate"":0.001,""max_epochs"":30,""min_delta"":0.0001,""num_attention_heads"":4,""num_hidden_layers"":2,""patch_length"":21,""patch_stride"":7,""patience"":5,""prediction_length"":20,""seed"":2026,""validation_points"":252,""weight_decay"":0.0001,""window_stride"":5}",252,21,7,20,5,1363,47,2021-03-19,2021-03-22,2022-03-18,2022-03-18,2021-03-19,111.81582641601562,73.83611297607422,23,18,True,0.147065058350563,13.243049899931066,0.0014695000136271,19540,True,True,,,36.49295043945307,1331.735431776378,4.578405920242385
SPY,PatchTST,2022-03-25,427.2678833007813,2022-03-28,1,430.3070373535156,453.0373229980469,3.039154052734318,25.769439697265568,1.0,1.0,True,0.92370428918201,24.60775153990044,10.454247800051236,7343,expanding,original,PatchTST-HF-supervised-v1,5.15.0,cpu,"{""batch_size"":64,""context_length"":252,""d_model"":32,""dropout"":0.1,""ffn_dim"":64,""learning_rate"":0.001,""max_epochs"":30,""min_delta"":0.0001,""num_attention_heads"":4,""num_hidden_layers"":2,""patch_length"":21,""patch_stride"":7,""patience"":5,""prediction_length"":20,""seed"":2026,""validation_points"":252,""weight_decay"":0.0001,""window_stride"":5}",252,21,7,20,5,1364,47,2021-03-26,2021-03-29,2022-03-25,2022-03-25,2021-03-26,111.99385833740234,74.11378479003906,18,13,True,0.1104298308491706,10.437962800031528,0.0012591000413522,19540,True,True,,,22.73028564453125,516.6658854819834,4.601619869054117
SPY,PatchTST,2022-03-25,427.2678833007813,2022-04-01,5,427.4849243164063,455.0748596191406,0.217041015625,27.80697631835932,1.0,1.0,True,0.92370428918201,29.86879635166217,10.454247800051236,7343,expanding,original,PatchTST-HF-supervised-v1,5.15.0,cpu,"{""batch_size"":64,""context_length"":252,""d_model"":32,""dropout"":0.1,""ffn_dim"":64,""learning_rate"":0.001,""max_epochs"":30,""min_delta"":0.0001,""num_attention_heads"":4,""num_hidden_layers"":2,""patch_length"":21,""patch_stride"":7,""patience"":5,""prediction_length"":20,""seed"":2026,""validation_points"":252,""weight_decay"":0.0001,""window_stride"":5}",252,21,7,20,5,1364,47,2021-03-26,2021-03-29,2022-03-25,2022-03-25,2021-03-26,111.99385833740234,74.11378479003906,18,13,True,0.1104298308491706,10.437962800031528,0.0012591000413522,19540,True,True,,,27.58993530273432,761.2045300090654,4.629111875121085
SPY,PatchTST,2022-03-25,427.2678833007813,2022-04-25,20,404.4458618164063,460.9253845214844,-22.822021484375,33.65750122070307,-1.0,1.0,False,0.92370428918201,61.144592881661,10.454247800051236,7343,expanding,original,PatchTST-HF-supervised-v1,5.15.0,cpu,"{""batch_size"":64,""context_length"":252,""d_model"":32,""dropout"":0.1,""ffn_dim"":64,""learning_rate"":0.001,""max_epochs"":30,""min_delta"":0.0001,""num_attention_heads"":4,""num_hidden_layers"":2,""patch_length"":21,""patch_stride"":7,""patience"":5,""prediction_length"":20,""seed"":2026,""validation_points"":252,""weight_decay"":0.0001,""window_stride"":5}",252,21,7,20,5,1364,47,2021-03-26,2021-03-29,2022-03-25,2022-03-25,2021-03-26,111.99385833740234,74.11378479003906,18,13,True,0.1104298308491706,10.437962800031528,0.0012591000413522,19540,True,True,,,56.47952270507807,3189.936484993429,4.708051642114742
SPY,PatchTST,2022-04-01,427.4849243164063,2022-04-04,1,431.1470947265625,457.40673828125,3.662170410156193,29.921813964843693,1.0,1.0,True,0.925651409065576,28.36882577772556,17.587502300040796,7348,expanding,original,PatchTST-HF-supervised-v1,5.15.0,cpu,"{""batch_size"":64,""context_length"":252,""d_model"":32,""dropout"":0.1,""ffn_dim"":64,""learning_rate"":0.001,""max_epochs"":30,""min_delta"":0.0001,""num_attention_heads"":4,""num_hidden_layers"":2,""patch_length"":21,""patch_stride"":7,""patience"":5,""prediction_length"":20,""seed"":2026,""validation_points"":252,""weight_decay"":0.0001,""window_stride"":5}",252,21,7,20,5,1365,47,2021-04-05,2021-04-06,2022-04-01,2022-04-01,2021-04-05,112.17670440673828,74.40702056884766,30,28,False,0.119717352092266,17.571087200078182,0.0011934000067412,19540,True,True,,,26.2596435546875,689.5688796192408,4.639750808931742
SPY,PatchTST,2022-04-01,427.4849243164063,2022-04-08,5,422.4354248046875,457.3621826171875,-5.049499511718807,29.877258300781197,-1.0,1.0,False,0.925651409065576,37.732085178542285,17.587502300040796,7348,expanding,original,PatchTST-HF-supervised-v1,5.15.0,cpu,"{""batch_size"":64,""context_length"":252,""d_model"":32,""dropout"":0.1,""ffn_dim"":64,""learning_rate"":0.001,""max_epochs"":30,""min_delta"":0.0001,""num_attention_heads"":4,""num_hidden_layers"":2,""patch_length"":21,""patch_stride"":7,""patience"":5,""prediction_length"":20,""seed"":2026,""validation_points"":252,""weight_decay"":0.0001,""window_stride"":5}",252,21,7,20,5,1365,47,2021-04-05,2021-04-06,2022-04-01,2022-04-01,2021-04-05,112.17670440673828,74.40702056884766,30,28,False,0.119717352092266,17.571087200078182,0.0011934000067412,19540,True,True,,,34.9267578125,1219.8784112930298,4.639151998984484
SPY,PatchTST,2022-04-01,427.4849243164063,2022-05-02,20,391.2037353515625,462.9690856933594,-36.28118896484381,35.48416137695307,-1.0,1.0,False,0.925651409065576,77.52956419549164,17.587502300040796,7348,expanding,original,PatchTST-HF-supervised-v1,5.15.0,cpu,"{""batch_size"":64,""context_length"":252,""d_model"":32,""dropout"":0.1,""ffn_dim"":64,""learning_rate"":0.001,""max_epochs"":30,""min_delta"":0.0001,""num_attention_heads"":4,""num_hidden_layers"":2,""patch_length"":21,""patch_stride"":7,""patience"":5,""prediction_length"":20,""seed"":2026,""validation_points"":252,""weight_decay"":0.0001,""window_stride"":5}",252,21,7,20,5,1365,47,2021-04-05,2021-04-06,2022-04-01,2022-04-01,2021-04-05,112.17670440673828,74.40702056884766,30,28,False,0.119717352092266,17.571087200078182,0.0011934000067412,19540,True,True,,,71.76535034179688,5150.265509680845,4.714506488833784
SPY,PatchTST,2022-04-08,422.4354248046875,2022-04-11,1,415.2150573730469,446.0636596679688,-7.220367431640625,23.62823486328125,-1.0,1.0,False,0.9272826602591266,33.267744148587134,9.756646000081671,7353,expanding,original,PatchTST-HF-supervised-v1,5.15.0,cpu,"{""batch_size"":64,""context_length"":252,""d_model"":32,""dropout"":0.1,""ffn_dim"":64,""learning_rate"":0.001,""max_epochs"":30,""min_delta"":0.0001,""num_attention_heads"":4,""num_hidden_layers"":2,""patch_length"":21,""patch_stride"":7,""patience"":5,""prediction_length"":20,""seed"":2026,""validation_points"":252,""weight_decay"":0.0001,""window_stride"":5}",252,21,7,20,5,1366,47,2021-04-12,2021-04-13,2022-04-08,2022-04-08,2021-04-12,112.36591339111328,74.72161102294922,17,12,True,0.1359626948833465,9.7415821000468,0.0012943999608978,19540,True,True,,,30.848602294921875,951.6362635502592,4.46587997379188
SPY,PatchTST,2022-04-08,422.4354248046875,2022-04-18,5,413.3745727539063,444.6449279785156,-9.060852050781191,22.209503173828125,-1.0,1.0,False,0.9272826602591266,33.72257086730264,9.756646000081671,7353,expanding,original,PatchTST-HF-supervised-v1,5.15.0,cpu,"{""batch_size"":64,""context_length"":252,""d_model"":32,""dropout"":0.1,""ffn_dim"":64,""learning_rate"":0.001,""max_epochs"":30,""min_delta"":0.0001,""num_attention_heads"":4,""num_hidden_layers"":2,""patch_length"":21,""patch_stride"":7,""patience"":5,""prediction_length"":20,""seed"":2026,""validation_points"":252,""weight_decay"":0.0001,""window_stride"":5}",252,21,7,20,5,1366,47,2021-04-12,2021-04-13,2022-04-08,2022-04-08,2021-04-12,112.36591339111328,74.72161102294922,17,12,True,0.1359626948833465,9.7415821000468,0.0012943999608978,19540,True,True,,,31.27035522460932,977.8351158732512,4.4468930746869155
SPY,PatchTST,2022-04-08,422.4354248046875,2022-05-09,20,375.8096618652344,452.8585205078125,-46.625762939453125,30.423095703125,-1.0,1.0,False,0.9272826602591266,83.09101630461528,9.756646000081671,7353,expanding,original,PatchTST-HF-supervised-v1,5.15.0,cpu,"{""batch_size"":64,""context_length"":252,""d_model"":32,""dropout"":0.1,""ffn_dim"":64,""learning_rate"":0.001,""max_epochs"":30,""min_delta"":0.0001,""num_attention_heads"":4,""num_hidden_layers"":2,""patch_length"":21,""patch_stride"":7,""patience"":5,""prediction_length"":20,""seed"":2026,""validation_points"":252,""weight_decay"":0.0001,""window_stride"":5}",252,21,7,20,5,1366,47,2021-04-12,2021-04-13,2022-04-08,2022-04-08,2021-04-12,112.36591339111328,74.72161102294922,17,12,True,0.1359626948833465,9.7415821000468,0.0012943999608978,19540,True,True,,,77.04885864257812,5936.526618123986,4.556815658218663
SPY,PatchTST,2022-04-18,413.3745727539063,2022-04-19,1,420.0475769042969,461.7861633300781,6.673004150390568,48.41159057617182,1.0,1.0,True,0.9292182803105384,44.9179566418264,11.012004900025204,7358,expanding,original,PatchTST-HF-supervised-v1,5.15.0,cpu,"{""batch_size"":64,""context_length"":252,""d_model"":32,""dropout"":0.1,""ffn_dim"":64,""learning_rate"":0.001,""max_epochs"":30,""min_delta"":0.0001,""num_attention_heads"":4,""num_hidden_layers"":2,""patch_length"":21,""patch_stride"":7,""patience"":5,""prediction_length"":20,""seed"":2026,""validation_points"":252,""weight_decay"":0.0001,""window_stride"":5}",252,21,7,20,5,1367,47,2021-04-19,2021-04-20,2022-04-18,2022-04-18,2021-04-19,112.5585708618164,75.04736328125,19,14,True,0.1130460873246193,10.997592400060968,0.0014293999411165,19540,True,True,,,41.73858642578125,1742.1095968224108,4.653429210557135
SPY,PatchTST,2022-04-18,413.3745727539063,2022-04-25,5,404.4458618164063,462.8859558105469,-8.9287109375,49.51138305664057,-1.0,1.0,False,0.9292182803105384,62.89167489753892,11.012004900025204,7358,expanding,original,PatchTST-HF-supervised-v1,5.15.0,cpu,"{""batch_size"":64,""context_length"":252,""d_model"":32,""dropout"":0.1,""ffn_dim"":64,""learning_rate"":0.001,""max_epochs"":30,""min_delta"":0.0001,""num_attention_heads"":4,""num_hidden_layers"":2,""patch_length"":21,""patch_stride"":7,""patience"":5,""prediction_length"":20,""seed"":2026,""validation_points"":252,""weight_decay"":0.0001,""window_stride"":5}",252,21,7,20,5,1367,47,2021-04-19,2021-04-20,2022-04-18,2022-04-18,2021-04-19,112.5585708618164,75.04736328125,19,14,True,0.1130460873246193,10.997592400060968,0.0014293999411165,19540,True,True,,,58.44009399414057,3415.2445860439843,4.6680838557356354
SPY,PatchTST,2022-04-18,413.3745727539063,2022-05-16,20,377.6217956542969,467.0555725097656,-35.75277709960943,53.68099975585932,-1.0,1.0,False,0.9292182803105384,96.24625209222164,11.012004900025204,7358,expanding,original,PatchTST-HF-supervised-v1,5.15.0,cpu,"{""batch_size"":64,""context_length"":252,""d_model"":32,""dropout"":0.1,""ffn_dim"":64,""learning_rate"":0.001,""max_epochs"":30,""min_delta"":0.0001,""num_attention_heads"":4,""num_hidden_layers"":2,""patch_length"":21,""patch_stride"":7,""patience"":5,""prediction_length"":20,""seed"":2026,""validation_points"":252,""weight_decay"":0.0001,""window_stride"":5}",252,21,7,20,5,1367,47,2021-04-19,2021-04-20,2022-04-18,2022-04-18,2021-04-19,112.5585708618164,75.04736328125,19,14,True,0.1130460873246193,10.997592400060968,0.0014293999411165,19540,True,True,,,89.43377685546875,7998.400442633778,4.723643658464381
SPY,PatchTST,2022-04-25,404.4458618164063,2022-04-26,1,392.732666015625,447.5559692382813,-11.713195800781309,43.11010742187494,-1.0,1.0,False,0.9322461732150876,58.80775357176761,11.596234699944034,7363,expanding,original,PatchTST-HF-supervised-v1,5.15.0,cpu,"{""batch_size"":64,""context_length"":252,""d_model"":32,""dropout"":0.1,""ffn_dim"":64,""learning_rate"":0.001,""max_epochs"":30,""min_delta"":0.0001,""num_attention_heads"":4,""num_hidden_layers"":2,""patch_length"":21,""patch_stride"":7,""patience"":5,""prediction_length"":20,""seed"":2026,""validation_points"":252,""weight_decay"":0.0001,""window_stride"":5}",252,21,7,20,5,1368,47,2021-04-26,2021-04-27,2022-04-25,2022-04-25,2021-04-26,112.75123596191406,75.3718032836914,20,15,True,0.1096859648823738,11.580810299958102,0.0014497999800369,19540,True,True,,,54.82330322265625,3005.594576243311,4.442042231843625
SPY,PatchTST,2022-04-25,404.4458618164063,2022-05-02,5,391.2037353515625,454.1380615234375,-13.242126464843809,49.69219970703119,-1.0,1.0,False,0.9322461732150876,67.50826978975951,11.596234699944034,7363,expanding,original,PatchTST-HF-supervised-v1,5.15.0,cpu,"{""batch_size"":64,""context_length"":252,""d_model"":32,""dropout"":0.1,""ffn_dim"":64,""learning_rate"":0.001,""max_epochs"":30,""min_delta"":0.0001,""num_attention_heads"":4,""num_hidden_layers"":2,""patch_length"":21,""patch_stride"":7,""patience"":5,""prediction_length"":20,""seed"":2026,""validation_points"":252,""weight_decay"":0.0001,""window_stride"":5}",252,21,7,20,5,1368,47,2021-04-26,2021-04-27,2022-04-25,2022-04-25,2021-04-26,112.75123596191406,75.3718032836914,20,15,True,0.1096859648823738,11.580810299958102,0.0014497999800369,19540,True,True,,,62.934326171875,3960.729410707951,4.529370542941369
SPY,PatchTST,2022-04-25,404.4458618164063,2022-05-23,20,374.6298522949219,458.21380615234375,-29.816009521484432,53.76794433593744,-1.0,1.0,False,0.9322461732150876,89.65867198913931,11.596234699944034,7363,expanding,original,PatchTST-HF-supervised-v1,5.15.0,cpu,"{""batch_size"":64,""context_length"":252,""d_model"":32,""dropout"":0.1,""ffn_dim"":64,""learning_rate"":0.001,""max_epochs"":30,""min_delta"":0.0001,""num_attention_heads"":4,""num_hidden_layers"":2,""patch_length"":21,""patch_stride"":7,""patience"":5,""prediction_length"":20,""seed"":2026,""validation_points"":252,""weight_decay"":0.0001,""window_stride"":5}",252,21,7,20,5,1368,47,2021-04-26,2021-04-27,2022-04-25,2022-04-25,2021-04-26,112.75123596191406,75.3718032836914,20,15,True,0.1096859648823738,11.580810299958102,0.0014497999800369,19540,True,True,,,83.58395385742188,6986.277342439629,4.583445733547671
SPY,PatchTST,2022-05-02,391.2037353515625,2022-05-03,1,392.99700927734375,454.7406005859375,1.79327392578125,63.536865234375,1.0,1.0,True,0.9370469183550936,65.89167532505138,10.466944799991325,7368,expanding,original,PatchTST-HF-supervised-v1,5.15.0,cpu,"{""batch_size"":64,""context_length"":252,""d_model"":32,""dropout"":0.1,""ffn_dim"":64,""learning_rate"":0.001,""max_epochs"":30,""min_delta"":0.0001,""num_attention_heads"":4,""num_hidden_layers"":2,""patch_length"":21,""patch_stride"":7,""patience"":5,""prediction_length"":20,""seed"":2026,""validation_points"":252,""weight_decay"":0.0001,""window_stride"":5}",252,21,7,20,5,1369,47,2021-05-03,2021-05-04,2022-05-02,2022-05-02,2021-05-03,112.94569396972656,75.70133972167969,18,13,True,0.114231564104557,10.449086399981752,0.0013638000236824,19540,True,True,,,61.74359130859375,3812.2710676826537,4.515044355527121
SPY,PatchTST,2022-05-02,391.2037353515625,2022-05-09,5,375.8096618652344,458.0407104492188,-15.394073486328123,66.83697509765625,-1.0,1.0,False,0.9370469183550936,87.75552960393276,10.466944799991325,7368,expanding,original,PatchTST-HF-supervised-v1,5.15.0,cpu,"{""batch_size"":64,""context_length"":252,""d_model"":32,""dropout"":0.1,""ffn_dim"":64,""learning_rate"":0.001,""max_epochs"":30,""min_delta"":0.0001,""num_attention_heads"":4,""num_hidden_layers"":2,""patch_length"":21,""patch_stride"":7,""patience"":5,""prediction_length"":20,""seed"":2026,""validation_points"":252,""weight_decay"":0.0001,""window_stride"":5}",252,21,7,20,5,1369,47,2021-05-03,2021-05-04,2022-05-02,2022-05-02,2021-05-03,112.94569396972656,75.70133972167969,18,13,True,0.114231564104557,10.449086399981752,0.0013638000236824,19540,True,True,,,82.23104858398438,6761.945351221599,4.558638166091298
SPY,PatchTST,2022-05-02,391.2037353515625,2022-05-31,20,389.7407531738281,464.2890625,-1.462982177734375,73.0853271484375,-1.0,1.0,False,0.9370469183550936,79.55664531402026,10.466944799991325,7368,expanding,original,PatchTST-HF-supervised-v1,5.15.0,cpu,"{""batch_size"":64,""context_length"":252,""d_model"":32,""dropout"":0.1,""ffn_dim"":64,""learning_rate"":0.001,""max_epochs"":30,""min_delta"":0.0001,""num_attention_heads"":4,""num_hidden_layers"":2,""patch_length"":21,""patch_stride"":7,""patience"":5,""prediction_length"":20,""seed"":2026,""validation_points"":252,""weight_decay"":0.0001,""window_stride"":5}",252,21,7,20,5,1369,47,2021-05-03,2021-05-04,2022-05-02,2022-05-02,2021-05-03,112.94569396972656,75.70133972167969,18,13,True,0.114231564104557,10.449086399981752,0.0013638000236824,19540,True,True,,,74.54830932617188,5557.450423390605,4.641177683539122
SPY,PatchTST,2022-05-09,375.8096618652344,2022-05-10,1,376.6780090332031,449.7119445800781,0.86834716796875,73.90228271484375,1.0,1.0,True,0.9422329164236964,77.51155184015418,9.700150599936023,7373,expanding,original,PatchTST-HF-supervised-v1,5.15.0,cpu,"{""batch_size"":64,""context_length"":252,""d_model"":32,""dropout"":0.1,""ffn_dim"":64,""learning_rate"":0.001,""max_epochs"":30,""min_delta"":0.0001,""num_attention_heads"":4,""num_hidden_layers"":2,""patch_length"":21,""patch_stride"":7,""patience"":5,""prediction_length"":20,""seed"":2026,""validation_points"":252,""weight_decay"":0.0001,""window_stride"":5}",252,21,7,20,5,1370,47,2021-05-10,2021-05-11,2022-05-09,2022-05-09,2021-05-10,113.1398696899414,76.02851104736328,15,10,True,0.1278311312198639,9.68290050001815,0.0011397000635042,19540,True,True,,,73.033935546875,5333.955741465092,4.426919194569828
SPY,PatchTST,2022-05-09,375.8096618652344,2022-05-16,5,377.6217956542969,446.7443542480469,1.8121337890625,70.9346923828125,1.0,1.0,True,0.9422329164236964,73.36037341606465,9.700150599936023,7373,expanding,original,PatchTST-HF-supervised-v1,5.15.0,cpu,"{""batch_size"":64,""context_length"":252,""d_model"":32,""dropout"":0.1,""ffn_dim"":64,""learning_rate"":0.001,""max_epochs"":30,""min_delta"":0.0001,""num_attention_heads"":4,""num_hidden_layers"":2,""patch_length"":21,""patch_stride"":7,""patience"":5,""prediction_length"":20,""seed"":2026,""validation_points"":252,""weight_decay"":0.0001,""window_stride"":5}",252,21,7,20,5,1370,47,2021-05-10,2021-05-11,2022-05-09,2022-05-09,2021-05-10,113.1398696899414,76.02851104736328,15,10,True,0.1278311312198639,9.68290050001815,0.0011397000635042,19540,True,True,,,69.12255859375,4777.928106546402,4.3878865962570375
SPY,PatchTST,2022-05-09,375.8096618652344,2022-06-07,20,392.3929138183594,454.23486328125,16.583251953125,78.42520141601562,1.0,1.0,True,0.9422329164236964,65.63339953948498,9.700150599936023,7373,expanding,original,PatchTST-HF-supervised-v1,5.15.0,cpu,"{""batch_size"":64,""context_length"":252,""d_model"":32,""dropout"":0.1,""ffn_dim"":64,""learning_rate"":0.001,""max_epochs"":30,""min_delta"":0.0001,""num_attention_heads"":4,""num_hidden_layers"":2,""patch_length"":21,""patch_stride"":7,""patience"":5,""prediction_length"":20,""seed"":2026,""validation_points"":252,""weight_decay"":0.0001,""window_stride"":5}",252,21,7,20,5,1370,47,2021-05-10,2021-05-11,2022-05-09,2022-05-09,2021-05-10,113.1398696899414,76.02851104736328,15,10,True,0.1278311312198639,9.68290050001815,0.0011397000635042,19540,True,True,,,61.84194946289063,3824.426713370718,4.486408965431633
SPY,PatchTST,2022-05-16,377.6217956542969,2022-05-17,1,385.3896179199219,464.6317138671875,7.767822265625,87.00991821289062,1.0,1.0,True,0.9439843141468656,83.94429309864263,9.869770199991764,7378,expanding,original,PatchTST-HF-supervised-v1,5.15.0,cpu,"{""batch_size"":64,""context_length"":252,""d_model"":32,""dropout"":0.1,""ffn_dim"":64,""learning_rate"":0.001,""max_epochs"":30,""min_delta"":0.0001,""num_attention_heads"":4,""num_hidden_layers"":2,""patch_length"":21,""patch_stride"":7,""patience"":5,""prediction_length"":20,""seed"":2026,""validation_points"":252,""weight_decay"":0.0001,""window_stride"":5}",252,21,7,20,5,1371,47,2021-05-17,2021-05-18,2022-05-16,2022-05-16,2021-05-17,113.33003997802734,76.34003448486328,16,11,True,0.1366259008646011,9.853422100073658,0.001749400049448,19540,True,True,,,79.24209594726562,6279.309770115651,4.601801351803376
SPY,PatchTST,2022-05-16,377.6217956542969,2022-05-23,5,374.6298522949219,460.23724365234375,-2.991943359375,82.61544799804688,-1.0,1.0,False,0.9439843141468656,90.68730282323637,9.869770199991764,7378,expanding,original,PatchTST-HF-supervised-v1,5.15.0,cpu,"{""batch_size"":64,""context_length"":252,""d_model"":32,""dropout"":0.1,""ffn_dim"":64,""learning_rate"":0.001,""max_epochs"":30,""min_delta"":0.0001,""num_attention_heads"":4,""num_hidden_layers"":2,""patch_length"":21,""patch_stride"":7,""patience"":5,""prediction_length"":20,""seed"":2026,""validation_points"":252,""weight_decay"":0.0001,""window_stride"":5}",252,21,7,20,5,1371,47,2021-05-17,2021-05-18,2022-05-16,2022-05-16,2021-05-17,113.33003997802734,76.34003448486328,16,11,True,0.1366259008646011,9.853422100073658,0.001749400049448,19540,True,True,,,85.60739135742188,7328.625455022789,4.544236926472718
SPY,PatchTST,2022-05-16,377.6217956542969,2022-06-14,20,352.8742980957031,466.0115051269531,-24.74749755859375,88.38970947265625,-1.0,1.0,False,0.9439843141468656,119.85072774593588,9.869770199991764,7378,expanding,original,PatchTST-HF-supervised-v1,5.15.0,cpu,"{""batch_size"":64,""context_length"":252,""d_model"":32,""dropout"":0.1,""ffn_dim"":64,""learning_rate"":0.001,""max_epochs"":30,""min_delta"":0.0001,""num_attention_heads"":4,""num_hidden_layers"":2,""patch_length"":21,""patch_stride"":7,""patience"":5,""prediction_length"":20,""seed"":2026,""validation_points"":252,""weight_decay"":0.0001,""window_stride"":5}",252,21,7,20,5,1371,47,2021-05-17,2021-05-18,2022-05-16,2022-05-16,2021-05-17,113.33003997802734,76.34003448486328,16,11,True,0.1366259008646011,9.853422100073658,0.001749400049448,19540,True,True,,,113.13720703125,12800.027614831924,4.619875633130026
SPY,PatchTST,2022-05-23,374.6298522949219,2022-05-24,1,371.7700805664063,444.0807495117188,-2.859771728515568,69.45089721679688,-1.0,1.0,False,0.9477623986280636,76.29619939552991,7.111532600014471,7383,expanding,original,PatchTST-HF-supervised-v1,5.15.0,cpu,"{""batch_size"":64,""context_length"":252,""d_model"":32,""dropout"":0.1,""ffn_dim"":64,""learning_rate"":0.001,""max_epochs"":30,""min_delta"":0.0001,""num_attention_heads"":4,""num_hidden_layers"":2,""patch_length"":21,""patch_stride"":7,""patience"":5,""prediction_length"":20,""seed"":2026,""validation_points"":252,""weight_decay"":0.0001,""window_stride"":5}",252,21,7,20,5,1372,47,2021-05-24,2021-05-25,2022-05-23,2022-05-23,2021-05-24,113.52130126953124,76.65406036376953,12,7,True,0.1373325288295745,7.095902999979444,0.0014034999767318,19540,True,True,,,72.31066894531244,5228.832843318573,4.312354057612663
SPY,PatchTST,2022-05-23,374.6298522949219,2022-05-31,5,389.7407531738281,443.8327941894531,15.11090087890625,69.20294189453125,1.0,1.0,True,0.9477623986280636,57.07341955528739,7.111532600014471,7383,expanding,original,PatchTST-HF-supervised-v1,5.15.0,cpu,"{""batch_size"":64,""context_length"":252,""d_model"":32,""dropout"":0.1,""ffn_dim"":64,""learning_rate"":0.001,""max_epochs"":30,""min_delta"":0.0001,""num_attention_heads"":4,""num_hidden_layers"":2,""patch_length"":21,""patch_stride"":7,""patience"":5,""prediction_length"":20,""seed"":2026,""validation_points"":252,""weight_decay"":0.0001,""window_stride"":5}",252,21,7,20,5,1372,47,2021-05-24,2021-05-25,2022-05-23,2022-05-23,2021-05-24,113.52130126953124,76.65406036376953,12,7,True,0.1373325288295745,7.095902999979444,0.0014034999767318,19540,True,True,,,54.092041015625,2925.9489012360573,4.309119325869961
SPY,PatchTST,2022-05-23,374.6298522949219,2022-06-22,20,354.8914794921875,447.13958740234375,-19.73837280273437,72.50973510742188,-1.0,1.0,False,0.9477623986280636,97.33252558203436,7.111532600014471,7383,expanding,original,PatchTST-HF-supervised-v1,5.15.0,cpu,"{""batch_size"":64,""context_length"":252,""d_model"":32,""dropout"":0.1,""ffn_dim"":64,""learning_rate"":0.001,""max_epochs"":30,""min_delta"":0.0001,""num_attention_heads"":4,""num_hidden_layers"":2,""patch_length"":21,""patch_stride"":7,""patience"":5,""prediction_length"":20,""seed"":2026,""validation_points"":252,""weight_decay"":0.0001,""window_stride"":5}",252,21,7,20,5,1372,47,2021-05-24,2021-05-25,2022-05-23,2022-05-23,2021-05-24,113.52130126953124,76.65406036376953,12,7,True,0.1373325288295745,7.095902999979444,0.0014034999767318,19540,True,True,,,92.24810791015624,8509.713413003832,4.352258504632285
SPY,PatchTST,2022-05-31,389.7407531738281,2022-06-01,1,386.5883483886719,442.1478576660156,-3.15240478515625,52.4071044921875,-1.0,1.0,False,0.9505361833542696,58.450704192326825,7.668884099926799,7388,expanding,original,PatchTST-HF-supervised-v1,5.15.0,cpu,"{""batch_size"":64,""context_length"":252,""d_model"":32,""dropout"":0.1,""ffn_dim"":64,""learning_rate"":0.001,""max_epochs"":30,""min_delta"":0.0001,""num_attention_heads"":4,""num_hidden_layers"":2,""patch_length"":21,""patch_stride"":7,""patience"":5,""prediction_length"":20,""seed"":2026,""validation_points"":252,""weight_decay"":0.0001,""window_stride"":5}",252,21,7,20,5,1373,47,2021-06-01,2021-06-02,2022-05-31,2022-05-31,2021-06-01,113.71542358398438,76.97710418701172,13,8,True,0.1517995446920395,7.655339900054969,0.0011315000010654,19540,True,True,,,55.55950927734375,3086.859071139246,4.266624960119601
SPY,PatchTST,2022-05-31,389.7407531738281,2022-06-07,5,392.3929138183594,445.9982299804688,2.65216064453125,56.25747680664063,1.0,1.0,True,0.9505361833542696,56.39481915664267,7.668884099926799,7388,expanding,original,PatchTST-HF-supervised-v1,5.15.0,cpu,"{""batch_size"":64,""context_length"":252,""d_model"":32,""dropout"":0.1,""ffn_dim"":64,""learning_rate"":0.001,""max_epochs"":30,""min_delta"":0.0001,""num_attention_heads"":4,""num_hidden_layers"":2,""patch_length"":21,""patch_stride"":7,""patience"":5,""prediction_length"":20,""seed"":2026,""validation_points"":252,""weight_decay"":0.0001,""window_stride"":5}",252,21,7,20,5,1373,47,2021-06-01,2021-06-02,2022-05-31,2022-05-31,2021-06-01,113.71542358398438,76.97710418701172,13,8,True,0.1517995446920395,7.655339900054969,0.0011315000010654,19540,True,True,,,53.605316162109375,2873.5299208397046,4.3166446686435656
SPY,PatchTST,2022-05-31,389.7407531738281,2022-06-29,20,360.5316162109375,446.307373046875,-29.209136962890625,56.56661987304688,-1.0,1.0,False,0.9505361833542696,90.23933895209588,7.668884099926799,7388,expanding,original,PatchTST-HF-supervised-v1,5.15.0,cpu,"{""batch_size"":64,""context_length"":252,""d_model"":32,""dropout"":0.1,""ffn_dim"":64,""learning_rate"":0.001,""max_epochs"":30,""min_delta"":0.0001,""num_attention_heads"":4,""num_hidden_layers"":2,""patch_length"":21,""patch_stride"":7,""patience"":5,""prediction_length"":20,""seed"":2026,""validation_points"":252,""weight_decay"":0.0001,""window_stride"":5}",252,21,7,20,5,1373,47,2021-06-01,2021-06-02,2022-05-31,2022-05-31,2021-06-01,113.71542358398438,76.97710418701172,13,8,True,0.1517995446920395,7.655339900054969,0.0011315000010654,19540,True,True,,,85.7757568359375,7357.480460777879,4.320660707823932
SPY,PatchTST,2022-06-07,392.3929138183594,2022-06-08,1,388.1268310546875,439.233642578125,-4.266082763671875,46.840728759765625,-1.0,1.0,False,0.9528542235816198,53.63549875587006,6.457585399970412,7393,expanding,original,PatchTST-HF-supervised-v1,5.15.0,cpu,"{""batch_size"":64,""context_length"":252,""d_model"":32,""dropout"":0.1,""ffn_dim"":64,""learning_rate"":0.001,""max_epochs"":30,""min_delta"":0.0001,""num_attention_heads"":4,""num_hidden_layers"":2,""patch_length"":21,""patch_stride"":7,""patience"":5,""prediction_length"":20,""seed"":2026,""validation_points"":252,""weight_decay"":0.0001,""window_stride"":5}",252,21,7,20,5,1374,47,2021-06-08,2021-06-09,2022-06-07,2022-06-07,2021-06-08,113.91056823730467,77.30248260498047,11,6,True,0.1652678996324539,6.443270400050096,0.001396199921146,19540,True,True,,,51.1068115234375,2611.906184092164,4.20844277412457
SPY,PatchTST,2022-06-07,392.3929138183594,2022-06-14,5,352.8742980957031,442.25439453125,-39.51861572265625,49.86148071289063,-1.0,1.0,False,0.9528542235816198,93.80248754062508,6.457585399970412,7393,expanding,original,PatchTST-HF-supervised-v1,5.15.0,cpu,"{""batch_size"":64,""context_length"":252,""d_model"":32,""dropout"":0.1,""ffn_dim"":64,""learning_rate"":0.001,""max_epochs"":30,""min_delta"":0.0001,""num_attention_heads"":4,""num_hidden_layers"":2,""patch_length"":21,""patch_stride"":7,""patience"":5,""prediction_length"":20,""seed"":2026,""validation_points"":252,""weight_decay"":0.0001,""window_stride"":5}",252,21,7,20,5,1374,47,2021-06-08,2021-06-09,2022-06-07,2022-06-07,2021-06-08,113.91056823730467,77.30248260498047,11,6,True,0.1652678996324539,6.443270400050096,0.001396199921146,19540,True,True,,,89.38009643554688,7988.801638827659,4.247519810868153
SPY,PatchTST,2022-06-07,392.3929138183594,2022-07-07,20,368.7310791015625,445.56488037109375,-23.661834716796875,53.171966552734375,-1.0,1.0,False,0.9528542235816198,80.6354207894738,6.457585399970412,7393,expanding,original,PatchTST-HF-supervised-v1,5.15.0,cpu,"{""batch_size"":64,""context_length"":252,""d_model"":32,""dropout"":0.1,""ffn_dim"":64,""learning_rate"":0.001,""max_epochs"":30,""min_delta"":0.0001,""num_attention_heads"":4,""num_hidden_layers"":2,""patch_length"":21,""patch_stride"":7,""patience"":5,""prediction_length"":20,""seed"":2026,""validation_points"":252,""weight_decay"":0.0001,""window_stride"":5}",252,21,7,20,5,1374,47,2021-06-08,2021-06-09,2022-06-07,2022-06-07,2021-06-08,113.91056823730467,77.30248260498047,11,6,True,0.1652678996324539,6.443270400050096,0.001396199921146,19540,True,True,,,76.83380126953125,5903.433017525822,4.290344901709808
SPY,PatchTST,2022-06-14,352.8742980957031,2022-06-15,1,357.9049377441406,435.6879577636719,5.0306396484375,82.81365966796875,1.0,1.0,True,0.9575526614084072,81.23106243068118,8.255682399962097,7398,expanding,original,PatchTST-HF-supervised-v1,5.15.0,cpu,"{""batch_size"":64,""context_length"":252,""d_model"":32,""dropout"":0.1,""ffn_dim"":64,""learning_rate"":0.001,""max_epochs"":30,""min_delta"":0.0001,""num_attention_heads"":4,""num_hidden_layers"":2,""patch_length"":21,""patch_stride"":7,""patience"":5,""prediction_length"":20,""seed"":2026,""validation_points"":252,""weight_decay"":0.0001,""window_stride"":5}",252,21,7,20,5,1375,47,2021-06-15,2021-06-16,2022-06-14,2022-06-14,2021-06-15,114.10713958740234,77.63172149658203,13,8,True,0.1766297370195388,8.241167799918912,0.0012372999917715,19540,True,True,,,77.78302001953125,6050.198203358799,4.142389373529841
SPY,PatchTST,2022-06-14,352.8742980957031,2022-06-22,5,354.8914794921875,438.6676635742188,2.017181396484375,85.79336547851562,1.0,1.0,True,0.9575526614084072,87.48989737944004,8.255682399962097,7398,expanding,original,PatchTST-HF-supervised-v1,5.15.0,cpu,"{""batch_size"":64,""context_length"":252,""d_model"":32,""dropout"":0.1,""ffn_dim"":64,""learning_rate"":0.001,""max_epochs"":30,""min_delta"":0.0001,""num_attention_heads"":4,""num_hidden_layers"":2,""patch_length"":21,""patch_stride"":7,""patience"":5,""prediction_length"":20,""seed"":2026,""validation_points"":252,""weight_decay"":0.0001,""window_stride"":5}",252,21,7,20,5,1375,47,2021-06-15,2021-06-16,2022-06-14,2022-06-14,2021-06-15,114.10713958740234,77.63172149658203,13,8,True,0.1766297370195388,8.241167799918912,0.0012372999917715,19540,True,True,,,83.77618408203125,7018.449019346386,4.180771954169614
SPY,PatchTST,2022-06-14,352.8742980957031,2022-07-14,20,358.22821044921875,442.6405334472656,5.353912353515625,89.7662353515625,1.0,1.0,True,0.9575526614084072,88.15423568860412,8.255682399962097,7398,expanding,original,PatchTST-HF-supervised-v1,5.15.0,cpu,"{""batch_size"":64,""context_length"":252,""d_model"":32,""dropout"":0.1,""ffn_dim"":64,""learning_rate"":0.001,""max_epochs"":30,""min_delta"":0.0001,""num_attention_heads"":4,""num_hidden_layers"":2,""patch_length"":21,""patch_stride"":7,""patience"":5,""prediction_length"":20,""seed"":2026,""validation_points"":252,""weight_decay"":0.0001,""window_stride"":5}",252,21,7,20,5,1375,47,2021-06-15,2021-06-16,2022-06-14,2022-06-14,2021-06-15,114.10713958740234,77.63172149658203,13,8,True,0.1766297370195388,8.241167799918912,0.0012372999917715,19540,True,True,,,84.41232299804688,7125.440273926593,4.231947811106159
SPY,PatchTST,2022-06-22,354.8914794921875,2022-06-23,1,358.3703918457031,443.5159912109375,3.478912353515625,88.62451171875,1.0,1.0,True,0.960553087565874,88.642262949777,7.071777600096539,7403,expanding,original,PatchTST-HF-supervised-v1,5.15.0,cpu,"{""batch_size"":64,""context_length"":252,""d_model"":32,""dropout"":0.1,""ffn_dim"":64,""learning_rate"":0.001,""max_epochs"":30,""min_delta"":0.0001,""num_attention_heads"":4,""num_hidden_layers"":2,""patch_length"":21,""patch_stride"":7,""patience"":5,""prediction_length"":20,""seed"":2026,""validation_points"":252,""weight_decay"":0.0001,""window_stride"":5}",252,21,7,20,5,1376,47,2021-06-22,2021-06-23,2022-06-22,2022-06-22,2021-06-22,114.30186462402344,77.95294189453125,12,7,True,0.1930523216724395,7.056779099977575,0.0013059999328106,19540,True,True,,,85.14559936523438,7249.773091265,4.2232418506069225
SPY,PatchTST,2022-06-22,354.8914794921875,2022-06-29,5,360.5316162109375,436.8138427734375,5.64013671875,81.92236328125,1.0,1.0,True,0.960553087565874,79.41489913462864,7.071777600096539,7403,expanding,original,PatchTST-HF-supervised-v1,5.15.0,cpu,"{""batch_size"":64,""context_length"":252,""d_model"":32,""dropout"":0.1,""ffn_dim"":64,""learning_rate"":0.001,""max_epochs"":30,""min_delta"":0.0001,""num_attention_heads"":4,""num_hidden_layers"":2,""patch_length"":21,""patch_stride"":7,""patience"":5,""prediction_length"":20,""seed"":2026,""validation_points"":252,""weight_decay"":0.0001,""window_stride"":5}",252,21,7,20,5,1376,47,2021-06-22,2021-06-23,2022-06-22,2022-06-22,2021-06-22,114.30186462402344,77.95294189453125,12,7,True,0.1930523216724395,7.056779099977575,0.0013059999328106,19540,True,True,,,76.2822265625,5818.978089332581,4.137265000027404
SPY,PatchTST,2022-06-22,354.8914794921875,2022-07-21,20,378.020751953125,448.0587768554688,23.1292724609375,93.16729736328124,1.0,1.0,True,0.960553087565874,72.91426763285543,7.071777600096539,7403,expanding,original,PatchTST-HF-supervised-v1,5.15.0,cpu,"{""batch_size"":64,""context_length"":252,""d_model"":32,""dropout"":0.1,""ffn_dim"":64,""learning_rate"":0.001,""max_epochs"":30,""min_delta"":0.0001,""num_attention_heads"":4,""num_hidden_layers"":2,""patch_length"":21,""patch_stride"":7,""patience"":5,""prediction_length"":20,""seed"":2026,""validation_points"":252,""weight_decay"":0.0001,""window_stride"":5}",252,21,7,20,5,1376,47,2021-06-22,2021-06-23,2022-06-22,2022-06-22,2021-06-22,114.30186462402344,77.95294189453125,12,7,True,0.1930523216724395,7.056779099977575,0.0013059999328106,19540,True,True,,,70.03802490234375,4905.324932221323,4.281517850641374
SPY,PatchTST,2022-06-29,360.5316162109375,2022-06-30,1,357.6025695800781,438.6712036132813,-2.929046630859375,78.13958740234375,-1.0,1.0,False,0.963159112323871,84.16951363062333,6.394208600046113,7408,expanding,original,PatchTST-HF-supervised-v1,5.15.0,cpu,"{""batch_size"":64,""context_length"":252,""d_model"":32,""dropout"":0.1,""ffn_dim"":64,""learning_rate"":0.001,""max_epochs"":30,""min_delta"":0.0001,""num_attention_heads"":4,""num_hidden_layers"":2,""patch_length"":21,""patch_stride"":7,""patience"":5,""prediction_length"":20,""seed"":2026,""validation_points"":252,""weight_decay"":0.0001,""window_stride"":5}",252,21,7,20,5,1377,47,2021-06-29,2021-06-30,2022-06-29,2022-06-29,2021-06-29,114.5001220703125,78.28559875488281,11,6,True,0.1925128549337387,6.379954500007443,0.0013479000190272,19540,True,True,,,81.06863403320312,6572.12342400942,4.140877590499998
SPY,PatchTST,2022-06-29,360.5316162109375,2022-07-07,5,368.7310791015625,435.133544921875,8.199462890625,74.6019287109375,1.0,1.0,True,0.963159112323871,68.94236369741583,6.394208600046113,7408,expanding,original,PatchTST-HF-supervised-v1,5.15.0,cpu,"{""batch_size"":64,""context_length"":252,""d_model"":32,""dropout"":0.1,""ffn_dim"":64,""learning_rate"":0.001,""max_epochs"":30,""min_delta"":0.0001,""num_attention_heads"":4,""num_hidden_layers"":2,""patch_length"":21,""patch_stride"":7,""patience"":5,""prediction_length"":20,""seed"":2026,""validation_points"":252,""weight_decay"":0.0001,""window_stride"":5}",252,21,7,20,5,1377,47,2021-06-29,2021-06-30,2022-06-29,2022-06-29,2021-06-29,114.5001220703125,78.28559875488281,11,6,True,0.1925128549337387,6.379954500007443,0.0013479000190272,19540,True,True,,,66.4024658203125,4409.28746701777,4.095688452936103
SPY,PatchTST,2022-06-29,360.5316162109375,2022-07-28,20,384.921630859375,438.1781921386719,24.3900146484375,77.64657592773438,1.0,1.0,True,0.963159112323871,55.29362760302565,6.394208600046113,7408,expanding,original,PatchTST-HF-supervised-v1,5.15.0,cpu,"{""batch_size"":64,""context_length"":252,""d_model"":32,""dropout"":0.1,""ffn_dim"":64,""learning_rate"":0.001,""max_epochs"":30,""min_delta"":0.0001,""num_attention_heads"":4,""num_hidden_layers"":2,""patch_length"":21,""patch_stride"":7,""patience"":5,""prediction_length"":20,""seed"":2026,""validation_points"":252,""weight_decay"":0.0001,""window_stride"":5}",252,21,7,20,5,1377,47,2021-06-29,2021-06-30,2022-06-29,2022-06-29,2021-06-29,114.5001220703125,78.28559875488281,11,6,True,0.1925128549337387,6.379954500007443,0.0013479000190272,19540,True,True,,,53.25656127929688,2836.261319295503,4.134579989377306
SPY,PatchTST,2022-07-07,368.7310791015625,2022-07-08,1,368.42779541015625,426.781982421875,-0.30328369140625,58.0509033203125,-1.0,1.0,False,0.964405976947552,60.507906842734414,6.415614399942569,7413,expanding,original,PatchTST-HF-supervised-v1,5.15.0,cpu,"{""batch_size"":64,""context_length"":252,""d_model"":32,""dropout"":0.1,""ffn_dim"":64,""learning_rate"":0.001,""max_epochs"":30,""min_delta"":0.0001,""num_attention_heads"":4,""num_hidden_layers"":2,""patch_length"":21,""patch_stride"":7,""patience"":5,""prediction_length"":20,""seed"":2026,""validation_points"":252,""weight_decay"":0.0001,""window_stride"":5}",252,21,7,20,5,1378,47,2021-07-07,2021-07-08,2022-07-07,2022-07-07,2021-07-07,114.70203399658205,78.63021087646484,11,6,True,0.2088022530078888,6.400217700051144,0.0014872999163344,19540,True,True,,,58.35418701171875,3405.2111417986453,3.968957286857576
SPY,PatchTST,2022-07-07,368.7310791015625,2022-07-14,5,358.22821044921875,428.92333984375,-10.50286865234375,60.1922607421875,-1.0,1.0,False,0.964405976947552,73.30432523685604,6.415614399942569,7413,expanding,original,PatchTST-HF-supervised-v1,5.15.0,cpu,"{""batch_size"":64,""context_length"":252,""d_model"":32,""dropout"":0.1,""ffn_dim"":64,""learning_rate"":0.001,""max_epochs"":30,""min_delta"":0.0001,""num_attention_heads"":4,""num_hidden_layers"":2,""patch_length"":21,""patch_stride"":7,""patience"":5,""prediction_length"":20,""seed"":2026,""validation_points"":252,""weight_decay"":0.0001,""window_stride"":5}",252,21,7,20,5,1378,47,2021-07-07,2021-07-08,2022-07-07,2022-07-07,2021-07-07,114.70203399658205,78.63021087646484,11,6,True,0.2088022530078888,6.400217700051144,0.0014872999163344,19540,True,True,,,70.69512939453125,4997.801320109516,3.9961905525197943
SPY,PatchTST,2022-07-07,368.7310791015625,2022-08-04,20,392.5997314453125,434.2369995117188,23.86865234375,65.50592041015625,1.0,1.0,True,0.964405976947552,43.17400458071885,6.415614399942569,7413,expanding,original,PatchTST-HF-supervised-v1,5.15.0,cpu,"{""batch_size"":64,""context_length"":252,""d_model"":32,""dropout"":0.1,""ffn_dim"":64,""learning_rate"":0.001,""max_epochs"":30,""min_delta"":0.0001,""num_attention_heads"":4,""num_hidden_layers"":2,""patch_length"":21,""patch_stride"":7,""patience"":5,""prediction_length"":20,""seed"":2026,""validation_points"":252,""weight_decay"":0.0001,""window_stride"":5}",252,21,7,20,5,1378,47,2021-07-07,2021-07-08,2022-07-07,2022-07-07,2021-07-07,114.70203399658205,78.63021087646484,11,6,True,0.2088022530078888,6.400217700051144,0.0014872999163344,19540,True,True,,,41.63726806640625,1733.6620920337737,4.063768390716325
SPY,PatchTST,2022-07-14,358.22821044921875,2022-07-15,1,365.0721130371094,424.32952880859375,6.843902587890625,66.101318359375,1.0,1.0,True,0.9651718983130104,61.395711867552606,5.305049699964002,7418,expanding,original,PatchTST-HF-supervised-v1,5.15.0,cpu,"{""batch_size"":64,""context_length"":252,""d_model"":32,""dropout"":0.1,""ffn_dim"":64,""learning_rate"":0.001,""max_epochs"":30,""min_delta"":0.0001,""num_attention_heads"":4,""num_hidden_layers"":2,""patch_length"":21,""patch_stride"":7,""patience"":5,""prediction_length"":20,""seed"":2026,""validation_points"":252,""weight_decay"":0.0001,""window_stride"":5}",252,21,7,20,5,1379,47,2021-07-14,2021-07-15,2022-07-14,2022-07-14,2021-07-14,114.9057159423828,78.97986602783203,9,4,True,0.2221088856458664,5.288664199993946,0.001458799932152,19540,True,True,,,59.257415771484375,3511.441323914565,3.917755605677678
SPY,PatchTST,2022-07-14,358.22821044921875,2022-07-21,5,378.020751953125,433.86328125,19.79254150390625,75.63507080078125,1.0,1.0,True,0.9651718983130104,57.857599661241856,5.305049699964002,7418,expanding,original,PatchTST-HF-supervised-v1,5.15.0,cpu,"{""batch_size"":64,""context_length"":252,""d_model"":32,""dropout"":0.1,""ffn_dim"":64,""learning_rate"":0.001,""max_epochs"":30,""min_delta"":0.0001,""num_attention_heads"":4,""num_hidden_layers"":2,""patch_length"":21,""patch_stride"":7,""patience"":5,""prediction_length"":20,""seed"":2026,""validation_points"":252,""weight_decay"":0.0001,""window_stride"":5}",252,21,7,20,5,1379,47,2021-07-14,2021-07-15,2022-07-14,2022-07-14,2021-07-14,114.9057159423828,78.97986602783203,9,4,True,0.2221088856458664,5.288664199993946,0.001458799932152,19540,True,True,,,55.842529296875,3118.3880782723427,4.038466780827641
SPY,PatchTST,2022-07-14,358.22821044921875,2022-08-11,20,398.1166076660156,415.3865356445313,39.88839721679688,57.1583251953125,1.0,1.0,True,0.9651718983130104,17.893111070371106,5.305049699964002,7418,expanding,original,PatchTST-HF-supervised-v1,5.15.0,cpu,"{""batch_size"":64,""context_length"":252,""d_model"":32,""dropout"":0.1,""ffn_dim"":64,""learning_rate"":0.001,""max_epochs"":30,""min_delta"":0.0001,""num_attention_heads"":4,""num_hidden_layers"":2,""patch_length"":21,""patch_stride"":7,""patience"":5,""prediction_length"":20,""seed"":2026,""validation_points"":252,""weight_decay"":0.0001,""window_stride"":5}",252,21,7,20,5,1379,47,2021-07-14,2021-07-15,2022-07-14,2022-07-14,2021-07-14,114.9057159423828,78.97986602783203,9,4,True,0.2221088856458664,5.288664199993946,0.001458799932152,19540,True,True,,,17.269927978515625,298.2504123831168,3.8045243023869
SPY,PatchTST,2022-07-21,378.020751953125,2022-07-22,1,374.5134887695313,420.720458984375,-3.507263183593693,42.69970703125,-1.0,1.0,False,0.968000708548922,47.73443842216819,5.264635600033216,7423,expanding,original,PatchTST-HF-supervised-v1,5.15.0,cpu,"{""batch_size"":64,""context_length"":252,""d_model"":32,""dropout"":0.1,""ffn_dim"":64,""learning_rate"":0.001,""max_epochs"":30,""min_delta"":0.0001,""num_attention_heads"":4,""num_hidden_layers"":2,""patch_length"":21,""patch_stride"":7,""patience"":5,""prediction_length"":20,""seed"":2026,""validation_points"":252,""weight_decay"":0.0001,""window_stride"":5}",252,21,7,20,5,1380,47,2021-07-21,2021-07-22,2022-07-21,2022-07-21,2021-07-21,115.10669708251952,79.31812286376953,9,4,True,0.225102886557579,5.25036689999979,0.0011850999435409,19540,True,True,,,46.20697021484369,2135.084096435452,3.853013042514297
SPY,PatchTST,2022-07-21,378.020751953125,2022-07-28,5,384.921630859375,421.9969482421875,6.90087890625,43.9761962890625,1.0,1.0,True,0.968000708548922,38.30091967431524,5.264635600033216,7423,expanding,original,PatchTST-HF-supervised-v1,5.15.0,cpu,"{""batch_size"":64,""context_length"":252,""d_model"":32,""dropout"":0.1,""ffn_dim"":64,""learning_rate"":0.001,""max_epochs"":30,""min_delta"":0.0001,""num_attention_heads"":4,""num_hidden_layers"":2,""patch_length"":21,""patch_stride"":7,""patience"":5,""prediction_length"":20,""seed"":2026,""validation_points"":252,""weight_decay"":0.0001,""window_stride"":5}",252,21,7,20,5,1380,47,2021-07-21,2021-07-22,2022-07-21,2022-07-21,2021-07-21,115.10669708251952,79.31812286376953,9,4,True,0.225102886557579,5.25036689999979,0.0011850999435409,19540,True,True,,,37.0753173828125,1374.5791590362787,3.8691063287864003
SPY,PatchTST,2022-07-21,378.020751953125,2022-08-18,20,405.6051940917969,432.0464477539063,27.584442138671875,54.02569580078125,1.0,1.0,True,0.968000708548922,27.315324698208165,5.264635600033216,7423,expanding,original,PatchTST-HF-supervised-v1,5.15.0,cpu,"{""batch_size"":64,""context_length"":252,""d_model"":32,""dropout"":0.1,""ffn_dim"":64,""learning_rate"":0.001,""max_epochs"":30,""min_delta"":0.0001,""num_attention_heads"":4,""num_hidden_layers"":2,""patch_length"":21,""patch_stride"":7,""patience"":5,""prediction_length"":20,""seed"":2026,""validation_points"":252,""weight_decay"":0.0001,""window_stride"":5}",252,21,7,20,5,1380,47,2021-07-21,2021-07-22,2022-07-21,2022-07-21,2021-07-21,115.10669708251952,79.31812286376953,9,4,True,0.225102886557579,5.25036689999979,0.0011850999435409,19540,True,True,,,26.44125366210937,699.1398952240124,3.9958049841363135
SPY,PatchTST,2022-07-28,384.921630859375,2022-07-29,1,390.5332336425781,419.0221862792969,5.611602783203125,34.100555419921875,1.0,1.0,True,0.9704172748952437,29.35742527851653,5.336572400061414,7428,expanding,original,PatchTST-HF-supervised-v1,5.15.0,cpu,"{""batch_size"":64,""context_length"":252,""d_model"":32,""dropout"":0.1,""ffn_dim"":64,""learning_rate"":0.001,""max_epochs"":30,""min_delta"":0.0001,""num_attention_heads"":4,""num_hidden_layers"":2,""patch_length"":21,""patch_stride"":7,""patience"":5,""prediction_length"":20,""seed"":2026,""validation_points"":252,""weight_decay"":0.0001,""window_stride"":5}",252,21,7,20,5,1381,47,2021-07-28,2021-07-29,2022-07-28,2022-07-28,2021-07-28,115.31229400634766,79.67182922363281,9,4,True,0.2349277734756469,5.320841799955815,0.0013649999164044,19540,True,True,,,28.48895263671875,811.6204223372042,3.812011036177649
SPY,PatchTST,2022-07-28,384.921630859375,2022-08-04,5,392.5997314453125,417.2664794921875,7.6781005859375,32.3448486328125,1.0,1.0,True,0.9704172748952437,25.418702536532823,5.336572400061414,7428,expanding,original,PatchTST-HF-supervised-v1,5.15.0,cpu,"{""batch_size"":64,""context_length"":252,""d_model"":32,""dropout"":0.1,""ffn_dim"":64,""learning_rate"":0.001,""max_epochs"":30,""min_delta"":0.0001,""num_attention_heads"":4,""num_hidden_layers"":2,""patch_length"":21,""patch_stride"":7,""patience"":5,""prediction_length"":20,""seed"":2026,""validation_points"":252,""weight_decay"":0.0001,""window_stride"":5}",252,21,7,20,5,1381,47,2021-07-28,2021-07-29,2022-07-28,2022-07-28,2021-07-28,115.31229400634766,79.67182922363281,9,4,True,0.2349277734756469,5.320841799955815,0.0013649999164044,19540,True,True,,,24.666748046875,608.4484592080116,3.7899743036936835
SPY,PatchTST,2022-07-28,384.921630859375,2022-08-25,20,397.66162109375,425.8193664550781,12.739990234375,40.897735595703125,1.0,1.0,True,0.9704172748952437,29.016121301393515,5.336572400061414,7428,expanding,original,PatchTST-HF-supervised-v1,5.15.0,cpu,"{""batch_size"":64,""context_length"":252,""d_model"":32,""dropout"":0.1,""ffn_dim"":64,""learning_rate"":0.001,""max_epochs"":30,""min_delta"":0.0001,""num_attention_heads"":4,""num_hidden_layers"":2,""patch_length"":21,""patch_stride"":7,""patience"":5,""prediction_length"":20,""seed"":2026,""validation_points"":252,""weight_decay"":0.0001,""window_stride"":5}",252,21,7,20,5,1381,47,2021-07-28,2021-07-29,2022-07-28,2022-07-28,2021-07-28,115.31229400634766,79.67182922363281,9,4,True,0.2349277734756469,5.320841799955815,0.0013649999164044,19540,True,True,,,28.157745361328125,792.8586238333955,3.897325760867879
SPY,PatchTST,2022-08-04,392.5997314453125,2022-08-05,1,391.9361267089844,429.3177490234375,-0.663604736328125,36.718017578125,-1.0,1.0,False,0.9718714540561642,38.46354593340372,5.204843800049275,7433,expanding,original,PatchTST-HF-supervised-v1,5.15.0,cpu,"{""batch_size"":64,""context_length"":252,""d_model"":32,""dropout"":0.1,""ffn_dim"":64,""learning_rate"":0.001,""max_epochs"":30,""min_delta"":0.0001,""num_attention_heads"":4,""num_hidden_layers"":2,""patch_length"":21,""patch_stride"":7,""patience"":5,""prediction_length"":20,""seed"":2026,""validation_points"":252,""weight_decay"":0.0001,""window_stride"":5}",252,21,7,20,5,1382,47,2021-08-04,2021-08-05,2022-08-04,2022-08-04,2021-08-04,115.51792907714844,80.02420806884766,9,4,True,0.2439687103033065,5.185605200007558,0.0013872000854462,19540,True,True,,,37.381622314453125,1397.3856868604198,3.9213111571977817
SPY,PatchTST,2022-08-04,392.5997314453125,2022-08-11,5,398.1166076660156,427.49322509765625,5.516876220703125,34.89349365234375,1.0,1.0,True,0.9718714540561642,30.226854908677005,5.204843800049275,7433,expanding,original,PatchTST-HF-supervised-v1,5.15.0,cpu,"{""batch_size"":64,""context_length"":252,""d_model"":32,""dropout"":0.1,""ffn_dim"":64,""learning_rate"":0.001,""max_epochs"":30,""min_delta"":0.0001,""num_attention_heads"":4,""num_hidden_layers"":2,""patch_length"":21,""patch_stride"":7,""patience"":5,""prediction_length"":20,""seed"":2026,""validation_points"":252,""weight_decay"":0.0001,""window_stride"":5}",252,21,7,20,5,1382,47,2021-08-04,2021-08-05,2022-08-04,2022-08-04,2021-08-04,115.51792907714844,80.02420806884766,9,4,True,0.2439687103033065,5.185605200007558,0.0013872000854462,19540,True,True,,,29.376617431640625,862.9856517249718,3.8985115073191907
SPY,PatchTST,2022-08-04,392.5997314453125,2022-09-01,20,375.774169921875,432.6930541992188,-16.8255615234375,40.09332275390625,-1.0,1.0,False,0.9718714540561642,58.56626824441582,5.204843800049275,7433,expanding,original,PatchTST-HF-supervised-v1,5.15.0,cpu,"{""batch_size"":64,""context_length"":252,""d_model"":32,""dropout"":0.1,""ffn_dim"":64,""learning_rate"":0.001,""max_epochs"":30,""min_delta"":0.0001,""num_attention_heads"":4,""num_hidden_layers"":2,""patch_length"":21,""patch_stride"":7,""patience"":5,""prediction_length"":20,""seed"":2026,""validation_points"":252,""weight_decay"":0.0001,""window_stride"":5}",252,21,7,20,5,1382,47,2021-08-04,2021-08-05,2022-08-04,2022-08-04,2021-08-04,115.51792907714844,80.02420806884766,9,4,True,0.2439687103033065,5.185605200007558,0.0013872000854462,19540,True,True,,,56.91888427734375,3239.759387377649,3.963489708629086
SPY,PatchTST,2022-08-11,398.1166076660156,2022-08-12,1,404.8563232421875,430.7669677734375,6.739715576171875,32.650360107421875,1.0,1.0,True,0.9726787380943284,26.6384403364405,5.240458299987949,7438,expanding,original,PatchTST-HF-supervised-v1,5.15.0,cpu,"{""batch_size"":64,""context_length"":252,""d_model"":32,""dropout"":0.1,""ffn_dim"":64,""learning_rate"":0.001,""max_epochs"":30,""min_delta"":0.0001,""num_attention_heads"":4,""num_hidden_layers"":2,""patch_length"":21,""patch_stride"":7,""patience"":5,""prediction_length"":20,""seed"":2026,""validation_points"":252,""weight_decay"":0.0001,""window_stride"":5}",252,21,7,20,5,1383,47,2021-08-11,2021-08-12,2022-08-11,2022-08-11,2021-08-11,115.72535705566406,80.38167572021484,9,4,True,0.2458764314651489,5.223099300055765,0.0017314000288024,19540,True,True,,,25.91064453125,671.3615000247955,3.9193212619047824
SPY,PatchTST,2022-08-11,398.1166076660156,2022-08-18,5,405.6051940917969,421.7572021484375,7.48858642578125,23.640594482421875,1.0,1.0,True,0.9726787380943284,16.605696643771232,5.240458299987949,7438,expanding,original,PatchTST-HF-supervised-v1,5.15.0,cpu,"{""batch_size"":64,""context_length"":252,""d_model"":32,""dropout"":0.1,""ffn_dim"":64,""learning_rate"":0.001,""max_epochs"":30,""min_delta"":0.0001,""num_attention_heads"":4,""num_hidden_layers"":2,""patch_length"":21,""patch_stride"":7,""patience"":5,""prediction_length"":20,""seed"":2026,""validation_points"":252,""weight_decay"":0.0001,""window_stride"":5}",252,21,7,20,5,1383,47,2021-08-11,2021-08-12,2022-08-11,2022-08-11,2021-08-11,115.72535705566406,80.38167572021484,9,4,True,0.2458764314651489,5.223099300055765,0.0017314000288024,19540,True,True,,,16.152008056640625,260.88736426178366,3.807233954141252
SPY,PatchTST,2022-08-11,398.1166076660156,2022-09-09,20,385.4239807128906,419.5470581054688,-12.692626953125,21.430450439453125,-1.0,1.0,False,0.9726787380943284,35.081549597179475,5.240458299987949,7438,expanding,original,PatchTST-HF-supervised-v1,5.15.0,cpu,"{""batch_size"":64,""context_length"":252,""d_model"":32,""dropout"":0.1,""ffn_dim"":64,""learning_rate"":0.001,""max_epochs"":30,""min_delta"":0.0001,""num_attention_heads"":4,""num_hidden_layers"":2,""patch_length"":21,""patch_stride"":7,""patience"":5,""prediction_length"":20,""seed"":2026,""validation_points"":252,""weight_decay"":0.0001,""window_stride"":5}",252,21,7,20,5,1383,47,2021-08-11,2021-08-12,2022-08-11,2022-08-11,2021-08-11,115.72535705566406,80.38167572021484,9,4,True,0.2458764314651489,5.223099300055765,0.0017314000288024,19540,True,True,,,34.123077392578125,1164.3844107398763,3.7797383337381447
SPY,PatchTST,2022-08-18,405.6051940917969,2022-08-19,1,400.15472412109375,418.2604675292969,-5.450469970703125,12.6552734375,-1.0,1.0,False,0.9738084474772224,18.592715492567773,5.176171900006011,7443,expanding,original,PatchTST-HF-supervised-v1,5.15.0,cpu,"{""batch_size"":64,""context_length"":252,""d_model"":32,""dropout"":0.1,""ffn_dim"":64,""learning_rate"":0.001,""max_epochs"":30,""min_delta"":0.0001,""num_attention_heads"":4,""num_hidden_layers"":2,""patch_length"":21,""patch_stride"":7,""patience"":5,""prediction_length"":20,""seed"":2026,""validation_points"":252,""weight_decay"":0.0001,""window_stride"":5}",252,21,7,20,5,1384,47,2021-08-18,2021-08-19,2022-08-18,2022-08-18,2021-08-18,115.93358612060548,80.74059295654297,9,4,True,0.2470036298036575,5.162645500036888,0.0011589999776333,19540,True,True,,,18.105743408203125,327.8179443636909,3.744422357306849
SPY,PatchTST,2022-08-18,405.6051940917969,2022-08-25,5,397.66162109375,438.6261291503906,-7.943572998046875,33.02093505859375,-1.0,1.0,False,0.9738084474772224,42.06628948718253,5.176171900006011,7443,expanding,original,PatchTST-HF-supervised-v1,5.15.0,cpu,"{""batch_size"":64,""context_length"":252,""d_model"":32,""dropout"":0.1,""ffn_dim"":64,""learning_rate"":0.001,""max_epochs"":30,""min_delta"":0.0001,""num_attention_heads"":4,""num_hidden_layers"":2,""patch_length"":21,""patch_stride"":7,""patience"":5,""prediction_length"":20,""seed"":2026,""validation_points"":252,""weight_decay"":0.0001,""window_stride"":5}",252,21,7,20,5,1384,47,2021-08-18,2021-08-19,2022-08-18,2022-08-18,2021-08-18,115.93358612060548,80.74059295654297,9,4,True,0.2470036298036575,5.162645500036888,0.0011589999776333,19540,True,True,,,40.96450805664063,1678.090920322575,3.996658077597573
SPY,PatchTST,2022-08-18,405.6051940917969,2022-09-16,20,366.9811096191406,427.48828125,-38.62408447265625,21.883087158203125,-1.0,1.0,False,0.9738084474772224,62.13457255131754,5.176171900006011,7443,expanding,original,PatchTST-HF-supervised-v1,5.15.0,cpu,"{""batch_size"":64,""context_length"":252,""d_model"":32,""dropout"":0.1,""ffn_dim"":64,""learning_rate"":0.001,""max_epochs"":30,""min_delta"":0.0001,""num_attention_heads"":4,""num_hidden_layers"":2,""patch_length"":21,""patch_stride"":7,""patience"":5,""prediction_length"":20,""seed"":2026,""validation_points"":252,""weight_decay"":0.0001,""window_stride"":5}",252,21,7,20,5,1384,47,2021-08-18,2021-08-19,2022-08-18,2022-08-18,2021-08-18,115.93358612060548,80.74059295654297,9,4,True,0.2470036298036575,5.162645500036888,0.0011589999776333,19540,True,True,,,60.507171630859375,3661.1178187662736,3.858712002487803
SPY,PatchTST,2022-08-25,397.66162109375,2022-08-26,1,384.201171875,419.9614868164063,-13.46044921875,22.29986572265625,-1.0,1.0,False,0.9760440874054912,36.63801195339843,5.311671000090428,7448,expanding,original,PatchTST-HF-supervised-v1,5.15.0,cpu,"{""batch_size"":64,""context_length"":252,""d_model"":32,""dropout"":0.1,""ffn_dim"":64,""learning_rate"":0.001,""max_epochs"":30,""min_delta"":0.0001,""num_attention_heads"":4,""num_hidden_layers"":2,""patch_length"":21,""patch_stride"":7,""patience"":5,""prediction_length"":20,""seed"":2026,""validation_points"":252,""weight_decay"":0.0001,""window_stride"":5}",252,21,7,20,5,1385,47,2021-08-25,2021-08-26,2022-08-25,2022-08-25,2021-08-25,116.14232635498048,81.099853515625,9,4,True,0.2485449314117431,5.296023400034756,0.0013772000093013,19540,True,True,,,35.76031494140625,1278.800124708563,3.7462356254797786
SPY,PatchTST,2022-08-25,397.66162109375,2022-09-01,5,375.774169921875,428.0332336425781,-21.887451171875,30.371612548828125,-1.0,1.0,False,0.9760440874054912,53.54170410438892,5.311671000090428,7448,expanding,original,PatchTST-HF-supervised-v1,5.15.0,cpu,"{""batch_size"":64,""context_length"":252,""d_model"":32,""dropout"":0.1,""ffn_dim"":64,""learning_rate"":0.001,""max_epochs"":30,""min_delta"":0.0001,""num_attention_heads"":4,""num_hidden_layers"":2,""patch_length"":21,""patch_stride"":7,""patience"":5,""prediction_length"":20,""seed"":2026,""validation_points"":252,""weight_decay"":0.0001,""window_stride"":5}",252,21,7,20,5,1385,47,2021-08-25,2021-08-26,2022-08-25,2022-08-25,2021-08-25,116.14232635498048,81.099853515625,9,4,True,0.2485449314117431,5.296023400034756,0.0013772000093013,19540,True,True,,,52.259063720703125,2731.009740964509,3.8457641261646374
SPY,PatchTST,2022-08-25,397.66162109375,2022-09-23,20,350.2196960449219,425.376708984375,-47.441925048828125,27.715087890625,-1.0,1.0,False,0.9760440874054912,77.0016579263695,5.311671000090428,7448,expanding,original,PatchTST-HF-supervised-v1,5.15.0,cpu,"{""batch_size"":64,""context_length"":252,""d_model"":32,""dropout"":0.1,""ffn_dim"":64,""learning_rate"":0.001,""max_epochs"":30,""min_delta"":0.0001,""num_attention_heads"":4,""num_hidden_layers"":2,""patch_length"":21,""patch_stride"":7,""patience"":5,""prediction_length"":20,""seed"":2026,""validation_points"":252,""weight_decay"":0.0001,""window_stride"":5}",252,21,7,20,5,1385,47,2021-08-25,2021-08-26,2022-08-25,2022-08-25,2021-08-25,116.14232635498048,81.099853515625,9,4,True,0.2485449314117431,5.296023400034756,0.0013772000093013,19540,True,True,,,75.15701293945312,5648.5765939811245,3.8130079059861224
SPY,PatchTST,2022-09-01,375.774169921875,2022-09-02,1,371.8118286132813,403.35888671875,-3.962341308593693,27.584716796875,-1.0,1.0,False,0.9786417956513486,32.23555160391664,4.6274759999942034,7453,expanding,original,PatchTST-HF-supervised-v1,5.15.0,cpu,"{""batch_size"":64,""context_length"":252,""d_model"":32,""dropout"":0.1,""ffn_dim"":64,""learning_rate"":0.001,""max_epochs"":30,""min_delta"":0.0001,""num_attention_heads"":4,""num_hidden_layers"":2,""patch_length"":21,""patch_stride"":7,""patience"":5,""prediction_length"":20,""seed"":2026,""validation_points"":252,""weight_decay"":0.0001,""window_stride"":5}",252,21,7,20,5,1386,47,2021-09-01,2021-09-02,2022-09-01,2022-09-01,2021-09-01,116.35398864746094,81.46839904785156,8,3,True,0.2353490442037582,4.610449300031178,0.0014021999668329,19540,True,True,,,31.547058105468693,995.216875109818,3.5228984664681193
SPY,PatchTST,2022-09-01,375.774169921875,2022-09-09,5,385.4239807128906,400.4814453125,9.649810791015623,24.707275390625,1.0,1.0,True,0.9786417956513486,15.38608371982281,4.6274759999942034,7453,expanding,original,PatchTST-HF-supervised-v1,5.15.0,cpu,"{""batch_size"":64,""context_length"":252,""d_model"":32,""dropout"":0.1,""ffn_dim"":64,""learning_rate"":0.001,""max_epochs"":30,""min_delta"":0.0001,""num_attention_heads"":4,""num_hidden_layers"":2,""patch_length"":21,""patch_stride"":7,""patience"":5,""prediction_length"":20,""seed"":2026,""validation_points"":252,""weight_decay"":0.0001,""window_stride"":5}",252,21,7,20,5,1386,47,2021-09-01,2021-09-02,2022-09-01,2022-09-01,2021-09-01,116.35398864746094,81.46839904785156,8,3,True,0.2353490442037582,4.610449300031178,0.0014021999668329,19540,True,True,,,15.057464599609377,226.72724016848952,3.487578742012016
SPY,PatchTST,2022-09-01,375.774169921875,2022-09-30,20,339.96856689453125,403.24798583984375,-35.80560302734375,27.47381591796875,-1.0,1.0,False,0.9786417956513486,64.66045005077267,4.6274759999942034,7453,expanding,original,PatchTST-HF-supervised-v1,5.15.0,cpu,"{""batch_size"":64,""context_length"":252,""d_model"":32,""dropout"":0.1,""ffn_dim"":64,""learning_rate"":0.001,""max_epochs"":30,""min_delta"":0.0001,""num_attention_heads"":4,""num_hidden_layers"":2,""patch_length"":21,""patch_stride"":7,""patience"":5,""prediction_length"":20,""seed"":2026,""validation_points"":252,""weight_decay"":0.0001,""window_stride"":5}",252,21,7,20,5,1386,47,2021-09-01,2021-09-02,2022-09-01,2022-09-01,2021-09-01,116.35398864746094,81.46839904785156,8,3,True,0.2353490442037582,4.610449300031178,0.0014021999668329,19540,True,True,,,63.2794189453125,4004.284862056375,3.521537191664608
SPY,PatchTST,2022-09-09,385.4239807128906,2022-09-12,1,389.56640625,426.3054504394531,4.142425537109375,40.8814697265625,1.0,1.0,True,0.980718637481522,37.4613500603993,5.826240899972618,7458,expanding,original,PatchTST-HF-supervised-v1,5.15.0,cpu,"{""batch_size"":64,""context_length"":252,""d_model"":32,""dropout"":0.1,""ffn_dim"":64,""learning_rate"":0.001,""max_epochs"":30,""min_delta"":0.0001,""num_attention_heads"":4,""num_hidden_layers"":2,""patch_length"":21,""patch_stride"":7,""patience"":5,""prediction_length"":20,""seed"":2026,""validation_points"":252,""weight_decay"":0.0001,""window_stride"":5}",252,21,7,20,5,1387,47,2021-09-09,2021-09-10,2022-09-09,2022-09-09,2021-09-09,116.56607055664062,81.83688354492188,10,5,True,0.2282926738262176,5.810220699990168,0.0016240000259131,19540,True,True,,,36.739044189453125,1349.7573679545894,3.784838406178926
SPY,PatchTST,2022-09-09,385.4239807128906,2022-09-16,5,366.9811096191406,422.5703430175781,-18.44287109375,37.1463623046875,-1.0,1.0,False,0.980718637481522,56.6821423330857,5.826240899972618,7458,expanding,original,PatchTST-HF-supervised-v1,5.15.0,cpu,"{""batch_size"":64,""context_length"":252,""d_model"":32,""dropout"":0.1,""ffn_dim"":64,""learning_rate"":0.001,""max_epochs"":30,""min_delta"":0.0001,""num_attention_heads"":4,""num_hidden_layers"":2,""patch_length"":21,""patch_stride"":7,""patience"":5,""prediction_length"":20,""seed"":2026,""validation_points"":252,""weight_decay"":0.0001,""window_stride"":5}",252,21,7,20,5,1387,47,2021-09-09,2021-09-10,2022-09-09,2022-09-09,2021-09-09,116.56607055664062,81.83688354492188,10,5,True,0.2282926738262176,5.810220699990168,0.0016240000259131,19540,True,True,,,55.5892333984375,3090.162869825959,3.7391975256849284
SPY,PatchTST,2022-09-09,385.4239807128906,2022-10-07,20,345.30828857421875,424.7632141113281,-40.11569213867188,39.3392333984375,-1.0,1.0,False,0.980718637481522,81.01704454312097,5.826240899972618,7458,expanding,original,PatchTST-HF-supervised-v1,5.15.0,cpu,"{""batch_size"":64,""context_length"":252,""d_model"":32,""dropout"":0.1,""ffn_dim"":64,""learning_rate"":0.001,""max_epochs"":30,""min_delta"":0.0001,""num_attention_heads"":4,""num_hidden_layers"":2,""patch_length"":21,""patch_stride"":7,""patience"":5,""prediction_length"":20,""seed"":2026,""validation_points"":252,""weight_decay"":0.0001,""window_stride"":5}",252,21,7,20,5,1387,47,2021-09-09,2021-09-10,2022-09-09,2022-09-09,2021-09-09,116.56607055664062,81.83688354492188,10,5,True,0.2282926738262176,5.810220699990168,0.0016240000259131,19540,True,True,,,79.45492553710938,6313.085192107596,3.7659931586411406
SPY,PatchTST,2022-09-16,366.9811096191406,2022-09-19,1,369.8269653320313,387.8792724609375,2.845855712890682,20.898162841796875,1.0,1.0,True,0.9840244619369,18.345384517548496,4.603063600021415,7463,expanding,original,PatchTST-HF-supervised-v1,5.15.0,cpu,"{""batch_size"":64,""context_length"":252,""d_model"":32,""dropout"":0.1,""ffn_dim"":64,""learning_rate"":0.001,""max_epochs"":30,""min_delta"":0.0001,""num_attention_heads"":4,""num_hidden_layers"":2,""patch_length"":21,""patch_stride"":7,""patience"":5,""prediction_length"":20,""seed"":2026,""validation_points"":252,""weight_decay"":0.0001,""window_stride"":5}",252,21,7,20,5,1388,47,2021-09-16,2021-09-17,2022-09-16,2022-09-16,2021-09-16,116.77444458007812,82.1900634765625,8,3,True,0.215742751955986,4.588374500046484,0.0013634000206366,19540,True,True,,,18.052307128906197,325.88579267635737,3.2985109928546072
SPY,PatchTST,2022-09-16,366.9811096191406,2022-09-23,5,350.2196960449219,391.7237243652344,-16.76141357421875,24.74261474609375,-1.0,1.0,False,0.9840244619369,42.17784204126211,4.603063600021415,7463,expanding,original,PatchTST-HF-supervised-v1,5.15.0,cpu,"{""batch_size"":64,""context_length"":252,""d_model"":32,""dropout"":0.1,""ffn_dim"":64,""learning_rate"":0.001,""max_epochs"":30,""min_delta"":0.0001,""num_attention_heads"":4,""num_hidden_layers"":2,""patch_length"":21,""patch_stride"":7,""patience"":5,""prediction_length"":20,""seed"":2026,""validation_points"":252,""weight_decay"":0.0001,""window_stride"":5}",252,21,7,20,5,1388,47,2021-09-16,2021-09-17,2022-09-16,2022-09-16,2021-09-16,116.77444458007812,82.1900634765625,8,3,True,0.215742751955986,4.588374500046484,0.0013634000206366,19540,True,True,,,41.5040283203125,1722.584366813302,3.3452861350272762
SPY,PatchTST,2022-09-16,366.9811096191406,2022-10-14,20,340.3969421386719,393.7434997558594,-26.58416748046875,26.76239013671875,-1.0,1.0,False,0.9840244619369,54.2126336089075,4.603063600021415,7463,expanding,original,PatchTST-HF-supervised-v1,5.15.0,cpu,"{""batch_size"":64,""context_length"":252,""d_model"":32,""dropout"":0.1,""ffn_dim"":64,""learning_rate"":0.001,""max_epochs"":30,""min_delta"":0.0001,""num_attention_heads"":4,""num_hidden_layers"":2,""patch_length"":21,""patch_stride"":7,""patience"":5,""prediction_length"":20,""seed"":2026,""validation_points"":252,""weight_decay"":0.0001,""window_stride"":5}",252,21,7,20,5,1388,47,2021-09-16,2021-09-17,2022-09-16,2022-09-16,2021-09-16,116.77444458007812,82.1900634765625,8,3,True,0.215742751955986,4.588374500046484,0.0013634000206366,19540,True,True,,,53.3465576171875,2845.8552096039057,3.369860582414106
SPY,PatchTST,2022-09-23,350.2196960449219,2022-09-26,1,346.7549743652344,407.9373779296875,-3.4647216796875,57.717681884765625,-1.0,1.0,False,0.9863725271157288,62.02768414825765,4.694297199952416,7468,expanding,original,PatchTST-HF-supervised-v1,5.15.0,cpu,"{""batch_size"":64,""context_length"":252,""d_model"":32,""dropout"":0.1,""ffn_dim"":64,""learning_rate"":0.001,""max_epochs"":30,""min_delta"":0.0001,""num_attention_heads"":4,""num_hidden_layers"":2,""patch_length"":21,""patch_stride"":7,""patience"":5,""prediction_length"":20,""seed"":2026,""validation_points"":252,""weight_decay"":0.0001,""window_stride"":5}",252,21,7,20,5,1389,47,2021-09-23,2021-09-24,2022-09-23,2022-09-23,2021-09-23,116.97810363769533,82.5248794555664,8,3,True,0.1935993582010269,4.678119800053537,0.0011462999973446,19540,True,True,,,61.182403564453125,3743.2865059236074,3.525715835170076
SPY,PatchTST,2022-09-23,350.2196960449219,2022-09-30,5,339.96856689453125,401.0358276367188,-10.251129150390623,50.81613159179688,-1.0,1.0,False,0.9863725271157288,61.9109505419372,4.694297199952416,7468,expanding,original,PatchTST-HF-supervised-v1,5.15.0,cpu,"{""batch_size"":64,""context_length"":252,""d_model"":32,""dropout"":0.1,""ffn_dim"":64,""learning_rate"":0.001,""max_epochs"":30,""min_delta"":0.0001,""num_attention_heads"":4,""num_hidden_layers"":2,""patch_length"":21,""patch_stride"":7,""patience"":5,""prediction_length"":20,""seed"":2026,""validation_points"":252,""weight_decay"":0.0001,""window_stride"":5}",252,21,7,20,5,1389,47,2021-09-23,2021-09-24,2022-09-23,2022-09-23,2021-09-23,116.97810363769533,82.5248794555664,8,3,True,0.1935993582010269,4.678119800053537,0.0011462999973446,19540,True,True,,,61.0672607421875,3729.2103345543146,3.4420859003128594
SPY,PatchTST,2022-09-23,350.2196960449219,2022-10-21,20,356.254150390625,410.9212646484375,6.034454345703125,60.701568603515625,1.0,1.0,True,0.9863725271157288,55.42238125555431,4.694297199952416,7468,expanding,original,PatchTST-HF-supervised-v1,5.15.0,cpu,"{""batch_size"":64,""context_length"":252,""d_model"":32,""dropout"":0.1,""ffn_dim"":64,""learning_rate"":0.001,""max_epochs"":30,""min_delta"":0.0001,""num_attention_heads"":4,""num_hidden_layers"":2,""patch_length"":21,""patch_stride"":7,""patience"":5,""prediction_length"":20,""seed"":2026,""validation_points"":252,""weight_decay"":0.0001,""window_stride"":5}",252,21,7,20,5,1389,47,2021-09-23,2021-09-24,2022-09-23,2022-09-23,2021-09-23,116.97810363769533,82.5248794555664,8,3,True,0.1935993582010269,4.678119800053537,0.0011462999973446,19540,True,True,,,54.6671142578125,2988.4933812767267,3.561873255071024
SPY,PatchTST,2022-09-30,339.96856689453125,2022-10-03,1,348.9442443847656,413.4706115722656,8.975677490234375,73.50204467773438,1.0,1.0,True,0.9889060240996728,65.25025190967622,4.64067510003224,7473,expanding,original,PatchTST-HF-supervised-v1,5.15.0,cpu,"{""batch_size"":64,""context_length"":252,""d_model"":32,""dropout"":0.1,""ffn_dim"":64,""learning_rate"":0.001,""max_epochs"":30,""min_delta"":0.0001,""num_attention_heads"":4,""num_hidden_layers"":2,""patch_length"":21,""patch_stride"":7,""patience"":5,""prediction_length"":20,""seed"":2026,""validation_points"":252,""weight_decay"":0.0001,""window_stride"":5}",252,21,7,20,5,1390,47,2021-09-30,2021-10-01,2022-09-30,2022-09-30,2021-09-30,117.18067169189452,82.85456848144531,8,3,True,0.2048607319593429,4.625703900004737,0.0011133999796584,19540,True,True,,,64.5263671875,4163.652062416077,3.5760241747770745
SPY,PatchTST,2022-09-30,339.96856689453125,2022-10-07,5,345.30828857421875,405.85986328125,5.3397216796875,65.89129638671875,1.0,1.0,True,0.9889060240996728,61.23086848637519,4.64067510003224,7473,expanding,original,PatchTST-HF-supervised-v1,5.15.0,cpu,"{""batch_size"":64,""context_length"":252,""d_model"":32,""dropout"":0.1,""ffn_dim"":64,""learning_rate"":0.001,""max_epochs"":30,""min_delta"":0.0001,""num_attention_heads"":4,""num_hidden_layers"":2,""patch_length"":21,""patch_stride"":7,""patience"":5,""prediction_length"":20,""seed"":2026,""validation_points"":252,""weight_decay"":0.0001,""window_stride"":5}",252,21,7,20,5,1390,47,2021-09-30,2021-10-01,2022-09-30,2022-09-30,2021-09-30,117.18067169189452,82.85456848144531,8,3,True,0.2048607319593429,4.625703900004737,0.0011133999796584,19540,True,True,,,60.55157470703125,3666.4931995011866,3.4841674620996077
SPY,PatchTST,2022-09-30,339.96856689453125,2022-10-28,20,370.27435302734375,422.75048828125,30.3057861328125,82.78192138671875,1.0,1.0,True,0.9889060240996728,53.06483525740675,4.64067510003224,7473,expanding,original,PatchTST-HF-supervised-v1,5.15.0,cpu,"{""batch_size"":64,""context_length"":252,""d_model"":32,""dropout"":0.1,""ffn_dim"":64,""learning_rate"":0.001,""max_epochs"":30,""min_delta"":0.0001,""num_attention_heads"":4,""num_hidden_layers"":2,""patch_length"":21,""patch_stride"":7,""patience"":5,""prediction_length"":20,""seed"":2026,""validation_points"":252,""weight_decay"":0.0001,""window_stride"":5}",252,21,7,20,5,1390,47,2021-09-30,2021-10-01,2022-09-30,2022-09-30,2021-09-30,117.18067169189452,82.85456848144531,8,3,True,0.2048607319593429,4.625703900004737,0.0011133999796584,19540,True,True,,,52.47613525390625,2753.7447711862624,3.688026166689718
SPY,PatchTST,2022-10-07,345.30828857421875,2022-10-10,1,342.6717834472656,398.8480224609375,-2.636505126953125,53.53973388671875,-1.0,1.0,False,0.9928236845678964,56.58229138451837,4.702132700011134,7478,expanding,original,PatchTST-HF-supervised-v1,5.15.0,cpu,"{""batch_size"":64,""context_length"":252,""d_model"":32,""dropout"":0.1,""ffn_dim"":64,""learning_rate"":0.001,""max_epochs"":30,""min_delta"":0.0001,""num_attention_heads"":4,""num_hidden_layers"":2,""patch_length"":21,""patch_stride"":7,""patience"":5,""prediction_length"":20,""seed"":2026,""validation_points"":252,""weight_decay"":0.0001,""window_stride"":5}",252,21,7,20,5,1391,47,2021-10-07,2021-10-08,2022-10-07,2022-10-07,2021-10-07,117.38109588623048,83.17543029785156,8,3,True,0.1944393664598465,4.685826700064354,0.0017340999329462,19540,True,True,,,56.17623901367188,3155.76982972119,3.384015274303635
SPY,PatchTST,2022-10-07,345.30828857421875,2022-10-14,5,340.3969421386719,406.87835693359375,-4.911346435546875,61.570068359375,-1.0,1.0,False,0.9928236845678964,66.9619549052724,4.702132700011134,7478,expanding,original,PatchTST-HF-supervised-v1,5.15.0,cpu,"{""batch_size"":64,""context_length"":252,""d_model"":32,""dropout"":0.1,""ffn_dim"":64,""learning_rate"":0.001,""max_epochs"":30,""min_delta"":0.0001,""num_attention_heads"":4,""num_hidden_layers"":2,""patch_length"":21,""patch_stride"":7,""patience"":5,""prediction_length"":20,""seed"":2026,""validation_points"":252,""weight_decay"":0.0001,""window_stride"":5}",252,21,7,20,5,1391,47,2021-10-07,2021-10-08,2022-10-07,2022-10-07,2021-10-07,117.38109588623048,83.17543029785156,8,3,True,0.1944393664598465,4.685826700064354,0.0017340999329462,19540,True,True,,,66.48141479492188,4419.778513134457,3.4805622286614253
SPY,PatchTST,2022-10-07,345.30828857421875,2022-11-04,20,358.21490478515625,388.6415100097656,12.9066162109375,43.33322143554688,1.0,1.0,True,0.9928236845678964,30.64653442252624,4.702132700011134,7478,expanding,original,PatchTST-HF-supervised-v1,5.15.0,cpu,"{""batch_size"":64,""context_length"":252,""d_model"":32,""dropout"":0.1,""ffn_dim"":64,""learning_rate"":0.001,""max_epochs"":30,""min_delta"":0.0001,""num_attention_heads"":4,""num_hidden_layers"":2,""patch_length"":21,""patch_stride"":7,""patience"":5,""prediction_length"":20,""seed"":2026,""validation_points"":252,""weight_decay"":0.0001,""window_stride"":5}",252,21,7,20,5,1391,47,2021-10-07,2021-10-08,2022-10-07,2022-10-07,2021-10-07,117.38109588623048,83.17543029785156,8,3,True,0.1944393664598465,4.685826700064354,0.0017340999329462,19540,True,True,,,30.42660522460937,925.7783054942264,3.2613046082497017
SPY,PatchTST,2022-10-14,340.3969421386719,2022-10-17,1,349.1441650390625,396.2876892089844,8.747222900390625,55.8907470703125,1.0,1.0,True,0.9952107724962438,47.3703917529689,4.773330600000918,7483,expanding,original,PatchTST-HF-supervised-v1,5.15.0,cpu,"{""batch_size"":64,""context_length"":252,""d_model"":32,""dropout"":0.1,""ffn_dim"":64,""learning_rate"":0.001,""max_epochs"":30,""min_delta"":0.0001,""num_attention_heads"":4,""num_hidden_layers"":2,""patch_length"":21,""patch_stride"":7,""patience"":5,""prediction_length"":20,""seed"":2026,""validation_points"":252,""weight_decay"":0.0001,""window_stride"":5}",252,21,7,20,5,1392,47,2021-10-14,2021-10-15,2022-10-14,2022-10-14,2021-10-14,117.5831069946289,83.50060272216797,8,3,True,0.1900084465742111,4.756032800069079,0.0014042000984773,19540,True,True,,,47.14352416992188,2222.511871160008,3.3377553350326203
SPY,PatchTST,2022-10-14,340.3969421386719,2022-10-21,5,356.254150390625,399.9948120117188,15.857208251953123,59.59786987304688,1.0,1.0,True,0.9952107724962438,43.95115369519258,4.773330600000918,7483,expanding,original,PatchTST-HF-supervised-v1,5.15.0,cpu,"{""batch_size"":64,""context_length"":252,""d_model"":32,""dropout"":0.1,""ffn_dim"":64,""learning_rate"":0.001,""max_epochs"":30,""min_delta"":0.0001,""num_attention_heads"":4,""num_hidden_layers"":2,""patch_length"":21,""patch_stride"":7,""patience"":5,""prediction_length"":20,""seed"":2026,""validation_points"":252,""weight_decay"":0.0001,""window_stride"":5}",252,21,7,20,5,1392,47,2021-10-14,2021-10-15,2022-10-14,2022-10-14,2021-10-14,117.5831069946289,83.50060272216797,8,3,True,0.1900084465742111,4.756032800069079,0.0014042000984773,19540,True,True,,,43.74066162109375,1913.245479051024,3.3821516948417725
SPY,PatchTST,2022-10-14,340.3969421386719,2022-11-11,20,379.30706787109375,402.8973693847656,38.91012573242188,62.50042724609375,1.0,1.0,True,0.9952107724962438,23.70382452201693,4.773330600000918,7483,expanding,original,PatchTST-HF-supervised-v1,5.15.0,cpu,"{""batch_size"":64,""context_length"":252,""d_model"":32,""dropout"":0.1,""ffn_dim"":64,""learning_rate"":0.001,""max_epochs"":30,""min_delta"":0.0001,""num_attention_heads"":4,""num_hidden_layers"":2,""patch_length"":21,""patch_stride"":7,""patience"":5,""prediction_length"":20,""seed"":2026,""validation_points"":252,""weight_decay"":0.0001,""window_stride"":5}",252,21,7,20,5,1392,47,2021-10-14,2021-10-15,2022-10-14,2022-10-14,2021-10-14,117.5831069946289,83.50060272216797,8,3,True,0.1900084465742111,4.756032800069079,0.0014042000984773,19540,True,True,,,23.590301513671875,556.5023255059496,3.41691261007378
SPY,PatchTST,2022-10-21,356.254150390625,2022-10-24,1,360.6134948730469,409.8908996582031,4.359344482421875,53.636749267578125,1.0,1.0,True,0.9981184641350348,49.37029676919146,4.681224799947813,7488,expanding,original,PatchTST-HF-supervised-v1,5.15.0,cpu,"{""batch_size"":64,""context_length"":252,""d_model"":32,""dropout"":0.1,""ffn_dim"":64,""learning_rate"":0.001,""max_epochs"":30,""min_delta"":0.0001,""num_attention_heads"":4,""num_hidden_layers"":2,""patch_length"":21,""patch_stride"":7,""patience"":5,""prediction_length"":20,""seed"":2026,""validation_points"":252,""weight_decay"":0.0001,""window_stride"":5}",252,21,7,20,5,1393,47,2021-10-21,2021-10-22,2022-10-21,2022-10-21,2021-10-21,117.79337310791016,83.85388946533203,8,3,True,0.2350235432386398,4.667265099938959,0.0011582999723032,19540,True,True,,,49.27740478515625,2428.26262236014,3.483410589690723
SPY,PatchTST,2022-10-21,356.254150390625,2022-10-28,5,370.27435302734375,411.77252197265625,14.02020263671875,55.51837158203125,1.0,1.0,True,0.9981184641350348,41.57639642632464,4.681224799947813,7488,expanding,original,PatchTST-HF-supervised-v1,5.15.0,cpu,"{""batch_size"":64,""context_length"":252,""d_model"":32,""dropout"":0.1,""ffn_dim"":64,""learning_rate"":0.001,""max_epochs"":30,""min_delta"":0.0001,""num_attention_heads"":4,""num_hidden_layers"":2,""patch_length"":21,""patch_stride"":7,""patience"":5,""prediction_length"":20,""seed"":2026,""validation_points"":252,""weight_decay"":0.0001,""window_stride"":5}",252,21,7,20,5,1393,47,2021-10-21,2021-10-22,2022-10-21,2022-10-21,2021-10-21,117.79337310791016,83.85388946533203,8,3,True,0.2350235432386398,4.667265099938959,0.0011582999723032,19540,True,True,,,41.4981689453125,1722.0980258136988,3.5058498865015295
SPY,PatchTST,2022-10-21,356.254150390625,2022-11-18,20,376.9466247558594,417.3649291992188,20.69247436523437,61.11077880859375,1.0,1.0,True,0.9981184641350348,40.49449629046358,4.681224799947813,7488,expanding,original,PatchTST-HF-supervised-v1,5.15.0,cpu,"{""batch_size"":64,""context_length"":252,""d_model"":32,""dropout"":0.1,""ffn_dim"":64,""learning_rate"":0.001,""max_epochs"":30,""min_delta"":0.0001,""num_attention_heads"":4,""num_hidden_layers"":2,""patch_length"":21,""patch_stride"":7,""patience"":5,""prediction_length"":20,""seed"":2026,""validation_points"":252,""weight_decay"":0.0001,""window_stride"":5}",252,21,7,20,5,1393,47,2021-10-21,2021-10-22,2022-10-21,2022-10-21,2021-10-21,117.79337310791016,83.85388946533203,8,3,True,0.2350235432386398,4.667265099938959,0.0011582999723032,19540,True,True,,,40.418304443359375,1633.6393340760842,3.572542168305281
SPY,PatchTST,2022-10-28,370.27435302734375,2022-10-31,1,367.5997619628906,411.4250793457031,-2.674591064453125,41.150726318359375,-1.0,1.0,False,1.0005788777642115,43.79996255841413,4.699360799975693,7493,expanding,original,PatchTST-HF-supervised-v1,5.15.0,cpu,"{""batch_size"":64,""context_length"":252,""d_model"":32,""dropout"":0.1,""ffn_dim"":64,""learning_rate"":0.001,""max_epochs"":30,""min_delta"":0.0001,""num_attention_heads"":4,""num_hidden_layers"":2,""patch_length"":21,""patch_stride"":7,""patience"":5,""prediction_length"":20,""seed"":2026,""validation_points"":252,""weight_decay"":0.0001,""window_stride"":5}",252,21,7,20,5,1394,47,2021-10-28,2021-10-29,2022-10-28,2022-10-28,2021-10-28,118.00687408447266,84.21748352050781,8,3,True,0.2380821108818054,4.684757799957879,0.001162500004284,19540,True,True,,,43.8253173828125,1920.6584437042477,3.4840533461176166
SPY,PatchTST,2022-10-28,370.27435302734375,2022-11-04,5,358.21490478515625,414.7545471191406,-12.0594482421875,44.48019409179688,-1.0,1.0,False,1.0005788777642115,56.50693172768339,4.699360799975693,7493,expanding,original,PatchTST-HF-supervised-v1,5.15.0,cpu,"{""batch_size"":64,""context_length"":252,""d_model"":32,""dropout"":0.1,""ffn_dim"":64,""learning_rate"":0.001,""max_epochs"":30,""min_delta"":0.0001,""num_attention_heads"":4,""num_hidden_layers"":2,""patch_length"":21,""patch_stride"":7,""patience"":5,""prediction_length"":20,""seed"":2026,""validation_points"":252,""weight_decay"":0.0001,""window_stride"":5}",252,21,7,20,5,1394,47,2021-10-28,2021-10-29,2022-10-28,2022-10-28,2021-10-28,118.00687408447266,84.21748352050781,8,3,True,0.2380821108818054,4.684757799957879,0.001162500004284,19540,True,True,,,56.539642333984375,3196.731155254878,3.5235875097408593
SPY,PatchTST,2022-10-28,370.27435302734375,2022-11-28,20,376.8323364257813,417.2598571777344,6.557983398437557,46.98550415039063,1.0,1.0,True,1.0005788777642115,40.404131698530506,4.699360799975693,7493,expanding,original,PatchTST-HF-supervised-v1,5.15.0,cpu,"{""batch_size"":64,""context_length"":252,""d_model"":32,""dropout"":0.1,""ffn_dim"":64,""learning_rate"":0.001,""max_epochs"":30,""min_delta"":0.0001,""num_attention_heads"":4,""num_hidden_layers"":2,""patch_length"":21,""patch_stride"":7,""patience"":5,""prediction_length"":20,""seed"":2026,""validation_points"":252,""weight_decay"":0.0001,""window_stride"":5}",252,21,7,20,5,1394,47,2021-10-28,2021-10-29,2022-10-28,2022-10-28,2021-10-28,118.00687408447266,84.21748352050781,8,3,True,0.2380821108818054,4.684757799957879,0.001162500004284,19540,True,True,,,40.42752075195307,1634.384434149596,3.5533356089937143
SPY,PatchTST,2022-11-04,358.21490478515625,2022-11-07,1,361.6414489746094,397.4151916503906,3.426544189453125,39.200286865234375,1.0,1.0,True,1.0028760497118772,35.671150673165364,4.734970099991188,7498,expanding,original,PatchTST-HF-supervised-v1,5.15.0,cpu,"{""batch_size"":64,""context_length"":252,""d_model"":32,""dropout"":0.1,""ffn_dim"":64,""learning_rate"":0.001,""max_epochs"":30,""min_delta"":0.0001,""num_attention_heads"":4,""num_hidden_layers"":2,""patch_length"":21,""patch_stride"":7,""patience"":5,""prediction_length"":20,""seed"":2026,""validation_points"":252,""weight_decay"":0.0001,""window_stride"":5}",252,21,7,20,5,1395,47,2021-11-04,2021-11-05,2022-11-04,2022-11-04,2021-11-04,118.2247085571289,84.59564208984375,8,3,True,0.1981221884489059,4.720014099963009,0.0015486000338569,19540,True,True,,,35.77374267578125,1279.7606650330126,3.300293918175489
SPY,PatchTST,2022-11-04,358.21490478515625,2022-11-11,5,379.30706787109375,407.3508911132813,21.0921630859375,49.135986328125,1.0,1.0,True,1.0028760497118772,27.9633991162162,4.734970099991188,7498,expanding,original,PatchTST-HF-supervised-v1,5.15.0,cpu,"{""batch_size"":64,""context_length"":252,""d_model"":32,""dropout"":0.1,""ffn_dim"":64,""learning_rate"":0.001,""max_epochs"":30,""min_delta"":0.0001,""num_attention_heads"":4,""num_hidden_layers"":2,""patch_length"":21,""patch_stride"":7,""patience"":5,""prediction_length"":20,""seed"":2026,""validation_points"":252,""weight_decay"":0.0001,""window_stride"":5}",252,21,7,20,5,1395,47,2021-11-04,2021-11-05,2022-11-04,2022-11-04,2021-11-04,118.2247085571289,84.59564208984375,8,3,True,0.1981221884489059,4.720014099963009,0.0015486000338569,19540,True,True,,,28.0438232421875,786.4560220390558,3.4177432242796804
SPY,PatchTST,2022-11-04,358.21490478515625,2022-12-05,20,380.33502197265625,406.9165954589844,22.1201171875,48.701690673828125,1.0,1.0,True,1.0028760497118772,26.505342802796932,4.734970099991188,7498,expanding,original,PatchTST-HF-supervised-v1,5.15.0,cpu,"{""batch_size"":64,""context_length"":252,""d_model"":32,""dropout"":0.1,""ffn_dim"":64,""learning_rate"":0.001,""max_epochs"":30,""min_delta"":0.0001,""num_attention_heads"":4,""num_hidden_layers"":2,""patch_length"":21,""patch_stride"":7,""patience"":5,""prediction_length"":20,""seed"":2026,""validation_points"":252,""weight_decay"":0.0001,""window_stride"":5}",252,21,7,20,5,1395,47,2021-11-04,2021-11-05,2022-11-04,2022-11-04,2021-11-04,118.2247085571289,84.59564208984375,8,3,True,0.1981221884489059,4.720014099963009,0.0015486000338569,19540,True,True,,,26.581573486328125,706.5800490090623,3.412609441456261
SPY,PatchTST,2022-11-11,379.30706787109375,2022-11-14,1,376.0804138183594,386.5866394042969,-3.226654052734375,7.279571533203125,-1.0,1.0,False,1.007016208641563,10.433025303644424,4.756204499979504,7503,expanding,original,PatchTST-HF-supervised-v1,5.15.0,cpu,"{""batch_size"":64,""context_length"":252,""d_model"":32,""dropout"":0.1,""ffn_dim"":64,""learning_rate"":0.001,""max_epochs"":30,""min_delta"":0.0001,""num_attention_heads"":4,""num_hidden_layers"":2,""patch_length"":21,""patch_stride"":7,""patience"":5,""prediction_length"":20,""seed"":2026,""validation_points"":252,""weight_decay"":0.0001,""window_stride"":5}",252,21,7,20,5,1396,47,2021-11-11,2021-11-12,2022-11-11,2022-11-11,2021-11-11,118.44476318359376,84.98040008544922,8,3,True,0.1779141724109649,4.740021999925375,0.0012484999606385,19540,True,True,,,10.5062255859375,110.38077606260777,3.1553378891024515
SPY,PatchTST,2022-11-11,379.30706787109375,2022-11-18,5,376.9466247558594,395.6756286621094,-2.360443115234375,16.368560791015625,-1.0,1.0,False,1.007016208641563,18.598512859604224,4.756204499979504,7503,expanding,original,PatchTST-HF-supervised-v1,5.15.0,cpu,"{""batch_size"":64,""context_length"":252,""d_model"":32,""dropout"":0.1,""ffn_dim"":64,""learning_rate"":0.001,""max_epochs"":30,""min_delta"":0.0001,""num_attention_heads"":4,""num_hidden_layers"":2,""patch_length"":21,""patch_stride"":7,""patience"":5,""prediction_length"":20,""seed"":2026,""validation_points"":252,""weight_decay"":0.0001,""window_stride"":5}",252,21,7,20,5,1396,47,2021-11-11,2021-11-12,2022-11-11,2022-11-11,2021-11-11,118.44476318359376,84.98040008544922,8,3,True,0.1779141724109649,4.740021999925375,0.0012484999606385,19540,True,True,,,18.72900390625,350.77558732032776,3.2622918367029965
SPY,PatchTST,2022-11-11,379.30706787109375,2022-12-12,20,379.7257995605469,400.47796630859375,0.418731689453125,21.1708984375,1.0,1.0,True,1.007016208641563,20.607579669488118,4.756204499979504,7503,expanding,original,PatchTST-HF-supervised-v1,5.15.0,cpu,"{""batch_size"":64,""context_length"":252,""d_model"":32,""dropout"":0.1,""ffn_dim"":64,""learning_rate"":0.001,""max_epochs"":30,""min_delta"":0.0001,""num_attention_heads"":4,""num_hidden_layers"":2,""patch_length"":21,""patch_stride"":7,""patience"":5,""prediction_length"":20,""seed"":2026,""validation_points"":252,""weight_decay"":0.0001,""window_stride"":5}",252,21,7,20,5,1396,47,2021-11-11,2021-11-12,2022-11-11,2022-11-11,2021-11-11,118.44476318359376,84.98040008544922,8,3,True,0.1779141724109649,4.740021999925375,0.0012484999606385,19540,True,True,,,20.752166748046875,430.6524247387424,3.3188029574044235
SPY,PatchTST,2022-11-18,376.9466247558594,2022-11-21,1,375.575927734375,392.17578125,-1.370697021484375,15.229156494140623,-1.0,1.0,False,1.0079684183190092,16.468624625470515,4.728422499960288,7508,expanding,original,PatchTST-HF-supervised-v1,5.15.0,cpu,"{""batch_size"":64,""context_length"":252,""d_model"":32,""dropout"":0.1,""ffn_dim"":64,""learning_rate"":0.001,""max_epochs"":30,""min_delta"":0.0001,""num_attention_heads"":4,""num_hidden_layers"":2,""patch_length"":21,""patch_stride"":7,""patience"":5,""prediction_length"":20,""seed"":2026,""validation_points"":252,""weight_decay"":0.0001,""window_stride"":5}",252,21,7,20,5,1397,47,2021-11-18,2021-11-19,2022-11-18,2022-11-18,2021-11-18,118.66575622558594,85.36697387695312,8,3,True,0.1831328719854354,4.714470600010827,0.0011785000097006,19540,True,True,,,16.599853515625,275.5551367402077,3.203932535065
SPY,PatchTST,2022-11-18,376.9466247558594,2022-11-28,5,376.8323364257813,384.1541137695313,-0.1142883300780681,7.207489013671875,-1.0,1.0,False,1.0079684183190092,7.263895585102245,4.728422499960288,7508,expanding,original,PatchTST-HF-supervised-v1,5.15.0,cpu,"{""batch_size"":64,""context_length"":252,""d_model"":32,""dropout"":0.1,""ffn_dim"":64,""learning_rate"":0.001,""max_epochs"":30,""min_delta"":0.0001,""num_attention_heads"":4,""num_hidden_layers"":2,""patch_length"":21,""patch_stride"":7,""patience"":5,""prediction_length"":20,""seed"":2026,""validation_points"":252,""weight_decay"":0.0001,""window_stride"":5}",252,21,7,20,5,1397,47,2021-11-18,2021-11-19,2022-11-18,2022-11-18,2021-11-18,118.66575622558594,85.36697387695312,8,3,True,0.1831328719854354,4.714470600010827,0.0011785000097006,19540,True,True,,,7.321777343749943,53.60842347144997,3.109965663379575
SPY,PatchTST,2022-11-18,376.9466247558594,2022-12-19,20,363.3689880371094,398.7527465820313,-13.57763671875,21.806121826171875,-1.0,1.0,False,1.0079684183190092,35.10403491007331,4.728422499960288,7508,expanding,original,PatchTST-HF-supervised-v1,5.15.0,cpu,"{""batch_size"":64,""context_length"":252,""d_model"":32,""dropout"":0.1,""ffn_dim"":64,""learning_rate"":0.001,""max_epochs"":30,""min_delta"":0.0001,""num_attention_heads"":4,""num_hidden_layers"":2,""patch_length"":21,""patch_stride"":7,""patience"":5,""prediction_length"":20,""seed"":2026,""validation_points"":252,""weight_decay"":0.0001,""window_stride"":5}",252,21,7,20,5,1397,47,2021-11-18,2021-11-19,2022-11-18,2022-11-18,2021-11-18,118.66575622558594,85.36697387695312,8,3,True,0.1831328719854354,4.714470600010827,0.0011785000097006,19540,True,True,,,35.383758544921875,1252.0103687653318,3.280975975090311
SPY,PatchTST,2022-11-28,376.8323364257813,2022-11-29,1,376.1851501464844,386.4754028320313,-0.6471862792969318,9.643066406249943,-1.0,1.0,False,1.0092969382532873,10.195466067057952,4.853984400047921,7513,expanding,original,PatchTST-HF-supervised-v1,5.15.0,cpu,"{""batch_size"":64,""context_length"":252,""d_model"":32,""dropout"":0.1,""ffn_dim"":64,""learning_rate"":0.001,""max_epochs"":30,""min_delta"":0.0001,""num_attention_heads"":4,""num_hidden_layers"":2,""patch_length"":21,""patch_stride"":7,""patience"":5,""prediction_length"":20,""seed"":2026,""validation_points"":252,""weight_decay"":0.0001,""window_stride"":5}",252,21,7,20,5,1398,47,2021-11-26,2021-11-29,2022-11-28,2022-11-28,2021-11-26,118.88532257080078,85.74652862548828,8,3,True,0.1771236956119537,4.837288000038825,0.0013883999781683,19540,True,True,,,10.290252685546877,105.88930033240467,3.1207103605321813
SPY,PatchTST,2022-11-28,376.8323364257813,2022-12-05,5,380.33502197265625,393.1324157714844,3.502685546874943,16.300079345703068,1.0,1.0,True,1.0092969382532873,12.679513148009338,4.853984400047921,7513,expanding,original,PatchTST-HF-supervised-v1,5.15.0,cpu,"{""batch_size"":64,""context_length"":252,""d_model"":32,""dropout"":0.1,""ffn_dim"":64,""learning_rate"":0.001,""max_epochs"":30,""min_delta"":0.0001,""num_attention_heads"":4,""num_hidden_layers"":2,""patch_length"":21,""patch_stride"":7,""patience"":5,""prediction_length"":20,""seed"":2026,""validation_points"":252,""weight_decay"":0.0001,""window_stride"":5}",252,21,7,20,5,1398,47,2021-11-26,2021-11-29,2022-11-28,2022-11-28,2021-11-26,118.88532257080078,85.74652862548828,8,3,True,0.1771236956119537,4.837288000038825,0.0013883999781683,19540,True,True,,,12.797393798828123,163.77328804228455,3.1983463073881597
SPY,PatchTST,2022-11-28,376.8323364257813,2022-12-27,20,364.6885681152344,394.2397155761719,-12.143768310546932,17.407379150390568,-1.0,1.0,False,1.0092969382532873,29.27894293633685,4.853984400047921,7513,expanding,original,PatchTST-HF-supervised-v1,5.15.0,cpu,"{""batch_size"":64,""context_length"":252,""d_model"":32,""dropout"":0.1,""ffn_dim"":64,""learning_rate"":0.001,""max_epochs"":30,""min_delta"":0.0001,""num_attention_heads"":4,""num_hidden_layers"":2,""patch_length"":21,""patch_stride"":7,""patience"":5,""prediction_length"":20,""seed"":2026,""validation_points"":252,""weight_decay"":0.0001,""window_stride"":5}",252,21,7,20,5,1398,47,2021-11-26,2021-11-29,2022-11-28,2022-11-28,2021-11-26,118.88532257080078,85.74652862548828,8,3,True,0.1771236956119537,4.837288000038825,0.0013883999781683,19540,True,True,,,29.5511474609375,873.2703162580729,3.211259947420444
SPY,PatchTST,2022-12-05,380.33502197265625,2022-12-06,1,374.8525390625,399.2915954589844,-5.48248291015625,18.956573486328125,-1.0,1.0,False,1.0113124900697097,24.165682354817747,4.747891100007109,7518,expanding,original,PatchTST-HF-supervised-v1,5.15.0,cpu,"{""batch_size"":64,""context_length"":252,""d_model"":32,""dropout"":0.1,""ffn_dim"":64,""learning_rate"":0.001,""max_epochs"":30,""min_delta"":0.0001,""num_attention_heads"":4,""num_hidden_layers"":2,""patch_length"":21,""patch_stride"":7,""patience"":5,""prediction_length"":20,""seed"":2026,""validation_points"":252,""weight_decay"":0.0001,""window_stride"":5}",252,21,7,20,5,1399,47,2021-12-03,2021-12-06,2022-12-05,2022-12-05,2021-12-03,119.09793090820312,86.09912109375,8,3,True,0.1993367671966552,4.731266699964181,0.0014411000302061,19540,True,True,,,24.43905639648437,597.2674775505438,3.2543150381952124
SPY,PatchTST,2022-12-05,380.33502197265625,2022-12-12,5,379.7257995605469,399.751220703125,-0.609222412109375,19.41619873046875,-1.0,1.0,False,1.0113124900697097,19.801417800345547,4.747891100007109,7518,expanding,original,PatchTST-HF-supervised-v1,5.15.0,cpu,"{""batch_size"":64,""context_length"":252,""d_model"":32,""dropout"":0.1,""ffn_dim"":64,""learning_rate"":0.001,""max_epochs"":30,""min_delta"":0.0001,""num_attention_heads"":4,""num_hidden_layers"":2,""patch_length"":21,""patch_stride"":7,""patience"":5,""prediction_length"":20,""seed"":2026,""validation_points"":252,""weight_decay"":0.0001,""window_stride"":5}",252,21,7,20,5,1399,47,2021-12-03,2021-12-06,2022-12-05,2022-12-05,2021-12-03,119.09793090820312,86.09912109375,8,3,True,0.1993367671966552,4.731266699964181,0.0014411000302061,19540,True,True,,,20.025421142578125,401.017491937615,3.2596533649783646
SPY,PatchTST,2022-12-05,380.33502197265625,2023-01-04,20,366.9450988769531,398.74462890625,-13.389923095703123,18.40960693359375,-1.0,1.0,False,1.0113124900697097,31.44382210399176,4.747891100007109,7518,expanding,original,PatchTST-HF-supervised-v1,5.15.0,cpu,"{""batch_size"":64,""context_length"":252,""d_model"":32,""dropout"":0.1,""ffn_dim"":64,""learning_rate"":0.001,""max_epochs"":30,""min_delta"":0.0001,""num_attention_heads"":4,""num_hidden_layers"":2,""patch_length"":21,""patch_stride"":7,""patience"":5,""prediction_length"":20,""seed"":2026,""validation_points"":252,""weight_decay"":0.0001,""window_stride"":5}",252,21,7,20,5,1399,47,2021-12-03,2021-12-06,2022-12-05,2022-12-05,2021-12-03,119.09793090820312,86.09912109375,8,3,True,0.1993367671966552,4.731266699964181,0.0014411000302061,19540,True,True,,,31.799530029296875,1011.2101100841536,3.247962283999977
SPY,PatchTST,2022-12-12,379.7257995605469,2022-12-13,1,382.6003723144531,384.04693603515625,2.87457275390625,4.321136474609375,1.0,1.0,True,1.0129356404562897,1.428090456024928,4.736713199992664,7523,expanding,original,PatchTST-HF-supervised-v1,5.15.0,cpu,"{""batch_size"":64,""context_length"":252,""d_model"":32,""dropout"":0.1,""ffn_dim"":64,""learning_rate"":0.001,""max_epochs"":30,""min_delta"":0.0001,""num_attention_heads"":4,""num_hidden_layers"":2,""patch_length"":21,""patch_stride"":7,""patience"":5,""prediction_length"":20,""seed"":2026,""validation_points"":252,""weight_decay"":0.0001,""window_stride"":5}",252,21,7,20,5,1400,47,2021-12-10,2021-12-13,2022-12-12,2022-12-12,2021-12-10,119.31697082519533,86.47364807128906,8,3,True,0.1472122073173523,4.721518000005744,0.0014508001040667,19540,True,True,,,1.446563720703125,2.0925465980544686,3.0613946689483598
SPY,PatchTST,2022-12-12,379.7257995605469,2022-12-19,5,363.3689880371094,386.85540771484375,-16.3568115234375,7.129608154296875,-1.0,1.0,False,1.0129356404562897,23.18648761055996,4.736713199992664,7523,expanding,original,PatchTST-HF-supervised-v1,5.15.0,cpu,"{""batch_size"":64,""context_length"":252,""d_model"":32,""dropout"":0.1,""ffn_dim"":64,""learning_rate"":0.001,""max_epochs"":30,""min_delta"":0.0001,""num_attention_heads"":4,""num_hidden_layers"":2,""patch_length"":21,""patch_stride"":7,""patience"":5,""prediction_length"":20,""seed"":2026,""validation_points"":252,""weight_decay"":0.0001,""window_stride"":5}",252,21,7,20,5,1400,47,2021-12-10,2021-12-13,2022-12-12,2022-12-12,2021-12-10,119.31697082519533,86.47364807128906,8,3,True,0.1472122073173523,4.721518000005744,0.0014508001040667,19540,True,True,,,23.48641967773437,551.6119092786685,3.0938724438812755
SPY,PatchTST,2022-12-12,379.7257995605469,2023-01-11,20,378.1898193359375,387.54248046875,-1.535980224609375,7.816680908203125,-1.0,1.0,False,1.0129356404562897,9.233223473704092,4.736713199992664,7523,expanding,original,PatchTST-HF-supervised-v1,5.15.0,cpu,"{""batch_size"":64,""context_length"":252,""d_model"":32,""dropout"":0.1,""ffn_dim"":64,""learning_rate"":0.001,""max_epochs"":30,""min_delta"":0.0001,""num_attention_heads"":4,""num_hidden_layers"":2,""patch_length"":21,""patch_stride"":7,""patience"":5,""prediction_length"":20,""seed"":2026,""validation_points"":252,""weight_decay"":0.0001,""window_stride"":5}",252,21,7,20,5,1400,47,2021-12-10,2021-12-13,2022-12-12,2022-12-12,2021-12-10,119.31697082519533,86.47364807128906,8,3,True,0.1472122073173523,4.721518000005744,0.0014508001040667,19540,True,True,,,9.3526611328125,87.4722702652216,3.101817902055306
SPY,PatchTST,2022-12-19,363.3689880371094,2022-12-20,1,363.8662109375,392.1429443359375,0.497222900390625,28.773956298828125,1.0,1.0,True,1.0151996604946802,27.853371606388237,5.211375500075519,7528,expanding,original,PatchTST-HF-supervised-v1,5.15.0,cpu,"{""batch_size"":64,""context_length"":252,""d_model"":32,""dropout"":0.1,""ffn_dim"":64,""learning_rate"":0.001,""max_epochs"":30,""min_delta"":0.0001,""num_attention_heads"":4,""num_hidden_layers"":2,""patch_length"":21,""patch_stride"":7,""patience"":5,""prediction_length"":20,""seed"":2026,""validation_points"":252,""weight_decay"":0.0001,""window_stride"":5}",252,21,7,20,5,1401,47,2021-12-17,2021-12-20,2022-12-19,2022-12-19,2021-12-17,119.53501892089844,86.84302520751953,8,3,True,0.1819002628326416,5.1944832999724895,0.001730499905534,19540,True,True,,,28.2767333984375,799.5736516863108,3.139088312085132
SPY,PatchTST,2022-12-19,363.3689880371094,2022-12-27,5,364.6885681152344,387.87701416015625,1.319580078125,24.508026123046875,1.0,1.0,True,1.0151996604946802,22.84126654812193,5.211375500075519,7528,expanding,original,PatchTST-HF-supervised-v1,5.15.0,cpu,"{""batch_size"":64,""context_length"":252,""d_model"":32,""dropout"":0.1,""ffn_dim"":64,""learning_rate"":0.001,""max_epochs"":30,""min_delta"":0.0001,""num_attention_heads"":4,""num_hidden_layers"":2,""patch_length"":21,""patch_stride"":7,""patience"":5,""prediction_length"":20,""seed"":2026,""validation_points"":252,""weight_decay"":0.0001,""window_stride"":5}",252,21,7,20,5,1401,47,2021-12-17,2021-12-20,2022-12-19,2022-12-19,2021-12-17,119.53501892089844,86.84302520751953,8,3,True,0.1819002628326416,5.1944832999724895,0.001730499905534,19540,True,True,,,23.188446044921875,537.704029978253,3.089966000125278
SPY,PatchTST,2022-12-19,363.3689880371094,2023-01-19,20,371.611328125,397.7069091796875,8.242340087890625,34.337921142578125,1.0,1.0,True,1.0151996604946802,25.70487567142389,5.211375500075519,7528,expanding,original,PatchTST-HF-supervised-v1,5.15.0,cpu,"{""batch_size"":64,""context_length"":252,""d_model"":32,""dropout"":0.1,""ffn_dim"":64,""learning_rate"":0.001,""max_epochs"":30,""min_delta"":0.0001,""num_attention_heads"":4,""num_hidden_layers"":2,""patch_length"":21,""patch_stride"":7,""patience"":5,""prediction_length"":20,""seed"":2026,""validation_points"":252,""weight_decay"":0.0001,""window_stride"":5}",252,21,7,20,5,1401,47,2021-12-17,2021-12-20,2022-12-19,2022-12-19,2021-12-17,119.53501892089844,86.84302520751953,8,3,True,0.1819002628326416,5.1944832999724895,0.001730499905534,19540,True,True,,,26.0955810546875,680.9793505817652,3.2031575315815095
SPY,PatchTST,2022-12-27,364.6885681152344,2022-12-28,1,360.15625,391.733154296875,-4.532318115234375,27.044586181640625,-1.0,1.0,False,1.0164833099235582,31.064852702057305,5.133157299947925,7533,expanding,original,PatchTST-HF-supervised-v1,5.15.0,cpu,"{""batch_size"":64,""context_length"":252,""d_model"":32,""dropout"":0.1,""ffn_dim"":64,""learning_rate"":0.001,""max_epochs"":30,""min_delta"":0.0001,""num_attention_heads"":4,""num_hidden_layers"":2,""patch_length"":21,""patch_stride"":7,""patience"":5,""prediction_length"":20,""seed"":2026,""validation_points"":252,""weight_decay"":0.0001,""window_stride"":5}",252,21,7,20,5,1402,47,2021-12-27,2021-12-28,2022-12-27,2022-12-27,2021-12-27,119.75450134277344,87.21619415283203,8,3,True,0.1590543389320373,5.118390799965709,0.0012226999970152,19540,True,True,,,31.576904296875,997.1008849740028,3.1184421149758466
SPY,PatchTST,2022-12-27,364.6885681152344,2023-01-04,5,366.9450988769531,397.14495849609375,2.25653076171875,32.456390380859375,1.0,1.0,True,1.0164833099235582,29.71013820326447,5.133157299947925,7533,expanding,original,PatchTST-HF-supervised-v1,5.15.0,cpu,"{""batch_size"":64,""context_length"":252,""d_model"":32,""dropout"":0.1,""ffn_dim"":64,""learning_rate"":0.001,""max_epochs"":30,""min_delta"":0.0001,""num_attention_heads"":4,""num_hidden_layers"":2,""patch_length"":21,""patch_stride"":7,""patience"":5,""prediction_length"":20,""seed"":2026,""validation_points"":252,""weight_decay"":0.0001,""window_stride"":5}",252,21,7,20,5,1402,47,2021-12-27,2021-12-28,2022-12-27,2022-12-27,2021-12-27,119.75450134277344,87.21619415283203,8,3,True,0.1590543389320373,5.118390799965709,0.0012226999970152,19540,True,True,,,30.199859619140625,912.0315210158004,3.1804925661768637
SPY,PatchTST,2022-12-27,364.6885681152344,2023-01-26,20,387.0154418945313,389.2271728515625,22.32687377929693,24.538604736328125,1.0,1.0,True,1.0164833099235582,2.175865491778237,5.133157299947925,7533,expanding,original,PatchTST-HF-supervised-v1,5.15.0,cpu,"{""batch_size"":64,""context_length"":252,""d_model"":32,""dropout"":0.1,""ffn_dim"":64,""learning_rate"":0.001,""max_epochs"":30,""min_delta"":0.0001,""num_attention_heads"":4,""num_hidden_layers"":2,""patch_length"":21,""patch_stride"":7,""patience"":5,""prediction_length"":20,""seed"":2026,""validation_points"":252,""weight_decay"":0.0001,""window_stride"":5}",252,21,7,20,5,1402,47,2021-12-27,2021-12-28,2022-12-27,2022-12-27,2021-12-27,119.75450134277344,87.21619415283203,8,3,True,0.1590543389320373,5.118390799965709,0.0012226999970152,19540,True,True,,,2.211730957031193,4.891753826290118,3.0897091317305425
SPY,PatchTST,2023-01-04,366.9450988769531,2023-01-05,1,362.757080078125,363.7701110839844,-4.188018798828125,-3.17498779296875,-1.0,-1.0,True,1.017975838443432,0.9951424853151544,4.2937959000701085,7538,expanding,original,PatchTST-HF-supervised-v1,5.15.0,cpu,"{""batch_size"":64,""context_length"":252,""d_model"":32,""dropout"":0.1,""ffn_dim"":64,""learning_rate"":0.001,""max_epochs"":30,""min_delta"":0.0001,""num_attention_heads"":4,""num_hidden_layers"":2,""patch_length"":21,""patch_stride"":7,""patience"":5,""prediction_length"":20,""seed"":2026,""validation_points"":252,""weight_decay"":0.0001,""window_stride"":5}",252,21,7,20,5,1403,47,2022-01-03,2022-01-04,2023-01-04,2023-01-04,2022-01-03,119.9800796508789,87.61021423339844,7,2,True,0.1483998894691467,4.278633099980652,0.0015433999942615,19540,True,True,,,1.013031005859375,1.026231818832457,2.782666765128954
SPY,PatchTST,2023-01-04,366.9450988769531,2023-01-11,5,378.1898193359375,338.048583984375,11.244720458984377,-28.896514892578125,1.0,-1.0,False,1.017975838443432,39.432404813204336,4.2937959000701085,7538,expanding,original,PatchTST-HF-supervised-v1,5.15.0,cpu,"{""batch_size"":64,""context_length"":252,""d_model"":32,""dropout"":0.1,""ffn_dim"":64,""learning_rate"":0.001,""max_epochs"":30,""min_delta"":0.0001,""num_attention_heads"":4,""num_hidden_layers"":2,""patch_length"":21,""patch_stride"":7,""patience"":5,""prediction_length"":20,""seed"":2026,""validation_points"":252,""weight_decay"":0.0001,""window_stride"":5}",252,21,7,20,5,1403,47,2022-01-03,2022-01-04,2023-01-04,2023-01-04,2022-01-03,119.9800796508789,87.61021423339844,7,2,True,0.1483998894691467,4.278633099980652,0.0015433999942615,19540,True,True,,,40.1412353515625,1611.318775549531,2.4890762594478946
SPY,PatchTST,2023-01-04,366.9450988769531,2023-02-02,20,398.5183715820313,352.3292541503906,31.573272705078185,-14.6158447265625,1.0,-1.0,False,1.017975838443432,45.37349088979126,4.2937959000701085,7538,expanding,original,PatchTST-HF-supervised-v1,5.15.0,cpu,"{""batch_size"":64,""context_length"":252,""d_model"":32,""dropout"":0.1,""ffn_dim"":64,""learning_rate"":0.001,""max_epochs"":30,""min_delta"":0.0001,""num_attention_heads"":4,""num_hidden_layers"":2,""patch_length"":21,""patch_stride"":7,""patience"":5,""prediction_length"":20,""seed"":2026,""validation_points"":252,""weight_decay"":0.0001,""window_stride"":5}",252,21,7,20,5,1403,47,2022-01-03,2022-01-04,2023-01-04,2023-01-04,2022-01-03,119.9800796508789,87.61021423339844,7,2,True,0.1483998894691467,4.278633099980652,0.0015433999942615,19540,True,True,,,46.18911743164068,2133.4345691138933,2.6520786021652762
SPY,PatchTST,2023-01-11,378.1898193359375,2023-01-12,1,379.5667419433594,376.4537963867188,1.376922607421875,-1.73602294921875,1.0,-1.0,False,1.0199582907414446,3.052032210432558,4.905927399988286,7543,expanding,original,PatchTST-HF-supervised-v1,5.15.0,cpu,"{""batch_size"":64,""context_length"":252,""d_model"":32,""dropout"":0.1,""ffn_dim"":64,""learning_rate"":0.001,""max_epochs"":30,""min_delta"":0.0001,""num_attention_heads"":4,""num_hidden_layers"":2,""patch_length"":21,""patch_stride"":7,""patience"":5,""prediction_length"":20,""seed"":2026,""validation_points"":252,""weight_decay"":0.0001,""window_stride"":5}",252,21,7,20,5,1404,47,2022-01-10,2022-01-11,2023-01-11,2023-01-11,2022-01-10,120.20050048828124,87.98344421386719,8,3,True,0.1091893762350082,4.8923998000100255,0.0012256000190973,19540,True,True,,,3.112945556640625,9.69043003860861,2.9125172148926755
SPY,PatchTST,2023-01-11,378.1898193359375,2023-01-19,5,371.611328125,376.882080078125,-6.5784912109375,-1.3077392578125,-1.0,-1.0,True,1.0199582907414446,5.167615186787197,4.905927399988286,7543,expanding,original,PatchTST-HF-supervised-v1,5.15.0,cpu,"{""batch_size"":64,""context_length"":252,""d_model"":32,""dropout"":0.1,""ffn_dim"":64,""learning_rate"":0.001,""max_epochs"":30,""min_delta"":0.0001,""num_attention_heads"":4,""num_hidden_layers"":2,""patch_length"":21,""patch_stride"":7,""patience"":5,""prediction_length"":20,""seed"":2026,""validation_points"":252,""weight_decay"":0.0001,""window_stride"":5}",252,21,7,20,5,1404,47,2022-01-10,2022-01-11,2023-01-11,2023-01-11,2022-01-10,120.20050048828124,87.98344421386719,8,3,True,0.1091893762350082,4.8923998000100255,0.0012256000190973,19540,True,True,,,5.270751953125,27.780826151371,2.9173849908161227
SPY,PatchTST,2023-01-11,378.1898193359375,2023-02-09,20,389.2528991699219,378.7579345703125,11.063079833984377,0.568115234375,1.0,1.0,True,1.0199582907414446,10.28960173653788,4.905927399988286,7543,expanding,original,PatchTST-HF-supervised-v1,5.15.0,cpu,"{""batch_size"":64,""context_length"":252,""d_model"":32,""dropout"":0.1,""ffn_dim"":64,""learning_rate"":0.001,""max_epochs"":30,""min_delta"":0.0001,""num_attention_heads"":4,""num_hidden_layers"":2,""patch_length"":21,""patch_stride"":7,""patience"":5,""prediction_length"":20,""seed"":2026,""validation_points"":252,""weight_decay"":0.0001,""window_stride"":5}",252,21,7,20,5,1404,47,2022-01-10,2022-01-11,2023-01-11,2023-01-11,2022-01-10,120.20050048828124,87.98344421386719,8,3,True,0.1091893762350082,4.8923998000100255,0.0012256000190973,19540,True,True,,,10.494964599609377,110.14428194705395,2.93870553025338
SPY,PatchTST,2023-01-19,371.611328125,2023-01-20,1,378.5340881347656,356.5621337890625,6.922760009765625,-15.0491943359375,1.0,-1.0,False,1.020909353993943,21.52194439177749,4.273895899998024,7548,expanding,original,PatchTST-HF-supervised-v1,5.15.0,cpu,"{""batch_size"":64,""context_length"":252,""d_model"":32,""dropout"":0.1,""ffn_dim"":64,""learning_rate"":0.001,""max_epochs"":30,""min_delta"":0.0001,""num_attention_heads"":4,""num_hidden_layers"":2,""patch_length"":21,""patch_stride"":7,""patience"":5,""prediction_length"":20,""seed"":2026,""validation_points"":252,""weight_decay"":0.0001,""window_stride"":5}",252,21,7,20,5,1405,47,2022-01-18,2022-01-19,2023-01-19,2023-01-19,2022-01-18,120.41815948486328,88.34524536132812,7,2,True,0.1201072111725807,4.258502800017595,0.0017784999217838,19540,True,True,,,21.971954345703125,482.7667777696624,2.6729675529043004
SPY,PatchTST,2023-01-19,371.611328125,2023-01-26,5,387.0154418945313,336.5230712890625,15.404113769531309,-35.0882568359375,1.0,-1.0,False,1.020909353993943,49.45823094669028,4.273895899998024,7548,expanding,original,PatchTST-HF-supervised-v1,5.15.0,cpu,"{""batch_size"":64,""context_length"":252,""d_model"":32,""dropout"":0.1,""ffn_dim"":64,""learning_rate"":0.001,""max_epochs"":30,""min_delta"":0.0001,""num_attention_heads"":4,""num_hidden_layers"":2,""patch_length"":21,""patch_stride"":7,""patience"":5,""prediction_length"":20,""seed"":2026,""validation_points"":252,""weight_decay"":0.0001,""window_stride"":5}",252,21,7,20,5,1405,47,2022-01-18,2022-01-19,2023-01-19,2023-01-19,2022-01-18,120.41815948486328,88.34524536132812,7,2,True,0.1201072111725807,4.258502800017595,0.0017784999217838,19540,True,True,,,50.49237060546881,2549.4794893600106,2.446140829880994
SPY,PatchTST,2023-01-19,371.611328125,2023-02-16,20,390.3907470703125,353.3426818847656,18.7794189453125,-18.26864624023437,1.0,-1.0,False,1.020909353993943,36.28927978826873,4.273895899998024,7548,expanding,original,PatchTST-HF-supervised-v1,5.15.0,cpu,"{""batch_size"":64,""context_length"":252,""d_model"":32,""dropout"":0.1,""ffn_dim"":64,""learning_rate"":0.001,""max_epochs"":30,""min_delta"":0.0001,""num_attention_heads"":4,""num_hidden_layers"":2,""patch_length"":21,""patch_stride"":7,""patience"":5,""prediction_length"":20,""seed"":2026,""validation_points"":252,""weight_decay"":0.0001,""window_stride"":5}",252,21,7,20,5,1405,47,2022-01-18,2022-01-19,2023-01-19,2023-01-19,2022-01-18,120.41815948486328,88.34524536132812,7,2,True,0.1201072111725807,4.258502800017595,0.0017784999217838,19540,True,True,,,37.04806518554688,1372.5591339925304,2.636525841852059
SPY,PatchTST,2023-01-26,387.0154418945313,2023-01-27,1,387.9046325683594,357.3232421875,0.8891906738280682,-29.692199707031307,1.0,-1.0,False,1.0223820623704944,29.911900361351588,4.176492500002496,7553,expanding,original,PatchTST-HF-supervised-v1,5.15.0,cpu,"{""batch_size"":64,""context_length"":252,""d_model"":32,""dropout"":0.1,""ffn_dim"":64,""learning_rate"":0.001,""max_epochs"":30,""min_delta"":0.0001,""num_attention_heads"":4,""num_hidden_layers"":2,""patch_length"":21,""patch_stride"":7,""patience"":5,""prediction_length"":20,""seed"":2026,""validation_points"":252,""weight_decay"":0.0001,""window_stride"":5}",252,21,7,20,5,1406,47,2022-01-25,2022-01-26,2023-01-26,2023-01-26,2022-01-25,120.62060546875,88.653076171875,7,2,True,0.1038589254021644,4.160624600015581,0.0015874999808147,19540,True,True,,,30.58139038085937,935.2214376265184,2.669987855354797
SPY,PatchTST,2023-01-26,387.0154418945313,2023-02-02,5,398.5183715820313,365.1648559570313,11.5029296875,-21.850585937500057,1.0,-1.0,False,1.0223820623704944,32.623338038293255,4.176492500002496,7553,expanding,original,PatchTST-HF-supervised-v1,5.15.0,cpu,"{""batch_size"":64,""context_length"":252,""d_model"":32,""dropout"":0.1,""ffn_dim"":64,""learning_rate"":0.001,""max_epochs"":30,""min_delta"":0.0001,""num_attention_heads"":4,""num_hidden_layers"":2,""patch_length"":21,""patch_stride"":7,""patience"":5,""prediction_length"":20,""seed"":2026,""validation_points"":252,""weight_decay"":0.0001,""window_stride"":5}",252,21,7,20,5,1406,47,2022-01-25,2022-01-26,2023-01-26,2023-01-26,2022-01-25,120.62060546875,88.653076171875,7,2,True,0.1038589254021644,4.160624600015581,0.0015874999808147,19540,True,True,,,33.35351562500006,1112.457004547123,2.758440666110382
SPY,PatchTST,2023-01-26,387.0154418945313,2023-02-24,20,379.01220703125,333.50994873046875,-8.003234863281307,-53.50549316406256,-1.0,-1.0,True,1.0223820623704944,44.50611955698806,4.176492500002496,7553,expanding,original,PatchTST-HF-supervised-v1,5.15.0,cpu,"{""batch_size"":64,""context_length"":252,""d_model"":32,""dropout"":0.1,""ffn_dim"":64,""learning_rate"":0.001,""max_epochs"":30,""min_delta"":0.0001,""num_attention_heads"":4,""num_hidden_layers"":2,""patch_length"":21,""patch_stride"":7,""patience"":5,""prediction_length"":20,""seed"":2026,""validation_points"":252,""weight_decay"":0.0001,""window_stride"":5}",252,21,7,20,5,1406,47,2022-01-25,2022-01-26,2023-01-26,2023-01-26,2022-01-25,120.62060546875,88.653076171875,7,2,True,0.1038589254021644,4.160624600015581,0.0015874999808147,19540,True,True,,,45.50225830078125,2070.455510471016,2.401375704651041
SPY,PatchTST,2023-02-02,398.5183715820313,2023-02-03,1,394.282470703125,350.3321533203125,-4.235900878906307,-48.18621826171881,-1.0,-1.0,True,1.024515841268146,42.89862158540251,4.26957460003905,7558,expanding,original,PatchTST-HF-supervised-v1,5.15.0,cpu,"{""batch_size"":64,""context_length"":252,""d_model"":32,""dropout"":0.1,""ffn_dim"":64,""learning_rate"":0.001,""max_epochs"":30,""min_delta"":0.0001,""num_attention_heads"":4,""num_hidden_layers"":2,""patch_length"":21,""patch_stride"":7,""patience"":5,""prediction_length"":20,""seed"":2026,""validation_points"":252,""weight_decay"":0.0001,""window_stride"":5}",252,21,7,20,5,1407,47,2022-02-01,2022-02-02,2023-02-02,2023-02-02,2022-02-01,120.82260131835938,88.95850372314453,7,2,True,0.0957249850034713,4.253798400051892,0.0013154000043869,19540,True,True,,,43.9503173828125,1931.6303980499504,2.5799619192812604
SPY,PatchTST,2023-02-02,398.5183715820313,2023-02-09,5,389.2528991699219,362.89105224609375,-9.265472412109432,-35.62731933593756,-1.0,-1.0,True,1.024515841268146,25.73102909877647,4.26957460003905,7558,expanding,original,PatchTST-HF-supervised-v1,5.15.0,cpu,"{""batch_size"":64,""context_length"":252,""d_model"":32,""dropout"":0.1,""ffn_dim"":64,""learning_rate"":0.001,""max_epochs"":30,""min_delta"":0.0001,""num_attention_heads"":4,""num_hidden_layers"":2,""patch_length"":21,""patch_stride"":7,""patience"":5,""prediction_length"":20,""seed"":2026,""validation_points"":252,""weight_decay"":0.0001,""window_stride"":5}",252,21,7,20,5,1407,47,2022-02-01,2022-02-02,2023-02-02,2023-02-02,2022-02-01,120.82260131835938,88.95850372314453,7,2,True,0.0957249850034713,4.253798400051892,0.0013154000043869,19540,True,True,,,26.361846923828125,694.9469732353464,2.7211389670075454
SPY,PatchTST,2023-02-02,398.5183715820313,2023-03-03,20,386.4799499511719,344.8933410644531,-12.038421630859432,-53.62503051757818,-1.0,-1.0,True,1.024515841268146,40.59147473526893,4.26957460003905,7558,expanding,original,PatchTST-HF-supervised-v1,5.15.0,cpu,"{""batch_size"":64,""context_length"":252,""d_model"":32,""dropout"":0.1,""ffn_dim"":64,""learning_rate"":0.001,""max_epochs"":30,""min_delta"":0.0001,""num_attention_heads"":4,""num_hidden_layers"":2,""patch_length"":21,""patch_stride"":7,""patience"":5,""prediction_length"":20,""seed"":2026,""validation_points"":252,""weight_decay"":0.0001,""window_stride"":5}",252,21,7,20,5,1407,47,2022-02-01,2022-02-02,2023-02-02,2023-02-02,2022-02-01,120.82260131835938,88.95850372314453,7,2,True,0.0957249850034713,4.253798400051892,0.0013154000043869,19540,True,True,,,41.58660888671875,1729.446038696915,2.518823163251978
SPY,PatchTST,2023-02-09,389.2528991699219,2023-02-10,1,390.1613159179688,375.3913269042969,0.9084167480469318,-13.861572265625,1.0,-1.0,False,1.026419199953884,14.389821443651416,4.698793699964881,7563,expanding,original,PatchTST-HF-supervised-v1,5.15.0,cpu,"{""batch_size"":64,""context_length"":252,""d_model"":32,""dropout"":0.1,""ffn_dim"":64,""learning_rate"":0.001,""max_epochs"":30,""min_delta"":0.0001,""num_attention_heads"":4,""num_hidden_layers"":2,""patch_length"":21,""patch_stride"":7,""patience"":5,""prediction_length"":20,""seed"":2026,""validation_points"":252,""weight_decay"":0.0001,""window_stride"":5}",252,21,7,20,5,1408,47,2022-02-08,2022-02-09,2023-02-09,2023-02-09,2022-02-08,121.02965545654295,89.2796401977539,8,3,True,0.1044638082385063,4.682419199962169,0.0015054000541567,19540,True,True,,,14.769989013671932,218.1525754639896,2.8490445401028075
SPY,PatchTST,2023-02-09,389.2528991699219,2023-02-16,5,390.3907470703125,366.20111083984375,1.137847900390625,-23.051788330078125,1.0,-1.0,False,1.026419199953884,23.567014560479347,4.698793699964881,7563,expanding,original,PatchTST-HF-supervised-v1,5.15.0,cpu,"{""batch_size"":64,""context_length"":252,""d_model"":32,""dropout"":0.1,""ffn_dim"":64,""learning_rate"":0.001,""max_epochs"":30,""min_delta"":0.0001,""num_attention_heads"":4,""num_hidden_layers"":2,""patch_length"":21,""patch_stride"":7,""patience"":5,""prediction_length"":20,""seed"":2026,""validation_points"":252,""weight_decay"":0.0001,""window_stride"":5}",252,21,7,20,5,1408,47,2022-02-08,2022-02-09,2023-02-09,2023-02-09,2022-02-08,121.02965545654295,89.2796401977539,8,3,True,0.1044638082385063,4.682419199962169,0.0015054000541567,19540,True,True,,,24.18963623046875,585.1385009624064,2.7461071173701797
SPY,PatchTST,2023-02-09,389.2528991699219,2023-03-10,20,369.0008850097656,383.3786315917969,-20.25201416015625,-5.874267578125,-1.0,-1.0,True,1.026419199953884,14.007675014922974,4.698793699964881,7563,expanding,original,PatchTST-HF-supervised-v1,5.15.0,cpu,"{""batch_size"":64,""context_length"":252,""d_model"":32,""dropout"":0.1,""ffn_dim"":64,""learning_rate"":0.001,""max_epochs"":30,""min_delta"":0.0001,""num_attention_heads"":4,""num_hidden_layers"":2,""patch_length"":21,""patch_stride"":7,""patience"":5,""prediction_length"":20,""seed"":2026,""validation_points"":252,""weight_decay"":0.0001,""window_stride"":5}",252,21,7,20,5,1408,47,2022-02-08,2022-02-09,2023-02-09,2023-02-09,2022-02-08,121.02965545654295,89.2796401977539,8,3,True,0.1044638082385063,4.682419199962169,0.0015054000541567,19540,True,True,,,14.37774658203125,206.7195967771113,2.938508438812616
SPY,PatchTST,2023-02-16,390.3907470703125,2023-02-17,1,389.41546630859375,358.226318359375,-0.97528076171875,-32.1644287109375,-1.0,-1.0,True,1.027379914761787,30.35794986945059,4.150353399920277,7568,expanding,original,PatchTST-HF-supervised-v1,5.15.0,cpu,"{""batch_size"":64,""context_length"":252,""d_model"":32,""dropout"":0.1,""ffn_dim"":64,""learning_rate"":0.001,""max_epochs"":30,""min_delta"":0.0001,""num_attention_heads"":4,""num_hidden_layers"":2,""patch_length"":21,""patch_stride"":7,""patience"":5,""prediction_length"":20,""seed"":2026,""validation_points"":252,""weight_decay"":0.0001,""window_stride"":5}",252,21,7,20,5,1409,47,2022-02-15,2022-02-16,2023-02-16,2023-02-16,2022-02-15,121.23406219482422,89.59085845947266,7,2,True,0.0739217847585678,4.134588900022209,0.0013525000540539,19540,True,True,,,31.18914794921875,972.7629497982562,2.645272745899144
SPY,PatchTST,2023-02-16,390.3907470703125,2023-02-24,5,379.01220703125,358.9794616699219,-11.3785400390625,-31.411285400390625,-1.0,-1.0,True,1.027379914761787,19.49886801706943,4.150353399920277,7568,expanding,original,PatchTST-HF-supervised-v1,5.15.0,cpu,"{""batch_size"":64,""context_length"":252,""d_model"":32,""dropout"":0.1,""ffn_dim"":64,""learning_rate"":0.001,""max_epochs"":30,""min_delta"":0.0001,""num_attention_heads"":4,""num_hidden_layers"":2,""patch_length"":21,""patch_stride"":7,""patience"":5,""prediction_length"":20,""seed"":2026,""validation_points"":252,""weight_decay"":0.0001,""window_stride"":5}",252,21,7,20,5,1409,47,2022-02-15,2022-02-16,2023-02-16,2023-02-16,2022-02-15,121.23406219482422,89.59085845947266,7,2,True,0.0739217847585678,4.134588900022209,0.0013525000540539,19540,True,True,,,20.032745361328125,401.3108867118135,2.6536792208843965
SPY,PatchTST,2023-02-16,390.3907470703125,2023-03-17,20,374.3253173828125,366.4018249511719,-16.0654296875,-23.988922119140625,-1.0,-1.0,True,1.027379914761787,7.712329507120842,4.150353399920277,7568,expanding,original,PatchTST-HF-supervised-v1,5.15.0,cpu,"{""batch_size"":64,""context_length"":252,""d_model"":32,""dropout"":0.1,""ffn_dim"":64,""learning_rate"":0.001,""max_epochs"":30,""min_delta"":0.0001,""num_attention_heads"":4,""num_hidden_layers"":2,""patch_length"":21,""patch_stride"":7,""patience"":5,""prediction_length"":20,""seed"":2026,""validation_points"":252,""weight_decay"":0.0001,""window_stride"":5}",252,21,7,20,5,1409,47,2022-02-15,2022-02-16,2023-02-16,2023-02-16,2022-02-15,121.23406219482422,89.59085845947266,7,2,True,0.0739217847585678,4.134588900022209,0.0013525000540539,19540,True,True,,,7.923492431640625,62.78173231426626,2.736526549382846
SPY,PatchTST,2023-02-24,379.01220703125,2023-02-27,1,380.3030395507813,362.1788330078125,1.2908325195313068,-16.8333740234375,1.0,-1.0,False,1.028739656145083,17.617874876996822,4.197899400023744,7573,expanding,original,PatchTST-HF-supervised-v1,5.15.0,cpu,"{""batch_size"":64,""context_length"":252,""d_model"":32,""dropout"":0.1,""ffn_dim"":64,""learning_rate"":0.001,""max_epochs"":30,""min_delta"":0.0001,""num_attention_heads"":4,""num_hidden_layers"":2,""patch_length"":21,""patch_stride"":7,""patience"":5,""prediction_length"":20,""seed"":2026,""validation_points"":252,""weight_decay"":0.0001,""window_stride"":5}",252,21,7,20,5,1410,47,2022-02-23,2022-02-24,2023-02-24,2023-02-24,2022-02-23,121.43008422851562,89.87382507324219,7,2,True,0.0689355581998825,4.181525400024839,0.0019298000261187,19540,True,True,,,18.124206542968807,328.4868628121933,2.678741542190955
SPY,PatchTST,2023-02-24,379.01220703125,2023-03-03,5,386.4799499511719,349.83270263671875,7.467742919921875,-29.17950439453125,1.0,-1.0,False,1.028739656145083,35.62344184512001,4.197899400023744,7573,expanding,original,PatchTST-HF-supervised-v1,5.15.0,cpu,"{""batch_size"":64,""context_length"":252,""d_model"":32,""dropout"":0.1,""ffn_dim"":64,""learning_rate"":0.001,""max_epochs"":30,""min_delta"":0.0001,""num_attention_heads"":4,""num_hidden_layers"":2,""patch_length"":21,""patch_stride"":7,""patience"":5,""prediction_length"":20,""seed"":2026,""validation_points"":252,""weight_decay"":0.0001,""window_stride"":5}",252,21,7,20,5,1410,47,2022-02-23,2022-02-24,2023-02-24,2023-02-24,2022-02-23,121.43008422851562,89.87382507324219,7,2,True,0.0689355581998825,4.181525400024839,0.0019298000261187,19540,True,True,,,36.647247314453125,1343.0207357266918,2.5413697283059626
SPY,PatchTST,2023-02-24,379.01220703125,2023-03-24,20,379.85400390625,359.46453857421875,0.841796875,-19.54766845703125,1.0,-1.0,False,1.028739656145083,19.819849667733354,4.197899400023744,7573,expanding,original,PatchTST-HF-supervised-v1,5.15.0,cpu,"{""batch_size"":64,""context_length"":252,""d_model"":32,""dropout"":0.1,""ffn_dim"":64,""learning_rate"":0.001,""max_epochs"":30,""min_delta"":0.0001,""num_attention_heads"":4,""num_hidden_layers"":2,""patch_length"":21,""patch_stride"":7,""patience"":5,""prediction_length"":20,""seed"":2026,""validation_points"":252,""weight_decay"":0.0001,""window_stride"":5}",252,21,7,20,5,1410,47,2022-02-23,2022-02-24,2023-02-24,2023-02-24,2022-02-23,121.43008422851562,89.87382507324219,7,2,True,0.0689355581998825,4.181525400024839,0.0019298000261187,19540,True,True,,,20.38946533203125,415.7302965261042,2.648540374816786
SPY,PatchTST,2023-03-03,386.4799499511719,2023-03-06,1,386.7476501464844,348.5395812988281,0.2677001953125,-37.94036865234375,1.0,-1.0,False,1.0298010342917534,37.10237956202276,4.26375729998108,7578,expanding,original,PatchTST-HF-supervised-v1,5.15.0,cpu,"{""batch_size"":64,""context_length"":252,""d_model"":32,""dropout"":0.1,""ffn_dim"":64,""learning_rate"":0.001,""max_epochs"":30,""min_delta"":0.0001,""num_attention_heads"":4,""num_hidden_layers"":2,""patch_length"":21,""patch_stride"":7,""patience"":5,""prediction_length"":20,""seed"":2026,""validation_points"":252,""weight_decay"":0.0001,""window_stride"":5}",252,21,7,20,5,1411,47,2022-03-02,2022-03-03,2023-03-03,2023-03-03,2022-03-02,121.62599182128906,90.15538024902344,7,2,True,0.1081595718860626,4.248385399929248,0.0011617999989539,19540,True,True,,,38.20806884765625,1459.85652506724,2.516916781347578
SPY,PatchTST,2023-03-03,386.4799499511719,2023-03-10,5,369.0008850097656,357.2447204589844,-17.47906494140625,-29.2352294921875,-1.0,-1.0,True,1.0298010342917534,11.41595721824708,4.26375729998108,7578,expanding,original,PatchTST-HF-supervised-v1,5.15.0,cpu,"{""batch_size"":64,""context_length"":252,""d_model"":32,""dropout"":0.1,""ffn_dim"":64,""learning_rate"":0.001,""max_epochs"":30,""min_delta"":0.0001,""num_attention_heads"":4,""num_hidden_layers"":2,""patch_length"":21,""patch_stride"":7,""patience"":5,""prediction_length"":20,""seed"":2026,""validation_points"":252,""weight_decay"":0.0001,""window_stride"":5}",252,21,7,20,5,1411,47,2022-03-02,2022-03-03,2023-03-03,2023-03-03,2022-03-02,121.62599182128906,90.15538024902344,7,2,True,0.1081595718860626,4.248385399929248,0.0011617999989539,19540,True,True,,,11.75616455078125,138.2074049450457,2.613473849113376
SPY,PatchTST,2023-03-03,386.4799499511719,2023-03-31,20,392.9460754394531,350.88848876953125,6.46612548828125,-35.591461181640625,1.0,-1.0,False,1.0298010342917534,40.84049760043892,4.26375729998108,7578,expanding,original,PatchTST-HF-supervised-v1,5.15.0,cpu,"{""batch_size"":64,""context_length"":252,""d_model"":32,""dropout"":0.1,""ffn_dim"":64,""learning_rate"":0.001,""max_epochs"":30,""min_delta"":0.0001,""num_attention_heads"":4,""num_hidden_layers"":2,""patch_length"":21,""patch_stride"":7,""patience"":5,""prediction_length"":20,""seed"":2026,""validation_points"":252,""weight_decay"":0.0001,""window_stride"":5}",252,21,7,20,5,1411,47,2022-03-02,2022-03-03,2023-03-03,2023-03-03,2022-03-02,121.62599182128906,90.15538024902344,7,2,True,0.1081595718860626,4.248385399929248,0.0011617999989539,19540,True,True,,,42.05758666992188,1768.8405964979902,2.542970772404075
SPY,PatchTST,2023-03-10,369.0008850097656,2023-03-13,1,368.4750061035156,349.38592529296875,-0.52587890625,-19.614959716796875,-1.0,-1.0,True,1.0316617991357644,18.503235097527146,4.321717199985869,7583,expanding,original,PatchTST-HF-supervised-v1,5.15.0,cpu,"{""batch_size"":64,""context_length"":252,""d_model"":32,""dropout"":0.1,""ffn_dim"":64,""learning_rate"":0.001,""max_epochs"":30,""min_delta"":0.0001,""num_attention_heads"":4,""num_hidden_layers"":2,""patch_length"":21,""patch_stride"":7,""patience"":5,""prediction_length"":20,""seed"":2026,""validation_points"":252,""weight_decay"":0.0001,""window_stride"":5}",252,21,7,20,5,1412,47,2022-03-09,2022-03-10,2023-03-10,2023-03-10,2022-03-09,121.81654357910156,90.41948699951172,7,2,True,0.0581592582166194,4.307465600082651,0.0011433999752625,19540,True,True,,,19.089080810546875,364.39300619158894,2.5168178814716797
SPY,PatchTST,2023-03-10,369.0008850097656,2023-03-17,5,374.3253173828125,357.9105224609375,5.324432373046875,-11.090362548828123,1.0,-1.0,False,1.0316617991357644,15.911023298164062,4.321717199985869,7583,expanding,original,PatchTST-HF-supervised-v1,5.15.0,cpu,"{""batch_size"":64,""context_length"":252,""d_model"":32,""dropout"":0.1,""ffn_dim"":64,""learning_rate"":0.001,""max_epochs"":30,""min_delta"":0.0001,""num_attention_heads"":4,""num_hidden_layers"":2,""patch_length"":21,""patch_stride"":7,""patience"":5,""prediction_length"":20,""seed"":2026,""validation_points"":252,""weight_decay"":0.0001,""window_stride"":5}",252,21,7,20,5,1412,47,2022-03-09,2022-03-10,2023-03-10,2023-03-10,2022-03-09,121.81654357910156,90.41948699951172,7,2,True,0.0581592582166194,4.307465600082651,0.0011433999752625,19540,True,True,,,16.414794921875,269.4454923272133,2.6110961996843765
SPY,PatchTST,2023-03-10,369.0008850097656,2023-04-10,20,393.1572265625,364.5177612304688,24.15634155273437,-4.483123779296875,1.0,-1.0,False,1.0316617991357644,27.760517406017048,4.321717199985869,7583,expanding,original,PatchTST-HF-supervised-v1,5.15.0,cpu,"{""batch_size"":64,""context_length"":252,""d_model"":32,""dropout"":0.1,""ffn_dim"":64,""learning_rate"":0.001,""max_epochs"":30,""min_delta"":0.0001,""num_attention_heads"":4,""num_hidden_layers"":2,""patch_length"":21,""patch_stride"":7,""patience"":5,""prediction_length"":20,""seed"":2026,""validation_points"":252,""weight_decay"":0.0001,""window_stride"":5}",252,21,7,20,5,1412,47,2022-03-09,2022-03-10,2023-03-10,2023-03-10,2022-03-09,121.81654357910156,90.41948699951172,7,2,True,0.0581592582166194,4.307465600082651,0.0011433999752625,19540,True,True,,,28.63946533203125,820.2189745046198,2.6841693721694955
SPY,PatchTST,2023-03-17,374.3253173828125,2023-03-20,1,377.9246826171875,356.45782470703125,3.599365234375,-17.86749267578125,1.0,-1.0,False,1.033607303915531,20.76887211306953,4.1936861999565735,7588,expanding,original,PatchTST-HF-supervised-v1,5.15.0,cpu,"{""batch_size"":64,""context_length"":252,""d_model"":32,""dropout"":0.1,""ffn_dim"":64,""learning_rate"":0.001,""max_epochs"":30,""min_delta"":0.0001,""num_attention_heads"":4,""num_hidden_layers"":2,""patch_length"":21,""patch_stride"":7,""patience"":5,""prediction_length"":20,""seed"":2026,""validation_points"":252,""weight_decay"":0.0001,""window_stride"":5}",252,21,7,20,5,1413,47,2022-03-16,2022-03-17,2023-03-17,2023-03-17,2022-03-16,122.0059814453125,90.67941284179688,7,2,True,0.0715984478592872,4.178817500011064,0.0013299999991431,19540,True,True,,,21.46685791015625,460.825988534838,2.585502441119169
SPY,PatchTST,2023-03-17,374.3253173828125,2023-03-24,5,379.85400390625,355.23681640625,5.5286865234375,-19.0885009765625,1.0,-1.0,False,1.033607303915531,23.816770069972133,4.1936861999565735,7588,expanding,original,PatchTST-HF-supervised-v1,5.15.0,cpu,"{""batch_size"":64,""context_length"":252,""d_model"":32,""dropout"":0.1,""ffn_dim"":64,""learning_rate"":0.001,""max_epochs"":30,""min_delta"":0.0001,""num_attention_heads"":4,""num_hidden_layers"":2,""patch_length"":21,""patch_stride"":7,""patience"":5,""prediction_length"":20,""seed"":2026,""validation_points"":252,""weight_decay"":0.0001,""window_stride"":5}",252,21,7,20,5,1413,47,2022-03-16,2022-03-17,2023-03-17,2023-03-17,2022-03-16,122.0059814453125,90.67941284179688,7,2,True,0.0715984478592872,4.178817500011064,0.0013299999991431,19540,True,True,,,24.6171875,606.0059204101562,2.5720373307648323
SPY,PatchTST,2023-03-17,374.3253173828125,2023-04-17,20,397.3133544921875,350.3087158203125,22.988037109375,-24.0166015625,1.0,-1.0,False,1.033607303915531,45.47630274458312,4.1936861999565735,7588,expanding,original,PatchTST-HF-supervised-v1,5.15.0,cpu,"{""batch_size"":64,""context_length"":252,""d_model"":32,""dropout"":0.1,""ffn_dim"":64,""learning_rate"":0.001,""max_epochs"":30,""min_delta"":0.0001,""num_attention_heads"":4,""num_hidden_layers"":2,""patch_length"":21,""patch_stride"":7,""patience"":5,""prediction_length"":20,""seed"":2026,""validation_points"":252,""weight_decay"":0.0001,""window_stride"":5}",252,21,7,20,5,1413,47,2022-03-16,2022-03-17,2023-03-17,2023-03-17,2022-03-16,122.0059814453125,90.67941284179688,7,2,True,0.0715984478592872,4.178817500011064,0.0013299999991431,19540,True,True,,,47.004638671875,2209.4360566735268,2.517690920355942
SPY,PatchTST,2023-03-24,379.85400390625,2023-03-27,1,380.5643005371094,366.45404052734375,0.710296630859375,-13.39996337890625,1.0,-1.0,False,1.0353741952315274,13.628174311037691,4.282504699891433,7593,expanding,original,PatchTST-HF-supervised-v1,5.15.0,cpu,"{""batch_size"":64,""context_length"":252,""d_model"":32,""dropout"":0.1,""ffn_dim"":64,""learning_rate"":0.001,""max_epochs"":30,""min_delta"":0.0001,""num_attention_heads"":4,""num_hidden_layers"":2,""patch_length"":21,""patch_stride"":7,""patience"":5,""prediction_length"":20,""seed"":2026,""validation_points"":252,""weight_decay"":0.0001,""window_stride"":5}",252,21,7,20,5,1414,47,2022-03-23,2022-03-24,2023-03-24,2023-03-24,2022-03-23,122.20857238769533,90.98008728027344,7,2,True,0.0597269758582115,4.265451100072824,0.001385899959132,19540,True,True,,,14.110260009765623,199.09943754319104,2.684603581300437
SPY,PatchTST,2023-03-24,379.85400390625,2023-03-31,5,392.9460754394531,365.36077880859375,13.092071533203123,-14.49322509765625,1.0,-1.0,False,1.0353741952315274,26.642828030585434,4.282504699891433,7593,expanding,original,PatchTST-HF-supervised-v1,5.15.0,cpu,"{""batch_size"":64,""context_length"":252,""d_model"":32,""dropout"":0.1,""ffn_dim"":64,""learning_rate"":0.001,""max_epochs"":30,""min_delta"":0.0001,""num_attention_heads"":4,""num_hidden_layers"":2,""patch_length"":21,""patch_stride"":7,""patience"":5,""prediction_length"":20,""seed"":2026,""validation_points"":252,""weight_decay"":0.0001,""window_stride"":5}",252,21,7,20,5,1414,47,2022-03-23,2022-03-24,2023-03-24,2023-03-24,2022-03-23,122.20857238769533,90.98008728027344,7,2,True,0.0597269758582115,4.265451100072824,0.001385899959132,19540,True,True,,,27.58529663085937,760.9485902125016,2.6725870867967325
SPY,PatchTST,2023-03-24,379.85400390625,2023-04-24,20,396.0559387207031,365.963134765625,16.201934814453125,-13.890869140625,1.0,-1.0,False,1.0353741952315274,29.064664827143837,4.282504699891433,7593,expanding,original,PatchTST-HF-supervised-v1,5.15.0,cpu,"{""batch_size"":64,""context_length"":252,""d_model"":32,""dropout"":0.1,""ffn_dim"":64,""learning_rate"":0.001,""max_epochs"":30,""min_delta"":0.0001,""num_attention_heads"":4,""num_hidden_layers"":2,""patch_length"":21,""patch_stride"":7,""patience"":5,""prediction_length"":20,""seed"":2026,""validation_points"":252,""weight_decay"":0.0001,""window_stride"":5}",252,21,7,20,5,1414,47,2022-03-23,2022-03-24,2023-03-24,2023-03-24,2022-03-23,122.20857238769533,90.98008728027344,7,2,True,0.0597269758582115,4.265451100072824,0.001385899959132,19540,True,True,,,30.092803955078125,905.5768498787656,2.6792078317865196
SPY,PatchTST,2023-03-31,392.9460754394531,2023-04-03,1,394.4434814453125,357.7455139160156,1.497406005859375,-35.2005615234375,1.0,-1.0,False,1.0366409711497575,35.40084614694948,4.163160500000231,7598,expanding,original,PatchTST-HF-supervised-v1,5.15.0,cpu,"{""batch_size"":64,""context_length"":252,""d_model"":32,""dropout"":0.1,""ffn_dim"":64,""learning_rate"":0.001,""max_epochs"":30,""min_delta"":0.0001,""num_attention_heads"":4,""num_hidden_layers"":2,""patch_length"":21,""patch_stride"":7,""patience"":5,""prediction_length"":20,""seed"":2026,""validation_points"":252,""weight_decay"":0.0001,""window_stride"":5}",252,21,7,20,5,1415,47,2022-03-30,2022-03-31,2023-03-31,2023-03-31,2022-03-30,122.4182357788086,91.30335235595705,7,2,True,0.0479990802705287,4.149116499931552,0.0011275999713689,19540,True,True,,,36.69796752929688,1346.7408207813278,2.5774220996810224
SPY,PatchTST,2023-03-31,392.9460754394531,2023-04-10,5,393.1572265625,370.45904541015625,0.211151123046875,-22.487030029296875,1.0,-1.0,False,1.0366409711497575,21.895894320257067,4.163160500000231,7598,expanding,original,PatchTST-HF-supervised-v1,5.15.0,cpu,"{""batch_size"":64,""context_length"":252,""d_model"":32,""dropout"":0.1,""ffn_dim"":64,""learning_rate"":0.001,""max_epochs"":30,""min_delta"":0.0001,""num_attention_heads"":4,""num_hidden_layers"":2,""patch_length"":21,""patch_stride"":7,""patience"":5,""prediction_length"":20,""seed"":2026,""validation_points"":252,""weight_decay"":0.0001,""window_stride"":5}",252,21,7,20,5,1415,47,2022-03-30,2022-03-31,2023-03-31,2023-03-31,2022-03-30,122.4182357788086,91.30335235595705,7,2,True,0.0479990802705287,4.149116499931552,0.0011275999713689,19540,True,True,,,22.69818115234375,515.207427624613,2.7166670580104317
SPY,PatchTST,2023-03-31,392.9460754394531,2023-05-01,20,398.8202819824219,367.1071472167969,5.87420654296875,-25.83892822265625,1.0,-1.0,False,1.0366409711497575,30.59220660596829,4.163160500000231,7598,expanding,original,PatchTST-HF-supervised-v1,5.15.0,cpu,"{""batch_size"":64,""context_length"":252,""d_model"":32,""dropout"":0.1,""ffn_dim"":64,""learning_rate"":0.001,""max_epochs"":30,""min_delta"":0.0001,""num_attention_heads"":4,""num_hidden_layers"":2,""patch_length"":21,""patch_stride"":7,""patience"":5,""prediction_length"":20,""seed"":2026,""validation_points"":252,""weight_decay"":0.0001,""window_stride"":5}",252,21,7,20,5,1415,47,2022-03-30,2022-03-31,2023-03-31,2023-03-31,2022-03-30,122.4182357788086,91.30335235595705,7,2,True,0.0479990802705287,4.149116499931552,0.0011275999713689,19540,True,True,,,31.713134765625,1005.722916662693,2.6799553918243797
SPY,PatchTST,2023-04-10,393.1572265625,2023-04-11,1,393.2628479003906,350.7789306640625,0.105621337890625,-42.3782958984375,1.0,-1.0,False,1.036832875184278,40.9747011819792,4.290074499906041,7603,expanding,original,PatchTST-HF-supervised-v1,5.15.0,cpu,"{""batch_size"":64,""context_length"":252,""d_model"":32,""dropout"":0.1,""ffn_dim"":64,""learning_rate"":0.001,""max_epochs"":30,""min_delta"":0.0001,""num_attention_heads"":4,""num_hidden_layers"":2,""patch_length"":21,""patch_stride"":7,""patience"":5,""prediction_length"":20,""seed"":2026,""validation_points"":252,""weight_decay"":0.0001,""window_stride"":5}",252,21,7,20,5,1416,47,2022-04-06,2022-04-07,2023-04-10,2023-04-10,2022-04-06,122.62500762939452,91.61579132080078,7,2,True,0.0486913211643695,4.273031900054775,0.0014480999670922,19540,True,True,,,42.483917236328125,1804.883223743178,2.49033403243516
SPY,PatchTST,2023-04-10,393.1572265625,2023-04-17,5,397.3133544921875,366.8452758789063,4.1561279296875,-26.31195068359375,1.0,-1.0,False,1.036832875184278,29.38571812536916,4.290074499906041,7603,expanding,original,PatchTST-HF-supervised-v1,5.15.0,cpu,"{""batch_size"":64,""context_length"":252,""d_model"":32,""dropout"":0.1,""ffn_dim"":64,""learning_rate"":0.001,""max_epochs"":30,""min_delta"":0.0001,""num_attention_heads"":4,""num_hidden_layers"":2,""patch_length"":21,""patch_stride"":7,""patience"":5,""prediction_length"":20,""seed"":2026,""validation_points"":252,""weight_decay"":0.0001,""window_stride"":5}",252,21,7,20,5,1416,47,2022-04-06,2022-04-07,2023-04-10,2023-04-10,2022-04-06,122.62500762939452,91.61579132080078,7,2,True,0.0486913211643695,4.273031900054775,0.0014480999670922,19540,True,True,,,30.46807861328125,928.3038143850864,2.665700582057442
SPY,PatchTST,2023-04-10,393.1572265625,2023-05-08,20,396.16156005859375,366.1921997070313,3.00433349609375,-26.96502685546875,1.0,-1.0,False,1.036832875184278,28.90471653518509,4.290074499906041,7603,expanding,original,PatchTST-HF-supervised-v1,5.15.0,cpu,"{""batch_size"":64,""context_length"":252,""d_model"":32,""dropout"":0.1,""ffn_dim"":64,""learning_rate"":0.001,""max_epochs"":30,""min_delta"":0.0001,""num_attention_heads"":4,""num_hidden_layers"":2,""patch_length"":21,""patch_stride"":7,""patience"":5,""prediction_length"":20,""seed"":2026,""validation_points"":252,""weight_decay"":0.0001,""window_stride"":5}",252,21,7,20,5,1416,47,2022-04-06,2022-04-07,2023-04-10,2023-04-10,2022-04-06,122.62500762939452,91.61579132080078,7,2,True,0.0486913211643695,4.273031900054775,0.0014480999670922,19540,True,True,,,29.9693603515625,898.1625598818064,2.658572158425885
SPY,PatchTST,2023-04-17,397.3133544921875,2023-04-18,1,397.572509765625,349.928955078125,0.2591552734375,-47.3843994140625,1.0,-1.0,False,1.0373740448844535,45.92707415656106,4.1634126000572,7608,expanding,original,PatchTST-HF-supervised-v1,5.15.0,cpu,"{""batch_size"":64,""context_length"":252,""d_model"":32,""dropout"":0.1,""ffn_dim"":64,""learning_rate"":0.001,""max_epochs"":30,""min_delta"":0.0001,""num_attention_heads"":4,""num_hidden_layers"":2,""patch_length"":21,""patch_stride"":7,""patience"":5,""prediction_length"":20,""seed"":2026,""validation_points"":252,""weight_decay"":0.0001,""window_stride"":5}",252,21,7,20,5,1417,47,2022-04-13,2022-04-14,2023-04-17,2023-04-17,2022-04-13,122.82623291015624,91.90911865234376,7,2,True,0.059794008731842,4.148429400054738,0.0015287999995052,19540,True,True,,,47.6435546875,2269.908303260803,2.470948753485598
SPY,PatchTST,2023-04-17,397.3133544921875,2023-04-24,5,396.0559387207031,355.03936767578125,-1.257415771484375,-42.27398681640625,-1.0,-1.0,True,1.0373740448844535,39.53884449604718,4.1634126000572,7608,expanding,original,PatchTST-HF-supervised-v1,5.15.0,cpu,"{""batch_size"":64,""context_length"":252,""d_model"":32,""dropout"":0.1,""ffn_dim"":64,""learning_rate"":0.001,""max_epochs"":30,""min_delta"":0.0001,""num_attention_heads"":4,""num_hidden_layers"":2,""patch_length"":21,""patch_stride"":7,""patience"":5,""prediction_length"":20,""seed"":2026,""validation_points"":252,""weight_decay"":0.0001,""window_stride"":5}",252,21,7,20,5,1417,47,2022-04-13,2022-04-14,2023-04-17,2023-04-17,2022-04-13,122.82623291015624,91.90911865234376,7,2,True,0.059794008731842,4.148429400054738,0.0015287999995052,19540,True,True,,,41.01657104492188,1682.3591002831236,2.526551643303168
SPY,PatchTST,2023-04-17,397.3133544921875,2023-05-15,20,396.420654296875,351.76202392578125,-0.8927001953125,-45.55133056640625,-1.0,-1.0,True,1.0373740448844535,43.04968934909876,4.1634126000572,7608,expanding,original,PatchTST-HF-supervised-v1,5.15.0,cpu,"{""batch_size"":64,""context_length"":252,""d_model"":32,""dropout"":0.1,""ffn_dim"":64,""learning_rate"":0.001,""max_epochs"":30,""min_delta"":0.0001,""num_attention_heads"":4,""num_hidden_layers"":2,""patch_length"":21,""patch_stride"":7,""patience"":5,""prediction_length"":20,""seed"":2026,""validation_points"":252,""weight_decay"":0.0001,""window_stride"":5}",252,21,7,20,5,1417,47,2022-04-13,2022-04-14,2023-04-17,2023-04-17,2022-04-13,122.82623291015624,91.90911865234376,7,2,True,0.059794008731842,4.148429400054738,0.0015287999995052,19540,True,True,,,44.65863037109375,1994.393266621977,2.490893116727618
SPY,PatchTST,2023-04-24,396.0559387207031,2023-04-25,1,389.7690734863281,354.7003173828125,-6.286865234375,-41.35562133789063,-1.0,-1.0,True,1.0371150449270712,33.81375699354706,4.244708900107071,7613,expanding,original,PatchTST-HF-supervised-v1,5.15.0,cpu,"{""batch_size"":64,""context_length"":252,""d_model"":32,""dropout"":0.1,""ffn_dim"":64,""learning_rate"":0.001,""max_epochs"":30,""min_delta"":0.0001,""num_attention_heads"":4,""num_hidden_layers"":2,""patch_length"":21,""patch_stride"":7,""patience"":5,""prediction_length"":20,""seed"":2026,""validation_points"":252,""weight_decay"":0.0001,""window_stride"":5}",252,21,7,20,5,1418,47,2022-04-21,2022-04-22,2023-04-24,2023-04-24,2022-04-21,123.02535247802734,92.19480895996094,7,2,True,0.0514940880239009,4.228574900072999,0.0011837999336421,19540,True,True,,,35.068756103515625,1229.8176546478644,2.512885134404896
SPY,PatchTST,2023-04-24,396.0559387207031,2023-05-01,5,398.8202819824219,345.1493835449219,2.76434326171875,-50.90655517578125,1.0,-1.0,False,1.0371150449270712,51.75018788901484,4.244708900107071,7613,expanding,original,PatchTST-HF-supervised-v1,5.15.0,cpu,"{""batch_size"":64,""context_length"":252,""d_model"":32,""dropout"":0.1,""ffn_dim"":64,""learning_rate"":0.001,""max_epochs"":30,""min_delta"":0.0001,""num_attention_heads"":4,""num_hidden_layers"":2,""patch_length"":21,""patch_stride"":7,""patience"":5,""prediction_length"":20,""seed"":2026,""validation_points"":252,""weight_decay"":0.0001,""window_stride"":5}",252,21,7,20,5,1418,47,2022-04-21,2022-04-22,2023-04-24,2023-04-24,2022-04-21,123.02535247802734,92.19480895996094,7,2,True,0.0514940880239009,4.228574900072999,0.0011837999336421,19540,True,True,,,53.6708984375,2880.56533908844,2.409289997697812
SPY,PatchTST,2023-04-24,396.0559387207031,2023-05-22,20,401.9685363769531,364.500244140625,5.91259765625,-31.555694580078125,1.0,-1.0,False,1.0371150449270712,36.12742136911422,4.244708900107071,7613,expanding,original,PatchTST-HF-supervised-v1,5.15.0,cpu,"{""batch_size"":64,""context_length"":252,""d_model"":32,""dropout"":0.1,""ffn_dim"":64,""learning_rate"":0.001,""max_epochs"":30,""min_delta"":0.0001,""num_attention_heads"":4,""num_hidden_layers"":2,""patch_length"":21,""patch_stride"":7,""patience"":5,""prediction_length"":20,""seed"":2026,""validation_points"":252,""weight_decay"":0.0001,""window_stride"":5}",252,21,7,20,5,1418,47,2022-04-21,2022-04-22,2023-04-24,2023-04-24,2022-04-21,123.02535247802734,92.19480895996094,7,2,True,0.0514940880239009,4.228574900072999,0.0011837999336421,19540,True,True,,,37.468292236328125,1403.8729231068864,2.6191809971369127
SPY,PatchTST,2023-05-01,398.8202819824219,2023-05-02,1,394.337890625,345.6463623046875,-4.482391357421875,-53.173919677734375,-1.0,-1.0,True,1.0389872507518778,46.864413673099634,4.201262000016868,7618,expanding,original,PatchTST-HF-supervised-v1,5.15.0,cpu,"{""batch_size"":64,""context_length"":252,""d_model"":32,""dropout"":0.1,""ffn_dim"":64,""learning_rate"":0.001,""max_epochs"":30,""min_delta"":0.0001,""num_attention_heads"":4,""num_hidden_layers"":2,""patch_length"":21,""patch_stride"":7,""patience"":5,""prediction_length"":20,""seed"":2026,""validation_points"":252,""weight_decay"":0.0001,""window_stride"":5}",252,21,7,20,5,1419,47,2022-04-28,2022-04-29,2023-05-01,2023-05-01,2022-04-28,123.2129364013672,92.44424438476562,7,2,True,0.0532845817506313,4.184838199988008,0.0012784999562427,19540,True,True,,,48.6915283203125,2370.8649301677942,2.4061360161863825
SPY,PatchTST,2023-05-01,398.8202819824219,2023-05-08,5,396.16156005859375,351.7593994140625,-2.658721923828125,-47.060882568359375,-1.0,-1.0,True,1.0389872507518778,42.736001440247705,4.201262000016868,7618,expanding,original,PatchTST-HF-supervised-v1,5.15.0,cpu,"{""batch_size"":64,""context_length"":252,""d_model"":32,""dropout"":0.1,""ffn_dim"":64,""learning_rate"":0.001,""max_epochs"":30,""min_delta"":0.0001,""num_attention_heads"":4,""num_hidden_layers"":2,""patch_length"":21,""patch_stride"":7,""patience"":5,""prediction_length"":20,""seed"":2026,""validation_points"":252,""weight_decay"":0.0001,""window_stride"":5}",252,21,7,20,5,1419,47,2022-04-28,2022-04-29,2023-05-01,2023-05-01,2022-04-28,123.2129364013672,92.44424438476562,7,2,True,0.0532845817506313,4.184838199988008,0.0012784999562427,19540,True,True,,,44.40216064453125,1971.55186990276,2.4722627626383487
SPY,PatchTST,2023-05-01,398.8202819824219,2023-05-30,20,403.3027038574219,355.4020080566406,4.482421875,-43.41827392578125,1.0,-1.0,False,1.0389872507518778,46.10325657616803,4.201262000016868,7618,expanding,original,PatchTST-HF-supervised-v1,5.15.0,cpu,"{""batch_size"":64,""context_length"":252,""d_model"":32,""dropout"":0.1,""ffn_dim"":64,""learning_rate"":0.001,""max_epochs"":30,""min_delta"":0.0001,""num_attention_heads"":4,""num_hidden_layers"":2,""patch_length"":21,""patch_stride"":7,""patience"":5,""prediction_length"":20,""seed"":2026,""validation_points"":252,""weight_decay"":0.0001,""window_stride"":5}",252,21,7,20,5,1419,47,2022-04-28,2022-04-29,2023-05-01,2023-05-01,2022-04-28,123.2129364013672,92.44424438476562,7,2,True,0.0532845817506313,4.184838199988008,0.0012784999562427,19540,True,True,,,47.90069580078125,2294.4766581989825,2.511666066400745
SPY,PatchTST,2023-05-08,396.16156005859375,2023-05-09,1,394.4242858886719,362.400146484375,-1.737274169921875,-33.76141357421875,-1.0,-1.0,True,1.040571143201129,30.775540541880105,4.301594299962744,7623,expanding,original,PatchTST-HF-supervised-v1,5.15.0,cpu,"{""batch_size"":64,""context_length"":252,""d_model"":32,""dropout"":0.1,""ffn_dim"":64,""learning_rate"":0.001,""max_epochs"":30,""min_delta"":0.0001,""num_attention_heads"":4,""num_hidden_layers"":2,""patch_length"":21,""patch_stride"":7,""patience"":5,""prediction_length"":20,""seed"":2026,""validation_points"":252,""weight_decay"":0.0001,""window_stride"":5}",252,21,7,20,5,1420,47,2022-05-05,2022-05-06,2023-05-08,2023-05-08,2022-05-05,123.3964385986328,92.68099212646484,7,2,True,0.0502898544073104,4.288029299932532,0.0012464999454095,19540,True,True,,,32.024139404296875,1025.5455045858398,2.578778047170853
SPY,PatchTST,2023-05-08,396.16156005859375,2023-05-15,5,396.420654296875,367.3238525390625,0.25909423828125,-28.83770751953125,1.0,-1.0,False,1.040571143201129,27.96233774876886,4.301594299962744,7623,expanding,original,PatchTST-HF-supervised-v1,5.15.0,cpu,"{""batch_size"":64,""context_length"":252,""d_model"":32,""dropout"":0.1,""ffn_dim"":64,""learning_rate"":0.001,""max_epochs"":30,""min_delta"":0.0001,""num_attention_heads"":4,""num_hidden_layers"":2,""patch_length"":21,""patch_stride"":7,""patience"":5,""prediction_length"":20,""seed"":2026,""validation_points"":252,""weight_decay"":0.0001,""window_stride"":5}",252,21,7,20,5,1420,47,2022-05-05,2022-05-06,2023-05-08,2023-05-08,2022-05-05,123.3964385986328,92.68099212646484,7,2,True,0.0502898544073104,4.288029299932532,0.0012464999454095,19540,True,True,,,29.0968017578125,846.6238725334406,2.6319033530369036
SPY,PatchTST,2023-05-08,396.16156005859375,2023-06-06,20,410.8374328613281,370.8814086914063,14.675872802734377,-25.2801513671875,1.0,-1.0,False,1.040571143201129,38.39816665202188,4.301594299962744,7623,expanding,original,PatchTST-HF-supervised-v1,5.15.0,cpu,"{""batch_size"":64,""context_length"":252,""d_model"":32,""dropout"":0.1,""ffn_dim"":64,""learning_rate"":0.001,""max_epochs"":30,""min_delta"":0.0001,""num_attention_heads"":4,""num_hidden_layers"":2,""patch_length"":21,""patch_stride"":7,""patience"":5,""prediction_length"":20,""seed"":2026,""validation_points"":252,""weight_decay"":0.0001,""window_stride"":5}",252,21,7,20,5,1420,47,2022-05-05,2022-05-06,2023-05-08,2023-05-08,2022-05-05,123.3964385986328,92.68099212646484,7,2,True,0.0502898544073104,4.288029299932532,0.0012464999454095,19540,True,True,,,39.95602416992188,1596.483867467381,2.670288312786681
SPY,PatchTST,2023-05-15,396.420654296875,2023-05-16,1,393.77154541015625,357.39404296875,-2.64910888671875,-39.026611328125,-1.0,-1.0,True,1.0406956655788162,34.95498602002319,4.192326000076719,7628,expanding,original,PatchTST-HF-supervised-v1,5.15.0,cpu,"{""batch_size"":64,""context_length"":252,""d_model"":32,""dropout"":0.1,""ffn_dim"":64,""learning_rate"":0.001,""max_epochs"":30,""min_delta"":0.0001,""num_attention_heads"":4,""num_hidden_layers"":2,""patch_length"":21,""patch_stride"":7,""patience"":5,""prediction_length"":20,""seed"":2026,""validation_points"":252,""weight_decay"":0.0001,""window_stride"":5}",252,21,7,20,5,1421,47,2022-05-12,2022-05-13,2023-05-15,2023-05-15,2022-05-12,123.56790924072266,92.8833465576172,7,2,True,0.05638924613595,4.1775547999423,0.0013708999613299,19540,True,True,,,36.37750244140625,1323.3226838745177,2.5174171947280217
SPY,PatchTST,2023-05-15,396.420654296875,2023-05-22,5,401.9685363769531,348.89569091796875,5.547882080078125,-47.52496337890625,1.0,-1.0,False,1.0406956655788162,50.99746949504802,4.192326000076719,7628,expanding,original,PatchTST-HF-supervised-v1,5.15.0,cpu,"{""batch_size"":64,""context_length"":252,""d_model"":32,""dropout"":0.1,""ffn_dim"":64,""learning_rate"":0.001,""max_epochs"":30,""min_delta"":0.0001,""num_attention_heads"":4,""num_hidden_layers"":2,""patch_length"":21,""patch_stride"":7,""patience"":5,""prediction_length"":20,""seed"":2026,""validation_points"":252,""weight_decay"":0.0001,""window_stride"":5}",252,21,7,20,5,1421,47,2022-05-12,2022-05-13,2023-05-15,2023-05-15,2022-05-12,123.56790924072266,92.8833465576172,7,2,True,0.05638924613595,4.1775547999423,0.0013708999613299,19540,True,True,,,53.072845458984375,2816.7269251132384,2.4259222996177385
SPY,PatchTST,2023-05-15,396.420654296875,2023-06-13,20,419.1207275390625,347.9775695800781,22.7000732421875,-48.44308471679688,1.0,-1.0,False,1.0406956655788162,68.36115524649162,4.192326000076719,7628,expanding,original,PatchTST-HF-supervised-v1,5.15.0,cpu,"{""batch_size"":64,""context_length"":252,""d_model"":32,""dropout"":0.1,""ffn_dim"":64,""learning_rate"":0.001,""max_epochs"":30,""min_delta"":0.0001,""num_attention_heads"":4,""num_hidden_layers"":2,""patch_length"":21,""patch_stride"":7,""patience"":5,""prediction_length"":20,""seed"":2026,""validation_points"":252,""weight_decay"":0.0001,""window_stride"":5}",252,21,7,20,5,1421,47,2022-05-12,2022-05-13,2023-05-15,2023-05-15,2022-05-12,123.56790924072266,92.8833465576172,7,2,True,0.05638924613595,4.1775547999423,0.0013708999613299,19540,True,True,,,71.14315795898438,5061.348924377002,2.4160376284477447
SPY,PatchTST,2023-05-22,401.9685363769531,2023-05-23,1,397.4573364257813,355.8581848144531,-4.511199951171818,-46.1103515625,-1.0,-1.0,True,1.0415884383819392,39.93818487074472,4.22138120001182,7633,expanding,original,PatchTST-HF-supervised-v1,5.15.0,cpu,"{""batch_size"":64,""context_length"":252,""d_model"":32,""dropout"":0.1,""ffn_dim"":64,""learning_rate"":0.001,""max_epochs"":30,""min_delta"":0.0001,""num_attention_heads"":4,""num_hidden_layers"":2,""patch_length"":21,""patch_stride"":7,""patience"":5,""prediction_length"":20,""seed"":2026,""validation_points"":252,""weight_decay"":0.0001,""window_stride"":5}",252,21,7,20,5,1422,47,2022-05-19,2022-05-20,2023-05-22,2023-05-22,2022-05-19,123.73885345458984,93.0838851928711,7,2,True,0.0784625858068466,4.205859199981205,0.0016260999254882,19540,True,True,,,41.59915161132818,1730.489414782268,2.4936575313644123
SPY,PatchTST,2023-05-22,401.9685363769531,2023-05-30,5,403.3027038574219,355.40484619140625,1.33416748046875,-46.56369018554688,1.0,-1.0,False,1.0415884383819392,45.98539682374239,4.22138120001182,7633,expanding,original,PatchTST-HF-supervised-v1,5.15.0,cpu,"{""batch_size"":64,""context_length"":252,""d_model"":32,""dropout"":0.1,""ffn_dim"":64,""learning_rate"":0.001,""max_epochs"":30,""min_delta"":0.0001,""num_attention_heads"":4,""num_hidden_layers"":2,""patch_length"":21,""patch_stride"":7,""patience"":5,""prediction_length"":20,""seed"":2026,""validation_points"":252,""weight_decay"":0.0001,""window_stride"":5}",252,21,7,20,5,1422,47,2022-05-19,2022-05-20,2023-05-22,2023-05-22,2022-05-19,123.73885345458984,93.0838851928711,7,2,True,0.0784625858068466,4.205859199981205,0.0016260999254882,19540,True,True,,,47.897857666015625,2294.204768993892,2.4887873154069715
SPY,PatchTST,2023-05-22,401.9685363769531,2023-06-21,20,419.0205993652344,362.1155090332031,17.05206298828125,-39.85302734375,1.0,-1.0,False,1.0415884383819392,54.63298961001406,4.22138120001182,7633,expanding,original,PatchTST-HF-supervised-v1,5.15.0,cpu,"{""batch_size"":64,""context_length"":252,""d_model"":32,""dropout"":0.1,""ffn_dim"":64,""learning_rate"":0.001,""max_epochs"":30,""min_delta"":0.0001,""num_attention_heads"":4,""num_hidden_layers"":2,""patch_length"":21,""patch_stride"":7,""patience"":5,""prediction_length"":20,""seed"":2026,""validation_points"":252,""weight_decay"":0.0001,""window_stride"":5}",252,21,7,20,5,1422,47,2022-05-19,2022-05-20,2023-05-22,2023-05-22,2022-05-19,123.73885345458984,93.0838851928711,7,2,True,0.0784625858068466,4.205859199981205,0.0016260999254882,19540,True,True,,,56.90509033203125,3238.1893056966364,2.5608799534387026
SPY,PatchTST,2023-05-30,403.3027038574219,2023-05-31,1,401.0662841796875,356.8387145996094,-2.236419677734375,-46.4639892578125,-1.0,-1.0,True,1.0430167111892172,42.403510035473104,4.26666770002339,7638,expanding,original,PatchTST-HF-supervised-v1,5.15.0,cpu,"{""batch_size"":64,""context_length"":252,""d_model"":32,""dropout"":0.1,""ffn_dim"":64,""learning_rate"":0.001,""max_epochs"":30,""min_delta"":0.0001,""num_attention_heads"":4,""num_hidden_layers"":2,""patch_length"":21,""patch_stride"":7,""patience"":5,""prediction_length"":20,""seed"":2026,""validation_points"":252,""weight_decay"":0.0001,""window_stride"":5}",252,21,7,20,5,1423,47,2022-05-26,2022-05-27,2023-05-30,2023-05-30,2022-05-26,123.90850067138672,93.28048706054688,7,2,True,0.0549364984035491,4.250798000022769,0.0012168999528512,19540,True,True,,,44.227569580078125,1956.077910960652,2.4970947436952313
SPY,PatchTST,2023-05-30,403.3027038574219,2023-06-06,5,410.8374328613281,359.4217834472656,7.53472900390625,-43.88092041015625,1.0,-1.0,False,1.0430167111892172,49.29513483579748,4.26666770002339,7638,expanding,original,PatchTST-HF-supervised-v1,5.15.0,cpu,"{""batch_size"":64,""context_length"":252,""d_model"":32,""dropout"":0.1,""ffn_dim"":64,""learning_rate"":0.001,""max_epochs"":30,""min_delta"":0.0001,""num_attention_heads"":4,""num_hidden_layers"":2,""patch_length"":21,""patch_stride"":7,""patience"":5,""prediction_length"":20,""seed"":2026,""validation_points"":252,""weight_decay"":0.0001,""window_stride"":5}",252,21,7,20,5,1423,47,2022-05-26,2022-05-27,2023-05-30,2023-05-30,2022-05-26,123.90850067138672,93.28048706054688,7,2,True,0.0549364984035491,4.250798000022769,0.0012168999528512,19540,True,True,,,51.4156494140625,2643.569004669785,2.5247861605076203
SPY,PatchTST,2023-05-30,403.3027038574219,2023-06-28,20,420.4175415039063,365.90325927734375,17.114837646484432,-37.399444580078125,1.0,-1.0,False,1.0430167111892172,52.26597200384926,4.26666770002339,7638,expanding,original,PatchTST-HF-supervised-v1,5.15.0,cpu,"{""batch_size"":64,""context_length"":252,""d_model"":32,""dropout"":0.1,""ffn_dim"":64,""learning_rate"":0.001,""max_epochs"":30,""min_delta"":0.0001,""num_attention_heads"":4,""num_hidden_layers"":2,""patch_length"":21,""patch_stride"":7,""patience"":5,""prediction_length"":20,""seed"":2026,""validation_points"":252,""weight_decay"":0.0001,""window_stride"":5}",252,21,7,20,5,1423,47,2022-05-26,2022-05-27,2023-05-30,2023-05-30,2022-05-26,123.90850067138672,93.28048706054688,7,2,True,0.0549364984035491,4.250798000022769,0.0012168999528512,19540,True,True,,,54.51428222656256,2971.8069666773144,2.594269886786527
SPY,PatchTST,2023-06-06,410.8374328613281,2023-06-07,1,409.4169006347656,357.676025390625,-1.4205322265625,-53.161407470703125,-1.0,-1.0,True,1.044111526876618,49.554931549237466,4.2699868000345305,7643,expanding,original,PatchTST-HF-supervised-v1,5.15.0,cpu,"{""batch_size"":64,""context_length"":252,""d_model"":32,""dropout"":0.1,""ffn_dim"":64,""learning_rate"":0.001,""max_epochs"":30,""min_delta"":0.0001,""num_attention_heads"":4,""num_hidden_layers"":2,""patch_length"":21,""patch_stride"":7,""patience"":5,""prediction_length"":20,""seed"":2026,""validation_points"":252,""weight_decay"":0.0001,""window_stride"":5}",252,21,7,20,5,1424,47,2022-06-03,2022-06-06,2023-06-06,2023-06-06,2022-06-03,124.0884780883789,93.5051498413086,7,2,True,0.0670239552855491,4.253651899984106,0.0014961999841034,19540,True,True,,,51.74087524414063,2677.118171029724,2.4981249449755127
SPY,PatchTST,2023-06-06,410.8374328613281,2023-06-13,5,419.1207275390625,364.4034423828125,8.283294677734375,-46.433990478515625,1.0,-1.0,False,1.044111526876618,52.40559437164024,4.2699868000345305,7643,expanding,original,PatchTST-HF-supervised-v1,5.15.0,cpu,"{""batch_size"":64,""context_length"":252,""d_model"":32,""dropout"":0.1,""ffn_dim"":64,""learning_rate"":0.001,""max_epochs"":30,""min_delta"":0.0001,""num_attention_heads"":4,""num_hidden_layers"":2,""patch_length"":21,""patch_stride"":7,""patience"":5,""prediction_length"":20,""seed"":2026,""validation_points"":252,""weight_decay"":0.0001,""window_stride"":5}",252,21,7,20,5,1424,47,2022-06-03,2022-06-06,2023-06-06,2023-06-06,2022-06-03,124.0884780883789,93.5051498413086,7,2,True,0.0670239552855491,4.253651899984106,0.0014961999841034,19540,True,True,,,54.71728515625,2993.9812948703766,2.570071966113973
SPY,PatchTST,2023-06-06,410.8374328613281,2023-07-06,20,423.5678405761719,369.4554138183594,12.73040771484375,-41.38201904296875,1.0,-1.0,False,1.044111526876618,51.82628997467904,4.2699868000345305,7643,expanding,original,PatchTST-HF-supervised-v1,5.15.0,cpu,"{""batch_size"":64,""context_length"":252,""d_model"":32,""dropout"":0.1,""ffn_dim"":64,""learning_rate"":0.001,""max_epochs"":30,""min_delta"":0.0001,""num_attention_heads"":4,""num_hidden_layers"":2,""patch_length"":21,""patch_stride"":7,""patience"":5,""prediction_length"":20,""seed"":2026,""validation_points"":252,""weight_decay"":0.0001,""window_stride"":5}",252,21,7,20,5,1424,47,2022-06-03,2022-06-06,2023-06-06,2023-06-06,2022-06-03,124.0884780883789,93.5051498413086,7,2,True,0.0670239552855491,4.253651899984106,0.0014961999841034,19540,True,True,,,54.1124267578125,2928.1547296196222,2.624100770346903
SPY,PatchTST,2023-06-13,419.1207275390625,2023-06-14,1,419.6198120117188,350.1423645019531,0.4990844726563068,-68.97836303710938,1.0,-1.0,False,1.0448835683957074,66.49300420757876,4.245089499978349,7648,expanding,original,PatchTST-HF-supervised-v1,5.15.0,cpu,"{""batch_size"":64,""context_length"":252,""d_model"":32,""dropout"":0.1,""ffn_dim"":64,""learning_rate"":0.001,""max_epochs"":30,""min_delta"":0.0001,""num_attention_heads"":4,""num_hidden_layers"":2,""patch_length"":21,""patch_stride"":7,""patience"":5,""prediction_length"":20,""seed"":2026,""validation_points"":252,""weight_decay"":0.0001,""window_stride"":5}",252,21,7,20,5,1425,47,2022-06-10,2022-06-13,2023-06-13,2023-06-13,2022-06-10,124.26364135742188,93.71612548828124,7,2,True,0.0818446353077888,4.229447299963795,0.0011650000233203,19540,True,True,,,69.47744750976568,4827.115712472246,2.4102439357971144
SPY,PatchTST,2023-06-13,419.1207275390625,2023-06-21,5,419.0205993652344,353.30596923828125,-0.100128173828125,-65.81475830078125,-1.0,-1.0,True,1.0448835683957074,62.891820787123685,4.245089499978349,7648,expanding,original,PatchTST-HF-supervised-v1,5.15.0,cpu,"{""batch_size"":64,""context_length"":252,""d_model"":32,""dropout"":0.1,""ffn_dim"":64,""learning_rate"":0.001,""max_epochs"":30,""min_delta"":0.0001,""num_attention_heads"":4,""num_hidden_layers"":2,""patch_length"":21,""patch_stride"":7,""patience"":5,""prediction_length"":20,""seed"":2026,""validation_points"":252,""weight_decay"":0.0001,""window_stride"":5}",252,21,7,20,5,1425,47,2022-06-10,2022-06-13,2023-06-13,2023-06-13,2022-06-10,124.26364135742188,93.71612548828124,7,2,True,0.0818446353077888,4.229447299963795,0.0011650000233203,19540,True,True,,,65.71463012695312,4318.412612722255,2.444001250451824
SPY,PatchTST,2023-06-13,419.1207275390625,2023-07-13,20,433.1054992675781,341.4637451171875,13.984771728515623,-77.656982421875,1.0,-1.0,False,1.0448835683957074,87.7052304412208,4.245089499978349,7648,expanding,original,PatchTST-HF-supervised-v1,5.15.0,cpu,"{""batch_size"":64,""context_length"":252,""d_model"":32,""dropout"":0.1,""ffn_dim"":64,""learning_rate"":0.001,""max_epochs"":30,""min_delta"":0.0001,""num_attention_heads"":4,""num_hidden_layers"":2,""patch_length"":21,""patch_stride"":7,""patience"":5,""prediction_length"":20,""seed"":2026,""validation_points"":252,""weight_decay"":0.0001,""window_stride"":5}",252,21,7,20,5,1425,47,2022-06-10,2022-06-13,2023-06-13,2023-06-13,2022-06-10,124.26364135742188,93.71612548828124,7,2,True,0.0818446353077888,4.229447299963795,0.0011650000233203,19540,True,True,,,91.64175415039062,8398.211103760637,2.317638534757025
SPY,PatchTST,2023-06-21,419.0205993652344,2023-06-22,1,420.5331115722656,363.3804016113281,1.51251220703125,-55.64019775390625,1.0,-1.0,False,1.0457040863515694,54.65476391159722,4.233772499952465,7653,expanding,original,PatchTST-HF-supervised-v1,5.15.0,cpu,"{""batch_size"":64,""context_length"":252,""d_model"":32,""dropout"":0.1,""ffn_dim"":64,""learning_rate"":0.001,""max_epochs"":30,""min_delta"":0.0001,""num_attention_heads"":4,""num_hidden_layers"":2,""patch_length"":21,""patch_stride"":7,""patience"":5,""prediction_length"":20,""seed"":2026,""validation_points"":252,""weight_decay"":0.0001,""window_stride"":5}",252,21,7,20,5,1426,47,2022-06-17,2022-06-21,2023-06-21,2023-06-21,2022-06-17,124.41716766357422,93.87043762207033,7,2,True,0.0606081746518611,4.216584200039506,0.0011420999653637,19540,True,True,,,57.1527099609375,3266.4322558790445,2.5456708203474925
SPY,PatchTST,2023-06-21,419.0205993652344,2023-06-28,5,420.4175415039063,349.96417236328125,1.3969421386719318,-69.05642700195312,1.0,-1.0,False,1.0457040863515694,67.37409756753918,4.233772499952465,7653,expanding,original,PatchTST-HF-supervised-v1,5.15.0,cpu,"{""batch_size"":64,""context_length"":252,""d_model"":32,""dropout"":0.1,""ffn_dim"":64,""learning_rate"":0.001,""max_epochs"":30,""min_delta"":0.0001,""num_attention_heads"":4,""num_hidden_layers"":2,""patch_length"":21,""patch_stride"":7,""patience"":5,""prediction_length"":20,""seed"":2026,""validation_points"":252,""weight_decay"":0.0001,""window_stride"":5}",252,21,7,20,5,1426,47,2022-06-17,2022-06-21,2023-06-21,2023-06-21,2022-06-17,124.41716766357422,93.87043762207033,7,2,True,0.0606081746518611,4.216584200039506,0.0011420999653637,19540,True,True,,,70.45336914062506,4963.677223265179,2.402747983425589
SPY,PatchTST,2023-06-21,419.0205993652344,2023-07-20,20,435.629638671875,372.2616882324219,16.609039306640625,-46.7589111328125,1.0,-1.0,False,1.0457040863515694,60.598357859097625,4.233772499952465,7653,expanding,original,PatchTST-HF-supervised-v1,5.15.0,cpu,"{""batch_size"":64,""context_length"":252,""d_model"":32,""dropout"":0.1,""ffn_dim"":64,""learning_rate"":0.001,""max_epochs"":30,""min_delta"":0.0001,""num_attention_heads"":4,""num_hidden_layers"":2,""patch_length"":21,""patch_stride"":7,""patience"":5,""prediction_length"":20,""seed"":2026,""validation_points"":252,""weight_decay"":0.0001,""window_stride"":5}",252,21,7,20,5,1426,47,2022-06-17,2022-06-21,2023-06-21,2023-06-21,2022-06-17,124.41716766357422,93.87043762207033,7,2,True,0.0606081746518611,4.216584200039506,0.0011420999653637,19540,True,True,,,63.367950439453125,4015.497142896988,2.640282999070367
SPY,PatchTST,2023-06-28,420.4175415039063,2023-06-29,1,422.0745544433594,378.1277770996094,1.6570129394530682,-42.28976440429693,1.0,-1.0,False,1.046479476125617,41.99487744036246,4.845669300062582,7658,expanding,original,PatchTST-HF-supervised-v1,5.15.0,cpu,"{""batch_size"":64,""context_length"":252,""d_model"":32,""dropout"":0.1,""ffn_dim"":64,""learning_rate"":0.001,""max_epochs"":30,""min_delta"":0.0001,""num_attention_heads"":4,""num_hidden_layers"":2,""patch_length"":21,""patch_stride"":7,""patience"":5,""prediction_length"":20,""seed"":2026,""validation_points"":252,""weight_decay"":0.0001,""window_stride"":5}",252,21,7,20,5,1427,47,2022-06-27,2022-06-28,2023-06-28,2023-06-28,2022-06-27,124.57715606689452,94.04054260253906,8,3,True,0.0935934782028198,4.829543400090188,0.0015152998967096,19540,True,True,,,43.94677734375,1931.3192389011383,2.696184156490278
SPY,PatchTST,2023-06-28,420.4175415039063,2023-07-06,5,423.5678405761719,387.2646484375,3.150299072265568,-33.15289306640631,1.0,-1.0,False,1.046479476125617,34.69078273094973,4.845669300062582,7658,expanding,original,PatchTST-HF-supervised-v1,5.15.0,cpu,"{""batch_size"":64,""context_length"":252,""d_model"":32,""dropout"":0.1,""ffn_dim"":64,""learning_rate"":0.001,""max_epochs"":30,""min_delta"":0.0001,""num_attention_heads"":4,""num_hidden_layers"":2,""patch_length"":21,""patch_stride"":7,""patience"":5,""prediction_length"":20,""seed"":2026,""validation_points"":252,""weight_decay"":0.0001,""window_stride"":5}",252,21,7,20,5,1427,47,2022-06-27,2022-06-28,2023-06-28,2023-06-28,2022-06-27,124.57715606689452,94.04054260253906,8,3,True,0.0935934782028198,4.829543400090188,0.0015152998967096,19540,True,True,,,36.30319213867188,1317.9217594573274,2.7933430103742616
SPY,PatchTST,2023-06-28,420.4175415039063,2023-07-27,20,435.92822265625,388.3468627929688,15.510681152343691,-32.07067871093756,1.0,-1.0,False,1.046479476125617,45.46802966403298,4.845669300062582,7658,expanding,original,PatchTST-HF-supervised-v1,5.15.0,cpu,"{""batch_size"":64,""context_length"":252,""d_model"":32,""dropout"":0.1,""ffn_dim"":64,""learning_rate"":0.001,""max_epochs"":30,""min_delta"":0.0001,""num_attention_heads"":4,""num_hidden_layers"":2,""patch_length"":21,""patch_stride"":7,""patience"":5,""prediction_length"":20,""seed"":2026,""validation_points"":252,""weight_decay"":0.0001,""window_stride"":5}",252,21,7,20,5,1427,47,2022-06-27,2022-06-28,2023-06-28,2023-06-28,2022-06-27,124.57715606689452,94.04054260253906,8,3,True,0.0935934782028198,4.829543400090188,0.0015152998967096,19540,True,True,,,47.58135986328125,2263.985806439072,2.804850965619084
SPY,PatchTST,2023-07-06,423.5678405761719,2023-07-07,1,422.4984436035156,370.5267028808594,-1.06939697265625,-53.0411376953125,-1.0,-1.0,True,1.0472463101452,49.627045919551065,4.330111000104807,7663,expanding,original,PatchTST-HF-supervised-v1,5.15.0,cpu,"{""batch_size"":64,""context_length"":252,""d_model"":32,""dropout"":0.1,""ffn_dim"":64,""learning_rate"":0.001,""max_epochs"":30,""min_delta"":0.0001,""num_attention_heads"":4,""num_hidden_layers"":2,""patch_length"":21,""patch_stride"":7,""patience"":5,""prediction_length"":20,""seed"":2026,""validation_points"":252,""weight_decay"":0.0001,""window_stride"":5}",252,21,7,20,5,1428,47,2022-07-05,2022-07-06,2023-07-06,2023-07-06,2022-07-05,124.7363052368164,94.20816040039062,7,2,True,0.0845588743686676,4.284876200021245,0.0011189000215381,19540,True,True,,,51.97174072265625,2701.061833743006,2.609013875225015
SPY,PatchTST,2023-07-06,423.5678405761719,2023-07-13,5,433.1054992675781,377.630859375,9.53765869140625,-45.93698120117188,1.0,-1.0,False,1.0472463101452,52.97191248626754,4.330111000104807,7663,expanding,original,PatchTST-HF-supervised-v1,5.15.0,cpu,"{""batch_size"":64,""context_length"":252,""d_model"":32,""dropout"":0.1,""ffn_dim"":64,""learning_rate"":0.001,""max_epochs"":30,""min_delta"":0.0001,""num_attention_heads"":4,""num_hidden_layers"":2,""patch_length"":21,""patch_stride"":7,""patience"":5,""prediction_length"":20,""seed"":2026,""validation_points"":252,""weight_decay"":0.0001,""window_stride"":5}",252,21,7,20,5,1428,47,2022-07-05,2022-07-06,2023-07-06,2023-07-06,2022-07-05,124.7363052368164,94.20816040039062,7,2,True,0.0845588743686676,4.284876200021245,0.0011189000215381,19540,True,True,,,55.474639892578125,3077.4356712112203,2.6844230166831173
SPY,PatchTST,2023-07-06,423.5678405761719,2023-08-03,20,432.4118347167969,355.7029724121094,8.843994140625,-67.8648681640625,1.0,-1.0,False,1.0472463101452,73.24815715421511,4.330111000104807,7663,expanding,original,PatchTST-HF-supervised-v1,5.15.0,cpu,"{""batch_size"":64,""context_length"":252,""d_model"":32,""dropout"":0.1,""ffn_dim"":64,""learning_rate"":0.001,""max_epochs"":30,""min_delta"":0.0001,""num_attention_heads"":4,""num_hidden_layers"":2,""patch_length"":21,""patch_stride"":7,""patience"":5,""prediction_length"":20,""seed"":2026,""validation_points"":252,""weight_decay"":0.0001,""window_stride"":5}",252,21,7,20,5,1428,47,2022-07-05,2022-07-06,2023-07-06,2023-07-06,2022-07-05,124.7363052368164,94.20816040039062,7,2,True,0.0845588743686676,4.284876200021245,0.0011189000215381,19540,True,True,,,76.7088623046875,5884.249556079507,2.4516630639391543
SPY,PatchTST,2023-07-13,433.1054992675781,2023-07-14,1,432.8357543945313,364.5368347167969,-0.2697448730468181,-68.56866455078125,-1.0,-1.0,True,1.0480863024610982,65.165358537132,4.755329499952495,7668,expanding,original,PatchTST-HF-supervised-v1,5.15.0,cpu,"{""batch_size"":64,""context_length"":252,""d_model"":32,""dropout"":0.1,""ffn_dim"":64,""learning_rate"":0.001,""max_epochs"":30,""min_delta"":0.0001,""num_attention_heads"":4,""num_hidden_layers"":2,""patch_length"":21,""patch_stride"":7,""patience"":5,""prediction_length"":20,""seed"":2026,""validation_points"":252,""weight_decay"":0.0001,""window_stride"":5}",252,21,7,20,5,1429,47,2022-07-12,2022-07-13,2023-07-13,2023-07-13,2022-07-12,124.89838409423828,94.3829345703125,7,2,True,0.1002341881394386,4.739102399908006,0.0015683000674471,19540,True,True,,,68.29891967773443,4664.74242914562,2.5390019044601226
SPY,PatchTST,2023-07-13,433.1054992675781,2023-07-20,5,435.629638671875,350.369384765625,2.524139404296875,-82.73611450195312,1.0,-1.0,False,1.0480863024610982,81.34850508592979,4.755329499952495,7668,expanding,original,PatchTST-HF-supervised-v1,5.15.0,cpu,"{""batch_size"":64,""context_length"":252,""d_model"":32,""dropout"":0.1,""ffn_dim"":64,""learning_rate"":0.001,""max_epochs"":30,""min_delta"":0.0001,""num_attention_heads"":4,""num_hidden_layers"":2,""patch_length"":21,""patch_stride"":7,""patience"":5,""prediction_length"":20,""seed"":2026,""validation_points"":252,""weight_decay"":0.0001,""window_stride"":5}",252,21,7,20,5,1429,47,2022-07-12,2022-07-13,2023-07-13,2023-07-13,2022-07-12,124.89838409423828,94.3829345703125,7,2,True,0.1002341881394386,4.739102399908006,0.0015683000674471,19540,True,True,,,85.26025390625,7269.310896158218,2.3888958496349515
SPY,PatchTST,2023-07-13,433.1054992675781,2023-08-10,20,429.5890808105469,360.2810974121094,-3.51641845703125,-72.82440185546875,-1.0,-1.0,True,1.0480863024610982,66.12812631525637,4.755329499952495,7668,expanding,original,PatchTST-HF-supervised-v1,5.15.0,cpu,"{""batch_size"":64,""context_length"":252,""d_model"":32,""dropout"":0.1,""ffn_dim"":64,""learning_rate"":0.001,""max_epochs"":30,""min_delta"":0.0001,""num_attention_heads"":4,""num_hidden_layers"":2,""patch_length"":21,""patch_stride"":7,""patience"":5,""prediction_length"":20,""seed"":2026,""validation_points"":252,""weight_decay"":0.0001,""window_stride"":5}",252,21,7,20,5,1429,47,2022-07-12,2022-07-13,2023-07-13,2023-07-13,2022-07-12,124.89838409423828,94.3829345703125,7,2,True,0.1002341881394386,4.739102399908006,0.0015683000674471,19540,True,True,,,69.3079833984375,4803.596562758088,2.493911790192515
SPY,PatchTST,2023-07-20,435.629638671875,2023-07-21,1,435.629638671875,394.3676452636719,0.0,-41.261993408203125,0.0,-1.0,False,1.0485610056967634,39.35106606485404,5.136837300029583,7673,expanding,original,PatchTST-HF-supervised-v1,5.15.0,cpu,"{""batch_size"":64,""context_length"":252,""d_model"":32,""dropout"":0.1,""ffn_dim"":64,""learning_rate"":0.001,""max_epochs"":30,""min_delta"":0.0001,""num_attention_heads"":4,""num_hidden_layers"":2,""patch_length"":21,""patch_stride"":7,""patience"":5,""prediction_length"":20,""seed"":2026,""validation_points"":252,""weight_decay"":0.0001,""window_stride"":5}",252,21,7,20,5,1430,47,2022-07-19,2022-07-20,2023-07-20,2023-07-20,2022-07-19,125.0589828491211,94.55372619628906,8,3,True,0.1116901189088821,5.12125800002832,0.0012238998897373,19540,True,True,,,41.261993408203125,1702.552100018598,2.8482078205514476
SPY,PatchTST,2023-07-20,435.629638671875,2023-07-27,5,435.92822265625,393.1848449707031,0.298583984375,-42.44479370117188,1.0,-1.0,False,1.0485610056967634,40.76384440516565,5.136837300029583,7673,expanding,original,PatchTST-HF-supervised-v1,5.15.0,cpu,"{""batch_size"":64,""context_length"":252,""d_model"":32,""dropout"":0.1,""ffn_dim"":64,""learning_rate"":0.001,""max_epochs"":30,""min_delta"":0.0001,""num_attention_heads"":4,""num_hidden_layers"":2,""patch_length"":21,""patch_stride"":7,""patience"":5,""prediction_length"":20,""seed"":2026,""validation_points"":252,""weight_decay"":0.0001,""window_stride"":5}",252,21,7,20,5,1430,47,2022-07-19,2022-07-20,2023-07-20,2023-07-20,2022-07-19,125.0589828491211,94.55372619628906,8,3,True,0.1116901189088821,5.12125800002832,0.0012238998897373,19540,True,True,,,42.74337768554688,1826.9963359693063,2.835698527258095
SPY,PatchTST,2023-07-20,435.629638671875,2023-08-17,20,420.32122802734375,387.0051879882813,-15.30841064453125,-48.62445068359375,-1.0,-1.0,True,1.0485610056967634,31.7731060549254,5.136837300029583,7673,expanding,original,PatchTST-HF-supervised-v1,5.15.0,cpu,"{""batch_size"":64,""context_length"":252,""d_model"":32,""dropout"":0.1,""ffn_dim"":64,""learning_rate"":0.001,""max_epochs"":30,""min_delta"":0.0001,""num_attention_heads"":4,""num_hidden_layers"":2,""patch_length"":21,""patch_stride"":7,""patience"":5,""prediction_length"":20,""seed"":2026,""validation_points"":252,""weight_decay"":0.0001,""window_stride"":5}",252,21,7,20,5,1430,47,2022-07-19,2022-07-20,2023-07-20,2023-07-20,2022-07-19,125.0589828491211,94.55372619628906,8,3,True,0.1116901189088821,5.12125800002832,0.0012238998897373,19540,True,True,,,33.3160400390625,1109.9585238844156,2.7703424886225245
SPY,PatchTST,2023-07-27,435.92822265625,2023-07-28,1,440.1961364746094,366.8178405761719,4.267913818359375,-69.11038208007812,1.0,-1.0,False,1.0486749418238048,69.9723937055476,4.413262999965809,7678,expanding,original,PatchTST-HF-supervised-v1,5.15.0,cpu,"{""batch_size"":64,""context_length"":252,""d_model"":32,""dropout"":0.1,""ffn_dim"":64,""learning_rate"":0.001,""max_epochs"":30,""min_delta"":0.0001,""num_attention_heads"":4,""num_hidden_layers"":2,""patch_length"":21,""patch_stride"":7,""patience"":5,""prediction_length"":20,""seed"":2026,""validation_points"":252,""weight_decay"":0.0001,""window_stride"":5}",252,21,7,20,5,1431,47,2022-07-26,2022-07-27,2023-07-27,2023-07-27,2022-07-26,125.2269058227539,94.7430191040039,7,2,True,0.0924574509263038,4.397263000020757,0.0011616999981924,19540,True,True,,,73.3782958984375,5384.37430895865,2.5499602718825347
SPY,PatchTST,2023-07-27,435.92822265625,2023-08-03,5,432.4118347167969,377.036376953125,-3.516387939453125,-58.891845703125,-1.0,-1.0,True,1.0486749418238048,52.805169223711545,4.413262999965809,7678,expanding,original,PatchTST-HF-supervised-v1,5.15.0,cpu,"{""batch_size"":64,""context_length"":252,""d_model"":32,""dropout"":0.1,""ffn_dim"":64,""learning_rate"":0.001,""max_epochs"":30,""min_delta"":0.0001,""num_attention_heads"":4,""num_hidden_layers"":2,""patch_length"":21,""patch_stride"":7,""patience"":5,""prediction_length"":20,""seed"":2026,""validation_points"":252,""weight_decay"":0.0001,""window_stride"":5}",252,21,7,20,5,1431,47,2022-07-26,2022-07-27,2023-07-27,2023-07-27,2022-07-26,125.2269058227539,94.7430191040039,7,2,True,0.0924574509263038,4.397263000020757,0.0011616999981924,19540,True,True,,,55.37545776367188,3066.441322536208,2.6578155679622992
SPY,PatchTST,2023-07-27,435.92822265625,2023-08-24,20,420.8992614746094,370.4862976074219,-15.028961181640623,-65.44192504882812,-1.0,-1.0,True,1.0486749418238048,48.073012767437454,4.413262999965809,7678,expanding,original,PatchTST-HF-supervised-v1,5.15.0,cpu,"{""batch_size"":64,""context_length"":252,""d_model"":32,""dropout"":0.1,""ffn_dim"":64,""learning_rate"":0.001,""max_epochs"":30,""min_delta"":0.0001,""num_attention_heads"":4,""num_hidden_layers"":2,""patch_length"":21,""patch_stride"":7,""patience"":5,""prediction_length"":20,""seed"":2026,""validation_points"":252,""weight_decay"":0.0001,""window_stride"":5}",252,21,7,20,5,1431,47,2022-07-26,2022-07-27,2023-07-27,2023-07-27,2022-07-26,125.2269058227539,94.7430191040039,7,2,True,0.0924574509263038,4.397263000020757,0.0011616999981924,19540,True,True,,,50.4129638671875,2541.4669258743525,2.588680349265998
SPY,PatchTST,2023-08-03,432.4118347167969,2023-08-04,1,430.4561462402344,346.9639587402344,-1.9556884765625,-85.4478759765625,-1.0,-1.0,True,1.0497794862651355,79.53307203310406,4.404711000039242,7683,expanding,original,PatchTST-HF-supervised-v1,5.15.0,cpu,"{""batch_size"":64,""context_length"":252,""d_model"":32,""dropout"":0.1,""ffn_dim"":64,""learning_rate"":0.001,""max_epochs"":30,""min_delta"":0.0001,""num_attention_heads"":4,""num_hidden_layers"":2,""patch_length"":21,""patch_stride"":7,""patience"":5,""prediction_length"":20,""seed"":2026,""validation_points"":252,""weight_decay"":0.0001,""window_stride"":5}",252,21,7,20,5,1432,47,2022-08-02,2022-08-03,2023-08-03,2023-08-03,2022-08-02,125.4026107788086,94.95294189453124,7,2,True,0.1294494718313217,4.386821800027974,0.0013368999352678,19540,True,True,,,83.4921875,6970.945373535156,2.3333805518898463
SPY,PatchTST,2023-08-03,432.4118347167969,2023-08-10,5,429.5890808105469,357.3283996582031,-2.82275390625,-75.08343505859375,-1.0,-1.0,True,1.0497794862651355,68.83415240797854,4.404711000039242,7683,expanding,original,PatchTST-HF-supervised-v1,5.15.0,cpu,"{""batch_size"":64,""context_length"":252,""d_model"":32,""dropout"":0.1,""ffn_dim"":64,""learning_rate"":0.001,""max_epochs"":30,""min_delta"":0.0001,""num_attention_heads"":4,""num_hidden_layers"":2,""patch_length"":21,""patch_stride"":7,""patience"":5,""prediction_length"":20,""seed"":2026,""validation_points"":252,""weight_decay"":0.0001,""window_stride"":5}",252,21,7,20,5,1432,47,2022-08-02,2022-08-03,2023-08-03,2023-08-03,2022-08-02,125.4026107788086,94.95294189453124,7,2,True,0.1294494718313217,4.386821800027974,0.0013368999352678,19540,True,True,,,72.26068115234375,5221.606040600687,2.4425339989676735
SPY,PatchTST,2023-08-03,432.4118347167969,2023-08-31,20,433.8666076660156,362.9054565429688,1.45477294921875,-69.50637817382812,1.0,-1.0,False,1.0497794862651355,67.5962447842353,4.404711000039242,7683,expanding,original,PatchTST-HF-supervised-v1,5.15.0,cpu,"{""batch_size"":64,""context_length"":252,""d_model"":32,""dropout"":0.1,""ffn_dim"":64,""learning_rate"":0.001,""max_epochs"":30,""min_delta"":0.0001,""num_attention_heads"":4,""num_hidden_layers"":2,""patch_length"":21,""patch_stride"":7,""patience"":5,""prediction_length"":20,""seed"":2026,""validation_points"":252,""weight_decay"":0.0001,""window_stride"":5}",252,21,7,20,5,1432,47,2022-08-02,2022-08-03,2023-08-03,2023-08-03,2022-08-02,125.4026107788086,94.95294189453124,7,2,True,0.1294494718313217,4.386821800027974,0.0013368999352678,19540,True,True,,,70.96115112304688,5035.484968707897,2.501268955183779
SPY,PatchTST,2023-08-10,429.5890808105469,2023-08-11,1,429.3385009765625,368.8405151367188,-0.250579833984375,-60.748565673828125,-1.0,-1.0,True,1.0504815459049803,57.59071739592083,4.403492899960838,7688,expanding,original,PatchTST-HF-supervised-v1,5.15.0,cpu,"{""batch_size"":64,""context_length"":252,""d_model"":32,""dropout"":0.1,""ffn_dim"":64,""learning_rate"":0.001,""max_epochs"":30,""min_delta"":0.0001,""num_attention_heads"":4,""num_hidden_layers"":2,""patch_length"":21,""patch_stride"":7,""patience"":5,""prediction_length"":20,""seed"":2026,""validation_points"":252,""weight_decay"":0.0001,""window_stride"":5}",252,21,7,20,5,1433,47,2022-08-09,2022-08-10,2023-08-10,2023-08-10,2022-08-09,125.58171081542967,95.17179870605467,7,2,True,0.1525675058364868,4.387326700030826,0.0012617000611498,19540,True,True,,,60.49798583984375,3660.006290677935,2.5559967094098157
SPY,PatchTST,2023-08-10,429.5890808105469,2023-08-17,5,420.32122802734375,355.40167236328125,-9.267852783203123,-74.18740844726562,-1.0,-1.0,True,1.0504815459049803,61.79980592437242,4.403492899960838,7688,expanding,original,PatchTST-HF-supervised-v1,5.15.0,cpu,"{""batch_size"":64,""context_length"":252,""d_model"":32,""dropout"":0.1,""ffn_dim"":64,""learning_rate"":0.001,""max_epochs"":30,""min_delta"":0.0001,""num_attention_heads"":4,""num_hidden_layers"":2,""patch_length"":21,""patch_stride"":7,""patience"":5,""prediction_length"":20,""seed"":2026,""validation_points"":252,""weight_decay"":0.0001,""window_stride"":5}",252,21,7,20,5,1433,47,2022-08-09,2022-08-10,2023-08-10,2023-08-10,2022-08-09,125.58171081542967,95.17179870605467,7,2,True,0.1525675058364868,4.387326700030826,0.0012617000611498,19540,True,True,,,64.9195556640625,4214.548707619309,2.414790564772953
SPY,PatchTST,2023-08-10,429.5890808105469,2023-09-08,20,429.2133483886719,358.6055603027344,-0.375732421875,-70.9835205078125,-1.0,-1.0,True,1.0504815459049803,67.21468678929483,4.403492899960838,7688,expanding,original,PatchTST-HF-supervised-v1,5.15.0,cpu,"{""batch_size"":64,""context_length"":252,""d_model"":32,""dropout"":0.1,""ffn_dim"":64,""learning_rate"":0.001,""max_epochs"":30,""min_delta"":0.0001,""num_attention_heads"":4,""num_hidden_layers"":2,""patch_length"":21,""patch_stride"":7,""patience"":5,""prediction_length"":20,""seed"":2026,""validation_points"":252,""weight_decay"":0.0001,""window_stride"":5}",252,21,7,20,5,1433,47,2022-08-09,2022-08-10,2023-08-10,2023-08-10,2022-08-09,125.58171081542967,95.17179870605467,7,2,True,0.1525675058364868,4.387326700030826,0.0012617000611498,19540,True,True,,,70.6077880859375,4985.459738388658,2.4484548222842415
SPY,PatchTST,2023-08-17,420.32122802734375,2023-08-18,1,420.52349853515625,367.1088562011719,0.2022705078125,-53.21237182617188,1.0,-1.0,False,1.0516198138922874,50.792731012060784,4.326846300042234,7693,expanding,original,PatchTST-HF-supervised-v1,5.15.0,cpu,"{""batch_size"":64,""context_length"":252,""d_model"":32,""dropout"":0.1,""ffn_dim"":64,""learning_rate"":0.001,""max_epochs"":30,""min_delta"":0.0001,""num_attention_heads"":4,""num_hidden_layers"":2,""patch_length"":21,""patch_stride"":7,""patience"":5,""prediction_length"":20,""seed"":2026,""validation_points"":252,""weight_decay"":0.0001,""window_stride"":5}",252,21,7,20,5,1434,47,2022-08-16,2022-08-17,2023-08-17,2023-08-17,2022-08-16,125.76811981201172,95.41105651855467,7,2,True,0.1241575554013252,4.311431600013748,0.0014901000540703,19540,True,True,,,53.414642333984375,2853.124015667476,2.5294839528606037
SPY,PatchTST,2023-08-17,420.32122802734375,2023-08-24,5,420.8992614746094,360.3195190429688,0.578033447265625,-60.001708984375,1.0,-1.0,False,1.0516198138922874,57.60612498106234,4.326846300042234,7693,expanding,original,PatchTST-HF-supervised-v1,5.15.0,cpu,"{""batch_size"":64,""context_length"":252,""d_model"":32,""dropout"":0.1,""ffn_dim"":64,""learning_rate"":0.001,""max_epochs"":30,""min_delta"":0.0001,""num_attention_heads"":4,""num_hidden_layers"":2,""patch_length"":21,""patch_stride"":7,""patience"":5,""prediction_length"":20,""seed"":2026,""validation_points"":252,""weight_decay"":0.0001,""window_stride"":5}",252,21,7,20,5,1434,47,2022-08-16,2022-08-17,2023-08-17,2023-08-17,2022-08-16,125.76811981201172,95.41105651855467,7,2,True,0.1241575554013252,4.311431600013748,0.0014901000540703,19540,True,True,,,60.57974243164063,3669.90519308392,2.458325143746246
SPY,PatchTST,2023-08-17,420.32122802734375,2023-09-15,20,428.6487121582031,364.8437194824219,8.327484130859375,-55.47750854492188,1.0,-1.0,False,1.0516198138922874,60.67306058034819,4.326846300042234,7693,expanding,original,PatchTST-HF-supervised-v1,5.15.0,cpu,"{""batch_size"":64,""context_length"":252,""d_model"":32,""dropout"":0.1,""ffn_dim"":64,""learning_rate"":0.001,""max_epochs"":30,""min_delta"":0.0001,""num_attention_heads"":4,""num_hidden_layers"":2,""patch_length"":21,""patch_stride"":7,""patience"":5,""prediction_length"":20,""seed"":2026,""validation_points"":252,""weight_decay"":0.0001,""window_stride"":5}",252,21,7,20,5,1434,47,2022-08-16,2022-08-17,2023-08-17,2023-08-17,2022-08-16,125.76811981201172,95.41105651855467,7,2,True,0.1241575554013252,4.311431600013748,0.0014901000540703,19540,True,True,,,63.80499267578125,4071.077090356499,2.5057431328613045
SPY,PatchTST,2023-08-24,420.8992614746094,2023-08-25,1,423.8665161132813,394.5054931640625,2.967254638671932,-26.393768310546875,1.0,-1.0,False,1.0528467323805772,27.887271761608645,7.379144300008193,7698,expanding,original,PatchTST-HF-supervised-v1,5.15.0,cpu,"{""batch_size"":64,""context_length"":252,""d_model"":32,""dropout"":0.1,""ffn_dim"":64,""learning_rate"":0.001,""max_epochs"":30,""min_delta"":0.0001,""num_attention_heads"":4,""num_hidden_layers"":2,""patch_length"":21,""patch_stride"":7,""patience"":5,""prediction_length"":20,""seed"":2026,""validation_points"":252,""weight_decay"":0.0001,""window_stride"":5}",252,21,7,20,5,1435,47,2022-08-23,2022-08-24,2023-08-24,2023-08-24,2022-08-23,125.95130920410156,95.64060974121094,12,7,True,0.1186224520206451,7.362690699985251,0.0017616999102756,19540,True,True,,,29.361022949218807,862.0696686245534,2.8079513993755167
SPY,PatchTST,2023-08-24,420.8992614746094,2023-08-31,5,433.8666076660156,395.7122192382813,12.96734619140625,-25.187042236328125,1.0,-1.0,False,1.0528467323805772,36.239261854822885,7.379144300008193,7698,expanding,original,PatchTST-HF-supervised-v1,5.15.0,cpu,"{""batch_size"":64,""context_length"":252,""d_model"":32,""dropout"":0.1,""ffn_dim"":64,""learning_rate"":0.001,""max_epochs"":30,""min_delta"":0.0001,""num_attention_heads"":4,""num_hidden_layers"":2,""patch_length"":21,""patch_stride"":7,""patience"":5,""prediction_length"":20,""seed"":2026,""validation_points"":252,""weight_decay"":0.0001,""window_stride"":5}",252,21,7,20,5,1435,47,2022-08-23,2022-08-24,2023-08-24,2023-08-24,2022-08-23,125.95130920410156,95.64060974121094,12,7,True,0.1186224520206451,7.362690699985251,0.0017616999102756,19540,True,True,,,38.154388427734375,1455.7573562944308,2.820568697377736
SPY,PatchTST,2023-08-24,420.8992614746094,2023-09-22,20,416.1286926269531,396.02001953125,-4.77056884765625,-24.87924194335937,-1.0,-1.0,True,1.0528467323805772,19.099335617669325,7.379144300008193,7698,expanding,original,PatchTST-HF-supervised-v1,5.15.0,cpu,"{""batch_size"":64,""context_length"":252,""d_model"":32,""dropout"":0.1,""ffn_dim"":64,""learning_rate"":0.001,""max_epochs"":30,""min_delta"":0.0001,""num_attention_heads"":4,""num_hidden_layers"":2,""patch_length"":21,""patch_stride"":7,""patience"":5,""prediction_length"":20,""seed"":2026,""validation_points"":252,""weight_decay"":0.0001,""window_stride"":5}",252,21,7,20,5,1435,47,2022-08-23,2022-08-24,2023-08-24,2023-08-24,2022-08-23,125.95130920410156,95.64060974121094,12,7,True,0.1186224520206451,7.362690699985251,0.0017616999102756,19540,True,True,,,20.108673095703125,404.3587336698547,2.823786998618198
SPY,PatchTST,2023-08-31,433.8666076660156,2023-09-01,1,434.67578125,393.029296875,0.809173583984375,-40.837310791015625,1.0,-1.0,False,1.0540119776382786,39.51234450704929,4.870825899997726,7703,expanding,original,PatchTST-HF-supervised-v1,5.15.0,cpu,"{""batch_size"":64,""context_length"":252,""d_model"":32,""dropout"":0.1,""ffn_dim"":64,""learning_rate"":0.001,""max_epochs"":30,""min_delta"":0.0001,""num_attention_heads"":4,""num_hidden_layers"":2,""patch_length"":21,""patch_stride"":7,""patience"":5,""prediction_length"":20,""seed"":2026,""validation_points"":252,""weight_decay"":0.0001,""window_stride"":5}",252,21,7,20,5,1436,47,2022-08-30,2022-08-31,2023-08-31,2023-08-31,2022-08-30,126.12623596191406,95.8467025756836,8,3,True,0.1141605600714683,4.853068200056441,0.001179999904707,19540,True,True,,,41.646484375,1734.4296607971191,2.7846869400888448
SPY,PatchTST,2023-08-31,433.8666076660156,2023-09-08,5,429.2133483886719,395.9560546875,-4.65325927734375,-37.910552978515625,-1.0,-1.0,True,1.0540119776382786,31.553051015313308,4.870825899997726,7703,expanding,original,PatchTST-HF-supervised-v1,5.15.0,cpu,"{""batch_size"":64,""context_length"":252,""d_model"":32,""dropout"":0.1,""ffn_dim"":64,""learning_rate"":0.001,""max_epochs"":30,""min_delta"":0.0001,""num_attention_heads"":4,""num_hidden_layers"":2,""patch_length"":21,""patch_stride"":7,""patience"":5,""prediction_length"":20,""seed"":2026,""validation_points"":252,""weight_decay"":0.0001,""window_stride"":5}",252,21,7,20,5,1436,47,2022-08-30,2022-08-31,2023-08-31,2023-08-31,2022-08-30,126.12623596191406,95.8467025756836,8,3,True,0.1141605600714683,4.853068200056441,0.001179999904707,19540,True,True,,,33.257293701171875,1106.0475843260065,2.8152227617065884
SPY,PatchTST,2023-08-31,433.8666076660156,2023-09-29,20,413.2862548828125,397.5181884765625,-20.580352783203125,-36.348419189453125,-1.0,-1.0,True,1.0540119776382786,14.960044800991216,4.870825899997726,7703,expanding,original,PatchTST-HF-supervised-v1,5.15.0,cpu,"{""batch_size"":64,""context_length"":252,""d_model"":32,""dropout"":0.1,""ffn_dim"":64,""learning_rate"":0.001,""max_epochs"":30,""min_delta"":0.0001,""num_attention_heads"":4,""num_hidden_layers"":2,""patch_length"":21,""patch_stride"":7,""patience"":5,""prediction_length"":20,""seed"":2026,""validation_points"":252,""weight_decay"":0.0001,""window_stride"":5}",252,21,7,20,5,1436,47,2022-08-30,2022-08-31,2023-08-31,2023-08-31,2022-08-30,126.12623596191406,95.8467025756836,8,3,True,0.1141605600714683,4.853068200056441,0.001179999904707,19540,True,True,,,15.76806640625,248.6319181919098,2.831521014511154
SPY,PatchTST,2023-09-08,429.2133483886719,2023-09-11,1,432.0361328125,399.408203125,2.822784423828125,-29.805145263671875,1.0,-1.0,False,1.054309426725058,30.94720473936224,4.855652600061148,7708,expanding,original,PatchTST-HF-supervised-v1,5.15.0,cpu,"{""batch_size"":64,""context_length"":252,""d_model"":32,""dropout"":0.1,""ffn_dim"":64,""learning_rate"":0.001,""max_epochs"":30,""min_delta"":0.0001,""num_attention_heads"":4,""num_hidden_layers"":2,""patch_length"":21,""patch_stride"":7,""patience"":5,""prediction_length"":20,""seed"":2026,""validation_points"":252,""weight_decay"":0.0001,""window_stride"":5}",252,21,7,20,5,1437,47,2022-09-07,2022-09-08,2023-09-08,2023-09-08,2022-09-07,126.29240417480467,96.02909088134766,8,3,True,0.1147184893488884,4.840316600049846,0.0011246000649407,19540,True,True,,,32.6279296875,1064.5817956924438,2.8440943931006677
SPY,PatchTST,2023-09-08,429.2133483886719,2023-09-15,5,428.6487121582031,405.8447265625,-0.56463623046875,-23.368621826171875,-1.0,-1.0,True,1.054309426725058,21.62931016043161,4.855652600061148,7708,expanding,original,PatchTST-HF-supervised-v1,5.15.0,cpu,"{""batch_size"":64,""context_length"":252,""d_model"":32,""dropout"":0.1,""ffn_dim"":64,""learning_rate"":0.001,""max_epochs"":30,""min_delta"":0.0001,""num_attention_heads"":4,""num_hidden_layers"":2,""patch_length"":21,""patch_stride"":7,""patience"":5,""prediction_length"":20,""seed"":2026,""validation_points"":252,""weight_decay"":0.0001,""window_stride"":5}",252,21,7,20,5,1437,47,2022-09-07,2022-09-08,2023-09-08,2023-09-08,2022-09-07,126.29240417480467,96.02909088134766,8,3,True,0.1147184893488884,4.840316600049846,0.0011246000649407,19540,True,True,,,22.803985595703125,520.0217590490356,2.9111212011067216
SPY,PatchTST,2023-09-08,429.2133483886719,2023-10-06,20,415.2779235839844,403.650390625,-13.9354248046875,-25.562957763671875,-1.0,-1.0,True,1.054309426725058,11.02857725089524,4.855652600061148,7708,expanding,original,PatchTST-HF-supervised-v1,5.15.0,cpu,"{""batch_size"":64,""context_length"":252,""d_model"":32,""dropout"":0.1,""ffn_dim"":64,""learning_rate"":0.001,""max_epochs"":30,""min_delta"":0.0001,""num_attention_heads"":4,""num_hidden_layers"":2,""patch_length"":21,""patch_stride"":7,""patience"":5,""prediction_length"":20,""seed"":2026,""validation_points"":252,""weight_decay"":0.0001,""window_stride"":5}",252,21,7,20,5,1437,47,2022-09-07,2022-09-08,2023-09-08,2023-09-08,2022-09-07,126.29240417480467,96.02909088134766,8,3,True,0.1147184893488884,4.840316600049846,0.0011246000649407,19540,True,True,,,11.627532958984377,135.19952271226794,2.888270459551631
SPY,PatchTST,2023-09-15,428.6487121582031,2023-09-18,1,428.9001159667969,398.6310729980469,0.25140380859375,-30.01763916015625,1.0,-1.0,False,1.0555229830049382,28.676820359304664,8.440630300086923,7713,expanding,original,PatchTST-HF-supervised-v1,5.15.0,cpu,"{""batch_size"":64,""context_length"":252,""d_model"":32,""dropout"":0.1,""ffn_dim"":64,""learning_rate"":0.001,""max_epochs"":30,""min_delta"":0.0001,""num_attention_heads"":4,""num_hidden_layers"":2,""patch_length"":21,""patch_stride"":7,""patience"":5,""prediction_length"":20,""seed"":2026,""validation_points"":252,""weight_decay"":0.0001,""window_stride"":5}",252,21,7,20,5,1438,47,2022-09-14,2022-09-15,2023-09-15,2023-09-15,2022-09-14,126.46258544921876,96.22174072265624,14,9,True,0.1091614067554473,8.425798200070858,0.0011419999646022,19540,True,True,,,30.26904296875,916.2149622440338,2.8285550178655594
SPY,PatchTST,2023-09-15,428.6487121582031,2023-09-22,5,416.1286926269531,399.3767700195313,-12.52001953125,-29.271942138671875,-1.0,-1.0,True,1.0555229830049382,15.870732212510717,8.440630300086923,7713,expanding,original,PatchTST-HF-supervised-v1,5.15.0,cpu,"{""batch_size"":64,""context_length"":252,""d_model"":32,""dropout"":0.1,""ffn_dim"":64,""learning_rate"":0.001,""max_epochs"":30,""min_delta"":0.0001,""num_attention_heads"":4,""num_hidden_layers"":2,""patch_length"":21,""patch_stride"":7,""patience"":5,""prediction_length"":20,""seed"":2026,""validation_points"":252,""weight_decay"":0.0001,""window_stride"":5}",252,21,7,20,5,1438,47,2022-09-14,2022-09-15,2023-09-15,2023-09-15,2022-09-14,126.46258544921876,96.22174072265624,14,9,True,0.1091614067554473,8.425798200070858,0.0011419999646022,19540,True,True,,,16.751922607421875,280.6269110450521,2.836304794744298
SPY,PatchTST,2023-09-15,428.6487121582031,2023-10-13,20,417.1728210449219,399.92669677734375,-11.47589111328125,-28.72201538085937,-1.0,-1.0,True,1.0555229830049382,16.33893770695606,8.440630300086923,7713,expanding,original,PatchTST-HF-supervised-v1,5.15.0,cpu,"{""batch_size"":64,""context_length"":252,""d_model"":32,""dropout"":0.1,""ffn_dim"":64,""learning_rate"":0.001,""max_epochs"":30,""min_delta"":0.0001,""num_attention_heads"":4,""num_hidden_layers"":2,""patch_length"":21,""patch_stride"":7,""patience"":5,""prediction_length"":20,""seed"":2026,""validation_points"":252,""weight_decay"":0.0001,""window_stride"":5}",252,21,7,20,5,1438,47,2022-09-14,2022-09-15,2023-09-15,2023-09-15,2022-09-14,126.46258544921876,96.22174072265624,14,9,True,0.1091614067554473,8.425798200070858,0.0011419999646022,19540,True,True,,,17.246124267578125,297.4288022527471,2.8420199975007887
SPY,PatchTST,2023-09-22,416.1286926269531,2023-09-25,1,417.8786010742188,399.8363342285156,1.7499084472656818,-16.2923583984375,1.0,-1.0,False,1.0565266388599872,17.076963497267933,4.796046900097281,7718,expanding,original,PatchTST-HF-supervised-v1,5.15.0,cpu,"{""batch_size"":64,""context_length"":252,""d_model"":32,""dropout"":0.1,""ffn_dim"":64,""learning_rate"":0.001,""max_epochs"":30,""min_delta"":0.0001,""num_attention_heads"":4,""num_hidden_layers"":2,""patch_length"":21,""patch_stride"":7,""patience"":5,""prediction_length"":20,""seed"":2026,""validation_points"":252,""weight_decay"":0.0001,""window_stride"":5}",252,21,7,20,5,1439,47,2022-09-21,2022-09-22,2023-09-22,2023-09-22,2022-09-21,126.62319946289062,96.38943481445312,8,3,True,0.1029592305421829,4.780079099931754,0.0014156000688672,19540,True,True,,,18.042266845703185,325.52339293156024,2.8344717996485027
SPY,PatchTST,2023-09-22,416.1286926269531,2023-09-29,5,413.2862548828125,404.9338073730469,-2.842437744140625,-11.19488525390625,-1.0,-1.0,True,1.0565266388599872,7.905572091185584,4.796046900097281,7718,expanding,original,PatchTST-HF-supervised-v1,5.15.0,cpu,"{""batch_size"":64,""context_length"":252,""d_model"":32,""dropout"":0.1,""ffn_dim"":64,""learning_rate"":0.001,""max_epochs"":30,""min_delta"":0.0001,""num_attention_heads"":4,""num_hidden_layers"":2,""patch_length"":21,""patch_stride"":7,""patience"":5,""prediction_length"":20,""seed"":2026,""validation_points"":252,""weight_decay"":0.0001,""window_stride"":5}",252,21,7,20,5,1439,47,2022-09-21,2022-09-22,2023-09-22,2023-09-22,2022-09-21,126.62319946289062,96.38943481445312,8,3,True,0.1029592305421829,4.780079099931754,0.0014156000688672,19540,True,True,,,8.352447509765625,69.76337940338999,2.887355947733236
SPY,PatchTST,2023-09-22,416.1286926269531,2023-10-20,20,407.2052307128906,403.1990356445313,-8.9234619140625,-12.929656982421877,-1.0,-1.0,True,1.0565266388599872,3.7918542902828634,4.796046900097281,7718,expanding,original,PatchTST-HF-supervised-v1,5.15.0,cpu,"{""batch_size"":64,""context_length"":252,""d_model"":32,""dropout"":0.1,""ffn_dim"":64,""learning_rate"":0.001,""max_epochs"":30,""min_delta"":0.0001,""num_attention_heads"":4,""num_hidden_layers"":2,""patch_length"":21,""patch_stride"":7,""patience"":5,""prediction_length"":20,""seed"":2026,""validation_points"":252,""weight_decay"":0.0001,""window_stride"":5}",252,21,7,20,5,1439,47,2022-09-21,2022-09-22,2023-09-22,2023-09-22,2022-09-21,126.62319946289062,96.38943481445312,8,3,True,0.1029592305421829,4.780079099931754,0.0014156000688672,19540,True,True,,,4.006195068359375,16.049598925746977,2.8693584179017253
SPY,PatchTST,2023-09-29,413.2862548828125,2023-10-02,1,413.1219787597656,404.5204772949219,-0.164276123046875,-8.765777587890625,-1.0,-1.0,True,1.0573249081816891,8.135154481166994,4.887840999988839,7723,expanding,original,PatchTST-HF-supervised-v1,5.15.0,cpu,"{""batch_size"":64,""context_length"":252,""d_model"":32,""dropout"":0.1,""ffn_dim"":64,""learning_rate"":0.001,""max_epochs"":30,""min_delta"":0.0001,""num_attention_heads"":4,""num_hidden_layers"":2,""patch_length"":21,""patch_stride"":7,""patience"":5,""prediction_length"":20,""seed"":2026,""validation_points"":252,""weight_decay"":0.0001,""window_stride"":5}",252,21,7,20,5,1440,47,2022-09-28,2022-09-29,2023-09-29,2023-09-29,2022-09-28,126.77291870117188,96.53076934814452,8,3,True,0.094988502562046,4.870332599966787,0.0011598001001402,19540,True,True,,,8.60150146484375,73.98582744970918,2.8772956070829117
SPY,PatchTST,2023-09-29,413.2862548828125,2023-10-06,5,415.2779235839844,402.58984375,1.991668701171875,-10.6964111328125,1.0,-1.0,False,1.0573249081816891,12.00017112602068,4.887840999988839,7723,expanding,original,PatchTST-HF-supervised-v1,5.15.0,cpu,"{""batch_size"":64,""context_length"":252,""d_model"":32,""dropout"":0.1,""ffn_dim"":64,""learning_rate"":0.001,""max_epochs"":30,""min_delta"":0.0001,""num_attention_heads"":4,""num_hidden_layers"":2,""patch_length"":21,""patch_stride"":7,""patience"":5,""prediction_length"":20,""seed"":2026,""validation_points"":252,""weight_decay"":0.0001,""window_stride"":5}",252,21,7,20,5,1440,47,2022-09-28,2022-09-29,2023-09-29,2023-09-29,2022-09-28,126.77291870117188,96.53076934814452,8,3,True,0.094988502562046,4.870332599966787,0.0011598001001402,19540,True,True,,,12.688079833984377,160.98736987356097,2.8572954189775115
SPY,PatchTST,2023-09-29,413.2862548828125,2023-10-27,20,397.0441284179688,404.3965759277344,-16.242126464843693,-8.889678955078125,-1.0,-1.0,True,1.0573249081816891,6.953820394158475,4.887840999988839,7723,expanding,original,PatchTST-HF-supervised-v1,5.15.0,cpu,"{""batch_size"":64,""context_length"":252,""d_model"":32,""dropout"":0.1,""ffn_dim"":64,""learning_rate"":0.001,""max_epochs"":30,""min_delta"":0.0001,""num_attention_heads"":4,""num_hidden_layers"":2,""patch_length"":21,""patch_stride"":7,""patience"":5,""prediction_length"":20,""seed"":2026,""validation_points"":252,""weight_decay"":0.0001,""window_stride"":5}",252,21,7,20,5,1440,47,2022-09-28,2022-09-29,2023-09-29,2023-09-29,2022-09-28,126.77291870117188,96.53076934814452,8,3,True,0.094988502562046,4.870332599966787,0.0011598001001402,19540,True,True,,,7.352447509765568,54.0584843838579,2.8760120643532288
SPY,PatchTST,2023-10-06,415.2779235839844,2023-10-09,1,417.93658447265625,405.47796630859375,2.658660888671875,-9.799957275390623,1.0,-1.0,False,1.0584124385793754,11.771042846760883,9.928879199898802,7728,expanding,original,PatchTST-HF-supervised-v1,5.15.0,cpu,"{""batch_size"":64,""context_length"":252,""d_model"":32,""dropout"":0.1,""ffn_dim"":64,""learning_rate"":0.001,""max_epochs"":30,""min_delta"":0.0001,""num_attention_heads"":4,""num_hidden_layers"":2,""patch_length"":21,""patch_stride"":7,""patience"":5,""prediction_length"":20,""seed"":2026,""validation_points"":252,""weight_decay"":0.0001,""window_stride"":5}",252,21,7,20,5,1441,47,2022-10-05,2022-10-06,2023-10-06,2023-10-06,2022-10-05,126.92259979248048,96.67198944091795,16,11,True,0.0863322019577026,9.912026099977084,0.0012861000141128,19540,True,True,,,12.4586181640625,155.21716655790806,2.881448578094642
SPY,PatchTST,2023-10-06,415.2779235839844,2023-10-13,5,417.1728210449219,406.3726501464844,1.8948974609375,-8.9052734375,1.0,-1.0,False,1.0584124385793754,10.204123179933267,9.928879199898802,7728,expanding,original,PatchTST-HF-supervised-v1,5.15.0,cpu,"{""batch_size"":64,""context_length"":252,""d_model"":32,""dropout"":0.1,""ffn_dim"":64,""learning_rate"":0.001,""max_epochs"":30,""min_delta"":0.0001,""num_attention_heads"":4,""num_hidden_layers"":2,""patch_length"":21,""patch_stride"":7,""patience"":5,""prediction_length"":20,""seed"":2026,""validation_points"":252,""weight_decay"":0.0001,""window_stride"":5}",252,21,7,20,5,1441,47,2022-10-05,2022-10-06,2023-10-06,2023-10-06,2022-10-05,126.92259979248048,96.67198944091795,16,11,True,0.0863322019577026,9.912026099977084,0.0012861000141128,19540,True,True,,,10.8001708984375,116.64369143545628,2.890703418540823
SPY,PatchTST,2023-10-06,415.2779235839844,2023-11-03,20,420.25689697265625,409.2417602539063,4.978973388671875,-6.036163330078125,1.0,-1.0,False,1.0584124385793754,10.407225309572857,9.928879199898802,7728,expanding,original,PatchTST-HF-supervised-v1,5.15.0,cpu,"{""batch_size"":64,""context_length"":252,""d_model"":32,""dropout"":0.1,""ffn_dim"":64,""learning_rate"":0.001,""max_epochs"":30,""min_delta"":0.0001,""num_attention_heads"":4,""num_hidden_layers"":2,""patch_length"":21,""patch_stride"":7,""patience"":5,""prediction_length"":20,""seed"":2026,""validation_points"":252,""weight_decay"":0.0001,""window_stride"":5}",252,21,7,20,5,1441,47,2022-10-05,2022-10-06,2023-10-06,2023-10-06,2022-10-05,126.92259979248048,96.67198944091795,16,11,True,0.0863322019577026,9.912026099977084,0.0012861000141128,19540,True,True,,,11.01513671875,121.33323693275452,2.9203822337179477
SPY,PatchTST,2023-10-13,417.1728210449219,2023-10-16,1,421.5620727539063,404.069091796875,4.389251708984432,-13.103729248046877,1.0,-1.0,False,1.0591784554692176,16.515612517138948,4.997630999889225,7733,expanding,original,PatchTST-HF-supervised-v1,5.15.0,cpu,"{""batch_size"":64,""context_length"":252,""d_model"":32,""dropout"":0.1,""ffn_dim"":64,""learning_rate"":0.001,""max_epochs"":30,""min_delta"":0.0001,""num_attention_heads"":4,""num_hidden_layers"":2,""patch_length"":21,""patch_stride"":7,""patience"":5,""prediction_length"":20,""seed"":2026,""validation_points"":252,""weight_decay"":0.0001,""window_stride"":5}",252,21,7,20,5,1442,47,2022-10-12,2022-10-13,2023-10-13,2023-10-13,2022-10-12,127.06810760498048,96.80341339111328,8,3,True,0.0769392848014831,4.983753000036813,0.0012828999897465,19540,True,True,,,17.492980957031307,306.00438276305994,2.861479512842506
SPY,PatchTST,2023-10-13,417.1728210449219,2023-10-20,5,407.2052307128906,411.3451232910156,-9.96759033203125,-5.82769775390625,-1.0,-1.0,True,1.0591784554692176,3.908588356143462,4.997630999889225,7733,expanding,original,PatchTST-HF-supervised-v1,5.15.0,cpu,"{""batch_size"":64,""context_length"":252,""d_model"":32,""dropout"":0.1,""ffn_dim"":64,""learning_rate"":0.001,""max_epochs"":30,""min_delta"":0.0001,""num_attention_heads"":4,""num_hidden_layers"":2,""patch_length"":21,""patch_stride"":7,""patience"":5,""prediction_length"":20,""seed"":2026,""validation_points"":252,""weight_decay"":0.0001,""window_stride"":5}",252,21,7,20,5,1442,47,2022-10-12,2022-10-13,2023-10-13,2023-10-13,2022-10-12,127.06810760498048,96.80341339111328,8,3,True,0.0769392848014831,4.983753000036813,0.0012828999897465,19540,True,True,,,4.139892578125,17.13871055841446,2.936642477032037
SPY,PatchTST,2023-10-13,417.1728210449219,2023-11-10,20,425.9802856445313,405.8367004394531,8.807464599609432,-11.33612060546875,1.0,-1.0,False,1.0591784554692176,19.01812211253348,4.997630999889225,7733,expanding,original,PatchTST-HF-supervised-v1,5.15.0,cpu,"{""batch_size"":64,""context_length"":252,""d_model"":32,""dropout"":0.1,""ffn_dim"":64,""learning_rate"":0.001,""max_epochs"":30,""min_delta"":0.0001,""num_attention_heads"":4,""num_hidden_layers"":2,""patch_length"":21,""patch_stride"":7,""patience"":5,""prediction_length"":20,""seed"":2026,""validation_points"":252,""weight_decay"":0.0001,""window_stride"":5}",252,21,7,20,5,1442,47,2022-10-12,2022-10-13,2023-10-13,2023-10-13,2022-10-12,127.06810760498048,96.80341339111328,8,3,True,0.0769392848014831,4.983753000036813,0.0012828999897465,19540,True,True,,,20.143585205078185,405.7640249142446,2.879739288822062
SPY,PatchTST,2023-10-20,407.2052307128906,2023-10-23,1,406.4993591308594,411.5704345703125,-0.70587158203125,4.365203857421875,-1.0,1.0,False,1.06091688140597,4.779898904740521,5.461537400027737,7738,expanding,original,PatchTST-HF-supervised-v1,5.15.0,cpu,"{""batch_size"":64,""context_length"":252,""d_model"":32,""dropout"":0.1,""ffn_dim"":64,""learning_rate"":0.001,""max_epochs"":30,""min_delta"":0.0001,""num_attention_heads"":4,""num_hidden_layers"":2,""patch_length"":21,""patch_stride"":7,""patience"":5,""prediction_length"":20,""seed"":2026,""validation_points"":252,""weight_decay"":0.0001,""window_stride"":5}",252,21,7,20,5,1443,47,2022-10-19,2022-10-20,2023-10-20,2023-10-20,2022-10-19,127.2159194946289,96.93991088867188,9,4,True,0.0692057162523269,5.446189200039953,0.0014470999594777,19540,True,True,,,5.071075439453125,25.715806112624705,2.9333069575671793
SPY,PatchTST,2023-10-20,407.2052307128906,2023-10-27,5,397.0441284179688,413.2796020507813,-10.161102294921818,6.074371337890625,-1.0,1.0,False,1.06091688140597,15.303247518595931,5.461537400027737,7738,expanding,original,PatchTST-HF-supervised-v1,5.15.0,cpu,"{""batch_size"":64,""context_length"":252,""d_model"":32,""dropout"":0.1,""ffn_dim"":64,""learning_rate"":0.001,""max_epochs"":30,""min_delta"":0.0001,""num_attention_heads"":4,""num_hidden_layers"":2,""patch_length"":21,""patch_stride"":7,""patience"":5,""prediction_length"":20,""seed"":2026,""validation_points"":252,""weight_decay"":0.0001,""window_stride"":5}",252,21,7,20,5,1443,47,2022-10-19,2022-10-20,2023-10-20,2023-10-20,2022-10-19,127.2159194946289,96.93991088867188,9,4,True,0.0692057162523269,5.446189200039953,0.0014470999594777,19540,True,True,,,16.235473632812443,263.5906040817481,2.950938162968551
SPY,PatchTST,2023-10-20,407.2052307128906,2023-11-17,20,435.8223571777344,411.11669921875,28.61712646484375,3.911468505859375,1.0,1.0,True,1.06091688140597,23.28708157253888,5.461537400027737,7738,expanding,original,PatchTST-HF-supervised-v1,5.15.0,cpu,"{""batch_size"":64,""context_length"":252,""d_model"":32,""dropout"":0.1,""ffn_dim"":64,""learning_rate"":0.001,""max_epochs"":30,""min_delta"":0.0001,""num_attention_heads"":4,""num_hidden_layers"":2,""patch_length"":21,""patch_stride"":7,""patience"":5,""prediction_length"":20,""seed"":2026,""validation_points"":252,""weight_decay"":0.0001,""window_stride"":5}",252,21,7,20,5,1443,47,2022-10-19,2022-10-20,2023-10-20,2023-10-20,2022-10-19,127.2159194946289,96.93991088867188,9,4,True,0.0692057162523269,5.446189200039953,0.0014470999594777,19540,True,True,,,24.70565795898437,610.369535186328,2.9286263740242093
SPY,PatchTST,2023-10-27,397.0441284179688,2023-10-30,1,401.7911071777344,414.0250549316406,4.746978759765568,16.980926513671818,1.0,1.0,True,1.062335906919353,11.51608231842905,9.71242890006397,7743,expanding,original,PatchTST-HF-supervised-v1,5.15.0,cpu,"{""batch_size"":64,""context_length"":252,""d_model"":32,""dropout"":0.1,""ffn_dim"":64,""learning_rate"":0.001,""max_epochs"":30,""min_delta"":0.0001,""num_attention_heads"":4,""num_hidden_layers"":2,""patch_length"":21,""patch_stride"":7,""patience"":5,""prediction_length"":20,""seed"":2026,""validation_points"":252,""weight_decay"":0.0001,""window_stride"":5}",252,21,7,20,5,1444,47,2022-10-26,2022-10-27,2023-10-27,2023-10-27,2022-10-26,127.37057495117188,97.09230041503906,16,11,True,0.063477985560894,9.69460839999374,0.0015647000400349,19540,True,True,,,12.23394775390625,149.66947764530778,2.952391474453803
SPY,PatchTST,2023-10-27,397.0441284179688,2023-11-03,5,420.25689697265625,416.7678527832031,23.212768554687443,19.72372436523432,1.0,1.0,True,1.062335906919353,3.2843135271318613,9.71242890006397,7743,expanding,original,PatchTST-HF-supervised-v1,5.15.0,cpu,"{""batch_size"":64,""context_length"":252,""d_model"":32,""dropout"":0.1,""ffn_dim"":64,""learning_rate"":0.001,""max_epochs"":30,""min_delta"":0.0001,""num_attention_heads"":4,""num_hidden_layers"":2,""patch_length"":21,""patch_stride"":7,""patience"":5,""prediction_length"":20,""seed"":2026,""validation_points"":252,""weight_decay"":0.0001,""window_stride"":5}",252,21,7,20,5,1444,47,2022-10-26,2022-10-27,2023-10-27,2023-10-27,2022-10-26,127.37057495117188,97.09230041503906,16,11,True,0.063477985560894,9.69460839999374,0.0015647000400349,19540,True,True,,,3.489044189453125,12.173429355956614,2.9806408602427674
SPY,PatchTST,2023-10-27,397.0441284179688,2023-11-27,20,439.389892578125,416.2283020019531,42.34576416015619,19.18417358398432,1.0,1.0,True,1.062335906919353,21.802511263445584,9.71242890006397,7743,expanding,original,PatchTST-HF-supervised-v1,5.15.0,cpu,"{""batch_size"":64,""context_length"":252,""d_model"":32,""dropout"":0.1,""ffn_dim"":64,""learning_rate"":0.001,""max_epochs"":30,""min_delta"":0.0001,""num_attention_heads"":4,""num_hidden_layers"":2,""patch_length"":21,""patch_stride"":7,""patience"":5,""prediction_length"":20,""seed"":2026,""validation_points"":252,""weight_decay"":0.0001,""window_stride"":5}",252,21,7,20,5,1444,47,2022-10-26,2022-10-27,2023-10-27,2023-10-27,2022-10-26,127.37057495117188,97.09230041503906,16,11,True,0.063477985560894,9.69460839999374,0.0015647000400349,19540,True,True,,,23.161590576171875,536.4592780182138,2.9750837689086085
SPY,PatchTST,2023-11-03,420.25689697265625,2023-11-06,1,421.22369384765625,416.948974609375,0.966796875,-3.30792236328125,1.0,-1.0,False,1.064646619326748,4.015153160383358,8.67327040003147,7748,expanding,original,PatchTST-HF-supervised-v1,5.15.0,cpu,"{""batch_size"":64,""context_length"":252,""d_model"":32,""dropout"":0.1,""ffn_dim"":64,""learning_rate"":0.001,""max_epochs"":30,""min_delta"":0.0001,""num_attention_heads"":4,""num_hidden_layers"":2,""patch_length"":21,""patch_stride"":7,""patience"":5,""prediction_length"":20,""seed"":2026,""validation_points"":252,""weight_decay"":0.0001,""window_stride"":5}",252,21,7,20,5,1445,47,2022-11-02,2022-11-03,2023-11-03,2023-11-03,2022-11-02,127.52873229980467,97.2528305053711,14,9,True,0.0591662786900997,8.65992429992184,0.0011931000044569,19540,True,True,,,4.27471923828125,18.27322456613183,2.9759570061417
SPY,PatchTST,2023-11-03,420.25689697265625,2023-11-10,5,425.9802856445313,416.545166015625,5.723388671875057,-3.71173095703125,1.0,-1.0,False,1.064646619326748,8.86220785153369,8.67327040003147,7748,expanding,original,PatchTST-HF-supervised-v1,5.15.0,cpu,"{""batch_size"":64,""context_length"":252,""d_model"":32,""dropout"":0.1,""ffn_dim"":64,""learning_rate"":0.001,""max_epochs"":30,""min_delta"":0.0001,""num_attention_heads"":4,""num_hidden_layers"":2,""patch_length"":21,""patch_stride"":7,""patience"":5,""prediction_length"":20,""seed"":2026,""validation_points"":252,""weight_decay"":0.0001,""window_stride"":5}",252,21,7,20,5,1445,47,2022-11-02,2022-11-03,2023-11-03,2023-11-03,2022-11-02,127.52873229980467,97.2528305053711,14,9,True,0.0591662786900997,8.65992429992184,0.0011931000044569,19540,True,True,,,9.435119628906309,89.02148241177308,2.9718048535344015
SPY,PatchTST,2023-11-03,420.25689697265625,2023-12-04,20,441.5264587402344,417.4674072265625,21.269561767578125,-2.78948974609375,1.0,-1.0,False,1.064646619326748,22.59815705692667,8.67327040003147,7748,expanding,original,PatchTST-HF-supervised-v1,5.15.0,cpu,"{""batch_size"":64,""context_length"":252,""d_model"":32,""dropout"":0.1,""ffn_dim"":64,""learning_rate"":0.001,""max_epochs"":30,""min_delta"":0.0001,""num_attention_heads"":4,""num_hidden_layers"":2,""patch_length"":21,""patch_stride"":7,""patience"":5,""prediction_length"":20,""seed"":2026,""validation_points"":252,""weight_decay"":0.0001,""window_stride"":5}",252,21,7,20,5,1445,47,2022-11-02,2022-11-03,2023-11-03,2023-11-03,2022-11-02,127.52873229980467,97.2528305053711,14,9,True,0.0591662786900997,8.65992429992184,0.0011931000044569,19540,True,True,,,24.059051513671875,578.8379597375169,2.981287777642061
SPY,PatchTST,2023-11-10,425.9802856445313,2023-11-13,1,425.5743408203125,417.8792724609375,-0.4059448242188068,-8.101013183593807,-1.0,-1.0,True,1.065548802307885,7.221694907552013,7.8408569999737665,7753,expanding,original,PatchTST-HF-supervised-v1,5.15.0,cpu,"{""batch_size"":64,""context_length"":252,""d_model"":32,""dropout"":0.1,""ffn_dim"":64,""learning_rate"":0.001,""max_epochs"":30,""min_delta"":0.0001,""num_attention_heads"":4,""num_hidden_layers"":2,""patch_length"":21,""patch_stride"":7,""patience"":5,""prediction_length"":20,""seed"":2026,""validation_points"":252,""weight_decay"":0.0001,""window_stride"":5}",252,21,7,20,5,1446,47,2022-11-09,2022-11-10,2023-11-10,2023-11-10,2022-11-09,127.68270874023438,97.40311431884766,13,8,True,0.0552023611962795,7.824939800077118,0.0015438999980688,19540,True,True,,,7.695068359375,59.214077055454254,2.9793355761782827
SPY,PatchTST,2023-11-10,425.9802856445313,2023-11-17,5,435.8223571777344,417.9638977050781,9.842071533203068,-8.016387939453182,1.0,-1.0,False,1.065548802307885,16.759870063179086,7.8408569999737665,7753,expanding,original,PatchTST-HF-supervised-v1,5.15.0,cpu,"{""batch_size"":64,""context_length"":252,""d_model"":32,""dropout"":0.1,""ffn_dim"":64,""learning_rate"":0.001,""max_epochs"":30,""min_delta"":0.0001,""num_attention_heads"":4,""num_hidden_layers"":2,""patch_length"":21,""patch_stride"":7,""patience"":5,""prediction_length"":20,""seed"":2026,""validation_points"":252,""weight_decay"":0.0001,""window_stride"":5}",252,21,7,20,5,1446,47,2022-11-09,2022-11-10,2023-11-10,2023-11-10,2022-11-09,127.68270874023438,97.40311431884766,13,8,True,0.0552023611962795,7.824939800077118,0.0015438999980688,19540,True,True,,,17.85845947265625,318.92457473650575,2.980204390740655
SPY,PatchTST,2023-11-10,425.9802856445313,2023-12-11,20,446.6504211425781,420.7370300292969,20.670135498046815,-5.243255615234432,1.0,-1.0,False,1.065548802307885,24.319290732770877,7.8408569999737665,7753,expanding,original,PatchTST-HF-supervised-v1,5.15.0,cpu,"{""batch_size"":64,""context_length"":252,""d_model"":32,""dropout"":0.1,""ffn_dim"":64,""learning_rate"":0.001,""max_epochs"":30,""min_delta"":0.0001,""num_attention_heads"":4,""num_hidden_layers"":2,""patch_length"":21,""patch_stride"":7,""patience"":5,""prediction_length"":20,""seed"":2026,""validation_points"":252,""weight_decay"":0.0001,""window_stride"":5}",252,21,7,20,5,1446,47,2022-11-09,2022-11-10,2023-11-10,2023-11-10,2022-11-09,127.68270874023438,97.40311431884766,13,8,True,0.0552023611962795,7.824939800077118,0.0015438999980688,19540,True,True,,,25.91339111328125,671.5038389898837,3.0086750648419054
SPY,PatchTST,2023-11-17,435.8223571777344,2023-11-20,1,439.1771240234375,421.06451416015625,3.354766845703125,-14.757843017578123,1.0,-1.0,False,1.066235435951059,16.98743940837531,9.329113999963738,7758,expanding,original,PatchTST-HF-supervised-v1,5.15.0,cpu,"{""batch_size"":64,""context_length"":252,""d_model"":32,""dropout"":0.1,""ffn_dim"":64,""learning_rate"":0.001,""max_epochs"":30,""min_delta"":0.0001,""num_attention_heads"":4,""num_hidden_layers"":2,""patch_length"":21,""patch_stride"":7,""patience"":5,""prediction_length"":20,""seed"":2026,""validation_points"":252,""weight_decay"":0.0001,""window_stride"":5}",252,21,7,20,5,1447,47,2022-11-16,2022-11-17,2023-11-17,2023-11-17,2022-11-16,127.8490219116211,97.5835189819336,15,10,True,0.0525861829519271,9.312922299955972,0.001285700011067,19540,True,True,,,18.11260986328125,328.0666360594332,3.004764485925338
SPY,PatchTST,2023-11-17,435.8223571777344,2023-11-27,5,439.389892578125,418.8581848144531,3.567535400390625,-16.96417236328125,1.0,-1.0,False,1.066235435951059,19.256260926422907,9.329113999963738,7758,expanding,original,PatchTST-HF-supervised-v1,5.15.0,cpu,"{""batch_size"":64,""context_length"":252,""d_model"":32,""dropout"":0.1,""ffn_dim"":64,""learning_rate"":0.001,""max_epochs"":30,""min_delta"":0.0001,""num_attention_heads"":4,""num_hidden_layers"":2,""patch_length"":21,""patch_stride"":7,""patience"":5,""prediction_length"":20,""seed"":2026,""validation_points"":252,""weight_decay"":0.0001,""window_stride"":5}",252,21,7,20,5,1447,47,2022-11-16,2022-11-17,2023-11-17,2023-11-17,2022-11-16,127.8490219116211,97.5835189819336,15,10,True,0.0525861829519271,9.312922299955972,0.001285700011067,19540,True,True,,,20.531707763671875,421.551023692824,2.982154834534189
SPY,PatchTST,2023-11-17,435.8223571777344,2023-12-18,20,458.1491088867188,420.2555541992188,22.326751708984432,-15.566802978515623,1.0,-1.0,False,1.066235435951059,35.53957541628676,9.329113999963738,7758,expanding,original,PatchTST-HF-supervised-v1,5.15.0,cpu,"{""batch_size"":64,""context_length"":252,""d_model"":32,""dropout"":0.1,""ffn_dim"":64,""learning_rate"":0.001,""max_epochs"":30,""min_delta"":0.0001,""num_attention_heads"":4,""num_hidden_layers"":2,""patch_length"":21,""patch_stride"":7,""patience"":5,""prediction_length"":20,""seed"":2026,""validation_points"":252,""weight_decay"":0.0001,""window_stride"":5}",252,21,7,20,5,1447,47,2022-11-16,2022-11-17,2023-11-17,2023-11-17,2022-11-16,127.8490219116211,97.5835189819336,15,10,True,0.0525861829519271,9.312922299955972,0.001285700011067,19540,True,True,,,37.89355468750006,1435.9214868545575,2.996474561874872
SPY,PatchTST,2023-11-27,439.389892578125,2023-11-28,1,439.8248291015625,417.7643737792969,0.4349365234375,-21.625518798828125,1.0,-1.0,False,1.0664590964824754,20.685702241209334,6.712750000064261,7763,expanding,original,PatchTST-HF-supervised-v1,5.15.0,cpu,"{""batch_size"":64,""context_length"":252,""d_model"":32,""dropout"":0.1,""ffn_dim"":64,""learning_rate"":0.001,""max_epochs"":30,""min_delta"":0.0001,""num_attention_heads"":4,""num_hidden_layers"":2,""patch_length"":21,""patch_stride"":7,""patience"":5,""prediction_length"":20,""seed"":2026,""validation_points"":252,""weight_decay"":0.0001,""window_stride"":5}",252,21,7,20,5,1448,47,2022-11-23,2022-11-25,2023-11-27,2023-11-27,2022-11-23,128.0157470703125,97.76467895507812,10,5,True,0.0517524033784866,6.697203099960461,0.0017806000541895,19540,True,True,,,22.060455322265625,486.66368902567774,2.9637352651883706
SPY,PatchTST,2023-11-27,439.389892578125,2023-12-04,5,441.5264587402344,416.8468627929688,2.136566162109375,-22.54302978515625,1.0,-1.0,False,1.0664590964824754,23.14162449236624,6.712750000064261,7763,expanding,original,PatchTST-HF-supervised-v1,5.15.0,cpu,"{""batch_size"":64,""context_length"":252,""d_model"":32,""dropout"":0.1,""ffn_dim"":64,""learning_rate"":0.001,""max_epochs"":30,""min_delta"":0.0001,""num_attention_heads"":4,""num_hidden_layers"":2,""patch_length"":21,""patch_stride"":7,""patience"":5,""prediction_length"":20,""seed"":2026,""validation_points"":252,""weight_decay"":0.0001,""window_stride"":5}",252,21,7,20,5,1448,47,2022-11-23,2022-11-25,2023-11-27,2023-11-27,2022-11-23,128.0157470703125,97.76467895507812,10,5,True,0.0517524033784866,6.697203099960461,0.0017806000541895,19540,True,True,,,24.679595947265625,609.0824561202899,2.9543503728516436
SPY,PatchTST,2023-11-27,439.389892578125,2023-12-26,20,461.7213745117188,420.28424072265625,22.331481933593807,-19.10565185546875,1.0,-1.0,False,1.0664590964824754,38.85487397100886,6.712750000064261,7763,expanding,original,PatchTST-HF-supervised-v1,5.15.0,cpu,"{""batch_size"":64,""context_length"":252,""d_model"":32,""dropout"":0.1,""ffn_dim"":64,""learning_rate"":0.001,""max_epochs"":30,""min_delta"":0.0001,""num_attention_heads"":4,""num_hidden_layers"":2,""patch_length"":21,""patch_stride"":7,""patience"":5,""prediction_length"":20,""seed"":2026,""validation_points"":252,""weight_decay"":0.0001,""window_stride"":5}",252,21,7,20,5,1448,47,2022-11-23,2022-11-25,2023-11-27,2023-11-27,2022-11-23,128.0157470703125,97.76467895507812,10,5,True,0.0517524033784866,6.697203099960461,0.0017806000541895,19540,True,True,,,41.43713378906256,1717.03605665267,2.98951008458421
SPY,PatchTST,2023-12-04,441.5264587402344,2023-12-05,1,441.43939208984375,421.6392517089844,-0.087066650390625,-19.88720703125,-1.0,-1.0,True,1.066727269028887,18.56157703635416,9.56208920001518,7768,expanding,original,PatchTST-HF-supervised-v1,5.15.0,cpu,"{""batch_size"":64,""context_length"":252,""d_model"":32,""dropout"":0.1,""ffn_dim"":64,""learning_rate"":0.001,""max_epochs"":30,""min_delta"":0.0001,""num_attention_heads"":4,""num_hidden_layers"":2,""patch_length"":21,""patch_stride"":7,""patience"":5,""prediction_length"":20,""seed"":2026,""validation_points"":252,""weight_decay"":0.0001,""window_stride"":5}",252,21,7,20,5,1449,47,2022-12-01,2022-12-02,2023-12-04,2023-12-04,2022-12-01,128.1849365234375,97.9520034790039,15,10,True,0.0481588877737522,9.544004400027916,0.0015214999439194,19540,True,True,,,19.80014038085937,392.0455591017381,2.995899060384702
SPY,PatchTST,2023-12-04,441.5264587402344,2023-12-11,5,446.6504211425781,423.9455871582031,5.12396240234375,-17.58087158203125,1.0,-1.0,False,1.066727269028887,21.28457258343525,9.56208920001518,7768,expanding,original,PatchTST-HF-supervised-v1,5.15.0,cpu,"{""batch_size"":64,""context_length"":252,""d_model"":32,""dropout"":0.1,""ffn_dim"":64,""learning_rate"":0.001,""max_epochs"":30,""min_delta"":0.0001,""num_attention_heads"":4,""num_hidden_layers"":2,""patch_length"":21,""patch_stride"":7,""patience"":5,""prediction_length"":20,""seed"":2026,""validation_points"":252,""weight_decay"":0.0001,""window_stride"":5}",252,21,7,20,5,1449,47,2022-12-01,2022-12-02,2023-12-04,2023-12-04,2022-12-01,128.1849365234375,97.9520034790039,15,10,True,0.0481588877737522,9.544004400027916,0.0015214999439194,19540,True,True,,,22.704833984375,515.5094862580299,3.019444627267498
SPY,PatchTST,2023-12-04,441.5264587402344,2024-01-03,20,455.062255859375,425.7674560546875,13.535797119140623,-15.759002685546877,1.0,-1.0,False,1.066727269028887,27.462314553331435,9.56208920001518,7768,expanding,original,PatchTST-HF-supervised-v1,5.15.0,cpu,"{""batch_size"":64,""context_length"":252,""d_model"":32,""dropout"":0.1,""ffn_dim"":64,""learning_rate"":0.001,""max_epochs"":30,""min_delta"":0.0001,""num_attention_heads"":4,""num_hidden_layers"":2,""patch_length"":21,""patch_stride"":7,""patience"":5,""prediction_length"":20,""seed"":2026,""validation_points"":252,""weight_decay"":0.0001,""window_stride"":5}",252,21,7,20,5,1449,47,2022-12-01,2022-12-02,2023-12-04,2023-12-04,2022-12-01,128.1849365234375,97.9520034790039,15,10,True,0.0481588877737522,9.544004400027916,0.0015214999439194,19540,True,True,,,29.2947998046875,858.1852955967188,3.038044235563156
SPY,PatchTST,2023-12-11,446.6504211425781,2023-12-12,1,448.69036865234375,421.7161254882813,2.039947509765625,-24.934295654296875,1.0,-1.0,False,1.0671804597926278,25.27617791025154,9.99530589999631,7773,expanding,original,PatchTST-HF-supervised-v1,5.15.0,cpu,"{""batch_size"":64,""context_length"":252,""d_model"":32,""dropout"":0.1,""ffn_dim"":64,""learning_rate"":0.001,""max_epochs"":30,""min_delta"":0.0001,""num_attention_heads"":4,""num_hidden_layers"":2,""patch_length"":21,""patch_stride"":7,""patience"":5,""prediction_length"":20,""seed"":2026,""validation_points"":252,""weight_decay"":0.0001,""window_stride"":5}",252,21,7,20,5,1450,47,2022-12-08,2022-12-09,2023-12-11,2023-12-11,2022-12-08,128.3515167236328,98.1323013305664,16,11,True,0.0460223406553268,9.98074079991784,0.0013349000364542,19540,True,True,,,26.9742431640625,727.6097942739725,2.989480576598593
SPY,PatchTST,2023-12-11,446.6504211425781,2023-12-18,5,458.1491088867188,421.9207153320313,11.498687744140682,-24.729705810546875,1.0,-1.0,False,1.0671804597926278,33.9477669612948,9.99530589999631,7773,expanding,original,PatchTST-HF-supervised-v1,5.15.0,cpu,"{""batch_size"":64,""context_length"":252,""d_model"":32,""dropout"":0.1,""ffn_dim"":64,""learning_rate"":0.001,""max_epochs"":30,""min_delta"":0.0001,""num_attention_heads"":4,""num_hidden_layers"":2,""patch_length"":21,""patch_stride"":7,""patience"":5,""prediction_length"":20,""seed"":2026,""validation_points"":252,""weight_decay"":0.0001,""window_stride"":5}",252,21,7,20,5,1450,47,2022-12-08,2022-12-09,2023-12-11,2023-12-11,2022-12-08,128.3515167236328,98.1323013305664,16,11,True,0.0460223406553268,9.98074079991784,0.0013349000364542,19540,True,True,,,36.22839355468756,1312.4964995533269,2.9915654135072964
SPY,PatchTST,2023-12-11,446.6504211425781,2024-01-10,20,462.6047058105469,424.3294067382813,15.95428466796875,-22.321014404296875,1.0,-1.0,False,1.0671804597926278,35.86581699565901,9.99530589999631,7773,expanding,original,PatchTST-HF-supervised-v1,5.15.0,cpu,"{""batch_size"":64,""context_length"":252,""d_model"":32,""dropout"":0.1,""ffn_dim"":64,""learning_rate"":0.001,""max_epochs"":30,""min_delta"":0.0001,""num_attention_heads"":4,""num_hidden_layers"":2,""patch_length"":21,""patch_stride"":7,""patience"":5,""prediction_length"":20,""seed"":2026,""validation_points"":252,""weight_decay"":0.0001,""window_stride"":5}",252,21,7,20,5,1450,47,2022-12-08,2022-12-09,2023-12-11,2023-12-11,2022-12-08,128.3515167236328,98.1323013305664,16,11,True,0.0460223406553268,9.98074079991784,0.0013349000364542,19540,True,True,,,38.275299072265625,1464.9985190713778,3.016110760692584
SPY,PatchTST,2023-12-18,458.1491088867188,2023-12-19,1,460.9350280761719,416.69921875,2.785919189453068,-41.44989013671881,1.0,-1.0,False,1.068166126762823,41.41285537693712,9.231193599989638,7778,expanding,original,PatchTST-HF-supervised-v1,5.15.0,cpu,"{""batch_size"":64,""context_length"":252,""d_model"":32,""dropout"":0.1,""ffn_dim"":64,""learning_rate"":0.001,""max_epochs"":30,""min_delta"":0.0001,""num_attention_heads"":4,""num_hidden_layers"":2,""patch_length"":21,""patch_stride"":7,""patience"":5,""prediction_length"":20,""seed"":2026,""validation_points"":252,""weight_decay"":0.0001,""window_stride"":5}",252,21,7,20,5,1451,47,2022-12-15,2022-12-16,2023-12-18,2023-12-18,2022-12-15,128.51707458496094,98.30965423583984,15,10,True,0.050176627933979,9.216903700027617,0.0014226000057533,19540,True,True,,,44.23580932617188,1956.8068267414344,2.9313717600278077
SPY,PatchTST,2023-12-18,458.1491088867188,2023-12-26,5,461.7213745117188,416.3426513671875,3.572265625,-41.80645751953131,1.0,-1.0,False,1.068166126762823,42.48283296724242,9.231193599989638,7778,expanding,original,PatchTST-HF-supervised-v1,5.15.0,cpu,"{""batch_size"":64,""context_length"":252,""d_model"":32,""dropout"":0.1,""ffn_dim"":64,""learning_rate"":0.001,""max_epochs"":30,""min_delta"":0.0001,""num_attention_heads"":4,""num_hidden_layers"":2,""patch_length"":21,""patch_stride"":7,""patience"":5,""prediction_length"":20,""seed"":2026,""validation_points"":252,""weight_decay"":0.0001,""window_stride"":5}",252,21,7,20,5,1451,47,2022-12-15,2022-12-16,2023-12-18,2023-12-18,2022-12-15,128.51707458496094,98.30965423583984,15,10,True,0.050176627933979,9.216903700027617,0.0014226000057533,19540,True,True,,,45.37872314453131,2059.228514228021,2.9277447776568075
SPY,PatchTST,2023-12-18,458.1491088867188,2024-01-18,20,462.5367736816406,420.73773193359375,4.387664794921818,-37.41137695312506,1.0,-1.0,False,1.068166126762823,39.131592643480246,9.231193599989638,7778,expanding,original,PatchTST-HF-supervised-v1,5.15.0,cpu,"{""batch_size"":64,""context_length"":252,""d_model"":32,""dropout"":0.1,""ffn_dim"":64,""learning_rate"":0.001,""max_epochs"":30,""min_delta"":0.0001,""num_attention_heads"":4,""num_hidden_layers"":2,""patch_length"":21,""patch_stride"":7,""patience"":5,""prediction_length"":20,""seed"":2026,""validation_points"":252,""weight_decay"":0.0001,""window_stride"":5}",252,21,7,20,5,1451,47,2022-12-15,2022-12-16,2023-12-18,2023-12-18,2022-12-15,128.51707458496094,98.30965423583984,15,10,True,0.050176627933979,9.216903700027617,0.0014226000057533,19540,True,True,,,41.79904174804688,1747.1598910549656,2.9724512777515253
SPY,PatchTST,2023-12-26,461.7213745117188,2023-12-27,1,462.5562133789063,435.8050842285156,0.8348388671875,-25.916290283203185,1.0,-1.0,False,1.069580404594851,25.01086317164141,6.1241444000042975,7783,expanding,original,PatchTST-HF-supervised-v1,5.15.0,cpu,"{""batch_size"":64,""context_length"":252,""d_model"":32,""dropout"":0.1,""ffn_dim"":64,""learning_rate"":0.001,""max_epochs"":30,""min_delta"":0.0001,""num_attention_heads"":4,""num_hidden_layers"":2,""patch_length"":21,""patch_stride"":7,""patience"":5,""prediction_length"":20,""seed"":2026,""validation_points"":252,""weight_decay"":0.0001,""window_stride"":5}",252,21,7,20,5,1452,47,2022-12-22,2022-12-23,2023-12-26,2023-12-26,2022-12-22,128.67434692382812,98.46627807617188,10,5,True,0.0375049710273742,6.109175999998115,0.0011374000459909,19540,True,True,,,26.75112915039068,715.6229108208821,3.1191464053012776
SPY,PatchTST,2023-12-26,461.7213745117188,2024-01-03,5,455.062255859375,433.2272644042969,-6.659118652343807,-28.49411010742193,-1.0,-1.0,True,1.069580404594851,20.41453953464028,6.1241444000042975,7783,expanding,original,PatchTST-HF-supervised-v1,5.15.0,cpu,"{""batch_size"":64,""context_length"":252,""d_model"":32,""dropout"":0.1,""ffn_dim"":64,""learning_rate"":0.001,""max_epochs"":30,""min_delta"":0.0001,""num_attention_heads"":4,""num_hidden_layers"":2,""patch_length"":21,""patch_stride"":7,""patience"":5,""prediction_length"":20,""seed"":2026,""validation_points"":252,""weight_decay"":0.0001,""window_stride"":5}",252,21,7,20,5,1452,47,2022-12-22,2022-12-23,2023-12-26,2023-12-26,2022-12-22,128.67434692382812,98.46627807617188,10,5,True,0.0375049710273742,6.109175999998115,0.0011374000459909,19540,True,True,,,21.834991455078125,476.76685184333473,3.0929666829172895
SPY,PatchTST,2023-12-26,461.7213745117188,2024-01-25,20,473.7388000488281,440.1642761230469,12.017425537109318,-21.55709838867193,1.0,-1.0,False,1.069580404594851,31.39036932758601,6.1241444000042975,7783,expanding,original,PatchTST-HF-supervised-v1,5.15.0,cpu,"{""batch_size"":64,""context_length"":252,""d_model"":32,""dropout"":0.1,""ffn_dim"":64,""learning_rate"":0.001,""max_epochs"":30,""min_delta"":0.0001,""num_attention_heads"":4,""num_hidden_layers"":2,""patch_length"":21,""patch_stride"":7,""patience"":5,""prediction_length"":20,""seed"":2026,""validation_points"":252,""weight_decay"":0.0001,""window_stride"":5}",252,21,7,20,5,1452,47,2022-12-22,2022-12-23,2023-12-26,2023-12-26,2022-12-22,128.67434692382812,98.46627807617188,10,5,True,0.0375049710273742,6.109175999998115,0.0011374000459909,19540,True,True,,,33.57452392578125,1127.2486568428576,3.163417316924027
SPY,PatchTST,2024-01-03,455.062255859375,2024-01-04,1,453.5964660644531,423.6946411132813,-1.465789794921875,-31.36761474609375,-1.0,-1.0,True,1.0700080737354851,27.9454199320031,5.521390899899416,7788,expanding,original,PatchTST-HF-supervised-v1,5.15.0,cpu,"{""batch_size"":64,""context_length"":252,""d_model"":32,""dropout"":0.1,""ffn_dim"":64,""learning_rate"":0.001,""max_epochs"":30,""min_delta"":0.0001,""num_attention_heads"":4,""num_hidden_layers"":2,""patch_length"":21,""patch_stride"":7,""patience"":5,""prediction_length"":20,""seed"":2026,""validation_points"":252,""weight_decay"":0.0001,""window_stride"":5}",252,21,7,20,5,1453,47,2022-12-30,2023-01-03,2024-01-03,2024-01-03,2022-12-30,128.83091735839844,98.62100219726562,9,4,True,0.0510868616402149,5.507519399980083,0.001200700062327,19540,True,True,,,29.901824951171875,894.1191354105249,2.989867443904948
SPY,PatchTST,2024-01-03,455.062255859375,2024-01-10,5,462.6047058105469,424.9031372070313,7.542449951171875,-30.15911865234375,1.0,-1.0,False,1.0700080737354851,35.23484497822187,5.521390899899416,7788,expanding,original,PatchTST-HF-supervised-v1,5.15.0,cpu,"{""batch_size"":64,""context_length"":252,""d_model"":32,""dropout"":0.1,""ffn_dim"":64,""learning_rate"":0.001,""max_epochs"":30,""min_delta"":0.0001,""num_attention_heads"":4,""num_hidden_layers"":2,""patch_length"":21,""patch_stride"":7,""patience"":5,""prediction_length"":20,""seed"":2026,""validation_points"":252,""weight_decay"":0.0001,""window_stride"":5}",252,21,7,20,5,1453,47,2022-12-30,2023-01-03,2024-01-03,2024-01-03,2022-12-30,128.83091735839844,98.62100219726562,9,4,True,0.0510868616402149,5.507519399980083,0.001200700062327,19540,True,True,,,37.701568603515625,1421.4082751655951,3.0021213864407654
SPY,PatchTST,2024-01-03,455.062255859375,2024-02-01,20,474.8745422363281,425.9718627929688,19.812286376953125,-29.09039306640625,1.0,-1.0,False,1.0700080737354851,45.70309387726032,5.521390899899416,7788,expanding,original,PatchTST-HF-supervised-v1,5.15.0,cpu,"{""batch_size"":64,""context_length"":252,""d_model"":32,""dropout"":0.1,""ffn_dim"":64,""learning_rate"":0.001,""max_epochs"":30,""min_delta"":0.0001,""num_attention_heads"":4,""num_hidden_layers"":2,""patch_length"":21,""patch_stride"":7,""patience"":5,""prediction_length"":20,""seed"":2026,""validation_points"":252,""weight_decay"":0.0001,""window_stride"":5}",252,21,7,20,5,1453,47,2022-12-30,2023-01-03,2024-01-03,2024-01-03,2022-12-30,128.83091735839844,98.62100219726562,9,4,True,0.0510868616402149,5.507519399980083,0.001200700062327,19540,True,True,,,48.902679443359375,2391.472056739964,3.012958080067137
SPY,PatchTST,2024-01-10,462.6047058105469,2024-01-11,1,462.4008483886719,432.0054931640625,-0.203857421875,-30.59921264648437,-1.0,-1.0,True,1.0708450468169104,28.3844570369538,11.155719900038092,7793,expanding,original,PatchTST-HF-supervised-v1,5.15.0,cpu,"{""batch_size"":64,""context_length"":252,""d_model"":32,""dropout"":0.1,""ffn_dim"":64,""learning_rate"":0.001,""max_epochs"":30,""min_delta"":0.0001,""num_attention_heads"":4,""num_hidden_layers"":2,""patch_length"":21,""patch_stride"":7,""patience"":5,""prediction_length"":20,""seed"":2026,""validation_points"":252,""weight_decay"":0.0001,""window_stride"":5}",252,21,7,20,5,1454,47,2023-01-09,2023-01-10,2024-01-10,2024-01-10,2023-01-09,128.9889373779297,98.77902221679688,18,13,True,0.0387011505663394,11.140283900080249,0.0013858000747859,19540,True,True,,,30.39535522460937,923.8776192301884,3.0676205229191504
SPY,PatchTST,2024-01-10,462.6047058105469,2024-01-18,5,462.5367736816406,429.52728271484375,-0.06793212890625,-33.077423095703125,-1.0,-1.0,True,1.0708450468169104,30.82564659090283,11.155719900038092,7793,expanding,original,PatchTST-HF-supervised-v1,5.15.0,cpu,"{""batch_size"":64,""context_length"":252,""d_model"":32,""dropout"":0.1,""ffn_dim"":64,""learning_rate"":0.001,""max_epochs"":30,""min_delta"":0.0001,""num_attention_heads"":4,""num_hidden_layers"":2,""patch_length"":21,""patch_stride"":7,""patience"":5,""prediction_length"":20,""seed"":2026,""validation_points"":252,""weight_decay"":0.0001,""window_stride"":5}",252,21,7,20,5,1454,47,2023-01-09,2023-01-10,2024-01-10,2024-01-10,2023-01-09,128.9889373779297,98.77902221679688,18,13,True,0.0387011505663394,11.140283900080249,0.0013858000747859,19540,True,True,,,33.009490966796875,1089.6264938870445,3.0425320942872123
SPY,PatchTST,2024-01-10,462.6047058105469,2024-02-08,20,483.72747802734375,435.5316162109375,21.122772216796875,-27.07308959960937,1.0,-1.0,False,1.0708450468169104,45.00731638033773,11.155719900038092,7793,expanding,original,PatchTST-HF-supervised-v1,5.15.0,cpu,"{""batch_size"":64,""context_length"":252,""d_model"":32,""dropout"":0.1,""ffn_dim"":64,""learning_rate"":0.001,""max_epochs"":30,""min_delta"":0.0001,""num_attention_heads"":4,""num_hidden_layers"":2,""patch_length"":21,""patch_stride"":7,""patience"":5,""prediction_length"":20,""seed"":2026,""validation_points"":252,""weight_decay"":0.0001,""window_stride"":5}",252,21,7,20,5,1454,47,2023-01-09,2023-01-10,2024-01-10,2024-01-10,2023-01-09,128.9889373779297,98.77902221679688,18,13,True,0.0387011505663394,11.140283900080249,0.0013858000747859,19540,True,True,,,48.19586181640625,2322.841096226126,3.1033176068519714
SPY,PatchTST,2024-01-18,462.5367736816406,2024-01-19,1,468.30279541015625,429.78955078125,5.766021728515625,-32.747222900390625,1.0,-1.0,False,1.071295020609953,35.95017608406164,5.582730200025253,7798,expanding,original,PatchTST-HF-supervised-v1,5.15.0,cpu,"{""batch_size"":64,""context_length"":252,""d_model"":32,""dropout"":0.1,""ffn_dim"":64,""learning_rate"":0.001,""max_epochs"":30,""min_delta"":0.0001,""num_attention_heads"":4,""num_hidden_layers"":2,""patch_length"":21,""patch_stride"":7,""patience"":5,""prediction_length"":20,""seed"":2026,""validation_points"":252,""weight_decay"":0.0001,""window_stride"":5}",252,21,7,20,5,1455,47,2023-01-17,2023-01-18,2024-01-18,2024-01-18,2023-01-17,129.15428161621094,98.95486450195312,9,4,True,0.053390048444271,5.568291699979454,0.0015103999758139,19540,True,True,,,38.51324462890625,1483.270011845976,3.0381050055311354
SPY,PatchTST,2024-01-18,462.5367736816406,2024-01-25,5,473.7388000488281,422.1441040039063,11.2020263671875,-40.392669677734375,1.0,-1.0,False,1.071295020609953,48.1610527934181,5.582730200025253,7798,expanding,original,PatchTST-HF-supervised-v1,5.15.0,cpu,"{""batch_size"":64,""context_length"":252,""d_model"":32,""dropout"":0.1,""ffn_dim"":64,""learning_rate"":0.001,""max_epochs"":30,""min_delta"":0.0001,""num_attention_heads"":4,""num_hidden_layers"":2,""patch_length"":21,""patch_stride"":7,""patience"":5,""prediction_length"":20,""seed"":2026,""validation_points"":252,""weight_decay"":0.0001,""window_stride"":5}",252,21,7,20,5,1455,47,2023-01-17,2023-01-18,2024-01-18,2024-01-18,2023-01-17,129.15428161621094,98.95486450195312,9,4,True,0.053390048444271,5.568291699979454,0.0015103999758139,19540,True,True,,,51.59469604492188,2662.012659967877,2.9608430455878443
SPY,PatchTST,2024-01-18,462.5367736816406,2024-02-15,20,487.3094482421875,428.2154541015625,24.772674560546875,-34.321319580078125,1.0,-1.0,False,1.071295020609953,55.16127024186038,5.582730200025253,7798,expanding,original,PatchTST-HF-supervised-v1,5.15.0,cpu,"{""batch_size"":64,""context_length"":252,""d_model"":32,""dropout"":0.1,""ffn_dim"":64,""learning_rate"":0.001,""max_epochs"":30,""min_delta"":0.0001,""num_attention_heads"":4,""num_hidden_layers"":2,""patch_length"":21,""patch_stride"":7,""patience"":5,""prediction_length"":20,""seed"":2026,""validation_points"":252,""weight_decay"":0.0001,""window_stride"":5}",252,21,7,20,5,1455,47,2023-01-17,2023-01-18,2024-01-18,2024-01-18,2023-01-17,129.15428161621094,98.95486450195312,9,4,True,0.053390048444271,5.568291699979454,0.0015103999758139,19540,True,True,,,59.093994140625,3492.100143492222,3.022197786743964
SPY,PatchTST,2024-01-25,473.7388000488281,2024-01-26,1,473.1369934082031,433.04888916015625,-0.601806640625,-40.68991088867188,-1.0,-1.0,True,1.0720442581470122,37.39407579808098,6.127773199928924,7803,expanding,original,PatchTST-HF-supervised-v1,5.15.0,cpu,"{""batch_size"":64,""context_length"":252,""d_model"":32,""dropout"":0.1,""ffn_dim"":64,""learning_rate"":0.001,""max_epochs"":30,""min_delta"":0.0001,""num_attention_heads"":4,""num_hidden_layers"":2,""patch_length"":21,""patch_stride"":7,""patience"":5,""prediction_length"":20,""seed"":2026,""validation_points"":252,""weight_decay"":0.0001,""window_stride"":5}",252,21,7,20,5,1456,47,2023-01-24,2023-01-25,2024-01-25,2024-01-25,2023-01-24,129.31907653808594,99.12914276123048,10,5,True,0.041730273514986,6.112019399995916,0.0013910999987274,19540,True,True,,,40.08810424804688,1607.056102202274,3.0639810267870025
SPY,PatchTST,2024-01-25,473.7388000488281,2024-02-01,5,474.8745422363281,431.7804565429688,1.1357421875,-41.958343505859375,1.0,-1.0,False,1.0720442581470122,40.19804720361626,6.127773199928924,7803,expanding,original,PatchTST-HF-supervised-v1,5.15.0,cpu,"{""batch_size"":64,""context_length"":252,""d_model"":32,""dropout"":0.1,""ffn_dim"":64,""learning_rate"":0.001,""max_epochs"":30,""min_delta"":0.0001,""num_attention_heads"":4,""num_hidden_layers"":2,""patch_length"":21,""patch_stride"":7,""patience"":5,""prediction_length"":20,""seed"":2026,""validation_points"":252,""weight_decay"":0.0001,""window_stride"":5}",252,21,7,20,5,1456,47,2023-01-24,2023-01-25,2024-01-25,2024-01-25,2023-01-24,129.31907653808594,99.12914276123048,10,5,True,0.041730273514986,6.112019399995916,0.0013910999987274,19540,True,True,,,43.094085693359375,1857.1002217466007,3.051185267821925
SPY,PatchTST,2024-01-25,473.7388000488281,2024-02-23,20,492.9784240722656,437.1900634765625,19.2396240234375,-36.548736572265625,1.0,-1.0,False,1.0720442581470122,52.03923268254912,6.127773199928924,7803,expanding,original,PatchTST-HF-supervised-v1,5.15.0,cpu,"{""batch_size"":64,""context_length"":252,""d_model"":32,""dropout"":0.1,""ffn_dim"":64,""learning_rate"":0.001,""max_epochs"":30,""min_delta"":0.0001,""num_attention_heads"":4,""num_hidden_layers"":2,""patch_length"":21,""patch_stride"":7,""patience"":5,""prediction_length"":20,""seed"":2026,""validation_points"":252,""weight_decay"":0.0001,""window_stride"":5}",252,21,7,20,5,1456,47,2023-01-24,2023-01-25,2024-01-25,2024-01-25,2023-01-24,129.31907653808594,99.12914276123048,10,5,True,0.041730273514986,6.112019399995916,0.0013910999987274,19540,True,True,,,55.788360595703125,3112.341177956201,3.1057565753396714
SPY,PatchTST,2024-02-01,474.8745422363281,2024-02-02,1,479.873779296875,425.040283203125,4.999237060546875,-49.834259033203125,1.0,-1.0,False,1.0737437212438183,51.06758252353849,4.964105800027028,7808,expanding,original,PatchTST-HF-supervised-v1,5.15.0,cpu,"{""batch_size"":64,""context_length"":252,""d_model"":32,""dropout"":0.1,""ffn_dim"":64,""learning_rate"":0.001,""max_epochs"":30,""min_delta"":0.0001,""num_attention_heads"":4,""num_hidden_layers"":2,""patch_length"":21,""patch_stride"":7,""patience"":5,""prediction_length"":20,""seed"":2026,""validation_points"":252,""weight_decay"":0.0001,""window_stride"":5}",252,21,7,20,5,1457,47,2023-01-31,2023-02-01,2024-02-01,2024-02-01,2023-01-31,129.48886108398438,99.31575775146484,8,3,True,0.0492000691592693,4.947977899922989,0.0014668999938294,19540,True,True,,,54.83349609375,3006.7122938632965,2.975876424955147
SPY,PatchTST,2024-02-01,474.8745422363281,2024-02-08,5,483.72747802734375,435.2960815429688,8.852935791015625,-39.578460693359375,1.0,-1.0,False,1.0737437212438183,45.10517316764596,4.964105800027028,7808,expanding,original,PatchTST-HF-supervised-v1,5.15.0,cpu,"{""batch_size"":64,""context_length"":252,""d_model"":32,""dropout"":0.1,""ffn_dim"":64,""learning_rate"":0.001,""max_epochs"":30,""min_delta"":0.0001,""num_attention_heads"":4,""num_hidden_layers"":2,""patch_length"":21,""patch_stride"":7,""patience"":5,""prediction_length"":20,""seed"":2026,""validation_points"":252,""weight_decay"":0.0001,""window_stride"":5}",252,21,7,20,5,1457,47,2023-01-31,2023-02-01,2024-02-01,2024-02-01,2023-01-31,129.48886108398438,99.31575775146484,8,3,True,0.0492000691592693,4.947977899922989,0.0014668999938294,19540,True,True,,,48.431396484375,2345.600165426731,3.0791409881225418
SPY,PatchTST,2024-02-01,474.8745422363281,2024-03-01,20,497.8320007324219,437.492431640625,22.95745849609375,-37.382110595703125,1.0,-1.0,False,1.0737437212438183,56.19550354334075,4.964105800027028,7808,expanding,original,PatchTST-HF-supervised-v1,5.15.0,cpu,"{""batch_size"":64,""context_length"":252,""d_model"":32,""dropout"":0.1,""ffn_dim"":64,""learning_rate"":0.001,""max_epochs"":30,""min_delta"":0.0001,""num_attention_heads"":4,""num_hidden_layers"":2,""patch_length"":21,""patch_stride"":7,""patience"":5,""prediction_length"":20,""seed"":2026,""validation_points"":252,""weight_decay"":0.0001,""window_stride"":5}",252,21,7,20,5,1457,47,2023-01-31,2023-02-01,2024-02-01,2024-02-01,2023-01-31,129.48886108398438,99.31575775146484,8,3,True,0.0492000691592693,4.947977899922989,0.0014668999938294,19540,True,True,,,60.33956909179688,3640.8635981837288,3.1012558080401673
SPY,PatchTST,2024-02-08,483.72747802734375,2024-02-09,1,486.523193359375,430.45013427734375,2.79571533203125,-53.27734375,1.0,-1.0,False,1.0746370707178388,52.1786011388714,6.221298999967985,7813,expanding,original,PatchTST-HF-supervised-v1,5.15.0,cpu,"{""batch_size"":64,""context_length"":252,""d_model"":32,""dropout"":0.1,""ffn_dim"":64,""learning_rate"":0.001,""max_epochs"":30,""min_delta"":0.0001,""num_attention_heads"":4,""num_hidden_layers"":2,""patch_length"":21,""patch_stride"":7,""patience"":5,""prediction_length"":20,""seed"":2026,""validation_points"":252,""weight_decay"":0.0001,""window_stride"":5}",252,21,7,20,5,1458,47,2023-02-07,2023-02-08,2024-02-08,2024-02-08,2023-02-07,129.66436767578125,99.51708221435548,10,5,True,0.054983913898468,6.205372199998237,0.0011568999616429,19540,True,True,,,56.07305908203125,3144.1879548169672,3.022453632168224
SPY,PatchTST,2024-02-08,483.72747802734375,2024-02-15,5,487.3094482421875,432.53521728515625,3.58197021484375,-51.1922607421875,1.0,-1.0,False,1.0746370707178388,50.96998088893678,6.221298999967985,7813,expanding,original,PatchTST-HF-supervised-v1,5.15.0,cpu,"{""batch_size"":64,""context_length"":252,""d_model"":32,""dropout"":0.1,""ffn_dim"":64,""learning_rate"":0.001,""max_epochs"":30,""min_delta"":0.0001,""num_attention_heads"":4,""num_hidden_layers"":2,""patch_length"":21,""patch_stride"":7,""patience"":5,""prediction_length"":20,""seed"":2026,""validation_points"":252,""weight_decay"":0.0001,""window_stride"":5}",252,21,7,20,5,1458,47,2023-02-07,2023-02-08,2024-02-08,2024-02-08,2023-02-07,129.66436767578125,99.51708221435548,10,5,True,0.054983913898468,6.205372199998237,0.0011568999616429,19540,True,True,,,54.77423095703125,3000.2163769342005,3.043405643234237
SPY,PatchTST,2024-02-08,483.72747802734375,2024-03-08,20,496.7351379394531,435.81976318359375,13.007659912109377,-47.90771484375,1.0,-1.0,False,1.0746370707178388,56.684602100287655,6.221298999967985,7813,expanding,original,PatchTST-HF-supervised-v1,5.15.0,cpu,"{""batch_size"":64,""context_length"":252,""d_model"":32,""dropout"":0.1,""ffn_dim"":64,""learning_rate"":0.001,""max_epochs"":30,""min_delta"":0.0001,""num_attention_heads"":4,""num_hidden_layers"":2,""patch_length"":21,""patch_stride"":7,""patience"":5,""prediction_length"":20,""seed"":2026,""validation_points"":252,""weight_decay"":0.0001,""window_stride"":5}",252,21,7,20,5,1458,47,2023-02-07,2023-02-08,2024-02-08,2024-02-08,2023-02-07,129.66436767578125,99.51708221435548,10,5,True,0.054983913898468,6.205372199998237,0.0011568999616429,19540,True,True,,,60.915374755859375,3710.6828816467896,3.0764104884864594
SPY,PatchTST,2024-02-15,487.3094482421875,2024-02-16,1,484.8826599121094,435.0364379882813,-2.426788330078125,-52.27301025390625,-1.0,-1.0,True,1.0761762523614526,46.317898034314176,5.602023399900645,7818,expanding,original,PatchTST-HF-supervised-v1,5.15.0,cpu,"{""batch_size"":64,""context_length"":252,""d_model"":32,""dropout"":0.1,""ffn_dim"":64,""learning_rate"":0.001,""max_epochs"":30,""min_delta"":0.0001,""num_attention_heads"":4,""num_hidden_layers"":2,""patch_length"":21,""patch_stride"":7,""patience"":5,""prediction_length"":20,""seed"":2026,""validation_points"":252,""weight_decay"":0.0001,""window_stride"":5}",252,21,7,20,5,1459,47,2023-02-14,2023-02-15,2024-02-15,2024-02-15,2023-02-14,129.83790588378906,99.7128677368164,9,4,True,0.060012686997652,5.585215199971572,0.0011814999161288,19540,True,True,,,49.846221923828125,2484.645840079524,3.060773790099365
SPY,PatchTST,2024-02-15,487.3094482421875,2024-02-23,5,492.9784240722656,439.0778198242188,5.668975830078125,-48.23162841796875,1.0,-1.0,False,1.0761762523614526,50.08529423481779,5.602023399900645,7818,expanding,original,PatchTST-HF-supervised-v1,5.15.0,cpu,"{""batch_size"":64,""context_length"":252,""d_model"":32,""dropout"":0.1,""ffn_dim"":64,""learning_rate"":0.001,""max_epochs"":30,""min_delta"":0.0001,""num_attention_heads"":4,""num_hidden_layers"":2,""patch_length"":21,""patch_stride"":7,""patience"":5,""prediction_length"":20,""seed"":2026,""validation_points"":252,""weight_decay"":0.0001,""window_stride"":5}",252,21,7,20,5,1459,47,2023-02-14,2023-02-15,2024-02-15,2024-02-15,2023-02-14,129.83790588378906,99.7128677368164,9,4,True,0.060012686997652,5.585215199971572,0.0011814999161288,19540,True,True,,,53.90060424804688,2905.275138304569,3.101303983720958
SPY,PatchTST,2024-02-15,487.3094482421875,2024-03-15,20,496.4381713867188,439.8466796875,9.128723144531309,-47.4627685546875,1.0,-1.0,False,1.0761762523614526,52.585709427280285,5.602023399900645,7818,expanding,original,PatchTST-HF-supervised-v1,5.15.0,cpu,"{""batch_size"":64,""context_length"":252,""d_model"":32,""dropout"":0.1,""ffn_dim"":64,""learning_rate"":0.001,""max_epochs"":30,""min_delta"":0.0001,""num_attention_heads"":4,""num_hidden_layers"":2,""patch_length"":21,""patch_stride"":7,""patience"":5,""prediction_length"":20,""seed"":2026,""validation_points"":252,""weight_decay"":0.0001,""window_stride"":5}",252,21,7,20,5,1459,47,2023-02-14,2023-02-15,2024-02-15,2024-02-15,2023-02-14,129.83790588378906,99.7128677368164,9,4,True,0.060012686997652,5.585215199971572,0.0011814999161288,19540,True,True,,,56.59149169921881,3202.596932742751,3.1090147223721676
SPY,PatchTST,2024-02-23,492.9784240722656,2024-02-26,1,491.1728515625,434.0750122070313,-1.805572509765625,-58.903411865234375,-1.0,-1.0,True,1.0775161319850688,52.99024085168867,8.672254600096494,7823,expanding,original,PatchTST-HF-supervised-v1,5.15.0,cpu,"{""batch_size"":64,""context_length"":252,""d_model"":32,""dropout"":0.1,""ffn_dim"":64,""learning_rate"":0.001,""max_epochs"":30,""min_delta"":0.0001,""num_attention_heads"":4,""num_hidden_layers"":2,""patch_length"":21,""patch_stride"":7,""patience"":5,""prediction_length"":20,""seed"":2026,""validation_points"":252,""weight_decay"":0.0001,""window_stride"":5}",252,21,7,20,5,1460,47,2023-02-22,2023-02-23,2024-02-23,2024-02-23,2023-02-22,130.00819396972656,99.8998565673828,14,9,True,0.0685040205717086,8.656042300048284,0.0014304000651463,19540,True,True,,,57.09783935546875,3260.163259062916,3.043716264319265
SPY,PatchTST,2024-02-23,492.9784240722656,2024-03-01,5,497.8320007324219,434.0060424804688,4.85357666015625,-58.97238159179688,1.0,-1.0,False,1.0775161319850688,59.23434123846376,8.672254600096494,7823,expanding,original,PatchTST-HF-supervised-v1,5.15.0,cpu,"{""batch_size"":64,""context_length"":252,""d_model"":32,""dropout"":0.1,""ffn_dim"":64,""learning_rate"":0.001,""max_epochs"":30,""min_delta"":0.0001,""num_attention_heads"":4,""num_hidden_layers"":2,""patch_length"":21,""patch_stride"":7,""patience"":5,""prediction_length"":20,""seed"":2026,""validation_points"":252,""weight_decay"":0.0001,""window_stride"":5}",252,21,7,20,5,1460,47,2023-02-22,2023-02-23,2024-02-23,2024-02-23,2023-02-22,130.00819396972656,99.8998565673828,14,9,True,0.0685040205717086,8.656042300048284,0.0014304000651463,19540,True,True,,,63.825958251953125,4073.752946780063,3.043025875674753
SPY,PatchTST,2024-02-23,492.9784240722656,2024-03-22,20,507.5191955566406,439.9972534179688,14.540771484375,-52.98117065429688,1.0,-1.0,False,1.0775161319850688,62.66443734283463,8.672254600096494,7823,expanding,original,PatchTST-HF-supervised-v1,5.15.0,cpu,"{""batch_size"":64,""context_length"":252,""d_model"":32,""dropout"":0.1,""ffn_dim"":64,""learning_rate"":0.001,""max_epochs"":30,""min_delta"":0.0001,""num_attention_heads"":4,""num_hidden_layers"":2,""patch_length"":21,""patch_stride"":7,""patience"":5,""prediction_length"":20,""seed"":2026,""validation_points"":252,""weight_decay"":0.0001,""window_stride"":5}",252,21,7,20,5,1460,47,2023-02-22,2023-02-23,2024-02-23,2024-02-23,2023-02-22,130.00819396972656,99.8998565673828,14,9,True,0.0685040205717086,8.656042300048284,0.0014304000651463,19540,True,True,,,67.52194213867188,4559.212670178153,3.1029980432369646
SPY,PatchTST,2024-03-01,497.8320007324219,2024-03-04,1,497.2981262207031,435.4261474609375,-0.53387451171875,-62.405853271484375,-1.0,-1.0,True,1.0780754601100984,57.3911391633448,7.892587199923582,7828,expanding,original,PatchTST-HF-supervised-v1,5.15.0,cpu,"{""batch_size"":64,""context_length"":252,""d_model"":32,""dropout"":0.1,""ffn_dim"":64,""learning_rate"":0.001,""max_epochs"":30,""min_delta"":0.0001,""num_attention_heads"":4,""num_hidden_layers"":2,""patch_length"":21,""patch_stride"":7,""patience"":5,""prediction_length"":20,""seed"":2026,""validation_points"":252,""weight_decay"":0.0001,""window_stride"":5}",252,21,7,20,5,1461,47,2023-03-01,2023-03-02,2024-03-01,2024-03-01,2023-03-01,130.1730194091797,100.07264709472656,13,8,True,0.0657687708735466,7.877340200007893,0.0014035999774932,19540,True,True,,,61.871978759765625,3828.1417556488886,3.050315315061187
SPY,PatchTST,2024-03-01,497.8320007324219,2024-03-08,5,496.7351379394531,440.6416015625,-1.09686279296875,-57.19039916992188,-1.0,-1.0,True,1.0780754601100984,52.031178198996,7.892587199923582,7828,expanding,original,PatchTST-HF-supervised-v1,5.15.0,cpu,"{""batch_size"":64,""context_length"":252,""d_model"":32,""dropout"":0.1,""ffn_dim"":64,""learning_rate"":0.001,""max_epochs"":30,""min_delta"":0.0001,""num_attention_heads"":4,""num_hidden_layers"":2,""patch_length"":21,""patch_stride"":7,""patience"":5,""prediction_length"":20,""seed"":2026,""validation_points"":252,""weight_decay"":0.0001,""window_stride"":5}",252,21,7,20,5,1461,47,2023-03-01,2023-03-02,2024-03-01,2024-03-01,2023-03-01,130.1730194091797,100.07264709472656,13,8,True,0.0657687708735466,7.877340200007893,0.0014035999774932,19540,True,True,,,56.093536376953125,3146.4848232725635,3.102431994823097
SPY,PatchTST,2024-03-01,497.8320007324219,2024-04-01,20,508.4441223144531,443.1990356445313,10.61212158203125,-54.63296508789063,1.0,-1.0,False,1.0780754601100984,60.51996273364642,7.892587199923582,7828,expanding,original,PatchTST-HF-supervised-v1,5.15.0,cpu,"{""batch_size"":64,""context_length"":252,""d_model"":32,""dropout"":0.1,""ffn_dim"":64,""learning_rate"":0.001,""max_epochs"":30,""min_delta"":0.0001,""num_attention_heads"":4,""num_hidden_layers"":2,""patch_length"":21,""patch_stride"":7,""patience"":5,""prediction_length"":20,""seed"":2026,""validation_points"":252,""weight_decay"":0.0001,""window_stride"":5}",252,21,7,20,5,1461,47,2023-03-01,2023-03-02,2024-03-01,2024-03-01,2023-03-01,130.1730194091797,100.07264709472656,13,8,True,0.0657687708735466,7.877340200007893,0.0014035999774932,19540,True,True,,,65.24508666992188,4256.921334565617,3.1279877701151255
SPY,PatchTST,2024-03-08,496.7351379394531,2024-03-11,1,496.3080139160156,437.02056884765625,-0.4271240234375,-59.71456909179688,-1.0,-1.0,True,1.0794186236544212,54.92534941414946,6.199374300078489,7833,expanding,original,PatchTST-HF-supervised-v1,5.15.0,cpu,"{""batch_size"":64,""context_length"":252,""d_model"":32,""dropout"":0.1,""ffn_dim"":64,""learning_rate"":0.001,""max_epochs"":30,""min_delta"":0.0001,""num_attention_heads"":4,""num_hidden_layers"":2,""patch_length"":21,""patch_stride"":7,""patience"":5,""prediction_length"":20,""seed"":2026,""validation_points"":252,""weight_decay"":0.0001,""window_stride"":5}",252,21,7,20,5,1462,47,2023-03-08,2023-03-09,2024-03-08,2024-03-08,2023-03-08,130.33987426757812,100.25030517578124,10,5,True,0.1014626175165176,6.1859007000457495,0.001187999965623,19540,True,True,,,59.287445068359375,3515.0011427337304,3.0591497356774826
SPY,PatchTST,2024-03-08,496.7351379394531,2024-03-15,5,496.4381713867188,433.9270324707031,-0.2969665527343181,-62.80810546875,-1.0,-1.0,True,1.0794186236544212,57.91185879708223,6.199374300078489,7833,expanding,original,PatchTST-HF-supervised-v1,5.15.0,cpu,"{""batch_size"":64,""context_length"":252,""d_model"":32,""dropout"":0.1,""ffn_dim"":64,""learning_rate"":0.001,""max_epochs"":30,""min_delta"":0.0001,""num_attention_heads"":4,""num_hidden_layers"":2,""patch_length"":21,""patch_stride"":7,""patience"":5,""prediction_length"":20,""seed"":2026,""validation_points"":252,""weight_decay"":0.0001,""window_stride"":5}",252,21,7,20,5,1462,47,2023-03-08,2023-03-09,2024-03-08,2024-03-08,2023-03-08,130.33987426757812,100.25030517578124,10,5,True,0.1014626175165176,6.1859007000457495,0.001187999965623,19540,True,True,,,62.51113891601568,3907.6424885774095,3.028291611390191
SPY,PatchTST,2024-03-08,496.7351379394531,2024-04-08,20,505.0946350097656,435.918701171875,8.3594970703125,-60.816436767578125,1.0,-1.0,False,1.0794186236544212,64.08628897256963,6.199374300078489,7833,expanding,original,PatchTST-HF-supervised-v1,5.15.0,cpu,"{""batch_size"":64,""context_length"":252,""d_model"":32,""dropout"":0.1,""ffn_dim"":64,""learning_rate"":0.001,""max_epochs"":30,""min_delta"":0.0001,""num_attention_heads"":4,""num_hidden_layers"":2,""patch_length"":21,""patch_stride"":7,""patience"":5,""prediction_length"":20,""seed"":2026,""validation_points"":252,""weight_decay"":0.0001,""window_stride"":5}",252,21,7,20,5,1462,47,2023-03-08,2023-03-09,2024-03-08,2024-03-08,2023-03-08,130.33987426757812,100.25030517578124,10,5,True,0.1014626175165176,6.1859007000457495,0.001187999965623,19540,True,True,,,69.17593383789062,4785.309822344221,3.0481585703753002
SPY,PatchTST,2024-03-15,496.4381713867188,2024-03-18,1,499.3885192871094,444.1638793945313,2.950347900390568,-52.27429199218756,1.0,-1.0,False,1.0801303255568664,51.12775614748784,9.247358999913558,7838,expanding,original,PatchTST-HF-supervised-v1,5.15.0,cpu,"{""batch_size"":64,""context_length"":252,""d_model"":32,""dropout"":0.1,""ffn_dim"":64,""learning_rate"":0.001,""max_epochs"":30,""min_delta"":0.0001,""num_attention_heads"":4,""num_hidden_layers"":2,""patch_length"":21,""patch_stride"":7,""patience"":5,""prediction_length"":20,""seed"":2026,""validation_points"":252,""weight_decay"":0.0001,""window_stride"":5}",252,21,7,20,5,1463,47,2023-03-15,2023-03-16,2024-03-15,2024-03-15,2023-03-15,130.49899291992188,100.4085922241211,15,10,True,0.0729558169841766,9.232629400095902,0.0016244000289589,19540,True,True,,,55.224639892578125,3049.7608512649317,3.1238849138974176
SPY,PatchTST,2024-03-15,496.4381713867188,2024-03-22,5,507.5191955566406,446.2759399414063,11.081024169921818,-50.16223144531256,1.0,-1.0,False,1.0801303255568664,56.69987608547156,9.247358999913558,7838,expanding,original,PatchTST-HF-supervised-v1,5.15.0,cpu,"{""batch_size"":64,""context_length"":252,""d_model"":32,""dropout"":0.1,""ffn_dim"":64,""learning_rate"":0.001,""max_epochs"":30,""min_delta"":0.0001,""num_attention_heads"":4,""num_hidden_layers"":2,""patch_length"":21,""patch_stride"":7,""patience"":5,""prediction_length"":20,""seed"":2026,""validation_points"":252,""weight_decay"":0.0001,""window_stride"":5}",252,21,7,20,5,1463,47,2023-03-15,2023-03-16,2024-03-15,2024-03-15,2023-03-15,130.49899291992188,100.4085922241211,15,10,True,0.0729558169841766,9.232629400095902,0.0016244000289589,19540,True,True,,,61.243255615234375,3750.736358352937,3.1449195733831385
SPY,PatchTST,2024-03-15,496.4381713867188,2024-04-15,20,491.199462890625,444.7514343261719,-5.238708496093807,-51.68673706054693,-1.0,-1.0,True,1.0801303255568664,43.002244697191166,9.247358999913558,7838,expanding,original,PatchTST-HF-supervised-v1,5.15.0,cpu,"{""batch_size"":64,""context_length"":252,""d_model"":32,""dropout"":0.1,""ffn_dim"":64,""learning_rate"":0.001,""max_epochs"":30,""min_delta"":0.0001,""num_attention_heads"":4,""num_hidden_layers"":2,""patch_length"":21,""patch_stride"":7,""patience"":5,""prediction_length"":20,""seed"":2026,""validation_points"":252,""weight_decay"":0.0001,""window_stride"":5}",252,21,7,20,5,1463,47,2023-03-15,2023-03-16,2024-03-15,2024-03-15,2023-03-15,130.49899291992188,100.4085922241211,15,10,True,0.0729558169841766,9.232629400095902,0.0016244000289589,19540,True,True,,,46.448028564453125,2157.419357524253,3.1297365538679203
SPY,PatchTST,2024-03-22,507.5191955566406,2024-03-25,1,506.1170043945313,437.15472412109375,-1.4021911621093182,-70.36447143554688,-1.0,-1.0,True,1.081100523213409,63.78896207399617,5.527790499967523,7843,expanding,original,PatchTST-HF-supervised-v1,5.15.0,cpu,"{""batch_size"":64,""context_length"":252,""d_model"":32,""dropout"":0.1,""ffn_dim"":64,""learning_rate"":0.001,""max_epochs"":30,""min_delta"":0.0001,""num_attention_heads"":4,""num_hidden_layers"":2,""patch_length"":21,""patch_stride"":7,""patience"":5,""prediction_length"":20,""seed"":2026,""validation_points"":252,""weight_decay"":0.0001,""window_stride"":5}",252,21,7,20,5,1464,47,2023-03-22,2023-03-23,2024-03-22,2024-03-22,2023-03-22,130.66204833984375,100.57628631591795,9,4,True,0.1032316163182258,5.513549700030126,0.0012367999879643,19540,True,True,,,68.96228027343756,4755.796100512155,3.047365209116318
SPY,PatchTST,2024-03-22,507.5191955566406,2024-04-01,5,508.4441223144531,442.8856201171875,0.9249267578125,-64.63357543945312,1.0,-1.0,False,1.081100523213409,60.64052397496101,5.527790499967523,7843,expanding,original,PatchTST-HF-supervised-v1,5.15.0,cpu,"{""batch_size"":64,""context_length"":252,""d_model"":32,""dropout"":0.1,""ffn_dim"":64,""learning_rate"":0.001,""max_epochs"":30,""min_delta"":0.0001,""num_attention_heads"":4,""num_hidden_layers"":2,""patch_length"":21,""patch_stride"":7,""patience"":5,""prediction_length"":20,""seed"":2026,""validation_points"":252,""weight_decay"":0.0001,""window_stride"":5}",252,21,7,20,5,1464,47,2023-03-22,2023-03-23,2024-03-22,2024-03-22,2023-03-22,130.66204833984375,100.57628631591795,9,4,True,0.1032316163182258,5.513549700030126,0.0012367999879643,19540,True,True,,,65.55850219726562,4297.917210348882,3.104345797742275
SPY,PatchTST,2024-03-22,507.5191955566406,2024-04-22,20,486.5936584472656,440.6741333007813,-20.925537109375,-66.84506225585938,-1.0,-1.0,True,1.081100523213409,42.47479689492285,5.527790499967523,7843,expanding,original,PatchTST-HF-supervised-v1,5.15.0,cpu,"{""batch_size"":64,""context_length"":252,""d_model"":32,""dropout"":0.1,""ffn_dim"":64,""learning_rate"":0.001,""max_epochs"":30,""min_delta"":0.0001,""num_attention_heads"":4,""num_hidden_layers"":2,""patch_length"":21,""patch_stride"":7,""patience"":5,""prediction_length"":20,""seed"":2026,""validation_points"":252,""weight_decay"":0.0001,""window_stride"":5}",252,21,7,20,5,1464,47,2023-03-22,2023-03-23,2024-03-22,2024-03-22,2023-03-22,130.66204833984375,100.57628631591795,9,4,True,0.1032316163182258,5.513549700030126,0.0012367999879643,19540,True,True,,,45.919525146484375,2108.602789678611,3.0823576442976375
SPY,PatchTST,2024-04-01,508.4441223144531,2024-04-02,1,505.2114868164063,448.8426513671875,-3.232635498046818,-59.601470947265625,-1.0,-1.0,True,1.081375848355226,52.12695986779793,6.851276000030339,7848,expanding,original,PatchTST-HF-supervised-v1,5.15.0,cpu,"{""batch_size"":64,""context_length"":252,""d_model"":32,""dropout"":0.1,""ffn_dim"":64,""learning_rate"":0.001,""max_epochs"":30,""min_delta"":0.0001,""num_attention_heads"":4,""num_hidden_layers"":2,""patch_length"":21,""patch_stride"":7,""patience"":5,""prediction_length"":20,""seed"":2026,""validation_points"":252,""weight_decay"":0.0001,""window_stride"":5}",252,21,7,20,5,1465,47,2023-03-29,2023-03-30,2024-04-01,2024-04-01,2023-03-29,130.82652282714844,100.74725341796876,11,6,True,0.0866299420595169,6.837691700085998,0.0011669999221339,19540,True,True,,,56.36883544921881,3177.4456099011068,3.156573680680801
SPY,PatchTST,2024-04-01,508.4441223144531,2024-04-08,5,505.0946350097656,447.212890625,-3.3494873046875,-61.231231689453125,-1.0,-1.0,True,1.081375848355226,53.526019166050204,6.851276000030339,7848,expanding,original,PatchTST-HF-supervised-v1,5.15.0,cpu,"{""batch_size"":64,""context_length"":252,""d_model"":32,""dropout"":0.1,""ffn_dim"":64,""learning_rate"":0.001,""max_epochs"":30,""min_delta"":0.0001,""num_attention_heads"":4,""num_hidden_layers"":2,""patch_length"":21,""patch_stride"":7,""patience"":5,""prediction_length"":20,""seed"":2026,""validation_points"":252,""weight_decay"":0.0001,""window_stride"":5}",252,21,7,20,5,1465,47,2023-03-29,2023-03-30,2024-04-01,2024-04-01,2023-03-29,130.82652282714844,100.74725341796876,11,6,True,0.0866299420595169,6.837691700085998,0.0011669999221339,19540,True,True,,,57.881744384765625,3350.296333023347,3.1403969543989825
SPY,PatchTST,2024-04-01,508.4441223144531,2024-04-29,20,496.662109375,448.3074340820313,-11.782012939453123,-60.13668823242188,-1.0,-1.0,True,1.081375848355226,44.715882425630525,6.851276000030339,7848,expanding,original,PatchTST-HF-supervised-v1,5.15.0,cpu,"{""batch_size"":64,""context_length"":252,""d_model"":32,""dropout"":0.1,""ffn_dim"":64,""learning_rate"":0.001,""max_epochs"":30,""min_delta"":0.0001,""num_attention_heads"":4,""num_hidden_layers"":2,""patch_length"":21,""patch_stride"":7,""patience"":5,""prediction_length"":20,""seed"":2026,""validation_points"":252,""weight_decay"":0.0001,""window_stride"":5}",252,21,7,20,5,1465,47,2023-03-29,2023-03-30,2024-04-01,2024-04-01,2023-03-29,130.82652282714844,100.74725341796876,11,6,True,0.0866299420595169,6.837691700085998,0.0011669999221339,19540,True,True,,,48.35467529296875,2338.1746226884425,3.1512612054817426
SPY,PatchTST,2024-04-08,505.0946350097656,2024-04-09,1,505.6788635253906,443.5130310058594,0.584228515625,-61.58160400390625,1.0,-1.0,False,1.082656503756072,57.41971927740576,8.679777399986051,7853,expanding,original,PatchTST-HF-supervised-v1,5.15.0,cpu,"{""batch_size"":64,""context_length"":252,""d_model"":32,""dropout"":0.1,""ffn_dim"":64,""learning_rate"":0.001,""max_epochs"":30,""min_delta"":0.0001,""num_attention_heads"":4,""num_hidden_layers"":2,""patch_length"":21,""patch_stride"":7,""patience"":5,""prediction_length"":20,""seed"":2026,""validation_points"":252,""weight_decay"":0.0001,""window_stride"":5}",252,21,7,20,5,1466,47,2023-04-05,2023-04-06,2024-04-08,2024-04-08,2023-04-05,130.99810791015625,100.9359359741211,14,9,True,0.1208401620388031,8.661466700024903,0.0014815999893471,19540,True,True,,,62.16583251953125,3864.590732846409,3.096171052258619
SPY,PatchTST,2024-04-08,505.0946350097656,2024-04-15,5,491.199462890625,444.7933044433594,-13.895172119140623,-60.30133056640625,-1.0,-1.0,True,1.082656503756072,42.863233432088784,8.679777399986051,7853,expanding,original,PatchTST-HF-supervised-v1,5.15.0,cpu,"{""batch_size"":64,""context_length"":252,""d_model"":32,""dropout"":0.1,""ffn_dim"":64,""learning_rate"":0.001,""max_epochs"":30,""min_delta"":0.0001,""num_attention_heads"":4,""num_hidden_layers"":2,""patch_length"":21,""patch_stride"":7,""patience"":5,""prediction_length"":20,""seed"":2026,""validation_points"":252,""weight_decay"":0.0001,""window_stride"":5}",252,21,7,20,5,1466,47,2023-04-05,2023-04-06,2024-04-08,2024-04-08,2023-04-05,130.99810791015625,100.9359359741211,14,9,True,0.1208401620388031,8.661466700024903,0.0014815999893471,19540,True,True,,,46.406158447265625,2153.5315418327227,3.108855072326836
SPY,PatchTST,2024-04-08,505.0946350097656,2024-05-06,20,503.0010681152344,444.5890808105469,-2.09356689453125,-60.50555419921875,-1.0,-1.0,True,1.082656503756072,53.95246516511761,8.679777399986051,7853,expanding,original,PatchTST-HF-supervised-v1,5.15.0,cpu,"{""batch_size"":64,""context_length"":252,""d_model"":32,""dropout"":0.1,""ffn_dim"":64,""learning_rate"":0.001,""max_epochs"":30,""min_delta"":0.0001,""num_attention_heads"":4,""num_hidden_layers"":2,""patch_length"":21,""patch_stride"":7,""patience"":5,""prediction_length"":20,""seed"":2026,""validation_points"":252,""weight_decay"":0.0001,""window_stride"":5}",252,21,7,20,5,1466,47,2023-04-05,2023-04-06,2024-04-08,2024-04-08,2023-04-05,130.99810791015625,100.9359359741211,14,9,True,0.1208401620388031,8.661466700024903,0.0014815999893471,19540,True,True,,,58.4119873046875,3411.9602608829737,3.1068317727869688
SPY,PatchTST,2024-04-15,491.199462890625,2024-04-16,1,490.3036193847656,456.3235473632813,-0.895843505859375,-34.87591552734375,-1.0,-1.0,True,1.0848464538566456,31.32247139738965,12.644149099942297,7858,expanding,original,PatchTST-HF-supervised-v1,5.15.0,cpu,"{""batch_size"":64,""context_length"":252,""d_model"":32,""dropout"":0.1,""ffn_dim"":64,""learning_rate"":0.001,""max_epochs"":30,""min_delta"":0.0001,""num_attention_heads"":4,""num_hidden_layers"":2,""patch_length"":21,""patch_stride"":7,""patience"":5,""prediction_length"":20,""seed"":2026,""validation_points"":252,""weight_decay"":0.0001,""window_stride"":5}",252,21,7,20,5,1467,47,2023-04-13,2023-04-14,2024-04-15,2024-04-15,2023-04-13,131.1707000732422,101.12689971923828,20,15,True,0.0915332809090614,12.6259119999595,0.0014588000485673,19540,True,True,,,33.980072021484375,1154.6452945852652,3.215295318978145
SPY,PatchTST,2024-04-15,491.199462890625,2024-04-22,5,486.5936584472656,453.0836181640625,-4.605804443359375,-38.1158447265625,-1.0,-1.0,True,1.0848464538566456,30.88920110682431,12.644149099942297,7858,expanding,original,PatchTST-HF-supervised-v1,5.15.0,cpu,"{""batch_size"":64,""context_length"":252,""d_model"":32,""dropout"":0.1,""ffn_dim"":64,""learning_rate"":0.001,""max_epochs"":30,""min_delta"":0.0001,""num_attention_heads"":4,""num_hidden_layers"":2,""patch_length"":21,""patch_stride"":7,""patience"":5,""prediction_length"":20,""seed"":2026,""validation_points"":252,""weight_decay"":0.0001,""window_stride"":5}",252,21,7,20,5,1467,47,2023-04-13,2023-04-14,2024-04-15,2024-04-15,2023-04-13,131.1707000732422,101.12689971923828,20,15,True,0.0915332809090614,12.6259119999595,0.0014588000485673,19540,True,True,,,33.510040283203125,1122.9227997818962,3.1832570659691637
SPY,PatchTST,2024-04-15,491.199462890625,2024-05-13,20,507.2271118164063,456.4610595703125,16.027648925781307,-34.7384033203125,1.0,-1.0,False,1.0848464538566456,46.79561062823197,12.644149099942297,7858,expanding,original,PatchTST-HF-supervised-v1,5.15.0,cpu,"{""batch_size"":64,""context_length"":252,""d_model"":32,""dropout"":0.1,""ffn_dim"":64,""learning_rate"":0.001,""max_epochs"":30,""min_delta"":0.0001,""num_attention_heads"":4,""num_hidden_layers"":2,""patch_length"":21,""patch_stride"":7,""patience"":5,""prediction_length"":20,""seed"":2026,""validation_points"":252,""weight_decay"":0.0001,""window_stride"":5}",252,21,7,20,5,1467,47,2023-04-13,2023-04-14,2024-04-15,2024-04-15,2023-04-13,131.1707000732422,101.12689971923828,20,15,True,0.0915332809090614,12.6259119999595,0.0014588000485673,19540,True,True,,,50.76605224609381,2577.192060653126,3.216655117482924
SPY,PatchTST,2024-04-22,486.5936584472656,2024-04-23,1,492.3678894042969,461.8448181152344,5.77423095703125,-24.74884033203125,1.0,-1.0,False,1.085871877696975,28.10927505904184,6.21886640007142,7863,expanding,original,PatchTST-HF-supervised-v1,5.15.0,cpu,"{""batch_size"":64,""context_length"":252,""d_model"":32,""dropout"":0.1,""ffn_dim"":64,""learning_rate"":0.001,""max_epochs"":30,""min_delta"":0.0001,""num_attention_heads"":4,""num_hidden_layers"":2,""patch_length"":21,""patch_stride"":7,""patience"":5,""prediction_length"":20,""seed"":2026,""validation_points"":252,""weight_decay"":0.0001,""window_stride"":5}",252,21,7,20,5,1468,47,2023-04-20,2023-04-21,2024-04-22,2024-04-22,2023-04-20,131.34515380859375,101.32240295410156,10,5,True,0.0933075100183487,6.200996399973519,0.0014721000334247,19540,True,True,,,30.5230712890625,931.6578809171916,3.2618616877489077
SPY,PatchTST,2024-04-22,486.5936584472656,2024-04-29,5,496.662109375,457.2183532714844,10.068450927734377,-29.37530517578125,1.0,-1.0,False,1.085871877696975,36.32450283837525,6.21886640007142,7863,expanding,original,PatchTST-HF-supervised-v1,5.15.0,cpu,"{""batch_size"":64,""context_length"":252,""d_model"":32,""dropout"":0.1,""ffn_dim"":64,""learning_rate"":0.001,""max_epochs"":30,""min_delta"":0.0001,""num_attention_heads"":4,""num_hidden_layers"":2,""patch_length"":21,""patch_stride"":7,""patience"":5,""prediction_length"":20,""seed"":2026,""validation_points"":252,""weight_decay"":0.0001,""window_stride"":5}",252,21,7,20,5,1468,47,2023-04-20,2023-04-21,2024-04-22,2024-04-22,2023-04-20,131.34515380859375,101.32240295410156,10,5,True,0.0933075100183487,6.200996399973519,0.0014721000334247,19540,True,True,,,39.443756103515625,1555.809895553626,3.2162008594536515
SPY,PatchTST,2024-04-22,486.5936584472656,2024-05-20,20,516.13671875,455.5735473632813,29.54306030273437,-31.02011108398437,1.0,-1.0,False,1.085871877696975,55.77377279091817,6.21886640007142,7863,expanding,original,PatchTST-HF-supervised-v1,5.15.0,cpu,"{""batch_size"":64,""context_length"":252,""d_model"":32,""dropout"":0.1,""ffn_dim"":64,""learning_rate"":0.001,""max_epochs"":30,""min_delta"":0.0001,""num_attention_heads"":4,""num_hidden_layers"":2,""patch_length"":21,""patch_stride"":7,""patience"":5,""prediction_length"":20,""seed"":2026,""validation_points"":252,""weight_decay"":0.0001,""window_stride"":5}",252,21,7,20,5,1468,47,2023-04-20,2023-04-21,2024-04-22,2024-04-22,2023-04-20,131.34515380859375,101.32240295410156,10,5,True,0.0933075100183487,6.200996399973519,0.0014721000334247,19540,True,True,,,60.56317138671875,3667.8977284170687,3.1999674711777324
SPY,PatchTST,2024-04-29,496.662109375,2024-04-30,1,488.79437255859375,456.47857666015625,-7.86773681640625,-40.18353271484375,-1.0,-1.0,True,1.0869962673592148,29.72944514054917,8.851950100040995,7868,expanding,original,PatchTST-HF-supervised-v1,5.15.0,cpu,"{""batch_size"":64,""context_length"":252,""d_model"":32,""dropout"":0.1,""ffn_dim"":64,""learning_rate"":0.001,""max_epochs"":30,""min_delta"":0.0001,""num_attention_heads"":4,""num_hidden_layers"":2,""patch_length"":21,""patch_stride"":7,""patience"":5,""prediction_length"":20,""seed"":2026,""validation_points"":252,""weight_decay"":0.0001,""window_stride"":5}",252,21,7,20,5,1469,47,2023-04-27,2023-04-28,2024-04-29,2024-04-29,2023-04-27,131.51698303222656,101.51080322265624,14,9,True,0.11060731112957,8.837714600027539,0.0012518999865278,19540,True,True,,,32.3157958984375,1044.31066454947,3.201251328049795
SPY,PatchTST,2024-04-29,496.662109375,2024-05-06,5,503.0010681152344,459.1138916015625,6.338958740234375,-37.5482177734375,1.0,-1.0,False,1.0869962673592148,40.37472605153728,8.851950100040995,7868,expanding,original,PatchTST-HF-supervised-v1,5.15.0,cpu,"{""batch_size"":64,""context_length"":252,""d_model"":32,""dropout"":0.1,""ffn_dim"":64,""learning_rate"":0.001,""max_epochs"":30,""min_delta"":0.0001,""num_attention_heads"":4,""num_hidden_layers"":2,""patch_length"":21,""patch_stride"":7,""patience"":5,""prediction_length"":20,""seed"":2026,""validation_points"":252,""weight_decay"":0.0001,""window_stride"":5}",252,21,7,20,5,1469,47,2023-04-27,2023-04-28,2024-04-29,2024-04-29,2023-04-27,131.51698303222656,101.51080322265624,14,9,True,0.11060731112957,8.837714600027539,0.0012518999865278,19540,True,True,,,43.88717651367188,1926.084262342192,3.22721225888418
SPY,PatchTST,2024-04-29,496.662109375,2024-05-28,20,515.8932495117188,461.406982421875,19.23114013671875,-35.255126953125,1.0,-1.0,False,1.0869962673592148,50.12553283390247,8.851950100040995,7868,expanding,original,PatchTST-HF-supervised-v1,5.15.0,cpu,"{""batch_size"":64,""context_length"":252,""d_model"":32,""dropout"":0.1,""ffn_dim"":64,""learning_rate"":0.001,""max_epochs"":30,""min_delta"":0.0001,""num_attention_heads"":4,""num_hidden_layers"":2,""patch_length"":21,""patch_stride"":7,""patience"":5,""prediction_length"":20,""seed"":2026,""validation_points"":252,""weight_decay"":0.0001,""window_stride"":5}",252,21,7,20,5,1469,47,2023-04-27,2023-04-28,2024-04-29,2024-04-29,2023-04-27,131.51698303222656,101.51080322265624,14,9,True,0.11060731112957,8.837714600027539,0.0012518999865278,19540,True,True,,,54.48626708984375,2968.75330138579,3.2498018823283252
SPY,PatchTST,2024-05-06,503.0010681152344,2024-05-07,1,503.5561218261719,456.3423156738281,0.5550537109375,-46.65875244140625,1.0,-1.0,False,1.0895132834349224,43.33476871754348,8.830887099960819,7873,expanding,original,PatchTST-HF-supervised-v1,5.15.0,cpu,"{""batch_size"":64,""context_length"":252,""d_model"":32,""dropout"":0.1,""ffn_dim"":64,""learning_rate"":0.001,""max_epochs"":30,""min_delta"":0.0001,""num_attention_heads"":4,""num_hidden_layers"":2,""patch_length"":21,""patch_stride"":7,""patience"":5,""prediction_length"":20,""seed"":2026,""validation_points"":252,""weight_decay"":0.0001,""window_stride"":5}",252,21,7,20,5,1470,47,2023-05-04,2023-05-05,2024-05-06,2024-05-06,2023-05-04,131.6895751953125,101.70085144042967,14,9,True,0.1186645999550819,8.817435800097883,0.0011959999101236,19540,True,True,,,47.21380615234375,2229.1434913910925,3.192232276134659
SPY,PatchTST,2024-05-06,503.0010681152344,2024-05-13,5,507.2271118164063,457.9267578125,4.226043701171932,-45.074310302734375,1.0,-1.0,False,1.0895132834349224,45.2498879577461,8.830887099960819,7873,expanding,original,PatchTST-HF-supervised-v1,5.15.0,cpu,"{""batch_size"":64,""context_length"":252,""d_model"":32,""dropout"":0.1,""ffn_dim"":64,""learning_rate"":0.001,""max_epochs"":30,""min_delta"":0.0001,""num_attention_heads"":4,""num_hidden_layers"":2,""patch_length"":21,""patch_stride"":7,""patience"":5,""prediction_length"":20,""seed"":2026,""validation_points"":252,""weight_decay"":0.0001,""window_stride"":5}",252,21,7,20,5,1470,47,2023-05-04,2023-05-05,2024-05-06,2024-05-06,2023-05-04,131.6895751953125,101.70085144042967,14,9,True,0.1186645999550819,8.817435800097883,0.0011959999101236,19540,True,True,,,49.30035400390631,2430.5249049104805,3.2078117144208758
SPY,PatchTST,2024-05-06,503.0010681152344,2024-06-04,20,514.5106201171875,460.533447265625,11.509552001953123,-42.467620849609375,1.0,-1.0,False,1.0895132834349224,49.54246421061337,8.830887099960819,7873,expanding,original,PatchTST-HF-supervised-v1,5.15.0,cpu,"{""batch_size"":64,""context_length"":252,""d_model"":32,""dropout"":0.1,""ffn_dim"":64,""learning_rate"":0.001,""max_epochs"":30,""min_delta"":0.0001,""num_attention_heads"":4,""num_hidden_layers"":2,""patch_length"":21,""patch_stride"":7,""patience"":5,""prediction_length"":20,""seed"":2026,""validation_points"":252,""weight_decay"":0.0001,""window_stride"":5}",252,21,7,20,5,1470,47,2023-05-04,2023-05-05,2024-05-06,2024-05-06,2023-05-04,131.6895751953125,101.70085144042967,14,9,True,0.1186645999550819,8.817435800097883,0.0011959999101236,19540,True,True,,,53.9771728515625,2913.535189047456,3.2334426645673635
SPY,PatchTST,2024-05-13,507.2271118164063,2024-05-14,1,509.5543518066406,459.7280578613281,2.327239990234318,-47.49905395507818,1.0,-1.0,False,1.0893582088232678,45.73912744379574,5.710260499967262,7878,expanding,original,PatchTST-HF-supervised-v1,5.15.0,cpu,"{""batch_size"":64,""context_length"":252,""d_model"":32,""dropout"":0.1,""ffn_dim"":64,""learning_rate"":0.001,""max_epochs"":30,""min_delta"":0.0001,""num_attention_heads"":4,""num_hidden_layers"":2,""patch_length"":21,""patch_stride"":7,""patience"":5,""prediction_length"":20,""seed"":2026,""validation_points"":252,""weight_decay"":0.0001,""window_stride"":5}",252,21,7,20,5,1471,47,2023-05-11,2023-05-12,2024-05-13,2024-05-13,2023-05-11,131.8626708984375,101.8918685913086,9,4,True,0.1333686709403991,5.694636500091292,0.0014294000575318,19540,True,True,,,49.8262939453125,2482.659568324685,3.217777743167796
SPY,PatchTST,2024-05-13,507.2271118164063,2024-05-20,5,516.13671875,454.4742431640625,8.909606933593693,-52.75286865234381,1.0,-1.0,False,1.0893582088232678,56.60440715138662,5.710260499967262,7878,expanding,original,PatchTST-HF-supervised-v1,5.15.0,cpu,"{""batch_size"":64,""context_length"":252,""d_model"":32,""dropout"":0.1,""ffn_dim"":64,""learning_rate"":0.001,""max_epochs"":30,""min_delta"":0.0001,""num_attention_heads"":4,""num_hidden_layers"":2,""patch_length"":21,""patch_stride"":7,""patience"":5,""prediction_length"":20,""seed"":2026,""validation_points"":252,""weight_decay"":0.0001,""window_stride"":5}",252,21,7,20,5,1471,47,2023-05-11,2023-05-12,2024-05-13,2024-05-13,2023-05-11,131.8626708984375,101.8918685913086,9,4,True,0.1333686709403991,5.694636500091292,0.0014294000575318,19540,True,True,,,61.6624755859375,3802.260895386338,3.166215093764056
SPY,PatchTST,2024-05-13,507.2271118164063,2024-06-11,20,522.8458251953125,455.7278747558594,15.618713378906191,-51.49923706054693,1.0,-1.0,False,1.0893582088232678,61.612378642608654,5.710260499967262,7878,expanding,original,PatchTST-HF-supervised-v1,5.15.0,cpu,"{""batch_size"":64,""context_length"":252,""d_model"":32,""dropout"":0.1,""ffn_dim"":64,""learning_rate"":0.001,""max_epochs"":30,""min_delta"":0.0001,""num_attention_heads"":4,""num_hidden_layers"":2,""patch_length"":21,""patch_stride"":7,""patience"":5,""prediction_length"":20,""seed"":2026,""validation_points"":252,""weight_decay"":0.0001,""window_stride"":5}",252,21,7,20,5,1471,47,2023-05-11,2023-05-12,2024-05-13,2024-05-13,2023-05-11,131.8626708984375,101.8918685913086,9,4,True,0.1333686709403991,5.694636500091292,0.0014294000575318,19540,True,True,,,67.11795043945312,4504.819271192886,3.1785186427040135
SPY,PatchTST,2024-05-20,516.13671875,2024-05-21,1,517.4026489257812,458.0291748046875,1.26593017578125,-58.1075439453125,1.0,-1.0,False,1.0900668792995638,54.46773519001414,6.7781651999102905,7883,expanding,original,PatchTST-HF-supervised-v1,5.15.0,cpu,"{""batch_size"":64,""context_length"":252,""d_model"":32,""dropout"":0.1,""ffn_dim"":64,""learning_rate"":0.001,""max_epochs"":30,""min_delta"":0.0001,""num_attention_heads"":4,""num_hidden_layers"":2,""patch_length"":21,""patch_stride"":7,""patience"":5,""prediction_length"":20,""seed"":2026,""validation_points"":252,""weight_decay"":0.0001,""window_stride"":5}",252,21,7,20,5,1472,47,2023-05-18,2023-05-19,2024-05-20,2024-05-20,2023-05-18,132.03656005859375,102.0846176147461,11,6,True,0.1259248852729797,6.760195199982263,0.0013763000024482,19540,True,True,,,59.37347412109375,3525.209429208189,3.193356867695258
SPY,PatchTST,2024-05-20,516.13671875,2024-05-28,5,515.8932495117188,463.3226623535156,-0.24346923828125,-52.814056396484375,-1.0,-1.0,True,1.0900668792995638,48.22693740771485,6.7781651999102905,7883,expanding,original,PatchTST-HF-supervised-v1,5.15.0,cpu,"{""batch_size"":64,""context_length"":252,""d_model"":32,""dropout"":0.1,""ffn_dim"":64,""learning_rate"":0.001,""max_epochs"":30,""min_delta"":0.0001,""num_attention_heads"":4,""num_hidden_layers"":2,""patch_length"":21,""patch_stride"":7,""patience"":5,""prediction_length"":20,""seed"":2026,""validation_points"":252,""weight_decay"":0.0001,""window_stride"":5}",252,21,7,20,5,1472,47,2023-05-18,2023-05-19,2024-05-20,2024-05-20,2023-05-18,132.03656005859375,102.0846176147461,11,6,True,0.1259248852729797,6.760195199982263,0.0013763000024482,19540,True,True,,,52.570587158203125,2763.666634158232,3.2452107872427165
SPY,PatchTST,2024-05-20,516.13671875,2024-06-18,20,534.0826416015625,463.0703125,17.9459228515625,-53.06640625,1.0,-1.0,False,1.0900668792995638,65.14492867372722,6.7781651999102905,7883,expanding,original,PatchTST-HF-supervised-v1,5.15.0,cpu,"{""batch_size"":64,""context_length"":252,""d_model"":32,""dropout"":0.1,""ffn_dim"":64,""learning_rate"":0.001,""max_epochs"":30,""min_delta"":0.0001,""num_attention_heads"":4,""num_hidden_layers"":2,""patch_length"":21,""patch_stride"":7,""patience"":5,""prediction_length"":20,""seed"":2026,""validation_points"":252,""weight_decay"":0.0001,""window_stride"":5}",252,21,7,20,5,1472,47,2023-05-18,2023-05-19,2024-05-20,2024-05-20,2023-05-18,132.03656005859375,102.0846176147461,11,6,True,0.1259248852729797,6.760195199982263,0.0013763000024482,19540,True,True,,,71.0123291015625,5042.75088442862,3.242738819776786
SPY,PatchTST,2024-05-28,515.8932495117188,2024-05-29,1,512.2807006835938,458.6187744140625,-3.612548828125,-57.27447509765625,-1.0,-1.0,True,1.0906783198621075,49.200506961865365,5.655618199962191,7888,expanding,original,PatchTST-HF-supervised-v1,5.15.0,cpu,"{""batch_size"":64,""context_length"":252,""d_model"":32,""dropout"":0.1,""ffn_dim"":64,""learning_rate"":0.001,""max_epochs"":30,""min_delta"":0.0001,""num_attention_heads"":4,""num_hidden_layers"":2,""patch_length"":21,""patch_stride"":7,""patience"":5,""prediction_length"":20,""seed"":2026,""validation_points"":252,""weight_decay"":0.0001,""window_stride"":5}",252,21,7,20,5,1473,47,2023-05-25,2023-05-26,2024-05-28,2024-05-28,2023-05-25,132.21119689941406,102.27904510498048,9,4,True,0.1397123336791992,5.63916529994458,0.0011836999328806,19540,True,True,,,53.66192626953125,2879.602330956608,3.191343614712277
SPY,PatchTST,2024-05-28,515.8932495117188,2024-06-04,5,514.5106201171875,459.2634887695313,-1.38262939453125,-56.6297607421875,-1.0,-1.0,True,1.0906783198621075,50.65391907179473,5.655618199962191,7888,expanding,original,PatchTST-HF-supervised-v1,5.15.0,cpu,"{""batch_size"":64,""context_length"":252,""d_model"":32,""dropout"":0.1,""ffn_dim"":64,""learning_rate"":0.001,""max_epochs"":30,""min_delta"":0.0001,""num_attention_heads"":4,""num_hidden_layers"":2,""patch_length"":21,""patch_stride"":7,""patience"":5,""prediction_length"":20,""seed"":2026,""validation_points"":252,""weight_decay"":0.0001,""window_stride"":5}",252,21,7,20,5,1473,47,2023-05-25,2023-05-26,2024-05-28,2024-05-28,2023-05-25,132.21119689941406,102.27904510498048,9,4,True,0.1397123336791992,5.63916529994458,0.0011836999328806,19540,True,True,,,55.24713134765625,3052.245522145182,3.197647099016487
SPY,PatchTST,2024-05-28,515.8932495117188,2024-06-26,20,532.8945922851562,461.5296020507813,17.0013427734375,-54.3636474609375,1.0,-1.0,False,1.0906783198621075,65.43174915533072,5.655618199962191,7888,expanding,original,PatchTST-HF-supervised-v1,5.15.0,cpu,"{""batch_size"":64,""context_length"":252,""d_model"":32,""dropout"":0.1,""ffn_dim"":64,""learning_rate"":0.001,""max_epochs"":30,""min_delta"":0.0001,""num_attention_heads"":4,""num_hidden_layers"":2,""patch_length"":21,""patch_stride"":7,""patience"":5,""prediction_length"":20,""seed"":2026,""validation_points"":252,""weight_decay"":0.0001,""window_stride"":5}",252,21,7,20,5,1473,47,2023-05-25,2023-05-26,2024-05-28,2024-05-28,2023-05-25,132.21119689941406,102.27904510498048,9,4,True,0.1397123336791992,5.63916529994458,0.0011836999328806,19540,True,True,,,71.364990234375,5092.961831152439,3.219803282415775
SPY,PatchTST,2024-06-04,514.5106201171875,2024-06-05,1,520.6255493164062,467.5720825195313,6.11492919921875,-46.93853759765625,1.0,-1.0,False,1.091588794188154,48.60206249765727,9.33795140008442,7893,expanding,original,PatchTST-HF-supervised-v1,5.15.0,cpu,"{""batch_size"":64,""context_length"":252,""d_model"":32,""dropout"":0.1,""ffn_dim"":64,""learning_rate"":0.001,""max_epochs"":30,""min_delta"":0.0001,""num_attention_heads"":4,""num_hidden_layers"":2,""patch_length"":21,""patch_stride"":7,""patience"":5,""prediction_length"":20,""seed"":2026,""validation_points"":252,""weight_decay"":0.0001,""window_stride"":5}",252,21,7,20,5,1474,47,2023-06-02,2023-06-05,2024-06-04,2024-06-04,2023-06-02,132.38946533203125,102.4826431274414,15,10,True,0.1455077677965164,9.321032700012438,0.0011634000111371,19540,True,True,,,53.053466796875,2814.670339167118,3.270628146960326
SPY,PatchTST,2024-06-04,514.5106201171875,2024-06-11,5,522.8458251953125,468.9418029785156,8.335205078125,-45.56881713867188,1.0,-1.0,False,1.091588794188154,49.38125281588919,9.33795140008442,7893,expanding,original,PatchTST-HF-supervised-v1,5.15.0,cpu,"{""batch_size"":64,""context_length"":252,""d_model"":32,""dropout"":0.1,""ffn_dim"":64,""learning_rate"":0.001,""max_epochs"":30,""min_delta"":0.0001,""num_attention_heads"":4,""num_hidden_layers"":2,""patch_length"":21,""patch_stride"":7,""patience"":5,""prediction_length"":20,""seed"":2026,""validation_points"":252,""weight_decay"":0.0001,""window_stride"":5}",252,21,7,20,5,1474,47,2023-06-02,2023-06-05,2024-06-04,2024-06-04,2023-06-02,132.38946533203125,102.4826431274414,15,10,True,0.1455077677965164,9.321032700012438,0.0011634000111371,19540,True,True,,,53.90402221679688,2905.643611148931,3.283993536622271
SPY,PatchTST,2024-06-04,514.5106201171875,2024-07-03,20,538.7069091796875,463.8477478027344,24.1962890625,-50.662872314453125,1.0,-1.0,False,1.091588794188154,68.57816952273501,9.33795140008442,7893,expanding,original,PatchTST-HF-supervised-v1,5.15.0,cpu,"{""batch_size"":64,""context_length"":252,""d_model"":32,""dropout"":0.1,""ffn_dim"":64,""learning_rate"":0.001,""max_epochs"":30,""min_delta"":0.0001,""num_attention_heads"":4,""num_hidden_layers"":2,""patch_length"":21,""patch_stride"":7,""patience"":5,""prediction_length"":20,""seed"":2026,""validation_points"":252,""weight_decay"":0.0001,""window_stride"":5}",252,21,7,20,5,1474,47,2023-06-02,2023-06-05,2024-06-04,2024-06-04,2023-06-02,132.38946533203125,102.4826431274414,15,10,True,0.1455077677965164,9.321032700012438,0.0011634000111371,19540,True,True,,,74.85916137695312,5603.894042060711,3.2342870202764096
SPY,PatchTST,2024-06-11,522.8458251953125,2024-06-12,1,527.1398315429688,471.1746215820313,4.29400634765625,-51.67120361328125,1.0,-1.0,False,1.0921158671635716,51.2447549235683,9.426622400060296,7898,expanding,original,PatchTST-HF-supervised-v1,5.15.0,cpu,"{""batch_size"":64,""context_length"":252,""d_model"":32,""dropout"":0.1,""ffn_dim"":64,""learning_rate"":0.001,""max_epochs"":30,""min_delta"":0.0001,""num_attention_heads"":4,""num_hidden_layers"":2,""patch_length"":21,""patch_stride"":7,""patience"":5,""prediction_length"":20,""seed"":2026,""validation_points"":252,""weight_decay"":0.0001,""window_stride"":5}",252,21,7,20,5,1475,47,2023-06-09,2023-06-12,2024-06-11,2024-06-11,2023-06-09,132.57162475585938,102.69631958007812,15,10,True,0.1195729672908783,9.409479500027372,0.0014391000149771,19540,True,True,,,55.9652099609375,3132.104725971818,3.297128837826988
SPY,PatchTST,2024-06-11,522.8458251953125,2024-06-18,5,534.0826416015625,470.495849609375,11.23681640625,-52.3499755859375,1.0,-1.0,False,1.0921158671635716,58.22348516676555,9.426622400060296,7898,expanding,original,PatchTST-HF-supervised-v1,5.15.0,cpu,"{""batch_size"":64,""context_length"":252,""d_model"":32,""dropout"":0.1,""ffn_dim"":64,""learning_rate"":0.001,""max_epochs"":30,""min_delta"":0.0001,""num_attention_heads"":4,""num_hidden_layers"":2,""patch_length"":21,""patch_stride"":7,""patience"":5,""prediction_length"":20,""seed"":2026,""validation_points"":252,""weight_decay"":0.0001,""window_stride"":5}",252,21,7,20,5,1475,47,2023-06-09,2023-06-12,2024-06-11,2024-06-11,2023-06-09,132.57162475585938,102.69631958007812,15,10,True,0.1195729672908783,9.409479500027372,0.0014391000149771,19540,True,True,,,63.5867919921875,4043.28011585772,3.290519331513307
SPY,PatchTST,2024-06-11,522.8458251953125,2024-07-11,20,543.61083984375,479.8243103027344,20.7650146484375,-43.021514892578125,1.0,-1.0,False,1.0921158671635716,58.406375604340525,9.426622400060296,7898,expanding,original,PatchTST-HF-supervised-v1,5.15.0,cpu,"{""batch_size"":64,""context_length"":252,""d_model"":32,""dropout"":0.1,""ffn_dim"":64,""learning_rate"":0.001,""max_epochs"":30,""min_delta"":0.0001,""num_attention_heads"":4,""num_hidden_layers"":2,""patch_length"":21,""patch_stride"":7,""patience"":5,""prediction_length"":20,""seed"":2026,""validation_points"":252,""weight_decay"":0.0001,""window_stride"":5}",252,21,7,20,5,1475,47,2023-06-09,2023-06-12,2024-06-11,2024-06-11,2023-06-09,132.57162475585938,102.69631958007812,15,10,True,0.1195729672908783,9.409479500027372,0.0014391000149771,19540,True,True,,,63.786529541015625,4068.721350886859,3.381354725921823
SPY,PatchTST,2024-06-18,534.0826416015625,2024-06-20,1,532.6317138671875,477.0577392578125,-1.450927734375,-57.02490234375,-1.0,-1.0,True,1.0928468513537046,50.85248179151156,4.99243209999986,7903,expanding,original,PatchTST-HF-supervised-v1,5.15.0,cpu,"{""batch_size"":64,""context_length"":252,""d_model"":32,""dropout"":0.1,""ffn_dim"":64,""learning_rate"":0.001,""max_epochs"":30,""min_delta"":0.0001,""num_attention_heads"":4,""num_hidden_layers"":2,""patch_length"":21,""patch_stride"":7,""patience"":5,""prediction_length"":20,""seed"":2026,""validation_points"":252,""weight_decay"":0.0001,""window_stride"":5}",252,21,7,20,5,1476,47,2023-06-16,2023-06-20,2024-06-18,2024-06-18,2023-06-16,132.7598876953125,102.92643737792967,8,3,True,0.1412187665700912,4.979156999965198,0.0011688000522553,19540,True,True,,,55.573974609375,3088.466653883457,3.3450866495873406
SPY,PatchTST,2024-06-18,534.0826416015625,2024-06-26,5,532.8945922851562,464.0466613769531,-1.18804931640625,-70.03598022460938,-1.0,-1.0,True,1.0928468513537046,62.99869997605016,4.99243209999986,7903,expanding,original,PatchTST-HF-supervised-v1,5.15.0,cpu,"{""batch_size"":64,""context_length"":252,""d_model"":32,""dropout"":0.1,""ffn_dim"":64,""learning_rate"":0.001,""max_epochs"":30,""min_delta"":0.0001,""num_attention_heads"":4,""num_hidden_layers"":2,""patch_length"":21,""patch_stride"":7,""patience"":5,""prediction_length"":20,""seed"":2026,""validation_points"":252,""weight_decay"":0.0001,""window_stride"":5}",252,21,7,20,5,1476,47,2023-06-16,2023-06-20,2024-06-18,2024-06-18,2023-06-16,132.7598876953125,102.92643737792967,8,3,True,0.1412187665700912,4.979156999965198,0.0011688000522553,19540,True,True,,,68.84793090820312,4740.037590340711,3.21867522204434
SPY,PatchTST,2024-06-18,534.0826416015625,2024-07-18,20,539.879150390625,473.97900390625,5.7965087890625,-60.1036376953125,1.0,-1.0,False,1.0928468513537046,60.30135549436298,4.99243209999986,7903,expanding,original,PatchTST-HF-supervised-v1,5.15.0,cpu,"{""batch_size"":64,""context_length"":252,""d_model"":32,""dropout"":0.1,""ffn_dim"":64,""learning_rate"":0.001,""max_epochs"":30,""min_delta"":0.0001,""num_attention_heads"":4,""num_hidden_layers"":2,""patch_length"":21,""patch_stride"":7,""patience"":5,""prediction_length"":20,""seed"":2026,""validation_points"":252,""weight_decay"":0.0001,""window_stride"":5}",252,21,7,20,5,1476,47,2023-06-16,2023-06-20,2024-06-18,2024-06-18,2023-06-16,132.7598876953125,102.92643737792967,8,3,True,0.1412187665700912,4.979156999965198,0.0011688000522553,19540,True,True,,,65.900146484375,4342.829306662083,3.31517465195103
SPY,PatchTST,2024-06-26,532.8945922851562,2024-06-27,1,533.7346801757812,468.1788635253906,0.840087890625,-64.71572875976562,1.0,-1.0,False,1.0929905119626129,59.97839499327058,6.936864299932495,7908,expanding,original,PatchTST-HF-supervised-v1,5.15.0,cpu,"{""batch_size"":64,""context_length"":252,""d_model"":32,""dropout"":0.1,""ffn_dim"":64,""learning_rate"":0.001,""max_epochs"":30,""min_delta"":0.0001,""num_attention_heads"":4,""num_hidden_layers"":2,""patch_length"":21,""patch_stride"":7,""patience"":5,""prediction_length"":20,""seed"":2026,""validation_points"":252,""weight_decay"":0.0001,""window_stride"":5}",252,21,7,20,5,1477,47,2023-06-26,2023-06-27,2024-06-26,2024-06-26,2023-06-26,132.9466552734375,103.1519012451172,11,6,True,0.1490259319543838,6.920899600023404,0.0014466999564319,19540,True,True,,,65.55581665039062,4297.565096699633,3.2498887970600703
SPY,PatchTST,2024-06-26,532.8945922851562,2024-07-03,5,538.7069091796875,471.3024597167969,5.81231689453125,-61.592132568359375,1.0,-1.0,False,1.0929905119626129,61.669748021743374,6.936864299932495,7908,expanding,original,PatchTST-HF-supervised-v1,5.15.0,cpu,"{""batch_size"":64,""context_length"":252,""d_model"":32,""dropout"":0.1,""ffn_dim"":64,""learning_rate"":0.001,""max_epochs"":30,""min_delta"":0.0001,""num_attention_heads"":4,""num_hidden_layers"":2,""patch_length"":21,""patch_stride"":7,""patience"":5,""prediction_length"":20,""seed"":2026,""validation_points"":252,""weight_decay"":0.0001,""window_stride"":5}",252,21,7,20,5,1477,47,2023-06-26,2023-06-27,2024-06-26,2024-06-26,2023-06-26,132.9466552734375,103.1519012451172,11,6,True,0.1490259319543838,6.920899600023404,0.0014466999564319,19540,True,True,,,67.40444946289062,4543.359807395376,3.280170315419909
SPY,PatchTST,2024-06-26,532.8945922851562,2024-07-25,20,525.9586791992188,475.5818786621094,-6.9359130859375,-57.31271362304688,-1.0,-1.0,True,1.0929905119626129,46.09079400575124,6.936864299932495,7908,expanding,original,PatchTST-HF-supervised-v1,5.15.0,cpu,"{""batch_size"":64,""context_length"":252,""d_model"":32,""dropout"":0.1,""ffn_dim"":64,""learning_rate"":0.001,""max_epochs"":30,""min_delta"":0.0001,""num_attention_heads"":4,""num_hidden_layers"":2,""patch_length"":21,""patch_stride"":7,""patience"":5,""prediction_length"":20,""seed"":2026,""validation_points"":252,""weight_decay"":0.0001,""window_stride"":5}",252,21,7,20,5,1477,47,2023-06-26,2023-06-27,2024-06-26,2024-06-26,2023-06-26,132.9466552734375,103.1519012451172,11,6,True,0.1490259319543838,6.920899600023404,0.0014466999564319,19540,True,True,,,50.376800537109375,2537.8220323557034,3.321656889042468
SPY,PatchTST,2024-07-03,538.7069091796875,2024-07-05,1,541.8134765625,476.1988525390625,3.1065673828125,-62.508056640625,1.0,-1.0,False,1.093565325645393,60.00064420908143,5.731658799923025,7913,expanding,original,PatchTST-HF-supervised-v1,5.15.0,cpu,"{""batch_size"":64,""context_length"":252,""d_model"":32,""dropout"":0.1,""ffn_dim"":64,""learning_rate"":0.001,""max_epochs"":30,""min_delta"":0.0001,""num_attention_heads"":4,""num_hidden_layers"":2,""patch_length"":21,""patch_stride"":7,""patience"":5,""prediction_length"":20,""seed"":2026,""validation_points"":252,""weight_decay"":0.0001,""window_stride"":5}",252,21,7,20,5,1478,47,2023-07-03,2023-07-05,2024-07-03,2024-07-03,2023-07-03,133.13626098632812,103.38483428955078,9,4,True,0.1734964847564697,5.717317099915817,0.0014262999175116,19540,True,True,,,65.6146240234375,4305.2788857370615,3.3183067314487933
SPY,PatchTST,2024-07-03,538.7069091796875,2024-07-11,5,543.61083984375,468.47113037109375,4.9039306640625,-70.23577880859375,1.0,-1.0,False,1.093565325645393,68.71076442398245,5.731658799923025,7913,expanding,original,PatchTST-HF-supervised-v1,5.15.0,cpu,"{""batch_size"":64,""context_length"":252,""d_model"":32,""dropout"":0.1,""ffn_dim"":64,""learning_rate"":0.001,""max_epochs"":30,""min_delta"":0.0001,""num_attention_heads"":4,""num_hidden_layers"":2,""patch_length"":21,""patch_stride"":7,""patience"":5,""prediction_length"":20,""seed"":2026,""validation_points"":252,""weight_decay"":0.0001,""window_stride"":5}",252,21,7,20,5,1478,47,2023-07-03,2023-07-05,2024-07-03,2024-07-03,2023-07-03,133.13626098632812,103.38483428955078,9,4,True,0.1734964847564697,5.717317099915817,0.0014262999175116,19540,True,True,,,75.13970947265625,5645.975939635187,3.243559577080623
SPY,PatchTST,2024-07-03,538.7069091796875,2024-08-01,20,530.452392578125,476.9666442871094,-8.2545166015625,-61.740264892578125,-1.0,-1.0,True,1.093565325645393,48.90951371327522,5.731658799923025,7913,expanding,original,PatchTST-HF-supervised-v1,5.15.0,cpu,"{""batch_size"":64,""context_length"":252,""d_model"":32,""dropout"":0.1,""ffn_dim"":64,""learning_rate"":0.001,""max_epochs"":30,""min_delta"":0.0001,""num_attention_heads"":4,""num_hidden_layers"":2,""patch_length"":21,""patch_stride"":7,""patience"":5,""prediction_length"":20,""seed"":2026,""validation_points"":252,""weight_decay"":0.0001,""window_stride"":5}",252,21,7,20,5,1478,47,2023-07-03,2023-07-05,2024-07-03,2024-07-03,2023-07-03,133.13626098632812,103.38483428955078,9,4,True,0.1734964847564697,5.717317099915817,0.0014262999175116,19540,True,True,,,53.485748291015625,2860.725270249881,3.325733272810716
SPY,PatchTST,2024-07-11,543.61083984375,2024-07-12,1,547.0397338867188,473.196044921875,3.42889404296875,-70.414794921875,1.0,-1.0,False,1.0946885292406894,67.45634670718992,8.739315600018017,7918,expanding,original,PatchTST-HF-supervised-v1,5.15.0,cpu,"{""batch_size"":64,""context_length"":252,""d_model"":32,""dropout"":0.1,""ffn_dim"":64,""learning_rate"":0.001,""max_epochs"":30,""min_delta"":0.0001,""num_attention_heads"":4,""num_hidden_layers"":2,""patch_length"":21,""patch_stride"":7,""patience"":5,""prediction_length"":20,""seed"":2026,""validation_points"":252,""weight_decay"":0.0001,""window_stride"":5}",252,21,7,20,5,1479,47,2023-07-11,2023-07-12,2024-07-11,2024-07-11,2023-07-11,133.32635498046875,103.61858367919922,14,9,True,0.1639900952577591,8.725883799954318,0.0011739999754354,19540,True,True,,,73.84368896484375,5452.890399936587,3.280007097893126
SPY,PatchTST,2024-07-11,543.61083984375,2024-07-18,5,539.879150390625,476.8504638671875,-3.731689453125,-66.7603759765625,-1.0,-1.0,True,1.0946885292406894,57.57682193596766,8.739315600018017,7918,expanding,original,PatchTST-HF-supervised-v1,5.15.0,cpu,"{""batch_size"":64,""context_length"":252,""d_model"":32,""dropout"":0.1,""ffn_dim"":64,""learning_rate"":0.001,""max_epochs"":30,""min_delta"":0.0001,""num_attention_heads"":4,""num_hidden_layers"":2,""patch_length"":21,""patch_stride"":7,""patience"":5,""prediction_length"":20,""seed"":2026,""validation_points"":252,""weight_decay"":0.0001,""window_stride"":5}",252,21,7,20,5,1479,47,2023-07-11,2023-07-12,2024-07-11,2024-07-11,2023-07-11,133.32635498046875,103.61858367919922,14,9,True,0.1639900952577591,8.725883799954318,0.0011739999754354,19540,True,True,,,63.0286865234375,3972.615324869752,3.3152750856956468
SPY,PatchTST,2024-07-11,543.61083984375,2024-08-08,20,518.3782348632812,477.2557067871094,-25.23260498046875,-66.35513305664062,-1.0,-1.0,True,1.0946885292406894,37.56550560066229,8.739315600018017,7918,expanding,original,PatchTST-HF-supervised-v1,5.15.0,cpu,"{""batch_size"":64,""context_length"":252,""d_model"":32,""dropout"":0.1,""ffn_dim"":64,""learning_rate"":0.001,""max_epochs"":30,""min_delta"":0.0001,""num_attention_heads"":4,""num_hidden_layers"":2,""patch_length"":21,""patch_stride"":7,""patience"":5,""prediction_length"":20,""seed"":2026,""validation_points"":252,""weight_decay"":0.0001,""window_stride"":5}",252,21,7,20,5,1479,47,2023-07-11,2023-07-12,2024-07-11,2024-07-11,2023-07-11,133.32635498046875,103.61858367919922,14,9,True,0.1639900952577591,8.725883799954318,0.0011739999754354,19540,True,True,,,41.12252807617188,1691.062315375544,3.3191859953561815
SPY,PatchTST,2024-07-18,539.879150390625,2024-07-19,1,536.2941284179688,482.6398620605469,-3.58502197265625,-57.239288330078125,-1.0,-1.0,True,1.0965353559586957,48.93072171896564,11.317865199991502,7923,expanding,original,PatchTST-HF-supervised-v1,5.15.0,cpu,"{""batch_size"":64,""context_length"":252,""d_model"":32,""dropout"":0.1,""ffn_dim"":64,""learning_rate"":0.001,""max_epochs"":30,""min_delta"":0.0001,""num_attention_heads"":4,""num_hidden_layers"":2,""patch_length"":21,""patch_stride"":7,""patience"":5,""prediction_length"":20,""seed"":2026,""validation_points"":252,""weight_decay"":0.0001,""window_stride"":5}",252,21,7,20,5,1480,47,2023-07-18,2023-07-19,2024-07-18,2024-07-18,2023-07-18,133.52200317382812,103.86776733398438,18,13,True,0.1194347068667411,11.302796200034209,0.0013853999553248,19540,True,True,,,53.65426635742188,2878.780298353173,3.361176116977064
SPY,PatchTST,2024-07-18,539.879150390625,2024-07-25,5,525.9586791992188,485.7731323242188,-13.92047119140625,-54.10601806640625,-1.0,-1.0,True,1.0965353559586957,36.64774387494872,11.317865199991502,7923,expanding,original,PatchTST-HF-supervised-v1,5.15.0,cpu,"{""batch_size"":64,""context_length"":252,""d_model"":32,""dropout"":0.1,""ffn_dim"":64,""learning_rate"":0.001,""max_epochs"":30,""min_delta"":0.0001,""num_attention_heads"":4,""num_hidden_layers"":2,""patch_length"":21,""patch_stride"":7,""patience"":5,""prediction_length"":20,""seed"":2026,""validation_points"":252,""weight_decay"":0.0001,""window_stride"":5}",252,21,7,20,5,1480,47,2023-07-18,2023-07-19,2024-07-18,2024-07-18,2023-07-18,133.52200317382812,103.86776733398438,18,13,True,0.1194347068667411,11.302796200034209,0.0013853999553248,19540,True,True,,,40.185546875,1614.8781776428225,3.391342070709342
SPY,PatchTST,2024-07-18,539.879150390625,2024-08-15,20,540.2798461914062,487.3745727539063,0.40069580078125,-52.50457763671875,1.0,-1.0,False,1.0965353559586957,48.24766766525752,11.317865199991502,7923,expanding,original,PatchTST-HF-supervised-v1,5.15.0,cpu,"{""batch_size"":64,""context_length"":252,""d_model"":32,""dropout"":0.1,""ffn_dim"":64,""learning_rate"":0.001,""max_epochs"":30,""min_delta"":0.0001,""num_attention_heads"":4,""num_hidden_layers"":2,""patch_length"":21,""patch_stride"":7,""patience"":5,""prediction_length"":20,""seed"":2026,""validation_points"":252,""weight_decay"":0.0001,""window_stride"":5}",252,21,7,20,5,1480,47,2023-07-18,2023-07-19,2024-07-18,2024-07-18,2023-07-18,133.52200317382812,103.86776733398438,18,13,True,0.1194347068667411,11.302796200034209,0.0013853999553248,19540,True,True,,,52.9052734375,2798.967957496643,3.406760139960201
SPY,PatchTST,2024-07-25,525.9586791992188,2024-07-26,1,531.8493041992188,478.9967651367188,5.890625,-46.9619140625,1.0,-1.0,False,1.0989948011398076,48.09170981308074,5.808077299967408,7928,expanding,original,PatchTST-HF-supervised-v1,5.15.0,cpu,"{""batch_size"":64,""context_length"":252,""d_model"":32,""dropout"":0.1,""ffn_dim"":64,""learning_rate"":0.001,""max_epochs"":30,""min_delta"":0.0001,""num_attention_heads"":4,""num_hidden_layers"":2,""patch_length"":21,""patch_stride"":7,""patience"":5,""prediction_length"":20,""seed"":2026,""validation_points"":252,""weight_decay"":0.0001,""window_stride"":5}",252,21,7,20,5,1481,47,2023-07-25,2023-07-26,2024-07-25,2024-07-25,2023-07-25,133.71983337402344,104.12266540527344,9,4,True,0.1960213780403137,5.793067199992947,0.0013686999445781,19540,True,True,,,52.8525390625,2793.3908853530884,3.3160592885207523
SPY,PatchTST,2024-07-25,525.9586791992188,2024-08-01,5,530.452392578125,467.4078369140625,4.49371337890625,-58.55084228515625,1.0,-1.0,False,1.0989948011398076,57.36565414019856,5.808077299967408,7928,expanding,original,PatchTST-HF-supervised-v1,5.15.0,cpu,"{""batch_size"":64,""context_length"":252,""d_model"":32,""dropout"":0.1,""ffn_dim"":64,""learning_rate"":0.001,""max_epochs"":30,""min_delta"":0.0001,""num_attention_heads"":4,""num_hidden_layers"":2,""patch_length"":21,""patch_stride"":7,""patience"":5,""prediction_length"":20,""seed"":2026,""validation_points"":252,""weight_decay"":0.0001,""window_stride"":5}",252,21,7,20,5,1481,47,2023-07-25,2023-07-26,2024-07-25,2024-07-25,2023-07-25,133.71983337402344,104.12266540527344,9,4,True,0.1960213780403137,5.793067199992947,0.0013686999445781,19540,True,True,,,63.0445556640625,3974.615998879075,3.204758562808929
SPY,PatchTST,2024-07-25,525.9586791992188,2024-08-22,20,543.3568115234375,473.0091552734375,17.39813232421875,-52.94952392578125,1.0,-1.0,False,1.0989948011398076,64.01090903891436,5.808077299967408,7928,expanding,original,PatchTST-HF-supervised-v1,5.15.0,cpu,"{""batch_size"":64,""context_length"":252,""d_model"":32,""dropout"":0.1,""ffn_dim"":64,""learning_rate"":0.001,""max_epochs"":30,""min_delta"":0.0001,""num_attention_heads"":4,""num_hidden_layers"":2,""patch_length"":21,""patch_stride"":7,""patience"":5,""prediction_length"":20,""seed"":2026,""validation_points"":252,""weight_decay"":0.0001,""window_stride"":5}",252,21,7,20,5,1481,47,2023-07-25,2023-07-26,2024-07-25,2024-07-25,2023-07-25,133.71983337402344,104.12266540527344,9,4,True,0.1960213780403137,5.793067199992947,0.0013686999445781,19540,True,True,,,70.34765625,4948.792739868164,3.2585539428788985
SPY,PatchTST,2024-08-01,530.452392578125,2024-08-02,1,520.5762329101562,479.7318115234375,-9.87615966796875,-50.7205810546875,-1.0,-1.0,True,1.1014695977900166,37.08175102487513,6.260590599966236,7933,expanding,original,PatchTST-HF-supervised-v1,5.15.0,cpu,"{""batch_size"":64,""context_length"":252,""d_model"":32,""dropout"":0.1,""ffn_dim"":64,""learning_rate"":0.001,""max_epochs"":30,""min_delta"":0.0001,""num_attention_heads"":4,""num_hidden_layers"":2,""patch_length"":21,""patch_stride"":7,""patience"":5,""prediction_length"":20,""seed"":2026,""validation_points"":252,""weight_decay"":0.0001,""window_stride"":5}",252,21,7,20,5,1482,47,2023-08-01,2023-08-02,2024-08-01,2024-08-01,2023-08-01,133.91864013671875,104.37989044189452,10,5,True,0.1636630892753601,6.246423700009473,0.0011521000415086,19540,True,True,,,40.84442138671875,1668.266758415848,3.31302485490942
SPY,PatchTST,2024-08-01,530.452392578125,2024-08-08,5,518.3782348632812,482.81048583984375,-12.07415771484375,-47.64190673828125,-1.0,-1.0,True,1.1014695977900166,32.29117634730951,6.260590599966236,7933,expanding,original,PatchTST-HF-supervised-v1,5.15.0,cpu,"{""batch_size"":64,""context_length"":252,""d_model"":32,""dropout"":0.1,""ffn_dim"":64,""learning_rate"":0.001,""max_epochs"":30,""min_delta"":0.0001,""num_attention_heads"":4,""num_hidden_layers"":2,""patch_length"":21,""patch_stride"":7,""patience"":5,""prediction_length"":20,""seed"":2026,""validation_points"":252,""weight_decay"":0.0001,""window_stride"":5}",252,21,7,20,5,1482,47,2023-08-01,2023-08-02,2024-08-01,2024-08-01,2023-08-01,133.91864013671875,104.37989044189452,10,5,True,0.1636630892753601,6.246423700009473,0.0011521000415086,19540,True,True,,,35.5677490234375,1265.0647705942392,3.3425197538154507
SPY,PatchTST,2024-08-01,530.452392578125,2024-08-29,20,545.4376831054688,479.4370422363281,14.98529052734375,-51.01535034179688,1.0,-1.0,False,1.1014695977900166,59.920528902081365,6.260590599966236,7933,expanding,original,PatchTST-HF-supervised-v1,5.15.0,cpu,"{""batch_size"":64,""context_length"":252,""d_model"":32,""dropout"":0.1,""ffn_dim"":64,""learning_rate"":0.001,""max_epochs"":30,""min_delta"":0.0001,""num_attention_heads"":4,""num_hidden_layers"":2,""patch_length"":21,""patch_stride"":7,""patience"":5,""prediction_length"":20,""seed"":2026,""validation_points"":252,""weight_decay"":0.0001,""window_stride"":5}",252,21,7,20,5,1482,47,2023-08-01,2023-08-02,2024-08-01,2024-08-01,2023-08-01,133.91864013671875,104.37989044189452,10,5,True,0.1636630892753601,6.246423700009473,0.0011521000415086,19540,True,True,,,66.00064086914062,4356.084595137276,3.3102008503443505
SPY,PatchTST,2024-08-08,518.3782348632812,2024-08-09,1,520.6640014648438,481.0263671875,2.2857666015625,-37.35186767578125,1.0,-1.0,False,1.1064225858054175,35.825040798936364,5.023594500031322,7938,expanding,original,PatchTST-HF-supervised-v1,5.15.0,cpu,"{""batch_size"":64,""context_length"":252,""d_model"":32,""dropout"":0.1,""ffn_dim"":64,""learning_rate"":0.001,""max_epochs"":30,""min_delta"":0.0001,""num_attention_heads"":4,""num_hidden_layers"":2,""patch_length"":21,""patch_stride"":7,""patience"":5,""prediction_length"":20,""seed"":2026,""validation_points"":252,""weight_decay"":0.0001,""window_stride"":5}",252,21,7,20,5,1483,47,2023-08-08,2023-08-09,2024-08-08,2024-08-08,2023-08-08,134.1129608154297,104.62350463867188,8,3,True,0.2062543332576751,5.007624899968505,0.0014717000303789,19540,True,True,,,39.63763427734375,1571.1420511044562,3.3158266640959098
SPY,PatchTST,2024-08-08,518.3782348632812,2024-08-15,5,540.2798461914062,473.760009765625,21.901611328125,-44.61822509765625,1.0,-1.0,False,1.1064225858054175,60.12154603420203,5.023594500031322,7938,expanding,original,PatchTST-HF-supervised-v1,5.15.0,cpu,"{""batch_size"":64,""context_length"":252,""d_model"":32,""dropout"":0.1,""ffn_dim"":64,""learning_rate"":0.001,""max_epochs"":30,""min_delta"":0.0001,""num_attention_heads"":4,""num_hidden_layers"":2,""patch_length"":21,""patch_stride"":7,""patience"":5,""prediction_length"":20,""seed"":2026,""validation_points"":252,""weight_decay"":0.0001,""window_stride"":5}",252,21,7,20,5,1483,47,2023-08-08,2023-08-09,2024-08-08,2024-08-08,2023-08-08,134.1129608154297,104.62350463867188,8,3,True,0.2062543332576751,5.007624899968505,0.0014717000303789,19540,True,True,,,66.51983642578125,4424.888638112694,3.24637422654882
SPY,PatchTST,2024-08-08,518.3782348632812,2024-09-06,20,527.8636474609375,484.925537109375,9.48541259765625,-33.45269775390625,1.0,-1.0,False,1.1064225858054175,38.80805661636581,5.023594500031322,7938,expanding,original,PatchTST-HF-supervised-v1,5.15.0,cpu,"{""batch_size"":64,""context_length"":252,""d_model"":32,""dropout"":0.1,""ffn_dim"":64,""learning_rate"":0.001,""max_epochs"":30,""min_delta"":0.0001,""num_attention_heads"":4,""num_hidden_layers"":2,""patch_length"":21,""patch_stride"":7,""patience"":5,""prediction_length"":20,""seed"":2026,""validation_points"":252,""weight_decay"":0.0001,""window_stride"":5}",252,21,7,20,5,1483,47,2023-08-08,2023-08-09,2024-08-08,2024-08-08,2023-08-08,134.1129608154297,104.62350463867188,8,3,True,0.2062543332576751,5.007624899968505,0.0014717000303789,19540,True,True,,,42.9381103515625,1843.6813205629587,3.35309524858217
SPY,PatchTST,2024-08-15,540.2798461914062,2024-08-16,1,541.4910888671875,487.5701904296875,1.21124267578125,-52.70965576171875,1.0,-1.0,False,1.1084837163014007,48.64383449620176,7.023709899978712,7943,expanding,original,PatchTST-HF-supervised-v1,5.15.0,cpu,"{""batch_size"":64,""context_length"":252,""d_model"":32,""dropout"":0.1,""ffn_dim"":64,""learning_rate"":0.001,""max_epochs"":30,""min_delta"":0.0001,""num_attention_heads"":4,""num_hidden_layers"":2,""patch_length"":21,""patch_stride"":7,""patience"":5,""prediction_length"":20,""seed"":2026,""validation_points"":252,""weight_decay"":0.0001,""window_stride"":5}",252,21,7,20,5,1484,47,2023-08-15,2023-08-16,2024-08-15,2024-08-15,2023-08-15,134.30490112304688,104.85987091064452,11,6,True,0.1666371971368789,7.00932469998952,0.0011345000239089,19540,True,True,,,53.9208984375,2907.46328830719,3.3689273717271
SPY,PatchTST,2024-08-15,540.2798461914062,2024-08-22,5,543.3568115234375,492.2325439453125,3.07696533203125,-48.04730224609375,1.0,-1.0,False,1.1084837163014007,46.12090085428384,7.023709899978712,7943,expanding,original,PatchTST-HF-supervised-v1,5.15.0,cpu,"{""batch_size"":64,""context_length"":252,""d_model"":32,""dropout"":0.1,""ffn_dim"":64,""learning_rate"":0.001,""max_epochs"":30,""min_delta"":0.0001,""num_attention_heads"":4,""num_hidden_layers"":2,""patch_length"":21,""patch_stride"":7,""patience"":5,""prediction_length"":20,""seed"":2026,""validation_points"":252,""weight_decay"":0.0001,""window_stride"":5}",252,21,7,20,5,1484,47,2023-08-15,2023-08-16,2024-08-15,2024-08-15,2023-08-15,134.30490112304688,104.85987091064452,11,6,True,0.1666371971368789,7.00932469998952,0.0011345000239089,19540,True,True,,,51.124267578125,2613.690735399723,3.4133900768128043
SPY,PatchTST,2024-08-15,540.2798461914062,2024-09-13,20,549.0130004882812,487.45709228515625,8.733154296875,-52.82275390625,1.0,-1.0,False,1.1084837163014007,55.53163054890355,7.023709899978712,7943,expanding,original,PatchTST-HF-supervised-v1,5.15.0,cpu,"{""batch_size"":64,""context_length"":252,""d_model"":32,""dropout"":0.1,""ffn_dim"":64,""learning_rate"":0.001,""max_epochs"":30,""min_delta"":0.0001,""num_attention_heads"":4,""num_hidden_layers"":2,""patch_length"":21,""patch_stride"":7,""patience"":5,""prediction_length"":20,""seed"":2026,""validation_points"":252,""weight_decay"":0.0001,""window_stride"":5}",252,21,7,20,5,1484,47,2023-08-15,2023-08-16,2024-08-15,2024-08-15,2023-08-15,134.30490112304688,104.85987091064452,11,6,True,0.1666371971368789,7.00932469998952,0.0011345000239089,19540,True,True,,,61.555908203125,3789.129834711552,3.367848807128946
SPY,PatchTST,2024-08-22,543.3568115234375,2024-08-23,1,549.1302490234375,485.5772399902344,5.7734375,-57.779571533203125,1.0,-1.0,False,1.1094788958985238,57.28185481323105,5.651038200012408,7948,expanding,original,PatchTST-HF-supervised-v1,5.15.0,cpu,"{""batch_size"":64,""context_length"":252,""d_model"":32,""dropout"":0.1,""ffn_dim"":64,""learning_rate"":0.001,""max_epochs"":30,""min_delta"":0.0001,""num_attention_heads"":4,""num_hidden_layers"":2,""patch_length"":21,""patch_stride"":7,""patience"":5,""prediction_length"":20,""seed"":2026,""validation_points"":252,""weight_decay"":0.0001,""window_stride"":5}",252,21,7,20,5,1485,47,2023-08-22,2023-08-23,2024-08-22,2024-08-22,2023-08-22,134.49179077148438,105.08173370361328,9,4,True,0.1950279325246811,5.634582299971953,0.0016722999280318,19540,True,True,,,63.553009033203125,4038.984957174398,3.3410702016869918
SPY,PatchTST,2024-08-22,543.3568115234375,2024-08-29,5,545.4376831054688,481.4754028320313,2.08087158203125,-61.88140869140625,1.0,-1.0,False,1.1094788958985238,57.65074082065972,5.651038200012408,7948,expanding,original,PatchTST-HF-supervised-v1,5.15.0,cpu,"{""batch_size"":64,""context_length"":252,""d_model"":32,""dropout"":0.1,""ffn_dim"":64,""learning_rate"":0.001,""max_epochs"":30,""min_delta"":0.0001,""num_attention_heads"":4,""num_hidden_layers"":2,""patch_length"":21,""patch_stride"":7,""patience"":5,""prediction_length"":20,""seed"":2026,""validation_points"":252,""weight_decay"":0.0001,""window_stride"":5}",252,21,7,20,5,1485,47,2023-08-22,2023-08-23,2024-08-22,2024-08-22,2023-08-22,134.49179077148438,105.08173370361328,9,4,True,0.1950279325246811,5.634582299971953,0.0016722999280318,19540,True,True,,,63.9622802734375,4091.173297777772,3.3020354711621565
SPY,PatchTST,2024-08-22,543.3568115234375,2024-09-20,20,556.8113403320312,493.0647583007813,13.45452880859375,-50.29205322265625,1.0,-1.0,False,1.1094788958985238,57.456326809735415,5.651038200012408,7948,expanding,original,PatchTST-HF-supervised-v1,5.15.0,cpu,"{""batch_size"":64,""context_length"":252,""d_model"":32,""dropout"":0.1,""ffn_dim"":64,""learning_rate"":0.001,""max_epochs"":30,""min_delta"":0.0001,""num_attention_heads"":4,""num_hidden_layers"":2,""patch_length"":21,""patch_stride"":7,""patience"":5,""prediction_length"":20,""seed"":2026,""validation_points"":252,""weight_decay"":0.0001,""window_stride"":5}",252,21,7,20,5,1485,47,2023-08-22,2023-08-23,2024-08-22,2024-08-22,2023-08-22,134.49179077148438,105.08173370361328,9,4,True,0.1950279325246811,5.634582299971953,0.0016722999280318,19540,True,True,,,63.74658203125,4063.626720666885,3.412324434431816
SPY,PatchTST,2024-08-29,545.4376831054688,2024-08-30,1,550.6444091796875,482.5325927734375,5.20672607421875,-62.90509033203125,1.0,-1.0,False,1.1101731745529944,61.352424979710825,8.788069700007327,7953,expanding,original,PatchTST-HF-supervised-v1,5.15.0,cpu,"{""batch_size"":64,""context_length"":252,""d_model"":32,""dropout"":0.1,""ffn_dim"":64,""learning_rate"":0.001,""max_epochs"":30,""min_delta"":0.0001,""num_attention_heads"":4,""num_hidden_layers"":2,""patch_length"":21,""patch_stride"":7,""patience"":5,""prediction_length"":20,""seed"":2026,""validation_points"":252,""weight_decay"":0.0001,""window_stride"":5}",252,21,7,20,5,1486,47,2023-08-29,2023-08-30,2024-08-29,2024-08-29,2023-08-29,134.68116760253906,105.3100814819336,14,9,True,0.2120782285928726,8.774403200019151,0.0011375999310985,19540,True,True,,,68.11181640625,4639.219534158707,3.303116095590277
SPY,PatchTST,2024-08-29,545.4376831054688,2024-09-06,5,527.8636474609375,485.0651245117188,-17.57403564453125,-60.37255859375,-1.0,-1.0,True,1.1101731745529944,38.55121338745314,8.788069700007327,7953,expanding,original,PatchTST-HF-supervised-v1,5.15.0,cpu,"{""batch_size"":64,""context_length"":252,""d_model"":32,""dropout"":0.1,""ffn_dim"":64,""learning_rate"":0.001,""max_epochs"":30,""min_delta"":0.0001,""num_attention_heads"":4,""num_hidden_layers"":2,""patch_length"":21,""patch_stride"":7,""patience"":5,""prediction_length"":20,""seed"":2026,""validation_points"":252,""weight_decay"":0.0001,""window_stride"":5}",252,21,7,20,5,1486,47,2023-08-29,2023-08-30,2024-08-29,2024-08-29,2023-08-29,134.68116760253906,105.3100814819336,14,9,True,0.2120782285928726,8.774403200019151,0.0011375999310985,19540,True,True,,,42.79852294921875,1831.713566634804,3.3271644269811875
SPY,PatchTST,2024-08-29,545.4376831054688,2024-09-27,20,559.9664916992188,486.4671630859375,14.52880859375,-58.97052001953125,1.0,-1.0,False,1.1101731745529944,66.20528247124633,8.788069700007327,7953,expanding,original,PatchTST-HF-supervised-v1,5.15.0,cpu,"{""batch_size"":64,""context_length"":252,""d_model"":32,""dropout"":0.1,""ffn_dim"":64,""learning_rate"":0.001,""max_epochs"":30,""min_delta"":0.0001,""num_attention_heads"":4,""num_hidden_layers"":2,""patch_length"":21,""patch_stride"":7,""patience"":5,""prediction_length"":20,""seed"":2026,""validation_points"":252,""weight_decay"":0.0001,""window_stride"":5}",252,21,7,20,5,1486,47,2023-08-29,2023-08-30,2024-08-29,2024-08-29,2023-08-29,134.68116760253906,105.3100814819336,14,9,True,0.2120782285928726,8.774403200019151,0.0011375999310985,19540,True,True,,,73.49932861328125,5402.151306603104,3.3404778586535313
SPY,PatchTST,2024-09-06,527.8636474609375,2024-09-09,1,533.773681640625,495.8899841308594,5.9100341796875,-31.973663330078125,1.0,-1.0,False,1.1129929083622447,34.03768094579418,7.549129599938169,7958,expanding,original,PatchTST-HF-supervised-v1,5.15.0,cpu,"{""batch_size"":64,""context_length"":252,""d_model"":32,""dropout"":0.1,""ffn_dim"":64,""learning_rate"":0.001,""max_epochs"":30,""min_delta"":0.0001,""num_attention_heads"":4,""num_hidden_layers"":2,""patch_length"":21,""patch_stride"":7,""patience"":5,""prediction_length"":20,""seed"":2026,""validation_points"":252,""weight_decay"":0.0001,""window_stride"":5}",252,21,7,20,5,1487,47,2023-09-06,2023-09-07,2024-09-06,2024-09-06,2023-09-06,134.87481689453125,105.54989624023438,12,7,True,0.1634892076253891,7.535126500064507,0.0011501999106258,19540,True,True,,,37.883697509765625,1435.1745370114222,3.4203270689593857
SPY,PatchTST,2024-09-06,527.8636474609375,2024-09-13,5,549.0130004882812,489.5224914550781,21.14935302734375,-38.341156005859375,1.0,-1.0,False,1.1129929083622447,53.45093269349098,7.549129599938169,7958,expanding,original,PatchTST-HF-supervised-v1,5.15.0,cpu,"{""batch_size"":64,""context_length"":252,""d_model"":32,""dropout"":0.1,""ffn_dim"":64,""learning_rate"":0.001,""max_epochs"":30,""min_delta"":0.0001,""num_attention_heads"":4,""num_hidden_layers"":2,""patch_length"":21,""patch_stride"":7,""patience"":5,""prediction_length"":20,""seed"":2026,""validation_points"":252,""weight_decay"":0.0001,""window_stride"":5}",252,21,7,20,5,1487,47,2023-09-06,2023-09-07,2024-09-06,2024-09-06,2023-09-06,134.87481689453125,105.54989624023438,12,7,True,0.1634892076253891,7.535126500064507,0.0011501999106258,19540,True,True,,,59.490509033203125,3539.1206650296226,3.360000219738344
SPY,PatchTST,2024-09-06,527.8636474609375,2024-10-04,20,561.4459838867188,498.1573181152344,33.58233642578125,-29.706329345703125,1.0,-1.0,False,1.1129929083622447,56.86349418399517,7.549129599938169,7958,expanding,original,PatchTST-HF-supervised-v1,5.15.0,cpu,"{""batch_size"":64,""context_length"":252,""d_model"":32,""dropout"":0.1,""ffn_dim"":64,""learning_rate"":0.001,""max_epochs"":30,""min_delta"":0.0001,""num_attention_heads"":4,""num_hidden_layers"":2,""patch_length"":21,""patch_stride"":7,""patience"":5,""prediction_length"":20,""seed"":2026,""validation_points"":252,""weight_decay"":0.0001,""window_stride"":5}",252,21,7,20,5,1487,47,2023-09-06,2023-09-07,2024-09-06,2024-09-06,2023-09-06,134.87481689453125,105.54989624023438,12,7,True,0.1634892076253891,7.535126500064507,0.0011501999106258,19540,True,True,,,63.288665771484375,4005.455215134658,3.44180822683011
SPY,PatchTST,2024-09-13,549.0130004882812,2024-09-16,1,549.8239135742188,500.5701293945313,0.8109130859375,-48.44287109375,1.0,-1.0,False,1.1149502543162175,44.175768370844594,5.772940100054257,7963,expanding,original,PatchTST-HF-supervised-v1,5.15.0,cpu,"{""batch_size"":64,""context_length"":252,""d_model"":32,""dropout"":0.1,""ffn_dim"":64,""learning_rate"":0.001,""max_epochs"":30,""min_delta"":0.0001,""num_attention_heads"":4,""num_hidden_layers"":2,""patch_length"":21,""patch_stride"":7,""patience"":5,""prediction_length"":20,""seed"":2026,""validation_points"":252,""weight_decay"":0.0001,""window_stride"":5}",252,21,7,20,5,1488,47,2023-09-13,2023-09-14,2024-09-13,2024-09-13,2023-09-13,135.06613159179688,105.7826690673828,9,4,True,0.1857069730758667,5.756101700011641,0.0011622000019997,19540,True,True,,,49.2537841796875,2425.9352560192347,3.4552351630484104
SPY,PatchTST,2024-09-13,549.0130004882812,2024-09-20,5,556.8113403320312,504.1152648925781,7.79833984375,-44.897735595703125,1.0,-1.0,False,1.1149502543162175,47.26316285005096,5.772940100054257,7963,expanding,original,PatchTST-HF-supervised-v1,5.15.0,cpu,"{""batch_size"":64,""context_length"":252,""d_model"":32,""dropout"":0.1,""ffn_dim"":64,""learning_rate"":0.001,""max_epochs"":30,""min_delta"":0.0001,""num_attention_heads"":4,""num_hidden_layers"":2,""patch_length"":21,""patch_stride"":7,""patience"":5,""prediction_length"":20,""seed"":2026,""validation_points"":252,""weight_decay"":0.0001,""window_stride"":5}",252,21,7,20,5,1488,47,2023-09-13,2023-09-14,2024-09-13,2024-09-13,2023-09-13,135.06613159179688,105.7826690673828,9,4,True,0.1857069730758667,5.756101700011641,0.0011622000019997,19540,True,True,,,52.696075439453125,2776.876366720535,3.488748549780868
SPY,PatchTST,2024-09-13,549.0130004882812,2024-10-11,20,567.9132690429688,493.09576416015625,18.9002685546875,-55.917236328125,1.0,-1.0,False,1.1149502543162175,67.1038950779889,5.772940100054257,7963,expanding,original,PatchTST-HF-supervised-v1,5.15.0,cpu,"{""batch_size"":64,""context_length"":252,""d_model"":32,""dropout"":0.1,""ffn_dim"":64,""learning_rate"":0.001,""max_epochs"":30,""min_delta"":0.0001,""num_attention_heads"":4,""num_hidden_layers"":2,""patch_length"":21,""patch_stride"":7,""patience"":5,""prediction_length"":20,""seed"":2026,""validation_points"":252,""weight_decay"":0.0001,""window_stride"":5}",252,21,7,20,5,1488,47,2023-09-13,2023-09-14,2024-09-13,2024-09-13,2023-09-13,135.06613159179688,105.7826690673828,9,4,True,0.1857069730758667,5.756101700011641,0.0011622000019997,19540,True,True,,,74.8175048828125,5597.659036889672,3.3845774144751166
SPY,PatchTST,2024-09-20,556.8113403320312,2024-09-23,1,558.2027587890625,500.5422973632813,1.39141845703125,-56.26904296875,1.0,-1.0,False,1.115880937218382,51.6725929286996,6.265554899931885,7968,expanding,original,PatchTST-HF-supervised-v1,5.15.0,cpu,"{""batch_size"":64,""context_length"":252,""d_model"":32,""dropout"":0.1,""ffn_dim"":64,""learning_rate"":0.001,""max_epochs"":30,""min_delta"":0.0001,""num_attention_heads"":4,""num_hidden_layers"":2,""patch_length"":21,""patch_stride"":7,""patience"":5,""prediction_length"":20,""seed"":2026,""validation_points"":252,""weight_decay"":0.0001,""window_stride"":5}",252,21,7,20,5,1489,47,2023-09-20,2023-09-21,2024-09-20,2024-09-20,2023-09-20,135.2564239501953,106.01209259033205,10,5,True,0.2208759784698486,6.250713299959898,0.0013785000192001,19540,True,True,,,57.66046142578125,3324.7288118340075,3.445700056357522
SPY,PatchTST,2024-09-20,556.8113403320312,2024-09-27,5,559.9664916992188,496.70654296875,3.1551513671875,-60.10479736328125,1.0,-1.0,False,1.115880937218382,56.69059002671048,6.265554899931885,7968,expanding,original,PatchTST-HF-supervised-v1,5.15.0,cpu,"{""batch_size"":64,""context_length"":252,""d_model"":32,""dropout"":0.1,""ffn_dim"":64,""learning_rate"":0.001,""max_epochs"":30,""min_delta"":0.0001,""num_attention_heads"":4,""num_hidden_layers"":2,""patch_length"":21,""patch_stride"":7,""patience"":5,""prediction_length"":20,""seed"":2026,""validation_points"":252,""weight_decay"":0.0001,""window_stride"":5}",252,21,7,20,5,1489,47,2023-09-20,2023-09-21,2024-09-20,2024-09-20,2023-09-20,135.2564239501953,106.01209259033205,10,5,True,0.2208759784698486,6.250713299959898,0.0013785000192001,19540,True,True,,,63.25994873046875,4001.821113381535,3.409517821851936
SPY,PatchTST,2024-09-20,556.8113403320312,2024-10-18,20,572.8223876953125,501.2879028320313,16.01104736328125,-55.5234375,1.0,-1.0,False,1.115880937218382,64.10584003845358,6.265554899931885,7968,expanding,original,PatchTST-HF-supervised-v1,5.15.0,cpu,"{""batch_size"":64,""context_length"":252,""d_model"":32,""dropout"":0.1,""ffn_dim"":64,""learning_rate"":0.001,""max_epochs"":30,""min_delta"":0.0001,""num_attention_heads"":4,""num_hidden_layers"":2,""patch_length"":21,""patch_stride"":7,""patience"":5,""prediction_length"":20,""seed"":2026,""validation_points"":252,""weight_decay"":0.0001,""window_stride"":5}",252,21,7,20,5,1489,47,2023-09-20,2023-09-21,2024-09-20,2024-09-20,2023-09-20,135.2564239501953,106.01209259033205,10,5,True,0.2208759784698486,6.250713299959898,0.0013785000192001,19540,True,True,,,71.53448486328125,5117.182524655014,3.4527332678575657
SPY,PatchTST,2024-09-27,559.9664916992188,2024-09-30,1,562.2103881835938,495.114990234375,2.243896484375,-64.85150146484375,1.0,-1.0,False,1.116090602271831,60.116443783904586,10.119713800027966,7973,expanding,original,PatchTST-HF-supervised-v1,5.15.0,cpu,"{""batch_size"":64,""context_length"":252,""d_model"":32,""dropout"":0.1,""ffn_dim"":64,""learning_rate"":0.001,""max_epochs"":30,""min_delta"":0.0001,""num_attention_heads"":4,""num_hidden_layers"":2,""patch_length"":21,""patch_stride"":7,""patience"":5,""prediction_length"":20,""seed"":2026,""validation_points"":252,""weight_decay"":0.0001,""window_stride"":5}",252,21,7,20,5,1490,47,2023-09-27,2023-09-28,2024-09-27,2024-09-27,2023-09-27,135.4375457763672,106.21636199951172,16,11,True,0.2124901562929153,10.105056099942884,0.0011144999880343,19540,True,True,,,67.09539794921875,4501.792425964028,3.386271546936067
SPY,PatchTST,2024-09-27,559.9664916992188,2024-10-04,5,561.4459838867188,496.0224609375,1.4794921875,-63.94403076171875,1.0,-1.0,False,1.116090602271831,58.61846951855655,10.119713800027966,7973,expanding,original,PatchTST-HF-supervised-v1,5.15.0,cpu,"{""batch_size"":64,""context_length"":252,""d_model"":32,""dropout"":0.1,""ffn_dim"":64,""learning_rate"":0.001,""max_epochs"":30,""min_delta"":0.0001,""num_attention_heads"":4,""num_hidden_layers"":2,""patch_length"":21,""patch_stride"":7,""patience"":5,""prediction_length"":20,""seed"":2026,""validation_points"":252,""weight_decay"":0.0001,""window_stride"":5}",252,21,7,20,5,1490,47,2023-09-27,2023-09-28,2024-09-27,2024-09-27,2023-09-27,135.4375457763672,106.21636199951172,16,11,True,0.2124901562929153,10.105056099942884,0.0011144999880343,19540,True,True,,,65.42352294921875,4280.237355086952,3.3948151525166192
SPY,PatchTST,2024-09-27,559.9664916992188,2024-10-25,20,567.384033203125,497.9630126953125,7.41754150390625,-62.00347900390625,1.0,-1.0,False,1.116090602271831,62.20016579881976,10.119713800027966,7973,expanding,original,PatchTST-HF-supervised-v1,5.15.0,cpu,"{""batch_size"":64,""context_length"":252,""d_model"":32,""dropout"":0.1,""ffn_dim"":64,""learning_rate"":0.001,""max_epochs"":30,""min_delta"":0.0001,""num_attention_heads"":4,""num_hidden_layers"":2,""patch_length"":21,""patch_stride"":7,""patience"":5,""prediction_length"":20,""seed"":2026,""validation_points"":252,""weight_decay"":0.0001,""window_stride"":5}",252,21,7,20,5,1490,47,2023-09-27,2023-09-28,2024-09-27,2024-09-27,2023-09-27,135.4375457763672,106.21636199951172,16,11,True,0.2124901562929153,10.105056099942884,0.0011144999880343,19540,True,True,,,69.4210205078125,4819.278088346124,3.4130849531507383
SPY,PatchTST,2024-10-04,561.4459838867188,2024-10-07,1,556.370361328125,505.2000122070313,-5.07562255859375,-56.2459716796875,-1.0,-1.0,True,1.1170948005132066,45.8066308227247,8.140493499930017,7978,expanding,original,PatchTST-HF-supervised-v1,5.15.0,cpu,"{""batch_size"":64,""context_length"":252,""d_model"":32,""dropout"":0.1,""ffn_dim"":64,""learning_rate"":0.001,""max_epochs"":30,""min_delta"":0.0001,""num_attention_heads"":4,""num_hidden_layers"":2,""patch_length"":21,""patch_stride"":7,""patience"":5,""prediction_length"":20,""seed"":2026,""validation_points"":252,""weight_decay"":0.0001,""window_stride"":5}",252,21,7,20,5,1491,47,2023-10-04,2023-10-05,2024-10-04,2024-10-04,2023-10-04,135.6163787841797,106.41429901123048,13,8,True,0.1956403106451034,8.126589499996044,0.0011843000538647,19540,True,True,,,51.17034912109375,2618.40462917462,3.473063647055998
SPY,PatchTST,2024-10-04,561.4459838867188,2024-10-11,5,567.9132690429688,505.4425659179688,6.46728515625,-56.00341796875,1.0,-1.0,False,1.1170948005132066,55.922472377724986,8.140493499930017,7978,expanding,original,PatchTST-HF-supervised-v1,5.15.0,cpu,"{""batch_size"":64,""context_length"":252,""d_model"":32,""dropout"":0.1,""ffn_dim"":64,""learning_rate"":0.001,""max_epochs"":30,""min_delta"":0.0001,""num_attention_heads"":4,""num_hidden_layers"":2,""patch_length"":21,""patch_stride"":7,""patience"":5,""prediction_length"":20,""seed"":2026,""validation_points"":252,""weight_decay"":0.0001,""window_stride"":5}",252,21,7,20,5,1491,47,2023-10-04,2023-10-05,2024-10-04,2024-10-04,2023-10-04,135.6163787841797,106.41429901123048,13,8,True,0.1956403106451034,8.126589499996044,0.0011843000538647,19540,True,True,,,62.470703125,3902.5887489318848,3.4753429808785317
SPY,PatchTST,2024-10-04,561.4459838867188,2024-11-01,20,559.5452270507812,505.4688720703125,-1.9007568359375,-55.97711181640625,-1.0,-1.0,True,1.1170948005132066,48.408026745469975,8.140493499930017,7978,expanding,original,PatchTST-HF-supervised-v1,5.15.0,cpu,"{""batch_size"":64,""context_length"":252,""d_model"":32,""dropout"":0.1,""ffn_dim"":64,""learning_rate"":0.001,""max_epochs"":30,""min_delta"":0.0001,""num_attention_heads"":4,""num_hidden_layers"":2,""patch_length"":21,""patch_stride"":7,""patience"":5,""prediction_length"":20,""seed"":2026,""validation_points"":252,""weight_decay"":0.0001,""window_stride"":5}",252,21,7,20,5,1491,47,2023-10-04,2023-10-05,2024-10-04,2024-10-04,2023-10-04,135.6163787841797,106.41429901123048,13,8,True,0.1956403106451034,8.126589499996044,0.0011843000538647,19540,True,True,,,54.07635498046875,2924.2521679736674,3.4755901859307485
SPY,PatchTST,2024-10-11,567.9132690429688,2024-10-14,1,572.557861328125,502.08636474609375,4.64459228515625,-65.826904296875,1.0,-1.0,False,1.118725021809631,62.9926882908525,6.326512199942954,7983,expanding,original,PatchTST-HF-supervised-v1,5.15.0,cpu,"{""batch_size"":64,""context_length"":252,""d_model"":32,""dropout"":0.1,""ffn_dim"":64,""learning_rate"":0.001,""max_epochs"":30,""min_delta"":0.0001,""num_attention_heads"":4,""num_hidden_layers"":2,""patch_length"":21,""patch_stride"":7,""patience"":5,""prediction_length"":20,""seed"":2026,""validation_points"":252,""weight_decay"":0.0001,""window_stride"":5}",252,21,7,20,5,1492,47,2023-10-11,2023-10-12,2024-10-11,2024-10-11,2023-10-11,135.79844665527344,106.62037658691406,10,5,True,0.1828493773937225,6.312198500032537,0.001199800055474,19540,True,True,,,70.47149658203125,4966.231830511242,3.43544010831956
SPY,PatchTST,2024-10-11,567.9132690429688,2024-10-18,5,572.8223876953125,511.1634521484375,4.90911865234375,-56.74981689453125,1.0,-1.0,False,1.118725021809631,55.11536288616888,6.326512199942954,7983,expanding,original,PatchTST-HF-supervised-v1,5.15.0,cpu,"{""batch_size"":64,""context_length"":252,""d_model"":32,""dropout"":0.1,""ffn_dim"":64,""learning_rate"":0.001,""max_epochs"":30,""min_delta"":0.0001,""num_attention_heads"":4,""num_hidden_layers"":2,""patch_length"":21,""patch_stride"":7,""patience"":5,""prediction_length"":20,""seed"":2026,""validation_points"":252,""weight_decay"":0.0001,""window_stride"":5}",252,21,7,20,5,1492,47,2023-10-11,2023-10-12,2024-10-11,2024-10-11,2023-10-11,135.79844665527344,106.62037658691406,10,5,True,0.1828493773937225,6.312198500032537,0.001199800055474,19540,True,True,,,61.658935546875,3801.8243327736855,3.52057474855359
SPY,PatchTST,2024-10-11,567.9132690429688,2024-11-08,20,586.148681640625,515.7192993164062,18.23541259765625,-52.1939697265625,1.0,-1.0,False,1.118725021809631,62.955043421030624,6.326512199942954,7983,expanding,original,PatchTST-HF-supervised-v1,5.15.0,cpu,"{""batch_size"":64,""context_length"":252,""d_model"":32,""dropout"":0.1,""ffn_dim"":64,""learning_rate"":0.001,""max_epochs"":30,""min_delta"":0.0001,""num_attention_heads"":4,""num_hidden_layers"":2,""patch_length"":21,""patch_stride"":7,""patience"":5,""prediction_length"":20,""seed"":2026,""validation_points"":252,""weight_decay"":0.0001,""window_stride"":5}",252,21,7,20,5,1492,47,2023-10-11,2023-10-12,2024-10-11,2024-10-11,2023-10-11,135.79844665527344,106.62037658691406,10,5,True,0.1828493773937225,6.312198500032537,0.001199800055474,19540,True,True,,,70.42938232421875,4960.2978945709765,3.5633043591009224
SPY,PatchTST,2024-10-18,572.8223876953125,2024-10-21,1,571.8817749023438,504.9085388183594,-0.94061279296875,-67.91384887695312,-1.0,-1.0,True,1.1197532662405636,59.8107083972516,6.40517069993075,7988,expanding,original,PatchTST-HF-supervised-v1,5.15.0,cpu,"{""batch_size"":64,""context_length"":252,""d_model"":32,""dropout"":0.1,""ffn_dim"":64,""learning_rate"":0.001,""max_epochs"":30,""min_delta"":0.0001,""num_attention_heads"":4,""num_hidden_layers"":2,""patch_length"":21,""patch_stride"":7,""patience"":5,""prediction_length"":20,""seed"":2026,""validation_points"":252,""weight_decay"":0.0001,""window_stride"":5}",252,21,7,20,5,1493,47,2023-10-18,2023-10-19,2024-10-18,2024-10-18,2023-10-18,135.98153686523438,106.8288345336914,10,5,True,0.2475507110357284,6.389455700060353,0.0014131999341771,19540,True,True,,,66.97323608398438,4485.414351561107,3.4534402959977415
SPY,PatchTST,2024-10-18,572.8223876953125,2024-10-25,5,567.384033203125,511.53948974609375,-5.4383544921875,-61.28289794921875,-1.0,-1.0,True,1.1197532662405636,49.87218625806965,6.40517069993075,7988,expanding,original,PatchTST-HF-supervised-v1,5.15.0,cpu,"{""batch_size"":64,""context_length"":252,""d_model"":32,""dropout"":0.1,""ffn_dim"":64,""learning_rate"":0.001,""max_epochs"":30,""min_delta"":0.0001,""num_attention_heads"":4,""num_hidden_layers"":2,""patch_length"":21,""patch_stride"":7,""patience"":5,""prediction_length"":20,""seed"":2026,""validation_points"":252,""weight_decay"":0.0001,""window_stride"":5}",252,21,7,20,5,1493,47,2023-10-18,2023-10-19,2024-10-18,2024-10-18,2023-10-18,135.98153686523438,106.8288345336914,10,5,True,0.2475507110357284,6.389455700060353,0.0014131999341771,19540,True,True,,,55.84454345703125,3118.613033924252,3.5155110932378175
SPY,PatchTST,2024-10-18,572.8223876953125,2024-11-15,20,573.9590454101562,503.4003601074219,1.13665771484375,-69.42202758789062,1.0,-1.0,False,1.1197532662405636,63.01270773661295,6.40517069993075,7988,expanding,original,PatchTST-HF-supervised-v1,5.15.0,cpu,"{""batch_size"":64,""context_length"":252,""d_model"":32,""dropout"":0.1,""ffn_dim"":64,""learning_rate"":0.001,""max_epochs"":30,""min_delta"":0.0001,""num_attention_heads"":4,""num_hidden_layers"":2,""patch_length"":21,""patch_stride"":7,""patience"":5,""prediction_length"":20,""seed"":2026,""validation_points"":252,""weight_decay"":0.0001,""window_stride"":5}",252,21,7,20,5,1493,47,2023-10-18,2023-10-19,2024-10-18,2024-10-18,2023-10-18,135.98153686523438,106.8288345336914,10,5,True,0.2475507110357284,6.389455700060353,0.0014131999341771,19540,True,True,,,70.55868530273438,4978.528071650304,3.439322584075481
SPY,PatchTST,2024-10-25,567.384033203125,2024-10-28,1,569.13818359375,498.9813232421875,1.754150390625,-68.4027099609375,1.0,-1.0,False,1.1200397145879402,62.637832782003656,6.329555900068954,7993,expanding,original,PatchTST-HF-supervised-v1,5.15.0,cpu,"{""batch_size"":64,""context_length"":252,""d_model"":32,""dropout"":0.1,""ffn_dim"":64,""learning_rate"":0.001,""max_epochs"":30,""min_delta"":0.0001,""num_attention_heads"":4,""num_hidden_layers"":2,""patch_length"":21,""patch_stride"":7,""patience"":5,""prediction_length"":20,""seed"":2026,""validation_points"":252,""weight_decay"":0.0001,""window_stride"":5}",252,21,7,20,5,1494,47,2023-10-25,2023-10-26,2024-10-25,2024-10-25,2023-10-25,136.15713500976562,107.01748657226562,9,4,True,0.2846711874008178,6.314997100038454,0.0011966000311076,19540,True,True,,,70.1568603515625,4921.985054388642,3.3903261967138225
SPY,PatchTST,2024-10-25,567.384033203125,2024-11-01,5,559.5452270507812,509.3489685058594,-7.83880615234375,-58.035064697265625,-1.0,-1.0,True,1.1200397145879402,44.81649881798072,6.329555900068954,7993,expanding,original,PatchTST-HF-supervised-v1,5.15.0,cpu,"{""batch_size"":64,""context_length"":252,""d_model"":32,""dropout"":0.1,""ffn_dim"":64,""learning_rate"":0.001,""max_epochs"":30,""min_delta"":0.0001,""num_attention_heads"":4,""num_hidden_layers"":2,""patch_length"":21,""patch_stride"":7,""patience"":5,""prediction_length"":20,""seed"":2026,""validation_points"":252,""weight_decay"":0.0001,""window_stride"":5}",252,21,7,20,5,1494,47,2023-10-25,2023-10-26,2024-10-25,2024-10-25,2023-10-25,136.15713500976562,107.01748657226562,9,4,True,0.2846711874008178,6.314997100038454,0.0011966000311076,19540,True,True,,,50.19625854492188,2519.6643719086424,3.487204245299564
SPY,PatchTST,2024-10-25,567.384033203125,2024-11-22,20,583.5225830078125,506.70697021484375,16.1385498046875,-60.67706298828125,1.0,-1.0,False,1.1200397145879402,68.58293665169634,6.329555900068954,7993,expanding,original,PatchTST-HF-supervised-v1,5.15.0,cpu,"{""batch_size"":64,""context_length"":252,""d_model"":32,""dropout"":0.1,""ffn_dim"":64,""learning_rate"":0.001,""max_epochs"":30,""min_delta"":0.0001,""num_attention_heads"":4,""num_hidden_layers"":2,""patch_length"":21,""patch_stride"":7,""patience"":5,""prediction_length"":20,""seed"":2026,""validation_points"":252,""weight_decay"":0.0001,""window_stride"":5}",252,21,7,20,5,1494,47,2023-10-25,2023-10-26,2024-10-25,2024-10-25,2023-10-25,136.15713500976562,107.01748657226562,9,4,True,0.2846711874008178,6.314997100038454,0.0011966000311076,19540,True,True,,,76.81561279296875,5900.638368759304,3.4625167070697103
SPY,PatchTST,2024-11-01,559.5452270507812,2024-11-04,1,558.3399047851562,510.05657958984375,-1.205322265625,-49.4886474609375,-1.0,-1.0,True,1.121576846085654,43.04950246059657,10.232942000031471,7998,expanding,original,PatchTST-HF-supervised-v1,5.15.0,cpu,"{""batch_size"":64,""context_length"":252,""d_model"":32,""dropout"":0.1,""ffn_dim"":64,""learning_rate"":0.001,""max_epochs"":30,""min_delta"":0.0001,""num_attention_heads"":4,""num_hidden_layers"":2,""patch_length"":21,""patch_stride"":7,""patience"":5,""prediction_length"":20,""seed"":2026,""validation_points"":252,""weight_decay"":0.0001,""window_stride"":5}",252,21,7,20,5,1495,47,2023-11-01,2023-11-02,2024-11-01,2024-11-01,2023-11-01,136.3288116455078,107.196044921875,16,11,True,0.2506630718708038,10.21431469998788,0.0014815999893471,19540,True,True,,,48.2833251953125,2331.279491916299,3.4863951204236177
SPY,PatchTST,2024-11-01,559.5452270507812,2024-11-08,5,586.148681640625,510.49163818359375,26.60345458984375,-49.0535888671875,1.0,-1.0,False,1.121576846085654,67.45596052653657,10.232942000031471,7998,expanding,original,PatchTST-HF-supervised-v1,5.15.0,cpu,"{""batch_size"":64,""context_length"":252,""d_model"":32,""dropout"":0.1,""ffn_dim"":64,""learning_rate"":0.001,""max_epochs"":30,""min_delta"":0.0001,""num_attention_heads"":4,""num_hidden_layers"":2,""patch_length"":21,""patch_stride"":7,""patience"":5,""prediction_length"":20,""seed"":2026,""validation_points"":252,""weight_decay"":0.0001,""window_stride"":5}",252,21,7,20,5,1495,47,2023-11-01,2023-11-02,2024-11-01,2024-11-01,2023-11-01,136.3288116455078,107.196044921875,16,11,True,0.2506630718708038,10.21431469998788,0.0014815999893471,19540,True,True,,,75.65704345703125,5723.988224659115,3.4904536525650514
SPY,PatchTST,2024-11-01,559.5452270507812,2024-12-02,20,591.4791870117188,513.719482421875,31.9339599609375,-45.82574462890625,1.0,-1.0,False,1.121576846085654,69.33069709955952,10.232942000031471,7998,expanding,original,PatchTST-HF-supervised-v1,5.15.0,cpu,"{""batch_size"":64,""context_length"":252,""d_model"":32,""dropout"":0.1,""ffn_dim"":64,""learning_rate"":0.001,""max_epochs"":30,""min_delta"":0.0001,""num_attention_heads"":4,""num_hidden_layers"":2,""patch_length"":21,""patch_stride"":7,""patience"":5,""prediction_length"":20,""seed"":2026,""validation_points"":252,""weight_decay"":0.0001,""window_stride"":5}",252,21,7,20,5,1495,47,2023-11-01,2023-11-02,2024-11-01,2024-11-01,2023-11-01,136.3288116455078,107.196044921875,16,11,True,0.2506630718708038,10.21431469998788,0.0014815999893471,19540,True,True,,,77.75970458984375,6046.571657899767,3.520565250811365
SPY,PatchTST,2024-11-08,586.148681640625,2024-11-11,1,586.7072143554688,532.224853515625,0.55853271484375,-53.923828125,1.0,-1.0,False,1.1245018916855871,48.45021715185973,5.661816600011662,8003,expanding,original,PatchTST-HF-supervised-v1,5.15.0,cpu,"{""batch_size"":64,""context_length"":252,""d_model"":32,""dropout"":0.1,""ffn_dim"":64,""learning_rate"":0.001,""max_epochs"":30,""min_delta"":0.0001,""num_attention_heads"":4,""num_hidden_layers"":2,""patch_length"":21,""patch_stride"":7,""patience"":5,""prediction_length"":20,""seed"":2026,""validation_points"":252,""weight_decay"":0.0001,""window_stride"":5}",252,21,7,20,5,1496,47,2023-11-08,2023-11-09,2024-11-08,2024-11-08,2023-11-08,136.51219177246094,107.40430450439452,9,4,True,0.1878692954778671,5.644780099974014,0.0016892999410629,19540,True,True,,,54.48236083984375,2968.32764268294,3.684327770373237
SPY,PatchTST,2024-11-08,586.148681640625,2024-11-15,5,573.9590454101562,526.397216796875,-12.18963623046875,-59.75146484375,-1.0,-1.0,True,1.1245018916855871,42.29590805044162,5.661816600011662,8003,expanding,original,PatchTST-HF-supervised-v1,5.15.0,cpu,"{""batch_size"":64,""context_length"":252,""d_model"":32,""dropout"":0.1,""ffn_dim"":64,""learning_rate"":0.001,""max_epochs"":30,""min_delta"":0.0001,""num_attention_heads"":4,""num_hidden_layers"":2,""patch_length"":21,""patch_stride"":7,""patience"":5,""prediction_length"":20,""seed"":2026,""validation_points"":252,""weight_decay"":0.0001,""window_stride"":5}",252,21,7,20,5,1496,47,2023-11-08,2023-11-09,2024-11-08,2024-11-08,2023-11-08,136.51219177246094,107.40430450439452,9,4,True,0.1878692954778671,5.644780099974014,0.0016892999410629,19540,True,True,,,47.56182861328125,2262.127541039139,3.6300688955018714
SPY,PatchTST,2024-11-08,586.148681640625,2024-12-09,20,592.508056640625,526.7133178710938,6.359375,-59.43536376953125,1.0,-1.0,False,1.1245018916855871,58.51011835196413,5.661816600011662,8003,expanding,original,PatchTST-HF-supervised-v1,5.15.0,cpu,"{""batch_size"":64,""context_length"":252,""d_model"":32,""dropout"":0.1,""ffn_dim"":64,""learning_rate"":0.001,""max_epochs"":30,""min_delta"":0.0001,""num_attention_heads"":4,""num_hidden_layers"":2,""patch_length"":21,""patch_stride"":7,""patience"":5,""prediction_length"":20,""seed"":2026,""validation_points"":252,""weight_decay"":0.0001,""window_stride"":5}",252,21,7,20,5,1496,47,2023-11-08,2023-11-09,2024-11-08,2024-11-08,2023-11-08,136.51219177246094,107.40430450439452,9,4,True,0.1878692954778671,5.644780099974014,0.0016892999410629,19540,True,True,,,65.79473876953125,4328.947649750859,3.633011990526576
SPY,PatchTST,2024-11-15,573.9590454101562,2024-11-18,1,576.310791015625,518.4178466796875,2.35174560546875,-55.54119873046875,1.0,-1.0,False,1.1255325130626062,51.43604797200317,5.123686400009319,8008,expanding,original,PatchTST-HF-supervised-v1,5.15.0,cpu,"{""batch_size"":64,""context_length"":252,""d_model"":32,""dropout"":0.1,""ffn_dim"":64,""learning_rate"":0.001,""max_epochs"":30,""min_delta"":0.0001,""num_attention_heads"":4,""num_hidden_layers"":2,""patch_length"":21,""patch_stride"":7,""patience"":5,""prediction_length"":20,""seed"":2026,""validation_points"":252,""weight_decay"":0.0001,""window_stride"":5}",252,21,7,20,5,1497,47,2023-11-15,2023-11-16,2024-11-15,2024-11-15,2023-11-15,136.7000732421875,107.62422943115234,8,3,True,0.2644969522953033,5.110120799974538,0.0011471000034362,19540,True,True,,,57.8929443359375,3351.593003883958,3.546764287698677
SPY,PatchTST,2024-11-15,573.9590454101562,2024-11-22,5,583.5225830078125,510.8337097167969,9.56353759765625,-63.125335693359375,1.0,-1.0,False,1.1255325130626062,64.58176236351194,5.123686400009319,8008,expanding,original,PatchTST-HF-supervised-v1,5.15.0,cpu,"{""batch_size"":64,""context_length"":252,""d_model"":32,""dropout"":0.1,""ffn_dim"":64,""learning_rate"":0.001,""max_epochs"":30,""min_delta"":0.0001,""num_attention_heads"":4,""num_hidden_layers"":2,""patch_length"":21,""patch_stride"":7,""patience"":5,""prediction_length"":20,""seed"":2026,""validation_points"":252,""weight_decay"":0.0001,""window_stride"":5}",252,21,7,20,5,1497,47,2023-11-15,2023-11-16,2024-11-15,2024-11-15,2023-11-15,136.7000732421875,107.62422943115234,8,3,True,0.2644969522953033,5.110120799974538,0.0011471000034362,19540,True,True,,,72.68887329101562,5283.672300317325,3.4762956116117345
SPY,PatchTST,2024-11-15,573.9590454101562,2024-12-16,20,594.575439453125,517.79833984375,20.61639404296875,-56.16070556640625,1.0,-1.0,False,1.1255325130626062,68.21402200142785,5.123686400009319,8008,expanding,original,PatchTST-HF-supervised-v1,5.15.0,cpu,"{""batch_size"":64,""context_length"":252,""d_model"":32,""dropout"":0.1,""ffn_dim"":64,""learning_rate"":0.001,""max_epochs"":30,""min_delta"":0.0001,""num_attention_heads"":4,""num_hidden_layers"":2,""patch_length"":21,""patch_stride"":7,""patience"":5,""prediction_length"":20,""seed"":2026,""validation_points"":252,""weight_decay"":0.0001,""window_stride"":5}",252,21,7,20,5,1497,47,2023-11-15,2023-11-16,2024-11-15,2024-11-15,2023-11-15,136.7000732421875,107.62422943115234,8,3,True,0.2644969522953033,5.110120799974538,0.0011471000034362,19540,True,True,,,76.777099609375,5894.723024427891,3.541008085408431
SPY,PatchTST,2024-11-22,583.5225830078125,2024-11-25,1,585.501953125,525.1986083984375,1.9793701171875,-58.323974609375,1.0,-1.0,False,1.1260237605703871,53.55423823029795,8.410746399895288,8013,expanding,original,PatchTST-HF-supervised-v1,5.15.0,cpu,"{""batch_size"":64,""context_length"":252,""d_model"":32,""dropout"":0.1,""ffn_dim"":64,""learning_rate"":0.001,""max_epochs"":30,""min_delta"":0.0001,""num_attention_heads"":4,""num_hidden_layers"":2,""patch_length"":21,""patch_stride"":7,""patience"":5,""prediction_length"":20,""seed"":2026,""validation_points"":252,""weight_decay"":0.0001,""window_stride"":5}",252,21,7,20,5,1498,47,2023-11-22,2023-11-24,2024-11-22,2024-11-22,2023-11-22,136.89395141601562,107.86027526855467,13,8,True,0.2462550103664398,8.394704200094566,0.0014642999740317,19540,True,True,,,60.3033447265625,3636.493385210633,3.6000710735774217
SPY,PatchTST,2024-11-22,583.5225830078125,2024-12-02,5,591.4791870117188,524.989501953125,7.95660400390625,-58.5330810546875,1.0,-1.0,False,1.1260237605703871,59.048207850350686,8.410746399895288,8013,expanding,original,PatchTST-HF-supervised-v1,5.15.0,cpu,"{""batch_size"":64,""context_length"":252,""d_model"":32,""dropout"":0.1,""ffn_dim"":64,""learning_rate"":0.001,""max_epochs"":30,""min_delta"":0.0001,""num_attention_heads"":4,""num_hidden_layers"":2,""patch_length"":21,""patch_stride"":7,""patience"":5,""prediction_length"":20,""seed"":2026,""validation_points"":252,""weight_decay"":0.0001,""window_stride"":5}",252,21,7,20,5,1498,47,2023-11-22,2023-11-24,2024-11-22,2024-11-22,2023-11-22,136.89395141601562,107.86027526855467,13,8,True,0.2462550103664398,8.394704200094566,0.0014642999740317,19540,True,True,,,66.48968505859375,4420.878219190985,3.598132394626419
SPY,PatchTST,2024-11-22,583.5225830078125,2024-12-23,20,584.680419921875,521.2230224609375,1.1578369140625,-62.299560546875,1.0,-1.0,False,1.1260237605703871,56.35529167589959,8.410746399895288,8013,expanding,original,PatchTST-HF-supervised-v1,5.15.0,cpu,"{""batch_size"":64,""context_length"":252,""d_model"":32,""dropout"":0.1,""ffn_dim"":64,""learning_rate"":0.001,""max_epochs"":30,""min_delta"":0.0001,""num_attention_heads"":4,""num_hidden_layers"":2,""patch_length"":21,""patch_stride"":7,""patience"":5,""prediction_length"":20,""seed"":2026,""validation_points"":252,""weight_decay"":0.0001,""window_stride"":5}",252,21,7,20,5,1498,47,2023-11-22,2023-11-24,2024-11-22,2024-11-22,2023-11-22,136.89395141601562,107.86027526855467,13,8,True,0.2462550103664398,8.394704200094566,0.0014642999740317,19540,True,True,,,63.4573974609375,4026.841292515397,3.56321240686624
SPY,PatchTST,2024-12-02,591.4791870117188,2024-12-03,1,591.7535400390625,512.98193359375,0.27435302734375,-78.49725341796875,1.0,-1.0,False,1.1267588709274168,69.9099057285228,7.598771899938583,8018,expanding,original,PatchTST-HF-supervised-v1,5.15.0,cpu,"{""batch_size"":64,""context_length"":252,""d_model"":32,""dropout"":0.1,""ffn_dim"":64,""learning_rate"":0.001,""max_epochs"":30,""min_delta"":0.0001,""num_attention_heads"":4,""num_hidden_layers"":2,""patch_length"":21,""patch_stride"":7,""patience"":5,""prediction_length"":20,""seed"":2026,""validation_points"":252,""weight_decay"":0.0001,""window_stride"":5}",252,21,7,20,5,1499,47,2023-11-30,2023-12-01,2024-12-02,2024-12-02,2023-11-30,137.08914184570312,108.09938049316406,12,7,True,0.2837205529212951,7.581341700046323,0.001412900048308,19540,True,True,,,78.7716064453125,6204.965981975198,3.4772890467380377
SPY,PatchTST,2024-12-02,591.4791870117188,2024-12-09,5,592.508056640625,516.3021240234375,1.02886962890625,-75.17706298828125,1.0,-1.0,False,1.1267588709274168,67.63286678583115,7.598771899938583,8018,expanding,original,PatchTST-HF-supervised-v1,5.15.0,cpu,"{""batch_size"":64,""context_length"":252,""d_model"":32,""dropout"":0.1,""ffn_dim"":64,""learning_rate"":0.001,""max_epochs"":30,""min_delta"":0.0001,""num_attention_heads"":4,""num_hidden_layers"":2,""patch_length"":21,""patch_stride"":7,""patience"":5,""prediction_length"":20,""seed"":2026,""validation_points"":252,""weight_decay"":0.0001,""window_stride"":5}",252,21,7,20,5,1499,47,2023-11-30,2023-12-01,2024-12-02,2024-12-02,2023-11-30,137.08914184570312,108.09938049316406,12,7,True,0.2837205529212951,7.581341700046323,0.001412900048308,19540,True,True,,,76.2059326171875,5807.344166055322,3.508003287786787
SPY,PatchTST,2024-12-02,591.4791870117188,2024-12-31,20,576.2152099609375,519.67822265625,-15.26397705078125,-71.80096435546875,-1.0,-1.0,True,1.1267588709274168,50.17665160084592,7.598771899938583,8018,expanding,original,PatchTST-HF-supervised-v1,5.15.0,cpu,"{""batch_size"":64,""context_length"":252,""d_model"":32,""dropout"":0.1,""ffn_dim"":64,""learning_rate"":0.001,""max_epochs"":30,""min_delta"":0.0001,""num_attention_heads"":4,""num_hidden_layers"":2,""patch_length"":21,""patch_stride"":7,""patience"":5,""prediction_length"":20,""seed"":2026,""validation_points"":252,""weight_decay"":0.0001,""window_stride"":5}",252,21,7,20,5,1499,47,2023-11-30,2023-12-01,2024-12-02,2024-12-02,2023-11-30,137.08914184570312,108.09938049316406,12,7,True,0.2837205529212951,7.581341700046323,0.001412900048308,19540,True,True,,,56.5369873046875,3196.4309334903955,3.53923472146763
SPY,PatchTST,2024-12-09,592.508056640625,2024-12-10,1,590.665771484375,540.72265625,-1.84228515625,-51.785400390625,-1.0,-1.0,True,1.1271937628750552,44.30748011503235,6.440752300084569,8023,expanding,original,PatchTST-HF-supervised-v1,5.15.0,cpu,"{""batch_size"":64,""context_length"":252,""d_model"":32,""dropout"":0.1,""ffn_dim"":64,""learning_rate"":0.001,""max_epochs"":30,""min_delta"":0.0001,""num_attention_heads"":4,""num_hidden_layers"":2,""patch_length"":21,""patch_stride"":7,""patience"":5,""prediction_length"":20,""seed"":2026,""validation_points"":252,""weight_decay"":0.0001,""window_stride"":5}",252,21,7,20,5,1500,47,2023-12-07,2023-12-08,2024-12-09,2024-12-09,2023-12-07,137.28526306152344,108.34066009521484,10,5,True,0.1940728276968002,6.42323379998561,0.0014319999609142,19540,True,True,,,49.943115234375,2494.31475931406,3.7237856298264833
SPY,PatchTST,2024-12-09,592.508056640625,2024-12-16,5,594.575439453125,541.5193481445312,2.0673828125,-50.98870849609375,1.0,-1.0,False,1.1271937628750552,47.06918460342368,6.440752300084569,8023,expanding,original,PatchTST-HF-supervised-v1,5.15.0,cpu,"{""batch_size"":64,""context_length"":252,""d_model"":32,""dropout"":0.1,""ffn_dim"":64,""learning_rate"":0.001,""max_epochs"":30,""min_delta"":0.0001,""num_attention_heads"":4,""num_hidden_layers"":2,""patch_length"":21,""patch_stride"":7,""patience"":5,""prediction_length"":20,""seed"":2026,""validation_points"":252,""weight_decay"":0.0001,""window_stride"":5}",252,21,7,20,5,1500,47,2023-12-07,2023-12-08,2024-12-09,2024-12-09,2023-12-07,137.28526306152344,108.34066009521484,10,5,True,0.1940728276968002,6.42323379998561,0.0014319999609142,19540,True,True,,,53.05609130859375,2814.9488249458373,3.731139211518076
SPY,PatchTST,2024-12-09,592.508056640625,2025-01-08,20,579.56787109375,543.32568359375,-12.940185546875,-49.182373046875,-1.0,-1.0,True,1.1271937628750552,32.15257987904365,6.440752300084569,8023,expanding,original,PatchTST-HF-supervised-v1,5.15.0,cpu,"{""batch_size"":64,""context_length"":252,""d_model"":32,""dropout"":0.1,""ffn_dim"":64,""learning_rate"":0.001,""max_epochs"":30,""min_delta"":0.0001,""num_attention_heads"":4,""num_hidden_layers"":2,""patch_length"":21,""patch_stride"":7,""patience"":5,""prediction_length"":20,""seed"":2026,""validation_points"":252,""weight_decay"":0.0001,""window_stride"":5}",252,21,7,20,5,1500,47,2023-12-07,2023-12-08,2024-12-09,2024-12-09,2023-12-07,137.28526306152344,108.34066009521484,10,5,True,0.1940728276968002,6.42323379998561,0.0014319999609142,19540,True,True,,,36.2421875,1313.4961547851562,3.747811949598417
SPY,PatchTST,2024-12-16,594.575439453125,2024-12-17,1,592.1259155273438,528.0828857421875,-2.44952392578125,-66.4925537109375,-1.0,-1.0,True,1.1280016919900344,56.77565046216442,9.47195860010106,8028,expanding,original,PatchTST-HF-supervised-v1,5.15.0,cpu,"{""batch_size"":64,""context_length"":252,""d_model"":32,""dropout"":0.1,""ffn_dim"":64,""learning_rate"":0.001,""max_epochs"":30,""min_delta"":0.0001,""num_attention_heads"":4,""num_hidden_layers"":2,""patch_length"":21,""patch_stride"":7,""patience"":5,""prediction_length"":20,""seed"":2026,""validation_points"":252,""weight_decay"":0.0001,""window_stride"":5}",252,21,7,20,5,1501,47,2023-12-14,2023-12-15,2024-12-16,2024-12-16,2023-12-14,137.48651123046875,108.5961456298828,15,10,True,0.2945352792739868,9.45759220002219,0.001131199998781,19540,True,True,,,64.04302978515625,4101.509664062411,3.59677935387273
SPY,PatchTST,2024-12-16,594.575439453125,2024-12-23,5,584.680419921875,525.2732543945312,-9.89501953125,-69.30218505859375,-1.0,-1.0,True,1.1280016919900344,52.665847887636495,9.47195860010106,8028,expanding,original,PatchTST-HF-supervised-v1,5.15.0,cpu,"{""batch_size"":64,""context_length"":252,""d_model"":32,""dropout"":0.1,""ffn_dim"":64,""learning_rate"":0.001,""max_epochs"":30,""min_delta"":0.0001,""num_attention_heads"":4,""num_hidden_layers"":2,""patch_length"":21,""patch_stride"":7,""patience"":5,""prediction_length"":20,""seed"":2026,""validation_points"":252,""weight_decay"":0.0001,""window_stride"":5}",252,21,7,20,5,1501,47,2023-12-14,2023-12-15,2024-12-16,2024-12-16,2023-12-14,137.48651123046875,108.5961456298828,15,10,True,0.2945352792739868,9.45759220002219,0.001131199998781,19540,True,True,,,59.40716552734375,3529.21131599322,3.5709070604192217
SPY,PatchTST,2024-12-16,594.575439453125,2025-01-16,20,581.6817016601562,523.50927734375,-12.89373779296875,-71.066162109375,-1.0,-1.0,True,1.1280016919900344,51.57122079646685,9.47195860010106,8028,expanding,original,PatchTST-HF-supervised-v1,5.15.0,cpu,"{""batch_size"":64,""context_length"":252,""d_model"":32,""dropout"":0.1,""ffn_dim"":64,""learning_rate"":0.001,""max_epochs"":30,""min_delta"":0.0001,""num_attention_heads"":4,""num_hidden_layers"":2,""patch_length"":21,""patch_stride"":7,""patience"":5,""prediction_length"":20,""seed"":2026,""validation_points"":252,""weight_decay"":0.0001,""window_stride"":5}",252,21,7,20,5,1501,47,2023-12-14,2023-12-15,2024-12-16,2024-12-16,2023-12-14,137.48651123046875,108.5961456298828,15,10,True,0.2945352792739868,9.45759220002219,0.001131199998781,19540,True,True,,,58.17242431640625,3384.030950848013,3.5546636013116286
SPY,PatchTST,2024-12-23,584.680419921875,2024-12-24,1,591.1790161132812,538.3698120117188,6.49859619140625,-46.31060791015625,1.0,-1.0,False,1.1311157167670265,46.68771136210771,10.87313759990502,8033,expanding,original,PatchTST-HF-supervised-v1,5.15.0,cpu,"{""batch_size"":64,""context_length"":252,""d_model"":32,""dropout"":0.1,""ffn_dim"":64,""learning_rate"":0.001,""max_epochs"":30,""min_delta"":0.0001,""num_attention_heads"":4,""num_hidden_layers"":2,""patch_length"":21,""patch_stride"":7,""patience"":5,""prediction_length"":20,""seed"":2026,""validation_points"":252,""weight_decay"":0.0001,""window_stride"":5}",252,21,7,20,5,1502,47,2023-12-21,2023-12-22,2024-12-23,2024-12-23,2023-12-21,137.69223022460938,108.86396026611328,17,12,True,0.2425852417945861,10.85711719992105,0.0013672000495716,19540,True,True,,,52.8092041015625,2788.8120378404856,3.680534685746047
SPY,PatchTST,2024-12-23,584.680419921875,2024-12-31,5,576.2152099609375,536.5921630859375,-8.4652099609375,-48.0882568359375,-1.0,-1.0,True,1.1311157167670265,35.03005597716496,10.87313759990502,8033,expanding,original,PatchTST-HF-supervised-v1,5.15.0,cpu,"{""batch_size"":64,""context_length"":252,""d_model"":32,""dropout"":0.1,""ffn_dim"":64,""learning_rate"":0.001,""max_epochs"":30,""min_delta"":0.0001,""num_attention_heads"":4,""num_hidden_layers"":2,""patch_length"":21,""patch_stride"":7,""patience"":5,""prediction_length"":20,""seed"":2026,""validation_points"":252,""weight_decay"":0.0001,""window_stride"":5}",252,21,7,20,5,1502,47,2023-12-21,2023-12-22,2024-12-23,2024-12-23,2023-12-21,137.69223022460938,108.86396026611328,17,12,True,0.2425852417945861,10.85711719992105,0.0013672000495716,19540,True,True,,,39.623046875,1569.9858436584473,3.6642056001475085
SPY,PatchTST,2024-12-23,584.680419921875,2025-01-24,20,597.7367553710938,538.4717407226562,13.05633544921875,-46.20867919921875,1.0,-1.0,False,1.1311157167670265,52.395182712012655,10.87313759990502,8033,expanding,original,PatchTST-HF-supervised-v1,5.15.0,cpu,"{""batch_size"":64,""context_length"":252,""d_model"":32,""dropout"":0.1,""ffn_dim"":64,""learning_rate"":0.001,""max_epochs"":30,""min_delta"":0.0001,""num_attention_heads"":4,""num_hidden_layers"":2,""patch_length"":21,""patch_stride"":7,""patience"":5,""prediction_length"":20,""seed"":2026,""validation_points"":252,""weight_decay"":0.0001,""window_stride"":5}",252,21,7,20,5,1502,47,2023-12-21,2023-12-22,2024-12-23,2024-12-23,2023-12-21,137.69223022460938,108.86396026611328,17,12,True,0.2425852417945861,10.85711719992105,0.0013672000495716,19540,True,True,,,59.2650146484375,3512.3419612795115,3.6814709800962464
SPY,PatchTST,2024-12-31,576.2152099609375,2025-01-02,1,574.799560546875,532.840087890625,-1.4156494140625,-43.3751220703125,-1.0,-1.0,True,1.1330923156624368,37.03093920614874,11.488571999943815,8038,expanding,original,PatchTST-HF-supervised-v1,5.15.0,cpu,"{""batch_size"":64,""context_length"":252,""d_model"":32,""dropout"":0.1,""ffn_dim"":64,""learning_rate"":0.001,""max_epochs"":30,""min_delta"":0.0001,""num_attention_heads"":4,""num_hidden_layers"":2,""patch_length"":21,""patch_stride"":7,""patience"":5,""prediction_length"":20,""seed"":2026,""validation_points"":252,""weight_decay"":0.0001,""window_stride"":5}",252,21,7,20,5,1503,47,2023-12-29,2024-01-02,2024-12-31,2024-12-31,2023-12-29,137.9002685546875,109.13796997070312,18,13,True,0.2674921452999115,11.472505900077522,0.0015668999403715,19540,True,True,,,41.95947265625,1760.5973455905914,3.6187205923104004
SPY,PatchTST,2024-12-31,576.2152099609375,2025-01-08,5,579.56787109375,536.26416015625,3.3526611328125,-39.9510498046875,1.0,-1.0,False,1.1330923156624368,38.217284098501246,11.488571999943815,8038,expanding,original,PatchTST-HF-supervised-v1,5.15.0,cpu,"{""batch_size"":64,""context_length"":252,""d_model"":32,""dropout"":0.1,""ffn_dim"":64,""learning_rate"":0.001,""max_epochs"":30,""min_delta"":0.0001,""num_attention_heads"":4,""num_hidden_layers"":2,""patch_length"":21,""patch_stride"":7,""patience"":5,""prediction_length"":20,""seed"":2026,""validation_points"":252,""weight_decay"":0.0001,""window_stride"":5}",252,21,7,20,5,1503,47,2023-12-29,2024-01-02,2024-12-31,2024-12-31,2023-12-29,137.9002685546875,109.13796997070312,18,13,True,0.2674921452999115,11.472505900077522,0.0015668999403715,19540,True,True,,,43.3037109375,1875.211380958557,3.650094387026796
SPY,PatchTST,2024-12-31,576.2152099609375,2025-01-31,20,591.6902465820312,540.9149169921875,15.47503662109375,-35.30029296875,1.0,-1.0,False,1.1330923156624368,44.81129109075204,11.488571999943815,8038,expanding,original,PatchTST-HF-supervised-v1,5.15.0,cpu,"{""batch_size"":64,""context_length"":252,""d_model"":32,""dropout"":0.1,""ffn_dim"":64,""learning_rate"":0.001,""max_epochs"":30,""min_delta"":0.0001,""num_attention_heads"":4,""num_hidden_layers"":2,""patch_length"":21,""patch_stride"":7,""patience"":5,""prediction_length"":20,""seed"":2026,""validation_points"":252,""weight_decay"":0.0001,""window_stride"":5}",252,21,7,20,5,1503,47,2023-12-29,2024-01-02,2024-12-31,2024-12-31,2023-12-29,137.9002685546875,109.13796997070312,18,13,True,0.2674921452999115,11.472505900077522,0.0015668999403715,19540,True,True,,,50.77532958984375,2578.1340949572623,3.6927079415686843
SPY,PatchTST,2025-01-08,579.56787109375,2025-01-10,1,570.7192993164062,541.6365356445312,-8.84857177734375,-37.93133544921875,-1.0,-1.0,True,1.1348023252148027,25.628043779668875,7.68589070008602,8043,expanding,original,PatchTST-HF-supervised-v1,5.15.0,cpu,"{""batch_size"":64,""context_length"":252,""d_model"":32,""dropout"":0.1,""ffn_dim"":64,""learning_rate"":0.001,""max_epochs"":30,""min_delta"":0.0001,""num_attention_heads"":4,""num_hidden_layers"":2,""patch_length"":21,""patch_stride"":7,""patience"":5,""prediction_length"":20,""seed"":2026,""validation_points"":252,""weight_decay"":0.0001,""window_stride"":5}",252,21,7,20,5,1504,47,2024-01-08,2024-01-09,2025-01-08,2025-01-08,2024-01-08,138.10472106933594,109.4008560180664,12,7,True,0.2369908392429351,7.67210610001348,0.0013541999505832,19540,True,True,,,29.082763671875,845.8071427941322,3.688561765079391
SPY,PatchTST,2025-01-08,579.56787109375,2025-01-16,5,581.6817016601562,538.9359741210938,2.11383056640625,-40.63189697265625,1.0,-1.0,False,1.1348023252148027,37.667994318720936,7.68589070008602,8043,expanding,original,PatchTST-HF-supervised-v1,5.15.0,cpu,"{""batch_size"":64,""context_length"":252,""d_model"":32,""dropout"":0.1,""ffn_dim"":64,""learning_rate"":0.001,""max_epochs"":30,""min_delta"":0.0001,""num_attention_heads"":4,""num_hidden_layers"":2,""patch_length"":21,""patch_stride"":7,""patience"":5,""prediction_length"":20,""seed"":2026,""validation_points"":252,""weight_decay"":0.0001,""window_stride"":5}",252,21,7,20,5,1504,47,2024-01-08,2024-01-09,2025-01-08,2025-01-08,2024-01-08,138.10472106933594,109.4008560180664,12,7,True,0.2369908392429351,7.67210610001348,0.0013541999505832,19540,True,True,,,42.7457275390625,1827.1972228437664,3.663876752349769
SPY,PatchTST,2025-01-08,579.56787109375,2025-02-07,20,590.6580200195312,540.5670776367188,11.09014892578125,-39.00079345703125,1.0,-1.0,False,1.1348023252148027,44.14067654763658,7.68589070008602,8043,expanding,original,PatchTST-HF-supervised-v1,5.15.0,cpu,"{""batch_size"":64,""context_length"":252,""d_model"":32,""dropout"":0.1,""ffn_dim"":64,""learning_rate"":0.001,""max_epochs"":30,""min_delta"":0.0001,""num_attention_heads"":4,""num_hidden_layers"":2,""patch_length"":21,""patch_stride"":7,""patience"":5,""prediction_length"":20,""seed"":2026,""validation_points"":252,""weight_decay"":0.0001,""window_stride"":5}",252,21,7,20,5,1504,47,2024-01-08,2024-01-09,2025-01-08,2025-01-08,2024-01-08,138.10472106933594,109.4008560180664,12,7,True,0.2369908392429351,7.67210610001348,0.0013541999505832,19540,True,True,,,50.0909423828125,2509.1025087982416,3.6787861742226253
SPY,PatchTST,2025-01-16,581.6817016601562,2025-01-17,1,587.5218505859375,537.02880859375,5.84014892578125,-44.65289306640625,1.0,-1.0,False,1.1368377001015642,44.41534793196645,5.746980299940333,8048,expanding,original,PatchTST-HF-supervised-v1,5.15.0,cpu,"{""batch_size"":64,""context_length"":252,""d_model"":32,""dropout"":0.1,""ffn_dim"":64,""learning_rate"":0.001,""max_epochs"":30,""min_delta"":0.0001,""num_attention_heads"":4,""num_hidden_layers"":2,""patch_length"":21,""patch_stride"":7,""patience"":5,""prediction_length"":20,""seed"":2026,""validation_points"":252,""weight_decay"":0.0001,""window_stride"":5}",252,21,7,20,5,1505,47,2024-01-16,2024-01-17,2025-01-16,2025-01-16,2024-01-16,138.31228637695312,109.67228698730467,9,4,True,0.2669685184955597,5.732131900032982,0.0013288999907672,19540,True,True,,,50.4930419921875,2549.54728962481,3.635526650984775
SPY,PatchTST,2025-01-16,581.6817016601562,2025-01-24,5,597.7367553710938,543.3104248046875,16.0550537109375,-38.37127685546875,1.0,-1.0,False,1.1368377001015642,47.87519851034483,5.746980299940333,8048,expanding,original,PatchTST-HF-supervised-v1,5.15.0,cpu,"{""batch_size"":64,""context_length"":252,""d_model"":32,""dropout"":0.1,""ffn_dim"":64,""learning_rate"":0.001,""max_epochs"":30,""min_delta"":0.0001,""num_attention_heads"":4,""num_hidden_layers"":2,""patch_length"":21,""patch_stride"":7,""patience"":5,""prediction_length"":20,""seed"":2026,""validation_points"":252,""weight_decay"":0.0001,""window_stride"":5}",252,21,7,20,5,1505,47,2024-01-16,2024-01-17,2025-01-16,2025-01-16,2024-01-16,138.31228637695312,109.67228698730467,9,4,True,0.2669685184955597,5.732131900032982,0.0013288999907672,19540,True,True,,,54.42633056640625,2962.2254589237277,3.6928028908033594
SPY,PatchTST,2025-01-16,581.6817016601562,2025-02-14,20,599.4376831054688,545.48974609375,17.7559814453125,-36.19195556640625,1.0,-1.0,False,1.1368377001015642,47.4543877344137,5.746980299940333,8048,expanding,original,PatchTST-HF-supervised-v1,5.15.0,cpu,"{""batch_size"":64,""context_length"":252,""d_model"":32,""dropout"":0.1,""ffn_dim"":64,""learning_rate"":0.001,""max_epochs"":30,""min_delta"":0.0001,""num_attention_heads"":4,""num_hidden_layers"":2,""patch_length"":21,""patch_stride"":7,""patience"":5,""prediction_length"":20,""seed"":2026,""validation_points"":252,""weight_decay"":0.0001,""window_stride"":5}",252,21,7,20,5,1505,47,2024-01-16,2024-01-17,2025-01-16,2025-01-16,2024-01-16,138.31228637695312,109.67228698730467,9,4,True,0.2669685184955597,5.732131900032982,0.0013288999907672,19540,True,True,,,53.94793701171875,2910.379907820374,3.7126741030204875
SPY,PatchTST,2025-01-24,597.7367553710938,2025-01-27,1,589.2816162109375,544.48486328125,-8.45513916015625,-53.25189208984375,-1.0,-1.0,True,1.1385603912778004,39.34508285450923,5.82831020001322,8053,expanding,original,PatchTST-HF-supervised-v1,5.15.0,cpu,"{""batch_size"":64,""context_length"":252,""d_model"":32,""dropout"":0.1,""ffn_dim"":64,""learning_rate"":0.001,""max_epochs"":30,""min_delta"":0.0001,""num_attention_heads"":4,""num_hidden_layers"":2,""patch_length"":21,""patch_stride"":7,""patience"":5,""prediction_length"":20,""seed"":2026,""validation_points"":252,""weight_decay"":0.0001,""window_stride"":5}",252,21,7,20,5,1506,47,2024-01-23,2024-01-24,2025-01-24,2025-01-24,2024-01-23,138.52223205566406,109.95013427734376,9,4,True,0.1957682520151138,5.813792999950238,0.0012351999757811,19540,True,True,,,44.7967529296875,2006.7490730434656,3.69224315999074
SPY,PatchTST,2025-01-24,597.7367553710938,2025-01-31,5,591.6902465820312,550.696533203125,-6.0465087890625,-47.04022216796875,-1.0,-1.0,True,1.1385603912778004,36.004865172675835,5.82831020001322,8053,expanding,original,PatchTST-HF-supervised-v1,5.15.0,cpu,"{""batch_size"":64,""context_length"":252,""d_model"":32,""dropout"":0.1,""ffn_dim"":64,""learning_rate"":0.001,""max_epochs"":30,""min_delta"":0.0001,""num_attention_heads"":4,""num_hidden_layers"":2,""patch_length"":21,""patch_stride"":7,""patience"":5,""prediction_length"":20,""seed"":2026,""validation_points"":252,""weight_decay"":0.0001,""window_stride"":5}",252,21,7,20,5,1506,47,2024-01-23,2024-01-24,2025-01-24,2025-01-24,2024-01-23,138.52223205566406,109.95013427734376,9,4,True,0.1957682520151138,5.813792999950238,0.0012351999757811,19540,True,True,,,40.99371337890625,1680.4845365919173,3.748738497287977
SPY,PatchTST,2025-01-24,597.7367553710938,2025-02-24,20,587.157958984375,558.1790771484375,-10.57879638671875,-39.55767822265625,-1.0,-1.0,True,1.1385603912778004,25.452213214105097,5.82831020001322,8053,expanding,original,PatchTST-HF-supervised-v1,5.15.0,cpu,"{""batch_size"":64,""context_length"":252,""d_model"":32,""dropout"":0.1,""ffn_dim"":64,""learning_rate"":0.001,""max_epochs"":30,""min_delta"":0.0001,""num_attention_heads"":4,""num_hidden_layers"":2,""patch_length"":21,""patch_stride"":7,""patience"":5,""prediction_length"":20,""seed"":2026,""validation_points"":252,""weight_decay"":0.0001,""window_stride"":5}",252,21,7,20,5,1506,47,2024-01-23,2024-01-24,2025-01-24,2025-01-24,2024-01-23,138.52223205566406,109.95013427734376,9,4,True,0.1957682520151138,5.813792999950238,0.0012351999757811,19540,True,True,,,28.9788818359375,839.7755924612284,3.8167924746159003
SPY,PatchTST,2025-01-31,591.6902465820312,2025-02-03,1,587.70849609375,551.1519165039062,-3.98175048828125,-40.538330078125,-1.0,-1.0,True,1.1406494430384804,32.048917231278125,5.690718999947421,8058,expanding,original,PatchTST-HF-supervised-v1,5.15.0,cpu,"{""batch_size"":64,""context_length"":252,""d_model"":32,""dropout"":0.1,""ffn_dim"":64,""learning_rate"":0.001,""max_epochs"":30,""min_delta"":0.0001,""num_attention_heads"":4,""num_hidden_layers"":2,""patch_length"":21,""patch_stride"":7,""patience"":5,""prediction_length"":20,""seed"":2026,""validation_points"":252,""weight_decay"":0.0001,""window_stride"":5}",252,21,7,20,5,1507,47,2024-01-30,2024-01-31,2025-01-31,2025-01-31,2024-01-30,138.7373046875,110.24272918701172,9,4,True,0.1932831555604934,5.67440290004015,0.0011724999640136,19540,True,True,,,36.55657958984375,1336.3835113085806,3.740968813614921
SPY,PatchTST,2025-01-31,591.6902465820312,2025-02-07,5,590.6580200195312,545.5078125,-1.0322265625,-46.18243408203125,-1.0,-1.0,True,1.1406494430384804,39.58289533658948,5.690718999947421,8058,expanding,original,PatchTST-HF-supervised-v1,5.15.0,cpu,"{""batch_size"":64,""context_length"":252,""d_model"":32,""dropout"":0.1,""ffn_dim"":64,""learning_rate"":0.001,""max_epochs"":30,""min_delta"":0.0001,""num_attention_heads"":4,""num_hidden_layers"":2,""patch_length"":21,""patch_stride"":7,""patience"":5,""prediction_length"":20,""seed"":2026,""validation_points"":252,""weight_decay"":0.0001,""window_stride"":5}",252,21,7,20,5,1507,47,2024-01-30,2024-01-31,2025-01-31,2025-01-31,2024-01-30,138.7373046875,110.24272918701172,9,4,True,0.1932831555604934,5.67440290004015,0.0011724999640136,19540,True,True,,,45.15020751953125,2038.541239056736,3.6897717501393625
SPY,PatchTST,2025-01-31,591.6902465820312,2025-03-03,20,573.9441528320312,567.0702514648438,-17.74609375,-24.6199951171875,-1.0,-1.0,True,1.1406494430384804,6.026304934561394,5.690718999947421,8058,expanding,original,PatchTST-HF-supervised-v1,5.15.0,cpu,"{""batch_size"":64,""context_length"":252,""d_model"":32,""dropout"":0.1,""ffn_dim"":64,""learning_rate"":0.001,""max_epochs"":30,""min_delta"":0.0001,""num_attention_heads"":4,""num_hidden_layers"":2,""patch_length"":21,""patch_stride"":7,""patience"":5,""prediction_length"":20,""seed"":2026,""validation_points"":252,""weight_decay"":0.0001,""window_stride"":5}",252,21,7,20,5,1507,47,2024-01-30,2024-01-31,2025-01-31,2025-01-31,2024-01-30,138.7373046875,110.24272918701172,9,4,True,0.1932831555604934,5.67440290004015,0.0011724999640136,19540,True,True,,,6.8739013671875,47.25052000582218,3.8853623267139503
SPY,PatchTST,2025-02-07,590.6580200195312,2025-02-10,1,594.6693115234375,553.4744262695312,4.01129150390625,-37.18359375,1.0,-1.0,False,1.142155426070815,36.06767022560388,5.602214499958791,8063,expanding,original,PatchTST-HF-supervised-v1,5.15.0,cpu,"{""batch_size"":64,""context_length"":252,""d_model"":32,""dropout"":0.1,""ffn_dim"":64,""learning_rate"":0.001,""max_epochs"":30,""min_delta"":0.0001,""num_attention_heads"":4,""num_hidden_layers"":2,""patch_length"":21,""patch_stride"":7,""patience"":5,""prediction_length"":20,""seed"":2026,""validation_points"":252,""weight_decay"":0.0001,""window_stride"":5}",252,21,7,20,5,1508,47,2024-02-06,2024-02-07,2025-02-07,2025-02-07,2024-02-06,138.9533233642578,110.53756713867188,9,4,True,0.2368118911981582,5.586369100026786,0.0012344999704509,19540,True,True,,,41.19488525390625,1697.0185710825026,3.7500472792679376
SPY,PatchTST,2025-02-07,590.6580200195312,2025-02-14,5,599.4376831054688,554.8265991210938,8.7796630859375,-35.8314208984375,1.0,-1.0,False,1.142155426070815,39.05868060167938,5.602214499958791,8063,expanding,original,PatchTST-HF-supervised-v1,5.15.0,cpu,"{""batch_size"":64,""context_length"":252,""d_model"":32,""dropout"":0.1,""ffn_dim"":64,""learning_rate"":0.001,""max_epochs"":30,""min_delta"":0.0001,""num_attention_heads"":4,""num_hidden_layers"":2,""patch_length"":21,""patch_stride"":7,""patience"":5,""prediction_length"":20,""seed"":2026,""validation_points"":252,""weight_decay"":0.0001,""window_stride"":5}",252,21,7,20,5,1508,47,2024-02-06,2024-02-07,2025-02-07,2025-02-07,2024-02-06,138.9533233642578,110.53756713867188,9,4,True,0.2368118911981582,5.586369100026786,0.0012344999704509,19540,True,True,,,44.611083984375,1990.14881426096,3.762279978852018
SPY,PatchTST,2025-02-07,590.6580200195312,2025-03-10,20,551.14453125,556.51708984375,-39.51348876953125,-34.14093017578125,-1.0,-1.0,True,1.142155426070815,4.703876960277116,5.602214499958791,8063,expanding,original,PatchTST-HF-supervised-v1,5.15.0,cpu,"{""batch_size"":64,""context_length"":252,""d_model"":32,""dropout"":0.1,""ffn_dim"":64,""learning_rate"":0.001,""max_epochs"":30,""min_delta"":0.0001,""num_attention_heads"":4,""num_hidden_layers"":2,""patch_length"":21,""patch_stride"":7,""patience"":5,""prediction_length"":20,""seed"":2026,""validation_points"":252,""weight_decay"":0.0001,""window_stride"":5}",252,21,7,20,5,1508,47,2024-02-06,2024-02-07,2025-02-07,2025-02-07,2024-02-06,138.9533233642578,110.53756713867188,9,4,True,0.2368118911981582,5.586369100026786,0.0012344999704509,19540,True,True,,,5.37255859375,28.864385843276978,3.7775733380819663
SPY,PatchTST,2025-02-14,599.4376831054688,2025-02-18,1,601.1975708007812,548.6687622070312,1.7598876953125,-50.7689208984375,1.0,-1.0,False,1.1430185180149577,45.95621835154084,9.518923099967653,8068,expanding,original,PatchTST-HF-supervised-v1,5.15.0,cpu,"{""batch_size"":64,""context_length"":252,""d_model"":32,""dropout"":0.1,""ffn_dim"":64,""learning_rate"":0.001,""max_epochs"":30,""min_delta"":0.0001,""num_attention_heads"":4,""num_hidden_layers"":2,""patch_length"":21,""patch_stride"":7,""patience"":5,""prediction_length"":20,""seed"":2026,""validation_points"":252,""weight_decay"":0.0001,""window_stride"":5}",252,21,7,20,5,1509,47,2024-02-13,2024-02-14,2025-02-14,2025-02-14,2024-02-13,139.17401123046875,110.84596252441406,15,10,True,0.2463313937187194,9.500642900005914,0.0014201999874785,19540,True,True,,,52.52880859375,2759.275732278824,3.6942685295043596
SPY,PatchTST,2025-02-14,599.4376831054688,2025-02-24,5,587.157958984375,545.237548828125,-12.27972412109375,-54.20013427734375,-1.0,-1.0,True,1.1430185180149577,36.67518023159572,9.518923099967653,8068,expanding,original,PatchTST-HF-supervised-v1,5.15.0,cpu,"{""batch_size"":64,""context_length"":252,""d_model"":32,""dropout"":0.1,""ffn_dim"":64,""learning_rate"":0.001,""max_epochs"":30,""min_delta"":0.0001,""num_attention_heads"":4,""num_hidden_layers"":2,""patch_length"":21,""patch_stride"":7,""patience"":5,""prediction_length"":20,""seed"":2026,""validation_points"":252,""weight_decay"":0.0001,""window_stride"":5}",252,21,7,20,5,1509,47,2024-02-13,2024-02-14,2025-02-14,2025-02-14,2024-02-13,139.17401123046875,110.84596252441406,15,10,True,0.2463313937187194,9.500642900005914,0.0014201999874785,19540,True,True,,,41.92041015625,1757.320787668228,3.6633137405272644
SPY,PatchTST,2025-02-14,599.4376831054688,2025-03-17,20,557.6039428710938,551.0704345703125,-41.833740234375,-48.36724853515625,-1.0,-1.0,True,1.1430185180149577,5.716012643546474,9.518923099967653,8068,expanding,original,PatchTST-HF-supervised-v1,5.15.0,cpu,"{""batch_size"":64,""context_length"":252,""d_model"":32,""dropout"":0.1,""ffn_dim"":64,""learning_rate"":0.001,""max_epochs"":30,""min_delta"":0.0001,""num_attention_heads"":4,""num_hidden_layers"":2,""patch_length"":21,""patch_stride"":7,""patience"":5,""prediction_length"":20,""seed"":2026,""validation_points"":252,""weight_decay"":0.0001,""window_stride"":5}",252,21,7,20,5,1509,47,2024-02-13,2024-02-14,2025-02-14,2025-02-14,2024-02-13,139.17401123046875,110.84596252441406,15,10,True,0.2463313937187194,9.500642900005914,0.0014201999874785,19540,True,True,,,6.53350830078125,42.6867307163775,3.7159352849601777
SPY,PatchTST,2025-02-24,587.157958984375,2025-02-25,1,584.2379150390625,540.259521484375,-2.9200439453125,-46.8984375,-1.0,-1.0,True,1.144618610915155,38.42187531751343,9.082861499977298,8073,expanding,original,PatchTST-HF-supervised-v1,5.15.0,cpu,"{""batch_size"":64,""context_length"":252,""d_model"":32,""dropout"":0.1,""ffn_dim"":64,""learning_rate"":0.001,""max_epochs"":30,""min_delta"":0.0001,""num_attention_heads"":4,""num_hidden_layers"":2,""patch_length"":21,""patch_stride"":7,""patience"":5,""prediction_length"":20,""seed"":2026,""validation_points"":252,""weight_decay"":0.0001,""window_stride"":5}",252,21,7,20,5,1510,47,2024-02-21,2024-02-22,2025-02-24,2025-02-24,2024-02-21,139.39459228515625,111.15319061279295,14,9,True,0.2808744013309479,9.066855399985798,0.0012409000191837,19540,True,True,,,43.9783935546875,1934.099099650979,3.6064185561316853
SPY,PatchTST,2025-02-24,587.157958984375,2025-03-03,5,573.9441528320312,549.5108032226562,-13.21380615234375,-37.64715576171875,-1.0,-1.0,True,1.144618610915155,21.34628021628955,9.082861499977298,8073,expanding,original,PatchTST-HF-supervised-v1,5.15.0,cpu,"{""batch_size"":64,""context_length"":252,""d_model"":32,""dropout"":0.1,""ffn_dim"":64,""learning_rate"":0.001,""max_epochs"":30,""min_delta"":0.0001,""num_attention_heads"":4,""num_hidden_layers"":2,""patch_length"":21,""patch_stride"":7,""patience"":5,""prediction_length"":20,""seed"":2026,""validation_points"":252,""weight_decay"":0.0001,""window_stride"":5}",252,21,7,20,5,1510,47,2024-02-21,2024-02-22,2025-02-24,2025-02-24,2024-02-21,139.39459228515625,111.15319061279295,14,9,True,0.2808744013309479,9.066855399985798,0.0012409000191837,19540,True,True,,,24.433349609375,596.9885731339455,3.6896485712781555
SPY,PatchTST,2025-02-24,587.157958984375,2025-03-24,20,566.1151733398438,547.322509765625,-21.04278564453125,-39.83544921875,-1.0,-1.0,True,1.144618610915155,16.41827539322769,9.082861499977298,8073,expanding,original,PatchTST-HF-supervised-v1,5.15.0,cpu,"{""batch_size"":64,""context_length"":252,""d_model"":32,""dropout"":0.1,""ffn_dim"":64,""learning_rate"":0.001,""max_epochs"":30,""min_delta"":0.0001,""num_attention_heads"":4,""num_hidden_layers"":2,""patch_length"":21,""patch_stride"":7,""patience"":5,""prediction_length"":20,""seed"":2026,""validation_points"":252,""weight_decay"":0.0001,""window_stride"":5}",252,21,7,20,5,1510,47,2024-02-21,2024-02-22,2025-02-24,2025-02-24,2024-02-21,139.39459228515625,111.15319061279295,14,9,True,0.2808744013309479,9.066855399985798,0.0012409000191837,19540,True,True,,,18.79266357421875,353.16420421376824,3.6699613860073854
SPY,PatchTST,2025-03-03,573.9441528320312,2025-03-04,1,567.1505126953125,555.2088012695312,-6.79364013671875,-18.7353515625,-1.0,-1.0,True,1.1478417526307465,10.403621752224955,10.939153200015426,8078,expanding,original,PatchTST-HF-supervised-v1,5.15.0,cpu,"{""batch_size"":64,""context_length"":252,""d_model"":32,""dropout"":0.1,""ffn_dim"":64,""learning_rate"":0.001,""max_epochs"":30,""min_delta"":0.0001,""num_attention_heads"":4,""num_hidden_layers"":2,""patch_length"":21,""patch_stride"":7,""patience"":5,""prediction_length"":20,""seed"":2026,""validation_points"":252,""weight_decay"":0.0001,""window_stride"":5}",252,21,7,20,5,1511,47,2024-02-28,2024-02-29,2025-03-03,2025-03-03,2024-02-28,139.6199188232422,111.47444152832033,17,12,True,0.2120835781097412,10.92535679996945,0.0011405000695958,19540,True,True,,,11.94171142578125,142.60447177663443,3.728109123028957
SPY,PatchTST,2025-03-03,573.9441528320312,2025-03-10,5,551.14453125,551.563720703125,-22.79962158203125,-22.38043212890625,-1.0,-1.0,True,1.1478417526307465,0.365197948379432,10.939153200015426,8078,expanding,original,PatchTST-HF-supervised-v1,5.15.0,cpu,"{""batch_size"":64,""context_length"":252,""d_model"":32,""dropout"":0.1,""ffn_dim"":64,""learning_rate"":0.001,""max_epochs"":30,""min_delta"":0.0001,""num_attention_heads"":4,""num_hidden_layers"":2,""patch_length"":21,""patch_stride"":7,""patience"":5,""prediction_length"":20,""seed"":2026,""validation_points"":252,""weight_decay"":0.0001,""window_stride"":5}",252,21,7,20,5,1511,47,2024-02-28,2024-02-29,2025-03-03,2025-03-03,2024-02-28,139.6199188232422,111.47444152832033,17,12,True,0.2120835781097412,10.92535679996945,0.0011405000695958,19540,True,True,,,0.419189453125,0.1757197976112365,3.695410322151985
SPY,PatchTST,2025-03-03,573.9441528320312,2025-03-31,20,551.6289672851562,558.0807495117188,-22.315185546875,-15.8634033203125,-1.0,-1.0,True,1.1478417526307465,5.6207941658992775,10.939153200015426,8078,expanding,original,PatchTST-HF-supervised-v1,5.15.0,cpu,"{""batch_size"":64,""context_length"":252,""d_model"":32,""dropout"":0.1,""ffn_dim"":64,""learning_rate"":0.001,""max_epochs"":30,""min_delta"":0.0001,""num_attention_heads"":4,""num_hidden_layers"":2,""patch_length"":21,""patch_stride"":7,""patience"":5,""prediction_length"":20,""seed"":2026,""validation_points"":252,""weight_decay"":0.0001,""window_stride"":5}",252,21,7,20,5,1511,47,2024-02-28,2024-02-29,2025-03-03,2025-03-03,2024-02-28,139.6199188232422,111.47444152832033,17,12,True,0.2120835781097412,10.92535679996945,0.0011405000695958,19540,True,True,,,6.4517822265625,41.62549389898777,3.7538724119300984
SPY,PatchTST,2025-03-10,551.14453125,2025-03-11,1,546.5629272460938,558.4111328125,-4.58160400390625,7.2666015625,-1.0,1.0,False,1.1522420823234818,10.282739841018904,11.445378999924287,8083,expanding,original,PatchTST-HF-supervised-v1,5.15.0,cpu,"{""batch_size"":64,""context_length"":252,""d_model"":32,""dropout"":0.1,""ffn_dim"":64,""learning_rate"":0.001,""max_epochs"":30,""min_delta"":0.0001,""num_attention_heads"":4,""num_hidden_layers"":2,""patch_length"":21,""patch_stride"":7,""patience"":5,""prediction_length"":20,""seed"":2026,""validation_points"":252,""weight_decay"":0.0001,""window_stride"":5}",252,21,7,20,5,1512,47,2024-03-06,2024-03-07,2025-03-10,2025-03-10,2024-03-06,139.84689331054688,111.800048828125,18,13,True,0.2002715021371841,11.429373699938878,0.0014118999242782,19540,True,True,,,11.84820556640625,140.37997514382005,3.7438645500542655
SPY,PatchTST,2025-03-10,551.14453125,2025-03-17,5,557.6039428710938,560.3281860351562,6.45941162109375,9.18365478515625,1.0,1.0,True,1.1522420823234818,2.364297577614157,11.445378999924287,8083,expanding,original,PatchTST-HF-supervised-v1,5.15.0,cpu,"{""batch_size"":64,""context_length"":252,""d_model"":32,""dropout"":0.1,""ffn_dim"":64,""learning_rate"":0.001,""max_epochs"":30,""min_delta"":0.0001,""num_attention_heads"":4,""num_hidden_layers"":2,""patch_length"":21,""patch_stride"":7,""patience"":5,""prediction_length"":20,""seed"":2026,""validation_points"":252,""weight_decay"":0.0001,""window_stride"":5}",252,21,7,20,5,1512,47,2024-03-06,2024-03-07,2025-03-10,2025-03-10,2024-03-06,139.84689331054688,111.800048828125,18,13,True,0.2002715021371841,11.429373699938878,0.0014118999242782,19540,True,True,,,2.7242431640625,7.421500816941261,3.7610117091364894
SPY,PatchTST,2025-03-10,551.14453125,2025-04-07,20,497.3821716308594,563.9384765625,-53.76235961914063,12.7939453125,-1.0,1.0,False,1.1522420823234818,57.76243200337785,11.445378999924287,8083,expanding,original,PatchTST-HF-supervised-v1,5.15.0,cpu,"{""batch_size"":64,""context_length"":252,""d_model"":32,""dropout"":0.1,""ffn_dim"":64,""learning_rate"":0.001,""max_epochs"":30,""min_delta"":0.0001,""num_attention_heads"":4,""num_hidden_layers"":2,""patch_length"":21,""patch_stride"":7,""patience"":5,""prediction_length"":20,""seed"":2026,""validation_points"":252,""weight_decay"":0.0001,""window_stride"":5}",252,21,7,20,5,1512,47,2024-03-06,2024-03-07,2025-03-10,2025-03-10,2024-03-06,139.84689331054688,111.800048828125,18,13,True,0.2002715021371841,11.429373699938878,0.0014118999242782,19540,True,True,,,66.55630493164062,4429.74172615353,3.793304096887536
SPY,PatchTST,2025-03-17,557.6039428710938,2025-03-18,1,551.5770263671875,555.3677978515625,-6.02691650390625,-2.23614501953125,-1.0,-1.0,True,1.1552729591887565,3.281277774420441,5.768077900051139,8088,expanding,original,PatchTST-HF-supervised-v1,5.15.0,cpu,"{""batch_size"":64,""context_length"":252,""d_model"":32,""dropout"":0.1,""ffn_dim"":64,""learning_rate"":0.001,""max_epochs"":30,""min_delta"":0.0001,""num_attention_heads"":4,""num_hidden_layers"":2,""patch_length"":21,""patch_stride"":7,""patience"":5,""prediction_length"":20,""seed"":2026,""validation_points"":252,""weight_decay"":0.0001,""window_stride"":5}",252,21,7,20,5,1513,47,2024-03-13,2024-03-14,2025-03-17,2025-03-17,2024-03-13,140.0760955810547,112.13187408447266,9,4,True,0.1968107670545578,5.75107860006392,0.0011373999295756,19540,True,True,,,3.790771484375,14.36994844675064,3.703600833048191
SPY,PatchTST,2025-03-17,557.6039428710938,2025-03-24,5,566.1151733398438,558.1033325195312,8.51123046875,0.4993896484375,1.0,1.0,True,1.1552729591887565,6.935019777437264,5.768077900051139,8088,expanding,original,PatchTST-HF-supervised-v1,5.15.0,cpu,"{""batch_size"":64,""context_length"":252,""d_model"":32,""dropout"":0.1,""ffn_dim"":64,""learning_rate"":0.001,""max_epochs"":30,""min_delta"":0.0001,""num_attention_heads"":4,""num_hidden_layers"":2,""patch_length"":21,""patch_stride"":7,""patience"":5,""prediction_length"":20,""seed"":2026,""validation_points"":252,""weight_decay"":0.0001,""window_stride"":5}",252,21,7,20,5,1513,47,2024-03-13,2024-03-14,2025-03-17,2025-03-17,2024-03-13,140.0760955810547,112.13187408447266,9,4,True,0.1968107670545578,5.75107860006392,0.0011373999295756,19540,True,True,,,8.0118408203125,64.18959333002567,3.7279965250876197
SPY,PatchTST,2025-03-17,557.6039428710938,2025-04-14,20,531.64013671875,559.6268310546875,-25.96380615234375,2.02288818359375,-1.0,1.0,False,1.1552729591887565,24.225179091519653,5.768077900051139,8088,expanding,original,PatchTST-HF-supervised-v1,5.15.0,cpu,"{""batch_size"":64,""context_length"":252,""d_model"":32,""dropout"":0.1,""ffn_dim"":64,""learning_rate"":0.001,""max_epochs"":30,""min_delta"":0.0001,""num_attention_heads"":4,""num_hidden_layers"":2,""patch_length"":21,""patch_stride"":7,""patience"":5,""prediction_length"":20,""seed"":2026,""validation_points"":252,""weight_decay"":0.0001,""window_stride"":5}",252,21,7,20,5,1513,47,2024-03-13,2024-03-14,2025-03-17,2025-03-17,2024-03-13,140.0760955810547,112.13187408447266,9,4,True,0.1968107670545578,5.75107860006392,0.0011373999295756,19540,True,True,,,27.9866943359375,783.2550598531961,3.7415831929962335
SPY,PatchTST,2025-03-24,566.1151733398438,2025-03-25,1,567.4759521484375,563.932861328125,1.36077880859375,-2.18231201171875,1.0,-1.0,False,1.157499053132929,3.06098809387588,10.308372400002554,8093,expanding,original,PatchTST-HF-supervised-v1,5.15.0,cpu,"{""batch_size"":64,""context_length"":252,""d_model"":32,""dropout"":0.1,""ffn_dim"":64,""learning_rate"":0.001,""max_epochs"":30,""min_delta"":0.0001,""num_attention_heads"":4,""num_hidden_layers"":2,""patch_length"":21,""patch_stride"":7,""patience"":5,""prediction_length"":20,""seed"":2026,""validation_points"":252,""weight_decay"":0.0001,""window_stride"":5}",252,21,7,20,5,1514,47,2024-03-20,2024-03-21,2025-03-24,2025-03-24,2024-03-20,140.3061981201172,112.46569061279295,16,11,True,0.1816092431545257,10.292959099984728,0.0011650000233203,19540,True,True,,,3.5430908203125,12.553492560982704,3.7667190847252074
SPY,PatchTST,2025-03-24,566.1151733398438,2025-03-31,5,551.6289672851562,565.720458984375,-14.4862060546875,-0.39471435546875,-1.0,-1.0,True,1.157499053132929,12.174084860871554,10.308372400002554,8093,expanding,original,PatchTST-HF-supervised-v1,5.15.0,cpu,"{""batch_size"":64,""context_length"":252,""d_model"":32,""dropout"":0.1,""ffn_dim"":64,""learning_rate"":0.001,""max_epochs"":30,""min_delta"":0.0001,""num_attention_heads"":4,""num_hidden_layers"":2,""patch_length"":21,""patch_stride"":7,""patience"":5,""prediction_length"":20,""seed"":2026,""validation_points"":252,""weight_decay"":0.0001,""window_stride"":5}",252,21,7,20,5,1514,47,2024-03-20,2024-03-21,2025-03-24,2025-03-24,2024-03-20,140.3061981201172,112.46569061279295,16,11,True,0.1816092431545257,10.292959099984728,0.0011650000233203,19540,True,True,,,14.09149169921875,198.5701383091509,3.7826136890841893
SPY,PatchTST,2025-03-24,566.1151733398438,2025-04-22,20,519.9348754882812,564.4154052734375,-46.1802978515625,-1.69976806640625,-1.0,-1.0,True,1.157499053132929,38.42813492137521,10.308372400002554,8093,expanding,original,PatchTST-HF-supervised-v1,5.15.0,cpu,"{""batch_size"":64,""context_length"":252,""d_model"":32,""dropout"":0.1,""ffn_dim"":64,""learning_rate"":0.001,""max_epochs"":30,""min_delta"":0.0001,""num_attention_heads"":4,""num_hidden_layers"":2,""patch_length"":21,""patch_stride"":7,""patience"":5,""prediction_length"":20,""seed"":2026,""validation_points"":252,""weight_decay"":0.0001,""window_stride"":5}",252,21,7,20,5,1514,47,2024-03-20,2024-03-21,2025-03-24,2025-03-24,2024-03-20,140.3061981201172,112.46569061279295,16,11,True,0.1816092431545257,10.292959099984728,0.0011650000233203,19540,True,True,,,44.48052978515625,1978.5175299681723,3.771009672749726
SPY,PatchTST,2025-03-31,551.6289672851562,2025-04-01,1,553.18701171875,573.0831298828125,1.55804443359375,21.45416259765625,1.0,1.0,True,1.159818039892102,17.154516898110536,5.8428486000048,8098,expanding,original,PatchTST-HF-supervised-v1,5.15.0,cpu,"{""batch_size"":64,""context_length"":252,""d_model"":32,""dropout"":0.1,""ffn_dim"":64,""learning_rate"":0.001,""max_epochs"":30,""min_delta"":0.0001,""num_attention_heads"":4,""num_hidden_layers"":2,""patch_length"":21,""patch_stride"":7,""patience"":5,""prediction_length"":20,""seed"":2026,""validation_points"":252,""weight_decay"":0.0001,""window_stride"":5}",252,21,7,20,5,1515,47,2024-03-27,2024-03-28,2025-03-31,2025-03-31,2024-03-27,140.54010009765625,112.8107681274414,9,4,True,0.1584360003471374,5.827405699994415,0.0015469000209122,19540,True,True,,,19.8961181640625,395.85551799833775,3.8342353036415453
SPY,PatchTST,2025-03-31,551.6289672851562,2025-04-07,5,497.3821716308594,579.3279418945312,-54.24679565429688,27.698974609375,-1.0,1.0,False,1.159818039892102,70.65398833708028,5.8428486000048,8098,expanding,original,PatchTST-HF-supervised-v1,5.15.0,cpu,"{""batch_size"":64,""context_length"":252,""d_model"":32,""dropout"":0.1,""ffn_dim"":64,""learning_rate"":0.001,""max_epochs"":30,""min_delta"":0.0001,""num_attention_heads"":4,""num_hidden_layers"":2,""patch_length"":21,""patch_stride"":7,""patience"":5,""prediction_length"":20,""seed"":2026,""validation_points"":252,""weight_decay"":0.0001,""window_stride"":5}",252,21,7,20,5,1515,47,2024-03-27,2024-03-28,2025-03-31,2025-03-31,2024-03-27,140.54010009765625,112.8107681274414,9,4,True,0.1584360003471374,5.827405699994415,0.0015469000209122,19540,True,True,,,81.94577026367188,6715.10926410649,3.8895918278047708
SPY,PatchTST,2025-03-31,551.6289672851562,2025-04-29,20,546.6292724609375,569.09423828125,-4.99969482421875,17.46527099609375,-1.0,1.0,False,1.159818039892102,19.369388169201457,5.8428486000048,8098,expanding,original,PatchTST-HF-supervised-v1,5.15.0,cpu,"{""batch_size"":64,""context_length"":252,""d_model"":32,""dropout"":0.1,""ffn_dim"":64,""learning_rate"":0.001,""max_epochs"":30,""min_delta"":0.0001,""num_attention_heads"":4,""num_hidden_layers"":2,""patch_length"":21,""patch_stride"":7,""patience"":5,""prediction_length"":20,""seed"":2026,""validation_points"":252,""weight_decay"":0.0001,""window_stride"":5}",252,21,7,20,5,1515,47,2024-03-27,2024-03-28,2025-03-31,2025-03-31,2024-03-27,140.54010009765625,112.8107681274414,9,4,True,0.1584360003471374,5.827405699994415,0.0015469000209122,19540,True,True,,,22.4649658203125,504.6746893078089,3.7988761649017375
SPY,PatchTST,2025-04-07,497.3821716308594,2025-04-08,1,489.591796875,561.2520751953125,-7.790374755859375,63.869903564453125,-1.0,1.0,False,1.1670465490547886,61.40310202566592,7.629062099964358,8103,expanding,original,PatchTST-HF-supervised-v1,5.15.0,cpu,"{""batch_size"":64,""context_length"":252,""d_model"":32,""dropout"":0.1,""ffn_dim"":64,""learning_rate"":0.001,""max_epochs"":30,""min_delta"":0.0001,""num_attention_heads"":4,""num_hidden_layers"":2,""patch_length"":21,""patch_stride"":7,""patience"":5,""prediction_length"":20,""seed"":2026,""validation_points"":252,""weight_decay"":0.0001,""window_stride"":5}",252,21,7,20,5,1516,47,2024-04-04,2024-04-05,2025-04-07,2025-04-07,2024-04-04,140.77264404296875,113.15044403076172,12,7,True,0.2140752524137497,7.6147157999221236,0.0012010999489575,19540,True,True,,,71.6602783203125,5135.19548894465,3.716109421877565
SPY,PatchTST,2025-04-07,497.3821716308594,2025-04-14,5,531.64013671875,556.2044677734375,34.257965087890625,58.822296142578125,1.0,1.0,True,1.1670465490547886,21.04828729803673,7.629062099964358,8103,expanding,original,PatchTST-HF-supervised-v1,5.15.0,cpu,"{""batch_size"":64,""context_length"":252,""d_model"":32,""dropout"":0.1,""ffn_dim"":64,""learning_rate"":0.001,""max_epochs"":30,""min_delta"":0.0001,""num_attention_heads"":4,""num_hidden_layers"":2,""patch_length"":21,""patch_stride"":7,""patience"":5,""prediction_length"":20,""seed"":2026,""validation_points"":252,""weight_decay"":0.0001,""window_stride"":5}",252,21,7,20,5,1516,47,2024-04-04,2024-04-05,2025-04-07,2025-04-07,2024-04-04,140.77264404296875,113.15044403076172,12,7,True,0.2140752524137497,7.6147157999221236,0.0012010999489575,19540,True,True,,,24.5643310546875,603.4063601642847,3.6714997213579394
SPY,PatchTST,2025-04-07,497.3821716308594,2025-05-06,20,551.0471801757812,561.3861083984375,53.66500854492188,64.00393676757812,1.0,1.0,True,1.1670465490547886,8.859053849248712,7.629062099964358,8103,expanding,original,PatchTST-HF-supervised-v1,5.15.0,cpu,"{""batch_size"":64,""context_length"":252,""d_model"":32,""dropout"":0.1,""ffn_dim"":64,""learning_rate"":0.001,""max_epochs"":30,""min_delta"":0.0001,""num_attention_heads"":4,""num_hidden_layers"":2,""patch_length"":21,""patch_stride"":7,""patience"":5,""prediction_length"":20,""seed"":2026,""validation_points"":252,""weight_decay"":0.0001,""window_stride"":5}",252,21,7,20,5,1516,47,2024-04-04,2024-04-05,2025-04-07,2025-04-07,2024-04-04,140.77264404296875,113.15044403076172,12,7,True,0.2140752524137497,7.6147157999221236,0.0012010999489575,19540,True,True,,,10.33892822265625,106.89343679323792,3.7172939793423914
SPY,PatchTST,2025-04-14,531.64013671875,2025-04-15,1,530.1511840820312,564.1203002929688,-1.48895263671875,32.48016357421875,-1.0,1.0,False,1.178322815227497,28.828361610208773,9.948991700075569,8108,expanding,original,PatchTST-HF-supervised-v1,5.15.0,cpu,"{""batch_size"":64,""context_length"":252,""d_model"":32,""dropout"":0.1,""ffn_dim"":64,""learning_rate"":0.001,""max_epochs"":30,""min_delta"":0.0001,""num_attention_heads"":4,""num_hidden_layers"":2,""patch_length"":21,""patch_stride"":7,""patience"":5,""prediction_length"":20,""seed"":2026,""validation_points"":252,""weight_decay"":0.0001,""window_stride"":5}",252,21,7,20,5,1517,47,2024-04-11,2024-04-12,2025-04-14,2025-04-14,2024-04-11,141.00387573242188,113.48501586914062,15,10,True,0.1887892037630081,9.934176599956118,0.0011989999329671,19540,True,True,,,33.9691162109375,1153.9008561521769,3.7283902312569768
SPY,PatchTST,2025-04-14,531.64013671875,2025-04-22,5,519.9348754882812,563.9932861328125,-11.70526123046875,32.3531494140625,-1.0,1.0,False,1.178322815227497,37.3907812656797,9.948991700075569,8108,expanding,original,PatchTST-HF-supervised-v1,5.15.0,cpu,"{""batch_size"":64,""context_length"":252,""d_model"":32,""dropout"":0.1,""ffn_dim"":64,""learning_rate"":0.001,""max_epochs"":30,""min_delta"":0.0001,""num_attention_heads"":4,""num_hidden_layers"":2,""patch_length"":21,""patch_stride"":7,""patience"":5,""prediction_length"":20,""seed"":2026,""validation_points"":252,""weight_decay"":0.0001,""window_stride"":5}",252,21,7,20,5,1517,47,2024-04-11,2024-04-12,2025-04-14,2025-04-14,2024-04-11,141.00387573242188,113.48501586914062,15,10,True,0.1887892037630081,9.934176599956118,0.0011989999329671,19540,True,True,,,44.05841064453125,1941.1435485221448,3.727271016009188
SPY,PatchTST,2025-04-14,531.64013671875,2025-05-13,20,578.6981201171875,565.5720825195312,47.0579833984375,33.93194580078125,1.0,1.0,True,1.178322815227497,11.139593860042527,9.948991700075569,8108,expanding,original,PatchTST-HF-supervised-v1,5.15.0,cpu,"{""batch_size"":64,""context_length"":252,""d_model"":32,""dropout"":0.1,""ffn_dim"":64,""learning_rate"":0.001,""max_epochs"":30,""min_delta"":0.0001,""num_attention_heads"":4,""num_hidden_layers"":2,""patch_length"":21,""patch_stride"":7,""patience"":5,""prediction_length"":20,""seed"":2026,""validation_points"":252,""weight_decay"":0.0001,""window_stride"":5}",252,21,7,20,5,1517,47,2024-04-11,2024-04-12,2025-04-14,2025-04-14,2024-04-11,141.00387573242188,113.48501586914062,15,10,True,0.1887892037630081,9.934176599956118,0.0011989999329671,19540,True,True,,,13.12603759765625,172.29286301508546,3.7411829529695644
SPY,PatchTST,2025-04-22,519.9348754882812,2025-04-23,1,527.9915161132812,575.6192016601562,8.056640625,55.684326171875,1.0,1.0,True,1.1824724519041163,40.27805085030175,13.420115799992343,8113,expanding,original,PatchTST-HF-supervised-v1,5.15.0,cpu,"{""batch_size"":64,""context_length"":252,""d_model"":32,""dropout"":0.1,""ffn_dim"":64,""learning_rate"":0.001,""max_epochs"":30,""min_delta"":0.0001,""num_attention_heads"":4,""num_hidden_layers"":2,""patch_length"":21,""patch_stride"":7,""patience"":5,""prediction_length"":20,""seed"":2026,""validation_points"":252,""weight_decay"":0.0001,""window_stride"":5}",252,21,7,20,5,1518,47,2024-04-18,2024-04-19,2025-04-22,2025-04-22,2024-04-18,141.22621154785156,113.7907257080078,21,16,True,0.1336773186922073,13.404472199967133,0.0013079999480396,19540,True,True,,,47.627685546875,2268.3964305520058,3.8174727106229813
SPY,PatchTST,2025-04-22,519.9348754882812,2025-04-29,5,546.6292724609375,574.9185791015625,26.69439697265625,54.98370361328125,1.0,1.0,True,1.1824724519041163,23.92386105492029,13.420115799992343,8113,expanding,original,PatchTST-HF-supervised-v1,5.15.0,cpu,"{""batch_size"":64,""context_length"":252,""d_model"":32,""dropout"":0.1,""ffn_dim"":64,""learning_rate"":0.001,""max_epochs"":30,""min_delta"":0.0001,""num_attention_heads"":4,""num_hidden_layers"":2,""patch_length"":21,""patch_stride"":7,""patience"":5,""prediction_length"":20,""seed"":2026,""validation_points"":252,""weight_decay"":0.0001,""window_stride"":5}",252,21,7,20,5,1518,47,2024-04-18,2024-04-19,2025-04-22,2025-04-22,2024-04-18,141.22621154785156,113.7907257080078,21,16,True,0.1336773186922073,13.404472199967133,0.0013079999480396,19540,True,True,,,28.289306640625,800.2848702073097,3.811315595847287
SPY,PatchTST,2025-04-22,519.9348754882812,2025-05-20,20,584.6246948242188,576.3632202148438,64.6898193359375,56.4283447265625,1.0,1.0,True,1.1824724519041163,6.986610636105458,13.420115799992343,8113,expanding,original,PatchTST-HF-supervised-v1,5.15.0,cpu,"{""batch_size"":64,""context_length"":252,""d_model"":32,""dropout"":0.1,""ffn_dim"":64,""learning_rate"":0.001,""max_epochs"":30,""min_delta"":0.0001,""num_attention_heads"":4,""num_hidden_layers"":2,""patch_length"":21,""patch_stride"":7,""patience"":5,""prediction_length"":20,""seed"":2026,""validation_points"":252,""weight_decay"":0.0001,""window_stride"":5}",252,21,7,20,5,1518,47,2024-04-18,2024-04-19,2025-04-22,2025-04-22,2024-04-18,141.22621154785156,113.7907257080078,21,16,True,0.1336773186922073,13.404472199967133,0.0013079999480396,19540,True,True,,,8.261474609375,68.25196272134781,3.824011192120996
SPY,PatchTST,2025-04-29,546.6292724609375,2025-04-30,1,546.8462524414062,567.1412353515625,0.21697998046875,20.511962890625,1.0,1.0,True,1.1850327617123135,17.126094371290637,5.206401400035247,8118,expanding,original,PatchTST-HF-supervised-v1,5.15.0,cpu,"{""batch_size"":64,""context_length"":252,""d_model"":32,""dropout"":0.1,""ffn_dim"":64,""learning_rate"":0.001,""max_epochs"":30,""min_delta"":0.0001,""num_attention_heads"":4,""num_hidden_layers"":2,""patch_length"":21,""patch_stride"":7,""patience"":5,""prediction_length"":20,""seed"":2026,""validation_points"":252,""weight_decay"":0.0001,""window_stride"":5}",252,21,7,20,5,1519,47,2024-04-25,2024-04-26,2025-04-29,2025-04-29,2024-04-25,141.4470977783203,114.09122467041016,8,3,True,0.1822740584611892,5.192635599989444,0.0011696999426931,19540,True,True,,,20.29498291015625,411.8863313235343,3.7311733553829316
SPY,PatchTST,2025-04-29,546.6292724609375,2025-05-06,5,551.0471801757812,575.1669311523438,4.41790771484375,28.53765869140625,1.0,1.0,True,1.1850327617123135,20.35365751551937,5.206401400035247,8118,expanding,original,PatchTST-HF-supervised-v1,5.15.0,cpu,"{""batch_size"":64,""context_length"":252,""d_model"":32,""dropout"":0.1,""ffn_dim"":64,""learning_rate"":0.001,""max_epochs"":30,""min_delta"":0.0001,""num_attention_heads"":4,""num_hidden_layers"":2,""patch_length"":21,""patch_stride"":7,""patience"":5,""prediction_length"":20,""seed"":2026,""validation_points"":252,""weight_decay"":0.0001,""window_stride"":5}",252,21,7,20,5,1519,47,2024-04-25,2024-04-26,2025-04-29,2025-04-29,2024-04-25,141.4470977783203,114.09122467041016,8,3,True,0.1822740584611892,5.192635599989444,0.0011696999426931,19540,True,True,,,24.1197509765625,581.7623871713877,3.8015179048780054
SPY,PatchTST,2025-04-29,546.6292724609375,2025-05-28,20,579.5758056640625,572.0101318359375,32.946533203125,25.380859375,1.0,1.0,True,1.1850327617123135,6.384358367605784,5.206401400035247,8118,expanding,original,PatchTST-HF-supervised-v1,5.15.0,cpu,"{""batch_size"":64,""context_length"":252,""d_model"":32,""dropout"":0.1,""ffn_dim"":64,""learning_rate"":0.001,""max_epochs"":30,""min_delta"":0.0001,""num_attention_heads"":4,""num_hidden_layers"":2,""patch_length"":21,""patch_stride"":7,""patience"":5,""prediction_length"":20,""seed"":2026,""validation_points"":252,""weight_decay"":0.0001,""window_stride"":5}",252,21,7,20,5,1519,47,2024-04-25,2024-04-26,2025-04-29,2025-04-29,2024-04-25,141.4470977783203,114.09122467041016,8,3,True,0.1822740584611892,5.192635599989444,0.0011696999426931,19540,True,True,,,7.565673828125,57.23942047357559,3.773848824056709
SPY,PatchTST,2025-05-06,551.0471801757812,2025-05-07,1,553.364501953125,574.5885009765625,2.31732177734375,23.54132080078125,1.0,1.0,True,1.186780079924042,17.883683238764768,7.019155399990268,8123,expanding,original,PatchTST-HF-supervised-v1,5.15.0,cpu,"{""batch_size"":64,""context_length"":252,""d_model"":32,""dropout"":0.1,""ffn_dim"":64,""learning_rate"":0.001,""max_epochs"":30,""min_delta"":0.0001,""num_attention_heads"":4,""num_hidden_layers"":2,""patch_length"":21,""patch_stride"":7,""patience"":5,""prediction_length"":20,""seed"":2026,""validation_points"":252,""weight_decay"":0.0001,""window_stride"":5}",252,21,7,20,5,1520,47,2024-05-02,2024-05-03,2025-05-06,2025-05-06,2024-05-02,141.66969299316406,114.39624786376952,11,6,True,0.1650101840496063,7.003892100066878,0.0015314000193029,19540,True,True,,,21.2239990234375,450.458134546876,3.7843794361065606
SPY,PatchTST,2025-05-06,551.0471801757812,2025-05-13,5,578.6981201171875,572.466552734375,27.65093994140625,21.41937255859375,1.0,1.0,True,1.186780079924042,5.250818991848382,7.019155399990268,8123,expanding,original,PatchTST-HF-supervised-v1,5.15.0,cpu,"{""batch_size"":64,""context_length"":252,""d_model"":32,""dropout"":0.1,""ffn_dim"":64,""learning_rate"":0.001,""max_epochs"":30,""min_delta"":0.0001,""num_attention_heads"":4,""num_hidden_layers"":2,""patch_length"":21,""patch_stride"":7,""patience"":5,""prediction_length"":20,""seed"":2026,""validation_points"":252,""weight_decay"":0.0001,""window_stride"":5}",252,21,7,20,5,1520,47,2024-05-02,2024-05-03,2025-05-06,2025-05-06,2024-05-02,141.66969299316406,114.39624786376952,11,6,True,0.1650101840496063,7.003892100066878,0.0015314000193029,19540,True,True,,,6.2315673828125,38.83243204653263,3.765830329105128
SPY,PatchTST,2025-05-06,551.0471801757812,2025-06-04,20,587.6619873046875,574.6266479492188,36.61480712890625,23.5794677734375,1.0,1.0,True,1.186780079924042,10.983786782386048,7.019155399990268,8123,expanding,original,PatchTST-HF-supervised-v1,5.15.0,cpu,"{""batch_size"":64,""context_length"":252,""d_model"":32,""dropout"":0.1,""ffn_dim"":64,""learning_rate"":0.001,""max_epochs"":30,""min_delta"":0.0001,""num_attention_heads"":4,""num_hidden_layers"":2,""patch_length"":21,""patch_stride"":7,""patience"":5,""prediction_length"":20,""seed"":2026,""validation_points"":252,""weight_decay"":0.0001,""window_stride"":5}",252,21,7,20,5,1520,47,2024-05-02,2024-05-03,2025-05-06,2025-05-06,2024-05-02,141.66969299316406,114.39624786376952,11,6,True,0.1650101840496063,7.003892100066878,0.0015314000193029,19540,True,True,,,13.03533935546875,169.92007211223245,3.7847128996018116
SPY,PatchTST,2025-05-13,578.6981201171875,2025-05-14,1,579.437744140625,560.541259765625,0.7396240234375,-18.1568603515625,1.0,-1.0,False,1.1896270352036544,15.884377049118656,5.070163400028832,8128,expanding,original,PatchTST-HF-supervised-v1,5.15.0,cpu,"{""batch_size"":64,""context_length"":252,""d_model"":32,""dropout"":0.1,""ffn_dim"":64,""learning_rate"":0.001,""max_epochs"":30,""min_delta"":0.0001,""num_attention_heads"":4,""num_hidden_layers"":2,""patch_length"":21,""patch_stride"":7,""patience"":5,""prediction_length"":20,""seed"":2026,""validation_points"":252,""weight_decay"":0.0001,""window_stride"":5}",252,21,7,20,5,1521,47,2024-05-09,2024-05-10,2025-05-13,2025-05-13,2024-05-09,141.89901733398438,114.72134399414062,8,3,True,0.1716996431350708,5.056077999994159,0.0012263000244274,19540,True,True,,,18.896484375,357.07712173461914,3.649209709860292
SPY,PatchTST,2025-05-13,578.6981201171875,2025-05-20,5,584.6246948242188,559.9095458984375,5.92657470703125,-18.78857421875,1.0,-1.0,False,1.1896270352036544,20.775544094414617,5.070163400028832,8128,expanding,original,PatchTST-HF-supervised-v1,5.15.0,cpu,"{""batch_size"":64,""context_length"":252,""d_model"":32,""dropout"":0.1,""ffn_dim"":64,""learning_rate"":0.001,""max_epochs"":30,""min_delta"":0.0001,""num_attention_heads"":4,""num_hidden_layers"":2,""patch_length"":21,""patch_stride"":7,""patience"":5,""prediction_length"":20,""seed"":2026,""validation_points"":252,""weight_decay"":0.0001,""window_stride"":5}",252,21,7,20,5,1521,47,2024-05-09,2024-05-10,2025-05-13,2025-05-13,2024-05-09,141.89901733398438,114.72134399414062,8,3,True,0.1716996431350708,5.056077999994159,0.0012263000244274,19540,True,True,,,24.71514892578125,610.8385864235461,3.6437032030046907
SPY,PatchTST,2025-05-13,578.6981201171875,2025-06-11,20,593.0166625976562,566.299560546875,14.31854248046875,-12.3985595703125,1.0,-1.0,False,1.1896270352036544,22.458385073778608,5.070163400028832,8128,expanding,original,PatchTST-HF-supervised-v1,5.15.0,cpu,"{""batch_size"":64,""context_length"":252,""d_model"":32,""dropout"":0.1,""ffn_dim"":64,""learning_rate"":0.001,""max_epochs"":30,""min_delta"":0.0001,""num_attention_heads"":4,""num_hidden_layers"":2,""patch_length"":21,""patch_stride"":7,""patience"":5,""prediction_length"":20,""seed"":2026,""validation_points"":252,""weight_decay"":0.0001,""window_stride"":5}",252,21,7,20,5,1521,47,2024-05-09,2024-05-10,2025-05-13,2025-05-13,2024-05-09,141.89901733398438,114.72134399414062,8,3,True,0.1716996431350708,5.056077999994159,0.0012263000244274,19540,True,True,,,26.71710205078125,713.8035419918597,3.6994035149602746
SPY,PatchTST,2025-05-20,584.6246948242188,2025-05-21,1,574.7733764648438,571.1298217773438,-9.851318359375,-13.494873046875,-1.0,-1.0,True,1.190109452765034,3.061529071157924,9.617907700012438,8133,expanding,original,PatchTST-HF-supervised-v1,5.15.0,cpu,"{""batch_size"":64,""context_length"":252,""d_model"":32,""dropout"":0.1,""ffn_dim"":64,""learning_rate"":0.001,""max_epochs"":30,""min_delta"":0.0001,""num_attention_heads"":4,""num_hidden_layers"":2,""patch_length"":21,""patch_stride"":7,""patience"":5,""prediction_length"":20,""seed"":2026,""validation_points"":252,""weight_decay"":0.0001,""window_stride"":5}",252,21,7,20,5,1522,47,2024-05-16,2024-05-17,2025-05-20,2025-05-20,2024-05-16,142.1331329345703,115.06080627441406,15,10,True,0.1700357943773269,9.60299629997462,0.0012833999935537,19540,True,True,,,3.6435546875,13.275490760803224,3.72843457936179
SPY,PatchTST,2025-05-20,584.6246948242188,2025-05-28,5,579.5758056640625,569.6422729492188,-5.04888916015625,-14.982421875,-1.0,-1.0,True,1.190109452765034,8.34673877412261,9.617907700012438,8133,expanding,original,PatchTST-HF-supervised-v1,5.15.0,cpu,"{""batch_size"":64,""context_length"":252,""d_model"":32,""dropout"":0.1,""ffn_dim"":64,""learning_rate"":0.001,""max_epochs"":30,""min_delta"":0.0001,""num_attention_heads"":4,""num_hidden_layers"":2,""patch_length"":21,""patch_stride"":7,""patience"":5,""prediction_length"":20,""seed"":2026,""validation_points"":252,""weight_decay"":0.0001,""window_stride"":5}",252,21,7,20,5,1522,47,2024-05-16,2024-05-17,2025-05-20,2025-05-20,2024-05-16,142.1331329345703,115.06080627441406,15,10,True,0.1700357943773269,9.60299629997462,0.0012833999935537,19540,True,True,,,9.93353271484375,98.67507219687104,3.7155062080397845
SPY,PatchTST,2025-05-20,584.6246948242188,2025-06-18,20,589.1510009765625,573.0416870117188,4.52630615234375,-11.5830078125,1.0,-1.0,False,1.190109452765034,13.535993624297554,9.617907700012438,8133,expanding,original,PatchTST-HF-supervised-v1,5.15.0,cpu,"{""batch_size"":64,""context_length"":252,""d_model"":32,""dropout"":0.1,""ffn_dim"":64,""learning_rate"":0.001,""max_epochs"":30,""min_delta"":0.0001,""num_attention_heads"":4,""num_hidden_layers"":2,""patch_length"":21,""patch_stride"":7,""patience"":5,""prediction_length"":20,""seed"":2026,""validation_points"":252,""weight_decay"":0.0001,""window_stride"":5}",252,21,7,20,5,1522,47,2024-05-16,2024-05-17,2025-05-20,2025-05-20,2024-05-16,142.1331329345703,115.06080627441406,15,10,True,0.1700357943773269,9.60299629997462,0.0012833999935537,19540,True,True,,,16.10931396484375,259.50999641790986,3.7450507086614175
SPY,PatchTST,2025-05-28,579.5758056640625,2025-05-29,1,581.8635864257812,584.4452514648438,2.28778076171875,4.86944580078125,1.0,1.0,True,1.19297267618,2.164060494100511,8.938222700031474,8138,expanding,original,PatchTST-HF-supervised-v1,5.15.0,cpu,"{""batch_size"":64,""context_length"":252,""d_model"":32,""dropout"":0.1,""ffn_dim"":64,""learning_rate"":0.001,""max_epochs"":30,""min_delta"":0.0001,""num_attention_heads"":4,""num_hidden_layers"":2,""patch_length"":21,""patch_stride"":7,""patience"":5,""prediction_length"":20,""seed"":2026,""validation_points"":252,""weight_decay"":0.0001,""window_stride"":5}",252,21,7,20,5,1523,47,2024-05-23,2024-05-24,2025-05-28,2025-05-28,2024-05-23,142.36981201171875,115.40750122070312,14,9,True,0.1304751932621002,8.922510299948044,0.0015138000017032,19540,True,True,,,2.5816650390625,6.66499437391758,3.8305607068617515
SPY,PatchTST,2025-05-28,579.5758056640625,2025-06-04,5,587.6619873046875,581.7391357421875,8.086181640625,2.163330078125,1.0,1.0,True,1.19297267618,4.964783922348896,8.938222700031474,8138,expanding,original,PatchTST-HF-supervised-v1,5.15.0,cpu,"{""batch_size"":64,""context_length"":252,""d_model"":32,""dropout"":0.1,""ffn_dim"":64,""learning_rate"":0.001,""max_epochs"":30,""min_delta"":0.0001,""num_attention_heads"":4,""num_hidden_layers"":2,""patch_length"":21,""patch_stride"":7,""patience"":5,""prediction_length"":20,""seed"":2026,""validation_points"":252,""weight_decay"":0.0001,""window_stride"":5}",252,21,7,20,5,1523,47,2024-05-23,2024-05-24,2025-05-28,2025-05-28,2024-05-23,142.36981201171875,115.40750122070312,14,9,True,0.1304751932621002,8.922510299948044,0.0015138000017032,19540,True,True,,,5.9228515625,35.08017063140869,3.8071123547699655
SPY,PatchTST,2025-05-28,579.5758056640625,2025-06-26,20,605.1646118164062,585.5601196289062,25.58880615234375,5.98431396484375,1.0,1.0,True,1.19297267618,16.433311993595066,8.938222700031474,8138,expanding,original,PatchTST-HF-supervised-v1,5.15.0,cpu,"{""batch_size"":64,""context_length"":252,""d_model"":32,""dropout"":0.1,""ffn_dim"":64,""learning_rate"":0.001,""max_epochs"":30,""min_delta"":0.0001,""num_attention_heads"":4,""num_hidden_layers"":2,""patch_length"":21,""patch_stride"":7,""patience"":5,""prediction_length"":20,""seed"":2026,""validation_points"":252,""weight_decay"":0.0001,""window_stride"":5}",252,21,7,20,5,1523,47,2024-05-23,2024-05-24,2025-05-28,2025-05-28,2024-05-23,142.36981201171875,115.40750122070312,14,9,True,0.1304751932621002,8.922510299948044,0.0015138000017032,19540,True,True,,,19.6044921875,384.3361139297485,3.8402209815602775
SPY,PatchTST,2025-06-04,587.6619873046875,2025-06-05,1,584.8219604492188,569.0277099609375,-2.84002685546875,-18.63427734375,-1.0,-1.0,True,1.193431839255378,13.23431298609882,7.705072299926542,8143,expanding,original,PatchTST-HF-supervised-v1,5.15.0,cpu,"{""batch_size"":64,""context_length"":252,""d_model"":32,""dropout"":0.1,""ffn_dim"":64,""learning_rate"":0.001,""max_epochs"":30,""min_delta"":0.0001,""num_attention_heads"":4,""num_hidden_layers"":2,""patch_length"":21,""patch_stride"":7,""patience"":5,""prediction_length"":20,""seed"":2026,""validation_points"":252,""weight_decay"":0.0001,""window_stride"":5}",252,21,7,20,5,1524,47,2024-05-31,2024-06-03,2025-06-04,2025-06-04,2024-05-31,142.60479736328125,115.74777221679688,12,7,True,0.1484265327453613,7.690463000093587,0.0011621000012382,19540,True,True,,,15.79425048828125,249.4583484865725,3.6840701503866646
SPY,PatchTST,2025-06-04,587.6619873046875,2025-06-11,5,593.0166625976562,572.8616333007812,5.35467529296875,-14.80035400390625,1.0,-1.0,False,1.193431839255378,16.88829527914254,7.705072299926542,8143,expanding,original,PatchTST-HF-supervised-v1,5.15.0,cpu,"{""batch_size"":64,""context_length"":252,""d_model"":32,""dropout"":0.1,""ffn_dim"":64,""learning_rate"":0.001,""max_epochs"":30,""min_delta"":0.0001,""num_attention_heads"":4,""num_hidden_layers"":2,""patch_length"":21,""patch_stride"":7,""patience"":5,""prediction_length"":20,""seed"":2026,""validation_points"":252,""weight_decay"":0.0001,""window_stride"":5}",252,21,7,20,5,1524,47,2024-05-31,2024-06-03,2025-06-04,2025-06-04,2024-05-31,142.60479736328125,115.74777221679688,12,7,True,0.1484265327453613,7.690463000093587,0.0011621000012382,19540,True,True,,,20.155029296875,406.2252059578896,3.717193235750785
SPY,PatchTST,2025-06-04,587.6619873046875,2025-07-03,20,618.4869995117188,579.4813232421875,30.82501220703125,-8.1806640625,1.0,-1.0,False,1.193431839255378,32.68362296573903,7.705072299926542,8143,expanding,original,PatchTST-HF-supervised-v1,5.15.0,cpu,"{""batch_size"":64,""context_length"":252,""d_model"":32,""dropout"":0.1,""ffn_dim"":64,""learning_rate"":0.001,""max_epochs"":30,""min_delta"":0.0001,""num_attention_heads"":4,""num_hidden_layers"":2,""patch_length"":21,""patch_stride"":7,""patience"":5,""prediction_length"":20,""seed"":2026,""validation_points"":252,""weight_decay"":0.0001,""window_stride"":5}",252,21,7,20,5,1524,47,2024-05-31,2024-06-03,2025-06-04,2025-06-04,2024-05-31,142.60479736328125,115.74777221679688,12,7,True,0.1484265327453613,7.690463000093587,0.0011621000012382,19540,True,True,,,39.00567626953125,1521.4427812434733,3.7743838824010507
SPY,PatchTST,2025-06-11,593.0166625976562,2025-06-12,1,595.3734741210938,584.92724609375,2.3568115234375,-8.08941650390625,1.0,-1.0,False,1.194470231512858,8.745490470794792,14.837826199945994,8148,expanding,original,PatchTST-HF-supervised-v1,5.15.0,cpu,"{""batch_size"":64,""context_length"":252,""d_model"":32,""dropout"":0.1,""ffn_dim"":64,""learning_rate"":0.001,""max_epochs"":30,""min_delta"":0.0001,""num_attention_heads"":4,""num_hidden_layers"":2,""patch_length"":21,""patch_stride"":7,""patience"":5,""prediction_length"":20,""seed"":2026,""validation_points"":252,""weight_decay"":0.0001,""window_stride"":5}",252,21,7,20,5,1525,47,2024-06-07,2024-06-10,2025-06-11,2025-06-11,2024-06-07,142.8424835205078,116.0957260131836,23,18,True,0.1183518394827842,14.82401129999198,0.0011933000059798,19540,True,True,,,10.44622802734375,109.1236799992621,3.807933140648433
SPY,PatchTST,2025-06-11,593.0166625976562,2025-06-18,5,589.1510009765625,586.3306274414062,-3.86566162109375,-6.68603515625,-1.0,-1.0,True,1.194470231512858,2.361191983482168,14.837826199945994,8148,expanding,original,PatchTST-HF-supervised-v1,5.15.0,cpu,"{""batch_size"":64,""context_length"":252,""d_model"":32,""dropout"":0.1,""ffn_dim"":64,""learning_rate"":0.001,""max_epochs"":30,""min_delta"":0.0001,""num_attention_heads"":4,""num_hidden_layers"":2,""patch_length"":21,""patch_stride"":7,""patience"":5,""prediction_length"":20,""seed"":2026,""validation_points"":252,""weight_decay"":0.0001,""window_stride"":5}",252,21,7,20,5,1525,47,2024-06-07,2024-06-10,2025-06-11,2025-06-11,2024-06-07,142.8424835205078,116.0957260131836,23,18,True,0.1183518394827842,14.82401129999198,0.0011933000059798,19540,True,True,,,2.82037353515625,7.954506877809763,3.8200212802884477
SPY,PatchTST,2025-06-11,593.0166625976562,2025-07-11,20,616.7858276367188,584.5586547851562,23.7691650390625,-8.4580078125,1.0,-1.0,False,1.194470231512858,26.98030641646475,14.837826199945994,8148,expanding,original,PatchTST-HF-supervised-v1,5.15.0,cpu,"{""batch_size"":64,""context_length"":252,""d_model"":32,""dropout"":0.1,""ffn_dim"":64,""learning_rate"":0.001,""max_epochs"":30,""min_delta"":0.0001,""num_attention_heads"":4,""num_hidden_layers"":2,""patch_length"":21,""patch_stride"":7,""patience"":5,""prediction_length"":20,""seed"":2026,""validation_points"":252,""weight_decay"":0.0001,""window_stride"":5}",252,21,7,20,5,1525,47,2024-06-07,2024-06-10,2025-06-11,2025-06-11,2024-06-07,142.8424835205078,116.0957260131836,23,18,True,0.1183518394827842,14.82401129999198,0.0011933000059798,19540,True,True,,,32.2271728515625,1038.590670004487,3.804758249364736
SPY,PatchTST,2025-06-18,589.1510009765625,2025-06-20,1,587.7673950195312,589.2401733398438,-1.38360595703125,0.08917236328125,-1.0,1.0,False,1.196164226625572,1.231250933216142,10.940074700047262,8153,expanding,original,PatchTST-HF-supervised-v1,5.15.0,cpu,"{""batch_size"":64,""context_length"":252,""d_model"":32,""dropout"":0.1,""ffn_dim"":64,""learning_rate"":0.001,""max_epochs"":30,""min_delta"":0.0001,""num_attention_heads"":4,""num_hidden_layers"":2,""patch_length"":21,""patch_stride"":7,""patience"":5,""prediction_length"":20,""seed"":2026,""validation_points"":252,""weight_decay"":0.0001,""window_stride"":5}",252,21,7,20,5,1526,47,2024-06-14,2024-06-17,2025-06-18,2025-06-18,2024-06-14,143.08473205566406,116.45760345458984,17,12,True,0.1000831052660942,10.92246640007943,0.0016310999635607,19540,True,True,,,1.4727783203125,2.169075980782509,3.8310546331837276
SPY,PatchTST,2025-06-18,589.1510009765625,2025-06-26,5,605.1646118164062,595.1825561523438,16.01361083984375,6.03155517578125,1.0,1.0,True,1.196164226625572,8.345054501606596,10.940074700047262,8153,expanding,original,PatchTST-HF-supervised-v1,5.15.0,cpu,"{""batch_size"":64,""context_length"":252,""d_model"":32,""dropout"":0.1,""ffn_dim"":64,""learning_rate"":0.001,""max_epochs"":30,""min_delta"":0.0001,""num_attention_heads"":4,""num_hidden_layers"":2,""patch_length"":21,""patch_stride"":7,""patience"":5,""prediction_length"":20,""seed"":2026,""validation_points"":252,""weight_decay"":0.0001,""window_stride"":5}",252,21,7,20,5,1526,47,2024-06-14,2024-06-17,2025-06-18,2025-06-18,2024-06-14,143.08473205566406,116.45760345458984,17,12,True,0.1000831052660942,10.92246640007943,0.0016310999635607,19540,True,True,,,9.9820556640625,99.64143528044224,3.8820807803499546
SPY,PatchTST,2025-06-18,589.1510009765625,2025-07-18,20,620.7024536132812,595.8280029296875,31.55145263671875,6.677001953125,1.0,1.0,True,1.196164226625572,20.79518023521368,10.940074700047262,8153,expanding,original,PatchTST-HF-supervised-v1,5.15.0,cpu,"{""batch_size"":64,""context_length"":252,""d_model"":32,""dropout"":0.1,""ffn_dim"":64,""learning_rate"":0.001,""max_epochs"":30,""min_delta"":0.0001,""num_attention_heads"":4,""num_hidden_layers"":2,""patch_length"":21,""patch_stride"":7,""patience"":5,""prediction_length"":20,""seed"":2026,""validation_points"":252,""weight_decay"":0.0001,""window_stride"":5}",252,21,7,20,5,1526,47,2024-06-14,2024-06-17,2025-06-18,2025-06-18,2024-06-14,143.08473205566406,116.45760345458984,17,12,True,0.1000831052660942,10.92246640007943,0.0016310999635607,19540,True,True,,,24.87445068359375,618.7382968105376,3.8876231129946017
SPY,PatchTST,2025-06-26,605.1646118164062,2025-06-27,1,608.1712646484375,584.8192138671875,3.00665283203125,-20.34539794921875,1.0,-1.0,False,1.1977334311886194,19.496868145423345,10.933900899952278,8158,expanding,original,PatchTST-HF-supervised-v1,5.15.0,cpu,"{""batch_size"":64,""context_length"":252,""d_model"":32,""dropout"":0.1,""ffn_dim"":64,""learning_rate"":0.001,""max_epochs"":30,""min_delta"":0.0001,""num_attention_heads"":4,""num_hidden_layers"":2,""patch_length"":21,""patch_stride"":7,""patience"":5,""prediction_length"":20,""seed"":2026,""validation_points"":252,""weight_decay"":0.0001,""window_stride"":5}",252,21,7,20,5,1527,47,2024-06-24,2024-06-25,2025-06-26,2025-06-26,2024-06-24,143.3308868408203,116.83128356933594,17,12,True,0.1087687462568283,10.916044399957173,0.0013690000632777,19540,True,True,,,23.35205078125,545.3182756900787,3.778853690025213
SPY,PatchTST,2025-06-26,605.1646118164062,2025-07-03,5,618.4869995117188,588.599853515625,13.3223876953125,-16.56475830078125,1.0,-1.0,False,1.1977334311886194,24.95308656988394,10.933900899952278,8158,expanding,original,PatchTST-HF-supervised-v1,5.15.0,cpu,"{""batch_size"":64,""context_length"":252,""d_model"":32,""dropout"":0.1,""ffn_dim"":64,""learning_rate"":0.001,""max_epochs"":30,""min_delta"":0.0001,""num_attention_heads"":4,""num_hidden_layers"":2,""patch_length"":21,""patch_stride"":7,""patience"":5,""prediction_length"":20,""seed"":2026,""validation_points"":252,""weight_decay"":0.0001,""window_stride"":5}",252,21,7,20,5,1527,47,2024-06-24,2024-06-25,2025-06-26,2025-06-26,2024-06-24,143.3308868408203,116.83128356933594,17,12,True,0.1087687462568283,10.916044399957173,0.0013690000632777,19540,True,True,,,29.88714599609375,893.2414957918227,3.8112135129504985
SPY,PatchTST,2025-06-26,605.1646118164062,2025-07-25,20,630.1181030273438,591.0933227539062,24.9534912109375,-14.0712890625,1.0,-1.0,False,1.1977334311886194,32.58219171081304,10.933900899952278,8158,expanding,original,PatchTST-HF-supervised-v1,5.15.0,cpu,"{""batch_size"":64,""context_length"":252,""d_model"":32,""dropout"":0.1,""ffn_dim"":64,""learning_rate"":0.001,""max_epochs"":30,""min_delta"":0.0001,""num_attention_heads"":4,""num_hidden_layers"":2,""patch_length"":21,""patch_stride"":7,""patience"":5,""prediction_length"":20,""seed"":2026,""validation_points"":252,""weight_decay"":0.0001,""window_stride"":5}",252,21,7,20,5,1527,47,2024-06-24,2024-06-25,2025-06-26,2025-06-26,2024-06-24,143.3308868408203,116.83128356933594,17,12,True,0.1087687462568283,10.916044399957173,0.0013690000632777,19540,True,True,,,39.0247802734375,1522.9334753900766,3.832555992140171
SPY,PatchTST,2025-07-03,618.4869995117188,2025-07-07,1,613.8780517578125,578.0186157226562,-4.60894775390625,-40.4683837890625,-1.0,-1.0,True,1.1986804233991293,29.91576014353243,7.109231000067666,8163,expanding,original,PatchTST-HF-supervised-v1,5.15.0,cpu,"{""batch_size"":64,""context_length"":252,""d_model"":32,""dropout"":0.1,""ffn_dim"":64,""learning_rate"":0.001,""max_epochs"":30,""min_delta"":0.0001,""num_attention_heads"":4,""num_hidden_layers"":2,""patch_length"":21,""patch_stride"":7,""patience"":5,""prediction_length"":20,""seed"":2026,""validation_points"":252,""weight_decay"":0.0001,""window_stride"":5}",252,21,7,20,5,1528,47,2024-07-01,2024-07-02,2025-07-03,2025-07-03,2024-07-01,143.5769500732422,117.2034683227539,11,6,True,0.1363613754510879,7.092920699971728,0.0012452999362722,19540,True,True,,,35.85943603515625,1285.8991527594626,3.7067304565855705
SPY,PatchTST,2025-07-03,618.4869995117188,2025-07-11,5,616.7858276367188,585.0050048828125,-1.701171875,-33.48199462890625,-1.0,-1.0,True,1.1986804233991293,26.513174098384408,7.109231000067666,8163,expanding,original,PatchTST-HF-supervised-v1,5.15.0,cpu,"{""batch_size"":64,""context_length"":252,""d_model"":32,""dropout"":0.1,""ffn_dim"":64,""learning_rate"":0.001,""max_epochs"":30,""min_delta"":0.0001,""num_attention_heads"":4,""num_hidden_layers"":2,""patch_length"":21,""patch_stride"":7,""patience"":5,""prediction_length"":20,""seed"":2026,""validation_points"":252,""weight_decay"":0.0001,""window_stride"":5}",252,21,7,20,5,1528,47,2024-07-01,2024-07-02,2025-07-03,2025-07-03,2024-07-01,143.5769500732422,117.2034683227539,11,6,True,0.1363613754510879,7.092920699971728,0.0012452999362722,19540,True,True,,,31.78082275390625,1010.0206949152052,3.7663395215743063
SPY,PatchTST,2025-07-03,618.4869995117188,2025-08-01,20,614.9066162109375,579.3824462890625,-3.58038330078125,-39.10455322265625,-1.0,-1.0,True,1.1986804233991293,29.63606414888981,7.109231000067666,8163,expanding,original,PatchTST-HF-supervised-v1,5.15.0,cpu,"{""batch_size"":64,""context_length"":252,""d_model"":32,""dropout"":0.1,""ffn_dim"":64,""learning_rate"":0.001,""max_epochs"":30,""min_delta"":0.0001,""num_attention_heads"":4,""num_hidden_layers"":2,""patch_length"":21,""patch_stride"":7,""patience"":5,""prediction_length"":20,""seed"":2026,""validation_points"":252,""weight_decay"":0.0001,""window_stride"":5}",252,21,7,20,5,1528,47,2024-07-01,2024-07-02,2025-07-03,2025-07-03,2024-07-01,143.5769500732422,117.2034683227539,11,6,True,0.1363613754510879,7.092920699971728,0.0012452999362722,19540,True,True,,,35.524169921875,1261.9666486382484,3.7183668918030897
SPY,PatchTST,2025-07-11,616.7858276367188,2025-07-14,1,617.9628295898438,576.9105224609375,1.177001953125,-39.87530517578125,1.0,-1.0,False,1.1994821392688495,34.22502577147993,5.246711799991317,8168,expanding,original,PatchTST-HF-supervised-v1,5.15.0,cpu,"{""batch_size"":64,""context_length"":252,""d_model"":32,""dropout"":0.1,""ffn_dim"":64,""learning_rate"":0.001,""max_epochs"":30,""min_delta"":0.0001,""num_attention_heads"":4,""num_hidden_layers"":2,""patch_length"":21,""patch_stride"":7,""patience"":5,""prediction_length"":20,""seed"":2026,""validation_points"":252,""weight_decay"":0.0001,""window_stride"":5}",252,21,7,20,5,1529,47,2024-07-09,2024-07-10,2025-07-11,2025-07-11,2024-07-09,143.82762145996094,117.58998107910156,8,3,True,0.1289239525794983,5.230790000059642,0.0012522999895736,19540,True,True,,,41.05230712890625,1685.291920606047,3.682991501713451
SPY,PatchTST,2025-07-11,616.7858276367188,2025-07-18,5,620.7024536132812,581.5677490234375,3.9166259765625,-35.21807861328125,1.0,-1.0,False,1.1994821392688495,32.62633373907386,5.246711799991317,8168,expanding,original,PatchTST-HF-supervised-v1,5.15.0,cpu,"{""batch_size"":64,""context_length"":252,""d_model"":32,""dropout"":0.1,""ffn_dim"":64,""learning_rate"":0.001,""max_epochs"":30,""min_delta"":0.0001,""num_attention_heads"":4,""num_hidden_layers"":2,""patch_length"":21,""patch_stride"":7,""patience"":5,""prediction_length"":20,""seed"":2026,""validation_points"":252,""weight_decay"":0.0001,""window_stride"":5}",252,21,7,20,5,1529,47,2024-07-09,2024-07-10,2025-07-11,2025-07-11,2024-07-09,143.82762145996094,117.58998107910156,8,3,True,0.1289239525794983,5.230790000059642,0.0012522999895736,19540,True,True,,,39.13470458984375,1531.5251033343377,3.722597142600213
SPY,PatchTST,2025-07-11,616.7858276367188,2025-08-08,20,630.1972045898438,575.713623046875,13.411376953125,-41.07220458984375,1.0,-1.0,False,1.1994821392688495,45.42258676413431,5.246711799991317,8168,expanding,original,PatchTST-HF-supervised-v1,5.15.0,cpu,"{""batch_size"":64,""context_length"":252,""d_model"":32,""dropout"":0.1,""ffn_dim"":64,""learning_rate"":0.001,""max_epochs"":30,""min_delta"":0.0001,""num_attention_heads"":4,""num_hidden_layers"":2,""patch_length"":21,""patch_stride"":7,""patience"":5,""prediction_length"":20,""seed"":2026,""validation_points"":252,""weight_decay"":0.0001,""window_stride"":5}",252,21,7,20,5,1529,47,2024-07-09,2024-07-10,2025-07-11,2025-07-11,2024-07-09,143.82762145996094,117.58998107910156,8,3,True,0.1289239525794983,5.230790000059642,0.0012522999895736,19540,True,True,,,54.48358154296875,2968.460657749325,3.672812918444037
SPY,PatchTST,2025-07-18,620.7024536132812,2025-07-21,1,621.87939453125,597.65576171875,1.17694091796875,-23.04669189453125,1.0,-1.0,False,1.1999851372448531,20.186610700960077,8.507775200065225,8173,expanding,original,PatchTST-HF-supervised-v1,5.15.0,cpu,"{""batch_size"":64,""context_length"":252,""d_model"":32,""dropout"":0.1,""ffn_dim"":64,""learning_rate"":0.001,""max_epochs"":30,""min_delta"":0.0001,""num_attention_heads"":4,""num_hidden_layers"":2,""patch_length"":21,""patch_stride"":7,""patience"":5,""prediction_length"":20,""seed"":2026,""validation_points"":252,""weight_decay"":0.0001,""window_stride"":5}",252,21,7,20,5,1530,47,2024-07-16,2024-07-17,2025-07-18,2025-07-18,2024-07-16,144.08267211914062,117.99009704589844,13,8,True,0.0867109969258308,8.492838100064546,0.0014635999687016,19540,True,True,,,24.2236328125,586.7843866348267,3.844162357313498
SPY,PatchTST,2025-07-18,620.7024536132812,2025-07-25,5,630.1181030273438,596.8560180664062,9.4156494140625,-23.846435546875,1.0,-1.0,False,1.1999851372448531,27.71874744824483,8.507775200065225,8173,expanding,original,PatchTST-HF-supervised-v1,5.15.0,cpu,"{""batch_size"":64,""context_length"":252,""d_model"":32,""dropout"":0.1,""ffn_dim"":64,""learning_rate"":0.001,""max_epochs"":30,""min_delta"":0.0001,""num_attention_heads"":4,""num_hidden_layers"":2,""patch_length"":21,""patch_stride"":7,""patience"":5,""prediction_length"":20,""seed"":2026,""validation_points"":252,""weight_decay"":0.0001,""window_stride"":5}",252,21,7,20,5,1530,47,2024-07-16,2024-07-17,2025-07-18,2025-07-18,2024-07-16,144.08267211914062,117.99009704589844,13,8,True,0.0867109969258308,8.492838100064546,0.0014635999687016,19540,True,True,,,33.2620849609375,1106.3662959486246,3.837384299897098
SPY,PatchTST,2025-07-18,620.7024536132812,2025-08-15,20,636.388671875,602.0404052734375,15.68621826171875,-18.66204833984375,1.0,-1.0,False,1.1999851372448531,28.62391002644047,8.507775200065225,8173,expanding,original,PatchTST-HF-supervised-v1,5.15.0,cpu,"{""batch_size"":64,""context_length"":252,""d_model"":32,""dropout"":0.1,""ffn_dim"":64,""learning_rate"":0.001,""max_epochs"":30,""min_delta"":0.0001,""num_attention_heads"":4,""num_hidden_layers"":2,""patch_length"":21,""patch_stride"":7,""patience"":5,""prediction_length"":20,""seed"":2026,""validation_points"":252,""weight_decay"":0.0001,""window_stride"":5}",252,21,7,20,5,1530,47,2024-07-16,2024-07-17,2025-07-18,2025-07-18,2024-07-16,144.08267211914062,117.99009704589844,13,8,True,0.0867109969258308,8.492838100064546,0.0014635999687016,19540,True,True,,,34.3482666015625,1179.803418532014,3.881323472224539
SPY,PatchTST,2025-07-25,630.1181030273438,2025-07-28,1,629.9598388671875,591.5416259765625,-0.15826416015625,-38.57647705078125,-1.0,-1.0,True,1.200402860581999,32.004432971776204,9.777856100001372,8178,expanding,original,PatchTST-HF-supervised-v1,5.15.0,cpu,"{""batch_size"":64,""context_length"":252,""d_model"":32,""dropout"":0.1,""ffn_dim"":64,""learning_rate"":0.001,""max_epochs"":30,""min_delta"":0.0001,""num_attention_heads"":4,""num_hidden_layers"":2,""patch_length"":21,""patch_stride"":7,""patience"":5,""prediction_length"":20,""seed"":2026,""validation_points"":252,""weight_decay"":0.0001,""window_stride"":5}",252,21,7,20,5,1531,47,2024-07-23,2024-07-24,2025-07-25,2025-07-25,2024-07-23,144.3328094482422,118.37232971191406,15,10,True,0.0987901166081428,9.763747700024396,0.0011860000668093,19540,True,True,,,38.418212890625,1475.959081709385,3.777984412545605
SPY,PatchTST,2025-07-25,630.1181030273438,2025-08-01,5,614.9066162109375,589.7803955078125,-15.21148681640625,-40.33770751953125,-1.0,-1.0,True,1.200402860581999,20.931490192336675,9.777856100001372,8178,expanding,original,PatchTST-HF-supervised-v1,5.15.0,cpu,"{""batch_size"":64,""context_length"":252,""d_model"":32,""dropout"":0.1,""ffn_dim"":64,""learning_rate"":0.001,""max_epochs"":30,""min_delta"":0.0001,""num_attention_heads"":4,""num_hidden_layers"":2,""patch_length"":21,""patch_stride"":7,""patience"":5,""prediction_length"":20,""seed"":2026,""validation_points"":252,""weight_decay"":0.0001,""window_stride"":5}",252,21,7,20,5,1531,47,2024-07-23,2024-07-24,2025-07-25,2025-07-25,2024-07-23,144.3328094482422,118.37232971191406,15,10,True,0.0987901166081428,9.763747700024396,0.0011860000668093,19540,True,True,,,25.126220703125,631.3269668221474,3.763105678021782
SPY,PatchTST,2025-07-25,630.1181030273438,2025-08-22,20,638.2381591796875,598.3832397460938,8.12005615234375,-31.73486328125,1.0,-1.0,False,1.200402860581999,33.201286619952434,9.777856100001372,8178,expanding,original,PatchTST-HF-supervised-v1,5.15.0,cpu,"{""batch_size"":64,""context_length"":252,""d_model"":32,""dropout"":0.1,""ffn_dim"":64,""learning_rate"":0.001,""max_epochs"":30,""min_delta"":0.0001,""num_attention_heads"":4,""num_hidden_layers"":2,""patch_length"":21,""patch_stride"":7,""patience"":5,""prediction_length"":20,""seed"":2026,""validation_points"":252,""weight_decay"":0.0001,""window_stride"":5}",252,21,7,20,5,1531,47,2024-07-23,2024-07-24,2025-07-25,2025-07-25,2024-07-23,144.3328094482422,118.37232971191406,15,10,True,0.0987901166081428,9.763747700024396,0.0011860000668093,19540,True,True,,,39.85491943359375,1588.4146030582488,3.835781819981801
SPY,PatchTST,2025-08-01,614.9066162109375,2025-08-04,1,624.2530517578125,592.048583984375,9.346435546875,-22.8580322265625,1.0,-1.0,False,1.2015284377652666,26.80291765156626,6.927061900030822,8183,expanding,original,PatchTST-HF-supervised-v1,5.15.0,cpu,"{""batch_size"":64,""context_length"":252,""d_model"":32,""dropout"":0.1,""ffn_dim"":64,""learning_rate"":0.001,""max_epochs"":30,""min_delta"":0.0001,""num_attention_heads"":4,""num_hidden_layers"":2,""patch_length"":21,""patch_stride"":7,""patience"":5,""prediction_length"":20,""seed"":2026,""validation_points"":252,""weight_decay"":0.0001,""window_stride"":5}",252,21,7,20,5,1532,47,2024-07-30,2024-07-31,2025-08-01,2025-08-01,2024-07-30,144.57571411132812,118.72956848144533,10,5,True,0.0932309255003929,6.912856700015254,0.0011922999983653,19540,True,True,,,32.2044677734375,1037.1277445703745,3.7688410359461257
SPY,PatchTST,2025-08-01,614.9066162109375,2025-08-08,5,630.1972045898438,597.978271484375,15.29058837890625,-16.9283447265625,1.0,-1.0,False,1.2015284377652666,26.81495676073471,6.927061900030822,8183,expanding,original,PatchTST-HF-supervised-v1,5.15.0,cpu,"{""batch_size"":64,""context_length"":252,""d_model"":32,""dropout"":0.1,""ffn_dim"":64,""learning_rate"":0.001,""max_epochs"":30,""min_delta"":0.0001,""num_attention_heads"":4,""num_hidden_layers"":2,""patch_length"":21,""patch_stride"":7,""patience"":5,""prediction_length"":20,""seed"":2026,""validation_points"":252,""weight_decay"":0.0001,""window_stride"":5}",252,21,7,20,5,1532,47,2024-07-30,2024-07-31,2025-08-01,2025-08-01,2024-07-30,144.57571411132812,118.72956848144533,10,5,True,0.0932309255003929,6.912856700015254,0.0011922999983653,19540,True,True,,,32.21893310546875,1038.0596504546702,3.818783839376146
SPY,PatchTST,2025-08-01,614.9066162109375,2025-08-29,20,637.98095703125,604.0853271484375,23.0743408203125,-10.8212890625,1.0,-1.0,False,1.2015284377652666,28.210426667766,6.927061900030822,8183,expanding,original,PatchTST-HF-supervised-v1,5.15.0,cpu,"{""batch_size"":64,""context_length"":252,""d_model"":32,""dropout"":0.1,""ffn_dim"":64,""learning_rate"":0.001,""max_epochs"":30,""min_delta"":0.0001,""num_attention_heads"":4,""num_hidden_layers"":2,""patch_length"":21,""patch_stride"":7,""patience"":5,""prediction_length"":20,""seed"":2026,""validation_points"":252,""weight_decay"":0.0001,""window_stride"":5}",252,21,7,20,5,1532,47,2024-07-30,2024-07-31,2025-08-01,2025-08-01,2024-07-30,144.57571411132812,118.72956848144533,10,5,True,0.0932309255003929,6.912856700015254,0.0011922999983653,19540,True,True,,,33.8956298828125,1148.9137251526115,3.8702205264809
SPY,PatchTST,2025-08-08,630.1972045898438,2025-08-11,1,628.9510498046875,597.2984619140625,-1.24615478515625,-32.89874267578125,-1.0,-1.0,True,1.2035635229110484,26.299058826631075,11.838021300034598,8188,expanding,original,PatchTST-HF-supervised-v1,5.15.0,cpu,"{""batch_size"":64,""context_length"":252,""d_model"":32,""dropout"":0.1,""ffn_dim"":64,""learning_rate"":0.001,""max_epochs"":30,""min_delta"":0.0001,""num_attention_heads"":4,""num_hidden_layers"":2,""patch_length"":21,""patch_stride"":7,""patience"":5,""prediction_length"":20,""seed"":2026,""validation_points"":252,""weight_decay"":0.0001,""window_stride"":5}",252,21,7,20,5,1533,47,2024-08-06,2024-08-07,2025-08-08,2025-08-08,2024-08-06,144.81283569335938,119.06764221191406,18,13,True,0.0850131586194038,11.820908699999563,0.0014875000342726,19540,True,True,,,31.652587890625,1001.8863201737404,3.8002400804693757
SPY,PatchTST,2025-08-08,630.1972045898438,2025-08-15,5,636.388671875,601.0526123046875,6.19146728515625,-29.14459228515625,1.0,-1.0,False,1.2035635229110484,29.35953017655893,11.838021300034598,8188,expanding,original,PatchTST-HF-supervised-v1,5.15.0,cpu,"{""batch_size"":64,""context_length"":252,""d_model"":32,""dropout"":0.1,""ffn_dim"":64,""learning_rate"":0.001,""max_epochs"":30,""min_delta"":0.0001,""num_attention_heads"":4,""num_hidden_layers"":2,""patch_length"":21,""patch_stride"":7,""patience"":5,""prediction_length"":20,""seed"":2026,""validation_points"":252,""weight_decay"":0.0001,""window_stride"":5}",252,21,7,20,5,1533,47,2024-08-06,2024-08-07,2025-08-08,2025-08-08,2024-08-06,144.81283569335938,119.06764221191406,18,13,True,0.0850131586194038,11.820908699999563,0.0014875000342726,19540,True,True,,,35.3360595703125,1248.6371059566736,3.831769640649491
SPY,PatchTST,2025-08-08,630.1972045898438,2025-09-08,20,641.7196044921875,604.5213012695312,11.52239990234375,-25.6759033203125,1.0,-1.0,False,1.2035635229110484,30.90680509549263,11.838021300034598,8188,expanding,original,PatchTST-HF-supervised-v1,5.15.0,cpu,"{""batch_size"":64,""context_length"":252,""d_model"":32,""dropout"":0.1,""ffn_dim"":64,""learning_rate"":0.001,""max_epochs"":30,""min_delta"":0.0001,""num_attention_heads"":4,""num_hidden_layers"":2,""patch_length"":21,""patch_stride"":7,""patience"":5,""prediction_length"":20,""seed"":2026,""validation_points"":252,""weight_decay"":0.0001,""window_stride"":5}",252,21,7,20,5,1533,47,2024-08-06,2024-08-07,2025-08-08,2025-08-08,2024-08-06,144.81283569335938,119.06764221191406,18,13,True,0.0850131586194038,11.820908699999563,0.0014875000342726,19540,True,True,,,37.19830322265625,1383.7137626446784,3.860901728094964
SPY,PatchTST,2025-08-15,636.388671875,2025-08-18,1,636.2501220703125,606.5537109375,-0.1385498046875,-29.8349609375,-1.0,-1.0,True,1.2042535590007903,24.6596000575266,12.324065999942832,8193,expanding,original,PatchTST-HF-supervised-v1,5.15.0,cpu,"{""batch_size"":64,""context_length"":252,""d_model"":32,""dropout"":0.1,""ffn_dim"":64,""learning_rate"":0.001,""max_epochs"":30,""min_delta"":0.0001,""num_attention_heads"":4,""num_hidden_layers"":2,""patch_length"":21,""patch_stride"":7,""patience"":5,""prediction_length"":20,""seed"":2026,""validation_points"":252,""weight_decay"":0.0001,""window_stride"":5}",252,21,7,20,5,1534,47,2024-08-13,2024-08-14,2025-08-15,2025-08-15,2024-08-13,145.048583984375,119.40026092529295,19,14,True,0.0805993899703025,12.306992399971932,0.0014067000010982,19540,True,True,,,29.6964111328125,881.8768341690302,3.8651936216611973
SPY,PatchTST,2025-08-15,636.388671875,2025-08-22,5,638.2381591796875,605.0916748046875,1.8494873046875,-31.2969970703125,1.0,-1.0,False,1.2042535590007903,27.524506053777205,12.324065999942832,8193,expanding,original,PatchTST-HF-supervised-v1,5.15.0,cpu,"{""batch_size"":64,""context_length"":252,""d_model"":32,""dropout"":0.1,""ffn_dim"":64,""learning_rate"":0.001,""max_epochs"":30,""min_delta"":0.0001,""num_attention_heads"":4,""num_hidden_layers"":2,""patch_length"":21,""patch_stride"":7,""patience"":5,""prediction_length"":20,""seed"":2026,""validation_points"":252,""weight_decay"":0.0001,""window_stride"":5}",252,21,7,20,5,1534,47,2024-08-13,2024-08-14,2025-08-15,2025-08-15,2024-08-13,145.048583984375,119.40026092529295,19,14,True,0.0805993899703025,12.306992399971932,0.0014067000010982,19540,True,True,,,33.146484375,1098.6894264221191,3.852948789686104
SPY,PatchTST,2025-08-15,636.388671875,2025-09-15,20,653.6671752929688,612.8917236328125,17.27850341796875,-23.4969482421875,1.0,-1.0,False,1.2042535590007903,33.859523482736485,12.324065999942832,8193,expanding,original,PatchTST-HF-supervised-v1,5.15.0,cpu,"{""batch_size"":64,""context_length"":252,""d_model"":32,""dropout"":0.1,""ffn_dim"":64,""learning_rate"":0.001,""max_epochs"":30,""min_delta"":0.0001,""num_attention_heads"":4,""num_hidden_layers"":2,""patch_length"":21,""patch_stride"":7,""patience"":5,""prediction_length"":20,""seed"":2026,""validation_points"":252,""weight_decay"":0.0001,""window_stride"":5}",252,21,7,20,5,1534,47,2024-08-13,2024-08-14,2025-08-15,2025-08-15,2024-08-13,145.048583984375,119.40026092529295,19,14,True,0.0805993899703025,12.306992399971932,0.0014067000010982,19540,True,True,,,40.77545166015625,1662.637458089739,3.9182756890385715
SPY,PatchTST,2025-08-22,638.2381591796875,2025-08-25,1,635.4292602539062,593.3588256835938,-2.80889892578125,-44.87933349609375,-1.0,-1.0,True,1.2056486151400787,34.89444108507895,5.9137940999353305,8198,expanding,original,PatchTST-HF-supervised-v1,5.15.0,cpu,"{""batch_size"":64,""context_length"":252,""d_model"":32,""dropout"":0.1,""ffn_dim"":64,""learning_rate"":0.001,""max_epochs"":30,""min_delta"":0.0001,""num_attention_heads"":4,""num_hidden_layers"":2,""patch_length"":21,""patch_stride"":7,""patience"":5,""prediction_length"":20,""seed"":2026,""validation_points"":252,""weight_decay"":0.0001,""window_stride"":5}",252,21,7,20,5,1535,47,2024-08-20,2024-08-21,2025-08-22,2025-08-22,2024-08-20,145.2977752685547,119.77520751953124,9,4,True,0.0969581604003906,5.899066700018011,0.0015540999593213,19540,True,True,,,42.0704345703125,1769.921464934945,3.740849710838327
SPY,PatchTST,2025-08-22,638.2381591796875,2025-08-29,5,637.98095703125,589.8731689453125,-0.2572021484375,-48.364990234375,-1.0,-1.0,True,1.2056486151400787,39.901997548720345,5.9137940999353305,8198,expanding,original,PatchTST-HF-supervised-v1,5.15.0,cpu,"{""batch_size"":64,""context_length"":252,""d_model"":32,""dropout"":0.1,""ffn_dim"":64,""learning_rate"":0.001,""max_epochs"":30,""min_delta"":0.0001,""num_attention_heads"":4,""num_hidden_layers"":2,""patch_length"":21,""patch_stride"":7,""patience"":5,""prediction_length"":20,""seed"":2026,""validation_points"":252,""weight_decay"":0.0001,""window_stride"":5}",252,21,7,20,5,1535,47,2024-08-20,2024-08-21,2025-08-22,2025-08-22,2024-08-20,145.2977752685547,119.77520751953124,9,4,True,0.0969581604003906,5.899066700018011,0.0015540999593213,19540,True,True,,,48.1077880859375,2314.35927452147,3.711748056076319
SPY,PatchTST,2025-08-22,638.2381591796875,2025-09-22,20,661.3606567382812,594.5787353515625,23.12249755859375,-43.659423828125,1.0,-1.0,False,1.2056486151400787,55.39086641671269,5.9137940999353305,8198,expanding,original,PatchTST-HF-supervised-v1,5.15.0,cpu,"{""batch_size"":64,""context_length"":252,""d_model"":32,""dropout"":0.1,""ffn_dim"":64,""learning_rate"":0.001,""max_epochs"":30,""min_delta"":0.0001,""num_attention_heads"":4,""num_hidden_layers"":2,""patch_length"":21,""patch_stride"":7,""patience"":5,""prediction_length"":20,""seed"":2026,""validation_points"":252,""weight_decay"":0.0001,""window_stride"":5}",252,21,7,20,5,1535,47,2024-08-20,2024-08-21,2025-08-22,2025-08-22,2024-08-20,145.2977752685547,119.77520751953124,9,4,True,0.0969581604003906,5.899066700018011,0.0015540999593213,19540,True,True,,,66.78192138671875,4459.825024101883,3.7510347039870124
SPY,PatchTST,2025-08-29,637.98095703125,2025-09-02,1,633.25341796875,613.3082275390625,-4.7275390625,-24.6727294921875,-1.0,-1.0,True,1.2065005568695255,16.53143905829496,8.376731300028041,8203,expanding,original,PatchTST-HF-supervised-v1,5.15.0,cpu,"{""batch_size"":64,""context_length"":252,""d_model"":32,""dropout"":0.1,""ffn_dim"":64,""learning_rate"":0.001,""max_epochs"":30,""min_delta"":0.0001,""num_attention_heads"":4,""num_hidden_layers"":2,""patch_length"":21,""patch_stride"":7,""patience"":5,""prediction_length"":20,""seed"":2026,""validation_points"":252,""weight_decay"":0.0001,""window_stride"":5}",252,21,7,20,5,1536,47,2024-08-27,2024-08-28,2025-08-29,2025-08-29,2024-08-27,145.55059814453125,120.1609115600586,13,8,True,0.0763717070221901,8.3614654999692,0.0011716999579221,19540,True,True,,,19.9451904296875,397.8106212764978,3.892760327144635
SPY,PatchTST,2025-08-29,637.98095703125,2025-09-08,5,641.7196044921875,615.1785888671875,3.7386474609375,-22.8023681640625,1.0,-1.0,False,1.2065005568695255,21.998345109649392,8.376731300028041,8203,expanding,original,PatchTST-HF-supervised-v1,5.15.0,cpu,"{""batch_size"":64,""context_length"":252,""d_model"":32,""dropout"":0.1,""ffn_dim"":64,""learning_rate"":0.001,""max_epochs"":30,""min_delta"":0.0001,""num_attention_heads"":4,""num_hidden_layers"":2,""patch_length"":21,""patch_stride"":7,""patience"":5,""prediction_length"":20,""seed"":2026,""validation_points"":252,""weight_decay"":0.0001,""window_stride"":5}",252,21,7,20,5,1536,47,2024-08-27,2024-08-28,2025-08-29,2025-08-29,2024-08-27,145.55059814453125,120.1609115600586,13,8,True,0.0763717070221901,8.3614654999692,0.0011716999579221,19540,True,True,,,26.541015625,704.4255104064941,3.9083257993422236
SPY,PatchTST,2025-08-29,637.98095703125,2025-09-29,20,658.2266845703125,618.7254638671875,20.2457275390625,-19.2554931640625,1.0,-1.0,False,1.2065005568695255,32.74032529716998,8.376731300028041,8203,expanding,original,PatchTST-HF-supervised-v1,5.15.0,cpu,"{""batch_size"":64,""context_length"":252,""d_model"":32,""dropout"":0.1,""ffn_dim"":64,""learning_rate"":0.001,""max_epochs"":30,""min_delta"":0.0001,""num_attention_heads"":4,""num_hidden_layers"":2,""patch_length"":21,""patch_stride"":7,""patience"":5,""prediction_length"":20,""seed"":2026,""validation_points"":252,""weight_decay"":0.0001,""window_stride"":5}",252,21,7,20,5,1536,47,2024-08-27,2024-08-28,2025-08-29,2025-08-29,2024-08-27,145.55059814453125,120.1609115600586,13,8,True,0.0763717070221901,8.3614654999692,0.0011716999579221,19540,True,True,,,39.501220703125,1560.3464370369911,3.937843509835184
SPY,PatchTST,2025-09-08,641.7196044921875,2025-09-09,1,643.203125,615.1241455078125,1.4835205078125,-26.595458984375,1.0,-1.0,False,1.2078262808785685,23.247531484215557,13.872422100044789,8208,expanding,original,PatchTST-HF-supervised-v1,5.15.0,cpu,"{""batch_size"":64,""context_length"":252,""d_model"":32,""dropout"":0.1,""ffn_dim"":64,""learning_rate"":0.001,""max_epochs"":30,""min_delta"":0.0001,""num_attention_heads"":4,""num_hidden_layers"":2,""patch_length"":21,""patch_stride"":7,""patience"":5,""prediction_length"":20,""seed"":2026,""validation_points"":252,""weight_decay"":0.0001,""window_stride"":5}",252,21,7,20,5,1537,47,2024-09-04,2024-09-05,2025-09-08,2025-09-08,2024-09-04,145.80087280273438,120.53711700439452,21,16,True,0.0753027871251106,13.855666699935682,0.0011755001032724,19540,True,True,,,28.0789794921875,788.4290893226862,3.893599617850223
SPY,PatchTST,2025-09-08,641.7196044921875,2025-09-15,5,653.6671752929688,617.5127563476562,11.94757080078125,-24.20684814453125,1.0,-1.0,False,1.2078262808785685,29.933459403627072,13.872422100044789,8208,expanding,original,PatchTST-HF-supervised-v1,5.15.0,cpu,"{""batch_size"":64,""context_length"":252,""d_model"":32,""dropout"":0.1,""ffn_dim"":64,""learning_rate"":0.001,""max_epochs"":30,""min_delta"":0.0001,""num_attention_heads"":4,""num_hidden_layers"":2,""patch_length"":21,""patch_stride"":7,""patience"":5,""prediction_length"":20,""seed"":2026,""validation_points"":252,""weight_decay"":0.0001,""window_stride"":5}",252,21,7,20,5,1537,47,2024-09-04,2024-09-05,2025-09-08,2025-09-08,2024-09-04,145.80087280273438,120.53711700439452,21,16,True,0.0753027871251106,13.855666699935682,0.0011755001032724,19540,True,True,,,36.1544189453125,1307.1420092731714,3.913416010503423
SPY,PatchTST,2025-09-08,641.7196044921875,2025-10-06,20,666.0914916992188,622.1085205078125,24.37188720703125,-19.611083984375,1.0,-1.0,False,1.2078262808785685,36.41498110093547,13.872422100044789,8208,expanding,original,PatchTST-HF-supervised-v1,5.15.0,cpu,"{""batch_size"":64,""context_length"":252,""d_model"":32,""dropout"":0.1,""ffn_dim"":64,""learning_rate"":0.001,""max_epochs"":30,""min_delta"":0.0001,""num_attention_heads"":4,""num_hidden_layers"":2,""patch_length"":21,""patch_stride"":7,""patience"":5,""prediction_length"":20,""seed"":2026,""validation_points"":252,""weight_decay"":0.0001,""window_stride"":5}",252,21,7,20,5,1537,47,2024-09-04,2024-09-05,2025-09-08,2025-09-08,2024-09-04,145.80087280273438,120.53711700439452,21,16,True,0.0753027871251106,13.855666699935682,0.0011755001032724,19540,True,True,,,43.98297119140625,1934.501754824072,3.9515433879815873
SPY,PatchTST,2025-09-15,653.6671752929688,2025-09-16,1,652.76708984375,606.2484130859375,-0.90008544921875,-47.41876220703125,-1.0,-1.0,True,1.2085987923497177,38.48975942411165,7.0969390999525785,8213,expanding,original,PatchTST-HF-supervised-v1,5.15.0,cpu,"{""batch_size"":64,""context_length"":252,""d_model"":32,""dropout"":0.1,""ffn_dim"":64,""learning_rate"":0.001,""max_epochs"":30,""min_delta"":0.0001,""num_attention_heads"":4,""num_hidden_layers"":2,""patch_length"":21,""patch_stride"":7,""patience"":5,""prediction_length"":20,""seed"":2026,""validation_points"":252,""weight_decay"":0.0001,""window_stride"":5}",252,21,7,20,5,1538,47,2024-09-11,2024-09-12,2025-09-15,2025-09-15,2024-09-11,146.04547119140625,120.89368438720705,10,5,True,0.0795904844999313,7.080257499939762,0.001759500009939,19540,True,True,,,46.5186767578125,2163.987287297845,3.8066748004846964
SPY,PatchTST,2025-09-15,653.6671752929688,2025-09-22,5,661.3606567382812,611.1842041015625,7.6934814453125,-42.48297119140625,1.0,-1.0,False,1.2085987923497177,41.5162194057528,7.0969390999525785,8213,expanding,original,PatchTST-HF-supervised-v1,5.15.0,cpu,"{""batch_size"":64,""context_length"":252,""d_model"":32,""dropout"":0.1,""ffn_dim"":64,""learning_rate"":0.001,""max_epochs"":30,""min_delta"":0.0001,""num_attention_heads"":4,""num_hidden_layers"":2,""patch_length"":21,""patch_stride"":7,""patience"":5,""prediction_length"":20,""seed"":2026,""validation_points"":252,""weight_decay"":0.0001,""window_stride"":5}",252,21,7,20,5,1538,47,2024-09-11,2024-09-12,2025-09-15,2025-09-15,2024-09-11,146.04547119140625,120.89368438720705,10,5,True,0.0795904844999313,7.080257499939762,0.001759500009939,19540,True,True,,,50.17645263671875,2517.67639920488,3.8475023345336736
SPY,PatchTST,2025-09-15,653.6671752929688,2025-10-13,20,657.5919189453125,620.1726684570312,3.92474365234375,-33.4945068359375,1.0,-1.0,False,1.2085987923497177,30.96085377971625,7.0969390999525785,8213,expanding,original,PatchTST-HF-supervised-v1,5.15.0,cpu,"{""batch_size"":64,""context_length"":252,""d_model"":32,""dropout"":0.1,""ffn_dim"":64,""learning_rate"":0.001,""max_epochs"":30,""min_delta"":0.0001,""num_attention_heads"":4,""num_hidden_layers"":2,""patch_length"":21,""patch_stride"":7,""patience"":5,""prediction_length"":20,""seed"":2026,""validation_points"":252,""weight_decay"":0.0001,""window_stride"":5}",252,21,7,20,5,1538,47,2024-09-11,2024-09-12,2025-09-15,2025-09-15,2024-09-11,146.04547119140625,120.89368438720705,10,5,True,0.0795904844999313,7.080257499939762,0.001759500009939,19540,True,True,,,37.41925048828125,1400.2003071047366,3.9218524910454056
SPY,PatchTST,2025-09-22,661.3606567382812,2025-09-23,1,657.7606201171875,617.6483764648438,-3.60003662109375,-43.7122802734375,-1.0,-1.0,True,1.2092161230816378,33.17210454498352,12.134039800032042,8218,expanding,original,PatchTST-HF-supervised-v1,5.15.0,cpu,"{""batch_size"":64,""context_length"":252,""d_model"":32,""dropout"":0.1,""ffn_dim"":64,""learning_rate"":0.001,""max_epochs"":30,""min_delta"":0.0001,""num_attention_heads"":4,""num_hidden_layers"":2,""patch_length"":21,""patch_stride"":7,""patience"":5,""prediction_length"":20,""seed"":2026,""validation_points"":252,""weight_decay"":0.0001,""window_stride"":5}",252,21,7,20,5,1539,47,2024-09-18,2024-09-19,2025-09-22,2025-09-22,2024-09-18,146.29818725585938,121.27574920654295,18,13,True,0.0721513628959655,12.11544620001223,0.0013874999713152,19540,True,True,,,40.11224365234375,1608.9920908249917,3.8865988649242214
SPY,PatchTST,2025-09-22,661.3606567382812,2025-09-29,5,658.2266845703125,619.7767944335938,-3.13397216796875,-41.5838623046875,-1.0,-1.0,True,1.2092161230816378,31.797368065793545,12.134039800032042,8218,expanding,original,PatchTST-HF-supervised-v1,5.15.0,cpu,"{""batch_size"":64,""context_length"":252,""d_model"":32,""dropout"":0.1,""ffn_dim"":64,""learning_rate"":0.001,""max_epochs"":30,""min_delta"":0.0001,""num_attention_heads"":4,""num_hidden_layers"":2,""patch_length"":21,""patch_stride"":7,""patience"":5,""prediction_length"":20,""seed"":2026,""validation_points"":252,""weight_decay"":0.0001,""window_stride"":5}",252,21,7,20,5,1539,47,2024-09-18,2024-09-19,2025-09-22,2025-09-22,2024-09-18,146.29818725585938,121.27574920654295,18,13,True,0.0721513628959655,12.11544620001223,0.0013874999713152,19540,True,True,,,38.44989013671875,1478.3940515257418,3.9041491005045033
SPY,PatchTST,2025-09-22,661.3606567382812,2025-10-20,20,665.7840576171875,623.0743408203125,4.42340087890625,-38.28631591796875,1.0,-1.0,False,1.2092161230816378,35.32016814995076,12.134039800032042,8218,expanding,original,PatchTST-HF-supervised-v1,5.15.0,cpu,"{""batch_size"":64,""context_length"":252,""d_model"":32,""dropout"":0.1,""ffn_dim"":64,""learning_rate"":0.001,""max_epochs"":30,""min_delta"":0.0001,""num_attention_heads"":4,""num_hidden_layers"":2,""patch_length"":21,""patch_stride"":7,""patience"":5,""prediction_length"":20,""seed"":2026,""validation_points"":252,""weight_decay"":0.0001,""window_stride"":5}",252,21,7,20,5,1539,47,2024-09-18,2024-09-19,2025-09-22,2025-09-22,2024-09-18,146.29818725585938,121.27574920654295,18,13,True,0.0721513628959655,12.11544620001223,0.0013874999713152,19540,True,True,,,42.709716796875,1824.1199088692665,3.931339585067932
SPY,PatchTST,2025-09-29,658.2266845703125,2025-09-30,1,660.7061157226562,614.6024169921875,2.47943115234375,-43.624267578125,1.0,-1.0,False,1.2102201819506857,38.09529820941905,9.205425600055603,8223,expanding,original,PatchTST-HF-supervised-v1,5.15.0,cpu,"{""batch_size"":64,""context_length"":252,""d_model"":32,""dropout"":0.1,""ffn_dim"":64,""learning_rate"":0.001,""max_epochs"":30,""min_delta"":0.0001,""num_attention_heads"":4,""num_hidden_layers"":2,""patch_length"":21,""patch_stride"":7,""patience"":5,""prediction_length"":20,""seed"":2026,""validation_points"":252,""weight_decay"":0.0001,""window_stride"":5}",252,21,7,20,5,1540,47,2024-09-25,2024-09-26,2025-09-29,2025-09-29,2024-09-25,146.55657958984375,121.67561340332033,14,9,True,0.0729349851608276,9.188998199999332,0.0013431999832391,19540,True,True,,,46.10369873046875,2125.551036629826,3.846669224102482
SPY,PatchTST,2025-09-29,658.2266845703125,2025-10-06,5,666.0914916992188,626.080322265625,7.86480712890625,-32.1463623046875,1.0,-1.0,False,1.2102201819506857,33.06106610212201,9.205425600055603,8223,expanding,original,PatchTST-HF-supervised-v1,5.15.0,cpu,"{""batch_size"":64,""context_length"":252,""d_model"":32,""dropout"":0.1,""ffn_dim"":64,""learning_rate"":0.001,""max_epochs"":30,""min_delta"":0.0001,""num_attention_heads"":4,""num_hidden_layers"":2,""patch_length"":21,""patch_stride"":7,""patience"":5,""prediction_length"":20,""seed"":2026,""validation_points"":252,""weight_decay"":0.0001,""window_stride"":5}",252,21,7,20,5,1540,47,2024-09-25,2024-09-26,2025-09-29,2025-09-29,2024-09-25,146.55657958984375,121.67561340332033,14,9,True,0.0729349851608276,9.188998199999332,0.0013431999832391,19540,True,True,,,40.01116943359375,1600.8936794437468,3.94100123486779
SPY,PatchTST,2025-09-29,658.2266845703125,2025-10-27,20,679.6094970703125,621.0546264648438,21.3828125,-37.17205810546875,1.0,-1.0,False,1.2102201819506857,48.3836507428652,9.205425600055603,8223,expanding,original,PatchTST-HF-supervised-v1,5.15.0,cpu,"{""batch_size"":64,""context_length"":252,""d_model"":32,""dropout"":0.1,""ffn_dim"":64,""learning_rate"":0.001,""max_epochs"":30,""min_delta"":0.0001,""num_attention_heads"":4,""num_hidden_layers"":2,""patch_length"":21,""patch_stride"":7,""patience"":5,""prediction_length"":20,""seed"":2026,""validation_points"":252,""weight_decay"":0.0001,""window_stride"":5}",252,21,7,20,5,1540,47,2024-09-25,2024-09-26,2025-09-29,2025-09-29,2024-09-25,146.55657958984375,121.67561340332033,14,9,True,0.0729349851608276,9.188998199999332,0.0013431999832391,19540,True,True,,,58.55487060546875,3428.6728716231883,3.899697183380312
SPY,PatchTST,2025-10-06,666.0914916992188,2025-10-07,1,663.6219482421875,615.421875,-2.46954345703125,-50.66961669921875,-1.0,-1.0,True,1.2104430286189078,39.82019153531154,5.380522000021301,8228,expanding,original,PatchTST-HF-supervised-v1,5.15.0,cpu,"{""batch_size"":64,""context_length"":252,""d_model"":32,""dropout"":0.1,""ffn_dim"":64,""learning_rate"":0.001,""max_epochs"":30,""min_delta"":0.0001,""num_attention_heads"":4,""num_hidden_layers"":2,""patch_length"":21,""patch_stride"":7,""patience"":5,""prediction_length"":20,""seed"":2026,""validation_points"":252,""weight_decay"":0.0001,""window_stride"":5}",252,21,7,20,5,1541,47,2024-10-02,2024-10-03,2025-10-06,2025-10-06,2024-10-02,146.81546020507812,122.07584381103516,8,3,True,0.0780985057353973,5.364209300023504,0.0011241000611335,19540,True,True,,,48.2000732421875,2323.2470605522394,3.838649811180431
SPY,PatchTST,2025-10-06,666.0914916992188,2025-10-13,5,657.5919189453125,613.70166015625,-8.49957275390625,-52.38983154296875,-1.0,-1.0,True,1.2104430286189078,36.25966505762806,5.380522000021301,8228,expanding,original,PatchTST-HF-supervised-v1,5.15.0,cpu,"{""batch_size"":64,""context_length"":252,""d_model"":32,""dropout"":0.1,""ffn_dim"":64,""learning_rate"":0.001,""max_epochs"":30,""min_delta"":0.0001,""num_attention_heads"":4,""num_hidden_layers"":2,""patch_length"":21,""patch_stride"":7,""patience"":5,""prediction_length"":20,""seed"":2026,""validation_points"":252,""weight_decay"":0.0001,""window_stride"":5}",252,21,7,20,5,1541,47,2024-10-02,2024-10-03,2025-10-06,2025-10-06,2024-10-02,146.81546020507812,122.07584381103516,8,3,True,0.0780985057353973,5.364209300023504,0.0011241000611335,19540,True,True,,,43.8902587890625,1926.354816570878,3.8245584496952483
SPY,PatchTST,2025-10-06,666.0914916992188,2025-11-03,20,677.7251586914062,615.9512939453125,11.6336669921875,-50.14019775390625,1.0,-1.0,False,1.2104430286189078,51.03409519122642,5.380522000021301,8228,expanding,original,PatchTST-HF-supervised-v1,5.15.0,cpu,"{""batch_size"":64,""context_length"":252,""d_model"":32,""dropout"":0.1,""ffn_dim"":64,""learning_rate"":0.001,""max_epochs"":30,""min_delta"":0.0001,""num_attention_heads"":4,""num_hidden_layers"":2,""patch_length"":21,""patch_stride"":7,""patience"":5,""prediction_length"":20,""seed"":2026,""validation_points"":252,""weight_decay"":0.0001,""window_stride"":5}",252,21,7,20,5,1541,47,2024-10-02,2024-10-03,2025-10-06,2025-10-06,2024-10-02,146.81546020507812,122.07584381103516,8,3,True,0.0780985057353973,5.364209300023504,0.0011241000611335,19540,True,True,,,61.77386474609375,3816.010365668684,3.842986614669023
SPY,PatchTST,2025-10-13,657.5919189453125,2025-10-14,1,656.78857421875,624.4678955078125,-0.8033447265625,-33.1240234375,-1.0,-1.0,True,1.214116152104414,26.620746832925683,9.686337399994954,8233,expanding,original,PatchTST-HF-supervised-v1,5.15.0,cpu,"{""batch_size"":64,""context_length"":252,""d_model"":32,""dropout"":0.1,""ffn_dim"":64,""learning_rate"":0.001,""max_epochs"":30,""min_delta"":0.0001,""num_attention_heads"":4,""num_hidden_layers"":2,""patch_length"":21,""patch_stride"":7,""patience"":5,""prediction_length"":20,""seed"":2026,""validation_points"":252,""weight_decay"":0.0001,""window_stride"":5}",252,21,7,20,5,1542,47,2024-10-09,2024-10-10,2025-10-13,2025-10-13,2024-10-09,147.07449340820312,122.47534942626952,15,10,True,0.0660793408751487,9.66933980002068,0.0011970999184995,19540,True,True,,,32.3206787109375,1044.6262723356483,3.8978733625659214
SPY,PatchTST,2025-10-13,657.5919189453125,2025-10-20,5,665.7840576171875,628.5645141601562,8.192138671875,-29.02740478515625,1.0,-1.0,False,1.214116152104414,30.655669469942413,9.686337399994954,8233,expanding,original,PatchTST-HF-supervised-v1,5.15.0,cpu,"{""batch_size"":64,""context_length"":252,""d_model"":32,""dropout"":0.1,""ffn_dim"":64,""learning_rate"":0.001,""max_epochs"":30,""min_delta"":0.0001,""num_attention_heads"":4,""num_hidden_layers"":2,""patch_length"":21,""patch_stride"":7,""patience"":5,""prediction_length"":20,""seed"":2026,""validation_points"":252,""weight_decay"":0.0001,""window_stride"":5}",252,21,7,20,5,1542,47,2024-10-09,2024-10-10,2025-10-13,2025-10-13,2024-10-09,147.07449340820312,122.47534942626952,15,10,True,0.0660793408751487,9.66933980002068,0.0011970999184995,19540,True,True,,,37.21954345703125,1385.2944151498375,3.931321878300183
SPY,PatchTST,2025-10-13,657.5919189453125,2025-11-10,20,675.8407592773438,634.53271484375,18.24884033203125,-23.0592041015625,1.0,-1.0,False,1.214116152104414,34.02314050595157,9.686337399994954,8233,expanding,original,PatchTST-HF-supervised-v1,5.15.0,cpu,"{""batch_size"":64,""context_length"":252,""d_model"":32,""dropout"":0.1,""ffn_dim"":64,""learning_rate"":0.001,""max_epochs"":30,""min_delta"":0.0001,""num_attention_heads"":4,""num_hidden_layers"":2,""patch_length"":21,""patch_stride"":7,""patience"":5,""prediction_length"":20,""seed"":2026,""validation_points"":252,""weight_decay"":0.0001,""window_stride"":5}",252,21,7,20,5,1542,47,2024-10-09,2024-10-10,2025-10-13,2025-10-13,2024-10-09,147.07449340820312,122.47534942626952,15,10,True,0.0660793408751487,9.66933980002068,0.0011970999184995,19540,True,True,,,41.30804443359375,1706.3545349277556,3.9800516897402116
SPY,PatchTST,2025-10-20,665.7840576171875,2025-10-21,1,665.7741088867188,619.4985961914062,-0.00994873046875,-46.28546142578125,-1.0,-1.0,True,1.2156596265401285,38.066175502608885,7.147276200004853,8238,expanding,original,PatchTST-HF-supervised-v1,5.15.0,cpu,"{""batch_size"":64,""context_length"":252,""d_model"":32,""dropout"":0.1,""ffn_dim"":64,""learning_rate"":0.001,""max_epochs"":30,""min_delta"":0.0001,""num_attention_heads"":4,""num_hidden_layers"":2,""patch_length"":21,""patch_stride"":7,""patience"":5,""prediction_length"":20,""seed"":2026,""validation_points"":252,""weight_decay"":0.0001,""window_stride"":5}",252,21,7,20,5,1543,47,2024-10-16,2024-10-17,2025-10-20,2025-10-20,2024-10-16,147.3385009765625,122.89049530029295,11,6,True,0.0733651742339134,7.132786800037138,0.0012421000283211,19540,True,True,,,46.2755126953125,2141.4230752140284,3.8421205322761702
SPY,PatchTST,2025-10-20,665.7840576171875,2025-10-27,5,679.6094970703125,620.3934936523438,13.825439453125,-45.39056396484375,1.0,-1.0,False,1.2156596265401285,48.71100604574866,7.147276200004853,8238,expanding,original,PatchTST-HF-supervised-v1,5.15.0,cpu,"{""batch_size"":64,""context_length"":252,""d_model"":32,""dropout"":0.1,""ffn_dim"":64,""learning_rate"":0.001,""max_epochs"":30,""min_delta"":0.0001,""num_attention_heads"":4,""num_hidden_layers"":2,""patch_length"":21,""patch_stride"":7,""patience"":5,""prediction_length"":20,""seed"":2026,""validation_points"":252,""weight_decay"":0.0001,""window_stride"":5}",252,21,7,20,5,1543,47,2024-10-16,2024-10-17,2025-10-20,2025-10-20,2024-10-16,147.3385009765625,122.89049530029295,11,6,True,0.0733651742339134,7.132786800037138,0.0012421000283211,19540,True,True,,,59.21600341796875,3506.5350607968867,3.8494026044881076
SPY,PatchTST,2025-10-20,665.7840576171875,2025-11-17,20,660.2002563476562,629.61083984375,-5.58380126953125,-36.1732177734375,-1.0,-1.0,True,1.2156596265401285,25.162813534382448,7.147276200004853,8238,expanding,original,PatchTST-HF-supervised-v1,5.15.0,cpu,"{""batch_size"":64,""context_length"":252,""d_model"":32,""dropout"":0.1,""ffn_dim"":64,""learning_rate"":0.001,""max_epochs"":30,""min_delta"":0.0001,""num_attention_heads"":4,""num_hidden_layers"":2,""patch_length"":21,""patch_stride"":7,""patience"":5,""prediction_length"":20,""seed"":2026,""validation_points"":252,""weight_decay"":0.0001,""window_stride"":5}",252,21,7,20,5,1543,47,2024-10-16,2024-10-17,2025-10-20,2025-10-20,2024-10-16,147.3385009765625,122.89049530029295,11,6,True,0.0733651742339134,7.132786800037138,0.0012421000283211,19540,True,True,,,30.58941650390625,935.712402049452,3.9244071536103395
SPY,PatchTST,2025-10-27,679.6094970703125,2025-10-28,1,681.41455078125,637.57763671875,1.8050537109375,-42.0318603515625,1.0,-1.0,False,1.2174419179989049,36.00739666870862,11.768611600040458,8243,expanding,original,PatchTST-HF-supervised-v1,5.15.0,cpu,"{""batch_size"":64,""context_length"":252,""d_model"":32,""dropout"":0.1,""ffn_dim"":64,""learning_rate"":0.001,""max_epochs"":30,""min_delta"":0.0001,""num_attention_heads"":4,""num_hidden_layers"":2,""patch_length"":21,""patch_stride"":7,""patience"":5,""prediction_length"":20,""seed"":2026,""validation_points"":252,""weight_decay"":0.0001,""window_stride"":5}",252,21,7,20,5,1544,47,2024-10-23,2024-10-24,2025-10-27,2025-10-27,2024-10-23,147.60336303710938,123.30726623535156,18,13,True,0.0652881264686584,11.755228099995293,0.0011386999394744,19540,True,True,,,43.8369140625,1921.6750345230105,3.973604221720776
SPY,PatchTST,2025-10-27,679.6094970703125,2025-11-03,5,677.7251586914062,637.4388427734375,-1.88433837890625,-42.170654296875,-1.0,-1.0,True,1.2174419179989049,33.090955159640714,11.768611600040458,8243,expanding,original,PatchTST-HF-supervised-v1,5.15.0,cpu,"{""batch_size"":64,""context_length"":252,""d_model"":32,""dropout"":0.1,""ffn_dim"":64,""learning_rate"":0.001,""max_epochs"":30,""min_delta"":0.0001,""num_attention_heads"":4,""num_hidden_layers"":2,""patch_length"":21,""patch_stride"":7,""patience"":5,""prediction_length"":20,""seed"":2026,""validation_points"":252,""weight_decay"":0.0001,""window_stride"":5}",252,21,7,20,5,1544,47,2024-10-23,2024-10-24,2025-10-27,2025-10-27,2024-10-23,147.60336303710938,123.30726623535156,18,13,True,0.0652881264686584,11.755228099995293,0.0011386999394744,19540,True,True,,,40.28631591796875,1622.9872502423823,3.9724786275076367
SPY,PatchTST,2025-10-27,679.6094970703125,2025-11-24,20,663.2351684570312,639.3353881835938,-16.37432861328125,-40.27410888671875,-1.0,-1.0,True,1.2174419179989049,19.63114619276564,11.768611600040458,8243,expanding,original,PatchTST-HF-supervised-v1,5.15.0,cpu,"{""batch_size"":64,""context_length"":252,""d_model"":32,""dropout"":0.1,""ffn_dim"":64,""learning_rate"":0.001,""max_epochs"":30,""min_delta"":0.0001,""num_attention_heads"":4,""num_hidden_layers"":2,""patch_length"":21,""patch_stride"":7,""patience"":5,""prediction_length"":20,""seed"":2026,""validation_points"":252,""weight_decay"":0.0001,""window_stride"":5}",252,21,7,20,5,1544,47,2024-10-23,2024-10-24,2025-10-27,2025-10-27,2024-10-23,147.60336303710938,123.30726623535156,18,13,True,0.0652881264686584,11.755228099995293,0.0011386999394744,19540,True,True,,,23.8997802734375,571.1994971185923,3.987859273499223
SPY,PatchTST,2025-11-03,677.7251586914062,2025-11-04,1,669.6917114257812,624.0281982421875,-8.033447265625,-53.69696044921875,-1.0,-1.0,True,1.218293658224499,37.4815323672802,6.478501799982041,8248,expanding,original,PatchTST-HF-supervised-v1,5.15.0,cpu,"{""batch_size"":64,""context_length"":252,""d_model"":32,""dropout"":0.1,""ffn_dim"":64,""learning_rate"":0.001,""max_epochs"":30,""min_delta"":0.0001,""num_attention_heads"":4,""num_hidden_layers"":2,""patch_length"":21,""patch_stride"":7,""patience"":5,""prediction_length"":20,""seed"":2026,""validation_points"":252,""weight_decay"":0.0001,""window_stride"":5}",252,21,7,20,5,1545,47,2024-10-30,2024-10-31,2025-11-03,2025-11-03,2024-10-30,147.86654663085938,123.71693420410156,10,5,True,0.0714580491185188,6.464371799957007,0.0011559000704437,19540,True,True,,,45.66351318359375,2085.15643626824,3.8487993149408486
SPY,PatchTST,2025-11-03,677.7251586914062,2025-11-10,5,675.8407592773438,622.24755859375,-1.8843994140625,-55.47760009765625,-1.0,-1.0,True,1.218293658224499,43.990379759259945,6.478501799982041,8248,expanding,original,PatchTST-HF-supervised-v1,5.15.0,cpu,"{""batch_size"":64,""context_length"":252,""d_model"":32,""dropout"":0.1,""ffn_dim"":64,""learning_rate"":0.001,""max_epochs"":30,""min_delta"":0.0001,""num_attention_heads"":4,""num_hidden_layers"":2,""patch_length"":21,""patch_stride"":7,""patience"":5,""prediction_length"":20,""seed"":2026,""validation_points"":252,""weight_decay"":0.0001,""window_stride"":5}",252,21,7,20,5,1545,47,2024-10-30,2024-10-31,2025-11-03,2025-11-03,2024-10-30,147.86654663085938,123.71693420410156,10,5,True,0.0714580491185188,6.464371799957007,0.0011559000704437,19540,True,True,,,53.59320068359375,2872.2311595119536,3.8344064619341625
SPY,PatchTST,2025-11-03,677.7251586914062,2025-12-02,20,675.9300537109375,639.22802734375,-1.79510498046875,-38.49713134765625,-1.0,-1.0,True,1.218293658224499,30.12576329148411,6.478501799982041,8248,expanding,original,PatchTST-HF-supervised-v1,5.15.0,cpu,"{""batch_size"":64,""context_length"":252,""d_model"":32,""dropout"":0.1,""ffn_dim"":64,""learning_rate"":0.001,""max_epochs"":30,""min_delta"":0.0001,""num_attention_heads"":4,""num_hidden_layers"":2,""patch_length"":21,""patch_stride"":7,""patience"":5,""prediction_length"":20,""seed"":2026,""validation_points"":252,""weight_decay"":0.0001,""window_stride"":5}",252,21,7,20,5,1545,47,2024-10-30,2024-10-31,2025-11-03,2025-11-03,2024-10-30,147.86654663085938,123.71693420410156,10,5,True,0.0714580491185188,6.464371799957007,0.0011559000704437,19540,True,True,,,36.7020263671875,1347.0387394577265,3.971659044688812
SPY,PatchTST,2025-11-10,675.8407592773438,2025-11-11,1,677.3878784179688,632.2625122070312,1.547119140625,-43.5782470703125,1.0,-1.0,False,1.2210216855055145,36.95705551065228,7.236118400003761,8253,expanding,original,PatchTST-HF-supervised-v1,5.15.0,cpu,"{""batch_size"":64,""context_length"":252,""d_model"":32,""dropout"":0.1,""ffn_dim"":64,""learning_rate"":0.001,""max_epochs"":30,""min_delta"":0.0001,""num_attention_heads"":4,""num_hidden_layers"":2,""patch_length"":21,""patch_stride"":7,""patience"":5,""prediction_length"":20,""seed"":2026,""validation_points"":252,""weight_decay"":0.0001,""window_stride"":5}",252,21,7,20,5,1546,47,2024-11-06,2024-11-07,2025-11-10,2025-11-10,2024-11-06,148.1265106201172,124.1146011352539,11,6,True,0.0703328698873519,7.220064399996772,0.0011792000150308,19540,True,True,,,45.1253662109375,2036.29867567122,3.9007175397464056
SPY,PatchTST,2025-11-10,675.8407592773438,2025-11-17,5,660.2002563476562,628.9573364257812,-15.6405029296875,-46.8834228515625,-1.0,-1.0,True,1.2210216855055145,25.587522558160085,7.236118400003761,8253,expanding,original,PatchTST-HF-supervised-v1,5.15.0,cpu,"{""batch_size"":64,""context_length"":252,""d_model"":32,""dropout"":0.1,""ffn_dim"":64,""learning_rate"":0.001,""max_epochs"":30,""min_delta"":0.0001,""num_attention_heads"":4,""num_hidden_layers"":2,""patch_length"":21,""patch_stride"":7,""patience"":5,""prediction_length"":20,""seed"":2026,""validation_points"":252,""weight_decay"":0.0001,""window_stride"":5}",252,21,7,20,5,1546,47,2024-11-06,2024-11-07,2025-11-10,2025-11-10,2024-11-06,148.1265106201172,124.1146011352539,11,6,True,0.0703328698873519,7.220064399996772,0.0011792000150308,19540,True,True,,,31.242919921875,976.1200452446938,3.8740875078966623
SPY,PatchTST,2025-11-10,675.8407592773438,2025-12-09,20,677.4275512695312,636.4921264648438,1.5867919921875,-39.3486328125,1.0,-1.0,False,1.2210216855055145,33.52555101242108,7.236118400003761,8253,expanding,original,PatchTST-HF-supervised-v1,5.15.0,cpu,"{""batch_size"":64,""context_length"":252,""d_model"":32,""dropout"":0.1,""ffn_dim"":64,""learning_rate"":0.001,""max_epochs"":30,""min_delta"":0.0001,""num_attention_heads"":4,""num_hidden_layers"":2,""patch_length"":21,""patch_stride"":7,""patience"":5,""prediction_length"":20,""seed"":2026,""validation_points"":252,""weight_decay"":0.0001,""window_stride"":5}",252,21,7,20,5,1546,47,2024-11-06,2024-11-07,2025-11-10,2025-11-10,2024-11-06,148.1265106201172,124.1146011352539,11,6,True,0.0703328698873519,7.220064399996772,0.0011792000150308,19540,True,True,,,40.9354248046875,1675.7090039402246,3.9347958368937594
SPY,PatchTST,2025-11-17,660.2002563476562,2025-11-18,1,654.65625,644.104248046875,-5.54400634765625,-16.09600830078125,-1.0,-1.0,True,1.2226425425919984,8.630488131678117,10.596908699953929,8258,expanding,original,PatchTST-HF-supervised-v1,5.15.0,cpu,"{""batch_size"":64,""context_length"":252,""d_model"":32,""dropout"":0.1,""ffn_dim"":64,""learning_rate"":0.001,""max_epochs"":30,""min_delta"":0.0001,""num_attention_heads"":4,""num_hidden_layers"":2,""patch_length"":21,""patch_stride"":7,""patience"":5,""prediction_length"":20,""seed"":2026,""validation_points"":252,""weight_decay"":0.0001,""window_stride"":5}",252,21,7,20,5,1547,47,2024-11-13,2024-11-14,2025-11-17,2025-11-17,2024-11-13,148.39955139160156,124.55562591552734,16,11,True,0.0641326531767845,10.579977500019597,0.0011652000248432,19540,True,True,,,10.552001953125,111.3447452187538,3.979785682193565
SPY,PatchTST,2025-11-17,660.2002563476562,2025-11-24,5,663.2351684570312,647.357421875,3.034912109375,-12.84283447265625,1.0,-1.0,False,1.2226425425919984,12.986417557801053,10.596908699953929,8258,expanding,original,PatchTST-HF-supervised-v1,5.15.0,cpu,"{""batch_size"":64,""context_length"":252,""d_model"":32,""dropout"":0.1,""ffn_dim"":64,""learning_rate"":0.001,""max_epochs"":30,""min_delta"":0.0001,""num_attention_heads"":4,""num_hidden_layers"":2,""patch_length"":21,""patch_stride"":7,""patience"":5,""prediction_length"":20,""seed"":2026,""validation_points"":252,""weight_decay"":0.0001,""window_stride"":5}",252,21,7,20,5,1547,47,2024-11-13,2024-11-14,2025-11-17,2025-11-17,2024-11-13,148.39955139160156,124.55562591552734,16,11,True,0.0641326531767845,10.579977500019597,0.0011652000248432,19540,True,True,,,15.87774658203125,252.10283652320504,4.005903922973241
SPY,PatchTST,2025-11-17,660.2002563476562,2025-12-16,20,673.2918701171875,653.15185546875,13.09161376953125,-7.04840087890625,1.0,-1.0,False,1.2226425425919984,16.47252892553594,10.596908699953929,8258,expanding,original,PatchTST-HF-supervised-v1,5.15.0,cpu,"{""batch_size"":64,""context_length"":252,""d_model"":32,""dropout"":0.1,""ffn_dim"":64,""learning_rate"":0.001,""max_epochs"":30,""min_delta"":0.0001,""num_attention_heads"":4,""num_hidden_layers"":2,""patch_length"":21,""patch_stride"":7,""patience"":5,""prediction_length"":20,""seed"":2026,""validation_points"":252,""weight_decay"":0.0001,""window_stride"":5}",252,21,7,20,5,1547,47,2024-11-13,2024-11-14,2025-11-17,2025-11-17,2024-11-13,148.39955139160156,124.55562591552734,16,11,True,0.0641326531767845,10.579977500019597,0.0011652000248432,19540,True,True,,,20.1400146484375,405.6201900392771,4.052424773004373
SPY,PatchTST,2025-11-24,663.2351684570312,2025-11-25,1,669.4734497070312,642.3638305664062,6.23828125,-20.871337890625,1.0,-1.0,False,1.2260368354555429,22.11158617477609,6.5787320000818,8263,expanding,original,PatchTST-HF-supervised-v1,5.15.0,cpu,"{""batch_size"":64,""context_length"":252,""d_model"":32,""dropout"":0.1,""ffn_dim"":64,""learning_rate"":0.001,""max_epochs"":30,""min_delta"":0.0001,""num_attention_heads"":4,""num_hidden_layers"":2,""patch_length"":21,""patch_stride"":7,""patience"":5,""prediction_length"":20,""seed"":2026,""validation_points"":252,""weight_decay"":0.0001,""window_stride"":5}",252,21,7,20,5,1548,47,2024-11-20,2024-11-21,2025-11-24,2025-11-24,2024-11-20,148.6675262451172,124.97760772705078,10,5,True,0.0647875219583511,6.561219200026244,0.0013349000364542,19540,True,True,,,27.109619140625,734.9314499497414,3.9502780802102917
SPY,PatchTST,2025-11-24,663.2351684570312,2025-12-02,5,675.9300537109375,647.5570068359375,12.69488525390625,-15.67816162109375,1.0,-1.0,False,1.2260368354555429,23.142083544706708,6.5787320000818,8263,expanding,original,PatchTST-HF-supervised-v1,5.15.0,cpu,"{""batch_size"":64,""context_length"":252,""d_model"":32,""dropout"":0.1,""ffn_dim"":64,""learning_rate"":0.001,""max_epochs"":30,""min_delta"":0.0001,""num_attention_heads"":4,""num_hidden_layers"":2,""patch_length"":21,""patch_stride"":7,""patience"":5,""prediction_length"":20,""seed"":2026,""validation_points"":252,""weight_decay"":0.0001,""window_stride"":5}",252,21,7,20,5,1548,47,2024-11-20,2024-11-21,2025-11-24,2025-11-24,2024-11-20,148.6675262451172,124.97760772705078,10,5,True,0.0647875219583511,6.561219200026244,0.0013349000364542,19540,True,True,,,28.373046875,805.0297889709473,3.9918309340693052
SPY,PatchTST,2025-11-24,663.2351684570312,2025-12-23,20,684.3233032226562,645.0465698242188,21.088134765625,-18.1885986328125,1.0,-1.0,False,1.2260368354555429,32.03552475961617,6.5787320000818,8263,expanding,original,PatchTST-HF-supervised-v1,5.15.0,cpu,"{""batch_size"":64,""context_length"":252,""d_model"":32,""dropout"":0.1,""ffn_dim"":64,""learning_rate"":0.001,""max_epochs"":30,""min_delta"":0.0001,""num_attention_heads"":4,""num_hidden_layers"":2,""patch_length"":21,""patch_stride"":7,""patience"":5,""prediction_length"":20,""seed"":2026,""validation_points"":252,""weight_decay"":0.0001,""window_stride"":5}",252,21,7,20,5,1548,47,2024-11-20,2024-11-21,2025-11-24,2025-11-24,2024-11-20,148.6675262451172,124.97760772705078,10,5,True,0.0647875219583511,6.561219200026244,0.0013349000364542,19540,True,True,,,39.2767333984375,1542.6617864519358,3.97174383960994
SPY,PatchTST,2025-12-02,675.9300537109375,2025-12-03,1,678.2706298828125,647.1271362304688,2.340576171875,-28.80291748046875,1.0,-1.0,False,1.227579525884931,25.369837958068903,9.80324780009687,8268,expanding,original,PatchTST-HF-supervised-v1,5.15.0,cpu,"{""batch_size"":64,""context_length"":252,""d_model"":32,""dropout"":0.1,""ffn_dim"":64,""learning_rate"":0.001,""max_epochs"":30,""min_delta"":0.0001,""num_attention_heads"":4,""num_hidden_layers"":2,""patch_length"":21,""patch_stride"":7,""patience"":5,""prediction_length"":20,""seed"":2026,""validation_points"":252,""weight_decay"":0.0001,""window_stride"":5}",252,21,7,20,5,1549,47,2024-11-27,2024-11-29,2025-12-02,2025-12-02,2024-11-27,148.93980407714844,125.41316223144533,15,10,True,0.0618492141366004,9.78939689998515,0.0011981000425294,19540,True,True,,,31.14349365234375,969.9171968735754,3.9723687951822324
SPY,PatchTST,2025-12-02,675.9300537109375,2025-12-09,5,677.4275512695312,643.8251342773438,1.49749755859375,-32.10491943359375,1.0,-1.0,False,1.227579525884931,27.372904389199853,9.80324780009687,8268,expanding,original,PatchTST-HF-supervised-v1,5.15.0,cpu,"{""batch_size"":64,""context_length"":252,""d_model"":32,""dropout"":0.1,""ffn_dim"":64,""learning_rate"":0.001,""max_epochs"":30,""min_delta"":0.0001,""num_attention_heads"":4,""num_hidden_layers"":2,""patch_length"":21,""patch_stride"":7,""patience"":5,""prediction_length"":20,""seed"":2026,""validation_points"":252,""weight_decay"":0.0001,""window_stride"":5}",252,21,7,20,5,1549,47,2024-11-27,2024-11-29,2025-12-02,2025-12-02,2024-11-27,148.93980407714844,125.41316223144533,15,10,True,0.0618492141366004,9.78939689998515,0.0011981000425294,19540,True,True,,,33.6024169921875,1129.1224277168512,3.9460398047128646
SPY,PatchTST,2025-12-02,675.9300537109375,2025-12-31,20,678.3152465820312,654.5626831054688,2.38519287109375,-21.36737060546875,1.0,-1.0,False,1.227579525884931,19.349103643154915,9.80324780009687,8268,expanding,original,PatchTST-HF-supervised-v1,5.15.0,cpu,"{""batch_size"":64,""context_length"":252,""d_model"":32,""dropout"":0.1,""ffn_dim"":64,""learning_rate"":0.001,""max_epochs"":30,""min_delta"":0.0001,""num_attention_heads"":4,""num_hidden_layers"":2,""patch_length"":21,""patch_stride"":7,""patience"":5,""prediction_length"":20,""seed"":2026,""validation_points"":252,""weight_decay"":0.0001,""window_stride"":5}",252,21,7,20,5,1549,47,2024-11-27,2024-11-29,2025-12-02,2025-12-02,2024-11-27,148.93980407714844,125.41316223144533,15,10,True,0.0618492141366004,9.78939689998515,0.0011981000425294,19540,True,True,,,23.7525634765625,564.1842717081308,4.031657204330851
SPY,PatchTST,2025-12-09,677.4275512695312,2025-12-10,1,681.92041015625,641.7256469726562,4.49285888671875,-35.701904296875,1.0,-1.0,False,1.2276540023907012,32.741116882541434,11.75131219998002,8273,expanding,original,PatchTST-HF-supervised-v1,5.15.0,cpu,"{""batch_size"":64,""context_length"":252,""d_model"":32,""dropout"":0.1,""ffn_dim"":64,""learning_rate"":0.001,""max_epochs"":30,""min_delta"":0.0001,""num_attention_heads"":4,""num_hidden_layers"":2,""patch_length"":21,""patch_stride"":7,""patience"":5,""prediction_length"":20,""seed"":2026,""validation_points"":252,""weight_decay"":0.0001,""window_stride"":5}",252,21,7,20,5,1550,47,2024-12-05,2024-12-06,2025-12-09,2025-12-09,2024-12-05,149.2164306640625,125.86238861083984,18,13,True,0.064391940832138,11.734528200002387,0.0011233000550419,19540,True,True,,,40.19476318359375,1615.6189873851836,3.9130769862584396
SPY,PatchTST,2025-12-09,677.4275512695312,2025-12-16,5,673.2918701171875,647.806396484375,-4.13568115234375,-29.62115478515625,-1.0,-1.0,True,1.2276540023907012,20.75949215591914,11.75131219998002,8273,expanding,original,PatchTST-HF-supervised-v1,5.15.0,cpu,"{""batch_size"":64,""context_length"":252,""d_model"":32,""dropout"":0.1,""ffn_dim"":64,""learning_rate"":0.001,""max_epochs"":30,""min_delta"":0.0001,""num_attention_heads"":4,""num_hidden_layers"":2,""patch_length"":21,""patch_stride"":7,""patience"":5,""prediction_length"":20,""seed"":2026,""validation_points"":252,""weight_decay"":0.0001,""window_stride"":5}",252,21,7,20,5,1550,47,2024-12-05,2024-12-06,2025-12-09,2025-12-09,2024-12-05,149.2164306640625,125.86238861083984,18,13,True,0.064391940832138,11.734528200002387,0.0011233000550419,19540,True,True,,,25.4854736328125,649.5093662887812,3.961389667900929
SPY,PatchTST,2025-12-09,677.4275512695312,2026-01-08,20,685.8651123046875,650.475341796875,8.43756103515625,-26.95220947265625,1.0,-1.0,False,1.2276540023907012,28.827153610785604,11.75131219998002,8273,expanding,original,PatchTST-HF-supervised-v1,5.15.0,cpu,"{""batch_size"":64,""context_length"":252,""d_model"":32,""dropout"":0.1,""ffn_dim"":64,""learning_rate"":0.001,""max_epochs"":30,""min_delta"":0.0001,""num_attention_heads"":4,""num_hidden_layers"":2,""patch_length"":21,""patch_stride"":7,""patience"":5,""prediction_length"":20,""seed"":2026,""validation_points"":252,""weight_decay"":0.0001,""window_stride"":5}",252,21,7,20,5,1550,47,2024-12-05,2024-12-06,2025-12-09,2025-12-09,2024-12-05,149.2164306640625,125.86238861083984,18,13,True,0.064391940832138,11.734528200002387,0.0011233000550419,19540,True,True,,,35.3897705078125,1252.4358565956354,3.9825949329682575
SPY,PatchTST,2025-12-16,673.2918701171875,2025-12-17,1,665.8832397460938,653.1300048828125,-7.40863037109375,-20.161865234375,-1.0,-1.0,True,1.2288811031395477,10.377924138225628,19.765937700052746,8278,expanding,original,PatchTST-HF-supervised-v1,5.15.0,cpu,"{""batch_size"":64,""context_length"":252,""d_model"":32,""dropout"":0.1,""ffn_dim"":64,""learning_rate"":0.001,""max_epochs"":30,""min_delta"":0.0001,""num_attention_heads"":4,""num_hidden_layers"":2,""patch_length"":21,""patch_stride"":7,""patience"":5,""prediction_length"":20,""seed"":2026,""validation_points"":252,""weight_decay"":0.0001,""window_stride"":5}",252,21,7,20,5,1551,47,2024-12-12,2024-12-13,2025-12-16,2025-12-16,2024-12-12,149.49305725097656,126.30999755859376,29,24,True,0.0601739436388015,19.751701100030918,0.0013782000169157,19540,True,True,,,12.75323486328125,162.64499947801232,3.9873086641317093
SPY,PatchTST,2025-12-16,673.2918701171875,2025-12-23,5,684.3233032226562,653.1798095703125,11.03143310546875,-20.112060546875,1.0,-1.0,False,1.2288811031395477,25.34296733246064,19.765937700052746,8278,expanding,original,PatchTST-HF-supervised-v1,5.15.0,cpu,"{""batch_size"":64,""context_length"":252,""d_model"":32,""dropout"":0.1,""ffn_dim"":64,""learning_rate"":0.001,""max_epochs"":30,""min_delta"":0.0001,""num_attention_heads"":4,""num_hidden_layers"":2,""patch_length"":21,""patch_stride"":7,""patience"":5,""prediction_length"":20,""seed"":2026,""validation_points"":252,""weight_decay"":0.0001,""window_stride"":5}",252,21,7,20,5,1551,47,2024-12-12,2024-12-13,2025-12-16,2025-12-16,2024-12-12,149.49305725097656,126.30999755859376,29,24,True,0.0601739436388015,19.751701100030918,0.0013782000169157,19540,True,True,,,31.14349365234375,969.9171968735754,3.987702969321026
SPY,PatchTST,2025-12-16,673.2918701171875,2026-01-15,20,688.5806884765625,658.0704956054688,15.288818359375,-15.22137451171875,1.0,-1.0,False,1.2288811031395477,24.827619851217708,19.765937700052746,8278,expanding,original,PatchTST-HF-supervised-v1,5.15.0,cpu,"{""batch_size"":64,""context_length"":252,""d_model"":32,""dropout"":0.1,""ffn_dim"":64,""learning_rate"":0.001,""max_epochs"":30,""min_delta"":0.0001,""num_attention_heads"":4,""num_hidden_layers"":2,""patch_length"":21,""patch_stride"":7,""patience"":5,""prediction_length"":20,""seed"":2026,""validation_points"":252,""weight_decay"":0.0001,""window_stride"":5}",252,21,7,20,5,1551,47,2024-12-12,2024-12-13,2025-12-16,2025-12-16,2024-12-12,149.49305725097656,126.30999755859376,29,24,True,0.0601739436388015,19.751701100030918,0.0013782000169157,19540,True,True,,,30.51019287109375,930.87186903134,4.026422675834262
SPY,PatchTST,2025-12-23,684.3233032226562,2025-12-24,1,686.7305297851562,645.7664184570312,2.4072265625,-38.556884765625,1.0,-1.0,False,1.231260273428362,33.27006662373924,6.107076399959624,8283,expanding,original,PatchTST-HF-supervised-v1,5.15.0,cpu,"{""batch_size"":64,""context_length"":252,""d_model"":32,""dropout"":0.1,""ffn_dim"":64,""learning_rate"":0.001,""max_epochs"":30,""min_delta"":0.0001,""num_attention_heads"":4,""num_hidden_layers"":2,""patch_length"":21,""patch_stride"":7,""patience"":5,""prediction_length"":20,""seed"":2026,""validation_points"":252,""weight_decay"":0.0001,""window_stride"":5}",252,21,7,20,5,1552,47,2024-12-19,2024-12-20,2025-12-23,2025-12-23,2024-12-19,149.76451110839844,126.73838806152344,9,4,True,0.0641789361834526,6.091635199962184,0.0014087000163272,19540,True,True,,,40.964111328125,1678.058416903019,3.913588573557172
SPY,PatchTST,2025-12-23,684.3233032226562,2025-12-31,5,678.3152465820312,653.9910888671875,-6.008056640625,-30.33221435546875,-1.0,-1.0,True,1.231260273428362,19.75549625028895,6.107076399959624,8283,expanding,original,PatchTST-HF-supervised-v1,5.15.0,cpu,"{""batch_size"":64,""context_length"":252,""d_model"":32,""dropout"":0.1,""ffn_dim"":64,""learning_rate"":0.001,""max_epochs"":30,""min_delta"":0.0001,""num_attention_heads"":4,""num_hidden_layers"":2,""patch_length"":21,""patch_stride"":7,""patience"":5,""prediction_length"":20,""seed"":2026,""validation_points"":252,""weight_decay"":0.0001,""window_stride"":5}",252,21,7,20,5,1552,47,2024-12-19,2024-12-20,2025-12-23,2025-12-23,2024-12-19,149.76451110839844,126.73838806152344,9,4,True,0.0641789361834526,6.091635199962184,0.0014087000163272,19540,True,True,,,24.32415771484375,591.6646485365927,3.9784834371888893
SPY,PatchTST,2025-12-23,684.3233032226562,2026-01-23,20,685.5865478515625,656.3908081054688,1.26324462890625,-27.9324951171875,1.0,-1.0,False,1.231260273428362,23.712078084676737,6.107076399959624,8283,expanding,original,PatchTST-HF-supervised-v1,5.15.0,cpu,"{""batch_size"":64,""context_length"":252,""d_model"":32,""dropout"":0.1,""ffn_dim"":64,""learning_rate"":0.001,""max_epochs"":30,""min_delta"":0.0001,""num_attention_heads"":4,""num_hidden_layers"":2,""patch_length"":21,""patch_stride"":7,""patience"":5,""prediction_length"":20,""seed"":2026,""validation_points"":252,""weight_decay"":0.0001,""window_stride"":5}",252,21,7,20,5,1552,47,2024-12-19,2024-12-20,2025-12-23,2025-12-23,2024-12-19,149.76451110839844,126.73838806152344,9,4,True,0.0641789361834526,6.091635199962184,0.0014087000163272,19540,True,True,,,29.19573974609375,852.3912193216383,3.9974178679875227
SPY,PatchTST,2025-12-31,678.3152465820312,2026-01-02,1,679.55859375,658.3230590820312,1.24334716796875,-19.9921875,1.0,-1.0,False,1.2318233491371209,17.239107119412875,8.095196899957955,8288,expanding,original,PatchTST-HF-supervised-v1,5.15.0,cpu,"{""batch_size"":64,""context_length"":252,""d_model"":32,""dropout"":0.1,""ffn_dim"":64,""learning_rate"":0.001,""max_epochs"":30,""min_delta"":0.0001,""num_attention_heads"":4,""num_hidden_layers"":2,""patch_length"":21,""patch_stride"":7,""patience"":5,""prediction_length"":20,""seed"":2026,""validation_points"":252,""weight_decay"":0.0001,""window_stride"":5}",252,21,7,20,5,1553,47,2024-12-27,2024-12-30,2025-12-31,2025-12-31,2024-12-27,150.0363311767578,127.16651916503906,12,7,True,0.063838854432106,8.078632000018843,0.0014263000339269,19540,True,True,,,21.23553466796875,450.94793263450265,3.9970169132773816
SPY,PatchTST,2025-12-31,678.3152465820312,2026-01-08,5,685.8651123046875,650.2785034179688,7.54986572265625,-28.0367431640625,1.0,-1.0,False,1.2318233491371209,28.889376801995837,8.095196899957955,8288,expanding,original,PatchTST-HF-supervised-v1,5.15.0,cpu,"{""batch_size"":64,""context_length"":252,""d_model"":32,""dropout"":0.1,""ffn_dim"":64,""learning_rate"":0.001,""max_epochs"":30,""min_delta"":0.0001,""num_attention_heads"":4,""num_hidden_layers"":2,""patch_length"":21,""patch_stride"":7,""patience"":5,""prediction_length"":20,""seed"":2026,""validation_points"":252,""weight_decay"":0.0001,""window_stride"":5}",252,21,7,20,5,1553,47,2024-12-27,2024-12-30,2025-12-31,2025-12-31,2024-12-27,150.0363311767578,127.16651916503906,12,7,True,0.063838854432106,8.078632000018843,0.0014263000339269,19540,True,True,,,35.58660888671875,1266.40673205629,3.9337569002104034
SPY,PatchTST,2025-12-31,678.3152465820312,2026-01-30,20,688.3121337890625,658.8629760742188,9.99688720703125,-19.4522705078125,1.0,-1.0,False,1.2318233491371209,23.90696501691787,8.095196899957955,8288,expanding,original,PatchTST-HF-supervised-v1,5.15.0,cpu,"{""batch_size"":64,""context_length"":252,""d_model"":32,""dropout"":0.1,""ffn_dim"":64,""learning_rate"":0.001,""max_epochs"":30,""min_delta"":0.0001,""num_attention_heads"":4,""num_hidden_layers"":2,""patch_length"":21,""patch_stride"":7,""patience"":5,""prediction_length"":20,""seed"":2026,""validation_points"":252,""weight_decay"":0.0001,""window_stride"":5}",252,21,7,20,5,1553,47,2024-12-27,2024-12-30,2025-12-31,2025-12-31,2024-12-27,150.0363311767578,127.16651916503906,12,7,True,0.063838854432106,8.078632000018843,0.0014263000339269,19540,True,True,,,29.44915771484375,867.2528901137412,4.001262661259889
SPY,PatchTST,2026-01-08,685.8651123046875,2026-01-09,1,690.4010009765625,657.6466674804688,4.535888671875,-28.21844482421875,1.0,-1.0,False,1.2325428899681288,26.57459936095264,11.07560460001696,8293,expanding,original,PatchTST-HF-supervised-v1,5.15.0,cpu,"{""batch_size"":64,""context_length"":252,""d_model"":32,""dropout"":0.1,""ffn_dim"":64,""learning_rate"":0.001,""max_epochs"":30,""min_delta"":0.0001,""num_attention_heads"":4,""num_hidden_layers"":2,""patch_length"":21,""patch_stride"":7,""patience"":5,""prediction_length"":20,""seed"":2026,""validation_points"":252,""weight_decay"":0.0001,""window_stride"":5}",252,21,7,20,5,1554,47,2025-01-06,2025-01-07,2026-01-08,2026-01-08,2025-01-06,150.30328369140625,127.57665252685548,17,12,True,0.0624996237456798,11.062007699976675,0.0011885000858455,19540,True,True,,,32.75433349609375,1072.846362773329,3.976772973270045
SPY,PatchTST,2026-01-08,685.8651123046875,2026-01-15,5,688.5806884765625,656.43896484375,2.715576171875,-29.4261474609375,1.0,-1.0,False,1.2325428899681288,26.07757011493825,11.07560460001696,8293,expanding,original,PatchTST-HF-supervised-v1,5.15.0,cpu,"{""batch_size"":64,""context_length"":252,""d_model"":32,""dropout"":0.1,""ffn_dim"":64,""learning_rate"":0.001,""max_epochs"":30,""min_delta"":0.0001,""num_attention_heads"":4,""num_hidden_layers"":2,""patch_length"":21,""patch_stride"":7,""patience"":5,""prediction_length"":20,""seed"":2026,""validation_points"":252,""weight_decay"":0.0001,""window_stride"":5}",252,21,7,20,5,1554,47,2025-01-06,2025-01-07,2026-01-08,2026-01-08,2025-01-06,150.30328369140625,127.57665252685548,17,12,True,0.0624996237456798,11.062007699976675,0.0011885000858455,19540,True,True,,,32.1417236328125,1033.0903980880976,3.967306486943603
SPY,PatchTST,2026-01-08,685.8651123046875,2026-02-06,20,686.96923828125,659.0548095703125,1.1041259765625,-26.810302734375,1.0,-1.0,False,1.2325428899681288,22.647835574840983,11.07560460001696,8293,expanding,original,PatchTST-HF-supervised-v1,5.15.0,cpu,"{""batch_size"":64,""context_length"":252,""d_model"":32,""dropout"":0.1,""ffn_dim"":64,""learning_rate"":0.001,""max_epochs"":30,""min_delta"":0.0001,""num_attention_heads"":4,""num_hidden_layers"":2,""patch_length"":21,""patch_stride"":7,""patience"":5,""prediction_length"":20,""seed"":2026,""validation_points"":252,""weight_decay"":0.0001,""window_stride"":5}",252,21,7,20,5,1554,47,2025-01-06,2025-01-07,2026-01-08,2026-01-08,2025-01-06,150.30328369140625,127.57665252685548,17,12,True,0.0624996237456798,11.062007699976675,0.0011885000858455,19540,True,True,,,27.9144287109375,779.2153302580118,3.987810589181368
SPY,PatchTST,2026-01-15,688.5806884765625,2026-01-16,1,688.0037231445312,660.0443115234375,-0.57696533203125,-28.536376953125,-1.0,-1.0,True,1.2332783579840725,22.670803748471226,9.80520130007062,8298,expanding,original,PatchTST-HF-supervised-v1,5.15.0,cpu,"{""batch_size"":64,""context_length"":252,""d_model"":32,""dropout"":0.1,""ffn_dim"":64,""learning_rate"":0.001,""max_epochs"":30,""min_delta"":0.0001,""num_attention_heads"":4,""num_hidden_layers"":2,""patch_length"":21,""patch_stride"":7,""patience"":5,""prediction_length"":20,""seed"":2026,""validation_points"":252,""weight_decay"":0.0001,""window_stride"":5}",252,21,7,20,5,1555,47,2025-01-14,2025-01-15,2026-01-15,2026-01-15,2025-01-14,150.56695556640625,127.974609375,15,10,True,0.0613026060163974,9.788672400056385,0.0011669000377878,19540,True,True,,,27.95941162109375,781.7286981977522,3.9810815477008075
SPY,PatchTST,2026-01-15,688.5806884765625,2026-01-23,5,685.5865478515625,661.758056640625,-2.994140625,-26.8226318359375,-1.0,-1.0,True,1.2332783579840725,19.32125951669805,9.80520130007062,8298,expanding,original,PatchTST-HF-supervised-v1,5.15.0,cpu,"{""batch_size"":64,""context_length"":252,""d_model"":32,""dropout"":0.1,""ffn_dim"":64,""learning_rate"":0.001,""max_epochs"":30,""min_delta"":0.0001,""num_attention_heads"":4,""num_hidden_layers"":2,""patch_length"":21,""patch_stride"":7,""patience"":5,""prediction_length"":20,""seed"":2026,""validation_points"":252,""weight_decay"":0.0001,""window_stride"":5}",252,21,7,20,5,1555,47,2025-01-14,2025-01-15,2026-01-15,2026-01-15,2025-01-14,150.56695556640625,127.974609375,15,10,True,0.0613026060163974,9.788672400056385,0.0011669000377878,19540,True,True,,,23.8284912109375,567.7969933897257,3.994472837782153
SPY,PatchTST,2026-01-15,688.5806884765625,2026-02-13,20,678.1461181640625,666.3671264648438,-10.4345703125,-22.21356201171875,-1.0,-1.0,True,1.2332783579840725,9.550959540450211,9.80520130007062,8298,expanding,original,PatchTST-HF-supervised-v1,5.15.0,cpu,"{""batch_size"":64,""context_length"":252,""d_model"":32,""dropout"":0.1,""ffn_dim"":64,""learning_rate"":0.001,""max_epochs"":30,""min_delta"":0.0001,""num_attention_heads"":4,""num_hidden_layers"":2,""patch_length"":21,""patch_stride"":7,""patience"":5,""prediction_length"":20,""seed"":2026,""validation_points"":252,""weight_decay"":0.0001,""window_stride"":5}",252,21,7,20,5,1555,47,2025-01-14,2025-01-15,2026-01-15,2026-01-15,2025-01-14,150.56695556640625,127.974609375,15,10,True,0.0613026060163974,9.788672400056385,0.0011669000377878,19540,True,True,,,11.77899169921875,138.74464545026422,4.030488339972224
SPY,PatchTST,2026-01-23,685.5865478515625,2026-01-26,1,689.068115234375,665.6038208007812,3.4815673828125,-19.98272705078125,1.0,-1.0,False,1.2356879588811551,18.98885091899684,17.889218700001948,8303,expanding,original,PatchTST-HF-supervised-v1,5.15.0,cpu,"{""batch_size"":64,""context_length"":252,""d_model"":32,""dropout"":0.1,""ffn_dim"":64,""learning_rate"":0.001,""max_epochs"":30,""min_delta"":0.0001,""num_attention_heads"":4,""num_hidden_layers"":2,""patch_length"":21,""patch_stride"":7,""patience"":5,""prediction_length"":20,""seed"":2026,""validation_points"":252,""weight_decay"":0.0001,""window_stride"":5}",252,21,7,20,5,1556,47,2025-01-22,2025-01-23,2026-01-23,2026-01-23,2025-01-22,150.8387451171875,128.3987274169922,26,21,True,0.0606163255870342,17.87456959998235,0.0013113999739289,19540,True,True,,,23.46429443359375,550.5731132663786,4.0091135328142675
SPY,PatchTST,2026-01-23,685.5865478515625,2026-01-30,5,688.3121337890625,667.6620483398438,2.7255859375,-17.92449951171875,1.0,-1.0,False,1.2356879588811551,16.71140784435273,17.889218700001948,8303,expanding,original,PatchTST-HF-supervised-v1,5.15.0,cpu,"{""batch_size"":64,""context_length"":252,""d_model"":32,""dropout"":0.1,""ffn_dim"":64,""learning_rate"":0.001,""max_epochs"":30,""min_delta"":0.0001,""num_attention_heads"":4,""num_hidden_layers"":2,""patch_length"":21,""patch_stride"":7,""patience"":5,""prediction_length"":20,""seed"":2026,""validation_points"":252,""weight_decay"":0.0001,""window_stride"":5}",252,21,7,20,5,1556,47,2025-01-22,2025-01-23,2026-01-23,2026-01-23,2025-01-22,150.8387451171875,128.3987274169922,26,21,True,0.0606163255870342,17.87456959998235,0.0013113999739289,19540,True,True,,,20.65008544921875,426.426029060036,4.025143501182865
SPY,PatchTST,2026-01-23,685.5865478515625,2026-02-23,20,678.7827758789062,672.4628295898438,-6.80377197265625,-13.12371826171875,-1.0,-1.0,True,1.2356879588811551,5.114516366077444,17.889218700001948,8303,expanding,original,PatchTST-HF-supervised-v1,5.15.0,cpu,"{""batch_size"":64,""context_length"":252,""d_model"":32,""dropout"":0.1,""ffn_dim"":64,""learning_rate"":0.001,""max_epochs"":30,""min_delta"":0.0001,""num_attention_heads"":4,""num_hidden_layers"":2,""patch_length"":21,""patch_stride"":7,""patience"":5,""prediction_length"":20,""seed"":2026,""validation_points"":252,""weight_decay"":0.0001,""window_stride"":5}",252,21,7,20,5,1556,47,2025-01-22,2025-01-23,2026-01-23,2026-01-23,2025-01-22,150.8387451171875,128.3987274169922,26,21,True,0.0606163255870342,17.87456959998235,0.0013113999739289,19540,True,True,,,6.3199462890625,39.94172109663487,4.062533133826254
SPY,PatchTST,2026-01-30,688.3121337890625,2026-02-02,1,691.73388671875,664.69140625,3.4217529296875,-23.6207275390625,1.0,-1.0,False,1.2361152890472764,21.87698890901408,10.939755199942738,8308,expanding,original,PatchTST-HF-supervised-v1,5.15.0,cpu,"{""batch_size"":64,""context_length"":252,""d_model"":32,""dropout"":0.1,""ffn_dim"":64,""learning_rate"":0.001,""max_epochs"":30,""min_delta"":0.0001,""num_attention_heads"":4,""num_hidden_layers"":2,""patch_length"":21,""patch_stride"":7,""patience"":5,""prediction_length"":20,""seed"":2026,""validation_points"":252,""weight_decay"":0.0001,""window_stride"":5}",252,21,7,20,5,1557,47,2025-01-29,2025-01-30,2026-01-30,2026-01-30,2025-01-29,151.11412048339844,128.83363342285156,16,11,True,0.0628755092620849,10.92523480008822,0.0012073999969288,19540,True,True,,,27.04248046875,731.2957499027252,3.986360332483699
SPY,PatchTST,2026-01-30,688.3121337890625,2026-02-06,5,686.96923828125,664.2720947265625,-1.3428955078125,-24.0400390625,-1.0,-1.0,True,1.2361152890472764,18.36167205097924,10.939755199942738,8308,expanding,original,PatchTST-HF-supervised-v1,5.15.0,cpu,"{""batch_size"":64,""context_length"":252,""d_model"":32,""dropout"":0.1,""ffn_dim"":64,""learning_rate"":0.001,""max_epochs"":30,""min_delta"":0.0001,""num_attention_heads"":4,""num_hidden_layers"":2,""patch_length"":21,""patch_stride"":7,""patience"":5,""prediction_length"":20,""seed"":2026,""validation_points"":252,""weight_decay"":0.0001,""window_stride"":5}",252,21,7,20,5,1557,47,2025-01-29,2025-01-30,2026-01-30,2026-01-30,2025-01-29,151.11412048339844,128.83363342285156,16,11,True,0.0628755092620849,10.92523480008822,0.0012073999969288,19540,True,True,,,22.6971435546875,515.1603255420923,3.9831056581234625
SPY,PatchTST,2026-01-30,688.3121337890625,2026-03-02,20,682.7516479492188,672.9393920898438,-5.56048583984375,-15.37274169921875,-1.0,-1.0,True,1.2361152890472764,7.937977910569894,10.939755199942738,8308,expanding,original,PatchTST-HF-supervised-v1,5.15.0,cpu,"{""batch_size"":64,""context_length"":252,""d_model"":32,""dropout"":0.1,""ffn_dim"":64,""learning_rate"":0.001,""max_epochs"":30,""min_delta"":0.0001,""num_attention_heads"":4,""num_hidden_layers"":2,""patch_length"":21,""patch_stride"":7,""patience"":5,""prediction_length"":20,""seed"":2026,""validation_points"":252,""weight_decay"":0.0001,""window_stride"":5}",252,21,7,20,5,1557,47,2025-01-29,2025-01-30,2026-01-30,2026-01-30,2025-01-29,151.11412048339844,128.83363342285156,16,11,True,0.0628755092620849,10.92523480008822,0.0012073999969288,19540,True,True,,,9.812255859375,96.28036504983902,4.050380772028182
SPY,PatchTST,2026-02-06,686.96923828125,2026-02-09,1,690.2816162109375,668.334716796875,3.3123779296875,-18.634521484375,1.0,-1.0,False,1.2394680770345328,17.706708079623287,17.557023200090043,8313,expanding,original,PatchTST-HF-supervised-v1,5.15.0,cpu,"{""batch_size"":64,""context_length"":252,""d_model"":32,""dropout"":0.1,""ffn_dim"":64,""learning_rate"":0.001,""max_epochs"":30,""min_delta"":0.0001,""num_attention_heads"":4,""num_hidden_layers"":2,""patch_length"":21,""patch_stride"":7,""patience"":5,""prediction_length"":20,""seed"":2026,""validation_points"":252,""weight_decay"":0.0001,""window_stride"":5}",252,21,7,20,5,1558,47,2025-02-05,2025-02-06,2026-02-06,2026-02-06,2025-02-05,151.3875732421875,129.26058959960938,26,21,True,0.0617003254592418,17.543097299989313,0.0011729999678209,19540,True,True,,,21.9468994140625,481.6663938909769,3.9992633884462006
SPY,PatchTST,2026-02-06,686.96923828125,2026-02-13,5,678.1461181640625,667.7935180664062,-8.8231201171875,-19.17572021484375,-1.0,-1.0,True,1.2394680770345328,8.352453999803835,17.557023200090043,8313,expanding,original,PatchTST-HF-supervised-v1,5.15.0,cpu,"{""batch_size"":64,""context_length"":252,""d_model"":32,""dropout"":0.1,""ffn_dim"":64,""learning_rate"":0.001,""max_epochs"":30,""min_delta"":0.0001,""num_attention_heads"":4,""num_hidden_layers"":2,""patch_length"":21,""patch_stride"":7,""patience"":5,""prediction_length"":20,""seed"":2026,""validation_points"":252,""weight_decay"":0.0001,""window_stride"":5}",252,21,7,20,5,1558,47,2025-02-05,2025-02-06,2026-02-06,2026-02-06,2025-02-05,151.3875732421875,129.26058959960938,26,21,True,0.0617003254592418,17.543097299989313,0.0011729999678209,19540,True,True,,,10.35260009765625,107.1763287819922,3.99507650726188
SPY,PatchTST,2026-02-06,686.96923828125,2026-03-09,20,674.6845092773438,670.8975219726562,-12.28472900390625,-16.07171630859375,-1.0,-1.0,True,1.2394680770345328,3.055332666370875,17.557023200090043,8313,expanding,original,PatchTST-HF-supervised-v1,5.15.0,cpu,"{""batch_size"":64,""context_length"":252,""d_model"":32,""dropout"":0.1,""ffn_dim"":64,""learning_rate"":0.001,""max_epochs"":30,""min_delta"":0.0001,""num_attention_heads"":4,""num_hidden_layers"":2,""patch_length"":21,""patch_stride"":7,""patience"":5,""prediction_length"":20,""seed"":2026,""validation_points"":252,""weight_decay"":0.0001,""window_stride"":5}",252,21,7,20,5,1558,47,2025-02-05,2025-02-06,2026-02-06,2026-02-06,2025-02-05,151.3875732421875,129.26058959960938,26,21,True,0.0617003254592418,17.543097299989313,0.0011729999678209,19540,True,True,,,3.7869873046875,14.341272845864296,4.019090043915742
SPY,PatchTST,2026-02-13,678.1461181640625,2026-02-17,1,679.2402954101562,667.7117919921875,1.09417724609375,-10.434326171875,1.0,-1.0,False,1.2406951264003816,9.291971228593685,11.333797100000083,8318,expanding,original,PatchTST-HF-supervised-v1,5.15.0,cpu,"{""batch_size"":64,""context_length"":252,""d_model"":32,""dropout"":0.1,""ffn_dim"":64,""learning_rate"":0.001,""max_epochs"":30,""min_delta"":0.0001,""num_attention_heads"":4,""num_hidden_layers"":2,""patch_length"":21,""patch_stride"":7,""patience"":5,""prediction_length"":20,""seed"":2026,""validation_points"":252,""weight_decay"":0.0001,""window_stride"":5}",252,21,7,20,5,1559,47,2025-02-12,2025-02-13,2026-02-13,2026-02-13,2025-02-12,151.6619110107422,129.68919372558594,17,12,True,0.0630637779831886,11.318163299933076,0.0011561999563127,19540,True,True,,,11.52850341796875,132.90639105811715,3.9791278375388313
SPY,PatchTST,2026-02-13,678.1461181640625,2026-02-23,5,678.7827758789062,669.9478759765625,0.63665771484375,-8.1982421875,1.0,-1.0,False,1.2406951264003816,7.120927385260528,11.333797100000083,8318,expanding,original,PatchTST-HF-supervised-v1,5.15.0,cpu,"{""batch_size"":64,""context_length"":252,""d_model"":32,""dropout"":0.1,""ffn_dim"":64,""learning_rate"":0.001,""max_epochs"":30,""min_delta"":0.0001,""num_attention_heads"":4,""num_hidden_layers"":2,""patch_length"":21,""patch_stride"":7,""patience"":5,""prediction_length"":20,""seed"":2026,""validation_points"":252,""weight_decay"":0.0001,""window_stride"":5}",252,21,7,20,5,1559,47,2025-02-12,2025-02-13,2026-02-13,2026-02-13,2025-02-12,151.6619110107422,129.68919372558594,17,12,True,0.0630637779831886,11.318163299933076,0.0011561999563127,19540,True,True,,,8.83489990234375,78.0554562844336,3.9963697057326177
SPY,PatchTST,2026-02-13,678.1461181640625,2026-03-16,20,665.493408203125,677.3885498046875,-12.6527099609375,-0.757568359375,-1.0,-1.0,True,1.2406951264003816,9.58748152422729,11.333797100000083,8318,expanding,original,PatchTST-HF-supervised-v1,5.15.0,cpu,"{""batch_size"":64,""context_length"":252,""d_model"":32,""dropout"":0.1,""ffn_dim"":64,""learning_rate"":0.001,""max_epochs"":30,""min_delta"":0.0001,""num_attention_heads"":4,""num_hidden_layers"":2,""patch_length"":21,""patch_stride"":7,""patience"":5,""prediction_length"":20,""seed"":2026,""validation_points"":252,""weight_decay"":0.0001,""window_stride"":5}",252,21,7,20,5,1559,47,2025-02-12,2025-02-13,2026-02-13,2026-02-13,2025-02-12,151.6619110107422,129.68919372558594,17,12,True,0.0630637779831886,11.318163299933076,0.0011561999563127,19540,True,True,,,11.8951416015625,141.49439372122288,4.053742826918558
SPY,PatchTST,2026-02-23,678.7827758789062,2026-02-24,1,683.7164916992188,668.6769409179688,4.9337158203125,-10.1058349609375,1.0,-1.0,False,1.2421418492308722,12.107756284487486,10.514904899988323,8323,expanding,original,PatchTST-HF-supervised-v1,5.15.0,cpu,"{""batch_size"":64,""context_length"":252,""d_model"":32,""dropout"":0.1,""ffn_dim"":64,""learning_rate"":0.001,""max_epochs"":30,""min_delta"":0.0001,""num_attention_heads"":4,""num_hidden_layers"":2,""patch_length"":21,""patch_stride"":7,""patience"":5,""prediction_length"":20,""seed"":2026,""validation_points"":252,""weight_decay"":0.0001,""window_stride"":5}",252,21,7,20,5,1560,47,2025-02-20,2025-02-21,2026-02-23,2026-02-23,2025-02-20,151.9400177001953,130.1292724609375,16,11,True,0.062328778207302,10.500666499952786,0.0013308000052347,19540,True,True,,,15.03955078125,226.18808770179749,3.970950681929684
SPY,PatchTST,2026-02-23,678.7827758789062,2026-03-02,5,682.7516479492188,673.4445190429688,3.9688720703125,-5.3382568359375,1.0,-1.0,False,1.2421418492308722,7.492806809474237,10.514904899988323,8323,expanding,original,PatchTST-HF-supervised-v1,5.15.0,cpu,"{""batch_size"":64,""context_length"":252,""d_model"":32,""dropout"":0.1,""ffn_dim"":64,""learning_rate"":0.001,""max_epochs"":30,""min_delta"":0.0001,""num_attention_heads"":4,""num_hidden_layers"":2,""patch_length"":21,""patch_stride"":7,""patience"":5,""prediction_length"":20,""seed"":2026,""validation_points"":252,""weight_decay"":0.0001,""window_stride"":5}",252,21,7,20,5,1560,47,2025-02-20,2025-02-21,2026-02-23,2026-02-23,2025-02-20,151.9400177001953,130.1292724609375,16,11,True,0.062328778207302,10.500666499952786,0.0013308000052347,19540,True,True,,,9.30712890625,86.62264847755432,4.007587927607294
SPY,PatchTST,2026-02-23,678.7827758789062,2026-03-23,20,653.6959228515625,675.1396484375,-25.08685302734375,-3.64312744140625,-1.0,-1.0,True,1.2421418492308722,17.26350786684737,10.514904899988323,8323,expanding,original,PatchTST-HF-supervised-v1,5.15.0,cpu,"{""batch_size"":64,""context_length"":252,""d_model"":32,""dropout"":0.1,""ffn_dim"":64,""learning_rate"":0.001,""max_epochs"":30,""min_delta"":0.0001,""num_attention_heads"":4,""num_hidden_layers"":2,""patch_length"":21,""patch_stride"":7,""patience"":5,""prediction_length"":20,""seed"":2026,""validation_points"":252,""weight_decay"":0.0001,""window_stride"":5}",252,21,7,20,5,1560,47,2025-02-20,2025-02-21,2026-02-23,2026-02-23,2025-02-20,151.9400177001953,130.1292724609375,16,11,True,0.062328778207302,10.500666499952786,0.0013308000052347,19540,True,True,,,21.4437255859375,459.8333670049906,4.020614430887254
SPY,PatchTST,2026-03-02,682.7516479492188,2026-03-03,1,676.7337036132812,668.4915771484375,-6.0179443359375,-14.26007080078125,-1.0,-1.0,True,1.2435832504065396,6.627723927730064,7.288804300012998,8328,expanding,original,PatchTST-HF-supervised-v1,5.15.0,cpu,"{""batch_size"":64,""context_length"":252,""d_model"":32,""dropout"":0.1,""ffn_dim"":64,""learning_rate"":0.001,""max_epochs"":30,""min_delta"":0.0001,""num_attention_heads"":4,""num_hidden_layers"":2,""patch_length"":21,""patch_stride"":7,""patience"":5,""prediction_length"":20,""seed"":2026,""validation_points"":252,""weight_decay"":0.0001,""window_stride"":5}",252,21,7,20,5,1561,47,2025-02-27,2025-02-28,2026-03-02,2026-03-02,2025-02-27,152.20762634277344,130.53262329101562,11,6,True,0.0646020993590354,7.272657199995592,0.0017447000136598,19540,True,True,,,8.24212646484375,67.93264866247773,3.9552101060179883
SPY,PatchTST,2026-03-02,682.7516479492188,2026-03-09,5,674.6845092773438,671.3444213867188,-8.067138671875,-11.4072265625,-1.0,-1.0,True,1.2435832504065396,2.685857894542317,7.288804300012998,8328,expanding,original,PatchTST-HF-supervised-v1,5.15.0,cpu,"{""batch_size"":64,""context_length"":252,""d_model"":32,""dropout"":0.1,""ffn_dim"":64,""learning_rate"":0.001,""max_epochs"":30,""min_delta"":0.0001,""num_attention_heads"":4,""num_hidden_layers"":2,""patch_length"":21,""patch_stride"":7,""patience"":5,""prediction_length"":20,""seed"":2026,""validation_points"":252,""weight_decay"":0.0001,""window_stride"":5}",252,21,7,20,5,1561,47,2025-02-27,2025-02-28,2026-03-02,2026-03-02,2025-02-27,152.20762634277344,130.53262329101562,11,6,True,0.0646020993590354,7.272657199995592,0.0017447000136598,19540,True,True,,,3.340087890625,11.156187117099762,3.9770655178403724
SPY,PatchTST,2026-03-02,682.7516479492188,2026-03-30,20,630.3460693359375,680.4794921875,-52.40557861328125,-2.27215576171875,-1.0,-1.0,True,1.2435832504065396,40.31368453633755,7.288804300012998,8328,expanding,original,PatchTST-HF-supervised-v1,5.15.0,cpu,"{""batch_size"":64,""context_length"":252,""d_model"":32,""dropout"":0.1,""ffn_dim"":64,""learning_rate"":0.001,""max_epochs"":30,""min_delta"":0.0001,""num_attention_heads"":4,""num_hidden_layers"":2,""patch_length"":21,""patch_stride"":7,""patience"":5,""prediction_length"":20,""seed"":2026,""validation_points"":252,""weight_decay"":0.0001,""window_stride"":5}",252,21,7,20,5,1561,47,2025-02-27,2025-02-28,2026-03-02,2026-03-02,2025-02-27,152.20762634277344,130.53262329101562,11,6,True,0.0646020993590354,7.272657199995592,0.0017447000136598,19540,True,True,,,50.1334228515625,2513.360086813569,4.047048565529647
SPY,PatchTST,2026-03-09,674.6845092773438,2026-03-10,1,673.6002807617188,689.3077392578125,-1.084228515625,14.62322998046875,-1.0,1.0,False,1.2463576371316092,12.60268965193906,13.802192899980582,8333,expanding,original,PatchTST-HF-supervised-v1,5.15.0,cpu,"{""batch_size"":64,""context_length"":252,""d_model"":32,""dropout"":0.1,""ffn_dim"":64,""learning_rate"":0.001,""max_epochs"":30,""min_delta"":0.0001,""num_attention_heads"":4,""num_hidden_layers"":2,""patch_length"":21,""patch_stride"":7,""patience"":5,""prediction_length"":20,""seed"":2026,""validation_points"":252,""weight_decay"":0.0001,""window_stride"":5}",252,21,7,20,5,1562,47,2025-03-06,2025-03-07,2026-03-09,2026-03-09,2025-03-06,152.4675750732422,130.90985107421875,21,16,True,0.0585617534816265,13.787041799980216,0.001248300075531,19540,True,True,,,15.70745849609375,246.72425240650773,4.10083855247999
SPY,PatchTST,2026-03-09,674.6845092773438,2026-03-16,5,665.493408203125,689.5980834960938,-9.19110107421875,14.91357421875,-1.0,1.0,False,1.2463576371316092,19.340095149931205,13.802192899980582,8333,expanding,original,PatchTST-HF-supervised-v1,5.15.0,cpu,"{""batch_size"":64,""context_length"":252,""d_model"":32,""dropout"":0.1,""ffn_dim"":64,""learning_rate"":0.001,""max_epochs"":30,""min_delta"":0.0001,""num_attention_heads"":4,""num_hidden_layers"":2,""patch_length"":21,""patch_stride"":7,""patience"":5,""prediction_length"":20,""seed"":2026,""validation_points"":252,""weight_decay"":0.0001,""window_stride"":5}",252,21,7,20,5,1562,47,2025-03-06,2025-03-07,2026-03-09,2026-03-09,2025-03-06,152.4675750732422,130.90985107421875,21,16,True,0.0585617534816265,13.787041799980216,0.001248300075531,19540,True,True,,,24.10467529296875,581.0353709794581,4.103056446976843
SPY,PatchTST,2026-03-09,674.6845092773438,2026-04-07,20,657.5260009765625,692.8960571289062,-17.15850830078125,18.2115478515625,-1.0,1.0,False,1.2463576371316092,28.378737449505312,13.802192899980582,8333,expanding,original,PatchTST-HF-supervised-v1,5.15.0,cpu,"{""batch_size"":64,""context_length"":252,""d_model"":32,""dropout"":0.1,""ffn_dim"":64,""learning_rate"":0.001,""max_epochs"":30,""min_delta"":0.0001,""num_attention_heads"":4,""num_hidden_layers"":2,""patch_length"":21,""patch_stride"":7,""patience"":5,""prediction_length"":20,""seed"":2026,""validation_points"":252,""weight_decay"":0.0001,""window_stride"":5}",252,21,7,20,5,1562,47,2025-03-06,2025-03-07,2026-03-09,2026-03-09,2025-03-06,152.4675750732422,130.90985107421875,21,16,True,0.0585617534816265,13.787041799980216,0.001248300075531,19540,True,True,,,35.37005615234375,1251.04087221995,4.128249154826939
SPY,PatchTST,2026-03-16,665.493408203125,2026-03-17,1,667.2440185546875,681.8721923828125,1.7506103515625,16.3787841796875,1.0,1.0,True,1.248320948438449,11.718279538946849,9.874528699903747,8338,expanding,original,PatchTST-HF-supervised-v1,5.15.0,cpu,"{""batch_size"":64,""context_length"":252,""d_model"":32,""dropout"":0.1,""ffn_dim"":64,""learning_rate"":0.001,""max_epochs"":30,""min_delta"":0.0001,""num_attention_heads"":4,""num_hidden_layers"":2,""patch_length"":21,""patch_stride"":7,""patience"":5,""prediction_length"":20,""seed"":2026,""validation_points"":252,""weight_decay"":0.0001,""window_stride"":5}",252,21,7,20,5,1563,47,2025-03-13,2025-03-14,2026-03-16,2026-03-16,2025-03-13,152.71408081054688,131.24420166015625,15,10,True,0.0555990934371948,9.86008330003824,0.0013710000785067,19540,True,True,,,14.628173828125,213.9834695458412,4.031858968843955
SPY,PatchTST,2026-03-16,665.493408203125,2026-03-23,5,653.6959228515625,683.2894287109375,-11.7974853515625,17.7960205078125,-1.0,1.0,False,1.248320948438449,23.70664843555989,9.874528699903747,8338,expanding,original,PatchTST-HF-supervised-v1,5.15.0,cpu,"{""batch_size"":64,""context_length"":252,""d_model"":32,""dropout"":0.1,""ffn_dim"":64,""learning_rate"":0.001,""max_epochs"":30,""min_delta"":0.0001,""num_attention_heads"":4,""num_hidden_layers"":2,""patch_length"":21,""patch_stride"":7,""patience"":5,""prediction_length"":20,""seed"":2026,""validation_points"":252,""weight_decay"":0.0001,""window_stride"":5}",252,21,7,20,5,1563,47,2025-03-13,2025-03-14,2026-03-16,2026-03-16,2025-03-13,152.71408081054688,131.24420166015625,15,10,True,0.0555990934371948,9.86008330003824,0.0013710000785067,19540,True,True,,,29.593505859375,875.7755890488625,4.042657436968244
SPY,PatchTST,2026-03-16,665.493408203125,2026-04-14,20,692.675537109375,693.0125732421875,27.18212890625,27.5191650390625,1.0,1.0,True,1.248320948438449,0.269991570063857,9.874528699903747,8338,expanding,original,PatchTST-HF-supervised-v1,5.15.0,cpu,"{""batch_size"":64,""context_length"":252,""d_model"":32,""dropout"":0.1,""ffn_dim"":64,""learning_rate"":0.001,""max_epochs"":30,""min_delta"":0.0001,""num_attention_heads"":4,""num_hidden_layers"":2,""patch_length"":21,""patch_stride"":7,""patience"":5,""prediction_length"":20,""seed"":2026,""validation_points"":252,""weight_decay"":0.0001,""window_stride"":5}",252,21,7,20,5,1563,47,2025-03-13,2025-03-14,2026-03-16,2026-03-16,2025-03-13,152.71408081054688,131.24420166015625,15,10,True,0.0555990934371948,9.86008330003824,0.0013710000785067,19540,True,True,,,0.3370361328125,0.1135933548212051,4.11674181104541
SPY,PatchTST,2026-03-23,653.6959228515625,2026-03-24,1,651.5015869140625,689.7022705078125,-2.1943359375,36.00634765625,-1.0,1.0,False,1.251035173114785,30.53525945129043,17.298916399944574,8343,expanding,original,PatchTST-HF-supervised-v1,5.15.0,cpu,"{""batch_size"":64,""context_length"":252,""d_model"":32,""dropout"":0.1,""ffn_dim"":64,""learning_rate"":0.001,""max_epochs"":30,""min_delta"":0.0001,""num_attention_heads"":4,""num_hidden_layers"":2,""patch_length"":21,""patch_stride"":7,""patience"":5,""prediction_length"":20,""seed"":2026,""validation_points"":252,""weight_decay"":0.0001,""window_stride"":5}",252,21,7,20,5,1564,47,2025-03-20,2025-03-21,2026-03-23,2026-03-23,2025-03-20,152.96279907226562,131.58438110351562,26,21,True,0.0497558712959289,17.28347299993038,0.0015367000596597,19540,True,True,,,38.20068359375,1459.2922270298004,4.079051532820611
SPY,PatchTST,2026-03-23,653.6959228515625,2026-03-30,5,630.3460693359375,696.06201171875,-23.349853515625,42.3660888671875,-1.0,1.0,False,1.251035173114785,52.529252410382014,17.298916399944574,8343,expanding,original,PatchTST-HF-supervised-v1,5.15.0,cpu,"{""batch_size"":64,""context_length"":252,""d_model"":32,""dropout"":0.1,""ffn_dim"":64,""learning_rate"":0.001,""max_epochs"":30,""min_delta"":0.0001,""num_attention_heads"":4,""num_hidden_layers"":2,""patch_length"":21,""patch_stride"":7,""patience"":5,""prediction_length"":20,""seed"":2026,""validation_points"":252,""weight_decay"":0.0001,""window_stride"":5}",252,21,7,20,5,1564,47,2025-03-20,2025-03-21,2026-03-23,2026-03-23,2025-03-20,152.96279907226562,131.58438110351562,26,21,True,0.0497558712959289,17.28347299993038,0.0015367000596597,19540,True,True,,,65.7159423828125,4318.585083261132,4.127383570085234
SPY,PatchTST,2026-03-23,653.6959228515625,2026-04-21,20,702.2708129882812,694.0069580078125,48.57489013671875,40.31103515625,1.0,1.0,True,1.251035173114785,6.605613621472915,17.298916399944574,8343,expanding,original,PatchTST-HF-supervised-v1,5.15.0,cpu,"{""batch_size"":64,""context_length"":252,""d_model"":32,""dropout"":0.1,""ffn_dim"":64,""learning_rate"":0.001,""max_epochs"":30,""min_delta"":0.0001,""num_attention_heads"":4,""num_hidden_layers"":2,""patch_length"":21,""patch_stride"":7,""patience"":5,""prediction_length"":20,""seed"":2026,""validation_points"":252,""weight_decay"":0.0001,""window_stride"":5}",252,21,7,20,5,1564,47,2025-03-20,2025-03-21,2026-03-23,2026-03-23,2025-03-20,152.96279907226562,131.58438110351562,26,21,True,0.0497558712959289,17.28347299993038,0.0015367000596597,19540,True,True,,,8.26385498046875,68.29129913821816,4.1117658068393
SPY,PatchTST,2026-03-30,630.3460693359375,2026-03-31,1,648.6688842773438,682.9131469726562,18.32281494140625,52.56707763671875,1.0,1.0,True,1.2539530966943706,27.30904591693747,11.246238399995493,8348,expanding,original,PatchTST-HF-supervised-v1,5.15.0,cpu,"{""batch_size"":64,""context_length"":252,""d_model"":32,""dropout"":0.1,""ffn_dim"":64,""learning_rate"":0.001,""max_epochs"":30,""min_delta"":0.0001,""num_attention_heads"":4,""num_hidden_layers"":2,""patch_length"":21,""patch_stride"":7,""patience"":5,""prediction_length"":20,""seed"":2026,""validation_points"":252,""weight_decay"":0.0001,""window_stride"":5}",252,21,7,20,5,1565,47,2025-03-27,2025-03-28,2026-03-30,2026-03-30,2025-03-27,153.2153778076172,131.9355926513672,17,12,True,0.0469397529959678,11.230370500008576,0.0011345000239089,19540,True,True,,,34.2442626953125,1172.669527545571,4.014820857058166
SPY,PatchTST,2026-03-30,630.3460693359375,2026-04-07,5,657.5260009765625,693.4700317382812,27.179931640625,63.12396240234375,1.0,1.0,True,1.2539530966943706,28.66457354463513,11.246238399995493,8348,expanding,original,PatchTST-HF-supervised-v1,5.15.0,cpu,"{""batch_size"":64,""context_length"":252,""d_model"":32,""dropout"":0.1,""ffn_dim"":64,""learning_rate"":0.001,""max_epochs"":30,""min_delta"":0.0001,""num_attention_heads"":4,""num_hidden_layers"":2,""patch_length"":21,""patch_stride"":7,""patience"":5,""prediction_length"":20,""seed"":2026,""validation_points"":252,""weight_decay"":0.0001,""window_stride"":5}",252,21,7,20,5,1565,47,2025-03-27,2025-03-28,2026-03-30,2026-03-30,2025-03-27,153.2153778076172,131.9355926513672,17,12,True,0.0469397529959678,11.230370500008576,0.0011345000239089,19540,True,True,,,35.94403076171875,1291.9733473993838,4.094836299089195
SPY,PatchTST,2026-03-30,630.3460693359375,2026-04-28,20,709.8612060546875,695.0408325195312,79.51513671875,64.69476318359375,1.0,1.0,True,1.2539530966943706,11.818921755706194,11.246238399995493,8348,expanding,original,PatchTST-HF-supervised-v1,5.15.0,cpu,"{""batch_size"":64,""context_length"":252,""d_model"":32,""dropout"":0.1,""ffn_dim"":64,""learning_rate"":0.001,""max_epochs"":30,""min_delta"":0.0001,""num_attention_heads"":4,""num_hidden_layers"":2,""patch_length"":21,""patch_stride"":7,""patience"":5,""prediction_length"":20,""seed"":2026,""validation_points"":252,""weight_decay"":0.0001,""window_stride"":5}",252,21,7,20,5,1565,47,2025-03-27,2025-03-28,2026-03-30,2026-03-30,2025-03-27,153.2153778076172,131.9355926513672,17,12,True,0.0469397529959678,11.230370500008576,0.0011345000239089,19540,True,True,,,14.82037353515625,219.64347172155976,4.106742114265247
SPY,PatchTST,2026-04-07,657.5260009765625,2026-04-08,1,674.27294921875,698.0289306640625,16.7469482421875,40.5029296875,1.0,1.0,True,1.2564567085426888,18.9071229305354,16.173980099963956,8353,expanding,original,PatchTST-HF-supervised-v1,5.15.0,cpu,"{""batch_size"":64,""context_length"":252,""d_model"":32,""dropout"":0.1,""ffn_dim"":64,""learning_rate"":0.001,""max_epochs"":30,""min_delta"":0.0001,""num_attention_heads"":4,""num_hidden_layers"":2,""patch_length"":21,""patch_stride"":7,""patience"":5,""prediction_length"":20,""seed"":2026,""validation_points"":252,""weight_decay"":0.0001,""window_stride"":5}",252,21,7,20,5,1566,47,2025-04-03,2025-04-04,2026-04-07,2026-04-07,2025-04-03,153.45889282226562,132.258544921875,24,19,True,0.0378918163478374,16.157908700057305,0.0014207999920472,19540,True,True,,,23.7559814453125,564.3466544300318,4.117465817905935
SPY,PatchTST,2026-04-07,657.5260009765625,2026-04-14,5,692.675537109375,699.4698486328125,35.1495361328125,41.94384765625,1.0,1.0,True,1.2564567085426888,5.40751740767729,16.173980099963956,8353,expanding,original,PatchTST-HF-supervised-v1,5.15.0,cpu,"{""batch_size"":64,""context_length"":252,""d_model"":32,""dropout"":0.1,""ffn_dim"":64,""learning_rate"":0.001,""max_epochs"":30,""min_delta"":0.0001,""num_attention_heads"":4,""num_hidden_layers"":2,""patch_length"":21,""patch_stride"":7,""patience"":5,""prediction_length"":20,""seed"":2026,""validation_points"":252,""weight_decay"":0.0001,""window_stride"":5}",252,21,7,20,5,1566,47,2025-04-03,2025-04-04,2026-04-07,2026-04-07,2025-04-03,153.45889282226562,132.258544921875,24,19,True,0.0378918163478374,16.157908700057305,0.0014207999920472,19540,True,True,,,6.7943115234375,46.1626690775156,4.128360523950079
SPY,PatchTST,2026-04-07,657.5260009765625,2026-05-05,20,721.9102172851562,702.800048828125,64.38421630859375,45.2740478515625,1.0,1.0,True,1.2564567085426888,15.209571748155438,16.173980099963956,8353,expanding,original,PatchTST-HF-supervised-v1,5.15.0,cpu,"{""batch_size"":64,""context_length"":252,""d_model"":32,""dropout"":0.1,""ffn_dim"":64,""learning_rate"":0.001,""max_epochs"":30,""min_delta"":0.0001,""num_attention_heads"":4,""num_hidden_layers"":2,""patch_length"":21,""patch_stride"":7,""patience"":5,""prediction_length"":20,""seed"":2026,""validation_points"":252,""weight_decay"":0.0001,""window_stride"":5}",252,21,7,20,5,1566,47,2025-04-03,2025-04-04,2026-04-07,2026-04-07,2025-04-03,153.45889282226562,132.258544921875,24,19,True,0.0378918163478374,16.157908700057305,0.0014207999920472,19540,True,True,,,19.11016845703125,365.19853845611215,4.153539994942139
SPY,PatchTST,2026-04-14,692.675537109375,2026-04-15,1,698.1414184570312,697.9404296875,5.46588134765625,5.264892578125,1.0,1.0,True,1.260018373685433,0.1595125703948087,11.944285499979742,8358,expanding,original,PatchTST-HF-supervised-v1,5.15.0,cpu,"{""batch_size"":64,""context_length"":252,""d_model"":32,""dropout"":0.1,""ffn_dim"":64,""learning_rate"":0.001,""max_epochs"":30,""min_delta"":0.0001,""num_attention_heads"":4,""num_hidden_layers"":2,""patch_length"":21,""patch_stride"":7,""patience"":5,""prediction_length"":20,""seed"":2026,""validation_points"":252,""weight_decay"":0.0001,""window_stride"":5}",252,21,7,20,5,1567,47,2025-04-10,2025-04-11,2026-04-14,2026-04-14,2025-04-10,153.67800903320312,132.51242065429688,18,13,True,0.0336182825267314,11.928674500086345,0.0015720000956207,19540,True,True,,,0.20098876953125,0.0403964854776859,4.107255893198028
SPY,PatchTST,2026-04-14,692.675537109375,2026-04-21,5,702.2708129882812,696.1845703125,9.59527587890625,3.509033203125,1.0,1.0,True,1.260018373685433,4.830280893428223,11.944285499979742,8358,expanding,original,PatchTST-HF-supervised-v1,5.15.0,cpu,"{""batch_size"":64,""context_length"":252,""d_model"":32,""dropout"":0.1,""ffn_dim"":64,""learning_rate"":0.001,""max_epochs"":30,""min_delta"":0.0001,""num_attention_heads"":4,""num_hidden_layers"":2,""patch_length"":21,""patch_stride"":7,""patience"":5,""prediction_length"":20,""seed"":2026,""validation_points"":252,""weight_decay"":0.0001,""window_stride"":5}",252,21,7,20,5,1567,47,2025-04-10,2025-04-11,2026-04-14,2026-04-14,2025-04-10,153.67800903320312,132.51242065429688,18,13,True,0.0336182825267314,11.928674500086345,0.0015720000956207,19540,True,True,,,6.08624267578125,37.04234990850091,4.094005366444911
SPY,PatchTST,2026-04-14,692.675537109375,2026-05-12,20,736.2831420898438,699.3638916015625,43.60760498046875,6.6883544921875,1.0,1.0,True,1.260018373685433,29.300565181677456,11.944285499979742,8358,expanding,original,PatchTST-HF-supervised-v1,5.15.0,cpu,"{""batch_size"":64,""context_length"":252,""d_model"":32,""dropout"":0.1,""ffn_dim"":64,""learning_rate"":0.001,""max_epochs"":30,""min_delta"":0.0001,""num_attention_heads"":4,""num_hidden_layers"":2,""patch_length"":21,""patch_stride"":7,""patience"":5,""prediction_length"":20,""seed"":2026,""validation_points"":252,""weight_decay"":0.0001,""window_stride"":5}",252,21,7,20,5,1567,47,2025-04-10,2025-04-11,2026-04-14,2026-04-14,2025-04-10,153.67800903320312,132.51242065429688,18,13,True,0.0336182825267314,11.928674500086345,0.0015720000956207,19540,True,True,,,36.91925048828125,1363.031056616455,4.117997995010326
SPY,PatchTST,2026-04-21,702.2708129882812,2026-04-22,1,709.3825073242188,684.740966796875,7.1116943359375,-17.52984619140625,1.0,-1.0,False,1.2618581310638086,19.527980143512423,11.435138000058942,8363,expanding,original,PatchTST-HF-supervised-v1,5.15.0,cpu,"{""batch_size"":64,""context_length"":252,""d_model"":32,""dropout"":0.1,""ffn_dim"":64,""learning_rate"":0.001,""max_epochs"":30,""min_delta"":0.0001,""num_attention_heads"":4,""num_hidden_layers"":2,""patch_length"":21,""patch_stride"":7,""patience"":5,""prediction_length"":20,""seed"":2026,""validation_points"":252,""weight_decay"":0.0001,""window_stride"":5}",252,21,7,20,5,1568,47,2025-04-17,2025-04-21,2026-04-21,2026-04-21,2025-04-17,153.90701293945312,132.79214477539062,17,12,True,0.0404133200645446,11.417461299919523,0.001414299942553,19540,True,True,,,24.64154052734375,607.2055195607245,3.997480082540224
SPY,PatchTST,2026-04-21,702.2708129882812,2026-04-28,5,709.8612060546875,688.2347412109375,7.59039306640625,-14.03607177734375,1.0,-1.0,False,1.2618581310638086,17.138586590172245,11.435138000058942,8363,expanding,original,PatchTST-HF-supervised-v1,5.15.0,cpu,"{""batch_size"":64,""context_length"":252,""d_model"":32,""dropout"":0.1,""ffn_dim"":64,""learning_rate"":0.001,""max_epochs"":30,""min_delta"":0.0001,""num_attention_heads"":4,""num_hidden_layers"":2,""patch_length"":21,""patch_stride"":7,""patience"":5,""prediction_length"":20,""seed"":2026,""validation_points"":252,""weight_decay"":0.0001,""window_stride"":5}",252,21,7,20,5,1568,47,2025-04-17,2025-04-21,2026-04-21,2026-04-21,2025-04-17,153.90701293945312,132.79214477539062,17,12,True,0.0404133200645446,11.417461299919523,0.001414299942553,19540,True,True,,,21.62646484375,467.7039816379547,4.023790181077844
SPY,PatchTST,2026-04-21,702.2708129882812,2026-05-19,20,731.8446044921875,693.50244140625,29.57379150390625,-8.76837158203125,1.0,-1.0,False,1.2618581310638086,30.385478479750468,11.435138000058942,8363,expanding,original,PatchTST-HF-supervised-v1,5.15.0,cpu,"{""batch_size"":64,""context_length"":252,""d_model"":32,""dropout"":0.1,""ffn_dim"":64,""learning_rate"":0.001,""max_epochs"":30,""min_delta"":0.0001,""num_attention_heads"":4,""num_hidden_layers"":2,""patch_length"":21,""patch_stride"":7,""patience"":5,""prediction_length"":20,""seed"":2026,""validation_points"":252,""weight_decay"":0.0001,""window_stride"":5}",252,21,7,20,5,1568,47,2025-04-17,2025-04-21,2026-04-21,2026-04-21,2025-04-17,153.90701293945312,132.79214477539062,17,12,True,0.0404133200645446,11.417461299919523,0.001414299942553,19540,True,True,,,38.3421630859375,1470.1214701086285,4.063458944649835
SPY,PatchTST,2026-04-28,709.8612060546875,2026-04-29,1,709.7515258789062,699.1614990234375,-0.10968017578125,-10.69970703125,-1.0,-1.0,True,1.263498994032371,8.381507943802472,10.062725199968554,8368,expanding,original,PatchTST-HF-supervised-v1,5.15.0,cpu,"{""batch_size"":64,""context_length"":252,""d_model"":32,""dropout"":0.1,""ffn_dim"":64,""learning_rate"":0.001,""max_epochs"":30,""min_delta"":0.0001,""num_attention_heads"":4,""num_hidden_layers"":2,""patch_length"":21,""patch_stride"":7,""patience"":5,""prediction_length"":20,""seed"":2026,""validation_points"":252,""weight_decay"":0.0001,""window_stride"":5}",252,21,7,20,5,1569,47,2025-04-25,2025-04-28,2026-04-28,2026-04-28,2025-04-25,154.13706970214844,133.07464599609375,15,10,True,0.0310836434364318,10.046729400055485,0.0011668000370264,19540,True,True,,,10.59002685546875,112.14866879954934,4.095629375841343
SPY,PatchTST,2026-04-28,709.8612060546875,2026-05-05,5,721.9102172851562,692.1932373046875,12.04901123046875,-17.66796875,1.0,-1.0,False,1.263498994032371,23.519591326012083,10.062725199968554,8368,expanding,original,PatchTST-HF-supervised-v1,5.15.0,cpu,"{""batch_size"":64,""context_length"":252,""d_model"":32,""dropout"":0.1,""ffn_dim"":64,""learning_rate"":0.001,""max_epochs"":30,""min_delta"":0.0001,""num_attention_heads"":4,""num_hidden_layers"":2,""patch_length"":21,""patch_stride"":7,""patience"":5,""prediction_length"":20,""seed"":2026,""validation_points"":252,""weight_decay"":0.0001,""window_stride"":5}",252,21,7,20,5,1569,47,2025-04-25,2025-04-28,2026-04-28,2026-04-28,2025-04-25,154.13706970214844,133.07464599609375,15,10,True,0.0310836434364318,10.046729400055485,0.0011668000370264,19540,True,True,,,29.71697998046875,883.0988991595805,4.0432658195335955
SPY,PatchTST,2026-04-28,709.8612060546875,2026-05-27,20,748.5316162109375,702.7500610351562,38.67041015625,-7.11114501953125,1.0,-1.0,False,1.263498994032371,36.23394667665902,10.062725199968554,8368,expanding,original,PatchTST-HF-supervised-v1,5.15.0,cpu,"{""batch_size"":64,""context_length"":252,""d_model"":32,""dropout"":0.1,""ffn_dim"":64,""learning_rate"":0.001,""max_epochs"":30,""min_delta"":0.0001,""num_attention_heads"":4,""num_hidden_layers"":2,""patch_length"":21,""patch_stride"":7,""patience"":5,""prediction_length"":20,""seed"":2026,""validation_points"":252,""weight_decay"":0.0001,""window_stride"":5}",252,21,7,20,5,1569,47,2025-04-25,2025-04-28,2026-04-28,2026-04-28,2025-04-25,154.13706970214844,133.07464599609375,15,10,True,0.0310836434364318,10.046729400055485,0.0011668000370264,19540,True,True,,,45.78155517578125,2095.950794313103,4.122595910186465
SPY,PatchTST,2026-05-05,721.9102172851562,2026-05-06,1,731.9443359375,690.6973266601562,10.03411865234375,-31.212890625,1.0,-1.0,False,1.2648388597877531,32.610485484502924,11.326302099972963,8373,expanding,original,PatchTST-HF-supervised-v1,5.15.0,cpu,"{""batch_size"":64,""context_length"":252,""d_model"":32,""dropout"":0.1,""ffn_dim"":64,""learning_rate"":0.001,""max_epochs"":30,""min_delta"":0.0001,""num_attention_heads"":4,""num_hidden_layers"":2,""patch_length"":21,""patch_stride"":7,""patience"":5,""prediction_length"":20,""seed"":2026,""validation_points"":252,""weight_decay"":0.0001,""window_stride"":5}",252,21,7,20,5,1570,47,2025-05-02,2025-05-05,2026-05-05,2026-05-05,2025-05-02,154.38035583496094,133.39430236816406,17,12,True,0.0437271296977996,11.310678699985148,0.0011647000210359,19540,True,True,,,41.24700927734375,1701.3157743252814,4.020538818404533
SPY,PatchTST,2026-05-05,721.9102172851562,2026-05-12,5,736.2831420898438,690.0092163085938,14.3729248046875,-31.9010009765625,1.0,-1.0,False,1.2648388597877531,36.5848387904646,11.326302099972963,8373,expanding,original,PatchTST-HF-supervised-v1,5.15.0,cpu,"{""batch_size"":64,""context_length"":252,""d_model"":32,""dropout"":0.1,""ffn_dim"":64,""learning_rate"":0.001,""max_epochs"":30,""min_delta"":0.0001,""num_attention_heads"":4,""num_hidden_layers"":2,""patch_length"":21,""patch_stride"":7,""patience"":5,""prediction_length"":20,""seed"":2026,""validation_points"":252,""weight_decay"":0.0001,""window_stride"":5}",252,21,7,20,5,1570,47,2025-05-02,2025-05-05,2026-05-05,2026-05-05,2025-05-02,154.38035583496094,133.39430236816406,17,12,True,0.0437271296977996,11.310678699985148,0.0011647000210359,19540,True,True,,,46.27392578125,2141.2762072086334,4.01538034956931
SPY,PatchTST,2026-05-05,721.9102172851562,2026-06-03,20,752.3018798828125,693.699462890625,30.39166259765625,-28.21075439453125,1.0,-1.0,False,1.2648388597877531,46.331923263348585,11.326302099972963,8373,expanding,original,PatchTST-HF-supervised-v1,5.15.0,cpu,"{""batch_size"":64,""context_length"":252,""d_model"":32,""dropout"":0.1,""ffn_dim"":64,""learning_rate"":0.001,""max_epochs"":30,""min_delta"":0.0001,""num_attention_heads"":4,""num_hidden_layers"":2,""patch_length"":21,""patch_stride"":7,""patience"":5,""prediction_length"":20,""seed"":2026,""validation_points"":252,""weight_decay"":0.0001,""window_stride"":5}",252,21,7,20,5,1570,47,2025-05-02,2025-05-05,2026-05-05,2026-05-05,2025-05-02,154.38035583496094,133.39430236816406,17,12,True,0.0437271296977996,11.310678699985148,0.0011647000210359,19540,True,True,,,58.6024169921875,3434.2432773262262,4.04304454898801
SPY,PatchTST,2026-05-12,736.2831420898438,2026-05-13,1,740.4025268554688,709.7213134765625,4.119384765625,-26.56182861328125,1.0,-1.0,False,1.2666021863671668,24.22324365861491,14.129818800021894,8378,expanding,original,PatchTST-HF-supervised-v1,5.15.0,cpu,"{""batch_size"":64,""context_length"":252,""d_model"":32,""dropout"":0.1,""ffn_dim"":64,""learning_rate"":0.001,""max_epochs"":30,""min_delta"":0.0001,""num_attention_heads"":4,""num_hidden_layers"":2,""patch_length"":21,""patch_stride"":7,""patience"":5,""prediction_length"":20,""seed"":2026,""validation_points"":252,""weight_decay"":0.0001,""window_stride"":5}",252,21,7,20,5,1571,47,2025-05-09,2025-05-12,2026-05-12,2026-05-12,2025-05-09,154.62672424316406,133.72238159179688,21,16,True,0.0251834131777286,14.114849100005811,0.0011724999640136,19540,True,True,,,30.68121337890625,941.336854401976,4.151097091045606
SPY,PatchTST,2026-05-12,736.2831420898438,2026-05-19,5,731.8446044921875,707.8077392578125,-4.43853759765625,-28.47540283203125,-1.0,-1.0,True,1.2666021863671668,18.97743860944759,14.129818800021894,8378,expanding,original,PatchTST-HF-supervised-v1,5.15.0,cpu,"{""batch_size"":64,""context_length"":252,""d_model"":32,""dropout"":0.1,""ffn_dim"":64,""learning_rate"":0.001,""max_epochs"":30,""min_delta"":0.0001,""num_attention_heads"":4,""num_hidden_layers"":2,""patch_length"":21,""patch_stride"":7,""patience"":5,""prediction_length"":20,""seed"":2026,""validation_points"":252,""weight_decay"":0.0001,""window_stride"":5}",252,21,7,20,5,1571,47,2025-05-09,2025-05-12,2026-05-12,2026-05-12,2025-05-09,154.62672424316406,133.72238159179688,21,16,True,0.0251834131777286,14.114849100005811,0.0011724999640136,19540,True,True,,,24.036865234375,577.7708902955055,4.136787039160713
SPY,PatchTST,2026-05-12,736.2831420898438,2026-06-10,20,723.56591796875,713.7437744140625,-12.71722412109375,-22.53936767578125,-1.0,-1.0,True,1.2666021863671668,7.754718616789301,14.129818800021894,8378,expanding,original,PatchTST-HF-supervised-v1,5.15.0,cpu,"{""batch_size"":64,""context_length"":252,""d_model"":32,""dropout"":0.1,""ffn_dim"":64,""learning_rate"":0.001,""max_epochs"":30,""min_delta"":0.0001,""num_attention_heads"":4,""num_hidden_layers"":2,""patch_length"":21,""patch_stride"":7,""patience"":5,""prediction_length"":20,""seed"":2026,""validation_points"":252,""weight_decay"":0.0001,""window_stride"":5}",252,21,7,20,5,1571,47,2025-05-09,2025-05-12,2026-05-12,2026-05-12,2025-05-09,154.62672424316406,133.72238159179688,21,16,True,0.0251834131777286,14.114849100005811,0.0011724999640136,19540,True,True,,,9.8221435546875,96.4745040088892,4.181177776788842
SPY,PatchTST,2026-05-19,731.8446044921875,2026-05-20,1,739.3452758789062,701.3053588867188,7.50067138671875,-30.53924560546875,1.0,-1.0,False,1.2687537298655347,29.982112443696263,8.67002009996213,8383,expanding,original,PatchTST-HF-supervised-v1,5.15.0,cpu,"{""batch_size"":64,""context_length"":252,""d_model"":32,""dropout"":0.1,""ffn_dim"":64,""learning_rate"":0.001,""max_epochs"":30,""min_delta"":0.0001,""num_attention_heads"":4,""num_hidden_layers"":2,""patch_length"":21,""patch_stride"":7,""patience"":5,""prediction_length"":20,""seed"":2026,""validation_points"":252,""weight_decay"":0.0001,""window_stride"":5}",252,21,7,20,5,1572,47,2025-05-16,2025-05-19,2026-05-19,2026-05-19,2025-05-16,154.88844299316406,134.09703063964844,13,8,True,0.0317529998719692,8.65520869998727,0.0013933000154793,19540,True,True,,,38.0399169921875,1447.0352847725153,4.07478758692212
SPY,PatchTST,2026-05-19,731.8446044921875,2026-05-27,5,748.5316162109375,704.52490234375,16.68701171875,-27.3197021484375,1.0,-1.0,False,1.2687537298655347,34.68499270686001,8.67002009996213,8383,expanding,original,PatchTST-HF-supervised-v1,5.15.0,cpu,"{""batch_size"":64,""context_length"":252,""d_model"":32,""dropout"":0.1,""ffn_dim"":64,""learning_rate"":0.001,""max_epochs"":30,""min_delta"":0.0001,""num_attention_heads"":4,""num_hidden_layers"":2,""patch_length"":21,""patch_stride"":7,""patience"":5,""prediction_length"":20,""seed"":2026,""validation_points"":252,""weight_decay"":0.0001,""window_stride"":5}",252,21,7,20,5,1572,47,2025-05-16,2025-05-19,2026-05-19,2026-05-19,2025-05-16,154.88844299316406,134.09703063964844,13,8,True,0.0317529998719692,8.65520869998727,0.0013933000154793,19540,True,True,,,44.0067138671875,1936.5908653885128,4.0987966454499185
SPY,PatchTST,2026-05-19,731.8446044921875,2026-06-17,20,739.0560302734375,709.9034423828125,7.21142578125,-21.941162109375,1.0,-1.0,False,1.2687537298655347,22.97734162619144,8.67002009996213,8383,expanding,original,PatchTST-HF-supervised-v1,5.15.0,cpu,"{""batch_size"":64,""context_length"":252,""d_model"":32,""dropout"":0.1,""ffn_dim"":64,""learning_rate"":0.001,""max_epochs"":30,""min_delta"":0.0001,""num_attention_heads"":4,""num_hidden_layers"":2,""patch_length"":21,""patch_stride"":7,""patience"":5,""prediction_length"":20,""seed"":2026,""validation_points"":252,""weight_decay"":0.0001,""window_stride"":5}",252,21,7,20,5,1572,47,2025-05-16,2025-05-19,2026-05-19,2026-05-19,2025-05-16,154.88844299316406,134.09703063964844,13,8,True,0.0317529998719692,8.65520869998727,0.0013933000154793,19540,True,True,,,29.152587890625,849.8733807206154,4.138905960424356
SPY,PatchTST,2026-05-27,748.5316162109375,2026-05-28,1,752.6609497070312,695.4846801757812,4.12933349609375,-53.04693603515625,1.0,-1.0,False,1.2700179056713634,45.02004993467016,10.688583899987862,8388,expanding,original,PatchTST-HF-supervised-v1,5.15.0,cpu,"{""batch_size"":64,""context_length"":252,""d_model"":32,""dropout"":0.1,""ffn_dim"":64,""learning_rate"":0.001,""max_epochs"":30,""min_delta"":0.0001,""num_attention_heads"":4,""num_hidden_layers"":2,""patch_length"":21,""patch_stride"":7,""patience"":5,""prediction_length"":20,""seed"":2026,""validation_points"":252,""weight_decay"":0.0001,""window_stride"":5}",252,21,7,20,5,1573,47,2025-05-23,2025-05-27,2026-05-27,2026-05-27,2025-05-23,155.1487274169922,134.4661865234375,16,11,True,0.058569710701704,10.671478600008411,0.0011563999578356,19540,True,True,,,57.17626953125,3269.125797510147,4.018377903984124
SPY,PatchTST,2026-05-27,748.5316162109375,2026-06-03,5,752.3018798828125,696.7093505859375,3.770263671875,-51.822265625,1.0,-1.0,False,1.2700179056713634,43.7730279617494,10.688583899987862,8388,expanding,original,PatchTST-HF-supervised-v1,5.15.0,cpu,"{""batch_size"":64,""context_length"":252,""d_model"":32,""dropout"":0.1,""ffn_dim"":64,""learning_rate"":0.001,""max_epochs"":30,""min_delta"":0.0001,""num_attention_heads"":4,""num_hidden_layers"":2,""patch_length"":21,""patch_stride"":7,""patience"":5,""prediction_length"":20,""seed"":2026,""validation_points"":252,""weight_decay"":0.0001,""window_stride"":5}",252,21,7,20,5,1573,47,2025-05-23,2025-05-27,2026-05-27,2026-05-27,2025-05-23,155.1487274169922,134.4661865234375,16,11,True,0.058569710701704,10.671478600008411,0.0011563999578356,19540,True,True,,,55.592529296875,3090.529313623905,4.027485549867595
SPY,PatchTST,2026-05-27,748.5316162109375,2026-06-25,20,734.2999877929688,693.2741088867188,-14.23162841796875,-55.25750732421875,-1.0,-1.0,True,1.2700179056713634,32.30338621451379,10.688583899987862,8388,expanding,original,PatchTST-HF-supervised-v1,5.15.0,cpu,"{""batch_size"":64,""context_length"":252,""d_model"":32,""dropout"":0.1,""ffn_dim"":64,""learning_rate"":0.001,""max_epochs"":30,""min_delta"":0.0001,""num_attention_heads"":4,""num_hidden_layers"":2,""patch_length"":21,""patch_stride"":7,""patience"":5,""prediction_length"":20,""seed"":2026,""validation_points"":252,""weight_decay"":0.0001,""window_stride"":5}",252,21,7,20,5,1573,47,2025-05-23,2025-05-27,2026-05-27,2026-05-27,2025-05-23,155.1487274169922,134.4661865234375,16,11,True,0.058569710701704,10.671478600008411,0.0011563999578356,19540,True,True,,,41.02587890625,1683.1227400302887,4.001938296777169
SPY,PatchTST,2026-06-03,752.3018798828125,2026-06-04,1,755.1445922851562,693.9754638671875,2.84271240234375,-58.326416015625,1.0,-1.0,False,1.2709774939188856,48.1276251630248,9.981599500053562,8393,expanding,original,PatchTST-HF-supervised-v1,5.15.0,cpu,"{""batch_size"":64,""context_length"":252,""d_model"":32,""dropout"":0.1,""ffn_dim"":64,""learning_rate"":0.001,""max_epochs"":30,""min_delta"":0.0001,""num_attention_heads"":4,""num_hidden_layers"":2,""patch_length"":21,""patch_stride"":7,""patience"":5,""prediction_length"":20,""seed"":2026,""validation_points"":252,""weight_decay"":0.0001,""window_stride"":5}",252,21,7,20,5,1574,47,2025-06-02,2025-06-03,2026-06-03,2026-06-03,2025-06-02,155.410888671875,134.8402557373047,15,10,True,0.0691417008638382,9.966876399936154,0.0014212999958544,19540,True,True,,,61.16912841796875,3741.662271413952,3.99409339777983
SPY,PatchTST,2026-06-03,752.3018798828125,2026-06-10,5,723.56591796875,695.18359375,-28.7359619140625,-57.1182861328125,-1.0,-1.0,True,1.2709774939188856,22.33109898054684,9.981599500053562,8393,expanding,original,PatchTST-HF-supervised-v1,5.15.0,cpu,"{""batch_size"":64,""context_length"":252,""d_model"":32,""dropout"":0.1,""ffn_dim"":64,""learning_rate"":0.001,""max_epochs"":30,""min_delta"":0.0001,""num_attention_heads"":4,""num_hidden_layers"":2,""patch_length"":21,""patch_stride"":7,""patience"":5,""prediction_length"":20,""seed"":2026,""validation_points"":252,""weight_decay"":0.0001,""window_stride"":5}",252,21,7,20,5,1574,47,2025-06-02,2025-06-03,2026-06-03,2026-06-03,2025-06-02,155.410888671875,134.8402557373047,15,10,True,0.0691417008638382,9.966876399936154,0.0014212999958544,19540,True,True,,,28.38232421875,805.5563280582428,4.0030531099682
SPY,PatchTST,2026-06-03,752.3018798828125,2026-07-02,20,744.780029296875,695.238037109375,-7.5218505859375,-57.0638427734375,-1.0,-1.0,True,1.2709774939188856,38.979440961416266,9.981599500053562,8393,expanding,original,PatchTST-HF-supervised-v1,5.15.0,cpu,"{""batch_size"":64,""context_length"":252,""d_model"":32,""dropout"":0.1,""ffn_dim"":64,""learning_rate"":0.001,""max_epochs"":30,""min_delta"":0.0001,""num_attention_heads"":4,""num_hidden_layers"":2,""patch_length"":21,""patch_stride"":7,""patience"":5,""prediction_length"":20,""seed"":2026,""validation_points"":252,""weight_decay"":0.0001,""window_stride"":5}",252,21,7,20,5,1574,47,2025-06-02,2025-06-03,2026-06-03,2026-06-03,2025-06-02,155.410888671875,134.8402557373047,15,10,True,0.0691417008638382,9.966876399936154,0.0014212999958544,19540,True,True,,,49.5419921875,2454.408989906311,4.003456871879488
SPY,PatchTST,2026-06-10,723.56591796875,2026-06-11,1,735.8642578125,714.1065673828125,12.29833984375,-9.4593505859375,1.0,-1.0,False,1.274716662440653,17.068648328506864,19.97980670002289,8398,expanding,original,PatchTST-HF-supervised-v1,5.15.0,cpu,"{""batch_size"":64,""context_length"":252,""d_model"":32,""dropout"":0.1,""ffn_dim"":64,""learning_rate"":0.001,""max_epochs"":30,""min_delta"":0.0001,""num_attention_heads"":4,""num_hidden_layers"":2,""patch_length"":21,""patch_stride"":7,""patience"":5,""prediction_length"":20,""seed"":2026,""validation_points"":252,""weight_decay"":0.0001,""window_stride"":5}",252,21,7,20,5,1575,47,2025-06-09,2025-06-10,2026-06-10,2026-06-10,2025-06-09,155.67672729492188,135.22499084472656,30,26,False,0.0277284365147352,19.964295999961905,0.0015072999522089,19540,True,True,,,21.7576904296875,473.397092834115,4.129634889227785
SPY,PatchTST,2026-06-10,723.56591796875,2026-06-17,5,739.0560302734375,718.979736328125,15.4901123046875,-4.586181640625,1.0,-1.0,False,1.274716662440653,15.749612864456608,19.97980670002289,8398,expanding,original,PatchTST-HF-supervised-v1,5.15.0,cpu,"{""batch_size"":64,""context_length"":252,""d_model"":32,""dropout"":0.1,""ffn_dim"":64,""learning_rate"":0.001,""max_epochs"":30,""min_delta"":0.0001,""num_attention_heads"":4,""num_hidden_layers"":2,""patch_length"":21,""patch_stride"":7,""patience"":5,""prediction_length"":20,""seed"":2026,""validation_points"":252,""weight_decay"":0.0001,""window_stride"":5}",252,21,7,20,5,1575,47,2025-06-09,2025-06-10,2026-06-10,2026-06-10,2025-06-09,155.67672729492188,135.22499084472656,30,26,False,0.0277284365147352,19.964295999961905,0.0015072999522089,19540,True,True,,,20.0762939453125,403.05757857859135,4.165672376935277
SPY,PatchTST,2026-06-10,723.56591796875,2026-07-10,20,754.9500122070312,726.826904296875,31.38409423828125,3.260986328125,1.0,1.0,True,1.274716662440653,22.06224233102121,19.97980670002289,8398,expanding,original,PatchTST-HF-supervised-v1,5.15.0,cpu,"{""batch_size"":64,""context_length"":252,""d_model"":32,""dropout"":0.1,""ffn_dim"":64,""learning_rate"":0.001,""max_epochs"":30,""min_delta"":0.0001,""num_attention_heads"":4,""num_hidden_layers"":2,""patch_length"":21,""patch_stride"":7,""patience"":5,""prediction_length"":20,""seed"":2026,""validation_points"":252,""weight_decay"":0.0001,""window_stride"":5}",252,21,7,20,5,1575,47,2025-06-09,2025-06-10,2026-06-10,2026-06-10,2025-06-09,155.67672729492188,135.22499084472656,30,26,False,0.0277284365147352,19.964295999961905,0.0015072999522089,19540,True,True,,,28.12310791015625,790.909198526293,4.223702833581863
SPY,PatchTST,2026-06-17,739.0560302734375,2026-06-18,1,746.739990234375,706.2831420898438,7.6839599609375,-32.77288818359375,1.0,-1.0,False,1.279094814090779,31.62928009624467,7.9796960999956354,8403,expanding,original,PatchTST-HF-supervised-v1,5.15.0,cpu,"{""batch_size"":64,""context_length"":252,""d_model"":32,""dropout"":0.1,""ffn_dim"":64,""learning_rate"":0.001,""max_epochs"":30,""min_delta"":0.0001,""num_attention_heads"":4,""num_hidden_layers"":2,""patch_length"":21,""patch_stride"":7,""patience"":5,""prediction_length"":20,""seed"":2026,""validation_points"":252,""weight_decay"":0.0001,""window_stride"":5}",252,21,7,20,5,1576,47,2025-06-16,2025-06-17,2026-06-17,2026-06-17,2025-06-16,155.94512939453125,135.61692810058594,12,7,True,0.0693301558494567,7.963079800014384,0.0012076999992132,19540,True,True,,,40.45684814453125,1636.7565617896616,4.058033317840169
SPY,PatchTST,2026-06-17,739.0560302734375,2026-06-25,5,734.2999877929688,703.6495971679688,-4.75604248046875,-35.40643310546875,-1.0,-1.0,True,1.279094814090779,23.962563437322093,7.9796960999956354,8403,expanding,original,PatchTST-HF-supervised-v1,5.15.0,cpu,"{""batch_size"":64,""context_length"":252,""d_model"":32,""dropout"":0.1,""ffn_dim"":64,""learning_rate"":0.001,""max_epochs"":30,""min_delta"":0.0001,""num_attention_heads"":4,""num_hidden_layers"":2,""patch_length"":21,""patch_stride"":7,""patience"":5,""prediction_length"":20,""seed"":2026,""validation_points"":252,""weight_decay"":0.0001,""window_stride"":5}",252,21,7,20,5,1576,47,2025-06-16,2025-06-17,2026-06-17,2026-06-17,2025-06-16,155.94512939453125,135.61692810058594,12,7,True,0.0693301558494567,7.963079800014384,0.0012076999992132,19540,True,True,,,30.650390625,939.446445465088,4.038614319351119
SPY,PatchTST,2026-06-17,739.0560302734375,2026-07-17,20,743.2899780273438,702.970458984375,4.23394775390625,-36.0855712890625,1.0,-1.0,False,1.279094814090779,31.521915810149803,7.9796960999956354,8403,expanding,original,PatchTST-HF-supervised-v1,5.15.0,cpu,"{""batch_size"":64,""context_length"":252,""d_model"":32,""dropout"":0.1,""ffn_dim"":64,""learning_rate"":0.001,""max_epochs"":30,""min_delta"":0.0001,""num_attention_heads"":4,""num_hidden_layers"":2,""patch_length"":21,""patch_stride"":7,""patience"":5,""prediction_length"":20,""seed"":2026,""validation_points"":252,""weight_decay"":0.0001,""window_stride"":5}",252,21,7,20,5,1576,47,2025-06-16,2025-06-17,2026-06-17,2026-06-17,2025-06-16,155.94512939453125,135.61692810058594,12,7,True,0.0693301558494567,7.963079800014384,0.0012076999992132,19540,True,True,,,40.31951904296875,1625.6636158563197,4.033606550829109
SPY,PatchTST,2026-06-25,734.2999877929688,2026-06-26,1,728.989990234375,719.1852416992188,-5.30999755859375,-15.11474609375,-1.0,-1.0,True,1.280979967349858,7.654099818157737,16.132301999954507,8408,expanding,original,PatchTST-HF-supervised-v1,5.15.0,cpu,"{""batch_size"":64,""context_length"":252,""d_model"":32,""dropout"":0.1,""ffn_dim"":64,""learning_rate"":0.001,""max_epochs"":30,""min_delta"":0.0001,""num_attention_heads"":4,""num_hidden_layers"":2,""patch_length"":21,""patch_stride"":7,""patience"":5,""prediction_length"":20,""seed"":2026,""validation_points"":252,""weight_decay"":0.0001,""window_stride"":5}",252,21,7,20,5,1577,47,2025-06-24,2025-06-25,2026-06-25,2026-06-25,2025-06-24,156.21241760253906,136.00430297851562,24,19,True,0.041071131825447,16.11723350000102,0.0011269999668002,19540,True,True,,,9.80474853515625,96.13309383764864,4.139375091577886
SPY,PatchTST,2026-06-25,734.2999877929688,2026-07-02,5,744.780029296875,720.9745483398438,10.48004150390625,-13.325439453125,1.0,-1.0,False,1.280979967349858,18.583804246588628,16.132301999954507,8408,expanding,original,PatchTST-HF-supervised-v1,5.15.0,cpu,"{""batch_size"":64,""context_length"":252,""d_model"":32,""dropout"":0.1,""ffn_dim"":64,""learning_rate"":0.001,""max_epochs"":30,""min_delta"":0.0001,""num_attention_heads"":4,""num_hidden_layers"":2,""patch_length"":21,""patch_stride"":7,""patience"":5,""prediction_length"":20,""seed"":2026,""validation_points"":252,""weight_decay"":0.0001,""window_stride"":5}",252,21,7,20,5,1577,47,2025-06-24,2025-06-25,2026-06-25,2026-06-25,2025-06-24,156.21241760253906,136.00430297851562,24,19,True,0.041071131825447,16.11723350000102,0.0011269999668002,19540,True,True,,,23.80548095703125,566.7009235955775,4.152531341795261
SPY,PatchTST,2026-06-25,734.2999877929688,2026-07-24,20,738.9299926757812,725.0398559570312,4.6300048828125,-9.2601318359375,1.0,-1.0,False,1.280979967349858,10.84336763476986,16.132301999954507,8408,expanding,original,PatchTST-HF-supervised-v1,5.15.0,cpu,"{""batch_size"":64,""context_length"":252,""d_model"":32,""dropout"":0.1,""ffn_dim"":64,""learning_rate"":0.001,""max_epochs"":30,""min_delta"":0.0001,""num_attention_heads"":4,""num_hidden_layers"":2,""patch_length"":21,""patch_stride"":7,""patience"":5,""prediction_length"":20,""seed"":2026,""validation_points"":252,""weight_decay"":0.0001,""window_stride"":5}",252,21,7,20,5,1577,47,2025-06-24,2025-06-25,2026-06-25,2026-06-25,2025-06-24,156.21241760253906,136.00430297851562,24,19,True,0.041071131825447,16.11723350000102,0.0011269999668002,19540,True,True,,,13.89013671875,192.93589806556705,4.182422363830275
SPY,PatchTST,2026-07-02,744.780029296875,2026-07-06,1,751.280029296875,730.1118774414062,6.5,-14.66815185546875,1.0,-1.0,False,1.2832000240846528,16.496377383228825,9.892470799968578,8413,expanding,original,PatchTST-HF-supervised-v1,5.15.0,cpu,"{""batch_size"":64,""context_length"":252,""d_model"":32,""dropout"":0.1,""ffn_dim"":64,""learning_rate"":0.001,""max_epochs"":30,""min_delta"":0.0001,""num_attention_heads"":4,""num_hidden_layers"":2,""patch_length"":21,""patch_stride"":7,""patience"":5,""prediction_length"":20,""seed"":2026,""validation_points"":252,""weight_decay"":0.0001,""window_stride"":5}",252,21,7,20,5,1578,47,2025-07-01,2025-07-02,2026-07-02,2026-07-02,2025-07-01,156.48870849609375,136.41976928710938,15,10,True,0.0302617978304624,9.878023800090888,0.0012156000593677,19540,True,True,,,21.16815185546875,448.0906529761851,4.204839019614993
SPY,PatchTST,2026-07-02,744.780029296875,2026-07-10,5,754.9500122070312,725.6508178710938,10.16998291015625,-19.12921142578125,1.0,-1.0,False,1.2832000240846528,22.832912863166086,9.892470799968578,8413,expanding,original,PatchTST-HF-supervised-v1,5.15.0,cpu,"{""batch_size"":64,""context_length"":252,""d_model"":32,""dropout"":0.1,""ffn_dim"":64,""learning_rate"":0.001,""max_epochs"":30,""min_delta"":0.0001,""num_attention_heads"":4,""num_hidden_layers"":2,""patch_length"":21,""patch_stride"":7,""patience"":5,""prediction_length"":20,""seed"":2026,""validation_points"":252,""weight_decay"":0.0001,""window_stride"":5}",252,21,7,20,5,1578,47,2025-07-01,2025-07-02,2026-07-02,2026-07-02,2025-07-01,156.48870849609375,136.41976928710938,15,10,True,0.0302617978304624,9.878023800090888,0.0012156000593677,19540,True,True,,,29.2991943359375,858.4427887350321,4.172138043842752
SPY,PatchTST,2026-07-02,744.780029296875,2026-07-31,20,747.030029296875,731.2833862304688,2.25,-13.49664306640625,1.0,-1.0,False,1.2832000240846528,12.271386199231744,9.892470799968578,8413,expanding,original,PatchTST-HF-supervised-v1,5.15.0,cpu,"{""batch_size"":64,""context_length"":252,""d_model"":32,""dropout"":0.1,""ffn_dim"":64,""learning_rate"":0.001,""max_epochs"":30,""min_delta"":0.0001,""num_attention_heads"":4,""num_hidden_layers"":2,""patch_length"":21,""patch_stride"":7,""patience"":5,""prediction_length"":20,""seed"":2026,""validation_points"":252,""weight_decay"":0.0001,""window_stride"":5}",252,21,7,20,5,1578,47,2025-07-01,2025-07-02,2026-07-02,2026-07-02,2025-07-01,156.48870849609375,136.41976928710938,15,10,True,0.0302617978304624,9.878023800090888,0.0012156000593677,19540,True,True,,,15.74664306640625,247.95676786080003,4.213426549085131
SPY,PatchTST,2026-07-10,754.9500122070312,2026-07-13,1,749.1699829101562,728.666015625,-5.780029296875,-26.28399658203125,-1.0,-1.0,True,1.2850431977279173,15.955858387803056,19.89773470000364,8418,expanding,original,PatchTST-HF-supervised-v1,5.15.0,cpu,"{""batch_size"":64,""context_length"":252,""d_model"":32,""dropout"":0.1,""ffn_dim"":64,""learning_rate"":0.001,""max_epochs"":30,""min_delta"":0.0001,""num_attention_heads"":4,""num_hidden_layers"":2,""patch_length"":21,""patch_stride"":7,""patience"":5,""prediction_length"":20,""seed"":2026,""validation_points"":252,""weight_decay"":0.0001,""window_stride"":5}",252,21,7,20,5,1579,47,2025-07-09,2025-07-10,2026-07-10,2026-07-10,2025-07-09,156.76966857910156,136.84957885742188,30,26,False,0.0329367890954017,19.880974699975923,0.0013780000153928,19540,True,True,,,20.50396728515625,420.41267443075776,4.179014300378187
SPY,PatchTST,2026-07-10,754.9500122070312,2026-07-17,5,743.2899780273438,729.1834716796875,-11.6600341796875,-25.76654052734375,-1.0,-1.0,True,1.2850431977279173,10.977456923314282,19.89773470000364,8418,expanding,original,PatchTST-HF-supervised-v1,5.15.0,cpu,"{""batch_size"":64,""context_length"":252,""d_model"":32,""dropout"":0.1,""ffn_dim"":64,""learning_rate"":0.001,""max_epochs"":30,""min_delta"":0.0001,""num_attention_heads"":4,""num_hidden_layers"":2,""patch_length"":21,""patch_stride"":7,""patience"":5,""prediction_length"":20,""seed"":2026,""validation_points"":252,""weight_decay"":0.0001,""window_stride"":5}",252,21,7,20,5,1579,47,2025-07-09,2025-07-10,2026-07-10,2026-07-10,2025-07-09,156.76966857910156,136.84957885742188,30,26,False,0.0329367890954017,19.880974699975923,0.0013780000153928,19540,True,True,,,14.10650634765625,198.99352133646607,4.182795503499219
SPY,PatchTST,2026-07-10,754.9500122070312,2026-08-07,20,773.260009765625,736.3384399414062,18.30999755859375,-18.611572265625,1.0,-1.0,False,1.2850431977279173,28.73177328941137,19.89773470000364,8418,expanding,original,PatchTST-HF-supervised-v1,5.15.0,cpu,"{""batch_size"":64,""context_length"":252,""d_model"":32,""dropout"":0.1,""ffn_dim"":64,""learning_rate"":0.001,""max_epochs"":30,""min_delta"":0.0001,""num_attention_heads"":4,""num_hidden_layers"":2,""patch_length"":21,""patch_stride"":7,""patience"":5,""prediction_length"":20,""seed"":2026,""validation_points"":252,""weight_decay"":0.0001,""window_stride"":5}",252,21,7,20,5,1579,47,2025-07-09,2025-07-10,2026-07-10,2026-07-10,2025-07-09,156.76966857910156,136.84957885742188,30,26,False,0.0329367890954017,19.880974699975923,0.0013780000153928,19540,True,True,,,36.92156982421875,1363.2023182846606,4.2350789545807395
SPY,PatchTST,2026-07-17,743.2899780273438,2026-07-20,1,742.0900268554688,718.3927001953125,-1.199951171875,-24.89727783203125,-1.0,-1.0,True,1.2870041152638854,18.412782351746703,10.187951799947768,8423,expanding,original,PatchTST-HF-supervised-v1,5.15.0,cpu,"{""batch_size"":64,""context_length"":252,""d_model"":32,""dropout"":0.1,""ffn_dim"":64,""learning_rate"":0.001,""max_epochs"":30,""min_delta"":0.0001,""num_attention_heads"":4,""num_hidden_layers"":2,""patch_length"":21,""patch_stride"":7,""patience"":5,""prediction_length"":20,""seed"":2026,""validation_points"":252,""weight_decay"":0.0001,""window_stride"":5}",252,21,7,20,5,1580,47,2025-07-16,2025-07-17,2026-07-17,2026-07-17,2025-07-16,157.0514678955078,137.2808837890625,15,10,True,0.0617209561169147,10.17108969995752,0.0012161000631749,19540,True,True,,,23.69732666015625,561.5632908381522,4.08899780367329
SPY,PatchTST,2026-07-17,743.2899780273438,2026-07-24,5,738.9299926757812,716.6190185546875,-4.3599853515625,-26.67095947265625,-1.0,-1.0,True,1.2870041152638854,17.335588796092654,10.187951799947768,8423,expanding,original,PatchTST-HF-supervised-v1,5.15.0,cpu,"{""batch_size"":64,""context_length"":252,""d_model"":32,""dropout"":0.1,""ffn_dim"":64,""learning_rate"":0.001,""max_epochs"":30,""min_delta"":0.0001,""num_attention_heads"":4,""num_hidden_layers"":2,""patch_length"":21,""patch_stride"":7,""patience"":5,""prediction_length"":20,""seed"":2026,""validation_points"":252,""weight_decay"":0.0001,""window_stride"":5}",252,21,7,20,5,1580,47,2025-07-16,2025-07-17,2026-07-17,2026-07-17,2025-07-16,157.0514678955078,137.2808837890625,15,10,True,0.0617209561169147,10.17108969995752,0.0012161000631749,19540,True,True,,,22.31097412109375,497.77956623211503,4.076077711729896
SPY,PatchTST,2026-07-17,743.2899780273438,2026-08-14,20,776.3400268554688,727.7996215820312,33.050048828125,-15.4903564453125,1.0,-1.0,False,1.2870041152638854,37.715812014699615,10.187951799947768,8423,expanding,original,PatchTST-HF-supervised-v1,5.15.0,cpu,"{""batch_size"":64,""context_length"":252,""d_model"":32,""dropout"":0.1,""ffn_dim"":64,""learning_rate"":0.001,""max_epochs"":30,""min_delta"":0.0001,""num_attention_heads"":4,""num_hidden_layers"":2,""patch_length"":21,""patch_stride"":7,""patience"":5,""prediction_length"":20,""seed"":2026,""validation_points"":252,""weight_decay"":0.0001,""window_stride"":5}",252,21,7,20,5,1580,47,2025-07-16,2025-07-17,2026-07-17,2026-07-17,2025-07-16,157.0514678955078,137.2808837890625,15,10,True,0.0617209561169147,10.17108969995752,0.0012161000631749,19540,True,True,,,48.5404052734375,2356.170944109559,4.157520974030882
