dataset,model,origin,origin_actual,forecast_date,horizon,actual,forecast,actual_change,predicted_change,actual_direction,predicted_direction,direction_correct,mase_scale,scaled_absolute_error,elapsed_seconds,train_size,window,converged,iterations,warnflag,objective_value,forecast_is_finite,parameters_are_finite,parameters
SPY,Naive,2018-12-31,223.5733642578125,2019-01-02,1,223.8059539794922,223.5733642578125,0.2325897216796875,0.0,1.0,0.0,False,0.7032400627714837,0.33074014691803333,3.329990431666374e-05,6528,expanding,,,,,,,
SPY,Naive,2018-12-31,223.5733642578125,2019-01-08,5,229.70118713378903,223.5733642578125,6.127822875976534,0.0,1.0,0.0,False,0.7032400627714837,8.71369991610924,3.329990431666374e-05,6528,expanding,,,,,,,
SPY,Naive,2018-12-31,223.5733642578125,2019-01-30,20,239.3717041015625,223.5733642578125,15.79833984375,0.0,1.0,0.0,False,0.7032400627714837,22.46507370681985,3.329990431666374e-05,6528,expanding,,,,,,,
SPY,Naive,2019-01-08,229.70118713378903,2019-01-09,1,230.7747344970703,229.70118713378903,1.0735473632812784,0.0,1.0,0.0,False,0.7052750911584168,1.5221682670204233,2.510007470846176e-05,6533,expanding,,,,,,,
SPY,Naive,2019-01-08,229.70118713378903,2019-01-15,5,232.90382385253903,229.70118713378903,3.20263671875,0.0,1.0,0.0,False,0.7052750911584168,4.540975229239499,2.510007470846176e-05,6533,expanding,,,,,,,
SPY,Naive,2019-01-08,229.70118713378903,2019-02-06,20,243.98768615722656,229.70118713378903,14.286499023437528,0.0,1.0,0.0,False,0.7052750911584168,20.25663347896195,2.510007470846176e-05,6533,expanding,,,,,,,
SPY,Naive,2019-01-15,232.90382385253903,2019-01-16,1,233.4674072265625,232.90382385253903,0.5635833740234659,0.0,1.0,0.0,False,0.7056580091700818,0.7986636114090044,1.910002902150154e-05,6538,expanding,,,,,,,
SPY,Naive,2019-01-15,232.90382385253903,2019-01-23,5,235.6412506103516,232.90382385253903,2.737426757812557,0.0,1.0,0.0,False,0.7056580091700818,3.8792541461153687,1.910002902150154e-05,6538,expanding,,,,,,,
SPY,Naive,2019-01-15,232.90382385253903,2019-02-13,20,246.0004119873047,232.90382385253903,13.096588134765653,0.0,1.0,0.0,False,0.7056580091700818,18.559398411942404,1.910002902150154e-05,6538,expanding,,,,,,,
SPY,Naive,2019-01-23,235.6412506103516,2019-01-24,1,235.7664794921875,235.6412506103516,0.12522888183590908,0.0,1.0,0.0,False,0.7065216771180899,0.17724704830957083,2.789997961372137e-05,6543,expanding,,,,,,,
SPY,Naive,2019-01-23,235.6412506103516,2019-01-30,5,239.3717041015625,235.6412506103516,3.730453491210909,0.0,1.0,0.0,False,0.7065216771180899,5.280026943302677,2.789997961372137e-05,6543,expanding,,,,,,,
SPY,Naive,2019-01-23,235.6412506103516,2019-02-21,20,248.17434692382807,235.6412506103516,12.533096313476477,0.0,1.0,0.0,False,0.7065216771180899,17.739153262217123,2.789997961372137e-05,6543,expanding,,,,,,,
SPY,Naive,2019-01-30,239.3717041015625,2019-01-31,1,241.47390747070312,239.3717041015625,2.102203369140625,0.0,1.0,0.0,False,0.7071995616450791,2.9725744798971663,3.270001616328955e-05,6548,expanding,,,,,,,
SPY,Naive,2019-01-30,239.3717041015625,2019-02-06,5,243.98768615722656,239.3717041015625,4.6159820556640625,0.0,1.0,0.0,False,0.7071995616450791,6.527127993301383,3.270001616328955e-05,6548,expanding,,,,,,,
SPY,Naive,2019-01-30,239.3717041015625,2019-02-28,20,249.30145263671875,239.3717041015625,9.92974853515625,0.0,1.0,0.0,False,0.7071995616450791,14.040942717862817,3.270001616328955e-05,6548,expanding,,,,,,,
SPY,Naive,2019-02-06,243.98768615722656,2019-02-07,1,241.66180419921875,243.98768615722656,-2.3258819580078125,0.0,-1.0,0.0,False,0.7074627055353299,3.287638966421334,3.0499999411404133e-05,6553,expanding,,,,,,,
SPY,Naive,2019-02-06,243.98768615722656,2019-02-13,5,246.0004119873047,243.98768615722656,2.012725830078125,0.0,1.0,0.0,False,0.7074627055353299,2.8449921307938286,3.0499999411404133e-05,6553,expanding,,,,,,,
SPY,Naive,2019-02-06,243.98768615722656,2019-03-07,20,246.01837158203125,243.98768615722656,2.0306854248046875,0.0,1.0,0.0,False,0.7074627055353299,2.8703780551486293,3.0499999411404133e-05,6553,expanding,,,,,,,
SPY,Naive,2019-02-13,246.0004119873047,2019-02-14,1,245.45480346679688,246.0004119873047,-0.5456085205078125,0.0,-1.0,0.0,False,0.7079396273316417,0.770699222706764,2.5400076992809772e-05,6558,expanding,,,,,,,
SPY,Naive,2019-02-13,246.0004119873047,2019-02-21,5,248.17434692382807,246.0004119873047,2.1739349365233807,0.0,1.0,0.0,False,0.7079396273316417,3.070791424287622,2.5400076992809772e-05,6558,expanding,,,,,,,
SPY,Naive,2019-02-13,246.0004119873047,2019-03-14,20,251.52012634277344,246.0004119873047,5.51971435546875,0.0,1.0,0.0,False,0.7079396273316417,7.796871572613609,2.5400076992809772e-05,6558,expanding,,,,,,,
SPY,Naive,2019-02-21,248.17434692382807,2019-02-22,1,249.7130126953125,248.17434692382807,1.5386657714844318,0.0,1.0,0.0,False,0.7081676891249007,2.172742127483671,2.9699993319809437e-05,6563,expanding,,,,,,,
SPY,Naive,2019-02-21,248.17434692382807,2019-02-28,5,249.30145263671875,248.17434692382807,1.1271057128906818,0.0,1.0,0.0,False,0.7081676891249007,1.5915802573306792,2.9699993319809437e-05,6563,expanding,,,,,,,
SPY,Naive,2019-02-21,248.17434692382807,2019-03-21,20,255.83563232421875,248.17434692382807,7.661285400390682,0.0,1.0,0.0,False,0.7081676891249007,10.818462234358519,2.9699993319809437e-05,6563,expanding,,,,,,,
SPY,Naive,2019-02-28,249.30145263671875,2019-03-01,1,250.8580322265625,249.30145263671875,1.55657958984375,0.0,1.0,0.0,False,0.7080290091351795,2.1984686640806297,1.7999904230237007e-05,6568,expanding,,,,,,,
SPY,Naive,2019-02-28,249.30145263671875,2019-03-07,5,246.01837158203125,249.30145263671875,-3.2830810546875,0.0,-1.0,0.0,False,0.7080290091351795,4.636930143155592,1.7999904230237007e-05,6568,expanding,,,,,,,
SPY,Naive,2019-02-28,249.30145263671875,2019-03-28,20,252.2235870361328,249.30145263671875,2.9221343994140625,0.0,1.0,0.0,False,0.7080290091351795,4.127139371003029,1.7999904230237007e-05,6568,expanding,,,,,,,
SPY,Naive,2019-03-07,246.01837158203125,2019-03-08,1,245.5263671875,246.01837158203125,-0.49200439453125,0.0,-1.0,0.0,False,0.7084635945260345,0.6944667281886281,2.729997504502535e-05,6573,expanding,,,,,,,
SPY,Naive,2019-03-07,246.01837158203125,2019-03-14,5,251.52012634277344,246.01837158203125,5.5017547607421875,0.0,1.0,0.0,False,0.7084635945260345,7.765755083608619,2.729997504502535e-05,6573,expanding,,,,,,,
SPY,Naive,2019-03-07,246.01837158203125,2019-04-04,20,258.0368957519531,246.01837158203125,12.018524169921875,0.0,1.0,0.0,False,0.7084635945260345,16.96420855324588,2.729997504502535e-05,6573,expanding,,,,,,,
SPY,Naive,2019-03-14,251.52012634277344,2019-03-15,1,252.7626495361328,251.52012634277344,1.242523193359375,0.0,1.0,0.0,False,0.7089600646425133,1.7525996954227685,1.7900019884109497e-05,6578,expanding,,,,,,,
SPY,Naive,2019-03-14,251.52012634277344,2019-03-21,5,255.83563232421875,251.52012634277344,4.3155059814453125,0.0,1.0,0.0,False,0.7089600646425133,6.087093189968842,1.7900019884109497e-05,6578,expanding,,,,,,,
SPY,Naive,2019-03-14,251.52012634277344,2019-04-11,20,258.9624328613281,251.52012634277344,7.4423065185546875,0.0,1.0,0.0,False,0.7089600646425133,10.497497517448185,1.7900019884109497e-05,6578,expanding,,,,,,,
SPY,Naive,2019-03-21,255.83563232421875,2019-03-22,1,250.91177368164065,255.83563232421875,-4.923858642578097,0.0,-1.0,0.0,False,0.7093092386065484,6.941765840032073,1.6400008462369442e-05,6583,expanding,,,,,,,
SPY,Naive,2019-03-21,255.83563232421875,2019-03-28,5,252.2235870361328,255.83563232421875,-3.6120452880859375,0.0,-1.0,0.0,False,0.7093092386065484,5.0923420864810245,1.6400008462369442e-05,6583,expanding,,,,,,,
SPY,Naive,2019-03-21,255.83563232421875,2019-04-18,20,260.5888061523437,255.83563232421875,4.753173828124943,0.0,1.0,0.0,False,0.7093092386065484,6.701130578057385,1.6400008462369442e-05,6583,expanding,,,,,,,
SPY,Naive,2019-03-28,252.2235870361328,2019-03-29,1,253.81393432617188,252.2235870361328,1.5903472900390625,0.0,1.0,0.0,False,0.7101757871339115,2.23937132024354,3.699993249028921e-05,6588,expanding,,,,,,,
SPY,Naive,2019-03-28,252.2235870361328,2019-04-04,5,258.0368957519531,252.2235870361328,5.8133087158203125,0.0,1.0,0.0,False,0.7101757871339115,8.185732069634962,3.699993249028921e-05,6588,expanding,,,,,,,
SPY,Naive,2019-03-28,252.2235870361328,2019-04-26,20,263.634765625,252.2235870361328,11.411178588867188,0.0,1.0,0.0,False,0.7101757871339115,16.068104257566702,3.699993249028921e-05,6588,expanding,,,,,,,
SPY,Naive,2019-04-04,258.0368957519531,2019-04-05,1,259.28594970703125,258.0368957519531,1.249053955078125,0.0,1.0,0.0,False,0.7105189955350266,1.7579459000073279,1.610000617802143e-05,6593,expanding,,,,,,,
SPY,Naive,2019-04-04,258.0368957519531,2019-04-11,5,258.9624328613281,258.0368957519531,0.925537109375,0.0,1.0,0.0,False,0.7105189955350266,1.3026212039244116,1.610000617802143e-05,6593,expanding,,,,,,,
SPY,Naive,2019-04-04,258.0368957519531,2019-05-03,20,264.19189453125,258.0368957519531,6.154998779296875,0.0,1.0,0.0,False,0.7105189955350266,8.662680122523833,1.610000617802143e-05,6593,expanding,,,,,,,
SPY,Naive,2019-04-11,258.9624328613281,2019-04-12,1,260.7145690917969,258.9624328613281,1.75213623046875,0.0,1.0,0.0,False,0.7105456993076429,2.465902238485202,2.5999965146183968e-05,6598,expanding,,,,,,,
SPY,Naive,2019-04-11,258.9624328613281,2019-04-18,5,260.5888061523437,258.9624328613281,1.6263732910155682,0.0,1.0,0.0,False,0.7105456993076429,2.288907374431102,2.5999965146183968e-05,6598,expanding,,,,,,,
SPY,Naive,2019-04-11,258.9624328613281,2019-05-10,20,258.8636779785156,258.9624328613281,-0.0987548828125,0.0,-1.0,0.0,False,0.7105456993076429,0.13898456201863857,2.5999965146183968e-05,6598,expanding,,,,,,,
SPY,Naive,2019-04-18,260.5888061523437,2019-04-22,1,260.8134460449219,260.5888061523437,0.22463989257818184,0.0,1.0,0.0,False,0.7104988699066247,0.31617206176232837,2.8499984182417393e-05,6603,expanding,,,,,,,
SPY,Naive,2019-04-18,260.5888061523437,2019-04-26,5,263.634765625,260.5888061523437,3.045959472656307,0.0,1.0,0.0,False,0.7104988699066247,4.287071523500964,2.8499984182417393e-05,6603,expanding,,,,,,,
SPY,Naive,2019-04-18,260.5888061523437,2019-05-17,20,256.83306884765625,260.5888061523437,-3.755737304687443,0.0,-1.0,0.0,False,0.7104988699066247,5.28605669025347,2.8499984182417393e-05,6603,expanding,,,,,,,
SPY,Naive,2019-04-26,263.634765625,2019-04-29,1,264.0481262207031,263.634765625,0.413360595703125,0.0,1.0,0.0,False,0.7106479513711932,0.5816671882407413,2.6699970476329327e-05,6608,expanding,,,,,,,
SPY,Naive,2019-04-26,263.634765625,2019-05-03,5,264.19189453125,263.634765625,0.55712890625,0.0,1.0,0.0,False,0.7106479513711932,0.7839731405332575,2.6699970476329327e-05,6608,expanding,,,,,,,
SPY,Naive,2019-04-26,263.634765625,2019-05-24,20,254.08352661132807,263.634765625,-9.551239013671932,0.0,-1.0,0.0,False,0.7106479513711932,13.440183701708904,2.6699970476329327e-05,6608,expanding,,,,,,,
SPY,Naive,2019-05-03,264.19189453125,2019-05-06,1,263.10467529296875,264.19189453125,-1.08721923828125,0.0,-1.0,0.0,False,0.7109667033191458,1.5292125963221208,2.2900057956576347e-05,6613,expanding,,,,,,,
SPY,Naive,2019-05-03,264.19189453125,2019-05-10,5,258.8636779785156,264.19189453125,-5.328216552734375,0.0,-1.0,0.0,False,0.7109667033191458,7.494326426061323,2.2900057956576347e-05,6613,expanding,,,,,,,
SPY,Naive,2019-05-03,264.19189453125,2019-06-03,20,246.70672607421875,264.19189453125,-17.48516845703125,0.0,-1.0,0.0,False,0.7109667033191458,24.59351243230069,2.2900057956576347e-05,6613,expanding,,,,,,,
SPY,Naive,2019-05-10,258.8636779785156,2019-05-13,1,252.3583831787109,258.8636779785156,-6.505294799804716,0.0,-1.0,0.0,False,0.7116257862254215,9.141454575880188,2.2300053387880325e-05,6618,expanding,,,,,,,
SPY,Naive,2019-05-10,258.8636779785156,2019-05-17,5,256.83306884765625,258.8636779785156,-2.030609130859375,0.0,-1.0,0.0,False,0.7116257862254215,2.8534788510546463,2.2300053387880325e-05,6618,expanding,,,,,,,
SPY,Naive,2019-05-10,258.8636779785156,2019-06-10,20,259.6453857421875,258.8636779785156,0.781707763671875,0.0,1.0,0.0,False,0.7116257862254215,1.098481503625915,2.2300053387880325e-05,6618,expanding,,,,,,,
SPY,Naive,2019-05-17,256.83306884765625,2019-05-20,1,255.1347503662109,256.83306884765625,-1.698318481445341,0.0,-1.0,0.0,False,0.7132513160901429,2.3810940732014045,2.429995220154524e-05,6623,expanding,,,,,,,
SPY,Naive,2019-05-17,256.83306884765625,2019-05-24,5,254.08352661132807,256.83306884765625,-2.749542236328182,0.0,-1.0,0.0,False,0.7132513160901429,3.8549416934839362,2.429995220154524e-05,6623,expanding,,,,,,,
SPY,Naive,2019-05-17,256.83306884765625,2019-06-17,20,260.0046691894531,256.83306884765625,3.171600341796875,0.0,1.0,0.0,False,0.7132513160901429,4.446679971349732,2.429995220154524e-05,6623,expanding,,,,,,,
SPY,Naive,2019-05-24,254.08352661132807,2019-05-28,1,251.72039794921875,254.08352661132807,-2.363128662109318,0.0,-1.0,0.0,False,0.7139958395611851,3.309723294132462,6.580003537237644e-05,6628,expanding,,,,,,,
SPY,Naive,2019-05-24,254.08352661132807,2019-06-03,5,246.70672607421875,254.08352661132807,-7.376800537109318,0.0,-1.0,0.0,False,0.7139958395611851,10.331713615646596,6.580003537237644e-05,6628,expanding,,,,,,,
SPY,Naive,2019-05-24,254.08352661132807,2019-06-24,20,265.1246643066406,254.08352661132807,11.041137695312557,0.0,1.0,0.0,False,0.7139958395611851,15.463868391863926,6.580003537237644e-05,6628,expanding,,,,,,,
SPY,Naive,2019-06-03,246.70672607421875,2019-06-04,1,252.0618438720703,246.70672607421875,5.3551177978515625,0.0,1.0,0.0,False,0.7147757906390331,7.492024587268003,1.6400008462369442e-05,6633,expanding,,,,,,,
SPY,Naive,2019-06-03,246.70672607421875,2019-06-10,5,259.6453857421875,246.70672607421875,12.93865966796875,0.0,1.0,0.0,False,0.7147757906390331,18.101703831352715,1.6400008462369442e-05,6633,expanding,,,,,,,
SPY,Naive,2019-06-03,246.70672607421875,2019-07-01,20,266.9485778808594,246.70672607421875,20.241851806640625,0.0,1.0,0.0,False,0.7147757906390331,28.31916255661617,1.6400008462369442e-05,6633,expanding,,,,,,,
SPY,Naive,2019-06-10,259.6453857421875,2019-06-11,1,259.58251953125,259.6453857421875,-0.0628662109375,0.0,-1.0,0.0,False,0.7161867866786253,0.08777907119600346,1.989991869777441e-05,6638,expanding,,,,,,,
SPY,Naive,2019-06-10,259.6453857421875,2019-06-17,5,260.0046691894531,259.6453857421875,0.359283447265625,0.0,1.0,0.0,False,0.7161867866786253,0.5016616530051208,1.989991869777441e-05,6638,expanding,,,,,,,
SPY,Naive,2019-06-10,259.6453857421875,2019-07-09,20,268.32989501953125,259.6453857421875,8.68450927734375,0.0,1.0,0.0,False,0.7161867866786253,12.126039517733734,1.989991869777441e-05,6638,expanding,,,,,,,
SPY,Naive,2019-06-17,260.0046691894531,2019-06-18,1,262.72723388671875,260.0046691894531,2.722564697265625,0.0,1.0,0.0,False,0.7159452326360219,3.8027555365394052,1.71000137925148e-05,6643,expanding,,,,,,,
SPY,Naive,2019-06-17,260.0046691894531,2019-06-24,5,265.1246643066406,260.0046691894531,5.1199951171875,0.0,1.0,0.0,False,0.7159452326360219,7.1513781834070045,1.71000137925148e-05,6643,expanding,,,,,,,
SPY,Naive,2019-06-17,260.0046691894531,2019-07-16,20,270.6684265136719,260.0046691894531,10.66375732421875,0.0,1.0,0.0,False,0.7159452326360219,14.894655119018129,1.71000137925148e-05,6643,expanding,,,,,,,
SPY,Naive,2019-06-24,265.1246643066406,2019-06-25,1,262.5243835449219,265.1246643066406,-2.60028076171875,0.0,-1.0,0.0,False,0.7163910525032,3.629694637632475,2.5000073947012424e-05,6648,expanding,,,,,,,
SPY,Naive,2019-06-24,265.1246643066406,2019-07-01,5,266.9485778808594,265.1246643066406,1.82391357421875,0.0,1.0,0.0,False,0.7163910525032,2.545974810608907,2.5000073947012424e-05,6648,expanding,,,,,,,
SPY,Naive,2019-06-24,265.1246643066406,2019-07-23,20,270.8941650390625,265.1246643066406,5.769500732421875,0.0,1.0,0.0,False,0.7163910525032,8.05356336076811,2.5000073947012424e-05,6648,expanding,,,,,,,
SPY,Naive,2019-07-01,266.9485778808594,2019-07-02,1,267.64373779296875,266.9485778808594,0.695159912109375,0.0,1.0,0.0,False,0.7169872852814034,0.969556819737101,1.6600009985268116e-05,6653,expanding,,,,,,,
SPY,Naive,2019-07-01,266.9485778808594,2019-07-09,5,268.32989501953125,266.9485778808594,1.381317138671875,0.0,1.0,0.0,False,0.7169872852814034,1.9265573700232845,1.6600009985268116e-05,6653,expanding,,,,,,,
SPY,Naive,2019-07-01,266.9485778808594,2019-07-30,20,271.5172119140625,266.9485778808594,4.568634033203125,0.0,1.0,0.0,False,0.7169872852814034,6.371987519151091,1.6600009985268116e-05,6653,expanding,,,,,,,
SPY,Naive,2019-07-09,268.32989501953125,2019-07-10,1,269.6120300292969,268.32989501953125,1.282135009765625,0.0,1.0,0.0,False,0.7171933112675246,1.7877118896991053,1.680001150816679e-05,6658,expanding,,,,,,,
SPY,Naive,2019-07-09,268.32989501953125,2019-07-16,5,270.6684265136719,268.32989501953125,2.338531494140625,0.0,1.0,0.0,False,0.7171933112675246,3.260671087419435,1.680001150816679e-05,6658,expanding,,,,,,,
SPY,Naive,2019-07-09,268.32989501953125,2019-08-06,20,259.8517761230469,268.32989501953125,-8.478118896484375,0.0,-1.0,0.0,False,0.7171933112675246,11.821246466312763,1.680001150816679e-05,6658,expanding,,,,,,,
SPY,Naive,2019-07-16,270.6684265136719,2019-07-17,1,268.8265686035156,270.6684265136719,-1.84185791015625,0.0,-1.0,0.0,False,0.7172689778566433,2.567876162245472,2.8199981898069382e-05,6663,expanding,,,,,,,
SPY,Naive,2019-07-16,270.6684265136719,2019-07-23,5,270.8941650390625,270.6684265136719,0.225738525390625,0.0,1.0,0.0,False,0.7172689778566433,0.3147194878902767,2.8199981898069382e-05,6663,expanding,,,,,,,
SPY,Naive,2019-07-16,270.6684265136719,2019-08-13,20,264.1405029296875,270.6684265136719,-6.527923583984375,0.0,-1.0,0.0,False,0.7172689778566433,9.101081721798758,2.8199981898069382e-05,6663,expanding,,,,,,,
SPY,Naive,2019-07-23,270.8941650390625,2019-07-24,1,272.1672058105469,270.8941650390625,1.273040771484375,0.0,1.0,0.0,False,0.717767044005588,1.7736127370518617,2.480007242411375e-05,6668,expanding,,,,,,,
SPY,Naive,2019-07-23,270.8941650390625,2019-07-30,5,271.5172119140625,270.8941650390625,0.623046875,0.0,1.0,0.0,False,0.717767044005588,0.8680349428179506,2.480007242411375e-05,6668,expanding,,,,,,,
SPY,Naive,2019-07-23,270.8941650390625,2019-08-20,20,261.91949462890625,270.8941650390625,-8.97467041015625,0.0,-1.0,0.0,False,0.717767044005588,12.503597769092307,2.480007242411375e-05,6668,expanding,,,,,,,
SPY,Naive,2019-07-30,271.5172119140625,2019-07-31,1,268.54669189453125,271.5172119140625,-2.97052001953125,0.0,-1.0,0.0,False,0.7180613659554536,4.136860943045824,2.8199981898069382e-05,6673,expanding,,,,,,,
SPY,Naive,2019-07-30,271.5172119140625,2019-08-06,5,259.8517761230469,271.5172119140625,-11.665435791015625,0.0,-1.0,0.0,False,0.7180613659554536,16.245736568062785,2.8199981898069382e-05,6673,expanding,,,,,,,
SPY,Naive,2019-07-30,271.5172119140625,2019-08-27,20,259.0121154785156,271.5172119140625,-12.505096435546875,0.0,-1.0,0.0,False,0.7180613659554536,17.41508042130574,2.8199981898069382e-05,6673,expanding,,,,,,,
SPY,Naive,2019-08-06,259.8517761230469,2019-08-07,1,260.0052185058594,259.8517761230469,0.1534423828125,0.0,1.0,0.0,False,0.7203471258191162,0.21301172353262138,2.5499961338937283e-05,6678,expanding,,,,,,,
SPY,Naive,2019-08-06,259.8517761230469,2019-08-13,5,264.1405029296875,259.8517761230469,4.288726806640625,0.0,1.0,0.0,False,0.7203471258191162,5.953694618776826,2.5499961338937283e-05,6678,expanding,,,,,,,
SPY,Naive,2019-08-06,259.8517761230469,2019-09-04,20,265.48590087890625,259.8517761230469,5.634124755859375,0.0,1.0,0.0,False,0.7203471258191162,7.821402423800522,2.5499961338937283e-05,6678,expanding,,,,,,,
SPY,Naive,2019-08-13,264.1405029296875,2019-08-14,1,256.3305358886719,264.1405029296875,-7.809967041015625,0.0,-1.0,0.0,False,0.7219497568769322,10.817881669218371,2.2300053387880325e-05,6683,expanding,,,,,,,
SPY,Naive,2019-08-13,264.1405029296875,2019-08-20,5,261.91949462890625,264.1405029296875,-2.22100830078125,0.0,-1.0,0.0,False,0.7219497568769322,3.076402865469565,2.2300053387880325e-05,6683,expanding,,,,,,,
SPY,Naive,2019-08-13,264.1405029296875,2019-09-11,20,271.0927429199219,264.1405029296875,6.952239990234375,0.0,1.0,0.0,False,0.7219497568769322,9.629811387857417,2.2300053387880325e-05,6683,expanding,,,,,,,
SPY,Naive,2019-08-20,261.91949462890625,2019-08-21,1,264.0503234863281,261.91949462890625,2.130828857421875,0.0,1.0,0.0,False,0.7240185709799711,2.943058289979721,1.95999164134264e-05,6688,expanding,,,,,,,
SPY,Naive,2019-08-20,261.91949462890625,2019-08-27,5,259.0121154785156,261.91949462890625,-2.907379150390625,0.0,-1.0,0.0,False,0.7240185709799711,4.015614055942569,1.95999164134264e-05,6688,expanding,,,,,,,
SPY,Naive,2019-08-20,261.91949462890625,2019-09-18,20,271.8602294921875,261.91949462890625,9.94073486328125,0.0,1.0,0.0,False,0.7240185709799711,13.729944592203347,1.95999164134264e-05,6688,expanding,,,,,,,
SPY,Naive,2019-08-27,259.0121154785156,2019-08-28,1,260.8359680175781,259.0121154785156,1.8238525390625,0.0,1.0,0.0,False,0.7253988657037584,2.514275421830247,1.6400008462369442e-05,6693,expanding,,,,,,,
SPY,Naive,2019-08-27,259.0121154785156,2019-09-04,5,265.48590087890625,259.0121154785156,6.473785400390625,0.0,1.0,0.0,False,0.7253988657037584,8.924449301571444,1.6400008462369442e-05,6693,expanding,,,,,,,
SPY,Naive,2019-08-27,259.0121154785156,2019-09-25,20,269.9591369628906,259.0121154785156,10.947021484375,0.0,1.0,0.0,False,0.7253988657037584,15.091037499423928,1.6400008462369442e-05,6693,expanding,,,,,,,
SPY,Naive,2019-09-04,265.48590087890625,2019-09-05,1,268.898681640625,265.48590087890625,3.41278076171875,0.0,1.0,0.0,False,0.7263200784665855,4.698728374580871,1.580000389367342e-05,6698,expanding,,,,,,,
SPY,Naive,2019-09-04,265.48590087890625,2019-09-11,5,271.0927429199219,265.48590087890625,5.606842041015625,0.0,1.0,0.0,False,0.7263200784665855,7.719519544128325,1.580000389367342e-05,6698,expanding,,,,,,,
SPY,Naive,2019-09-04,265.48590087890625,2019-10-02,20,261.2876281738281,265.48590087890625,-4.198272705078125,0.0,-1.0,0.0,False,0.7263200784665855,5.780196403136151,1.580000389367342e-05,6698,expanding,,,,,,,
SPY,Naive,2019-09-11,271.0927429199219,2019-09-12,1,272.0318298339844,271.0927429199219,0.9390869140625,0.0,1.0,0.0,False,0.7266336359646172,1.2923801866340083,1.5700003132224083e-05,6703,expanding,,,,,,,
SPY,Naive,2019-09-11,271.0927429199219,2019-09-18,5,271.8602294921875,271.0927429199219,0.767486572265625,0.0,1.0,0.0,False,0.7266336359646172,1.0562221926965643,1.5700003132224083e-05,6703,expanding,,,,,,,
SPY,Naive,2019-09-11,271.0927429199219,2019-10-09,20,264.1993408203125,271.0927429199219,-6.893402099609375,0.0,-1.0,0.0,False,0.7266336359646172,9.486764386372341,1.5700003132224083e-05,6703,expanding,,,,,,,
SPY,Naive,2019-09-18,271.8602294921875,2019-09-19,1,271.8422241210937,271.8602294921875,-0.018005371093806843,0.0,-1.0,0.0,False,0.7265106071493782,0.024783356108804548,1.6200006939470768e-05,6708,expanding,,,,,,,
SPY,Naive,2019-09-18,271.8602294921875,2019-09-25,5,269.9591369628906,271.8602294921875,-1.901092529296875,0.0,-1.0,0.0,False,0.7265106071493782,2.616744353886619,1.6200006939470768e-05,6708,expanding,,,,,,,
SPY,Naive,2019-09-18,271.8602294921875,2019-10-16,20,270.6666564941406,271.8602294921875,-1.193572998046875,0.0,-1.0,0.0,False,0.7265106071493782,1.642884475878635,1.6200006939470768e-05,6708,expanding,,,,,,,
SPY,Naive,2019-09-25,269.9591369628906,2019-09-26,1,269.396728515625,269.9591369628906,-0.562408447265625,0.0,-1.0,0.0,False,0.7267256465088912,0.7738937657799368,2.8399983420968056e-05,6713,expanding,,,,,,,
SPY,Naive,2019-09-25,269.9591369628906,2019-10-02,5,261.2876281738281,269.9591369628906,-8.6715087890625,0.0,-1.0,0.0,False,0.7267256465088912,11.932300491553393,2.8399983420968056e-05,6713,expanding,,,,,,,
SPY,Naive,2019-09-25,269.9591369628906,2019-10-23,20,272.0090637207031,269.9591369628906,2.0499267578125,0.0,1.0,0.0,False,0.7267256465088912,2.8207711777616757,2.8399983420968056e-05,6713,expanding,,,,,,,
SPY,Naive,2019-10-02,261.2876281738281,2019-10-03,1,263.4283447265625,261.2876281738281,2.140716552734375,0.0,1.0,0.0,False,0.7278456841974685,2.9411681613455674,2.550007775425911e-05,6718,expanding,,,,,,,
SPY,Naive,2019-10-02,261.2876281738281,2019-10-09,5,264.1993408203125,261.2876281738281,2.911712646484375,0.0,1.0,0.0,False,0.7278456841974685,4.000453268737679,2.550007775425911e-05,6718,expanding,,,,,,,
SPY,Naive,2019-10-02,261.2876281738281,2019-10-30,20,275.87310791015625,261.2876281738281,14.585479736328125,0.0,1.0,0.0,False,0.7278456841974685,20.039247402298265,2.550007775425911e-05,6718,expanding,,,,,,,
SPY,Naive,2019-10-09,264.1993408203125,2019-10-10,1,265.98614501953125,264.1993408203125,1.78680419921875,0.0,1.0,0.0,False,0.7293080979959842,2.449999121261079,3.239989746361971e-05,6723,expanding,,,,,,,
SPY,Naive,2019-10-09,264.1993408203125,2019-10-16,5,270.6666564941406,264.1993408203125,6.467315673828125,0.0,1.0,0.0,False,0.7293080979959842,8.867741482096825,3.239989746361971e-05,6723,expanding,,,,,,,
SPY,Naive,2019-10-09,264.1993408203125,2019-11-06,20,278.5581359863281,264.1993408203125,14.358795166015625,0.0,1.0,0.0,False,0.7293080979959842,19.68824315192876,3.239989746361971e-05,6723,expanding,,,,,,,
SPY,Naive,2019-10-16,270.6666564941406,2019-10-17,1,271.4648132324219,270.6666564941406,0.79815673828125,0.0,1.0,0.0,False,0.7299458285541971,1.0934465367959676,5.9299985878169537e-05,6728,expanding,,,,,,,
SPY,Naive,2019-10-16,270.6666564941406,2019-10-23,5,272.0090637207031,270.6666564941406,1.3424072265625,0.0,1.0,0.0,False,0.7299458285541971,1.8390504802546848,5.9299985878169537e-05,6728,expanding,,,,,,,
SPY,Naive,2019-10-16,270.6666564941406,2019-11-13,20,280.3722839355469,270.6666564941406,9.70562744140625,0.0,1.0,0.0,False,0.7299458285541971,13.296366746324416,5.9299985878169537e-05,6728,expanding,,,,,,,
SPY,Naive,2019-10-23,272.0090637207031,2019-10-24,1,272.45343017578125,272.0090637207031,0.444366455078125,0.0,1.0,0.0,False,0.730220140762012,0.6085376590878635,2.9199989512562752e-05,6733,expanding,,,,,,,
SPY,Naive,2019-10-23,272.0090637207031,2019-10-30,5,275.87310791015625,272.0090637207031,3.864044189453125,0.0,1.0,0.0,False,0.730220140762012,5.29161546464721,2.9199989512562752e-05,6733,expanding,,,,,,,
SPY,Naive,2019-10-23,272.0090637207031,2019-11-20,20,281.8868408203125,272.0090637207031,9.877777099609375,0.0,1.0,0.0,False,0.730220140762012,13.52712223097756,2.9199989512562752e-05,6733,expanding,,,,,,,
SPY,Naive,2019-10-30,275.87310791015625,2019-10-31,1,275.13836669921875,275.87310791015625,-0.7347412109375,0.0,-1.0,0.0,False,0.7302759563213327,1.0061144757368987,2.6400084607303143e-05,6738,expanding,,,,,,,
SPY,Naive,2019-10-30,275.87310791015625,2019-11-06,5,278.5581359863281,275.87310791015625,2.685028076171875,0.0,1.0,0.0,False,0.7302759563213327,3.6767307658564365,2.6400084607303143e-05,6738,expanding,,,,,,,
SPY,Naive,2019-10-30,275.87310791015625,2019-11-27,20,286.1592712402344,275.87310791015625,10.286163330078125,0.0,1.0,0.0,False,0.7302759563213327,14.085310136586305,2.6400084607303143e-05,6738,expanding,,,,,,,
SPY,Naive,2019-11-06,278.5581359863281,2019-11-07,1,279.5376892089844,278.5581359863281,0.97955322265625,0.0,1.0,0.0,False,0.7304420810677965,1.3410416076032894,3.060000017285347e-05,6743,expanding,,,,,,,
SPY,Naive,2019-11-06,278.5581359863281,2019-11-13,5,280.3722839355469,278.5581359863281,1.81414794921875,0.0,1.0,0.0,False,0.7304420810677965,2.4836301141997987,3.060000017285347e-05,6743,expanding,,,,,,,
SPY,Naive,2019-11-06,278.5581359863281,2019-12-05,20,283.0207824707031,278.5581359863281,4.462646484375,0.0,1.0,0.0,False,0.7304420810677965,6.109514498194411,3.060000017285347e-05,6743,expanding,,,,,,,
SPY,Naive,2019-11-13,280.3722839355469,2019-11-14,1,280.7803039550781,280.3722839355469,0.40802001953125,0.0,1.0,0.0,False,0.7303283078521736,0.5586802745346107,2.519995905458927e-05,6748,expanding,,,,,,,
SPY,Naive,2019-11-13,280.3722839355469,2019-11-20,5,281.8868408203125,280.3722839355469,1.514556884765625,0.0,1.0,0.0,False,0.7303283078521736,2.0738027931846066,2.519995905458927e-05,6748,expanding,,,,,,,
SPY,Naive,2019-11-13,280.3722839355469,2019-12-12,20,287.6558532714844,280.3722839355469,7.2835693359375,0.0,1.0,0.0,False,0.7303283078521736,9.973007012911477,2.519995905458927e-05,6748,expanding,,,,,,,
SPY,Naive,2019-11-20,281.8868408203125,2019-11-21,1,281.4334716796875,281.8868408203125,-0.453369140625,0.0,-1.0,0.0,False,0.7303476796895975,0.6207579666956494,3.070000093430281e-05,6753,expanding,,,,,,,
SPY,Naive,2019-11-20,281.8868408203125,2019-11-27,5,286.1592712402344,281.8868408203125,4.272430419921875,0.0,1.0,0.0,False,0.7303476796895975,5.849858278098023,3.070000093430281e-05,6753,expanding,,,,,,,
SPY,Naive,2019-11-20,281.8868408203125,2019-12-19,20,291.0755310058594,281.8868408203125,9.188690185546875,0.0,1.0,0.0,False,0.7303476796895975,12.581254710704535,3.070000093430281e-05,6753,expanding,,,,,,,
SPY,Naive,2019-11-27,286.1592712402344,2019-11-29,1,285.0979919433594,286.1592712402344,-1.061279296875,0.0,-1.0,0.0,False,0.7305737312365449,1.452665557901615,3.170000854879618e-05,6758,expanding,,,,,,,
SPY,Naive,2019-11-27,286.1592712402344,2019-12-05,5,283.0207824707031,286.1592712402344,-3.13848876953125,0.0,-1.0,0.0,False,0.7305737312365449,4.29592337548073,3.170000854879618e-05,6758,expanding,,,,,,,
SPY,Naive,2019-11-27,286.1592712402344,2019-12-27,20,294.2931823730469,286.1592712402344,8.1339111328125,0.0,1.0,0.0,False,0.7305737312365449,11.133593756574454,3.170000854879618e-05,6758,expanding,,,,,,,
SPY,Naive,2019-12-05,283.0207824707031,2019-12-06,1,285.6059265136719,283.0207824707031,2.58514404296875,0.0,1.0,0.0,False,0.731160329453729,3.5356732837244955,2.6999972760677338e-05,6763,expanding,,,,,,,
SPY,Naive,2019-12-05,283.0207824707031,2019-12-12,5,287.6558532714844,283.0207824707031,4.63507080078125,0.0,1.0,0.0,False,0.731160329453729,6.339335729886009,2.6999972760677338e-05,6763,expanding,,,,,,,
SPY,Naive,2019-12-05,283.0207824707031,2020-01-06,20,295.004150390625,283.0207824707031,11.983367919921875,0.0,1.0,0.0,False,0.731160329453729,16.389521473183585,2.6999972760677338e-05,6763,expanding,,,,,,,
SPY,Naive,2019-12-12,287.6558532714844,2019-12-13,1,287.8281555175781,287.6558532714844,0.17230224609375,0.0,1.0,0.0,False,0.731664280745556,0.23549358719299013,3.330002073198557e-05,6768,expanding,,,,,,,
SPY,Naive,2019-12-12,287.6558532714844,2019-12-19,5,291.0755310058594,287.6558532714844,3.419677734375,0.0,1.0,0.0,False,0.731664280745556,4.673834468030057,3.330002073198557e-05,6768,expanding,,,,,,,
SPY,Naive,2019-12-12,287.6558532714844,2020-01-13,20,298.9327697753906,287.6558532714844,11.27691650390625,0.0,1.0,0.0,False,0.731664280745556,15.412692406434306,3.330002073198557e-05,6768,expanding,,,,,,,
SPY,Naive,2019-12-19,291.0755310058594,2019-12-20,1,292.3515930175781,291.0755310058594,1.27606201171875,0.0,1.0,0.0,False,0.7316290409833951,1.7441379992291903,3.560003824532032e-05,6773,expanding,,,,,,,
SPY,Naive,2019-12-19,291.0755310058594,2019-12-27,5,294.2931823730469,291.0755310058594,3.2176513671875,0.0,1.0,0.0,False,0.7316290409833951,4.397927346982564,3.560003824532032e-05,6773,expanding,,,,,,,
SPY,Naive,2019-12-19,291.0755310058594,2020-01-21,20,301.9862976074219,291.0755310058594,10.9107666015625,0.0,1.0,0.0,False,0.7316290409833951,14.912976372421127,3.560003824532032e-05,6773,expanding,,,,,,,
SPY,Naive,2019-12-27,294.2931823730469,2019-12-30,1,292.6706237792969,294.2931823730469,-1.62255859375,0.0,-1.0,0.0,False,0.7315855314725619,2.2178658871014783,2.9699993319809437e-05,6778,expanding,,,,,,,
SPY,Naive,2019-12-27,294.2931823730469,2020-01-06,5,295.004150390625,294.2931823730469,0.710968017578125,0.0,1.0,0.0,False,0.7315855314725619,0.9718180403965382,2.9699993319809437e-05,6778,expanding,,,,,,,
SPY,Naive,2019-12-27,294.2931823730469,2020-01-28,20,297.9665832519531,294.2931823730469,3.67340087890625,0.0,1.0,0.0,False,0.7315855314725619,5.021150256364824,2.9699993319809437e-05,6778,expanding,,,,,,,
SPY,Naive,2020-01-06,295.004150390625,2020-01-07,1,294.17462158203125,295.004150390625,-0.82952880859375,0.0,-1.0,0.0,False,0.7322907477344817,1.1327861387844893,2.9799994081258774e-05,6783,expanding,,,,,,,
SPY,Naive,2020-01-06,295.004150390625,2020-01-13,5,298.9327697753906,295.004150390625,3.928619384765625,0.0,1.0,0.0,False,0.7322907477344817,5.364835479513784,2.9799994081258774e-05,6783,expanding,,,,,,,
SPY,Naive,2020-01-06,295.004150390625,2020-02-04,20,299.944580078125,295.004150390625,4.9404296875,0.0,1.0,0.0,False,0.7322907477344817,6.746541182971945,2.9799994081258774e-05,6783,expanding,,,,,,,
SPY,Naive,2020-01-13,298.9327697753906,2020-01-14,1,298.4770202636719,298.9327697753906,-0.45574951171875,0.0,-1.0,0.0,False,0.7328270355310044,0.6219059745639913,3.300001844763756e-05,6788,expanding,,,,,,,
SPY,Naive,2020-01-13,298.9327697753906,2020-01-21,5,301.9862976074219,298.9327697753906,3.05352783203125,0.0,1.0,0.0,False,0.7328270355310044,4.166778358304797,3.300001844763756e-05,6788,expanding,,,,,,,
SPY,Naive,2020-01-13,298.9327697753906,2020-02-11,20,305.595947265625,298.9327697753906,6.663177490234375,0.0,1.0,0.0,False,0.7328270355310044,9.092428591156242,3.300001844763756e-05,6788,expanding,,,,,,,
SPY,Naive,2020-01-21,301.9862976074219,2020-01-22,1,302.0227966308594,301.9862976074219,0.0364990234375,0.0,1.0,0.0,False,0.7330458240037252,0.04979091653254479,3.290001768618822e-05,6793,expanding,,,,,,,
SPY,Naive,2020-01-21,301.9862976074219,2020-01-28,5,297.9665832519531,301.9862976074219,-4.01971435546875,0.0,-1.0,0.0,False,0.7330458240037252,5.483578548355966,3.290001768618822e-05,6793,expanding,,,,,,,
SPY,Naive,2020-01-21,301.9862976074219,2020-02-19,20,308.4034729003906,301.9862976074219,6.41717529296875,0.0,1.0,0.0,False,0.7330458240037252,8.754125707884995,3.290001768618822e-05,6793,expanding,,,,,,,
SPY,Naive,2020-01-28,297.9665832519531,2020-01-29,1,297.7205505371094,297.9665832519531,-0.24603271484375,0.0,-1.0,0.0,False,0.7341199142188909,0.3351396823304142,3.4400029107928276e-05,6798,expanding,,,,,,,
SPY,Naive,2020-01-28,297.9665832519531,2020-02-04,5,299.944580078125,297.9665832519531,1.977996826171875,0.0,1.0,0.0,False,0.7341199142188909,2.694378381325452,3.4400029107928276e-05,6798,expanding,,,,,,,
SPY,Naive,2020-01-28,297.9665832519531,2020-02-26,20,283.9382629394531,297.9665832519531,-14.0283203125,0.0,-1.0,0.0,False,0.7341199142188909,19.109031155252392,3.4400029107928276e-05,6798,expanding,,,,,,,
SPY,Naive,2020-02-04,299.944580078125,2020-02-05,1,303.4083251953125,299.944580078125,3.4637451171875,0.0,1.0,0.0,False,0.7355381192546914,4.709130671157133,3.070000093430281e-05,6803,expanding,,,,,,,
SPY,Naive,2020-02-04,299.944580078125,2020-02-11,5,305.595947265625,299.944580078125,5.6513671875,0.0,1.0,0.0,False,0.7355381192546914,7.6833097287009915,3.070000093430281e-05,6803,expanding,,,,,,,
SPY,Naive,2020-02-04,299.944580078125,2020-03-04,20,285.1778564453125,299.944580078125,-14.7667236328125,0.0,-1.0,0.0,False,0.7355381192546914,20.07608204966369,3.070000093430281e-05,6803,expanding,,,,,,,
SPY,Naive,2020-02-11,305.595947265625,2020-02-12,1,307.56494140625,305.595947265625,1.968994140625,0.0,1.0,0.0,False,0.7363048086646933,2.6741562970311423,2.41999514400959e-05,6808,expanding,,,,,,,
SPY,Naive,2020-02-11,305.595947265625,2020-02-19,5,308.4034729003906,305.595947265625,2.807525634765625,0.0,1.0,0.0,False,0.7363048086646933,3.812993751673497,2.41999514400959e-05,6808,expanding,,,,,,,
SPY,Naive,2020-02-11,305.595947265625,2020-03-11,20,250.08447265625,305.595947265625,-55.511474609375,0.0,-1.0,0.0,False,0.7363048086646933,75.39197619807265,2.41999514400959e-05,6808,expanding,,,,,,,
SPY,Naive,2020-02-19,308.4034729003906,2020-02-20,1,307.136474609375,308.4034729003906,-1.266998291015625,0.0,-1.0,0.0,False,0.736505667461904,1.72028315190278,1.9000028260052204e-05,6813,expanding,,,,,,,
SPY,Naive,2020-02-19,308.4034729003906,2020-02-26,5,283.9382629394531,308.4034729003906,-24.4652099609375,0.0,-1.0,0.0,False,0.736505667461904,33.217952069870485,1.9000028260052204e-05,6813,expanding,,,,,,,
SPY,Naive,2020-02-19,308.4034729003906,2020-03-18,20,218.7646484375,308.4034729003906,-89.63882446289062,0.0,-1.0,0.0,False,0.736505667461904,121.70826162383499,1.9000028260052204e-05,6813,expanding,,,,,,,
SPY,Naive,2020-02-26,283.9382629394531,2020-02-27,1,271.18609619140625,283.9382629394531,-12.752166748046875,0.0,-1.0,0.0,False,0.7395543225335819,17.243042680570394,1.8900027498602867e-05,6818,expanding,,,,,,,
SPY,Naive,2020-02-26,283.9382629394531,2020-03-04,5,285.1778564453125,283.9382629394531,1.239593505859375,0.0,1.0,0.0,False,0.7395543225335819,1.676135840316297,1.8900027498602867e-05,6818,expanding,,,,,,,
SPY,Naive,2020-02-26,283.9382629394531,2020-03-25,20,226.27664184570312,283.9382629394531,-57.66162109375,0.0,-1.0,0.0,False,0.7395543225335819,77.96806716809053,1.8900027498602867e-05,6818,expanding,,,,,,,
SPY,Naive,2020-03-04,285.1778564453125,2020-03-05,1,275.6981811523437,285.1778564453125,-9.479675292968807,0.0,-1.0,0.0,False,0.7456315453539706,12.713618880580702,1.819990575313568e-05,6823,expanding,,,,,,,
SPY,Naive,2020-03-04,285.1778564453125,2020-03-11,5,250.08447265625,285.1778564453125,-35.0933837890625,0.0,-1.0,0.0,False,0.7456315453539706,47.065315312541884,1.819990575313568e-05,6823,expanding,,,,,,,
SPY,Naive,2020-03-04,285.1778564453125,2020-04-01,20,225.6898498535156,285.1778564453125,-59.4880065917969,0.0,-1.0,0.0,False,0.7456315453539706,79.78204109317345,1.819990575313568e-05,6823,expanding,,,,,,,
SPY,Naive,2020-03-11,250.08447265625,2020-03-12,1,226.1570587158203,250.08447265625,-23.927413940429688,0.0,-1.0,0.0,False,0.7540150674943157,31.73333660286579,1.680001150816679e-05,6828,expanding,,,,,,,
SPY,Naive,2020-03-11,250.08447265625,2020-03-18,5,218.7646484375,250.08447265625,-31.31982421875,0.0,-1.0,0.0,False,0.7540150674943157,41.537398347793776,1.680001150816679e-05,6828,expanding,,,,,,,
SPY,Naive,2020-03-11,250.08447265625,2020-04-08,20,251.25245666503903,250.08447265625,1.167984008789034,0.0,1.0,0.0,False,0.7540150674943157,1.5490194548371399,1.680001150816679e-05,6828,expanding,,,,,,,
SPY,Naive,2020-03-18,218.7646484375,2020-03-19,1,219.22952270507807,218.7646484375,0.46487426757806816,0.0,1.0,0.0,False,0.7671627082646034,0.605965673995884,1.71000137925148e-05,6833,expanding,,,,,,,
SPY,Naive,2020-03-18,218.7646484375,2020-03-25,5,226.27664184570312,218.7646484375,7.511993408203125,0.0,1.0,0.0,False,0.7671627082646034,9.791916795846326,1.71000137925148e-05,6833,expanding,,,,,,,
SPY,Naive,2020-03-18,218.7646484375,2020-04-16,20,255.9009704589844,218.7646484375,37.1363220214844,0.0,1.0,0.0,False,0.7671627082646034,48.40736081331478,1.71000137925148e-05,6833,expanding,,,,,,,
SPY,Naive,2020-03-25,226.27664184570312,2020-03-26,1,239.4889068603516,226.27664184570312,13.212265014648466,0.0,1.0,0.0,False,0.7720330810100517,17.113599584829764,1.6300007700920105e-05,6838,expanding,,,,,,,
SPY,Naive,2020-03-25,226.27664184570312,2020-04-01,5,225.6898498535156,226.27664184570312,-0.5867919921875284,0.0,-1.0,0.0,False,0.7720330810100517,0.7600606847310581,1.6300007700920105e-05,6838,expanding,,,,,,,
SPY,Naive,2020-03-25,226.27664184570312,2020-04-23,20,255.88265991210935,226.27664184570312,29.60601806640622,0.0,1.0,0.0,False,0.7720330810100517,38.34812107749662,1.6300007700920105e-05,6838,expanding,,,,,,,
SPY,Naive,2020-04-01,225.6898498535156,2020-04-02,1,230.897705078125,225.6898498535156,5.207855224609403,0.0,1.0,0.0,False,0.7776225395838235,6.697150557642786,1.5900004655122757e-05,6843,expanding,,,,,,,
SPY,Naive,2020-04-01,225.6898498535156,2020-04-08,5,251.25245666503903,225.6898498535156,25.562606811523438,0.0,1.0,0.0,False,0.7776225395838235,32.8727698983678,1.5900004655122757e-05,6843,expanding,,,,,,,
SPY,Naive,2020-04-01,225.6898498535156,2020-04-30,20,266.33514404296875,225.6898498535156,40.64529418945315,0.0,1.0,0.0,False,0.7776225395838235,52.26866779248213,1.5900004655122757e-05,6843,expanding,,,,,,,
SPY,Naive,2020-04-08,251.25245666503903,2020-04-09,1,255.0758514404297,251.25245666503903,3.8233947753906534,0.0,1.0,0.0,False,0.7817629366629975,4.890734257255845,1.7300015315413475e-05,6848,expanding,,,,,,,
SPY,Naive,2020-04-08,251.25245666503903,2020-04-16,5,255.9009704589844,251.25245666503903,4.648513793945369,0.0,1.0,0.0,False,0.7817629366629975,5.94619362973107,1.7300015315413475e-05,6848,expanding,,,,,,,
SPY,Naive,2020-04-08,251.25245666503903,2020-05-07,20,263.767822265625,251.25245666503903,12.515365600585966,0.0,1.0,0.0,False,0.7817629366629975,16.009157013772697,1.7300015315413475e-05,6848,expanding,,,,,,,
SPY,Naive,2020-04-16,255.9009704589844,2020-04-17,1,262.81427001953125,255.9009704589844,6.913299560546847,0.0,1.0,0.0,False,0.7841644610011365,8.816134757906132,1.6300007700920105e-05,6853,expanding,,,,,,,
SPY,Naive,2020-04-16,255.9009704589844,2020-04-23,5,255.88265991210935,255.9009704589844,-0.018310546875056843,0.0,-1.0,0.0,False,0.7841644610011365,0.023350391130554315,1.6300007700920105e-05,6853,expanding,,,,,,,
SPY,Naive,2020-04-16,255.9009704589844,2020-05-14,20,261.2831115722656,255.9009704589844,5.382141113281222,0.0,1.0,0.0,False,0.7841644610011365,6.863536134256691,1.6300007700920105e-05,6853,expanding,,,,,,,
SPY,Naive,2020-04-23,255.88265991210935,2020-04-24,1,259.4493408203125,255.88265991210935,3.5666809082031534,0.0,1.0,0.0,False,0.7872323454408617,4.530658488385357,1.6600009985268116e-05,6858,expanding,,,,,,,
SPY,Naive,2020-04-23,255.88265991210935,2020-04-30,5,266.33514404296875,255.88265991210935,10.452484130859403,0.0,1.0,0.0,False,0.7872323454408617,13.277508465440222,1.6600009985268116e-05,6858,expanding,,,,,,,
SPY,Naive,2020-04-23,255.88265991210935,2020-05-21,20,270.3694152832031,255.88265991210935,14.486755371093778,0.0,1.0,0.0,False,0.7872323454408617,18.402134331740374,1.6600009985268116e-05,6858,expanding,,,,,,,
SPY,Naive,2020-04-30,266.33514404296875,2020-05-01,1,259.2842712402344,266.33514404296875,-7.050872802734375,0.0,-1.0,0.0,False,0.789264263129728,8.933475303664489,4.369998350739479e-05,6863,expanding,,,,,,,
SPY,Naive,2020-04-30,266.33514404296875,2020-05-07,5,263.767822265625,266.33514404296875,-2.56732177734375,0.0,-1.0,0.0,False,0.789264263129728,3.252803778500447,4.369998350739479e-05,6863,expanding,,,,,,,
SPY,Naive,2020-04-30,266.33514404296875,2020-05-29,20,279.02471923828125,266.33514404296875,12.6895751953125,0.0,1.0,0.0,False,0.789264263129728,16.077726799631836,4.369998350739479e-05,6863,expanding,,,,,,,
SPY,Naive,2020-05-07,263.767822265625,2020-05-08,1,268.1322021484375,263.767822265625,4.3643798828125,0.0,1.0,0.0,False,0.7908873118495986,5.5183334179502745,1.610000617802143e-05,6868,expanding,,,,,,,
SPY,Naive,2020-05-07,263.767822265625,2020-05-14,5,261.2831115722656,263.767822265625,-2.484710693359375,0.0,-1.0,0.0,False,0.7908873118495986,3.1416747444696487,1.610000617802143e-05,6868,expanding,,,,,,,
SPY,Naive,2020-05-07,263.767822265625,2020-06-05,20,292.7962341308594,263.767822265625,29.028411865234375,0.0,1.0,0.0,False,0.7908873118495986,36.70360041223502,1.610000617802143e-05,6868,expanding,,,,,,,
SPY,Naive,2020-05-14,261.2831115722656,2020-05-15,1,262.48419189453125,261.2831115722656,1.201080322265625,0.0,1.0,0.0,False,0.7928588842762783,1.5148727548937935,1.5600002370774746e-05,6873,expanding,,,,,,,
SPY,Naive,2020-05-14,261.2831115722656,2020-05-21,5,270.3694152832031,261.2831115722656,9.0863037109375,0.0,1.0,0.0,False,0.7928588842762783,11.46017770770328,1.5600002370774746e-05,6873,expanding,,,,,,,
SPY,Naive,2020-05-14,261.2831115722656,2020-06-12,20,278.92388916015625,261.2831115722656,17.640777587890625,0.0,1.0,0.0,False,0.7928588842762783,22.24958052149864,1.5600002370774746e-05,6873,expanding,,,,,,,
SPY,Naive,2020-05-21,270.3694152832031,2020-05-22,1,270.8828430175781,270.3694152832031,0.513427734375,0.0,1.0,0.0,False,0.7949583090476665,0.6458549190964106,1.5199999324977398e-05,6878,expanding,,,,,,,
SPY,Naive,2020-05-21,270.3694152832031,2020-05-29,5,279.02471923828125,270.3694152832031,8.655303955078125,0.0,1.0,0.0,False,0.7949583090476665,10.887745755430734,1.5199999324977398e-05,6878,expanding,,,,,,,
SPY,Naive,2020-05-21,270.3694152832031,2020-06-19,20,284.2308654785156,270.3694152832031,13.8614501953125,0.0,1.0,0.0,False,0.7949583090476665,17.436700815062935,1.5199999324977398e-05,6878,expanding,,,,,,,
SPY,Naive,2020-05-29,279.02471923828125,2020-06-01,1,280.1524963378906,279.02471923828125,1.127777099609375,0.0,1.0,0.0,False,0.795787627251472,1.417183505987073,1.650000922381878e-05,6883,expanding,,,,,,,
SPY,Naive,2020-05-29,279.02471923828125,2020-06-05,5,292.7962341308594,279.02471923828125,13.771514892578125,0.0,1.0,0.0,False,0.795787627251472,17.30551521659468,1.650000922381878e-05,6883,expanding,,,,,,,
SPY,Naive,2020-05-29,279.02471923828125,2020-06-26,20,276.32037353515625,279.02471923828125,-2.704345703125,0.0,-1.0,0.0,False,0.795787627251472,3.3983258981612896,1.650000922381878e-05,6883,expanding,,,,,,,
SPY,Naive,2020-06-05,292.7962341308594,2020-06-08,1,296.33544921875,292.7962341308594,3.539215087890625,0.0,1.0,0.0,False,0.7974278536004913,4.438288770464444,1.580000389367342e-05,6888,expanding,,,,,,,
SPY,Naive,2020-06-05,292.7962341308594,2020-06-12,5,278.92388916015625,292.7962341308594,-13.872344970703125,0.0,-1.0,0.0,False,0.7974278536004913,17.396363706218274,1.580000389367342e-05,6888,expanding,,,,,,,
SPY,Naive,2020-06-05,292.7962341308594,2020-07-06,20,291.9757995605469,292.7962341308594,-0.8204345703125,0.0,-1.0,0.0,False,0.7974278536004913,1.0288511576415726,1.580000389367342e-05,6888,expanding,,,,,,,
SPY,Naive,2020-06-12,278.92388916015625,2020-06-15,1,281.5278625488281,278.92388916015625,2.603973388671875,0.0,1.0,0.0,False,0.8008470729002067,3.2515238886268056,1.580000389367342e-05,6893,expanding,,,,,,,
SPY,Naive,2020-06-12,278.92388916015625,2020-06-19,5,284.2308654785156,278.92388916015625,5.306976318359375,0.0,1.0,0.0,False,0.8008470729002067,6.62670377147108,1.580000389367342e-05,6893,expanding,,,,,,,
SPY,Naive,2020-06-12,278.92388916015625,2020-07-13,20,289.9406433105469,278.92388916015625,11.016754150390625,0.0,1.0,0.0,False,0.8008470729002067,13.756376870423324,1.580000389367342e-05,6893,expanding,,,,,,,
SPY,Naive,2020-06-19,284.2308654785156,2020-06-22,1,286.0543518066406,284.2308654785156,1.823486328125,0.0,1.0,0.0,False,0.8018553795910617,2.2740837993192238,1.6200006939470768e-05,6898,expanding,,,,,,,
SPY,Naive,2020-06-19,284.2308654785156,2020-06-26,5,276.32037353515625,284.2308654785156,-7.910491943359375,0.0,-1.0,0.0,False,0.8018553795910617,9.865235234056355,1.6200006939470768e-05,6898,expanding,,,,,,,
SPY,Naive,2020-06-19,284.2308654785156,2020-07-20,20,298.6708374023437,284.2308654785156,14.439971923828068,0.0,1.0,0.0,False,0.8018553795910617,18.008199846700926,1.6200006939470768e-05,6898,expanding,,,,,,,
SPY,Naive,2020-06-26,276.32037353515625,2020-06-29,1,280.38153076171875,276.32037353515625,4.0611572265625,0.0,1.0,0.0,False,0.8042005419005731,5.04993097488437,1.5099998563528061e-05,6903,expanding,,,,,,,
SPY,Naive,2020-06-26,276.32037353515625,2020-07-06,5,291.9757995605469,276.32037353515625,15.655426025390625,0.0,1.0,0.0,False,0.8042005419005731,19.467067242198123,1.5099998563528061e-05,6903,expanding,,,,,,,
SPY,Naive,2020-06-26,276.32037353515625,2020-07-27,20,297.657958984375,276.32037353515625,21.33758544921875,0.0,1.0,0.0,False,0.8042005419005731,26.5326673354279,1.5099998563528061e-05,6903,expanding,,,,,,,
SPY,Naive,2020-07-06,291.9757995605469,2020-07-07,1,288.9645080566406,291.9757995605469,-3.01129150390625,0.0,-1.0,0.0,False,0.8058849813556024,3.7366269052946857,1.580000389367342e-05,6908,expanding,,,,,,,
SPY,Naive,2020-07-06,291.9757995605469,2020-07-13,5,289.9406433105469,291.9757995605469,-2.03515625,0.0,-1.0,0.0,False,0.8058849813556024,2.5253681320336865,1.580000389367342e-05,6908,expanding,,,,,,,
SPY,Naive,2020-07-06,291.9757995605469,2020-08-03,20,302.787353515625,291.9757995605469,10.811553955078125,0.0,1.0,0.0,False,0.8058849813556024,13.415753122600321,1.580000389367342e-05,6908,expanding,,,,,,,
SPY,Naive,2020-07-13,289.9406433105469,2020-07-14,1,293.6979675292969,289.9406433105469,3.75732421875,0.0,1.0,0.0,False,0.8070913255214693,4.655389173365675,1.6000005416572094e-05,6913,expanding,,,,,,,
SPY,Naive,2020-07-13,289.9406433105469,2020-07-20,5,298.6708374023437,289.9406433105469,8.730194091796818,0.0,1.0,0.0,False,0.8070913255214693,10.816860268143952,1.6000005416572094e-05,6913,expanding,,,,,,,
SPY,Naive,2020-07-13,289.9406433105469,2020-08-10,20,309.0311584472656,289.9406433105469,19.09051513671875,0.0,1.0,0.0,False,0.8070913255214693,23.65347580013227,1.6000005416572094e-05,6913,expanding,,,,,,,
SPY,Naive,2020-07-20,298.6708374023437,2020-07-21,1,299.3064270019531,298.6708374023437,0.6355895996094318,0.0,1.0,0.0,False,0.8080523188823874,0.7865698603383903,1.5399884432554245e-05,6918,expanding,,,,,,,
SPY,Naive,2020-07-20,298.6708374023437,2020-07-27,5,297.657958984375,298.6708374023437,-1.0128784179686932,0.0,-1.0,0.0,False,0.8080523188823874,1.2534812341973098,1.5399884432554245e-05,6918,expanding,,,,,,,
SPY,Naive,2020-07-20,298.6708374023437,2020-08-17,20,311.18609619140625,298.6708374023437,12.515258789062557,0.0,1.0,0.0,False,0.8080523188823874,15.488178793140944,1.5399884432554245e-05,6918,expanding,,,,,,,
SPY,Naive,2020-07-27,297.657958984375,2020-07-28,1,295.7700500488281,297.657958984375,-1.887908935546875,0.0,-1.0,0.0,False,0.8089135067203219,2.3338823247015092,1.550000160932541e-05,6923,expanding,,,,,,,
SPY,Naive,2020-07-27,297.657958984375,2020-08-03,5,302.787353515625,297.657958984375,5.12939453125,0.0,1.0,0.0,False,0.8089135067203219,6.341091462357625,1.550000160932541e-05,6923,expanding,,,,,,,
SPY,Naive,2020-07-27,297.657958984375,2020-08-24,20,315.7999267578125,297.657958984375,18.1419677734375,0.0,1.0,0.0,False,0.8089135067203219,22.427574299003517,1.550000160932541e-05,6923,expanding,,,,,,,
SPY,Naive,2020-08-03,302.787353515625,2020-08-04,1,303.9569396972656,302.787353515625,1.169586181640625,0.0,1.0,0.0,False,0.8099236293532246,1.4440697113314422,1.580000389367342e-05,6928,expanding,,,,,,,
SPY,Naive,2020-08-03,302.787353515625,2020-08-10,5,309.0311584472656,302.787353515625,6.243804931640625,0.0,1.0,0.0,False,0.8099236293532246,7.709128003373231,1.580000389367342e-05,6928,expanding,,,,,,,
SPY,Naive,2020-08-03,302.787353515625,2020-08-31,20,321.6845397949219,302.787353515625,18.897186279296875,0.0,1.0,0.0,False,0.8099236293532246,23.33205946144265,1.580000389367342e-05,6928,expanding,,,,,,,
SPY,Naive,2020-08-10,309.0311584472656,2020-08-11,1,306.480224609375,309.0311584472656,-2.550933837890625,0.0,-1.0,0.0,False,0.8102401594722198,3.1483675649356493,1.919991336762905e-05,6933,expanding,,,,,,,
SPY,Naive,2020-08-10,309.0311584472656,2020-08-17,5,311.18609619140625,309.0311584472656,2.154937744140625,0.0,1.0,0.0,False,0.8102401594722198,2.6596284064027684,1.919991336762905e-05,6933,expanding,,,,,,,
SPY,Naive,2020-08-10,309.0311584472656,2020-09-08,20,306.8577575683594,309.0311584472656,-2.17340087890625,0.0,-1.0,0.0,False,0.8102401594722198,2.6824156436802338,1.919991336762905e-05,6933,expanding,,,,,,,
SPY,Naive,2020-08-17,311.18609619140625,2020-08-18,1,311.8584289550781,311.18609619140625,0.672332763671875,0.0,1.0,0.0,False,0.8108642421951725,0.8291557682353029,7.790001109242439e-05,6938,expanding,,,,,,,
SPY,Naive,2020-08-17,311.18609619140625,2020-08-24,5,315.7999267578125,311.18609619140625,4.61383056640625,0.0,1.0,0.0,False,0.8108642421951725,5.690016067197245,7.790001109242439e-05,6938,expanding,,,,,,,
SPY,Naive,2020-08-17,311.18609619140625,2020-09-15,20,313.2674560546875,311.18609619140625,2.08135986328125,0.0,1.0,0.0,False,0.8108642421951725,2.5668413465200914,7.790001109242439e-05,6938,expanding,,,,,,,
SPY,Naive,2020-08-24,315.7999267578125,2020-08-25,1,316.9049377441406,315.7999267578125,1.105010986328125,0.0,1.0,0.0,False,0.8113189549996992,1.3619933067242767,2.5400076992809772e-05,6943,expanding,,,,,,,
SPY,Naive,2020-08-24,315.7999267578125,2020-08-31,5,321.6845397949219,315.7999267578125,5.884613037109375,0.0,1.0,0.0,False,0.8113189549996992,7.2531437862333155,2.5400076992809772e-05,6943,expanding,,,,,,,
SPY,Naive,2020-08-24,315.7999267578125,2020-09-22,20,305.3955078125,315.7999267578125,-10.4044189453125,0.0,-1.0,0.0,False,0.8113189549996992,12.824079705269991,2.5400076992809772e-05,6943,expanding,,,,,,,
SPY,Naive,2020-08-31,321.6845397949219,2020-09-01,1,324.7142639160156,321.6845397949219,3.02972412109375,0.0,1.0,0.0,False,0.8119187921315661,3.7315605334613355,2.0000035874545574e-05,6948,expanding,,,,,,,
SPY,Naive,2020-08-31,321.6845397949219,2020-09-08,5,306.8577575683594,321.6845397949219,-14.8267822265625,0.0,-1.0,0.0,False,0.8119187921315661,18.261410340850833,2.0000035874545574e-05,6948,expanding,,,,,,,
SPY,Naive,2020-08-31,321.6845397949219,2020-09-29,20,307.3095397949219,321.6845397949219,-14.375,0.0,-1.0,0.0,False,0.8119187921315661,17.704972639271816,2.0000035874545574e-05,6948,expanding,,,,,,,
SPY,Naive,2020-09-08,306.8577575683594,2020-09-09,1,312.9174499511719,306.8577575683594,6.0596923828125,0.0,1.0,0.0,False,0.8156903961585501,7.428912258070334,1.98000343516469e-05,6953,expanding,,,,,,,
SPY,Naive,2020-09-08,306.8577575683594,2020-09-15,5,313.2674560546875,306.8577575683594,6.409698486328125,0.0,1.0,0.0,False,0.8156903961585501,7.85800411101351,1.98000343516469e-05,6953,expanding,,,,,,,
SPY,Naive,2020-09-08,306.8577575683594,2020-10-06,20,309.676513671875,306.8577575683594,2.818756103515625,0.0,1.0,0.0,False,0.8156903961585501,3.4556691077771724,1.98000343516469e-05,6953,expanding,,,,,,,
SPY,Naive,2020-09-15,313.2674560546875,2020-09-16,1,312.0241394042969,313.2674560546875,-1.243316650390625,0.0,-1.0,0.0,False,0.8175874879789609,1.5207138913831073,3.8199941627681255e-05,6958,expanding,,,,,,,
SPY,Naive,2020-09-15,313.2674560546875,2020-09-22,5,305.3955078125,313.2674560546875,-7.8719482421875,0.0,-1.0,0.0,False,0.8175874879789609,9.628264079293334,3.8199941627681255e-05,6958,expanding,,,,,,,
SPY,Naive,2020-09-15,313.2674560546875,2020-10-13,20,323.7303466796875,313.2674560546875,10.462890625,0.0,1.0,0.0,False,0.8175874879789609,12.797273415795281,3.8199941627681255e-05,6958,expanding,,,,,,,
SPY,Naive,2020-09-22,305.3955078125,2020-09-23,1,298.3132019042969,305.3955078125,-7.082305908203125,0.0,-1.0,0.0,False,0.8190154952586505,8.647340556073956,1.8399907276034355e-05,6963,expanding,,,,,,,
SPY,Naive,2020-09-22,305.3955078125,2020-09-29,5,307.3095397949219,305.3955078125,1.914031982421875,0.0,1.0,0.0,False,0.8190154952586505,2.3369911723311305,1.8399907276034355e-05,6963,expanding,,,,,,,
SPY,Naive,2020-09-22,305.3955078125,2020-10-20,20,317.4893493652344,305.3955078125,12.093841552734375,0.0,1.0,0.0,False,0.8190154952586505,14.766315927777484,1.8399907276034355e-05,6963,expanding,,,,,,,
SPY,Naive,2020-09-29,307.3095397949219,2020-09-30,1,309.63946533203125,307.3095397949219,2.329925537109375,0.0,1.0,0.0,False,0.8212185845033537,2.837156368688902,3.0800001695752144e-05,6968,expanding,,,,,,,
SPY,Naive,2020-09-29,307.3095397949219,2020-10-06,5,309.676513671875,307.3095397949219,2.366973876953125,0.0,1.0,0.0,False,0.8212185845033537,2.882270228193379,3.0800001695752144e-05,6968,expanding,,,,,,,
SPY,Naive,2020-09-29,307.3095397949219,2020-10-27,20,312.7184143066406,307.3095397949219,5.40887451171875,0.0,1.0,0.0,False,0.8212185845033537,6.586400519649541,3.0800001695752144e-05,6968,expanding,,,,,,,
SPY,Naive,2020-10-06,309.676513671875,2020-10-07,1,315.06689453125,309.676513671875,5.390380859375,0.0,1.0,0.0,False,0.8230989634546139,6.548885490939181,2.310005947947502e-05,6973,expanding,,,,,,,
SPY,Naive,2020-10-06,309.676513671875,2020-10-13,5,323.7303466796875,309.676513671875,14.0538330078125,0.0,1.0,0.0,False,0.8230989634546139,17.074293167406516,2.310005947947502e-05,6973,expanding,,,,,,,
SPY,Naive,2020-10-06,309.676513671875,2020-11-03,20,310.6935119628906,309.676513671875,1.016998291015625,0.0,1.0,0.0,False,0.8230989634546139,1.2355723141081356,2.310005947947502e-05,6973,expanding,,,,,,,
SPY,Naive,2020-10-13,323.7303466796875,2020-10-14,1,321.6962280273437,323.7303466796875,-2.034118652343807,0.0,-1.0,0.0,False,0.8251330143437956,2.465200903349483,2.210005186498165e-05,6978,expanding,,,,,,,
SPY,Naive,2020-10-13,323.7303466796875,2020-10-20,5,317.4893493652344,323.7303466796875,-6.240997314453125,0.0,-1.0,0.0,False,0.8251330143437956,7.563625749984576,2.210005186498165e-05,6978,expanding,,,,,,,
SPY,Naive,2020-10-13,323.7303466796875,2020-11-10,20,327.3456420898437,323.7303466796875,3.615295410156193,0.0,1.0,0.0,False,0.8251330143437956,4.381469832510984,2.210005186498165e-05,6978,expanding,,,,,,,
SPY,Naive,2020-10-20,317.4893493652344,2020-10-21,1,316.8883972167969,317.4893493652344,-0.6009521484375,0.0,-1.0,0.0,False,0.8257988290778551,0.7277222094254666,2.7799978852272034e-05,6983,expanding,,,,,,,
SPY,Naive,2020-10-20,317.4893493652344,2020-10-27,5,312.7184143066406,317.4893493652344,-4.77093505859375,0.0,-1.0,0.0,False,0.8257988290778551,5.777357499914732,2.7799978852272034e-05,6983,expanding,,,,,,,
SPY,Naive,2020-10-20,317.4893493652344,2020-11-17,20,333.42938232421875,317.4893493652344,15.940032958984375,0.0,1.0,0.0,False,0.8257988290778551,19.30256183189813,2.7799978852272034e-05,6983,expanding,,,,,,,
SPY,Naive,2020-10-27,312.7184143066406,2020-10-28,1,302.02996826171875,312.7184143066406,-10.688446044921875,0.0,-1.0,0.0,False,0.8266979035721057,12.929083282705596,1.7700018361210823e-05,6988,expanding,,,,,,,
SPY,Naive,2020-10-27,312.7184143066406,2020-11-03,5,310.6935119628906,312.7184143066406,-2.02490234375,0.0,-1.0,0.0,False,0.8266979035721057,2.4493860877117677,1.7700018361210823e-05,6988,expanding,,,,,,,
SPY,Naive,2020-10-27,312.7184143066406,2020-11-24,20,335.8334045410156,312.7184143066406,23.114990234375,0.0,1.0,0.0,False,0.8266979035721057,27.960625198753608,1.7700018361210823e-05,6988,expanding,,,,,,,
SPY,Naive,2020-11-03,310.6935119628906,2020-11-04,1,317.6373291015625,310.6935119628906,6.943817138671875,0.0,1.0,0.0,False,0.8297842372745892,8.368220106805973,2.0300038158893585e-05,6993,expanding,,,,,,,
SPY,Naive,2020-11-03,310.6935119628906,2020-11-10,5,327.3456420898437,310.6935119628906,16.652130126953068,0.0,1.0,0.0,False,0.8297842372745892,20.068024166916786,2.0300038158893585e-05,6993,expanding,,,,,,,
SPY,Naive,2020-11-03,310.6935119628906,2020-12-02,20,339.1342163085937,310.6935119628906,28.440704345703068,0.0,1.0,0.0,False,0.8297842372745892,34.27481876387051,2.0300038158893585e-05,6993,expanding,,,,,,,
SPY,Naive,2020-11-10,327.3456420898437,2020-11-11,1,329.7773132324219,327.3456420898437,2.431671142578182,0.0,1.0,0.0,False,0.8317297346271312,2.9236313688704576,2.9499991796910763e-05,6998,expanding,,,,,,,
SPY,Naive,2020-11-10,327.3456420898437,2020-11-17,5,333.42938232421875,327.3456420898437,6.083740234375057,0.0,1.0,0.0,False,0.8317297346271312,7.314563831365762,2.9499991796910763e-05,6998,expanding,,,,,,,
SPY,Naive,2020-11-10,327.3456420898437,2020-12-09,20,339.18963623046875,327.3456420898437,11.843994140625057,0.0,1.0,0.0,False,0.8317297346271312,14.240195639915148,2.9499991796910763e-05,6998,expanding,,,,,,,
SPY,Naive,2020-11-17,333.42938232421875,2020-11-18,1,329.4167175292969,333.42938232421875,-4.012664794921875,0.0,-1.0,0.0,False,0.8334334775809732,4.814619166209363,2.329994458705187e-05,7003,expanding,,,,,,,
SPY,Naive,2020-11-17,333.42938232421875,2020-11-24,5,335.8334045410156,333.42938232421875,2.404022216796875,0.0,1.0,0.0,False,0.8334334775809732,2.8844800232581362,2.329994458705187e-05,7003,expanding,,,,,,,
SPY,Naive,2020-11-17,333.42938232421875,2020-12-16,20,342.2593994140625,333.42938232421875,8.83001708984375,0.0,1.0,0.0,False,0.8334334775809732,10.594747304215241,2.329994458705187e-05,7003,expanding,,,,,,,
SPY,Naive,2020-11-24,335.8334045410156,2020-11-25,1,335.3156433105469,335.8334045410156,-0.51776123046875,0.0,-1.0,0.0,False,0.8349737692988515,0.6200928095064916,2.989999484270811e-05,7008,expanding,,,,,,,
SPY,Naive,2020-11-24,335.8334045410156,2020-12-02,5,339.1342163085937,335.8334045410156,3.300811767578068,0.0,1.0,0.0,False,0.8349737692988515,3.9531921707550683,2.989999484270811e-05,7008,expanding,,,,,,,
SPY,Naive,2020-11-24,335.8334045410156,2020-12-23,20,341.3041076660156,335.8334045410156,5.470703125,0.0,1.0,0.0,False,0.8349737692988515,6.551946092383102,2.989999484270811e-05,7008,expanding,,,,,,,
SPY,Naive,2020-12-02,339.1342163085937,2020-12-03,1,339.04180908203125,339.1342163085937,-0.09240722656244316,0.0,-1.0,0.0,False,0.8354213788586895,0.11061151761364456,2.8499984182417393e-05,7013,expanding,,,,,,,
SPY,Naive,2020-12-02,339.1342163085937,2020-12-09,5,339.18963623046875,339.1342163085937,0.05541992187505684,0.0,1.0,0.0,False,0.8354213788586895,0.06633768691767111,2.8499984182417393e-05,7013,expanding,,,,,,,
SPY,Naive,2020-12-02,339.1342163085937,2020-12-31,20,347.16326904296875,339.1342163085937,8.029052734375057,0.0,1.0,0.0,False,0.8354213788586895,9.610781980877654,2.8499984182417393e-05,7013,expanding,,,,,,,
SPY,Naive,2020-12-09,339.18963623046875,2020-12-10,1,339.07879638671875,339.18963623046875,-0.11083984375,0.0,-1.0,0.0,False,0.8359355744395449,0.13259376337023682,2.929999027401209e-05,7018,expanding,,,,,,,
SPY,Naive,2020-12-09,339.18963623046875,2020-12-16,5,342.2593994140625,339.18963623046875,3.06976318359375,0.0,1.0,0.0,False,0.8359355744395449,3.672248529023161,2.929999027401209e-05,7018,expanding,,,,,,,
SPY,Naive,2020-12-09,339.18963623046875,2021-01-08,20,354.01593017578125,339.18963623046875,14.8262939453125,0.0,1.0,0.0,False,0.8359355744395449,17.736168191254244,2.929999027401209e-05,7018,expanding,,,,,,,
SPY,Naive,2020-12-16,342.2593994140625,2020-12-17,1,344.1732482910156,342.2593994140625,1.913848876953125,0.0,1.0,0.0,False,0.8363541907579668,2.28832341381425,1.750001683831215e-05,7023,expanding,,,,,,,
SPY,Naive,2020-12-16,342.2593994140625,2020-12-23,5,341.3041076660156,342.2593994140625,-0.955291748046875,0.0,-1.0,0.0,False,0.8363541907579668,1.1422095549986042,1.750001683831215e-05,7023,expanding,,,,,,,
SPY,Naive,2020-12-16,342.2593994140625,2021-01-15,20,348.8531188964844,342.2593994140625,6.593719482421875,0.0,1.0,0.0,False,0.8363541907579668,7.883884071228426,1.750001683831215e-05,7023,expanding,,,,,,,
SPY,Naive,2020-12-23,341.3041076660156,2020-12-24,1,342.6319274902344,341.3041076660156,1.32781982421875,0.0,1.0,0.0,False,0.8365269806572669,1.5873006548760324,3.090000245720148e-05,7028,expanding,,,,,,,
SPY,Naive,2020-12-23,341.3041076660156,2020-12-31,5,347.16326904296875,341.3041076660156,5.859161376953125,0.0,1.0,0.0,False,0.8365269806572669,7.0041511062195845,3.090000245720148e-05,7028,expanding,,,,,,,
SPY,Naive,2020-12-23,341.3041076660156,2021-01-25,20,356.9222106933594,341.3041076660156,15.61810302734375,0.0,1.0,0.0,False,0.8365269806572669,18.670172497093237,3.090000245720148e-05,7028,expanding,,,,,,,
SPY,Naive,2020-12-31,347.16326904296875,2021-01-04,1,342.4368896484375,347.16326904296875,-4.72637939453125,0.0,-1.0,0.0,False,0.8369529179474331,5.647126968769469,1.8600025214254856e-05,7033,expanding,,,,,,,
SPY,Naive,2020-12-31,347.16326904296875,2021-01-08,5,354.01593017578125,347.16326904296875,6.8526611328125,0.0,1.0,0.0,False,0.8369529179474331,8.187630374260669,1.8600025214254856e-05,7033,expanding,,,,,,,
SPY,Naive,2020-12-31,347.16326904296875,2021-02-01,20,349.3453369140625,347.16326904296875,2.18206787109375,0.0,1.0,0.0,False,0.8369529179474331,2.6071572537737424,1.8600025214254856e-05,7033,expanding,,,,,,,
SPY,Naive,2021-01-08,354.01593017578125,2021-01-11,1,351.6295166015625,354.01593017578125,-2.38641357421875,0.0,-1.0,0.0,False,0.8386753359284105,2.8454557705300814,1.750001683831215e-05,7038,expanding,,,,,,,
SPY,Naive,2021-01-08,354.01593017578125,2021-01-15,5,348.8531188964844,354.01593017578125,-5.162811279296875,0.0,-1.0,0.0,False,0.8386753359284105,6.155911659881665,1.750001683831215e-05,7038,expanding,,,,,,,
SPY,Naive,2021-01-08,354.01593017578125,2021-02-08,20,362.6048278808594,354.01593017578125,8.588897705078125,0.0,1.0,0.0,False,0.8386753359284105,10.241028127493754,1.750001683831215e-05,7038,expanding,,,,,,,
SPY,Naive,2021-01-15,348.8531188964844,2021-01-19,1,351.5923767089844,348.8531188964844,2.7392578125,0.0,1.0,0.0,False,0.839103077934805,3.26450692952032,2.0400038920342922e-05,7043,expanding,,,,,,,
SPY,Naive,2021-01-15,348.8531188964844,2021-01-25,5,356.9222106933594,348.8531188964844,8.069091796875,0.0,1.0,0.0,False,0.839103077934805,9.616329637038868,2.0400038920342922e-05,7043,expanding,,,,,,,
SPY,Naive,2021-01-15,348.8531188964844,2021-02-16,20,364.2669067382813,348.8531188964844,15.413787841796932,0.0,1.0,0.0,False,0.839103077934805,18.36936158038324,2.0400038920342922e-05,7043,expanding,,,,,,,
SPY,Naive,2021-01-25,356.9222106933594,2021-01-26,1,356.364990234375,356.9222106933594,-0.557220458984375,0.0,-1.0,0.0,False,0.8400111452170058,0.6633488878774632,2.71000899374485e-05,7048,expanding,,,,,,,
SPY,Naive,2021-01-25,356.9222106933594,2021-02-01,5,349.3453369140625,356.9222106933594,-7.576873779296875,0.0,-1.0,0.0,False,0.8400111452170058,9.019968154517152,2.71000899374485e-05,7048,expanding,,,,,,,
SPY,Naive,2021-01-25,356.9222106933594,2021-02-23,20,359.8099365234375,356.9222106933594,2.887725830078125,0.0,1.0,0.0,False,0.8400111452170058,3.437723233222244,2.71000899374485e-05,7048,expanding,,,,,,,
SPY,Naive,2021-02-01,349.3453369140625,2021-02-02,1,354.2850341796875,349.3453369140625,4.939697265625,0.0,1.0,0.0,False,0.8429601228987706,5.859941806782476,1.7000013031065464e-05,7053,expanding,,,,,,,
SPY,Naive,2021-02-01,349.3453369140625,2021-02-08,5,362.6048278808594,349.3453369140625,13.259490966796875,0.0,1.0,0.0,False,0.8429601228987706,15.729677604677368,1.7000013031065464e-05,7053,expanding,,,,,,,
SPY,Naive,2021-02-01,349.3453369140625,2021-03-02,20,358.91851806640625,349.3453369140625,9.57318115234375,0.0,1.0,0.0,False,0.8429601228987706,11.356623987649026,1.7000013031065464e-05,7053,expanding,,,,,,,
SPY,Naive,2021-02-08,362.6048278808594,2021-02-09,1,362.3633728027344,362.6048278808594,-0.241455078125,0.0,-1.0,0.0,False,0.8442417851280895,0.28600228320654153,1.680001150816679e-05,7058,expanding,,,,,,,
SPY,Naive,2021-02-08,362.6048278808594,2021-02-16,5,364.2669067382813,362.6048278808594,1.6620788574219318,0.0,1.0,0.0,False,0.8442417851280895,1.9687237550907992,1.680001150816679e-05,7058,expanding,,,,,,,
SPY,Naive,2021-02-08,362.6048278808594,2021-03-09,20,359.5035095214844,362.6048278808594,-3.101318359375,0.0,-1.0,0.0,False,0.8442417851280895,3.6734954535618773,1.680001150816679e-05,7058,expanding,,,,,,,
SPY,Naive,2021-02-16,364.2669067382813,2021-02-17,1,364.3505859375,364.2669067382813,0.08367919921869316,0.0,1.0,0.0,False,0.8440818613765938,0.09913635518979481,1.5600002370774746e-05,7063,expanding,,,,,,,
SPY,Naive,2021-02-16,364.2669067382813,2021-02-23,5,359.8099365234375,364.2669067382813,-4.456970214843807,0.0,-1.0,0.0,False,0.8440818613765938,5.280258253121369,1.5600002370774746e-05,7063,expanding,,,,,,,
SPY,Naive,2021-02-16,364.2669067382813,2021-03-16,20,367.6189575195313,364.2669067382813,3.35205078125,0.0,1.0,0.0,False,0.8440818613765938,3.971238969385288,1.5600002370774746e-05,7063,expanding,,,,,,,
SPY,Naive,2021-02-23,359.8099365234375,2021-02-24,1,363.77484130859375,359.8099365234375,3.96490478515625,0.0,1.0,0.0,False,0.8442625383415133,4.696293635087718,2.010003663599491e-05,7068,expanding,,,,,,,
SPY,Naive,2021-02-23,359.8099365234375,2021-03-02,5,358.91851806640625,359.8099365234375,-0.89141845703125,0.0,-1.0,0.0,False,0.8442625383415133,1.0558545672088813,2.010003663599491e-05,7068,expanding,,,,,,,
SPY,Naive,2021-02-23,359.8099365234375,2021-03-23,20,362.8515625,359.8099365234375,3.0416259765625,0.0,1.0,0.0,False,0.8442625383415133,3.602701574959766,2.010003663599491e-05,7068,expanding,,,,,,,
SPY,Naive,2021-03-02,358.91851806640625,2021-03-03,1,354.1643981933594,358.91851806640625,-4.754119873046875,0.0,-1.0,0.0,False,0.8473340947164133,5.610679309013276,1.6400008462369442e-05,7073,expanding,,,,,,,
SPY,Naive,2021-03-02,358.91851806640625,2021-03-09,5,359.5035095214844,358.91851806640625,0.584991455078125,0.0,1.0,0.0,False,0.8473340947164133,0.6903905540044516,1.6400008462369442e-05,7073,expanding,,,,,,,
SPY,Naive,2021-03-02,358.91851806640625,2021-03-30,20,367.7237243652344,358.91851806640625,8.805206298828125,0.0,1.0,0.0,False,0.8473340947164133,10.39165820628882,1.6400008462369442e-05,7073,expanding,,,,,,,
SPY,Naive,2021-03-09,359.5035095214844,2021-03-10,1,361.7412414550781,359.5035095214844,2.23773193359375,0.0,1.0,0.0,False,0.8499014340872751,2.632931118650119,1.580000389367342e-05,7078,expanding,,,,,,,
SPY,Naive,2021-03-09,359.5035095214844,2021-03-16,5,367.6189575195313,359.5035095214844,8.115447998046932,0.0,1.0,0.0,False,0.8499014340872751,9.548693145531942,1.580000389367342e-05,7078,expanding,,,,,,,
SPY,Naive,2021-03-09,359.5035095214844,2021-04-07,20,378.7723083496094,359.5035095214844,19.268798828125,0.0,1.0,0.0,False,0.8499014340872751,22.671804111988727,1.580000389367342e-05,7078,expanding,,,,,,,
SPY,Naive,2021-03-16,367.6189575195313,2021-03-17,1,368.87249755859375,367.6189575195313,1.2535400390624432,0.0,1.0,0.0,False,0.8505784276850783,1.473750095536821,1.7200014553964138e-05,7083,expanding,,,,,,,
SPY,Naive,2021-03-16,367.6189575195313,2021-03-23,5,362.8515625,367.6189575195313,-4.767395019531307,0.0,-1.0,0.0,False,0.8505784276850783,5.604885880431013,1.7200014553964138e-05,7083,expanding,,,,,,,
SPY,Naive,2021-03-16,367.6189575195313,2021-04-14,20,383.2997741699219,367.6189575195313,15.680816650390568,0.0,1.0,0.0,False,0.8505784276850783,18.4354741902722,1.7200014553964138e-05,7083,expanding,,,,,,,
SPY,Naive,2021-03-23,362.8515625,2021-03-24,1,361.0069885253906,362.8515625,-1.844573974609375,0.0,-1.0,0.0,False,0.8518223720123694,2.165444387486209,1.5600002370774746e-05,7088,expanding,,,,,,,
SPY,Naive,2021-03-23,362.8515625,2021-03-30,5,367.7237243652344,362.8515625,4.872161865234375,0.0,1.0,0.0,False,0.8518223720123694,5.719692303601091,1.5600002370774746e-05,7088,expanding,,,,,,,
SPY,Naive,2021-03-23,362.8515625,2021-04-21,20,387.6036987304688,362.8515625,24.752136230468807,0.0,1.0,0.0,False,0.8518223720123694,29.057861173560934,1.5600002370774746e-05,7088,expanding,,,,,,,
SPY,Naive,2021-03-30,367.7237243652344,2021-03-31,1,369.2142639160156,367.7237243652344,1.49053955078125,0.0,1.0,0.0,False,0.8527574286377506,1.7479056771892723,2.6899971999228e-05,7093,expanding,,,,,,,
SPY,Naive,2021-03-30,367.7237243652344,2021-04-07,5,378.7723083496094,367.7237243652344,11.048583984375,0.0,1.0,0.0,False,0.8527574286377506,12.956303414471236,2.6899971999228e-05,7093,expanding,,,,,,,
SPY,Naive,2021-03-30,367.7237243652344,2021-04-28,20,388.8426818847656,367.7237243652344,21.11895751953125,0.0,1.0,0.0,False,0.8527574286377506,24.765492284562125,2.6899971999228e-05,7093,expanding,,,,,,,
SPY,Naive,2021-04-07,378.7723083496094,2021-04-08,1,380.5703125,378.7723083496094,1.798004150390625,0.0,1.0,0.0,False,0.8537764337611433,2.105942585543001,1.6400008462369442e-05,7098,expanding,,,,,,,
SPY,Naive,2021-04-07,378.7723083496094,2021-04-14,5,383.2997741699219,378.7723083496094,4.5274658203125,0.0,1.0,0.0,False,0.8537764337611433,5.3028704486110545,1.6400008462369442e-05,7098,expanding,,,,,,,
SPY,Naive,2021-04-07,378.7723083496094,2021-05-05,20,387.3056640625,378.7723083496094,8.533355712890625,0.0,1.0,0.0,False,0.8537764337611433,9.994836324186899,1.6400008462369442e-05,7098,expanding,,,,,,,
SPY,Naive,2021-04-14,383.2997741699219,2021-04-15,1,387.41741943359375,383.2997741699219,4.117645263671875,0.0,1.0,0.0,False,0.854182758723404,4.8205670526829545,2.8699985705316067e-05,7103,expanding,,,,,,,
SPY,Naive,2021-04-14,383.2997741699219,2021-04-21,5,387.6036987304688,383.2997741699219,4.303924560546932,0.0,1.0,0.0,False,0.854182758723404,5.038646023456675,2.8699985705316067e-05,7103,expanding,,,,,,,
SPY,Naive,2021-04-14,383.2997741699219,2021-05-12,20,377.6730041503906,383.2997741699219,-5.62677001953125,0.0,-1.0,0.0,False,0.854182758723404,6.587313970069577,2.8699985705316067e-05,7103,expanding,,,,,,,
SPY,Naive,2021-04-21,387.6036987304688,2021-04-22,1,384.063720703125,387.6036987304688,-3.539978027343807,0.0,-1.0,0.0,False,0.855521803652333,4.13779989268676,2.9499991796910763e-05,7108,expanding,,,,,,,
SPY,Naive,2021-04-21,387.6036987304688,2021-04-28,5,388.8426818847656,387.6036987304688,1.2389831542968182,0.0,1.0,0.0,False,0.855521803652333,1.4482192610491507,2.9499991796910763e-05,7108,expanding,,,,,,,
SPY,Naive,2021-04-21,387.6036987304688,2021-05-19,20,382.7501525878906,387.6036987304688,-4.853546142578182,0.0,-1.0,0.0,False,0.855521803652333,5.673199820107175,2.9499991796910763e-05,7108,expanding,,,,,,,
SPY,Naive,2021-04-28,388.8426818847656,2021-04-29,1,391.32080078125,388.8426818847656,2.478118896484375,0.0,1.0,0.0,False,0.8561450724392562,2.894508157856855,4.600000102072954e-05,7113,expanding,,,,,,,
SPY,Naive,2021-04-28,388.8426818847656,2021-05-05,5,387.3056640625,388.8426818847656,-1.537017822265625,0.0,-1.0,0.0,False,0.8561450724392562,1.7952773095878292,4.600000102072954e-05,7113,expanding,,,,,,,
SPY,Naive,2021-04-28,388.8426818847656,2021-05-26,20,390.39849853515625,388.8426818847656,1.555816650390625,0.0,1.0,0.0,False,0.8561450724392562,1.8172348360984238,4.600000102072954e-05,7113,expanding,,,,,,,
SPY,Naive,2021-05-05,387.3056640625,2021-05-06,1,390.39849853515625,387.3056640625,3.09283447265625,0.0,1.0,0.0,False,0.8567256233372919,3.6100641657108516,2.8799986466765404e-05,7118,expanding,,,,,,,
SPY,Naive,2021-05-05,387.3056640625,2021-05-12,5,377.6730041503906,387.3056640625,-9.632659912109375,0.0,-1.0,0.0,False,0.8567256233372919,11.243576297608888,2.8799986466765404e-05,7118,expanding,,,,,,,
SPY,Naive,2021-05-05,387.3056640625,2021-06-03,20,390.1190185546875,387.3056640625,2.8133544921875,0.0,1.0,0.0,False,0.8567256233372919,3.283845394081187,2.8799986466765404e-05,7118,expanding,,,,,,,
SPY,Naive,2021-05-12,377.6730041503906,2021-05-13,1,382.2098388671875,377.6730041503906,4.536834716796875,0.0,1.0,0.0,False,0.8591431154691918,5.280650726415048,2.220005262643099e-05,7123,expanding,,,,,,,
SPY,Naive,2021-05-12,377.6730041503906,2021-05-19,5,382.7501525878906,377.6730041503906,5.0771484375,0.0,1.0,0.0,False,0.8591431154691918,5.9095491147912975,2.220005262643099e-05,7123,expanding,,,,,,,
SPY,Naive,2021-05-12,377.6730041503906,2021-06-10,20,394.6278381347656,377.6730041503906,16.954833984375,0.0,1.0,0.0,False,0.8591431154691918,19.734586332703945,2.220005262643099e-05,7123,expanding,,,,,,,
SPY,Naive,2021-05-19,382.7501525878906,2021-05-20,1,386.8677062988281,382.7501525878906,4.1175537109375,0.0,1.0,0.0,False,0.8607481079615401,4.783691852299117,1.9600032828748226e-05,7128,expanding,,,,,,,
SPY,Naive,2021-05-19,382.7501525878906,2021-05-26,5,390.39849853515625,382.7501525878906,7.648345947265625,0.0,1.0,0.0,False,0.8607481079615401,8.88569591558994,1.9600032828748226e-05,7128,expanding,,,,,,,
SPY,Naive,2021-05-19,382.7501525878906,2021-06-17,20,393.1001281738281,382.7501525878906,10.3499755859375,0.0,1.0,0.0,False,0.8607481079615401,12.024395395359912,1.9600032828748226e-05,7128,expanding,,,,,,,
SPY,Naive,2021-05-26,390.39849853515625,2021-05-27,1,390.6034851074219,390.39849853515625,0.204986572265625,0.0,1.0,0.0,False,0.8615488051298426,0.23792798625578945,1.8600025214254856e-05,7133,expanding,,,,,,,
SPY,Naive,2021-05-26,390.39849853515625,2021-06-03,5,390.1190185546875,390.39849853515625,-0.27947998046875,0.0,-1.0,0.0,False,0.8615488051298426,0.32439251125956825,1.8600025214254856e-05,7133,expanding,,,,,,,
SPY,Naive,2021-05-26,390.39849853515625,2021-06-24,20,397.3115234375,390.39849853515625,6.91302490234375,0.0,1.0,0.0,False,0.8615488051298426,8.023950426467017,1.8600025214254856e-05,7133,expanding,,,,,,,
SPY,Naive,2021-06-03,390.1190185546875,2021-06-04,1,393.6870422363281,390.1190185546875,3.568023681640625,0.0,1.0,0.0,False,0.8614099039422779,4.142074133709651,1.7000013031065464e-05,7138,expanding,,,,,,,
SPY,Naive,2021-06-03,390.1190185546875,2021-06-10,5,394.6278381347656,390.1190185546875,4.508819580078125,0.0,1.0,0.0,False,0.8614099039422779,5.2342323433284506,1.7000013031065464e-05,7138,expanding,,,,,,,
SPY,Naive,2021-06-03,390.1190185546875,2021-07-01,20,402.2930908203125,390.1190185546875,12.174072265625,0.0,1.0,0.0,False,0.8614099039422779,14.132728460527163,1.7000013031065464e-05,7138,expanding,,,,,,,
SPY,Naive,2021-06-10,394.6278381347656,2021-06-11,1,395.280029296875,394.6278381347656,0.652191162109375,0.0,1.0,0.0,False,0.861709471878569,0.7568573671211554,1.6900012269616127e-05,7143,expanding,,,,,,,
SPY,Naive,2021-06-10,394.6278381347656,2021-06-17,5,393.1001281738281,394.6278381347656,-1.5277099609375,0.0,-1.0,0.0,False,0.861709471878569,1.7728828692192706,1.6900012269616127e-05,7143,expanding,,,,,,,
SPY,Naive,2021-06-10,394.6278381347656,2021-07-09,20,407.0503540039063,394.6278381347656,12.422515869140682,0.0,1.0,0.0,False,0.861709471878569,14.416130116405691,1.6900012269616127e-05,7143,expanding,,,,,,,
SPY,Naive,2021-06-17,393.1001281738281,2021-06-18,1,387.7969665527344,393.1001281738281,-5.30316162109375,0.0,-1.0,0.0,False,0.8617505556189033,6.153940472118473,1.7300015315413475e-05,7148,expanding,,,,,,,
SPY,Naive,2021-06-17,393.1001281738281,2021-06-24,5,397.3115234375,393.1001281738281,4.211395263671875,0.0,1.0,0.0,False,0.8617505556189033,4.887023554800356,1.7300015315413475e-05,7148,expanding,,,,,,,
SPY,Naive,2021-06-17,393.1001281738281,2021-07-16,20,403.14361572265625,393.1001281738281,10.043487548828125,0.0,1.0,0.0,False,0.8617505556189033,11.654750302557057,1.7300015315413475e-05,7148,expanding,,,,,,,
SPY,Naive,2021-06-24,397.3115234375,2021-06-25,1,398.72271728515625,397.3115234375,1.41119384765625,0.0,1.0,0.0,False,0.8633532140078963,1.6345498282274804,2.7099973522126675e-05,7153,expanding,,,,,,,
SPY,Naive,2021-06-24,397.3115234375,2021-07-01,5,402.2930908203125,397.3115234375,4.9815673828125,0.0,1.0,0.0,False,0.8633532140078963,5.770022398696876,2.7099973522126675e-05,7153,expanding,,,,,,,
SPY,Naive,2021-06-24,397.3115234375,2021-07-23,20,411.1814575195313,397.3115234375,13.869934082031307,0.0,1.0,0.0,False,0.8633532140078963,16.065190766643106,2.7099973522126675e-05,7153,expanding,,,,,,,
SPY,Naive,2021-07-01,402.2930908203125,2021-07-02,1,405.3680114746094,402.2930908203125,3.074920654296875,0.0,1.0,0.0,False,0.8634461022729198,3.5612189877312663,1.6200006939470768e-05,7158,expanding,,,,,,,
SPY,Naive,2021-07-01,402.2930908203125,2021-07-09,5,407.0503540039063,402.2930908203125,4.757263183593807,0.0,1.0,0.0,False,0.8634461022729198,5.509623786673973,1.6200006939470768e-05,7158,expanding,,,,,,,
SPY,Naive,2021-07-01,402.2930908203125,2021-07-30,20,409.8449401855469,402.2930908203125,7.551849365234375,0.0,1.0,0.0,False,0.8634461022729198,8.746173438452063,1.6200006939470768e-05,7158,expanding,,,,,,,
SPY,Naive,2021-07-09,407.0503540039063,2021-07-12,1,408.5083923339844,407.0503540039063,1.4580383300780682,0.0,1.0,0.0,False,0.8646376385298633,1.686299861473946,1.6400008462369442e-05,7163,expanding,,,,,,,
SPY,Naive,2021-07-09,407.0503540039063,2021-07-16,5,403.14361572265625,407.0503540039063,-3.906738281250057,0.0,-1.0,0.0,False,0.8646376385298633,4.518353246676439,1.6400008462369442e-05,7163,expanding,,,,,,,
SPY,Naive,2021-07-09,407.0503540039063,2021-08-06,20,413.5647277832031,407.0503540039063,6.514373779296818,0.0,1.0,0.0,False,0.8646376385298633,7.5342241524127465,1.6400008462369442e-05,7163,expanding,,,,,,,
SPY,Naive,2021-07-16,403.14361572265625,2021-07-19,1,397.1900329589844,403.14361572265625,-5.953582763671875,0.0,-1.0,0.0,False,0.8651559296654946,6.881514140432209,2.6900088414549828e-05,7168,expanding,,,,,,,
SPY,Naive,2021-07-16,403.14361572265625,2021-07-23,5,411.1814575195313,403.14361572265625,8.037841796875057,0.0,1.0,0.0,False,0.8651559296654946,9.290627875581714,2.6900088414549828e-05,7168,expanding,,,,,,,
SPY,Naive,2021-07-16,403.14361572265625,2021-08-13,20,416.77056884765625,403.14361572265625,13.626953125,0.0,1.0,0.0,False,0.8651559296654946,15.750863697216696,2.6900088414549828e-05,7168,expanding,,,,,,,
SPY,Naive,2021-07-23,411.1814575195313,2021-07-26,1,412.1908874511719,411.1814575195313,1.0094299316405682,0.0,1.0,0.0,False,0.8673337360899077,1.1638310486932688,1.6700010746717453e-05,7173,expanding,,,,,,,
SPY,Naive,2021-07-23,411.1814575195313,2021-07-30,5,409.8449401855469,411.1814575195313,-1.3365173339844318,0.0,-1.0,0.0,False,0.8673337360899077,1.5409493236244747,1.6700010746717453e-05,7173,expanding,,,,,,,
SPY,Naive,2021-07-23,411.1814575195313,2021-08-20,20,414.37786865234375,411.1814575195313,3.196411132812443,0.0,1.0,0.0,False,0.8673337360899077,3.685330109748093,1.6700010746717453e-05,7173,expanding,,,,,,,
SPY,Naive,2021-07-30,409.8449401855469,2021-08-02,1,408.9850158691406,409.8449401855469,-0.85992431640625,0.0,-1.0,0.0,False,0.8676710369295609,0.9910718230831763,1.6200006939470768e-05,7178,expanding,,,,,,,
SPY,Naive,2021-07-30,409.8449401855469,2021-08-06,5,413.5647277832031,409.8449401855469,3.71978759765625,0.0,1.0,0.0,False,0.8676710369295609,4.287094347207338,1.6200006939470768e-05,7178,expanding,,,,,,,
SPY,Naive,2021-07-30,409.8449401855469,2021-08-27,20,420.8175048828125,409.8449401855469,10.972564697265625,0.0,1.0,0.0,False,0.8676710369295609,12.645996270769146,1.6200006939470768e-05,7178,expanding,,,,,,,
SPY,Naive,2021-08-06,413.5647277832031,2021-08-09,1,413.2283020019531,413.5647277832031,-0.33642578125,0.0,-1.0,0.0,False,0.8683891423861985,0.3874136200339334,1.9299914129078388e-05,7183,expanding,,,,,,,
SPY,Naive,2021-08-06,413.5647277832031,2021-08-13,5,416.77056884765625,413.5647277832031,3.205841064453125,0.0,1.0,0.0,False,0.8683891423861985,3.6917102114427314,1.9299914129078388e-05,7183,expanding,,,,,,,
SPY,Naive,2021-08-06,413.5647277832031,2021-09-03,20,423.4624328613281,413.5647277832031,9.897705078125,0.0,1.0,0.0,False,0.8683891423861985,11.397776175468573,1.9299914129078388e-05,7183,expanding,,,,,,,
SPY,Naive,2021-08-13,416.77056884765625,2021-08-16,1,417.75189208984375,416.77056884765625,0.9813232421875,0.0,1.0,0.0,False,0.8683246852990999,1.1301339911227757,4.67000063508749e-05,7188,expanding,,,,,,,
SPY,Naive,2021-08-13,416.77056884765625,2021-08-20,5,414.37786865234375,416.77056884765625,-2.3927001953125,0.0,-1.0,0.0,False,0.8683246852990999,2.755536305510328,4.67000063508749e-05,7188,expanding,,,,,,,
SPY,Naive,2021-08-13,416.77056884765625,2021-09-13,20,417.3873596191406,416.77056884765625,0.616790771484375,0.0,1.0,0.0,False,0.8683246852990999,0.7103227420880215,4.67000063508749e-05,7188,expanding,,,,,,,
SPY,Naive,2021-08-20,414.37786865234375,2021-08-23,1,418.0229187011719,414.37786865234375,3.645050048828125,0.0,1.0,0.0,False,0.8694130141159586,4.192541392464093,1.7400016076862812e-05,7193,expanding,,,,,,,
SPY,Naive,2021-08-20,414.37786865234375,2021-08-27,5,420.8175048828125,414.37786865234375,6.43963623046875,0.0,1.0,0.0,False,0.8694130141159586,7.406878118815299,1.7400016076862812e-05,7193,expanding,,,,,,,
SPY,Naive,2021-08-20,414.37786865234375,2021-09-20,20,406.966796875,414.37786865234375,-7.41107177734375,0.0,-1.0,0.0,False,0.8694130141159586,8.524224571079738,1.7400016076862812e-05,7193,expanding,,,,,,,
SPY,Naive,2021-08-27,420.8175048828125,2021-08-30,1,422.6680603027344,420.8175048828125,1.850555419921875,0.0,1.0,0.0,False,0.8703920587791709,2.1261170770761635,1.5900004655122757e-05,7198,expanding,,,,,,,
SPY,Naive,2021-08-27,420.8175048828125,2021-09-03,5,423.4624328613281,420.8175048828125,2.644927978515625,0.0,1.0,0.0,False,0.8703920587791709,3.038777700046406,1.5900004655122757e-05,7198,expanding,,,,,,,
SPY,Naive,2021-08-27,420.8175048828125,2021-09-27,20,415.03033447265625,420.8175048828125,-5.78717041015625,0.0,-1.0,0.0,False,0.8703920587791709,6.648923725560467,1.5900004655122757e-05,7198,expanding,,,,,,,
SPY,Naive,2021-09-03,423.4624328613281,2021-09-07,1,421.9483642578125,423.4624328613281,-1.514068603515625,0.0,-1.0,0.0,False,0.8703575240211732,1.7395938585334643,1.5600002370774746e-05,7203,expanding,,,,,,,
SPY,Naive,2021-09-03,423.4624328613281,2021-09-13,5,417.3873596191406,423.4624328613281,-6.0750732421875,0.0,-1.0,0.0,False,0.8703575240211732,6.979974406517237,1.5600002370774746e-05,7203,expanding,,,,,,,
SPY,Naive,2021-09-03,423.4624328613281,2021-10-04,20,401.9036254882813,423.4624328613281,-21.558807373046818,0.0,-1.0,0.0,False,0.8703575240211732,24.770059174581636,1.5600002370774746e-05,7203,expanding,,,,,,,
SPY,Naive,2021-09-13,417.3873596191406,2021-09-14,1,415.1349487304688,417.3873596191406,-2.252410888671818,0.0,-1.0,0.0,False,0.870892310483257,2.5863253832405046,1.5600002370774746e-05,7208,expanding,,,,,,,
SPY,Naive,2021-09-13,417.3873596191406,2021-09-20,5,406.966796875,417.3873596191406,-10.420562744140625,0.0,-1.0,0.0,False,0.870892310483257,11.965386097344537,1.5600002370774746e-05,7208,expanding,,,,,,,
SPY,Naive,2021-09-13,417.3873596191406,2021-10-11,20,407.5762023925781,417.3873596191406,-9.8111572265625,0.0,-1.0,0.0,False,0.870892310483257,11.265637678116944,1.5600002370774746e-05,7208,expanding,,,,,,,
SPY,Naive,2021-09-20,406.966796875,2021-09-21,1,406.5823364257813,406.966796875,-0.38446044921869316,0.0,-1.0,0.0,False,0.872695005673934,0.4405438861447312,1.5900004655122757e-05,7213,expanding,,,,,,,
SPY,Naive,2021-09-20,406.966796875,2021-09-27,5,415.03033447265625,406.966796875,8.06353759765625,0.0,1.0,0.0,False,0.872695005673934,9.239811784449513,1.5900004655122757e-05,7213,expanding,,,,,,,
SPY,Naive,2021-09-20,406.966796875,2021-10-18,20,419.2964172363281,406.966796875,12.329620361328125,0.0,1.0,0.0,False,0.872695005673934,14.128212355021606,1.5900004655122757e-05,7213,expanding,,,,,,,
SPY,Naive,2021-09-27,415.03033447265625,2021-09-28,1,406.6667175292969,415.03033447265625,-8.363616943359375,0.0,-1.0,0.0,False,0.8736442247718199,9.573252711129408,1.6200006939470768e-05,7218,expanding,,,,,,,
SPY,Naive,2021-09-27,415.03033447265625,2021-10-04,5,401.9036254882813,415.03033447265625,-13.126708984374943,0.0,-1.0,0.0,False,0.8736442247718199,15.02523408519458,1.6200006939470768e-05,7218,expanding,,,,,,,
SPY,Naive,2021-09-27,415.03033447265625,2021-10-25,20,427.135009765625,415.03033447265625,12.10467529296875,0.0,1.0,0.0,False,0.8736442247718199,13.855382946221928,1.6200006939470768e-05,7218,expanding,,,,,,,
SPY,Naive,2021-10-04,401.9036254882813,2021-10-05,1,406.0853576660156,401.9036254882813,4.181732177734318,0.0,1.0,0.0,False,0.8763707947183008,4.771647118932674,1.5700003132224083e-05,7223,expanding,,,,,,,
SPY,Naive,2021-10-04,401.9036254882813,2021-10-11,5,407.5762023925781,401.9036254882813,5.672576904296818,0.0,1.0,0.0,False,0.8763707947183008,6.472804591942388,1.5700003132224083e-05,7223,expanding,,,,,,,
SPY,Naive,2021-10-04,401.9036254882813,2021-11-01,20,431.3450012207031,401.9036254882813,29.441375732421818,0.0,1.0,0.0,False,0.8763707947183008,33.59465640555195,1.5700003132224083e-05,7223,expanding,,,,,,,
SPY,Naive,2021-10-11,407.5762023925781,2021-10-12,1,406.5729675292969,407.5762023925781,-1.00323486328125,0.0,-1.0,0.0,False,0.8775795239440236,1.1431839917737658,1.5400000847876072e-05,7228,expanding,,,,,,,
SPY,Naive,2021-10-11,407.5762023925781,2021-10-18,5,419.2964172363281,407.5762023925781,11.72021484375,0.0,1.0,0.0,False,0.8775795239440236,13.355159873235117,1.5400000847876072e-05,7228,expanding,,,,,,,
SPY,Naive,2021-10-11,407.5762023925781,2021-11-08,20,439.6804809570313,407.5762023925781,32.10427856445318,0.0,1.0,0.0,False,0.8775795239440236,36.58275710464383,1.5400000847876072e-05,7228,expanding,,,,,,,
SPY,Naive,2021-10-18,419.2964172363281,2021-10-19,1,422.53131103515625,419.2964172363281,3.234893798828125,0.0,1.0,0.0,False,0.8788708385113069,3.680738576225393,1.6400008462369442e-05,7233,expanding,,,,,,,
SPY,Naive,2021-10-18,419.2964172363281,2021-10-25,5,427.135009765625,419.2964172363281,7.838592529296875,0.0,1.0,0.0,False,0.8788708385113069,8.918935736421103,1.6400008462369442e-05,7233,expanding,,,,,,,
SPY,Naive,2021-10-18,419.2964172363281,2021-11-15,20,438.2740783691406,419.2964172363281,18.9776611328125,0.0,1.0,0.0,False,0.8788708385113069,21.59323111113596,1.6400008462369442e-05,7233,expanding,,,,,,,
SPY,Naive,2021-10-25,427.135009765625,2021-10-26,1,427.51947021484375,427.135009765625,0.38446044921875,0.0,1.0,0.0,False,0.8794685343739342,0.43715088623657833,1.5300000086426735e-05,7238,expanding,,,,,,,
SPY,Naive,2021-10-25,427.135009765625,2021-11-01,5,431.3450012207031,427.135009765625,4.209991455078125,0.0,1.0,0.0,False,0.8794685343739342,4.786972234401865,1.5300000086426735e-05,7238,expanding,,,,,,,
SPY,Naive,2021-10-25,427.135009765625,2021-11-22,20,438.4053039550781,427.135009765625,11.270294189453125,0.0,1.0,0.0,False,0.8794685343739342,12.814891890903283,1.5300000086426735e-05,7238,expanding,,,,,,,
SPY,Naive,2021-11-01,431.3450012207031,2021-11-02,1,433.0889587402344,431.3450012207031,1.74395751953125,0.0,1.0,0.0,False,0.8799657107913934,1.9818471312510908,3.609992563724518e-05,7243,expanding,,,,,,,
SPY,Naive,2021-11-01,431.3450012207031,2021-11-08,5,439.6804809570313,431.3450012207031,8.335479736328182,0.0,1.0,0.0,False,0.8799657107913934,9.472505160265511,3.609992563724518e-05,7243,expanding,,,,,,,
SPY,Naive,2021-11-01,431.3450012207031,2021-11-30,20,427.1443786621094,431.3450012207031,-4.20062255859375,0.0,-1.0,0.0,False,0.8799657107913934,4.773620729853142,3.609992563724518e-05,7243,expanding,,,,,,,
SPY,Naive,2021-11-08,439.6804809570313,2021-11-09,1,438.2271423339844,439.6804809570313,-1.4533386230469318,0.0,-1.0,0.0,False,0.880508783950269,1.650566864905934,1.880002673715353e-05,7248,expanding,,,,,,,
SPY,Naive,2021-11-08,439.6804809570313,2021-11-15,5,438.2740783691406,439.6804809570313,-1.4064025878906818,0.0,-1.0,0.0,False,0.880508783950269,1.5972612806666961,1.880002673715353e-05,7248,expanding,,,,,,,
SPY,Naive,2021-11-08,439.6804809570313,2021-12-07,20,439.071044921875,439.6804809570313,-0.6094360351563068,0.0,-1.0,0.0,False,0.880508783950269,0.6921407784510276,1.880002673715353e-05,7248,expanding,,,,,,,
SPY,Naive,2021-11-15,438.2740783691406,2021-11-16,1,440.0086975097656,438.2740783691406,1.734619140625,0.0,1.0,0.0,False,0.8810808515259396,1.9687400283649583,1.7000013031065464e-05,7253,expanding,,,,,,,
SPY,Naive,2021-11-15,438.2740783691406,2021-11-22,5,438.4053039550781,438.2740783691406,0.1312255859375,0.0,1.0,0.0,False,0.8810808515259396,0.1489370535181091,1.7000013031065464e-05,7253,expanding,,,,,,,
SPY,Naive,2021-11-15,438.2740783691406,2021-12-14,20,434.45794677734375,438.2740783691406,-3.816131591796875,0.0,-1.0,0.0,False,0.8810808515259396,4.331193425878834,1.7000013031065464e-05,7253,expanding,,,,,,,
SPY,Naive,2021-11-22,438.4053039550781,2021-11-23,1,438.9866943359375,438.4053039550781,0.581390380859375,0.0,1.0,0.0,False,0.8813446211029681,0.6596629365387036,1.750001683831215e-05,7258,expanding,,,,,,,
SPY,Naive,2021-11-22,438.4053039550781,2021-11-30,5,427.1443786621094,438.4053039550781,-11.26092529296875,0.0,-1.0,0.0,False,0.8813446211029681,12.776983058994727,1.750001683831215e-05,7258,expanding,,,,,,,
SPY,Naive,2021-11-22,438.4053039550781,2021-12-21,20,435.7020568847656,438.4053039550781,-2.7032470703125,0.0,-1.0,0.0,False,0.8813446211029681,3.0671850778750915,1.750001683831215e-05,7258,expanding,,,,,,,
SPY,Naive,2021-11-30,427.1443786621094,2021-12-01,1,422.4000244140625,427.1443786621094,-4.744354248046875,0.0,-1.0,0.0,False,0.8842251934449689,5.36554973011199,2.0600040443241596e-05,7263,expanding,,,,,,,
SPY,Naive,2021-11-30,427.1443786621094,2021-12-07,5,439.071044921875,427.1443786621094,11.926666259765625,0.0,1.0,0.0,False,0.8842251934449689,13.488267862283998,2.0600040443241596e-05,7263,expanding,,,,,,,
SPY,Naive,2021-11-30,427.1443786621094,2021-12-29,20,449.27001953125,427.1443786621094,22.125640869140625,0.0,1.0,0.0,False,0.8842251934449689,25.022631150033668,2.0600040443241596e-05,7263,expanding,,,,,,,
SPY,Naive,2021-12-07,439.071044921875,2021-12-08,1,440.2337036132813,439.071044921875,1.1626586914063068,0.0,1.0,0.0,False,0.8875907760416445,1.3099039814173965,2.9099988751113415e-05,7268,expanding,,,,,,,
SPY,Naive,2021-12-07,439.071044921875,2021-12-14,5,434.45794677734375,439.071044921875,-4.61309814453125,0.0,-1.0,0.0,False,0.8875907760416445,5.197325466927577,2.9099988751113415e-05,7268,expanding,,,,,,,
SPY,Naive,2021-12-07,439.071044921875,2022-01-05,20,440.7077026367188,439.071044921875,1.6366577148438068,0.0,1.0,0.0,False,0.8875907760416445,1.8439327661140736,2.9099988751113415e-05,7268,expanding,,,,,,,
SPY,Naive,2021-12-14,434.45794677734375,2021-12-15,1,441.2463684082031,434.45794677734375,6.788421630859375,0.0,1.0,0.0,False,0.8890666699383258,7.635447217170209,3.490003291517496e-05,7273,expanding,,,,,,,
SPY,Naive,2021-12-14,434.45794677734375,2021-12-21,5,435.7020568847656,434.45794677734375,1.244110107421875,0.0,1.0,0.0,False,0.8890666699383258,1.3993439968997807,3.490003291517496e-05,7273,expanding,,,,,,,
SPY,Naive,2021-12-14,434.45794677734375,2022-01-12,20,443.1916809082031,434.45794677734375,8.733734130859375,0.0,1.0,0.0,False,0.8890666699383258,9.823486163827546,3.490003291517496e-05,7273,expanding,,,,,,,
SPY,Naive,2021-12-21,435.7020568847656,2021-12-22,1,440.0584411621094,435.7020568847656,4.35638427734375,0.0,1.0,0.0,False,0.892240046471935,4.8825249377335345,3.0499999411404133e-05,7278,expanding,,,,,,,
SPY,Naive,2021-12-21,435.7020568847656,2021-12-29,5,449.27001953125,435.7020568847656,13.567962646484375,0.0,1.0,0.0,False,0.892240046471935,15.206628193986974,3.0499999411404133e-05,7278,expanding,,,,,,,
SPY,Naive,2021-12-21,435.7020568847656,2022-01-20,20,420.3555603027344,435.7020568847656,-15.34649658203125,0.0,-1.0,0.0,False,0.892240046471935,17.199963891683456,3.0499999411404133e-05,7278,expanding,,,,,,,
SPY,Naive,2021-12-29,449.27001953125,2021-12-30,1,448.0280456542969,449.27001953125,-1.241973876953125,0.0,-1.0,0.0,False,0.8935914378806612,1.3898677004993754,1.8099904991686344e-05,7283,expanding,,,,,,,
SPY,Naive,2021-12-29,449.27001953125,2022-01-05,5,440.7077026367188,449.27001953125,-8.562316894531193,0.0,-1.0,0.0,False,0.8935914378806612,9.581914655358064,1.8099904991686344e-05,7283,expanding,,,,,,,
SPY,Naive,2021-12-29,449.27001953125,2022-01-27,20,405.7619934082031,449.27001953125,-43.508026123046875,0.0,-1.0,0.0,False,0.8935914378806612,48.6889469601849,1.8099904991686344e-05,7283,expanding,,,,,,,
SPY,Naive,2022-01-05,440.7077026367188,2022-01-06,1,440.2937622070313,440.7077026367188,-0.4139404296875,0.0,-1.0,0.0,False,0.8948634935370917,0.4625738257031069,3.0499999411404133e-05,7288,expanding,,,,,,,
SPY,Naive,2022-01-05,440.7077026367188,2022-01-12,5,443.1916809082031,440.7077026367188,2.483978271484318,0.0,1.0,0.0,False,0.8948634935370917,2.7758180878135894,3.0499999411404133e-05,7288,expanding,,,,,,,
SPY,Naive,2022-01-05,440.7077026367188,2022-02-03,20,420.2145080566406,440.7077026367188,-20.493194580078182,0.0,-1.0,0.0,False,0.8948634935370917,22.900916986875327,3.0499999411404133e-05,7288,expanding,,,,,,,
SPY,Naive,2022-01-12,443.1916809082031,2022-01-13,1,437.0850830078125,443.1916809082031,-6.106597900390625,0.0,-1.0,0.0,False,0.8953312033163084,6.8204904260811805,2.889998722821474e-05,7293,expanding,,,,,,,
SPY,Naive,2022-01-12,443.1916809082031,2022-01-20,5,420.3555603027344,443.1916809082031,-22.83612060546875,0.0,-1.0,0.0,False,0.8953312033163084,25.505779895622666,2.889998722821474e-05,7293,expanding,,,,,,,
SPY,Naive,2022-01-12,443.1916809082031,2022-02-10,20,422.7737121582031,443.1916809082031,-20.41796875,0.0,-1.0,0.0,False,0.8953312033163084,22.80493372103173,2.889998722821474e-05,7293,expanding,,,,,,,
SPY,Naive,2022-01-20,420.3555603027344,2022-01-21,1,412.103759765625,420.3555603027344,-8.251800537109375,0.0,-1.0,0.0,False,0.8978962563024218,9.190149172790486,3.630004357546568e-05,7298,expanding,,,,,,,
SPY,Naive,2022-01-20,420.3555603027344,2022-01-27,5,405.7619934082031,420.3555603027344,-14.59356689453125,0.0,-1.0,0.0,False,0.8978962563024218,16.253065754643227,3.630004357546568e-05,7298,expanding,,,,,,,
SPY,Naive,2022-01-20,420.3555603027344,2022-02-17,20,411.238037109375,420.3555603027344,-9.117523193359375,0.0,-1.0,0.0,False,0.8978962563024218,10.154316970766486,3.630004357546568e-05,7298,expanding,,,,,,,
SPY,Naive,2022-01-27,405.7619934082031,2022-01-28,1,415.8392333984375,405.7619934082031,10.077239990234375,0.0,1.0,0.0,False,0.8997593443219353,11.199928129480723,2.629996743053198e-05,7303,expanding,,,,,,,
SPY,Naive,2022-01-27,405.7619934082031,2022-02-03,5,420.2145080566406,405.7619934082031,14.4525146484375,0.0,1.0,0.0,False,0.8997593443219353,16.062644683428115,2.629996743053198e-05,7303,expanding,,,,,,,
SPY,Naive,2022-01-27,405.7619934082031,2022-02-25,20,411.8873291015625,405.7619934082031,6.125335693359375,0.0,1.0,0.0,False,0.8997593443219353,6.807748907543127,2.629996743053198e-05,7303,expanding,,,,,,,
SPY,Naive,2022-02-03,420.2145080566406,2022-02-04,1,422.1903991699219,420.2145080566406,1.97589111328125,0.0,1.0,0.0,False,0.9038900863753964,2.185986043064797,2.7399975806474686e-05,7308,expanding,,,,,,,
SPY,Naive,2022-02-03,420.2145080566406,2022-02-10,5,422.7737121582031,420.2145080566406,2.5592041015625,0.0,1.0,0.0,False,0.9038900863753964,2.8313222372256797,2.7399975806474686e-05,7308,expanding,,,,,,,
SPY,Naive,2022-02-03,420.2145080566406,2022-03-04,20,406.6369934082031,420.2145080566406,-13.5775146484375,0.0,-1.0,0.0,False,0.9038900863753964,15.021200976861467,2.7399975806474686e-05,7308,expanding,,,,,,,
SPY,Naive,2022-02-10,422.7737121582031,2022-02-11,1,414.437255859375,422.7737121582031,-8.336456298828125,0.0,-1.0,0.0,False,0.906108131033065,9.200288589534704,2.4799956008791924e-05,7313,expanding,,,,,,,
SPY,Naive,2022-02-10,422.7737121582031,2022-02-17,5,411.238037109375,422.7737121582031,-11.535675048828125,0.0,-1.0,0.0,False,0.906108131033065,12.73101372092993,2.4799956008791924e-05,7313,expanding,,,,,,,
SPY,Naive,2022-02-10,422.7737121582031,2022-03-11,20,395.2518615722656,422.7737121582031,-27.5218505859375,0.0,-1.0,0.0,False,0.906108131033065,30.37369342945803,2.4799956008791924e-05,7313,expanding,,,,,,,
SPY,Naive,2022-02-17,411.238037109375,2022-02-18,1,408.5753173828125,411.238037109375,-2.6627197265625,0.0,-1.0,0.0,False,0.9090149970560988,2.929236299935515,1.780001912266016e-05,7318,expanding,,,,,,,
SPY,Naive,2022-02-17,411.238037109375,2022-02-25,5,411.8873291015625,411.238037109375,0.6492919921875,0.0,1.0,0.0,False,0.9090149970560988,0.7142808361691195,1.780001912266016e-05,7318,expanding,,,,,,,
SPY,Naive,2022-02-17,411.238037109375,2022-03-18,20,419.5567321777344,411.238037109375,8.318695068359375,0.0,1.0,0.0,False,0.9090149970560988,9.151328740779837,1.780001912266016e-05,7318,expanding,,,,,,,
SPY,Naive,2022-02-25,411.8873291015625,2022-02-28,1,410.83349609375,411.8873291015625,-1.0538330078125,0.0,-1.0,0.0,False,0.9123663747287848,1.155054632658693,2.2499938495457172e-05,7323,expanding,,,,,,,
SPY,Naive,2022-02-25,411.8873291015625,2022-03-04,5,406.6369934082031,411.8873291015625,-5.250335693359375,0.0,-1.0,0.0,False,0.9123663747287848,5.754635241703334,2.2499938495457172e-05,7323,expanding,,,,,,,
SPY,Naive,2022-02-25,411.8873291015625,2022-03-25,20,427.2678833007813,411.8873291015625,15.380554199218807,0.0,1.0,0.0,False,0.9123663747287848,16.857870506013462,2.2499938495457172e-05,7323,expanding,,,,,,,
SPY,Naive,2022-03-04,406.6369934082031,2022-03-07,1,394.6497192382813,406.6369934082031,-11.987274169921818,0.0,-1.0,0.0,False,0.9144919046490748,13.108124969703027,2.6700086891651154e-05,7328,expanding,,,,,,,
SPY,Naive,2022-03-04,406.6369934082031,2022-03-11,5,395.2518615722656,406.6369934082031,-11.3851318359375,0.0,-1.0,0.0,False,0.9144919046490748,12.449680284820461,2.6700086891651154e-05,7328,expanding,,,,,,,
SPY,Naive,2022-03-04,406.6369934082031,2022-04-01,20,427.4849243164063,406.6369934082031,20.847930908203182,0.0,1.0,0.0,False,0.9144919046490748,22.79728317136205,2.6700086891651154e-05,7328,expanding,,,,,,,
SPY,Naive,2022-03-11,395.2518615722656,2022-03-14,1,392.3633117675781,395.2518615722656,-2.8885498046875,0.0,-1.0,0.0,False,0.9182854146171776,3.1455904217880915,1.880002673715353e-05,7333,expanding,,,,,,,
SPY,Naive,2022-03-11,395.2518615722656,2022-03-18,5,419.5567321777344,395.2518615722656,24.30487060546875,0.0,1.0,0.0,False,0.9182854146171776,26.46766486604948,1.880002673715353e-05,7333,expanding,,,,,,,
SPY,Naive,2022-03-11,395.2518615722656,2022-04-08,20,422.4354248046875,395.2518615722656,27.183563232421875,0.0,1.0,0.0,False,0.9182854146171776,29.602520958861557,1.880002673715353e-05,7333,expanding,,,,,,,
SPY,Naive,2022-03-18,419.5567321777344,2022-03-21,1,419.4339904785156,419.5567321777344,-0.12274169921875,0.0,-1.0,0.0,False,0.9217596606498556,0.13316019832351428,1.9000028260052204e-05,7338,expanding,,,,,,,
SPY,Naive,2022-03-18,419.5567321777344,2022-03-25,5,427.2678833007813,419.5567321777344,7.711151123046932,0.0,1.0,0.0,False,0.9217596606498556,8.365685169614002,1.9000028260052204e-05,7338,expanding,,,,,,,
SPY,Naive,2022-03-18,419.5567321777344,2022-04-18,20,413.3745727539063,419.5567321777344,-6.182159423828068,0.0,-1.0,0.0,False,0.9217596606498556,6.706910366927476,1.9000028260052204e-05,7338,expanding,,,,,,,
SPY,Naive,2022-03-25,427.2678833007813,2022-03-28,1,430.3070373535156,427.2678833007813,3.039154052734318,0.0,1.0,0.0,False,0.9237042891820101,3.2901807302699146,1.7300015315413475e-05,7343,expanding,,,,,,,
SPY,Naive,2022-03-25,427.2678833007813,2022-04-01,5,427.4849243164063,427.2678833007813,0.217041015625,0.0,1.0,0.0,False,0.9237042891820101,0.2349680716728094,1.7300015315413475e-05,7343,expanding,,,,,,,
SPY,Naive,2022-03-25,427.2678833007813,2022-04-25,20,404.4458618164063,427.2678833007813,-22.822021484375,0.0,-1.0,0.0,False,0.9237042891820101,24.707064535323454,1.7300015315413475e-05,7343,expanding,,,,,,,
SPY,Naive,2022-04-01,427.4849243164063,2022-04-04,1,431.1470947265625,427.4849243164063,3.662170410156193,0.0,1.0,0.0,False,0.925651409065576,3.956317004749197,1.610000617802143e-05,7348,expanding,,,,,,,
SPY,Naive,2022-04-01,427.4849243164063,2022-04-08,5,422.4354248046875,427.4849243164063,-5.049499511718807,0.0,-1.0,0.0,False,0.925651409065576,5.455076784052175,1.610000617802143e-05,7348,expanding,,,,,,,
SPY,Naive,2022-04-01,427.4849243164063,2022-05-02,20,391.2037353515625,427.4849243164063,-36.28118896484381,0.0,-1.0,0.0,False,0.925651409065576,39.19530463575791,1.610000617802143e-05,7348,expanding,,,,,,,
SPY,Naive,2022-04-08,422.4354248046875,2022-04-11,1,415.2150573730469,422.4354248046875,-7.220367431640625,0.0,-1.0,0.0,False,0.9272826602591266,7.786587349344926,1.750001683831215e-05,7353,expanding,,,,,,,
SPY,Naive,2022-04-08,422.4354248046875,2022-04-18,5,413.3745727539063,422.4354248046875,-9.060852050781193,0.0,-1.0,0.0,False,0.9272826602591266,9.771402441893136,1.750001683831215e-05,7353,expanding,,,,,,,
SPY,Naive,2022-04-08,422.4354248046875,2022-05-09,20,375.8096618652344,422.4354248046875,-46.625762939453125,0.0,-1.0,0.0,False,0.9272826602591266,50.2821468983618,1.750001683831215e-05,7353,expanding,,,,,,,
SPY,Naive,2022-04-18,413.3745727539063,2022-04-19,1,420.0475769042969,413.3745727539063,6.673004150390568,0.0,1.0,0.0,False,0.9292182803105383,7.181309593005958,2.9799994081258774e-05,7358,expanding,,,,,,,
SPY,Naive,2022-04-18,413.3745727539063,2022-04-25,5,404.4458618164063,413.3745727539063,-8.9287109375,0.0,-1.0,0.0,False,0.9292182803105383,9.60884124504749,2.9799994081258774e-05,7358,expanding,,,,,,,
SPY,Naive,2022-04-18,413.3745727539063,2022-05-16,20,377.6217956542969,413.3745727539063,-35.75277709960943,0.0,-1.0,0.0,False,0.9292182803105383,38.47618784217321,2.9799994081258774e-05,7358,expanding,,,,,,,
SPY,Naive,2022-04-25,404.4458618164063,2022-04-26,1,392.732666015625,404.4458618164063,-11.713195800781307,0.0,-1.0,0.0,False,0.9322461732150875,12.56448794033166,2.629996743053198e-05,7363,expanding,,,,,,,
SPY,Naive,2022-04-25,404.4458618164063,2022-05-02,5,391.2037353515625,404.4458618164063,-13.242126464843807,0.0,-1.0,0.0,False,0.9322461732150875,14.204538291827976,2.629996743053198e-05,7363,expanding,,,,,,,
SPY,Naive,2022-04-25,404.4458618164063,2022-05-23,20,374.6298522949219,404.4458618164063,-29.816009521484432,0.0,-1.0,0.0,False,0.9322461732150875,31.982978721871667,2.629996743053198e-05,7363,expanding,,,,,,,
SPY,Naive,2022-05-02,391.2037353515625,2022-05-03,1,392.99700927734375,391.2037353515625,1.79327392578125,0.0,1.0,0.0,False,0.9370469183550936,1.91375041169677,2.5799963623285294e-05,7368,expanding,,,,,,,
SPY,Naive,2022-05-02,391.2037353515625,2022-05-09,5,375.8096618652344,391.2037353515625,-15.394073486328125,0.0,-1.0,0.0,False,0.9370469183550936,16.428284629921322,2.5799963623285294e-05,7368,expanding,,,,,,,
SPY,Naive,2022-05-02,391.2037353515625,2022-05-31,20,389.7407531738281,391.2037353515625,-1.462982177734375,0.0,-1.0,0.0,False,0.9370469183550936,1.5612688639993781,2.5799963623285294e-05,7368,expanding,,,,,,,
SPY,Naive,2022-05-09,375.8096618652344,2022-05-10,1,376.6780090332031,375.8096618652344,0.86834716796875,0.0,1.0,0.0,False,0.9422329164236963,0.9215844117021678,7.260008715093136e-05,7373,expanding,,,,,,,
SPY,Naive,2022-05-09,375.8096618652344,2022-05-16,5,377.6217956542969,375.8096618652344,1.8121337890625,0.0,1.0,0.0,False,0.9422329164236963,1.9232333719995334,7.260008715093136e-05,7373,expanding,,,,,,,
SPY,Naive,2022-05-09,375.8096618652344,2022-06-07,20,392.3929138183594,375.8096618652344,16.583251953125,0.0,1.0,0.0,False,0.9422329164236963,17.599949719510718,7.260008715093136e-05,7373,expanding,,,,,,,
SPY,Naive,2022-05-16,377.6217956542969,2022-05-17,1,385.3896179199219,377.6217956542969,7.767822265625,0.0,1.0,0.0,False,0.9439843141468656,8.228762013535405,1.7900019884109497e-05,7378,expanding,,,,,,,
SPY,Naive,2022-05-16,377.6217956542969,2022-05-23,5,374.6298522949219,377.6217956542969,-2.991943359375,0.0,-1.0,0.0,False,0.9439843141468656,3.169484190083175,1.7900019884109497e-05,7378,expanding,,,,,,,
SPY,Naive,2022-05-16,377.6217956542969,2022-06-14,20,352.8742980957031,377.6217956542969,-24.74749755859375,0.0,-1.0,0.0,False,0.9439843141468656,26.21600506249887,1.7900019884109497e-05,7378,expanding,,,,,,,
SPY,Naive,2022-05-23,374.6298522949219,2022-05-24,1,371.7700805664063,374.6298522949219,-2.859771728515568,0.0,-1.0,0.0,False,0.9477623986280636,3.0173931068116224,1.7900019884109497e-05,7383,expanding,,,,,,,
SPY,Naive,2022-05-23,374.6298522949219,2022-05-31,5,389.7407531738281,374.6298522949219,15.11090087890625,0.0,1.0,0.0,False,0.9477623986280636,15.943764914898589,1.7900019884109497e-05,7383,expanding,,,,,,,
SPY,Naive,2022-05-23,374.6298522949219,2022-06-22,20,354.8914794921875,374.6298522949219,-19.738372802734375,0.0,-1.0,0.0,False,0.9477623986280636,20.826288140684543,1.7900019884109497e-05,7383,expanding,,,,,,,
SPY,Naive,2022-05-31,389.7407531738281,2022-06-01,1,386.5883483886719,389.7407531738281,-3.15240478515625,0.0,-1.0,0.0,False,0.9505361833542697,3.3164490109487317,2.7900096029043198e-05,7388,expanding,,,,,,,
SPY,Naive,2022-05-31,389.7407531738281,2022-06-07,5,392.3929138183594,389.7407531738281,2.65216064453125,0.0,1.0,0.0,False,0.9505361833542697,2.7901732632336587,2.7900096029043198e-05,7388,expanding,,,,,,,
SPY,Naive,2022-05-31,389.7407531738281,2022-06-29,20,360.5316162109375,389.7407531738281,-29.209136962890625,0.0,-1.0,0.0,False,0.9505361833542697,30.72911633917699,2.7900096029043198e-05,7388,expanding,,,,,,,
SPY,Naive,2022-06-07,392.3929138183594,2022-06-08,1,388.1268310546875,392.3929138183594,-4.266082763671875,0.0,-1.0,0.0,False,0.9528542235816198,4.477162044406313,2.359994687139988e-05,7393,expanding,,,,,,,
SPY,Naive,2022-06-07,392.3929138183594,2022-06-14,5,352.8742980957031,392.3929138183594,-39.51861572265625,0.0,-1.0,0.0,False,0.9528542235816198,41.47393666799564,2.359994687139988e-05,7393,expanding,,,,,,,
SPY,Naive,2022-06-07,392.3929138183594,2022-07-07,20,368.7310791015625,392.3929138183594,-23.661834716796875,0.0,-1.0,0.0,False,0.9528542235816198,24.832586277317418,2.359994687139988e-05,7393,expanding,,,,,,,
SPY,Naive,2022-06-14,352.8742980957031,2022-06-15,1,357.9049377441406,352.8742980957031,5.0306396484375,0.0,1.0,0.0,False,0.9575526614084073,5.2536428033506075,1.7200014553964138e-05,7398,expanding,,,,,,,
SPY,Naive,2022-06-14,352.8742980957031,2022-06-22,5,354.8914794921875,352.8742980957031,2.017181396484375,0.0,1.0,0.0,False,0.9575526614084073,2.1066010025155406,1.7200014553964138e-05,7398,expanding,,,,,,,
SPY,Naive,2022-06-14,352.8742980957031,2022-07-14,20,358.22821044921875,352.8742980957031,5.353912353515625,0.0,1.0,0.0,False,0.9575526614084073,5.591245859669873,1.7200014553964138e-05,7398,expanding,,,,,,,
SPY,Naive,2022-06-22,354.8914794921875,2022-06-23,1,358.3703918457031,354.8914794921875,3.478912353515625,0.0,1.0,0.0,False,0.960553087565874,3.6217804081307934,1.910002902150154e-05,7403,expanding,,,,,,,
SPY,Naive,2022-06-22,354.8914794921875,2022-06-29,5,360.5316162109375,354.8914794921875,5.64013671875,0.0,1.0,0.0,False,0.960553087565874,5.871759501645664,1.910002902150154e-05,7403,expanding,,,,,,,
SPY,Naive,2022-06-22,354.8914794921875,2022-07-21,20,378.020751953125,354.8914794921875,23.1292724609375,0.0,1.0,0.0,False,0.960553087565874,24.079119374389926,1.910002902150154e-05,7403,expanding,,,,,,,
SPY,Naive,2022-06-29,360.5316162109375,2022-06-30,1,357.6025695800781,360.5316162109375,-2.929046630859375,0.0,-1.0,0.0,False,0.963159112323871,3.0410828215000643,1.71000137925148e-05,7408,expanding,,,,,,,
SPY,Naive,2022-06-29,360.5316162109375,2022-07-07,5,368.7310791015625,360.5316162109375,8.199462890625,0.0,1.0,0.0,False,0.963159112323871,8.51309278572018,1.71000137925148e-05,7408,expanding,,,,,,,
SPY,Naive,2022-06-29,360.5316162109375,2022-07-28,20,384.921630859375,360.5316162109375,24.3900146484375,0.0,1.0,0.0,False,0.963159112323871,25.322934016156758,1.71000137925148e-05,7408,expanding,,,,,,,
SPY,Naive,2022-07-07,368.7310791015625,2022-07-08,1,368.42779541015625,368.7310791015625,-0.30328369140625,0.0,-1.0,0.0,False,0.964405976947552,0.31447720011667213,2.8399983420968056e-05,7413,expanding,,,,,,,
SPY,Naive,2022-07-07,368.7310791015625,2022-07-14,5,358.22821044921875,368.7310791015625,-10.50286865234375,0.0,-1.0,0.0,False,0.964405976947552,10.89050555823643,2.8399983420968056e-05,7413,expanding,,,,,,,
SPY,Naive,2022-07-07,368.7310791015625,2022-08-04,20,392.5997314453125,368.7310791015625,23.86865234375,0.0,1.0,0.0,False,0.964405976947552,24.74958981413288,2.8399983420968056e-05,7413,expanding,,,,,,,
SPY,Naive,2022-07-14,358.22821044921875,2022-07-15,1,365.0721130371094,358.22821044921875,6.843902587890625,0.0,1.0,0.0,False,0.9651718983130105,7.090863917456401,3.270001616328955e-05,7418,expanding,,,,,,,
SPY,Naive,2022-07-14,358.22821044921875,2022-07-21,5,378.020751953125,358.22821044921875,19.79254150390625,0.0,1.0,0.0,False,0.9651718983130105,20.50675277481755,3.270001616328955e-05,7418,expanding,,,,,,,
SPY,Naive,2022-07-14,358.22821044921875,2022-08-11,20,398.1166076660156,358.22821044921875,39.888397216796875,0.0,1.0,0.0,False,0.9651718983130105,41.327764812171154,3.270001616328955e-05,7418,expanding,,,,,,,
SPY,Naive,2022-07-21,378.020751953125,2022-07-22,1,374.5134887695313,378.020751953125,-3.507263183593693,0.0,-1.0,0.0,False,0.9680007085489221,3.623203116091974,2.610008232295513e-05,7423,expanding,,,,,,,
SPY,Naive,2022-07-21,378.020751953125,2022-07-28,5,384.921630859375,378.020751953125,6.90087890625,0.0,1.0,0.0,False,0.9680007085489221,7.1290019163258025,2.610008232295513e-05,7423,expanding,,,,,,,
SPY,Naive,2022-07-21,378.020751953125,2022-08-18,20,405.6051940917969,378.020751953125,27.584442138671875,0.0,1.0,0.0,False,0.9680007085489221,28.496303664924206,2.610008232295513e-05,7423,expanding,,,,,,,
SPY,Naive,2022-07-28,384.921630859375,2022-07-29,1,390.5332336425781,384.921630859375,5.611602783203125,0.0,1.0,0.0,False,0.9704172748952437,5.782669917751512,2.5999965146183968e-05,7428,expanding,,,,,,,
SPY,Naive,2022-07-28,384.921630859375,2022-08-04,5,392.5997314453125,384.921630859375,7.6781005859375,0.0,1.0,0.0,False,0.9704172748952437,7.912163957269154,2.5999965146183968e-05,7428,expanding,,,,,,,
SPY,Naive,2022-07-28,384.921630859375,2022-08-25,20,397.66162109375,384.921630859375,12.739990234375,0.0,1.0,0.0,False,0.9704172748952437,13.128362987716063,2.5999965146183968e-05,7428,expanding,,,,,,,
SPY,Naive,2022-08-04,392.5997314453125,2022-08-05,1,391.9361267089844,392.5997314453125,-0.663604736328125,0.0,-1.0,0.0,False,0.9718714540561642,0.6828112231906088,2.3399945348501205e-05,7433,expanding,,,,,,,
SPY,Naive,2022-08-04,392.5997314453125,2022-08-11,5,398.1166076660156,392.5997314453125,5.516876220703125,0.0,1.0,0.0,False,0.9718714540561642,5.676549298446939,2.3399945348501205e-05,7433,expanding,,,,,,,
SPY,Naive,2022-08-04,392.5997314453125,2022-09-01,20,375.774169921875,392.5997314453125,-16.8255615234375,0.0,-1.0,0.0,False,0.9718714540561642,17.312538045247656,2.3399945348501205e-05,7433,expanding,,,,,,,
SPY,Naive,2022-08-11,398.1166076660156,2022-08-12,1,404.8563232421875,398.1166076660156,6.739715576171875,0.0,1.0,0.0,False,0.9726787380943284,6.929025290895452,1.680001150816679e-05,7438,expanding,,,,,,,
SPY,Naive,2022-08-11,398.1166076660156,2022-08-18,5,405.6051940917969,398.1166076660156,7.48858642578125,0.0,1.0,0.0,False,0.9726787380943284,7.698930934228998,1.680001150816679e-05,7438,expanding,,,,,,,
SPY,Naive,2022-08-11,398.1166076660156,2022-09-09,20,385.4239807128906,398.1166076660156,-12.692626953125,0.0,-1.0,0.0,False,0.9726787380943284,13.049146091126026,1.680001150816679e-05,7438,expanding,,,,,,,
SPY,Naive,2022-08-18,405.6051940917969,2022-08-19,1,400.15472412109375,405.6051940917969,-5.450469970703125,0.0,-1.0,0.0,False,0.9738084474772225,5.597065813942441,2.9399991035461426e-05,7443,expanding,,,,,,,
SPY,Naive,2022-08-18,405.6051940917969,2022-08-25,5,397.66162109375,405.6051940917969,-7.943572998046875,0.0,-1.0,0.0,False,0.9738084474772225,8.157223341639451,2.9399991035461426e-05,7443,expanding,,,,,,,
SPY,Naive,2022-08-18,405.6051940917969,2022-09-16,20,366.9811096191406,405.6051940917969,-38.62408447265625,0.0,-1.0,0.0,False,0.9738084474772225,39.662917869234924,2.9399991035461426e-05,7443,expanding,,,,,,,
SPY,Naive,2022-08-25,397.66162109375,2022-08-26,1,384.201171875,397.66162109375,-13.46044921875,0.0,-1.0,0.0,False,0.9760440874054912,13.790820919299257,2.759997732937336e-05,7448,expanding,,,,,,,
SPY,Naive,2022-08-25,397.66162109375,2022-09-01,5,375.774169921875,397.66162109375,-21.887451171875,0.0,-1.0,0.0,False,0.9760440874054912,22.42465422853589,2.759997732937336e-05,7448,expanding,,,,,,,
SPY,Naive,2022-08-25,397.66162109375,2022-09-23,20,350.2196960449219,397.66162109375,-47.441925048828125,0.0,-1.0,0.0,False,0.9760440874054912,48.606334141050624,2.759997732937336e-05,7448,expanding,,,,,,,
SPY,Naive,2022-09-01,375.774169921875,2022-09-02,1,371.8118286132813,375.774169921875,-3.962341308593693,0.0,-1.0,0.0,False,0.9786417956513486,4.048816764418387,2.6799971237778664e-05,7453,expanding,,,,,,,
SPY,Naive,2022-09-01,375.774169921875,2022-09-09,5,385.4239807128906,375.774169921875,9.649810791015625,0.0,1.0,0.0,False,0.9786417956513486,9.860411474244323,2.6799971237778664e-05,7453,expanding,,,,,,,
SPY,Naive,2022-09-01,375.774169921875,2022-09-30,20,339.96856689453125,375.774169921875,-35.80560302734375,0.0,-1.0,0.0,False,0.9786417956513486,36.587036427882005,2.6799971237778664e-05,7453,expanding,,,,,,,
SPY,Naive,2022-09-09,385.4239807128906,2022-09-12,1,389.56640625,385.4239807128906,4.142425537109375,0.0,1.0,0.0,False,0.9807186374815219,4.223867456773426,2.95999925583601e-05,7458,expanding,,,,,,,
SPY,Naive,2022-09-09,385.4239807128906,2022-09-16,5,366.9811096191406,385.4239807128906,-18.44287109375,0.0,-1.0,0.0,False,0.9807186374815219,18.80546610301111,2.95999925583601e-05,7458,expanding,,,,,,,
SPY,Naive,2022-09-09,385.4239807128906,2022-10-07,20,345.30828857421875,385.4239807128906,-40.115692138671875,0.0,-1.0,0.0,False,0.9807186374815219,40.904384402940146,2.95999925583601e-05,7458,expanding,,,,,,,
SPY,Naive,2022-09-16,366.9811096191406,2022-09-19,1,369.8269653320313,366.9811096191406,2.845855712890682,0.0,1.0,0.0,False,0.9840244619368999,2.892057893854646,1.750001683831215e-05,7463,expanding,,,,,,,
SPY,Naive,2022-09-16,366.9811096191406,2022-09-23,5,350.2196960449219,366.9811096191406,-16.76141357421875,0.0,-1.0,0.0,False,0.9840244619368999,17.033533435974245,1.750001683831215e-05,7463,expanding,,,,,,,
SPY,Naive,2022-09-16,366.9811096191406,2022-10-14,20,340.3969421386719,366.9811096191406,-26.58416748046875,0.0,-1.0,0.0,False,0.9840244619368999,27.01575876288881,1.750001683831215e-05,7463,expanding,,,,,,,
SPY,Naive,2022-09-23,350.2196960449219,2022-09-26,1,346.7549743652344,350.2196960449219,-3.4647216796875,0.0,-1.0,0.0,False,0.9863725271157288,3.5125893964410797,1.9300030544400215e-05,7468,expanding,,,,,,,
SPY,Naive,2022-09-23,350.2196960449219,2022-09-30,5,339.96856689453125,350.2196960449219,-10.251129150390625,0.0,-1.0,0.0,False,0.9863725271157288,10.392756153059283,1.9300030544400215e-05,7468,expanding,,,,,,,
SPY,Naive,2022-09-23,350.2196960449219,2022-10-21,20,356.254150390625,350.2196960449219,6.034454345703125,0.0,1.0,0.0,False,0.9863725271157288,6.117824837790841,1.9300030544400215e-05,7468,expanding,,,,,,,
SPY,Naive,2022-09-30,339.96856689453125,2022-10-03,1,348.9442443847656,339.96856689453125,8.975677490234375,0.0,1.0,0.0,False,0.9889060240996729,9.076370526113518,2.8499984182417393e-05,7473,expanding,,,,,,,
SPY,Naive,2022-09-30,339.96856689453125,2022-10-07,5,345.30828857421875,339.96856689453125,5.3397216796875,0.0,1.0,0.0,False,0.9889060240996729,5.39962498918836,2.8499984182417393e-05,7473,expanding,,,,,,,
SPY,Naive,2022-09-30,339.96856689453125,2022-10-28,20,370.27435302734375,339.96856689453125,30.3057861328125,0.0,1.0,0.0,False,0.9889060240996729,30.645769561777843,2.8499984182417393e-05,7473,expanding,,,,,,,
SPY,Naive,2022-10-07,345.30828857421875,2022-10-10,1,342.6717834472656,345.30828857421875,-2.636505126953125,0.0,-1.0,0.0,False,0.9928236845678965,2.6555622795205602,1.7000013031065464e-05,7478,expanding,,,,,,,
SPY,Naive,2022-10-07,345.30828857421875,2022-10-14,5,340.3969421386719,345.30828857421875,-4.911346435546875,0.0,-1.0,0.0,False,0.9928236845678965,4.946846566905205,1.7000013031065464e-05,7478,expanding,,,,,,,
SPY,Naive,2022-10-07,345.30828857421875,2022-11-04,20,358.21490478515625,345.30828857421875,12.9066162109375,0.0,1.0,0.0,False,0.9928236845678965,12.999907648813602,1.7000013031065464e-05,7478,expanding,,,,,,,
SPY,Naive,2022-10-14,340.3969421386719,2022-10-17,1,349.1441650390625,340.3969421386719,8.747222900390625,0.0,1.0,0.0,False,0.9952107724962438,8.78931693881322,1.989991869777441e-05,7483,expanding,,,,,,,
SPY,Naive,2022-10-14,340.3969421386719,2022-10-21,5,356.254150390625,340.3969421386719,15.857208251953125,0.0,1.0,0.0,False,0.9952107724962438,15.933517492158149,1.989991869777441e-05,7483,expanding,,,,,,,
SPY,Naive,2022-10-14,340.3969421386719,2022-11-11,20,379.30706787109375,340.3969421386719,38.910125732421875,0.0,1.0,0.0,False,0.9952107724962438,39.09737194144844,1.989991869777441e-05,7483,expanding,,,,,,,
SPY,Naive,2022-10-21,356.254150390625,2022-10-24,1,360.6134948730469,356.254150390625,4.359344482421875,0.0,1.0,0.0,False,0.9981184641350348,4.3675622073574845,1.6200006939470768e-05,7488,expanding,,,,,,,
SPY,Naive,2022-10-21,356.254150390625,2022-10-28,5,370.27435302734375,356.254150390625,14.02020263671875,0.0,1.0,0.0,False,0.9981184641350348,14.046631878379886,1.6200006939470768e-05,7488,expanding,,,,,,,
SPY,Naive,2022-10-21,356.254150390625,2022-11-18,20,376.9466247558594,356.254150390625,20.692474365234375,0.0,1.0,0.0,False,0.9981184641350348,20.73148139100541,1.6200006939470768e-05,7488,expanding,,,,,,,
SPY,Naive,2022-10-28,370.27435302734375,2022-10-31,1,367.5997619628906,370.27435302734375,-2.674591064453125,0.0,-1.0,0.0,False,1.0005788777642117,2.6730436988930695,1.610000617802143e-05,7493,expanding,,,,,,,
SPY,Naive,2022-10-28,370.27435302734375,2022-11-04,5,358.21490478515625,370.27435302734375,-12.0594482421875,0.0,-1.0,0.0,False,1.0005788777642117,12.052471334528143,1.610000617802143e-05,7493,expanding,,,,,,,
SPY,Naive,2022-10-28,370.27435302734375,2022-11-28,20,376.8323364257813,370.27435302734375,6.557983398437557,0.0,1.0,0.0,False,1.0005788777642117,6.554189323975473,1.610000617802143e-05,7493,expanding,,,,,,,
SPY,Naive,2022-11-04,358.21490478515625,2022-11-07,1,361.6414489746094,358.21490478515625,3.426544189453125,0.0,1.0,0.0,False,1.0028760497118772,3.4167175399567666,1.580000389367342e-05,7498,expanding,,,,,,,
SPY,Naive,2022-11-04,358.21490478515625,2022-11-11,5,379.30706787109375,358.21490478515625,21.0921630859375,0.0,1.0,0.0,False,1.0028760497118772,21.031674943276595,1.580000389367342e-05,7498,expanding,,,,,,,
SPY,Naive,2022-11-04,358.21490478515625,2022-12-05,20,380.33502197265625,358.21490478515625,22.1201171875,0.0,1.0,0.0,False,1.0028760497118772,22.0566810762457,1.580000389367342e-05,7498,expanding,,,,,,,
SPY,Naive,2022-11-11,379.30706787109375,2022-11-14,1,376.0804138183594,379.30706787109375,-3.226654052734375,0.0,-1.0,0.0,False,1.007016208641563,3.204172907094556,1.6300007700920105e-05,7503,expanding,,,,,,,
SPY,Naive,2022-11-11,379.30706787109375,2022-11-18,5,376.9466247558594,379.30706787109375,-2.360443115234375,0.0,-1.0,0.0,False,1.007016208641563,2.343997142229267,1.6300007700920105e-05,7503,expanding,,,,,,,
SPY,Naive,2022-11-11,379.30706787109375,2022-12-12,20,379.7257995605469,379.30706787109375,0.418731689453125,0.0,1.0,0.0,False,1.007016208641563,0.41581424991955435,1.6300007700920105e-05,7503,expanding,,,,,,,
SPY,Naive,2022-11-18,376.9466247558594,2022-11-21,1,375.575927734375,376.9466247558594,-1.370697021484375,0.0,-1.0,0.0,False,1.0079684183190092,1.3598610795468067,4.320009611546993e-05,7508,expanding,,,,,,,
SPY,Naive,2022-11-18,376.9466247558594,2022-11-28,5,376.8323364257813,376.9466247558594,-0.11428833007806816,0.0,-1.0,0.0,False,1.0079684183190092,0.1133848323032452,4.320009611546993e-05,7508,expanding,,,,,,,
SPY,Naive,2022-11-18,376.9466247558594,2022-12-19,20,363.3689880371094,376.9466247558594,-13.57763671875,0.0,-1.0,0.0,False,1.0079684183190092,13.470299735574503,4.320009611546993e-05,7508,expanding,,,,,,,
SPY,Naive,2022-11-28,376.8323364257813,2022-11-29,1,376.1851501464844,376.8323364257813,-0.6471862792969318,0.0,-1.0,0.0,False,1.0092969382532873,0.6412248514465598,1.6400008462369442e-05,7513,expanding,,,,,,,
SPY,Naive,2022-11-28,376.8323364257813,2022-12-05,5,380.33502197265625,376.8323364257813,3.502685546874943,0.0,1.0,0.0,False,1.0092969382532873,3.4704212547565754,1.6400008462369442e-05,7513,expanding,,,,,,,
SPY,Naive,2022-11-28,376.8323364257813,2022-12-27,20,364.6885681152344,376.8323364257813,-12.143768310546932,0.0,-1.0,0.0,False,1.0092969382532873,12.031908401072949,1.6400008462369442e-05,7513,expanding,,,,,,,
SPY,Naive,2022-12-05,380.33502197265625,2022-12-06,1,374.8525390625,380.33502197265625,-5.48248291015625,0.0,-1.0,0.0,False,1.0113124900697095,5.421156135210339,1.6200006939470768e-05,7518,expanding,,,,,,,
SPY,Naive,2022-12-05,380.33502197265625,2022-12-12,5,379.7257995605469,380.33502197265625,-0.609222412109375,0.0,-1.0,0.0,False,1.0113124900697095,0.602407681197907,1.6200006939470768e-05,7518,expanding,,,,,,,
SPY,Naive,2022-12-05,380.33502197265625,2023-01-04,20,366.9450988769531,380.33502197265625,-13.389923095703125,0.0,-1.0,0.0,False,1.0113124900697095,13.240144097083347,1.6200006939470768e-05,7518,expanding,,,,,,,
SPY,Naive,2022-12-12,379.7257995605469,2022-12-13,1,382.6003723144531,379.7257995605469,2.87457275390625,0.0,1.0,0.0,False,1.0129356404562895,2.83786317619485,1.5300000086426735e-05,7523,expanding,,,,,,,
SPY,Naive,2022-12-12,379.7257995605469,2022-12-19,5,363.3689880371094,379.7257995605469,-16.3568115234375,0.0,-1.0,0.0,False,1.0129356404562895,16.147927736128793,1.5300000086426735e-05,7523,expanding,,,,,,,
SPY,Naive,2022-12-12,379.7257995605469,2023-01-11,20,378.1898193359375,379.7257995605469,-1.535980224609375,0.0,-1.0,0.0,False,1.0129356404562895,1.516365071247245,1.5300000086426735e-05,7523,expanding,,,,,,,
SPY,Naive,2022-12-19,363.3689880371094,2022-12-20,1,363.8662109375,363.3689880371094,0.497222900390625,0.0,1.0,0.0,False,1.0151996604946802,0.489778434469079,1.5400000847876072e-05,7528,expanding,,,,,,,
SPY,Naive,2022-12-19,363.3689880371094,2022-12-27,5,364.6885681152344,363.3689880371094,1.319580078125,0.0,1.0,0.0,False,1.0151996604946802,1.2998232066803521,1.5400000847876072e-05,7528,expanding,,,,,,,
SPY,Naive,2022-12-19,363.3689880371094,2023-01-19,20,371.611328125,363.3689880371094,8.242340087890625,0.0,1.0,0.0,False,1.0151996604946802,8.118935031828466,1.5400000847876072e-05,7528,expanding,,,,,,,
SPY,Naive,2022-12-27,364.6885681152344,2022-12-28,1,360.15625,364.6885681152344,-4.532318115234375,0.0,-1.0,0.0,False,1.0164833099235582,4.4588219707957775,1.4699995517730713e-05,7533,expanding,,,,,,,
SPY,Naive,2022-12-27,364.6885681152344,2023-01-04,5,366.9450988769531,364.6885681152344,2.25653076171875,0.0,1.0,0.0,False,1.0164833099235582,2.2199388221026926,1.4699995517730713e-05,7533,expanding,,,,,,,
SPY,Naive,2022-12-27,364.6885681152344,2023-01-26,20,387.0154418945313,364.6885681152344,22.326873779296932,0.0,1.0,0.0,False,1.0164833099235582,21.964820830138336,1.4699995517730713e-05,7533,expanding,,,,,,,
SPY,Naive,2023-01-04,366.9450988769531,2023-01-05,1,362.757080078125,366.9450988769531,-4.188018798828125,0.0,-1.0,0.0,False,1.0179758384434319,4.114065030494189,1.4299992471933365e-05,7538,expanding,,,,,,,
SPY,Naive,2023-01-04,366.9450988769531,2023-01-11,5,378.1898193359375,366.9450988769531,11.244720458984375,0.0,1.0,0.0,False,1.0179758384434319,11.046156533713482,1.4299992471933365e-05,7538,expanding,,,,,,,
SPY,Naive,2023-01-04,366.9450988769531,2023-02-02,20,398.5183715820313,366.9450988769531,31.573272705078182,0.0,1.0,0.0,False,1.0179758384434319,31.01573879529036,1.4299992471933365e-05,7538,expanding,,,,,,,
SPY,Naive,2023-01-11,378.1898193359375,2023-01-12,1,379.5667419433594,378.1898193359375,1.376922607421875,0.0,1.0,0.0,False,1.0199582907414446,1.3499793275085201,1.5300000086426735e-05,7543,expanding,,,,,,,
SPY,Naive,2023-01-11,378.1898193359375,2023-01-19,5,371.611328125,378.1898193359375,-6.5784912109375,0.0,-1.0,0.0,False,1.0199582907414446,6.449764927304386,1.5300000086426735e-05,7543,expanding,,,,,,,
SPY,Naive,2023-01-11,378.1898193359375,2023-02-09,20,389.2528991699219,378.1898193359375,11.063079833984375,0.0,1.0,0.0,False,1.0199582907414446,10.846600232978371,1.5300000086426735e-05,7543,expanding,,,,,,,
SPY,Naive,2023-01-19,371.611328125,2023-01-20,1,378.5340881347656,371.611328125,6.922760009765625,0.0,1.0,0.0,False,1.020909353993943,6.780974219388628,1.610000617802143e-05,7548,expanding,,,,,,,
SPY,Naive,2023-01-19,371.611328125,2023-01-26,5,387.0154418945313,371.611328125,15.404113769531307,0.0,1.0,0.0,False,1.020909353993943,15.08862046299039,1.610000617802143e-05,7548,expanding,,,,,,,
SPY,Naive,2023-01-19,371.611328125,2023-02-16,20,390.3907470703125,371.611328125,18.7794189453125,0.0,1.0,0.0,False,1.020909353993943,18.394795651391316,1.610000617802143e-05,7548,expanding,,,,,,,
SPY,Naive,2023-01-26,387.0154418945313,2023-01-27,1,387.9046325683594,387.0154418945313,0.8891906738280682,0.0,1.0,0.0,False,1.0223820623704944,0.8697244470099477,1.4899997040629387e-05,7553,expanding,,,,,,,
SPY,Naive,2023-01-26,387.0154418945313,2023-02-02,5,398.5183715820313,387.0154418945313,11.5029296875,0.0,1.0,0.0,False,1.0223820623704944,11.251106715261919,1.4899997040629387e-05,7553,expanding,,,,,,,
SPY,Naive,2023-01-26,387.0154418945313,2023-02-24,20,379.01220703125,387.0154418945313,-8.003234863281307,0.0,-1.0,0.0,False,1.0223820623704944,7.828027464336582,1.4899997040629387e-05,7553,expanding,,,,,,,
SPY,Naive,2023-02-02,398.5183715820313,2023-02-03,1,394.282470703125,398.5183715820313,-4.235900878906307,0.0,-1.0,0.0,False,1.024515841268146,4.134539172828315,1.4999997802078724e-05,7558,expanding,,,,,,,
SPY,Naive,2023-02-02,398.5183715820313,2023-02-09,5,389.2528991699219,398.5183715820313,-9.265472412109432,0.0,-1.0,0.0,False,1.024515841268146,9.043757098612186,1.4999997802078724e-05,7558,expanding,,,,,,,
SPY,Naive,2023-02-02,398.5183715820313,2023-03-03,20,386.4799499511719,398.5183715820313,-12.038421630859432,0.0,-1.0,0.0,False,1.024515841268146,11.750351869579946,1.4999997802078724e-05,7558,expanding,,,,,,,
SPY,Naive,2023-02-09,389.2528991699219,2023-02-10,1,390.1613159179688,389.2528991699219,0.9084167480469318,0.0,1.0,0.0,False,1.026419199953884,0.8850348357549683,1.4999997802078724e-05,7563,expanding,,,,,,,
SPY,Naive,2023-02-09,389.2528991699219,2023-02-16,5,390.3907470703125,389.2528991699219,1.137847900390625,0.0,1.0,0.0,False,1.026419199953884,1.1085606158202685,1.4999997802078724e-05,7563,expanding,,,,,,,
SPY,Naive,2023-02-09,389.2528991699219,2023-03-10,20,369.0008850097656,389.2528991699219,-20.25201416015625,0.0,-1.0,0.0,False,1.026419199953884,19.730743697181573,1.4999997802078724e-05,7563,expanding,,,,,,,
SPY,Naive,2023-02-16,390.3907470703125,2023-02-17,1,389.41546630859375,390.3907470703125,-0.97528076171875,0.0,-1.0,0.0,False,1.027379914761787,0.9492893015578205,1.4599994756281376e-05,7568,expanding,,,,,,,
SPY,Naive,2023-02-16,390.3907470703125,2023-02-24,5,379.01220703125,390.3907470703125,-11.3785400390625,0.0,-1.0,0.0,False,1.027379914761787,11.075299288579902,1.4599994756281376e-05,7568,expanding,,,,,,,
SPY,Naive,2023-02-16,390.3907470703125,2023-03-17,20,374.3253173828125,390.3907470703125,-16.0654296875,0.0,-1.0,0.0,False,1.027379914761787,15.637282232858333,1.4599994756281376e-05,7568,expanding,,,,,,,
SPY,Naive,2023-02-24,379.01220703125,2023-02-27,1,380.3030395507813,379.01220703125,1.2908325195313068,0.0,1.0,0.0,False,1.028739656145083,1.254770837131276,1.4500110410153866e-05,7573,expanding,,,,,,,
SPY,Naive,2023-02-24,379.01220703125,2023-03-03,5,386.4799499511719,379.01220703125,7.467742919921875,0.0,1.0,0.0,False,1.028739656145083,7.259118354497166,1.4500110410153866e-05,7573,expanding,,,,,,,
SPY,Naive,2023-02-24,379.01220703125,2023-03-24,20,379.85400390625,379.01220703125,0.841796875,0.0,1.0,0.0,False,1.028739656145083,0.8182797950595204,1.4500110410153866e-05,7573,expanding,,,,,,,
SPY,Naive,2023-03-03,386.4799499511719,2023-03-06,1,386.7476501464844,386.4799499511719,0.2677001953125,0.0,1.0,0.0,False,1.0298010342917534,0.25995331758101314,1.5700003132224083e-05,7578,expanding,,,,,,,
SPY,Naive,2023-03-03,386.4799499511719,2023-03-10,5,369.0008850097656,386.4799499511719,-17.47906494140625,0.0,-1.0,0.0,False,1.0298010342917534,16.973244694231145,1.5700003132224083e-05,7578,expanding,,,,,,,
SPY,Naive,2023-03-03,386.4799499511719,2023-03-31,20,392.9460754394531,386.4799499511719,6.46612548828125,0.0,1.0,0.0,False,1.0298010342917534,6.279004655232584,1.5700003132224083e-05,7578,expanding,,,,,,,
SPY,Naive,2023-03-10,369.0008850097656,2023-03-13,1,368.4750061035156,369.0008850097656,-0.52587890625,0.0,-1.0,0.0,False,1.0316617991357644,0.5097396323974922,1.4899997040629387e-05,7583,expanding,,,,,,,
SPY,Naive,2023-03-10,369.0008850097656,2023-03-17,5,374.3253173828125,369.0008850097656,5.324432373046875,0.0,1.0,0.0,False,1.0316617991357644,5.161025035052394,1.4899997040629387e-05,7583,expanding,,,,,,,
SPY,Naive,2023-03-10,369.0008850097656,2023-04-10,20,393.1572265625,369.0008850097656,24.156341552734375,0.0,1.0,0.0,False,1.0316617991357644,23.414981123630277,1.4899997040629387e-05,7583,expanding,,,,,,,
SPY,Naive,2023-03-17,374.3253173828125,2023-03-20,1,377.9246826171875,374.3253173828125,3.599365234375,0.0,1.0,0.0,False,1.0336073039155307,3.4823333975483886,1.5400000847876072e-05,7588,expanding,,,,,,,
SPY,Naive,2023-03-17,374.3253173828125,2023-03-24,5,379.85400390625,374.3253173828125,5.5286865234375,0.0,1.0,0.0,False,1.0336073039155307,5.3489236216633005,1.5400000847876072e-05,7588,expanding,,,,,,,
SPY,Naive,2023-03-17,374.3253173828125,2023-04-17,20,397.3133544921875,374.3253173828125,22.988037109375,0.0,1.0,0.0,False,1.0336073039155307,22.240590814607526,1.5400000847876072e-05,7588,expanding,,,,,,,
SPY,Naive,2023-03-24,379.85400390625,2023-03-27,1,380.5643005371094,379.85400390625,0.710296630859375,0.0,1.0,0.0,False,1.0353741952315274,0.6860289102535925,1.4499993994832039e-05,7593,expanding,,,,,,,
SPY,Naive,2023-03-24,379.85400390625,2023-03-31,5,392.9460754394531,379.85400390625,13.092071533203125,0.0,1.0,0.0,False,1.0353741952315274,12.644772869074174,1.4499993994832039e-05,7593,expanding,,,,,,,
SPY,Naive,2023-03-24,379.85400390625,2023-04-24,20,396.0559387207031,379.85400390625,16.201934814453125,0.0,1.0,0.0,False,1.0353741952315274,15.648385761468678,1.4499993994832039e-05,7593,expanding,,,,,,,
SPY,Naive,2023-03-31,392.9460754394531,2023-04-03,1,394.4434814453125,392.9460754394531,1.497406005859375,0.0,1.0,0.0,False,1.0366409711497577,1.4444788962938386,1.4399993233382702e-05,7598,expanding,,,,,,,
SPY,Naive,2023-03-31,392.9460754394531,2023-04-10,5,393.1572265625,392.9460754394531,0.211151123046875,0.0,1.0,0.0,False,1.0366409711497577,0.20368780409352658,1.4399993233382702e-05,7598,expanding,,,,,,,
SPY,Naive,2023-03-31,392.9460754394531,2023-05-01,20,398.8202819824219,392.9460754394531,5.87420654296875,0.0,1.0,0.0,False,1.0366409711497577,5.6665776353153,1.4399993233382702e-05,7598,expanding,,,,,,,
SPY,Naive,2023-04-10,393.1572265625,2023-04-11,1,393.2628479003906,393.1572265625,0.105621337890625,0.0,1.0,0.0,False,1.036832875184278,0.10186920227799756,1.4399993233382702e-05,7603,expanding,,,,,,,
SPY,Naive,2023-04-10,393.1572265625,2023-04-17,5,397.3133544921875,393.1572265625,4.1561279296875,0.0,1.0,0.0,False,1.036832875184278,4.008483941010093,1.4399993233382702e-05,7603,expanding,,,,,,,
SPY,Naive,2023-04-10,393.1572265625,2023-05-08,20,396.16156005859375,393.1572265625,3.00433349609375,0.0,1.0,0.0,False,1.036832875184278,2.897606324027665,1.4399993233382702e-05,7603,expanding,,,,,,,
SPY,Naive,2023-04-17,397.3133544921875,2023-04-18,1,397.572509765625,397.3133544921875,0.2591552734375,0.0,1.0,0.0,False,1.0373740448844535,0.24981854396247755,1.4699995517730713e-05,7608,expanding,,,,,,,
SPY,Naive,2023-04-17,397.3133544921875,2023-04-24,5,396.0559387207031,397.3133544921875,-1.257415771484375,0.0,-1.0,0.0,False,1.0373740448844535,1.2121141623747012,1.4699995517730713e-05,7608,expanding,,,,,,,
SPY,Naive,2023-04-17,397.3133544921875,2023-05-15,20,396.420654296875,397.3133544921875,-0.8927001953125,0.0,-1.0,0.0,False,1.0373740448844535,0.8605383947233153,1.4699995517730713e-05,7608,expanding,,,,,,,
SPY,Naive,2023-04-24,396.0559387207031,2023-04-25,1,389.7690734863281,396.0559387207031,-6.286865234375,0.0,-1.0,0.0,False,1.0371150449270712,6.061878347177083,1.4699995517730713e-05,7613,expanding,,,,,,,
SPY,Naive,2023-04-24,396.0559387207031,2023-05-01,5,398.8202819824219,396.0559387207031,2.76434326171875,0.0,1.0,0.0,False,1.0371150449270712,2.665416219001177,1.4699995517730713e-05,7613,expanding,,,,,,,
SPY,Naive,2023-04-24,396.0559387207031,2023-05-22,20,401.9685363769531,396.0559387207031,5.91259765625,0.0,1.0,0.0,False,1.0371150449270712,5.701004613876532,1.4699995517730713e-05,7613,expanding,,,,,,,
SPY,Naive,2023-05-01,398.8202819824219,2023-05-02,1,394.337890625,398.8202819824219,-4.482391357421875,0.0,-1.0,0.0,False,1.0389872507518778,4.3141928394002225,1.379998866468668e-05,7618,expanding,,,,,,,
SPY,Naive,2023-05-01,398.8202819824219,2023-05-08,5,396.16156005859375,398.8202819824219,-2.658721923828125,0.0,-1.0,0.0,False,1.0389872507518778,2.5589552921887186,1.379998866468668e-05,7618,expanding,,,,,,,
SPY,Naive,2023-05-01,398.8202819824219,2023-05-30,20,403.3027038574219,398.8202819824219,4.482421875,0.0,1.0,0.0,False,1.0389872507518778,4.3142222118281355,1.379998866468668e-05,7618,expanding,,,,,,,
SPY,Naive,2023-05-08,396.16156005859375,2023-05-09,1,394.4242858886719,396.16156005859375,-1.737274169921875,0.0,-1.0,0.0,False,1.040571143201129,1.6695390615748433,1.4399993233382702e-05,7623,expanding,,,,,,,
SPY,Naive,2023-05-08,396.16156005859375,2023-05-15,5,396.420654296875,396.16156005859375,0.25909423828125,0.0,1.0,0.0,False,1.040571143201129,0.24899233461749995,1.4399993233382702e-05,7623,expanding,,,,,,,
SPY,Naive,2023-05-08,396.16156005859375,2023-06-06,20,410.8374328613281,396.16156005859375,14.675872802734375,0.0,1.0,0.0,False,1.040571143201129,14.103670756798717,1.4399993233382702e-05,7623,expanding,,,,,,,
SPY,Naive,2023-05-15,396.420654296875,2023-05-16,1,393.77154541015625,396.420654296875,-2.64910888671875,0.0,-1.0,0.0,False,1.0406956655788162,2.5455173633738193,1.3899989426136017e-05,7628,expanding,,,,,,,
SPY,Naive,2023-05-15,396.420654296875,2023-05-22,5,401.9685363769531,396.420654296875,5.547882080078125,0.0,1.0,0.0,False,1.0406956655788162,5.330936087825918,1.3899989426136017e-05,7628,expanding,,,,,,,
SPY,Naive,2023-05-15,396.420654296875,2023-06-13,20,419.1207275390625,396.420654296875,22.7000732421875,0.0,1.0,0.0,False,1.0406956655788162,21.812402984845843,1.3899989426136017e-05,7628,expanding,,,,,,,
SPY,Naive,2023-05-22,401.9685363769531,2023-05-23,1,397.4573364257813,401.9685363769531,-4.511199951171818,0.0,-1.0,0.0,False,1.0415884383819392,4.3310772133567115,1.3999990187585354e-05,7633,expanding,,,,,,,
SPY,Naive,2023-05-22,401.9685363769531,2023-05-30,5,403.3027038574219,401.9685363769531,1.33416748046875,0.0,1.0,0.0,False,1.0415884383819392,1.280896975528376,1.3999990187585354e-05,7633,expanding,,,,,,,
SPY,Naive,2023-05-22,401.9685363769531,2023-06-21,20,419.0205993652344,401.9685363769531,17.05206298828125,0.0,1.0,0.0,False,1.0415884383819392,16.371209932755075,1.3999990187585354e-05,7633,expanding,,,,,,,
SPY,Naive,2023-05-30,403.3027038574219,2023-05-31,1,401.0662841796875,403.3027038574219,-2.236419677734375,0.0,-1.0,0.0,False,1.0430167111892172,2.144183936597214,1.4699995517730713e-05,7638,expanding,,,,,,,
SPY,Naive,2023-05-30,403.3027038574219,2023-06-06,5,410.8374328613281,403.3027038574219,7.53472900390625,0.0,1.0,0.0,False,1.0430167111892172,7.223977260455752,1.4699995517730713e-05,7638,expanding,,,,,,,
SPY,Naive,2023-05-30,403.3027038574219,2023-06-28,20,420.4175415039063,403.3027038574219,17.114837646484432,0.0,1.0,0.0,False,1.0430167111892172,16.408977404562,1.4699995517730713e-05,7638,expanding,,,,,,,
SPY,Naive,2023-06-06,410.8374328613281,2023-06-07,1,409.4169006347656,410.8374328613281,-1.4205322265625,0.0,-1.0,0.0,False,1.0441115268766181,1.3605177129036363,1.379998866468668e-05,7643,expanding,,,,,,,
SPY,Naive,2023-06-06,410.8374328613281,2023-06-13,5,419.1207275390625,410.8374328613281,8.283294677734375,0.0,1.0,0.0,False,1.0441115268766181,7.933342813016569,1.379998866468668e-05,7643,expanding,,,,,,,
SPY,Naive,2023-06-06,410.8374328613281,2023-07-06,20,423.5678405761719,410.8374328613281,12.73040771484375,0.0,1.0,0.0,False,1.0441115268766181,12.192574631299989,1.379998866468668e-05,7643,expanding,,,,,,,
SPY,Naive,2023-06-13,419.1207275390625,2023-06-14,1,419.6198120117188,419.1207275390625,0.49908447265630684,0.0,1.0,0.0,False,1.0448835683957074,0.47764601506997645,1.4299992471933365e-05,7648,expanding,,,,,,,
SPY,Naive,2023-06-13,419.1207275390625,2023-06-21,5,419.0205993652344,419.1207275390625,-0.100128173828125,0.0,-1.0,0.0,False,1.0448835683957074,0.09582711113149164,1.4299992471933365e-05,7648,expanding,,,,,,,
SPY,Naive,2023-06-13,419.1207275390625,2023-07-13,20,433.1054992675781,419.1207275390625,13.984771728515625,0.0,1.0,0.0,False,1.0448835683957074,13.38404789921958,1.4299992471933365e-05,7648,expanding,,,,,,,
SPY,Naive,2023-06-21,419.0205993652344,2023-06-22,1,420.5331115722656,419.0205993652344,1.51251220703125,0.0,1.0,0.0,False,1.0457040863515694,1.446405562311954,1.3999990187585354e-05,7653,expanding,,,,,,,
SPY,Naive,2023-06-21,419.0205993652344,2023-06-28,5,420.4175415039063,419.0205993652344,1.3969421386719318,0.0,1.0,0.0,False,1.0457040863515694,1.3358866594332834,1.3999990187585354e-05,7653,expanding,,,,,,,
SPY,Naive,2023-06-21,419.0205993652344,2023-07-20,20,435.629638671875,419.0205993652344,16.609039306640625,0.0,1.0,0.0,False,1.0457040863515694,15.883116001381492,1.3999990187585354e-05,7653,expanding,,,,,,,
SPY,Naive,2023-06-28,420.4175415039063,2023-06-29,1,422.0745544433594,420.4175415039063,1.6570129394530682,0.0,1.0,0.0,False,1.046479476125617,1.5834165669333815,1.4199991710484028e-05,7658,expanding,,,,,,,
SPY,Naive,2023-06-28,420.4175415039063,2023-07-06,5,423.5678405761719,420.4175415039063,3.150299072265568,0.0,1.0,0.0,False,1.046479476125617,3.0103782674543473,1.4199991710484028e-05,7658,expanding,,,,,,,
SPY,Naive,2023-06-28,420.4175415039063,2023-07-27,20,435.92822265625,420.4175415039063,15.510681152343693,0.0,1.0,0.0,False,1.046479476125617,14.821772912134806,1.4199991710484028e-05,7658,expanding,,,,,,,
SPY,Naive,2023-07-06,423.5678405761719,2023-07-07,1,422.4984436035156,423.5678405761719,-1.06939697265625,0.0,-1.0,0.0,False,1.0472463101451999,1.0211513397530891,1.479999627918005e-05,7663,expanding,,,,,,,
SPY,Naive,2023-07-06,423.5678405761719,2023-07-13,5,433.1054992675781,423.5678405761719,9.53765869140625,0.0,1.0,0.0,False,1.0472463101451999,9.107369106016579,1.479999627918005e-05,7663,expanding,,,,,,,
SPY,Naive,2023-07-06,423.5678405761719,2023-08-03,20,432.4118347167969,423.5678405761719,8.843994140625,0.0,1.0,0.0,False,1.0472463101451999,8.444999094242487,1.479999627918005e-05,7663,expanding,,,,,,,
SPY,Naive,2023-07-13,433.1054992675781,2023-07-14,1,432.8357543945313,433.1054992675781,-0.26974487304681816,0.0,-1.0,0.0,False,1.0480863024610982,0.2573689517870884,1.8200022168457508e-05,7668,expanding,,,,,,,
SPY,Naive,2023-07-13,433.1054992675781,2023-07-20,5,435.629638671875,433.1054992675781,2.524139404296875,0.0,1.0,0.0,False,1.0480863024610982,2.4083316406003346,1.8200022168457508e-05,7668,expanding,,,,,,,
SPY,Naive,2023-07-13,433.1054992675781,2023-08-10,20,429.5890808105469,433.1054992675781,-3.51641845703125,0.0,-1.0,0.0,False,1.0480863024610982,3.3550848329703924,1.8200022168457508e-05,7668,expanding,,,,,,,
SPY,Naive,2023-07-20,435.629638671875,2023-07-21,1,435.629638671875,435.629638671875,0.0,0.0,0.0,0.0,True,1.0485610056967634,0.0,1.4599994756281376e-05,7673,expanding,,,,,,,
SPY,Naive,2023-07-20,435.629638671875,2023-07-27,5,435.92822265625,435.629638671875,0.298583984375,0.0,1.0,0.0,False,1.0485610056967634,0.28475594910817087,1.4599994756281376e-05,7673,expanding,,,,,,,
SPY,Naive,2023-07-20,435.629638671875,2023-08-17,20,420.32122802734375,435.629638671875,-15.30841064453125,0.0,-1.0,0.0,False,1.0485610056967634,14.599446824134844,1.4599994756281376e-05,7673,expanding,,,,,,,
SPY,Naive,2023-07-27,435.92822265625,2023-07-28,1,440.1961364746094,435.92822265625,4.267913818359375,0.0,1.0,0.0,False,1.0486749418238048,4.069815772404007,1.4999997802078724e-05,7678,expanding,,,,,,,
SPY,Naive,2023-07-27,435.92822265625,2023-08-03,5,432.4118347167969,435.92822265625,-3.516387939453125,0.0,-1.0,0.0,False,1.0486749418238048,3.3531724648036243,1.4999997802078724e-05,7678,expanding,,,,,,,
SPY,Naive,2023-07-27,435.92822265625,2023-08-24,20,420.8992614746094,435.92822265625,-15.028961181640625,0.0,-1.0,0.0,False,1.0486749418238048,14.33138199669669,1.4999997802078724e-05,7678,expanding,,,,,,,
SPY,Naive,2023-08-03,432.4118347167969,2023-08-04,1,430.4561462402344,432.4118347167969,-1.9556884765625,0.0,-1.0,0.0,False,1.0497794862651355,1.8629516980945895,1.4899997040629387e-05,7683,expanding,,,,,,,
SPY,Naive,2023-08-03,432.4118347167969,2023-08-10,5,429.5890808105469,432.4118347167969,-2.82275390625,0.0,-1.0,0.0,False,1.0497794862651355,2.688901758113681,1.4899997040629387e-05,7683,expanding,,,,,,,
SPY,Naive,2023-08-03,432.4118347167969,2023-08-31,20,433.8666076660156,432.4118347167969,1.45477294921875,0.0,1.0,0.0,False,1.0497794862651355,1.385789080709211,1.4899997040629387e-05,7683,expanding,,,,,,,
SPY,Naive,2023-08-10,429.5890808105469,2023-08-11,1,429.3385009765625,429.5890808105469,-0.250579833984375,0.0,-1.0,0.0,False,1.0504815459049803,0.23853806376817666,1.379998866468668e-05,7688,expanding,,,,,,,
SPY,Naive,2023-08-10,429.5890808105469,2023-08-17,5,420.32122802734375,429.5890808105469,-9.267852783203125,0.0,-1.0,0.0,False,1.0504815459049803,8.822480337071465,1.379998866468668e-05,7688,expanding,,,,,,,
SPY,Naive,2023-08-10,429.5890808105469,2023-09-08,20,429.2133483886719,429.5890808105469,-0.375732421875,0.0,-1.0,0.0,False,1.0504815459049803,0.35767636598633434,1.379998866468668e-05,7688,expanding,,,,,,,
SPY,Naive,2023-08-17,420.32122802734375,2023-08-18,1,420.52349853515625,420.32122802734375,0.2022705078125,0.0,1.0,0.0,False,1.0516198138922874,0.1923418569528946,1.4299992471933365e-05,7693,expanding,,,,,,,
SPY,Naive,2023-08-17,420.32122802734375,2023-08-24,5,420.8992614746094,420.32122802734375,0.578033447265625,0.0,1.0,0.0,False,1.0516198138922874,0.549660095435241,1.4299992471933365e-05,7693,expanding,,,,,,,
SPY,Naive,2023-08-17,420.32122802734375,2023-09-15,20,428.6487121582031,420.32122802734375,8.327484130859375,0.0,1.0,0.0,False,1.0516198138922874,7.918721215452794,1.4299992471933365e-05,7693,expanding,,,,,,,
SPY,Naive,2023-08-24,420.8992614746094,2023-08-25,1,423.8665161132813,420.8992614746094,2.967254638671932,0.0,1.0,0.0,False,1.0528467323805772,2.8183158549228846,1.4199991710484028e-05,7698,expanding,,,,,,,
SPY,Naive,2023-08-24,420.8992614746094,2023-08-31,5,433.8666076660156,420.8992614746094,12.96734619140625,0.0,1.0,0.0,False,1.0528467323805772,12.316461449318423,1.4199991710484028e-05,7698,expanding,,,,,,,
SPY,Naive,2023-08-24,420.8992614746094,2023-09-22,20,416.1286926269531,420.8992614746094,-4.77056884765625,0.0,-1.0,0.0,False,1.0528467323805772,4.531114264722636,1.4199991710484028e-05,7698,expanding,,,,,,,
SPY,Naive,2023-08-31,433.8666076660156,2023-09-01,1,434.67578125,433.8666076660156,0.809173583984375,0.0,1.0,0.0,False,1.0540119776382786,0.7677081486279576,1.4099990949034691e-05,7703,expanding,,,,,,,
SPY,Naive,2023-08-31,433.8666076660156,2023-09-08,5,429.2133483886719,433.8666076660156,-4.65325927734375,0.0,-1.0,0.0,False,1.0540119776382786,4.414806829586789,1.4099990949034691e-05,7703,expanding,,,,,,,
SPY,Naive,2023-08-31,433.8666076660156,2023-09-29,20,413.2862548828125,433.8666076660156,-20.580352783203125,0.0,-1.0,0.0,False,1.0540119776382786,19.525729517151653,1.4099990949034691e-05,7703,expanding,,,,,,,
SPY,Naive,2023-09-08,429.2133483886719,2023-09-11,1,432.0361328125,429.2133483886719,2.822784423828125,0.0,1.0,0.0,False,1.054309426725058,2.6773775822116868,1.3599987141788006e-05,7708,expanding,,,,,,,
SPY,Naive,2023-09-08,429.2133483886719,2023-09-15,5,428.6487121582031,429.2133483886719,-0.56463623046875,0.0,-1.0,0.0,False,1.054309426725058,0.5355507749016792,1.3599987141788006e-05,7708,expanding,,,,,,,
SPY,Naive,2023-09-08,429.2133483886719,2023-10-06,20,415.2779235839844,429.2133483886719,-13.9354248046875,0.0,-1.0,0.0,False,1.054309426725058,13.21758532310038,1.3599987141788006e-05,7708,expanding,,,,,,,
SPY,Naive,2023-09-15,428.6487121582031,2023-09-18,1,428.9001159667969,428.6487121582031,0.25140380859375,0.0,1.0,0.0,False,1.0555229830049382,0.23817937898238434,1.3599987141788006e-05,7713,expanding,,,,,,,
SPY,Naive,2023-09-15,428.6487121582031,2023-09-22,5,416.1286926269531,428.6487121582031,-12.52001953125,0.0,-1.0,0.0,False,1.0555229830049382,11.861437157537882,1.3599987141788006e-05,7713,expanding,,,,,,,
SPY,Naive,2023-09-15,428.6487121582031,2023-10-13,20,417.1728210449219,428.6487121582031,-11.47589111328125,0.0,-1.0,0.0,False,1.0555229830049382,10.872232341744814,1.3599987141788006e-05,7713,expanding,,,,,,,
SPY,Naive,2023-09-22,416.1286926269531,2023-09-25,1,417.8786010742188,416.1286926269531,1.7499084472656818,0.0,1.0,0.0,False,1.0565266388599872,1.6562842647809308,1.3499986380338669e-05,7718,expanding,,,,,,,
SPY,Naive,2023-09-22,416.1286926269531,2023-09-29,5,413.2862548828125,416.1286926269531,-2.842437744140625,0.0,-1.0,0.0,False,1.0565266388599872,2.6903606966386295,1.3499986380338669e-05,7718,expanding,,,,,,,
SPY,Naive,2023-09-22,416.1286926269531,2023-10-20,20,407.2052307128906,416.1286926269531,-8.9234619140625,0.0,-1.0,0.0,False,1.0565266388599872,8.446035893322188,1.3499986380338669e-05,7718,expanding,,,,,,,
SPY,Naive,2023-09-29,413.2862548828125,2023-10-02,1,413.1219787597656,413.2862548828125,-0.164276123046875,0.0,-1.0,0.0,False,1.0573249081816893,0.15536957634847093,1.3499986380338669e-05,7723,expanding,,,,,,,
SPY,Naive,2023-09-29,413.2862548828125,2023-10-06,5,415.2779235839844,413.2862548828125,1.991668701171875,0.0,1.0,0.0,False,1.0573249081816893,1.883686543048534,1.3499986380338669e-05,7723,expanding,,,,,,,
SPY,Naive,2023-09-29,413.2862548828125,2023-10-27,20,397.0441284179688,413.2862548828125,-16.242126464843693,0.0,-1.0,0.0,False,1.0573249081816893,15.361528267385399,1.3499986380338669e-05,7723,expanding,,,,,,,
SPY,Naive,2023-10-06,415.2779235839844,2023-10-09,1,417.93658447265625,415.2779235839844,2.658660888671875,0.0,1.0,0.0,False,1.0584124385793754,2.511932770027144,1.3399985618889332e-05,7728,expanding,,,,,,,
SPY,Naive,2023-10-06,415.2779235839844,2023-10-13,5,417.1728210449219,415.2779235839844,1.8948974609375,0.0,1.0,0.0,False,1.0584124385793754,1.7903204760904674,1.3399985618889332e-05,7728,expanding,,,,,,,
SPY,Naive,2023-10-06,415.2779235839844,2023-11-03,20,420.25689697265625,415.2779235839844,4.978973388671875,0.0,1.0,0.0,False,1.0584124385793754,4.704190169339623,1.3399985618889332e-05,7728,expanding,,,,,,,
SPY,Naive,2023-10-13,417.1728210449219,2023-10-16,1,421.5620727539063,417.1728210449219,4.389251708984432,0.0,1.0,0.0,False,1.0591784554692176,4.14401528497857,1.379998866468668e-05,7733,expanding,,,,,,,
SPY,Naive,2023-10-13,417.1728210449219,2023-10-20,5,407.2052307128906,417.1728210449219,-9.96759033203125,0.0,-1.0,0.0,False,1.0591784554692176,9.410680778637621,1.379998866468668e-05,7733,expanding,,,,,,,
SPY,Naive,2023-10-13,417.1728210449219,2023-11-10,20,425.9802856445313,417.1728210449219,8.807464599609432,0.0,1.0,0.0,False,1.0591784554692176,8.315373631450719,1.379998866468668e-05,7733,expanding,,,,,,,
SPY,Naive,2023-10-20,407.2052307128906,2023-10-23,1,406.4993591308594,407.2052307128906,-0.70587158203125,0.0,-1.0,0.0,False,1.06091688140597,0.6653410784601715,1.3399985618889332e-05,7738,expanding,,,,,,,
SPY,Naive,2023-10-20,407.2052307128906,2023-10-27,5,397.0441284179688,407.2052307128906,-10.161102294921818,0.0,-1.0,0.0,False,1.06091688140597,9.577661052443538,1.3399985618889332e-05,7738,expanding,,,,,,,
SPY,Naive,2023-10-20,407.2052307128906,2023-11-17,20,435.8223571777344,407.2052307128906,28.61712646484375,0.0,1.0,0.0,False,1.06091688140597,26.97395711803471,1.3399985618889332e-05,7738,expanding,,,,,,,
SPY,Naive,2023-10-27,397.0441284179688,2023-10-30,1,401.7911071777344,397.0441284179688,4.746978759765568,0.0,1.0,0.0,False,1.062335906919353,4.468434822589438,1.3500102795660496e-05,7743,expanding,,,,,,,
SPY,Naive,2023-10-27,397.0441284179688,2023-11-03,5,420.25689697265625,397.0441284179688,23.212768554687443,0.0,1.0,0.0,False,1.062335906919353,21.850686212802216,1.3500102795660496e-05,7743,expanding,,,,,,,
SPY,Naive,2023-10-27,397.0441284179688,2023-11-27,20,439.389892578125,397.0441284179688,42.34576416015619,0.0,1.0,0.0,False,1.062335906919353,39.86099301016177,1.3500102795660496e-05,7743,expanding,,,,,,,
SPY,Naive,2023-11-03,420.25689697265625,2023-11-06,1,421.22369384765625,420.25689697265625,0.966796875,0.0,1.0,0.0,False,1.064646619326748,0.9080918094788809,1.309998333454132e-05,7748,expanding,,,,,,,
SPY,Naive,2023-11-03,420.25689697265625,2023-11-10,5,425.9802856445313,420.25689697265625,5.723388671875057,0.0,1.0,0.0,False,1.064646619326748,5.375857648892327,1.309998333454132e-05,7748,expanding,,,,,,,
SPY,Naive,2023-11-03,420.25689697265625,2023-12-04,20,441.5264587402344,420.25689697265625,21.269561767578125,0.0,1.0,0.0,False,1.064646619326748,19.97804847304957,1.309998333454132e-05,7748,expanding,,,,,,,
SPY,Naive,2023-11-10,425.9802856445313,2023-11-13,1,425.5743408203125,425.9802856445313,-0.40594482421880684,0.0,-1.0,0.0,False,1.065548802307885,0.3809725310934291,1.3499986380338669e-05,7753,expanding,,,,,,,
SPY,Naive,2023-11-10,425.9802856445313,2023-11-17,5,435.8223571777344,425.9802856445313,9.842071533203068,0.0,1.0,0.0,False,1.065548802307885,9.236622022272472,1.3499986380338669e-05,7753,expanding,,,,,,,
SPY,Naive,2023-11-10,425.9802856445313,2023-12-11,20,446.6504211425781,425.9802856445313,20.670135498046818,0.0,1.0,0.0,False,1.065548802307885,19.398581701070025,1.3499986380338669e-05,7753,expanding,,,,,,,
SPY,Naive,2023-11-17,435.8223571777344,2023-11-20,1,439.1771240234375,435.8223571777344,3.354766845703125,0.0,1.0,0.0,False,1.066235435951059,3.146365926875001,1.2499978765845299e-05,7758,expanding,,,,,,,
SPY,Naive,2023-11-17,435.8223571777344,2023-11-27,5,439.389892578125,435.8223571777344,3.567535400390625,0.0,1.0,0.0,False,1.066235435951059,3.3459171212110954,1.2499978765845299e-05,7758,expanding,,,,,,,
SPY,Naive,2023-11-17,435.8223571777344,2023-12-18,20,458.1491088867188,435.8223571777344,22.326751708984432,0.0,1.0,0.0,False,1.066235435951059,20.93979524237951,1.2499978765845299e-05,7758,expanding,,,,,,,
SPY,Naive,2023-11-27,439.389892578125,2023-11-28,1,439.8248291015625,439.389892578125,0.4349365234375,0.0,1.0,0.0,False,1.0664590964824754,0.40783235369463333,1.3499986380338669e-05,7763,expanding,,,,,,,
SPY,Naive,2023-11-27,439.389892578125,2023-12-04,5,441.5264587402344,439.389892578125,2.136566162109375,0.0,1.0,0.0,False,1.0664590964824754,2.003420636718704,1.3499986380338669e-05,7763,expanding,,,,,,,
SPY,Naive,2023-11-27,439.389892578125,2023-12-26,20,461.7213745117188,439.389892578125,22.331481933593807,0.0,1.0,0.0,False,1.0664590964824754,20.93983914362042,1.3499986380338669e-05,7763,expanding,,,,,,,
SPY,Naive,2023-12-04,441.5264587402344,2023-12-05,1,441.43939208984375,441.5264587402344,-0.087066650390625,0.0,-1.0,0.0,False,1.066727269028887,0.08162034750446343,1.3499986380338669e-05,7768,expanding,,,,,,,
SPY,Naive,2023-12-04,441.5264587402344,2023-12-11,5,446.6504211425781,441.5264587402344,5.12396240234375,0.0,1.0,0.0,False,1.066727269028887,4.803441846019775,1.3499986380338669e-05,7768,expanding,,,,,,,
SPY,Naive,2023-12-04,441.5264587402344,2024-01-03,20,455.062255859375,441.5264587402344,13.535797119140625,0.0,1.0,0.0,False,1.066727269028887,12.68908887223176,1.3499986380338669e-05,7768,expanding,,,,,,,
SPY,Naive,2023-12-11,446.6504211425781,2023-12-12,1,448.69036865234375,446.6504211425781,2.039947509765625,0.0,1.0,0.0,False,1.0671804597926278,1.9115300425965662,1.2800097465515137e-05,7773,expanding,,,,,,,
SPY,Naive,2023-12-11,446.6504211425781,2023-12-18,5,458.1491088867188,446.6504211425781,11.498687744140682,0.0,1.0,0.0,False,1.0671804597926278,10.774829728774346,1.2800097465515137e-05,7773,expanding,,,,,,,
SPY,Naive,2023-12-11,446.6504211425781,2024-01-10,20,462.6047058105469,446.6504211425781,15.95428466796875,0.0,1.0,0.0,False,1.0671804597926278,14.949940772968194,1.2800097465515137e-05,7773,expanding,,,,,,,
SPY,Naive,2023-12-18,458.1491088867188,2023-12-19,1,460.9350280761719,458.1491088867188,2.785919189453068,0.0,1.0,0.0,False,1.068166126762823,2.608132873391198,1.3199984095990658e-05,7778,expanding,,,,,,,
SPY,Naive,2023-12-18,458.1491088867188,2023-12-26,5,461.7213745117188,458.1491088867188,3.572265625,0.0,1.0,0.0,False,1.068166126762823,3.344297797409176,1.3199984095990658e-05,7778,expanding,,,,,,,
SPY,Naive,2023-12-18,458.1491088867188,2024-01-18,20,462.5367736816406,458.1491088867188,4.387664794921818,0.0,1.0,0.0,False,1.068166126762823,4.10766142549291,1.3199984095990658e-05,7778,expanding,,,,,,,
SPY,Naive,2023-12-26,461.7213745117188,2023-12-27,1,462.5562133789063,461.7213745117188,0.8348388671875,0.0,1.0,0.0,False,1.069580404594851,0.7805293212189417,1.4399993233382702e-05,7783,expanding,,,,,,,
SPY,Naive,2023-12-26,461.7213745117188,2024-01-03,5,455.062255859375,461.7213745117188,-6.659118652343807,0.0,-1.0,0.0,False,1.069580404594851,6.225916839665954,1.4399993233382702e-05,7783,expanding,,,,,,,
SPY,Naive,2023-12-26,461.7213745117188,2024-01-25,20,473.7388000488281,461.7213745117188,12.017425537109318,0.0,1.0,0.0,False,1.069580404594851,11.235644824347197,1.4399993233382702e-05,7783,expanding,,,,,,,
SPY,Naive,2024-01-03,455.062255859375,2024-01-04,1,453.5964660644531,455.062255859375,-1.465789794921875,0.0,-1.0,0.0,False,1.0700080737354853,1.3698866680553945,1.4199991710484028e-05,7788,expanding,,,,,,,
SPY,Naive,2024-01-03,455.062255859375,2024-01-10,5,462.6047058105469,455.062255859375,7.542449951171875,0.0,1.0,0.0,False,1.0700080737354853,7.0489654576535745,1.4199991710484028e-05,7788,expanding,,,,,,,
SPY,Naive,2024-01-03,455.062255859375,2024-02-01,20,474.8745422363281,455.062255859375,19.812286376953125,0.0,1.0,0.0,False,1.0700080737354853,18.516015779008864,1.4199991710484028e-05,7788,expanding,,,,,,,
SPY,Naive,2024-01-10,462.6047058105469,2024-01-11,1,462.4008483886719,462.6047058105469,-0.203857421875,0.0,-1.0,0.0,False,1.0708450468169104,0.190370607289044,1.3399985618889332e-05,7793,expanding,,,,,,,
SPY,Naive,2024-01-10,462.6047058105469,2024-01-18,5,462.5367736816406,462.6047058105469,-0.06793212890625,0.0,-1.0,0.0,False,1.0708450468169104,0.0634378700337443,1.3399985618889332e-05,7793,expanding,,,,,,,
SPY,Naive,2024-01-10,462.6047058105469,2024-02-08,20,483.72747802734375,462.6047058105469,21.122772216796875,0.0,1.0,0.0,False,1.0708450468169104,19.72533027031723,1.3399985618889332e-05,7793,expanding,,,,,,,
SPY,Naive,2024-01-18,462.5367736816406,2024-01-19,1,468.30279541015625,462.5367736816406,5.766021728515625,0.0,1.0,0.0,False,1.071295020609953,5.382291168713433,1.3699987903237343e-05,7798,expanding,,,,,,,
SPY,Naive,2024-01-18,462.5367736816406,2024-01-25,5,473.7388000488281,462.5367736816406,11.2020263671875,0.0,1.0,0.0,False,1.071295020609953,10.456527988722948,1.3699987903237343e-05,7798,expanding,,,,,,,
SPY,Naive,2024-01-18,462.5367736816406,2024-02-15,20,487.3094482421875,462.5367736816406,24.772674560546875,0.0,1.0,0.0,False,1.071295020609953,23.124045276008374,1.3699987903237343e-05,7798,expanding,,,,,,,
SPY,Naive,2024-01-25,473.7388000488281,2024-01-26,1,473.1369934082031,473.7388000488281,-0.601806640625,0.0,-1.0,0.0,False,1.0720442581470122,0.5613636154025954,1.4999997802078724e-05,7803,expanding,,,,,,,
SPY,Naive,2024-01-25,473.7388000488281,2024-02-01,5,474.8745422363281,473.7388000488281,1.1357421875,0.0,1.0,0.0,False,1.0720442581470122,1.0594172571411251,1.4999997802078724e-05,7803,expanding,,,,,,,
SPY,Naive,2024-01-25,473.7388000488281,2024-02-23,20,492.9784240722656,473.7388000488281,19.2396240234375,0.0,1.0,0.0,False,1.0720442581470122,17.946669530875955,1.4999997802078724e-05,7803,expanding,,,,,,,
SPY,Naive,2024-02-01,474.8745422363281,2024-02-02,1,479.873779296875,474.8745422363281,4.999237060546875,0.0,1.0,0.0,False,1.0737437212438183,4.655894103628181,1.3299984857439995e-05,7808,expanding,,,,,,,
SPY,Naive,2024-02-01,474.8745422363281,2024-02-08,5,483.72747802734375,474.8745422363281,8.852935791015625,0.0,1.0,0.0,False,1.0737437212438183,8.244924385458047,1.3299984857439995e-05,7808,expanding,,,,,,,
SPY,Naive,2024-02-01,474.8745422363281,2024-03-01,20,497.8320007324219,474.8745422363281,22.95745849609375,0.0,1.0,0.0,False,1.0737437212438183,21.380761574558935,1.3299984857439995e-05,7808,expanding,,,,,,,
SPY,Naive,2024-02-08,483.72747802734375,2024-02-09,1,486.523193359375,483.72747802734375,2.79571533203125,0.0,1.0,0.0,False,1.0746370707178388,2.60154372877139,1.309998333454132e-05,7813,expanding,,,,,,,
SPY,Naive,2024-02-08,483.72747802734375,2024-02-15,5,487.3094482421875,483.72747802734375,3.58197021484375,0.0,1.0,0.0,False,1.0746370707178388,3.3331906300710963,1.309998333454132e-05,7813,expanding,,,,,,,
SPY,Naive,2024-02-08,483.72747802734375,2024-03-08,20,496.7351379394531,483.72747802734375,13.007659912109375,0.0,1.0,0.0,False,1.0746370707178388,12.10423524978576,1.309998333454132e-05,7813,expanding,,,,,,,
SPY,Naive,2024-02-15,487.3094482421875,2024-02-16,1,484.8826599121094,487.3094482421875,-2.426788330078125,0.0,-1.0,0.0,False,1.0761762523614526,2.2550101108001828,1.3499986380338669e-05,7818,expanding,,,,,,,
SPY,Naive,2024-02-15,487.3094482421875,2024-02-23,5,492.9784240722656,487.3094482421875,5.668975830078125,0.0,1.0,0.0,False,1.0761762523614526,5.267702030813908,1.3499986380338669e-05,7818,expanding,,,,,,,
SPY,Naive,2024-02-15,487.3094482421875,2024-03-15,20,496.4381713867188,487.3094482421875,9.128723144531307,0.0,1.0,0.0,False,1.0761762523614526,8.482553972455866,1.3499986380338669e-05,7818,expanding,,,,,,,
SPY,Naive,2024-02-23,492.9784240722656,2024-02-26,1,491.1728515625,492.9784240722656,-1.805572509765625,0.0,-1.0,0.0,False,1.0775161319850688,1.675680257741742,1.9399914890527725e-05,7823,expanding,,,,,,,
SPY,Naive,2024-02-23,492.9784240722656,2024-03-01,5,497.8320007324219,492.9784240722656,4.85357666015625,0.0,1.0,0.0,False,1.0775161319850688,4.5044120603695115,1.9399914890527725e-05,7823,expanding,,,,,,,
SPY,Naive,2024-02-23,492.9784240722656,2024-03-22,20,507.5191955566406,492.9784240722656,14.540771484375,0.0,1.0,0.0,False,1.0775161319850688,13.494713492212005,1.9399914890527725e-05,7823,expanding,,,,,,,
SPY,Naive,2024-03-01,497.8320007324219,2024-03-04,1,497.2981262207031,497.8320007324219,-0.53387451171875,0.0,-1.0,0.0,False,1.0780754601100984,0.4952107078517752,1.8700025975704193e-05,7828,expanding,,,,,,,
SPY,Naive,2024-03-01,497.8320007324219,2024-03-08,5,496.7351379394531,497.8320007324219,-1.09686279296875,0.0,-1.0,0.0,False,1.0780754601100984,1.0174267326859783,1.8700025975704193e-05,7828,expanding,,,,,,,
SPY,Naive,2024-03-01,497.8320007324219,2024-04-01,20,508.4441223144531,497.8320007324219,10.61212158203125,0.0,1.0,0.0,False,1.0780754601100984,9.843579577395712,1.8700025975704193e-05,7828,expanding,,,,,,,
SPY,Naive,2024-03-08,496.7351379394531,2024-03-11,1,496.3080139160156,496.7351379394531,-0.4271240234375,0.0,-1.0,0.0,False,1.0794186236544212,0.39569821575937986,1.7400016076862812e-05,7833,expanding,,,,,,,
SPY,Naive,2024-03-08,496.7351379394531,2024-03-15,5,496.4381713867188,496.7351379394531,-0.29696655273431816,0.0,-1.0,0.0,False,1.0794186236544212,0.2751171290049863,1.7400016076862812e-05,7833,expanding,,,,,,,
SPY,Naive,2024-03-08,496.7351379394531,2024-04-08,20,505.0946350097656,496.7351379394531,8.3594970703125,0.0,1.0,0.0,False,1.0794186236544212,7.744443987830263,1.7400016076862812e-05,7833,expanding,,,,,,,
SPY,Naive,2024-03-15,496.4381713867188,2024-03-18,1,499.3885192871094,496.4381713867188,2.950347900390568,0.0,1.0,0.0,False,1.0801303255568664,2.7314739995560275,1.4199991710484028e-05,7838,expanding,,,,,,,
SPY,Naive,2024-03-15,496.4381713867188,2024-03-22,5,507.5191955566406,496.4381713867188,11.081024169921818,0.0,1.0,0.0,False,1.0801303255568664,10.258969596292875,1.4199991710484028e-05,7838,expanding,,,,,,,
SPY,Naive,2024-03-15,496.4381713867188,2024-04-15,20,491.199462890625,496.4381713867188,-5.238708496093807,0.0,-1.0,0.0,False,1.0801303255568664,4.850070748076595,1.4199991710484028e-05,7838,expanding,,,,,,,
SPY,Naive,2024-03-22,507.5191955566406,2024-03-25,1,506.1170043945313,507.5191955566406,-1.4021911621093182,0.0,-1.0,0.0,False,1.081100523213409,1.297003499675974,1.4999997802078724e-05,7843,expanding,,,,,,,
SPY,Naive,2024-03-22,507.5191955566406,2024-04-01,5,508.4441223144531,507.5191955566406,0.9249267578125,0.0,1.0,0.0,False,1.081100523213409,0.8555418649352736,1.4999997802078724e-05,7843,expanding,,,,,,,
SPY,Naive,2024-03-22,507.5191955566406,2024-04-22,20,486.5936584472656,507.5191955566406,-20.925537109375,0.0,-1.0,0.0,False,1.081100523213409,19.355773732471224,1.4999997802078724e-05,7843,expanding,,,,,,,
SPY,Naive,2024-04-01,508.4441223144531,2024-04-02,1,505.2114868164063,508.4441223144531,-3.232635498046818,0.0,-1.0,0.0,False,1.081375848355226,2.989372754129529,1.4499993994832039e-05,7848,expanding,,,,,,,
SPY,Naive,2024-04-01,508.4441223144531,2024-04-08,5,505.0946350097656,508.4441223144531,-3.3494873046875,0.0,-1.0,0.0,False,1.081375848355226,3.097431212082343,1.4499993994832039e-05,7848,expanding,,,,,,,
SPY,Naive,2024-04-01,508.4441223144531,2024-04-29,20,496.662109375,508.4441223144531,-11.782012939453125,0.0,-1.0,0.0,False,1.081375848355226,10.895391234577303,1.4499993994832039e-05,7848,expanding,,,,,,,
SPY,Naive,2024-04-08,505.0946350097656,2024-04-09,1,505.6788635253906,505.0946350097656,0.584228515625,0.0,1.0,0.0,False,1.082656503756072,0.539624999801996,1.3900105841457844e-05,7853,expanding,,,,,,,
SPY,Naive,2024-04-08,505.0946350097656,2024-04-15,5,491.199462890625,505.0946350097656,-13.895172119140625,0.0,-1.0,0.0,False,1.082656503756072,12.834331176078425,1.3900105841457844e-05,7853,expanding,,,,,,,
SPY,Naive,2024-04-08,505.0946350097656,2024-05-06,20,503.0010681152344,505.0946350097656,-2.09356689453125,0.0,-1.0,0.0,False,1.082656503756072,1.9337314164446577,1.3900105841457844e-05,7853,expanding,,,,,,,
SPY,Naive,2024-04-15,491.199462890625,2024-04-16,1,490.3036193847656,491.199462890625,-0.895843505859375,0.0,-1.0,0.0,False,1.0848464538566456,0.8257790793108442,1.379998866468668e-05,7858,expanding,,,,,,,
SPY,Naive,2024-04-15,491.199462890625,2024-04-22,5,486.5936584472656,491.199462890625,-4.605804443359375,0.0,-1.0,0.0,False,1.0848464538566456,4.245581876574026,1.379998866468668e-05,7858,expanding,,,,,,,
SPY,Naive,2024-04-15,491.199462890625,2024-05-13,20,507.2271118164063,491.199462890625,16.027648925781307,0.0,1.0,0.0,False,1.0848464538566456,14.774117451186546,1.379998866468668e-05,7858,expanding,,,,,,,
SPY,Naive,2024-04-22,486.5936584472656,2024-04-23,1,492.3678894042969,486.5936584472656,5.77423095703125,0.0,1.0,0.0,False,1.0858718776969747,5.3175987661434005,1.3299984857439995e-05,7863,expanding,,,,,,,
SPY,Naive,2024-04-22,486.5936584472656,2024-04-29,5,496.662109375,486.5936584472656,10.068450927734375,0.0,1.0,0.0,False,1.0858718776969747,9.272227354380473,1.3299984857439995e-05,7863,expanding,,,,,,,
SPY,Naive,2024-04-22,486.5936584472656,2024-05-20,20,516.13671875,486.5936584472656,29.543060302734375,0.0,1.0,0.0,False,1.0858718776969747,27.206764360996477,1.3299984857439995e-05,7863,expanding,,,,,,,
SPY,Naive,2024-04-29,496.662109375,2024-04-30,1,488.79437255859375,496.662109375,-7.86773681640625,0.0,-1.0,0.0,False,1.0869962673592148,7.238053204653953,1.550000160932541e-05,7868,expanding,,,,,,,
SPY,Naive,2024-04-29,496.662109375,2024-05-06,5,503.0010681152344,496.662109375,6.338958740234375,0.0,1.0,0.0,False,1.0869962673592148,5.83162880184902,1.550000160932541e-05,7868,expanding,,,,,,,
SPY,Naive,2024-04-29,496.662109375,2024-05-28,20,515.8932495117188,496.662109375,19.23114013671875,0.0,1.0,0.0,False,1.0869962673592148,17.692002000558407,1.550000160932541e-05,7868,expanding,,,,,,,
SPY,Naive,2024-05-06,503.0010681152344,2024-05-07,1,503.5561218261719,503.0010681152344,0.5550537109375,0.0,1.0,0.0,False,1.0895132834349224,0.5094510726730885,1.3199984095990658e-05,7873,expanding,,,,,,,
SPY,Naive,2024-05-06,503.0010681152344,2024-05-13,5,507.2271118164063,503.0010681152344,4.226043701171932,0.0,1.0,0.0,False,1.0895132834349224,3.878836325747613,1.3199984095990658e-05,7873,expanding,,,,,,,
SPY,Naive,2024-05-06,503.0010681152344,2024-06-04,20,514.5106201171875,503.0010681152344,11.509552001953125,0.0,1.0,0.0,False,1.0895132834349224,10.563939124878601,1.3199984095990658e-05,7873,expanding,,,,,,,
SPY,Naive,2024-05-13,507.2271118164063,2024-05-14,1,509.5543518066406,507.2271118164063,2.327239990234318,0.0,1.0,0.0,False,1.0893582088232678,2.136340435482851,1.3199984095990658e-05,7878,expanding,,,,,,,
SPY,Naive,2024-05-13,507.2271118164063,2024-05-20,5,516.13671875,507.2271118164063,8.909606933593693,0.0,1.0,0.0,False,1.0893582088232678,8.17876696703641,1.3199984095990658e-05,7878,expanding,,,,,,,
SPY,Naive,2024-05-13,507.2271118164063,2024-06-11,20,522.8458251953125,507.2271118164063,15.618713378906193,0.0,1.0,0.0,False,1.0893582088232678,14.33753677385663,1.3199984095990658e-05,7878,expanding,,,,,,,
SPY,Naive,2024-05-20,516.13671875,2024-05-21,1,517.4026489257812,516.13671875,1.26593017578125,0.0,1.0,0.0,False,1.0900668792995638,1.1613325749285122,1.3499986380338669e-05,7883,expanding,,,,,,,
SPY,Naive,2024-05-20,516.13671875,2024-05-28,5,515.8932495117188,516.13671875,-0.24346923828125,0.0,-1.0,0.0,False,1.0900668792995638,0.2233525693741784,1.3499986380338669e-05,7883,expanding,,,,,,,
SPY,Naive,2024-05-20,516.13671875,2024-06-18,20,534.0826416015625,516.13671875,17.9459228515625,0.0,1.0,0.0,False,1.0900668792995638,16.463139273705735,1.3499986380338669e-05,7883,expanding,,,,,,,
SPY,Naive,2024-05-28,515.8932495117188,2024-05-29,1,512.2807006835938,515.8932495117188,-3.612548828125,0.0,-1.0,0.0,False,1.0906783198621077,3.3122037564492226,1.3100099749863148e-05,7888,expanding,,,,,,,
SPY,Naive,2024-05-28,515.8932495117188,2024-06-04,5,514.5106201171875,515.8932495117188,-1.38262939453125,0.0,-1.0,0.0,False,1.0906783198621077,1.2676784431784187,1.3100099749863148e-05,7888,expanding,,,,,,,
SPY,Naive,2024-05-28,515.8932495117188,2024-06-26,20,532.8945922851562,515.8932495117188,17.0013427734375,0.0,1.0,0.0,False,1.0906783198621077,15.587861667211783,1.3100099749863148e-05,7888,expanding,,,,,,,
SPY,Naive,2024-06-04,514.5106201171875,2024-06-05,1,520.6255493164062,514.5106201171875,6.11492919921875,0.0,1.0,0.0,False,1.0915887941881541,5.601861462645921,1.3100099749863148e-05,7893,expanding,,,,,,,
SPY,Naive,2024-06-04,514.5106201171875,2024-06-11,5,522.8458251953125,514.5106201171875,8.335205078125,0.0,1.0,0.0,False,1.0915887941881541,7.635847053857063,1.3100099749863148e-05,7893,expanding,,,,,,,
SPY,Naive,2024-06-04,514.5106201171875,2024-07-03,20,538.7069091796875,514.5106201171875,24.1962890625,0.0,1.0,0.0,False,1.0915887941881541,22.166120787723433,1.3100099749863148e-05,7893,expanding,,,,,,,
SPY,Naive,2024-06-11,522.8458251953125,2024-06-12,1,527.1398315429688,522.8458251953125,4.29400634765625,0.0,1.0,0.0,False,1.0921158671635716,3.931823057207826,1.3499986380338669e-05,7898,expanding,,,,,,,
SPY,Naive,2024-06-11,522.8458251953125,2024-06-18,5,534.0826416015625,522.8458251953125,11.23681640625,0.0,1.0,0.0,False,1.0921158671635716,10.289033191536817,1.3499986380338669e-05,7898,expanding,,,,,,,
SPY,Naive,2024-06-11,522.8458251953125,2024-07-11,20,543.61083984375,522.8458251953125,20.7650146484375,0.0,1.0,0.0,False,1.0921158671635716,19.01356373693948,1.3499986380338669e-05,7898,expanding,,,,,,,
SPY,Naive,2024-06-18,534.0826416015625,2024-06-20,1,532.6317138671875,534.0826416015625,-1.450927734375,0.0,-1.0,0.0,False,1.0928468513537046,1.327658795537309,1.3999990187585354e-05,7903,expanding,,,,,,,
SPY,Naive,2024-06-18,534.0826416015625,2024-06-26,5,532.8945922851562,534.0826416015625,-1.18804931640625,0.0,-1.0,0.0,False,1.0928468513537046,1.0871141870744454,1.3999990187585354e-05,7903,expanding,,,,,,,
SPY,Naive,2024-06-18,534.0826416015625,2024-07-18,20,539.879150390625,534.0826416015625,5.7965087890625,0.0,1.0,0.0,False,1.0928468513537046,5.304044918903678,1.3999990187585354e-05,7903,expanding,,,,,,,
SPY,Naive,2024-06-26,532.8945922851562,2024-06-27,1,533.7346801757812,532.8945922851562,0.840087890625,0.0,1.0,0.0,False,1.0929905119626129,0.7686140743495642,1.3599987141788006e-05,7908,expanding,,,,,,,
SPY,Naive,2024-06-26,532.8945922851562,2024-07-03,5,538.7069091796875,532.8945922851562,5.81231689453125,0.0,1.0,0.0,False,1.0929905119626129,5.31781093332132,1.3599987141788006e-05,7908,expanding,,,,,,,
SPY,Naive,2024-06-26,532.8945922851562,2024-07-25,20,525.9586791992188,532.8945922851562,-6.9359130859375,0.0,-1.0,0.0,False,1.0929905119626129,6.345812712942152,1.3599987141788006e-05,7908,expanding,,,,,,,
SPY,Naive,2024-07-03,538.7069091796875,2024-07-05,1,541.8134765625,538.7069091796875,3.1065673828125,0.0,1.0,0.0,False,1.093565325645393,2.8407698287060144,1.3199984095990658e-05,7913,expanding,,,,,,,
SPY,Naive,2024-07-03,538.7069091796875,2024-07-11,5,543.61083984375,538.7069091796875,4.9039306640625,0.0,1.0,0.0,False,1.093565325645393,4.484350910786542,1.3199984095990658e-05,7913,expanding,,,,,,,
SPY,Naive,2024-07-03,538.7069091796875,2024-08-01,20,530.452392578125,538.7069091796875,-8.2545166015625,0.0,-1.0,0.0,False,1.093565325645393,7.548261094224897,1.3199984095990658e-05,7913,expanding,,,,,,,
SPY,Naive,2024-07-11,543.61083984375,2024-07-12,1,547.0397338867188,543.61083984375,3.42889404296875,0.0,1.0,0.0,False,1.0946885292406894,3.1323010622456593,1.3299984857439995e-05,7918,expanding,,,,,,,
SPY,Naive,2024-07-11,543.61083984375,2024-07-18,5,539.879150390625,543.61083984375,-3.731689453125,0.0,-1.0,0.0,False,1.0946885292406894,3.4089052305256344,1.3299984857439995e-05,7918,expanding,,,,,,,
SPY,Naive,2024-07-11,543.61083984375,2024-08-08,20,518.3782348632812,543.61083984375,-25.23260498046875,0.0,-1.0,0.0,False,1.0946885292406894,23.050031407537343,1.3299984857439995e-05,7918,expanding,,,,,,,
SPY,Naive,2024-07-18,539.879150390625,2024-07-19,1,536.2941284179688,539.879150390625,-3.58502197265625,0.0,-1.0,0.0,False,1.0965353559586957,3.2694084629144333,1.3999990187585354e-05,7923,expanding,,,,,,,
SPY,Naive,2024-07-18,539.879150390625,2024-07-25,5,525.9586791992188,539.879150390625,-13.92047119140625,0.0,-1.0,0.0,False,1.0965353559586957,12.694958822586845,1.3999990187585354e-05,7923,expanding,,,,,,,
SPY,Naive,2024-07-18,539.879150390625,2024-08-15,20,540.2798461914062,539.879150390625,0.40069580078125,0.0,1.0,0.0,False,1.0965353559586957,0.36541986412369126,1.3999990187585354e-05,7923,expanding,,,,,,,
SPY,Naive,2024-07-25,525.9586791992188,2024-07-26,1,531.8493041992188,525.9586791992188,5.890625,0.0,1.0,0.0,False,1.0989948011398076,5.360011706962233,1.2999982573091984e-05,7928,expanding,,,,,,,
SPY,Naive,2024-07-25,525.9586791992188,2024-08-01,5,530.452392578125,525.9586791992188,4.49371337890625,0.0,1.0,0.0,False,1.0989948011398076,4.088930515636339,1.2999982573091984e-05,7928,expanding,,,,,,,
SPY,Naive,2024-07-25,525.9586791992188,2024-08-22,20,543.3568115234375,525.9586791992188,17.39813232421875,0.0,1.0,0.0,False,1.0989948011398076,15.83095052512943,1.2999982573091984e-05,7928,expanding,,,,,,,
SPY,Naive,2024-08-01,530.452392578125,2024-08-02,1,520.5762329101562,530.452392578125,-9.87615966796875,0.0,-1.0,0.0,False,1.1014695977900166,8.966347948036178,1.2699980288743973e-05,7933,expanding,,,,,,,
SPY,Naive,2024-08-01,530.452392578125,2024-08-08,5,518.3782348632812,530.452392578125,-12.07415771484375,0.0,-1.0,0.0,False,1.1014695977900166,10.961861987901694,1.2699980288743973e-05,7933,expanding,,,,,,,
SPY,Naive,2024-08-01,530.452392578125,2024-08-29,20,545.4376831054688,530.452392578125,14.98529052734375,0.0,1.0,0.0,False,1.1014695977900166,13.604815382476435,1.2699980288743973e-05,7933,expanding,,,,,,,
SPY,Naive,2024-08-08,518.3782348632812,2024-08-09,1,520.6640014648438,518.3782348632812,2.2857666015625,0.0,1.0,0.0,False,1.1064225858054175,2.065907394595151,2.0700041204690933e-05,7938,expanding,,,,,,,
SPY,Naive,2024-08-08,518.3782348632812,2024-08-15,5,540.2798461914062,518.3782348632812,21.901611328125,0.0,1.0,0.0,False,1.1064225858054175,19.79497852728827,2.0700041204690933e-05,7938,expanding,,,,,,,
SPY,Naive,2024-08-08,518.3782348632812,2024-09-06,20,527.8636474609375,518.3782348632812,9.48541259765625,0.0,1.0,0.0,False,1.1064225858054175,8.573046790030382,2.0700041204690933e-05,7938,expanding,,,,,,,
SPY,Naive,2024-08-15,540.2798461914062,2024-08-16,1,541.4910888671875,540.2798461914062,1.21124267578125,0.0,1.0,0.0,False,1.1084837163014007,1.09270227245441,1.4099990949034691e-05,7943,expanding,,,,,,,
SPY,Naive,2024-08-15,540.2798461914062,2024-08-22,5,543.3568115234375,540.2798461914062,3.07696533203125,0.0,1.0,0.0,False,1.1084837163014007,2.775832686381666,1.4099990949034691e-05,7943,expanding,,,,,,,
SPY,Naive,2024-08-15,540.2798461914062,2024-09-13,20,549.0130004882812,540.2798461914062,8.733154296875,0.0,1.0,0.0,False,1.1084837163014007,7.8784687302527985,1.4099990949034691e-05,7943,expanding,,,,,,,
SPY,Naive,2024-08-22,543.3568115234375,2024-08-23,1,549.1302490234375,543.3568115234375,5.7734375,0.0,1.0,0.0,False,1.1094788958985238,5.203738008305527,1.379998866468668e-05,7948,expanding,,,,,,,
SPY,Naive,2024-08-22,543.3568115234375,2024-08-29,5,545.4376831054688,543.3568115234375,2.08087158203125,0.0,1.0,0.0,False,1.1094788958985238,1.875539579638451,1.379998866468668e-05,7948,expanding,,,,,,,
SPY,Naive,2024-08-22,543.3568115234375,2024-09-20,20,556.8113403320312,543.3568115234375,13.45452880859375,0.0,1.0,0.0,False,1.1094788958985238,12.126890253011483,1.379998866468668e-05,7948,expanding,,,,,,,
SPY,Naive,2024-08-29,545.4376831054688,2024-08-30,1,550.6444091796875,545.4376831054688,5.20672607421875,0.0,1.0,0.0,False,1.1101731745529944,4.69001250756686,2.2999942302703857e-05,7953,expanding,,,,,,,
SPY,Naive,2024-08-29,545.4376831054688,2024-09-06,5,527.8636474609375,545.4376831054688,-17.57403564453125,0.0,-1.0,0.0,False,1.1101731745529944,15.829994857880932,2.2999942302703857e-05,7953,expanding,,,,,,,
SPY,Naive,2024-08-29,545.4376831054688,2024-09-27,20,559.9664916992188,545.4376831054688,14.52880859375,0.0,1.0,0.0,False,1.1101731745529944,13.086975011443554,2.2999942302703857e-05,7953,expanding,,,,,,,
SPY,Naive,2024-09-06,527.8636474609375,2024-09-09,1,533.773681640625,527.8636474609375,5.9100341796875,0.0,1.0,0.0,False,1.1129929083622447,5.310037588994203,1.3299984857439995e-05,7958,expanding,,,,,,,
SPY,Naive,2024-09-06,527.8636474609375,2024-09-13,5,549.0130004882812,527.8636474609375,21.14935302734375,0.0,1.0,0.0,False,1.1129929083622447,19.002235206030882,1.3299984857439995e-05,7958,expanding,,,,,,,
SPY,Naive,2024-09-06,527.8636474609375,2024-10-04,20,561.4459838867188,527.8636474609375,33.58233642578125,0.0,1.0,0.0,False,1.1129929083622447,30.173001259457475,1.3299984857439995e-05,7958,expanding,,,,,,,
SPY,Naive,2024-09-13,549.0130004882812,2024-09-16,1,549.8239135742188,549.0130004882812,0.8109130859375,0.0,1.0,0.0,False,1.1149502543162175,0.7273087591112493,1.309998333454132e-05,7963,expanding,,,,,,,
SPY,Naive,2024-09-13,549.0130004882812,2024-09-20,5,556.8113403320312,549.0130004882812,7.79833984375,0.0,1.0,0.0,False,1.1149502543162175,6.994338817862871,1.309998333454132e-05,7963,expanding,,,,,,,
SPY,Naive,2024-09-13,549.0130004882812,2024-10-11,20,567.9132690429688,549.0130004882812,18.9002685546875,0.0,1.0,0.0,False,1.1149502543162175,16.951669800083373,1.309998333454132e-05,7963,expanding,,,,,,,
SPY,Naive,2024-09-20,556.8113403320312,2024-09-23,1,558.2027587890625,556.8113403320312,1.39141845703125,0.0,1.0,0.0,False,1.115880937218382,1.2469237627624643,1.3599987141788006e-05,7968,expanding,,,,,,,
SPY,Naive,2024-09-20,556.8113403320312,2024-09-27,5,559.9664916992188,556.8113403320312,3.1551513671875,0.0,1.0,0.0,False,1.115880937218382,2.827498223110182,1.3599987141788006e-05,7968,expanding,,,,,,,
SPY,Naive,2024-09-20,556.8113403320312,2024-10-18,20,572.8223876953125,556.8113403320312,16.01104736328125,0.0,1.0,0.0,False,1.115880937218382,14.348347417057658,1.3599987141788006e-05,7968,expanding,,,,,,,
SPY,Naive,2024-09-27,559.9664916992188,2024-09-30,1,562.2103881835938,559.9664916992188,2.243896484375,0.0,1.0,0.0,False,1.116090602271831,2.0104967103992193,1.3599987141788006e-05,7973,expanding,,,,,,,
SPY,Naive,2024-09-27,559.9664916992188,2024-10-04,5,561.4459838867188,559.9664916992188,1.4794921875,0.0,1.0,0.0,False,1.116090602271831,1.325602226636848,1.3599987141788006e-05,7973,expanding,,,,,,,
SPY,Naive,2024-09-27,559.9664916992188,2024-10-25,20,567.384033203125,559.9664916992188,7.41754150390625,0.0,1.0,0.0,False,1.116090602271831,6.6460030115903255,1.3599987141788006e-05,7973,expanding,,,,,,,
SPY,Naive,2024-10-04,561.4459838867188,2024-10-07,1,556.370361328125,561.4459838867188,-5.07562255859375,0.0,-1.0,0.0,False,1.1170948005132066,4.543591605888729,1.3699987903237343e-05,7978,expanding,,,,,,,
SPY,Naive,2024-10-04,561.4459838867188,2024-10-11,5,567.9132690429688,561.4459838867188,6.46728515625,0.0,1.0,0.0,False,1.1170948005132066,5.7893789795448445,1.3699987903237343e-05,7978,expanding,,,,,,,
SPY,Naive,2024-10-04,561.4459838867188,2024-11-01,20,559.5452270507812,561.4459838867188,-1.9007568359375,0.0,-1.0,0.0,False,1.1170948005132066,1.7015179330028836,1.3699987903237343e-05,7978,expanding,,,,,,,
SPY,Naive,2024-10-11,567.9132690429688,2024-10-14,1,572.557861328125,567.9132690429688,4.64459228515625,0.0,1.0,0.0,False,1.118725021809631,4.151683563529521,1.3299984857439995e-05,7983,expanding,,,,,,,
SPY,Naive,2024-10-11,567.9132690429688,2024-10-18,5,572.8223876953125,567.9132690429688,4.90911865234375,0.0,1.0,0.0,False,1.118725021809631,4.388136992236789,1.3299984857439995e-05,7983,expanding,,,,,,,
SPY,Naive,2024-10-11,567.9132690429688,2024-11-08,20,586.148681640625,567.9132690429688,18.23541259765625,0.0,1.0,0.0,False,1.118725021809631,16.300174075090364,1.3299984857439995e-05,7983,expanding,,,,,,,
SPY,Naive,2024-10-18,572.8223876953125,2024-10-21,1,571.8817749023438,572.8223876953125,-0.94061279296875,0.0,-1.0,0.0,False,1.1197532662405636,0.8400179051289968,1.3299984857439995e-05,7988,expanding,,,,,,,
SPY,Naive,2024-10-18,572.8223876953125,2024-10-25,5,567.384033203125,572.8223876953125,-5.4383544921875,0.0,-1.0,0.0,False,1.1197532662405636,4.856743584634603,1.3299984857439995e-05,7988,expanding,,,,,,,
SPY,Naive,2024-10-18,572.8223876953125,2024-11-15,20,573.9590454101562,572.8223876953125,1.13665771484375,0.0,1.0,0.0,False,1.1197532662405636,1.015096583428545,1.3299984857439995e-05,7988,expanding,,,,,,,
SPY,Naive,2024-10-25,567.384033203125,2024-10-28,1,569.13818359375,567.384033203125,1.754150390625,0.0,1.0,0.0,False,1.1200397145879402,1.5661501710859846,1.279998105019331e-05,7993,expanding,,,,,,,
SPY,Naive,2024-10-25,567.384033203125,2024-11-01,5,559.5452270507812,567.384033203125,-7.83880615234375,0.0,-1.0,0.0,False,1.1200397145879402,6.998685895015453,1.279998105019331e-05,7993,expanding,,,,,,,
SPY,Naive,2024-10-25,567.384033203125,2024-11-22,20,583.5225830078125,567.384033203125,16.1385498046875,0.0,1.0,0.0,False,1.1200397145879402,14.40890853644849,1.279998105019331e-05,7993,expanding,,,,,,,
SPY,Naive,2024-11-01,559.5452270507812,2024-11-04,1,558.3399047851562,559.5452270507812,-1.205322265625,0.0,-1.0,0.0,False,1.121576846085654,1.0746675716707428,1.3299984857439995e-05,7998,expanding,,,,,,,
SPY,Naive,2024-11-01,559.5452270507812,2024-11-08,5,586.148681640625,559.5452270507812,26.60345458984375,0.0,1.0,0.0,False,1.121576846085654,23.719689544850024,1.3299984857439995e-05,7998,expanding,,,,,,,
SPY,Naive,2024-11-01,559.5452270507812,2024-12-02,20,591.4791870117188,559.5452270507812,31.9339599609375,0.0,1.0,0.0,False,1.121576846085654,28.47237803846276,1.3299984857439995e-05,7998,expanding,,,,,,,
SPY,Naive,2024-11-08,586.148681640625,2024-11-11,1,586.7072143554688,586.148681640625,0.55853271484375,0.0,1.0,0.0,False,1.1245018916855871,0.49669344175715874,1.4099990949034691e-05,8003,expanding,,,,,,,
SPY,Naive,2024-11-08,586.148681640625,2024-11-15,5,573.9590454101562,586.148681640625,-12.18963623046875,0.0,-1.0,0.0,False,1.1245018916855871,10.840031769263573,1.4099990949034691e-05,8003,expanding,,,,,,,
SPY,Naive,2024-11-08,586.148681640625,2024-12-09,20,592.508056640625,586.148681640625,6.359375,0.0,1.0,0.0,False,1.1245018916855871,5.655281726976493,1.4099990949034691e-05,8003,expanding,,,,,,,
SPY,Naive,2024-11-15,573.9590454101562,2024-11-18,1,576.310791015625,573.9590454101562,2.35174560546875,0.0,1.0,0.0,False,1.1255325130626062,2.0894515068868005,1.2899981811642647e-05,8008,expanding,,,,,,,
SPY,Naive,2024-11-15,573.9590454101562,2024-11-22,5,583.5225830078125,573.9590454101562,9.56353759765625,0.0,1.0,0.0,False,1.1255325130626062,8.496900344205597,1.2899981811642647e-05,8008,expanding,,,,,,,
SPY,Naive,2024-11-15,573.9590454101562,2024-12-16,20,594.575439453125,573.9590454101562,20.61639404296875,0.0,1.0,0.0,False,1.1255325130626062,18.3170133280921,1.2899981811642647e-05,8008,expanding,,,,,,,
SPY,Naive,2024-11-22,583.5225830078125,2024-11-25,1,585.501953125,583.5225830078125,1.9793701171875,0.0,1.0,0.0,False,1.1260237605703873,1.757840452838091,1.2899981811642647e-05,8013,expanding,,,,,,,
SPY,Naive,2024-11-22,583.5225830078125,2024-12-02,5,591.4791870117188,583.5225830078125,7.95660400390625,0.0,1.0,0.0,False,1.1260237605703873,7.066106668899981,1.2899981811642647e-05,8013,expanding,,,,,,,
SPY,Naive,2024-11-22,583.5225830078125,2024-12-23,20,584.680419921875,583.5225830078125,1.1578369140625,0.0,1.0,0.0,False,1.1260237605703873,1.0282526484840762,1.2899981811642647e-05,8013,expanding,,,,,,,
SPY,Naive,2024-12-02,591.4791870117188,2024-12-03,1,591.7535400390625,591.4791870117188,0.27435302734375,0.0,1.0,0.0,False,1.1267588709274168,0.24348867750021308,1.309998333454132e-05,8018,expanding,,,,,,,
SPY,Naive,2024-12-02,591.4791870117188,2024-12-09,5,592.508056640625,591.4791870117188,1.02886962890625,0.0,1.0,0.0,False,1.1267588709274168,0.9131231672127011,1.309998333454132e-05,8018,expanding,,,,,,,
SPY,Naive,2024-12-02,591.4791870117188,2024-12-31,20,576.2152099609375,591.4791870117188,-15.26397705078125,0.0,-1.0,0.0,False,1.1267588709274168,13.546799980565247,1.309998333454132e-05,8018,expanding,,,,,,,
SPY,Naive,2024-12-09,592.508056640625,2024-12-10,1,590.665771484375,592.508056640625,-1.84228515625,0.0,-1.0,0.0,False,1.1271937628750552,1.6343997074212073,1.309998333454132e-05,8023,expanding,,,,,,,
SPY,Naive,2024-12-09,592.508056640625,2024-12-16,5,594.575439453125,592.508056640625,2.0673828125,0.0,1.0,0.0,False,1.1271937628750552,1.8340971007742888,1.309998333454132e-05,8023,expanding,,,,,,,
SPY,Naive,2024-12-09,592.508056640625,2025-01-08,20,579.56787109375,592.508056640625,-12.940185546875,0.0,-1.0,0.0,False,1.1271937628750552,11.480001019407137,1.309998333454132e-05,8023,expanding,,,,,,,
SPY,Naive,2024-12-16,594.575439453125,2024-12-17,1,592.1259155273438,594.575439453125,-2.44952392578125,0.0,-1.0,0.0,False,1.1280016919900344,2.171560506668895,1.3299984857439995e-05,8028,expanding,,,,,,,
SPY,Naive,2024-12-16,594.575439453125,2024-12-23,5,584.680419921875,594.575439453125,-9.89501953125,0.0,-1.0,0.0,False,1.1280016919900344,8.772167277331903,1.3299984857439995e-05,8028,expanding,,,,,,,
SPY,Naive,2024-12-16,594.575439453125,2025-01-16,20,581.6817016601562,594.575439453125,-12.89373779296875,0.0,-1.0,0.0,False,1.1280016919900344,11.430601464986688,1.3299984857439995e-05,8028,expanding,,,,,,,
SPY,Naive,2024-12-23,584.680419921875,2024-12-24,1,591.1790161132812,584.680419921875,6.49859619140625,0.0,1.0,0.0,False,1.1311157167670263,5.745297404213113,1.279998105019331e-05,8033,expanding,,,,,,,
SPY,Naive,2024-12-23,584.680419921875,2024-12-31,5,576.2152099609375,584.680419921875,-8.4652099609375,0.0,-1.0,0.0,False,1.1311157167670263,7.483946899025419,1.279998105019331e-05,8033,expanding,,,,,,,
SPY,Naive,2024-12-23,584.680419921875,2025-01-24,20,597.7367553710938,584.680419921875,13.05633544921875,0.0,1.0,0.0,False,1.1311157167670263,11.542882178789439,1.279998105019331e-05,8033,expanding,,,,,,,
SPY,Naive,2024-12-31,576.2152099609375,2025-01-02,1,574.799560546875,576.2152099609375,-1.4156494140625,0.0,-1.0,0.0,False,1.1330923156624368,1.249368118108605,1.2399978004395962e-05,8038,expanding,,,,,,,
SPY,Naive,2024-12-31,576.2152099609375,2025-01-08,5,579.56787109375,576.2152099609375,3.3526611328125,0.0,1.0,0.0,False,1.1330923156624368,2.958859650241686,1.2399978004395962e-05,8038,expanding,,,,,,,
SPY,Naive,2024-12-31,576.2152099609375,2025-01-31,20,591.6902465820312,576.2152099609375,15.47503662109375,0.0,1.0,0.0,False,1.1330923156624368,13.657348485367336,1.2399978004395962e-05,8038,expanding,,,,,,,
SPY,Naive,2025-01-08,579.56787109375,2025-01-10,1,570.7192993164062,579.56787109375,-8.84857177734375,0.0,-1.0,0.0,False,1.1348023252148027,7.797456509149146,1.2900098226964474e-05,8043,expanding,,,,,,,
SPY,Naive,2025-01-08,579.56787109375,2025-01-16,5,581.6817016601562,579.56787109375,2.11383056640625,0.0,1.0,0.0,False,1.1348023252148027,1.862730203699689,1.2900098226964474e-05,8043,expanding,,,,,,,
SPY,Naive,2025-01-08,579.56787109375,2025-02-07,20,590.6580200195312,579.56787109375,11.09014892578125,0.0,1.0,0.0,False,1.1348023252148027,9.772758373298217,1.2900098226964474e-05,8043,expanding,,,,,,,
SPY,Naive,2025-01-16,581.6817016601562,2025-01-17,1,587.5218505859375,581.6817016601562,5.84014892578125,0.0,1.0,0.0,False,1.1368377001015642,5.137187942711168,1.27000967040658e-05,8048,expanding,,,,,,,
SPY,Naive,2025-01-16,581.6817016601562,2025-01-24,5,597.7367553710938,581.6817016601562,16.0550537109375,0.0,1.0,0.0,False,1.1368377001015642,14.122555673077304,1.27000967040658e-05,8048,expanding,,,,,,,
SPY,Naive,2025-01-16,581.6817016601562,2025-02-14,20,599.4376831054688,581.6817016601562,17.7559814453125,0.0,1.0,0.0,False,1.1368377001015642,15.618747903703577,1.27000967040658e-05,8048,expanding,,,,,,,
SPY,Naive,2025-01-24,597.7367553710938,2025-01-27,1,589.2816162109375,597.7367553710938,-8.45513916015625,0.0,-1.0,0.0,False,1.1385603912778004,7.426166609104583,1.3699987903237343e-05,8053,expanding,,,,,,,
SPY,Naive,2025-01-24,597.7367553710938,2025-01-31,5,591.6902465820312,597.7367553710938,-6.0465087890625,0.0,-1.0,0.0,False,1.1385603912778004,5.310661459315772,1.3699987903237343e-05,8053,expanding,,,,,,,
SPY,Naive,2025-01-24,597.7367553710938,2025-02-24,20,587.157958984375,597.7367553710938,-10.57879638671875,0.0,-1.0,0.0,False,1.1385603912778004,9.291379243261943,1.3699987903237343e-05,8053,expanding,,,,,,,
SPY,Naive,2025-01-31,591.6902465820312,2025-02-03,1,587.70849609375,591.6902465820312,-3.98175048828125,0.0,-1.0,0.0,False,1.1406494430384804,3.4907749375431236,1.279998105019331e-05,8058,expanding,,,,,,,
SPY,Naive,2025-01-31,591.6902465820312,2025-02-07,5,590.6580200195312,591.6902465820312,-1.0322265625,0.0,-1.0,0.0,False,1.1406494430384804,0.9049463608646827,1.279998105019331e-05,8058,expanding,,,,,,,
SPY,Naive,2025-01-31,591.6902465820312,2025-03-03,20,573.9441528320312,591.6902465820312,-17.74609375,0.0,-1.0,0.0,False,1.1406494430384804,15.557885780163684,1.279998105019331e-05,8058,expanding,,,,,,,
SPY,Naive,2025-02-07,590.6580200195312,2025-02-10,1,594.6693115234375,590.6580200195312,4.01129150390625,0.0,1.0,0.0,False,1.142155426070815,3.512036463991324,1.3100099749863148e-05,8063,expanding,,,,,,,
SPY,Naive,2025-02-07,590.6580200195312,2025-02-14,5,599.4376831054688,590.6580200195312,8.7796630859375,0.0,1.0,0.0,False,1.142155426070815,7.6869249889578075,1.3100099749863148e-05,8063,expanding,,,,,,,
SPY,Naive,2025-02-07,590.6580200195312,2025-03-10,20,551.14453125,590.6580200195312,-39.51348876953125,0.0,-1.0,0.0,False,1.142155426070815,34.59554441330594,1.3100099749863148e-05,8063,expanding,,,,,,,
SPY,Naive,2025-02-14,599.4376831054688,2025-02-18,1,601.1975708007812,599.4376831054688,1.7598876953125,0.0,1.0,0.0,False,1.1430185180149575,1.5396843249476297,1.2899981811642647e-05,8068,expanding,,,,,,,
SPY,Naive,2025-02-14,599.4376831054688,2025-02-24,5,587.157958984375,599.4376831054688,-12.27972412109375,0.0,-1.0,0.0,False,1.1430185180149575,10.743241625183416,1.2899981811642647e-05,8068,expanding,,,,,,,
SPY,Naive,2025-02-14,599.4376831054688,2025-03-17,20,557.6039428710938,599.4376831054688,-41.833740234375,0.0,-1.0,0.0,False,1.1430185180149575,36.59935475675956,1.2899981811642647e-05,8068,expanding,,,,,,,
SPY,Naive,2025-02-24,587.157958984375,2025-02-25,1,584.2379150390625,587.157958984375,-2.9200439453125,0.0,-1.0,0.0,False,1.144618610915155,2.5511064711570977,1.309998333454132e-05,8073,expanding,,,,,,,
SPY,Naive,2025-02-24,587.157958984375,2025-03-03,5,573.9441528320312,587.157958984375,-13.21380615234375,0.0,-1.0,0.0,False,1.144618610915155,11.544287351556285,1.309998333454132e-05,8073,expanding,,,,,,,
SPY,Naive,2025-02-24,587.157958984375,2025-03-24,20,566.1151733398438,587.157958984375,-21.04278564453125,0.0,-1.0,0.0,False,1.144618610915155,18.384102306100846,1.309998333454132e-05,8073,expanding,,,,,,,
SPY,Naive,2025-03-03,573.9441528320312,2025-03-04,1,567.1505126953125,573.9441528320312,-6.79364013671875,0.0,-1.0,0.0,False,1.1478417526307463,5.918620856183669,3.520003519952297e-05,8078,expanding,,,,,,,
SPY,Naive,2025-03-03,573.9441528320312,2025-03-10,5,551.14453125,573.9441528320312,-22.79962158203125,0.0,-1.0,0.0,False,1.1478417526307463,19.86303558811713,3.520003519952297e-05,8078,expanding,,,,,,,
SPY,Naive,2025-03-03,573.9441528320312,2025-03-31,20,551.6289672851562,573.9441528320312,-22.315185546875,0.0,-1.0,0.0,False,1.1478417526307463,19.440994802402574,3.520003519952297e-05,8078,expanding,,,,,,,
SPY,Naive,2025-03-10,551.14453125,2025-03-11,1,546.5629272460938,551.14453125,-4.58160400390625,0.0,-1.0,0.0,False,1.1522420823234818,3.976251235909994,1.3499986380338669e-05,8083,expanding,,,,,,,
SPY,Naive,2025-03-10,551.14453125,2025-03-17,5,557.6039428710938,551.14453125,6.45941162109375,0.0,1.0,0.0,False,1.1522420823234818,5.605950103877848,1.3499986380338669e-05,8083,expanding,,,,,,,
SPY,Naive,2025-03-10,551.14453125,2025-04-07,20,497.3821716308594,551.14453125,-53.762359619140625,0.0,-1.0,0.0,False,1.1522420823234818,46.658910001559306,1.3499986380338669e-05,8083,expanding,,,,,,,
SPY,Naive,2025-03-17,557.6039428710938,2025-03-18,1,551.5770263671875,557.6039428710938,-6.02691650390625,0.0,-1.0,0.0,False,1.1552729591887565,5.216876631595712,1.2899981811642647e-05,8088,expanding,,,,,,,
SPY,Naive,2025-03-17,557.6039428710938,2025-03-24,5,566.1151733398438,557.6039428710938,8.51123046875,0.0,1.0,0.0,False,1.1552729591887565,7.367289609830967,1.2899981811642647e-05,8088,expanding,,,,,,,
SPY,Naive,2025-03-17,557.6039428710938,2025-04-14,20,531.64013671875,557.6039428710938,-25.96380615234375,0.0,-1.0,0.0,False,1.1552729591887565,22.474174562672857,1.2899981811642647e-05,8088,expanding,,,,,,,
SPY,Naive,2025-03-24,566.1151733398438,2025-03-25,1,567.4759521484375,566.1151733398438,1.36077880859375,0.0,1.0,0.0,False,1.157499053132929,1.1756198028072824,1.2899981811642647e-05,8093,expanding,,,,,,,
SPY,Naive,2025-03-24,566.1151733398438,2025-03-31,5,551.6289672851562,566.1151733398438,-14.4862060546875,0.0,-1.0,0.0,False,1.157499053132929,12.515091062475264,1.2899981811642647e-05,8093,expanding,,,,,,,
SPY,Naive,2025-03-24,566.1151733398438,2025-04-22,20,519.9348754882812,566.1151733398438,-46.1802978515625,0.0,-1.0,0.0,False,1.157499053132929,39.8966182534398,1.2899981811642647e-05,8093,expanding,,,,,,,
SPY,Naive,2025-03-31,551.6289672851562,2025-04-01,1,553.18701171875,551.6289672851562,1.55804443359375,0.0,1.0,0.0,False,1.1598180398921019,1.3433524742714773,1.2599979527294636e-05,8098,expanding,,,,,,,
SPY,Naive,2025-03-31,551.6289672851562,2025-04-07,5,497.3821716308594,551.6289672851562,-54.246795654296875,0.0,-1.0,0.0,False,1.1598180398921019,46.771815740461726,1.2599979527294636e-05,8098,expanding,,,,,,,
SPY,Naive,2025-03-31,551.6289672851562,2025-04-29,20,546.6292724609375,551.6289672851562,-4.99969482421875,0.0,-1.0,0.0,False,1.1598180398921019,4.310757939826383,1.2599979527294636e-05,8098,expanding,,,,,,,
SPY,Naive,2025-04-07,497.3821716308594,2025-04-08,1,489.591796875,497.3821716308594,-7.790374755859375,0.0,-1.0,0.0,False,1.1670465490547886,6.675290511907118,1.2899981811642647e-05,8103,expanding,,,,,,,
SPY,Naive,2025-04-07,497.3821716308594,2025-04-14,5,531.64013671875,497.3821716308594,34.257965087890625,0.0,1.0,0.0,False,1.1670465490547886,29.354411883259285,1.2899981811642647e-05,8103,expanding,,,,,,,
SPY,Naive,2025-04-07,497.3821716308594,2025-05-06,20,551.0471801757812,497.3821716308594,53.665008544921875,0.0,1.0,0.0,False,1.1670465490547886,45.98360587106496,1.2899981811642647e-05,8103,expanding,,,,,,,
SPY,Naive,2025-04-14,531.64013671875,2025-04-15,1,530.1511840820312,531.64013671875,-1.48895263671875,0.0,-1.0,0.0,False,1.178322815227497,1.263620306317569,2.619996666908264e-05,8108,expanding,,,,,,,
SPY,Naive,2025-04-14,531.64013671875,2025-04-22,5,519.9348754882812,531.64013671875,-11.70526123046875,0.0,-1.0,0.0,False,1.178322815227497,9.933832290439724,2.619996666908264e-05,8108,expanding,,,,,,,
SPY,Naive,2025-04-14,531.64013671875,2025-05-13,20,578.6981201171875,531.64013671875,47.0579833984375,0.0,1.0,0.0,False,1.178322815227497,39.936410286133764,2.619996666908264e-05,8108,expanding,,,,,,,
SPY,Naive,2025-04-22,519.9348754882812,2025-04-23,1,527.9915161132812,519.9348754882812,8.056640625,0.0,1.0,0.0,False,1.1824724519041165,6.8133854721321585,2.050003968179226e-05,8113,expanding,,,,,,,
SPY,Naive,2025-04-22,519.9348754882812,2025-04-29,5,546.6292724609375,519.9348754882812,26.69439697265625,0.0,1.0,0.0,False,1.1824724519041165,22.575068814221158,2.050003968179226e-05,8113,expanding,,,,,,,
SPY,Naive,2025-04-22,519.9348754882812,2025-05-20,20,584.6246948242188,519.9348754882812,64.6898193359375,0.0,1.0,0.0,False,1.1824724519041165,54.707252783579456,2.050003968179226e-05,8113,expanding,,,,,,,
SPY,Naive,2025-04-29,546.6292724609375,2025-04-30,1,546.8462524414062,546.6292724609375,0.21697998046875,0.0,1.0,0.0,False,1.1850327617123135,0.18310040657038434,2.050003968179226e-05,8118,expanding,,,,,,,
SPY,Naive,2025-04-29,546.6292724609375,2025-05-06,5,551.0471801757812,546.6292724609375,4.41790771484375,0.0,1.0,0.0,False,1.1850327617123135,3.728089093891457,2.050003968179226e-05,8118,expanding,,,,,,,
SPY,Naive,2025-04-29,546.6292724609375,2025-05-28,20,579.5758056640625,546.6292724609375,32.946533203125,0.0,1.0,0.0,False,1.1850327617123135,27.802212957824807,2.050003968179226e-05,8118,expanding,,,,,,,
SPY,Naive,2025-05-06,551.0471801757812,2025-05-07,1,553.364501953125,551.0471801757812,2.31732177734375,0.0,1.0,0.0,False,1.186780079924042,1.952612633582514,1.810002140700817e-05,8123,expanding,,,,,,,
SPY,Naive,2025-05-06,551.0471801757812,2025-05-13,5,578.6981201171875,551.0471801757812,27.65093994140625,0.0,1.0,0.0,False,1.186780079924042,23.299127116437617,1.810002140700817e-05,8123,expanding,,,,,,,
SPY,Naive,2025-05-06,551.0471801757812,2025-06-04,20,587.6619873046875,551.0471801757812,36.61480712890625,0.0,1.0,0.0,False,1.186780079924042,30.85222590797928,1.810002140700817e-05,8123,expanding,,,,,,,
SPY,Naive,2025-05-13,578.6981201171875,2025-05-14,1,579.437744140625,578.6981201171875,0.7396240234375,0.0,1.0,0.0,False,1.1896270352036544,0.6217276520711237,1.550000160932541e-05,8128,expanding,,,,,,,
SPY,Naive,2025-05-13,578.6981201171875,2025-05-20,5,584.6246948242188,578.6981201171875,5.92657470703125,0.0,1.0,0.0,False,1.1896270352036544,4.981876278573871,1.550000160932541e-05,8128,expanding,,,,,,,
SPY,Naive,2025-05-13,578.6981201171875,2025-06-11,20,593.0166625976562,578.6981201171875,14.31854248046875,0.0,1.0,0.0,False,1.1896270352036544,12.036160962009015,1.550000160932541e-05,8128,expanding,,,,,,,
SPY,Naive,2025-05-20,584.6246948242188,2025-05-21,1,574.7733764648438,584.6246948242188,-9.851318359375,0.0,-1.0,0.0,False,1.190109452765034,8.277657434353618,1.4199991710484028e-05,8133,expanding,,,,,,,
SPY,Naive,2025-05-20,584.6246948242188,2025-05-28,5,579.5758056640625,584.6246948242188,-5.04888916015625,0.0,-1.0,0.0,False,1.190109452765034,4.2423737988350085,1.4199991710484028e-05,8133,expanding,,,,,,,
SPY,Naive,2025-05-20,584.6246948242188,2025-06-18,20,589.1510009765625,584.6246948242188,4.52630615234375,0.0,1.0,0.0,False,1.190109452765034,3.8032688017287675,1.4199991710484028e-05,8133,expanding,,,,,,,
SPY,Naive,2025-05-28,579.5758056640625,2025-05-29,1,581.8635864257812,579.5758056640625,2.28778076171875,0.0,1.0,0.0,False,1.1929726761800001,1.9177143009213073,1.550000160932541e-05,8138,expanding,,,,,,,
SPY,Naive,2025-05-28,579.5758056640625,2025-06-04,5,587.6619873046875,579.5758056640625,8.086181640625,0.0,1.0,0.0,False,1.1929726761800001,6.77817841270065,1.550000160932541e-05,8138,expanding,,,,,,,
SPY,Naive,2025-05-28,579.5758056640625,2025-06-26,20,605.1646118164062,579.5758056640625,25.58880615234375,0.0,1.0,0.0,False,1.1929726761800001,21.44961629320906,1.550000160932541e-05,8138,expanding,,,,,,,
SPY,Naive,2025-06-04,587.6619873046875,2025-06-05,1,584.8219604492188,587.6619873046875,-2.84002685546875,0.0,-1.0,0.0,False,1.193431839255378,2.379714334788267,1.4699995517730713e-05,8143,expanding,,,,,,,
SPY,Naive,2025-06-04,587.6619873046875,2025-06-11,5,593.0166625976562,587.6619873046875,5.35467529296875,0.0,1.0,0.0,False,1.193431839255378,4.486787696488566,1.4699995517730713e-05,8143,expanding,,,,,,,
SPY,Naive,2025-06-04,587.6619873046875,2025-07-03,20,618.4869995117188,587.6619873046875,30.82501220703125,0.0,1.0,0.0,False,1.193431839255378,25.828883722646452,1.4699995517730713e-05,8143,expanding,,,,,,,
SPY,Naive,2025-06-11,593.0166625976562,2025-06-12,1,595.3734741210938,593.0166625976562,2.3568115234375,0.0,1.0,0.0,False,1.1944702315128581,1.9731019336099123,1.4399993233382702e-05,8148,expanding,,,,,,,
SPY,Naive,2025-06-11,593.0166625976562,2025-06-18,5,589.1510009765625,593.0166625976562,-3.86566162109375,0.0,-1.0,0.0,False,1.1944702315128581,3.236297999823478,1.4399993233382702e-05,8148,expanding,,,,,,,
SPY,Naive,2025-06-11,593.0166625976562,2025-07-11,20,616.7858276367188,593.0166625976562,23.7691650390625,0.0,1.0,0.0,False,1.1944702315128581,19.899336468986444,1.4399993233382702e-05,8148,expanding,,,,,,,
SPY,Naive,2025-06-18,589.1510009765625,2025-06-20,1,587.7673950195312,589.1510009765625,-1.38360595703125,0.0,-1.0,0.0,False,1.1961642266255719,1.156702337549802,1.379998866468668e-05,8153,expanding,,,,,,,
SPY,Naive,2025-06-18,589.1510009765625,2025-06-26,5,605.1646118164062,589.1510009765625,16.01361083984375,0.0,1.0,0.0,False,1.1961642266255719,13.387468445715685,1.379998866468668e-05,8153,expanding,,,,,,,
SPY,Naive,2025-06-18,589.1510009765625,2025-07-18,20,620.7024536132812,589.1510009765625,31.55145263671875,0.0,1.0,0.0,False,1.1961642266255719,26.3771913040124,1.379998866468668e-05,8153,expanding,,,,,,,
SPY,Naive,2025-06-26,605.1646118164062,2025-06-27,1,608.1712646484375,605.1646118164062,3.00665283203125,0.0,1.0,0.0,False,1.1977334311886194,2.5102854723254038,1.4099990949034691e-05,8158,expanding,,,,,,,
SPY,Naive,2025-06-26,605.1646118164062,2025-07-03,5,618.4869995117188,605.1646118164062,13.3223876953125,0.0,1.0,0.0,False,1.1977334311886194,11.122998948181221,1.4099990949034691e-05,8158,expanding,,,,,,,
SPY,Naive,2025-06-26,605.1646118164062,2025-07-25,20,630.1181030273438,605.1646118164062,24.9534912109375,0.0,1.0,0.0,False,1.1977334311886194,20.833927283948224,1.4099990949034691e-05,8158,expanding,,,,,,,
SPY,Naive,2025-07-03,618.4869995117188,2025-07-07,1,613.8780517578125,618.4869995117188,-4.60894775390625,0.0,-1.0,0.0,False,1.1986804233991293,3.845017958027993,1.3899989426136017e-05,8163,expanding,,,,,,,
SPY,Naive,2025-07-03,618.4869995117188,2025-07-11,5,616.7858276367188,618.4869995117188,-1.701171875,0.0,-1.0,0.0,False,1.1986804233991293,1.4192038526632,1.3899989426136017e-05,8163,expanding,,,,,,,
SPY,Naive,2025-07-03,618.4869995117188,2025-08-01,20,614.9066162109375,618.4869995117188,-3.58038330078125,0.0,-1.0,0.0,False,1.1986804233991293,2.9869373278227602,1.3899989426136017e-05,8163,expanding,,,,,,,
SPY,Naive,2025-07-11,616.7858276367188,2025-07-14,1,617.9628295898438,616.7858276367188,1.177001953125,0.0,1.0,0.0,False,1.1994821392688495,0.981258423608081,1.3599987141788006e-05,8168,expanding,,,,,,,
SPY,Naive,2025-07-11,616.7858276367188,2025-07-18,5,620.7024536132812,616.7858276367188,3.9166259765625,0.0,1.0,0.0,False,1.1994821392688495,3.2652641071837047,1.3599987141788006e-05,8168,expanding,,,,,,,
SPY,Naive,2025-07-11,616.7858276367188,2025-08-08,20,630.1972045898438,616.7858276367188,13.411376953125,0.0,1.0,0.0,False,1.1994821392688495,11.180972616482622,1.3599987141788006e-05,8168,expanding,,,,,,,
SPY,Naive,2025-07-18,620.7024536132812,2025-07-21,1,621.87939453125,620.7024536132812,1.17694091796875,0.0,1.0,0.0,False,1.1999851372448533,0.9807962460860036,1.3499986380338669e-05,8173,expanding,,,,,,,
SPY,Naive,2025-07-18,620.7024536132812,2025-07-25,5,630.1181030273438,620.7024536132812,9.4156494140625,0.0,1.0,0.0,False,1.1999851372448533,7.846471695208392,1.3499986380338669e-05,8173,expanding,,,,,,,
SPY,Naive,2025-07-18,620.7024536132812,2025-08-15,20,636.388671875,620.7024536132812,15.68621826171875,0.0,1.0,0.0,False,1.1999851372448533,13.072010456507867,1.3499986380338669e-05,8173,expanding,,,,,,,
SPY,Naive,2025-07-25,630.1181030273438,2025-07-28,1,629.9598388671875,630.1181030273438,-0.15826416015625,0.0,-1.0,0.0,False,1.200402860581999,0.1318425383287722,1.4599994756281376e-05,8178,expanding,,,,,,,
SPY,Naive,2025-07-25,630.1181030273438,2025-08-01,5,614.9066162109375,630.1181030273438,-15.21148681640625,0.0,-1.0,0.0,False,1.200402860581999,12.671984811025165,1.4599994756281376e-05,8178,expanding,,,,,,,
SPY,Naive,2025-07-25,630.1181030273438,2025-08-22,20,638.2381591796875,630.1181030273438,8.12005615234375,0.0,1.0,0.0,False,1.200402860581999,6.764442520910731,1.4599994756281376e-05,8178,expanding,,,,,,,
SPY,Naive,2025-08-01,614.9066162109375,2025-08-04,1,624.2530517578125,614.9066162109375,9.346435546875,0.0,1.0,0.0,False,1.2015284377652666,7.778788460686389,1.3399985618889332e-05,8183,expanding,,,,,,,
SPY,Naive,2025-08-01,614.9066162109375,2025-08-08,5,630.1972045898438,614.9066162109375,15.29058837890625,0.0,1.0,0.0,False,1.2015284377652666,12.72594796619658,1.3399985618889332e-05,8183,expanding,,,,,,,
SPY,Naive,2025-08-01,614.9066162109375,2025-08-29,20,637.98095703125,614.9066162109375,23.0743408203125,0.0,1.0,0.0,False,1.2015284377652666,19.204157051187796,1.3399985618889332e-05,8183,expanding,,,,,,,
SPY,Naive,2025-08-08,630.1972045898438,2025-08-11,1,628.9510498046875,630.1972045898438,-1.24615478515625,0.0,-1.0,0.0,False,1.2035635229110484,1.0353876313417896,1.3199984095990658e-05,8188,expanding,,,,,,,
SPY,Naive,2025-08-08,630.1972045898438,2025-08-15,5,636.388671875,630.1972045898438,6.19146728515625,0.0,1.0,0.0,False,1.2035635229110484,5.144279605766884,1.3199984095990658e-05,8188,expanding,,,,,,,
SPY,Naive,2025-08-08,630.1972045898438,2025-09-08,20,641.7196044921875,630.1972045898438,11.52239990234375,0.0,1.0,0.0,False,1.2035635229110484,9.573570221266447,1.3199984095990658e-05,8188,expanding,,,,,,,
SPY,Naive,2025-08-15,636.388671875,2025-08-18,1,636.2501220703125,636.388671875,-0.1385498046875,0.0,-1.0,0.0,False,1.2042535590007903,0.11505035933002301,1.4400109648704529e-05,8193,expanding,,,,,,,
SPY,Naive,2025-08-15,636.388671875,2025-08-22,5,638.2381591796875,636.388671875,1.8494873046875,0.0,1.0,0.0,False,1.2042535590007903,1.5357955896116111,1.4400109648704529e-05,8193,expanding,,,,,,,
SPY,Naive,2025-08-15,636.388671875,2025-09-15,20,653.6671752929688,636.388671875,17.27850341796875,0.0,1.0,0.0,False,1.2042535590007903,14.347894833962796,1.4400109648704529e-05,8193,expanding,,,,,,,
SPY,Naive,2025-08-22,638.2381591796875,2025-08-25,1,635.4292602539062,638.2381591796875,-2.80889892578125,0.0,-1.0,0.0,False,1.2056486151400787,2.3297824013631843,1.3500102795660496e-05,8198,expanding,,,,,,,
SPY,Naive,2025-08-22,638.2381591796875,2025-08-29,5,637.98095703125,638.2381591796875,-0.2572021484375,0.0,-1.0,0.0,False,1.2056486151400787,0.2133309367320236,1.3500102795660496e-05,8198,expanding,,,,,,,
SPY,Naive,2025-08-22,638.2381591796875,2025-09-22,20,661.3606567382812,638.2381591796875,23.12249755859375,0.0,1.0,0.0,False,1.2056486151400787,19.178471461941882,1.3500102795660496e-05,8198,expanding,,,,,,,
SPY,Naive,2025-08-29,637.98095703125,2025-09-02,1,633.25341796875,637.98095703125,-4.7275390625,0.0,-1.0,0.0,False,1.2065005568695257,3.9183894574955005,1.3299984857439995e-05,8203,expanding,,,,,,,
SPY,Naive,2025-08-29,637.98095703125,2025-09-08,5,641.7196044921875,637.98095703125,3.7386474609375,0.0,1.0,0.0,False,1.2065005568695257,3.0987531996156448,1.3299984857439995e-05,8203,expanding,,,,,,,
SPY,Naive,2025-08-29,637.98095703125,2025-09-29,20,658.2266845703125,637.98095703125,20.2457275390625,0.0,1.0,0.0,False,1.2065005568695257,16.780537251962436,1.3299984857439995e-05,8203,expanding,,,,,,,
SPY,Naive,2025-09-08,641.7196044921875,2025-09-09,1,643.203125,641.7196044921875,1.4835205078125,0.0,1.0,0.0,False,1.2078262808785685,1.2282565227289082,1.279998105019331e-05,8208,expanding,,,,,,,
SPY,Naive,2025-09-08,641.7196044921875,2025-09-15,5,653.6671752929688,641.7196044921875,11.94757080078125,0.0,1.0,0.0,False,1.2078262808785685,9.891795691091131,1.279998105019331e-05,8208,expanding,,,,,,,
SPY,Naive,2025-09-08,641.7196044921875,2025-10-06,20,666.0914916992188,641.7196044921875,24.37188720703125,0.0,1.0,0.0,False,1.2078262808785685,20.178305103034543,1.279998105019331e-05,8208,expanding,,,,,,,
SPY,Naive,2025-09-15,653.6671752929688,2025-09-16,1,652.76708984375,653.6671752929688,-0.90008544921875,0.0,-1.0,0.0,False,1.2085987923497177,0.7447346918730853,1.5700003132224083e-05,8213,expanding,,,,,,,
SPY,Naive,2025-09-15,653.6671752929688,2025-09-22,5,661.3606567382812,653.6671752929688,7.6934814453125,0.0,1.0,0.0,False,1.2085987923497177,6.365620662548478,1.5700003132224083e-05,8213,expanding,,,,,,,
SPY,Naive,2025-09-15,653.6671752929688,2025-10-13,20,657.5919189453125,653.6671752929688,3.92474365234375,0.0,1.0,0.0,False,1.2085987923497177,3.2473503011809184,1.5700003132224083e-05,8213,expanding,,,,,,,
SPY,Naive,2025-09-22,661.3606567382812,2025-09-23,1,657.7606201171875,661.3606567382812,-3.60003662109375,0.0,-1.0,0.0,False,1.2092161230816378,2.977165580557431,1.2600095942616463e-05,8218,expanding,,,,,,,
SPY,Naive,2025-09-22,661.3606567382812,2025-09-29,5,658.2266845703125,661.3606567382812,-3.13397216796875,0.0,-1.0,0.0,False,1.2092161230816378,2.591738654610352,1.2600095942616463e-05,8218,expanding,,,,,,,
SPY,Naive,2025-09-22,661.3606567382812,2025-10-20,20,665.7840576171875,661.3606567382812,4.42340087890625,0.0,1.0,0.0,False,1.2092161230816378,3.6580730230700147,1.2600095942616463e-05,8218,expanding,,,,,,,
SPY,Naive,2025-09-29,658.2266845703125,2025-09-30,1,660.7061157226562,658.2266845703125,2.47943115234375,0.0,1.0,0.0,False,1.2102201819506857,2.048743847873446,1.2999982573091984e-05,8223,expanding,,,,,,,
SPY,Naive,2025-09-29,658.2266845703125,2025-10-06,5,666.0914916992188,658.2266845703125,7.86480712890625,0.0,1.0,0.0,False,1.2102201819506857,6.498658050991524,1.2999982573091984e-05,8223,expanding,,,,,,,
SPY,Naive,2025-09-29,658.2266845703125,2025-10-27,20,679.6094970703125,658.2266845703125,21.3828125,0.0,1.0,0.0,False,1.2102201819506857,17.668530750771524,1.2999982573091984e-05,8223,expanding,,,,,,,
SPY,Naive,2025-10-06,666.0914916992188,2025-10-07,1,663.6219482421875,666.0914916992188,-2.46954345703125,0.0,-1.0,0.0,False,1.2104430286189078,2.040198009028935,1.2499978765845299e-05,8228,expanding,,,,,,,
SPY,Naive,2025-10-06,666.0914916992188,2025-10-13,5,657.5919189453125,666.0914916992188,-8.49957275390625,0.0,-1.0,0.0,False,1.2104430286189078,7.021869309788251,1.2499978765845299e-05,8228,expanding,,,,,,,
SPY,Naive,2025-10-06,666.0914916992188,2025-11-03,20,677.7251586914062,666.0914916992188,11.6336669921875,0.0,1.0,0.0,False,1.2104430286189078,9.611081824694624,1.2499978765845299e-05,8228,expanding,,,,,,,
SPY,Naive,2025-10-13,657.5919189453125,2025-10-14,1,656.78857421875,657.5919189453125,-0.8033447265625,0.0,-1.0,0.0,False,1.2141161521044141,0.6616704053974337,1.2899981811642647e-05,8233,expanding,,,,,,,
SPY,Naive,2025-10-13,657.5919189453125,2025-10-20,5,665.7840576171875,657.5919189453125,8.192138671875,0.0,1.0,0.0,False,1.2141161521044141,6.747409346029749,1.2899981811642647e-05,8233,expanding,,,,,,,
SPY,Naive,2025-10-13,657.5919189453125,2025-11-10,20,675.8407592773438,657.5919189453125,18.24884033203125,0.0,1.0,0.0,False,1.2141161521044141,15.030555602444409,1.2899981811642647e-05,8233,expanding,,,,,,,
SPY,Naive,2025-10-20,665.7840576171875,2025-10-21,1,665.7741088867188,665.7840576171875,-0.00994873046875,0.0,-1.0,0.0,False,1.2156596265401283,0.008183812517542383,1.309998333454132e-05,8238,expanding,,,,,,,
SPY,Naive,2025-10-20,665.7840576171875,2025-10-27,5,679.6094970703125,665.7840576171875,13.825439453125,0.0,1.0,0.0,False,1.2156596265401283,11.372788197690983,1.309998333454132e-05,8238,expanding,,,,,,,
SPY,Naive,2025-10-20,665.7840576171875,2025-11-17,20,660.2002563476562,665.7840576171875,-5.58380126953125,0.0,-1.0,0.0,False,1.2156596265401283,4.59322753476911,1.309998333454132e-05,8238,expanding,,,,,,,
SPY,Naive,2025-10-27,679.6094970703125,2025-10-28,1,681.41455078125,679.6094970703125,1.8050537109375,0.0,1.0,0.0,False,1.2174419179989049,1.4826610487541334,1.279998105019331e-05,8243,expanding,,,,,,,
SPY,Naive,2025-10-27,679.6094970703125,2025-11-03,5,677.7251586914062,679.6094970703125,-1.88433837890625,0.0,-1.0,0.0,False,1.2174419179989049,1.5477850327377547,1.279998105019331e-05,8243,expanding,,,,,,,
SPY,Naive,2025-10-27,679.6094970703125,2025-11-24,20,663.2351684570312,679.6094970703125,-16.37432861328125,0.0,-1.0,0.0,False,1.2174419179989049,13.449782179502693,1.279998105019331e-05,8243,expanding,,,,,,,
SPY,Naive,2025-11-03,677.7251586914062,2025-11-04,1,669.6917114257812,677.7251586914062,-8.033447265625,0.0,-1.0,0.0,False,1.218293658224499,6.594015499787368,1.3299984857439995e-05,8248,expanding,,,,,,,
SPY,Naive,2025-11-03,677.7251586914062,2025-11-10,5,675.8407592773438,677.7251586914062,-1.8843994140625,0.0,-1.0,0.0,False,1.218293658224499,1.5467530355602126,1.3299984857439995e-05,8248,expanding,,,,,,,
SPY,Naive,2025-11-03,677.7251586914062,2025-12-02,20,675.9300537109375,677.7251586914062,-1.79510498046875,0.0,-1.0,0.0,False,1.218293658224499,1.4734583639587164,1.3299984857439995e-05,8248,expanding,,,,,,,
SPY,Naive,2025-11-10,675.8407592773438,2025-11-11,1,677.3878784179688,675.8407592773438,1.547119140625,0.0,1.0,0.0,False,1.2210216855055145,1.2670693395461508,1.3499986380338669e-05,8253,expanding,,,,,,,
SPY,Naive,2025-11-10,675.8407592773438,2025-11-17,5,660.2002563476562,675.8407592773438,-15.6405029296875,0.0,-1.0,0.0,False,1.2210216855055145,12.809357209091814,1.3499986380338669e-05,8253,expanding,,,,,,,
SPY,Naive,2025-11-10,675.8407592773438,2025-12-09,20,677.4275512695312,675.8407592773438,1.5867919921875,0.0,1.0,0.0,False,1.2210216855055145,1.2995608604040092,1.3499986380338669e-05,8253,expanding,,,,,,,
SPY,Naive,2025-11-17,660.2002563476562,2025-11-18,1,654.65625,660.2002563476562,-5.54400634765625,0.0,-1.0,0.0,False,1.2226425425919984,4.5344458044973415,1.2899981811642647e-05,8258,expanding,,,,,,,
SPY,Naive,2025-11-17,660.2002563476562,2025-11-24,5,663.2351684570312,660.2002563476562,3.034912109375,0.0,1.0,0.0,False,1.2226425425919984,2.4822562635036367,1.2899981811642647e-05,8258,expanding,,,,,,,
SPY,Naive,2025-11-17,660.2002563476562,2025-12-16,20,673.2918701171875,660.2002563476562,13.09161376953125,0.0,1.0,0.0,False,1.2226425425919984,10.707638016404262,1.2899981811642647e-05,8258,expanding,,,,,,,
SPY,Naive,2025-11-24,663.2351684570312,2025-11-25,1,669.4734497070312,663.2351684570312,6.23828125,0.0,1.0,0.0,False,1.2260368354555427,5.088167883375317,1.3300101272761822e-05,8263,expanding,,,,,,,
SPY,Naive,2025-11-24,663.2351684570312,2025-12-02,5,675.9300537109375,663.2351684570312,12.69488525390625,0.0,1.0,0.0,False,1.2260368354555427,10.35440770357391,1.3300101272761822e-05,8263,expanding,,,,,,,
SPY,Naive,2025-11-24,663.2351684570312,2025-12-23,20,684.3233032226562,663.2351684570312,21.088134765625,0.0,1.0,0.0,False,1.2260368354555427,17.20024566618307,1.3300101272761822e-05,8263,expanding,,,,,,,
SPY,Naive,2025-12-02,675.9300537109375,2025-12-03,1,678.2706298828125,675.9300537109375,2.340576171875,0.0,1.0,0.0,False,1.227579525884931,1.9066595055727555,1.309998333454132e-05,8268,expanding,,,,,,,
SPY,Naive,2025-12-02,675.9300537109375,2025-12-09,5,677.4275512695312,675.9300537109375,1.49749755859375,0.0,1.0,0.0,False,1.227579525884931,1.2198782457814634,1.309998333454132e-05,8268,expanding,,,,,,,
SPY,Naive,2025-12-02,675.9300537109375,2025-12-31,20,678.3152465820312,675.9300537109375,2.38519287109375,0.0,1.0,0.0,False,1.227579525884931,1.9430047673484332,1.309998333454132e-05,8268,expanding,,,,,,,
SPY,Naive,2025-12-09,677.4275512695312,2025-12-10,1,681.92041015625,677.4275512695312,4.49285888671875,0.0,1.0,0.0,False,1.2276540023907012,3.659711024416875,1.2899981811642647e-05,8273,expanding,,,,,,,
SPY,Naive,2025-12-09,677.4275512695312,2025-12-16,5,673.2918701171875,677.4275512695312,-4.13568115234375,0.0,-1.0,0.0,False,1.2276540023907012,3.3687677018850857,1.2899981811642647e-05,8273,expanding,,,,,,,
SPY,Naive,2025-12-09,677.4275512695312,2026-01-08,20,685.8651123046875,677.4275512695312,8.43756103515625,0.0,1.0,0.0,False,1.2276540023907012,6.8729145335128345,1.2899981811642647e-05,8273,expanding,,,,,,,
SPY,Naive,2025-12-16,673.2918701171875,2025-12-17,1,665.8832397460938,673.2918701171875,-7.40863037109375,0.0,-1.0,0.0,False,1.2288811031395477,6.028760920943586,1.2999982573091984e-05,8278,expanding,,,,,,,
SPY,Naive,2025-12-16,673.2918701171875,2025-12-23,5,684.3233032226562,673.2918701171875,11.03143310546875,0.0,1.0,0.0,False,1.2288811031395477,8.976810756781616,1.2999982573091984e-05,8278,expanding,,,,,,,
SPY,Naive,2025-12-16,673.2918701171875,2026-01-15,20,688.5806884765625,673.2918701171875,15.288818359375,0.0,1.0,0.0,False,1.2288811031395477,12.441251086305337,1.2999982573091984e-05,8278,expanding,,,,,,,
SPY,Naive,2025-12-23,684.3233032226562,2025-12-24,1,686.7305297851562,684.3233032226562,2.4072265625,0.0,1.0,0.0,False,1.231260273428362,1.9550915549295182,1.2800097465515137e-05,8283,expanding,,,,,,,
SPY,Naive,2025-12-23,684.3233032226562,2025-12-31,5,678.3152465820312,684.3233032226562,-6.008056640625,0.0,-1.0,0.0,False,1.231260273428362,4.879599196273886,1.2800097465515137e-05,8283,expanding,,,,,,,
SPY,Naive,2025-12-23,684.3233032226562,2026-01-23,20,685.5865478515625,684.3233032226562,1.26324462890625,0.0,1.0,0.0,False,1.231260273428362,1.0259769247559898,1.2800097465515137e-05,8283,expanding,,,,,,,
SPY,Naive,2025-12-31,678.3152465820312,2026-01-02,1,679.55859375,678.3152465820312,1.24334716796875,0.0,1.0,0.0,False,1.2318233491371207,1.0093550904354116,1.3199984095990658e-05,8288,expanding,,,,,,,
SPY,Naive,2025-12-31,678.3152465820312,2026-01-08,5,685.8651123046875,678.3152465820312,7.54986572265625,0.0,1.0,0.0,False,1.2318233491371207,6.129016573638462,1.3199984095990658e-05,8288,expanding,,,,,,,
SPY,Naive,2025-12-31,678.3152465820312,2026-01-30,20,688.3121337890625,678.3152465820312,9.99688720703125,0.0,1.0,0.0,False,1.2318233491371207,8.115520146645999,1.3199984095990658e-05,8288,expanding,,,,,,,
SPY,Naive,2026-01-08,685.8651123046875,2026-01-09,1,690.4010009765625,685.8651123046875,4.535888671875,0.0,1.0,0.0,False,1.2325428899681288,3.680106151918405,1.3199984095990658e-05,8293,expanding,,,,,,,
SPY,Naive,2026-01-08,685.8651123046875,2026-01-15,5,688.5806884765625,685.8651123046875,2.715576171875,0.0,1.0,0.0,False,1.2325428899681288,2.203230568264622,1.3199984095990658e-05,8293,expanding,,,,,,,
SPY,Naive,2026-01-08,685.8651123046875,2026-02-06,20,686.96923828125,685.8651123046875,1.1041259765625,0.0,1.0,0.0,False,1.2325428899681288,0.8958114038457928,1.3199984095990658e-05,8293,expanding,,,,,,,
SPY,Naive,2026-01-15,688.5806884765625,2026-01-16,1,688.0037231445312,688.5806884765625,-0.57696533203125,0.0,-1.0,0.0,False,1.2332783579840725,0.4678305820385615,1.2999982573091984e-05,8298,expanding,,,,,,,
SPY,Naive,2026-01-15,688.5806884765625,2026-01-23,5,685.5865478515625,688.5806884765625,-2.994140625,0.0,-1.0,0.0,False,1.2332783579840725,2.427789805615537,1.2999982573091984e-05,8298,expanding,,,,,,,
SPY,Naive,2026-01-15,688.5806884765625,2026-02-13,20,678.1461181640625,688.5806884765625,-10.4345703125,0.0,-1.0,0.0,False,1.2332783579840725,8.460839554142861,1.2999982573091984e-05,8298,expanding,,,,,,,
SPY,Naive,2026-01-23,685.5865478515625,2026-01-26,1,689.068115234375,685.5865478515625,3.4815673828125,0.0,1.0,0.0,False,1.2356879588811551,2.8175134003610913,1.2699980288743973e-05,8303,expanding,,,,,,,
SPY,Naive,2026-01-23,685.5865478515625,2026-01-30,5,688.3121337890625,685.5865478515625,2.7255859375,0.0,1.0,0.0,False,1.2356879588811551,2.2057234740458767,1.2699980288743973e-05,8303,expanding,,,,,,,
SPY,Naive,2026-01-23,685.5865478515625,2026-02-23,20,678.7827758789062,685.5865478515625,-6.80377197265625,0.0,-1.0,0.0,False,1.2356879588811551,5.506059943172609,1.2699980288743973e-05,8303,expanding,,,,,,,
SPY,Naive,2026-01-30,688.3121337890625,2026-02-02,1,691.73388671875,688.3121337890625,3.4217529296875,0.0,1.0,0.0,False,1.2361152890472764,2.7681503173743462,1.2899981811642647e-05,8308,expanding,,,,,,,
SPY,Naive,2026-01-30,688.3121337890625,2026-02-06,5,686.96923828125,688.3121337890625,-1.3428955078125,0.0,-1.0,0.0,False,1.2361152890472764,1.0863837052347467,1.2899981811642647e-05,8308,expanding,,,,,,,
SPY,Naive,2026-01-30,688.3121337890625,2026-03-02,20,682.7516479492188,688.3121337890625,-5.56048583984375,0.0,-1.0,0.0,False,1.2361152890472764,4.498355363057955,1.2899981811642647e-05,8308,expanding,,,,,,,
SPY,Naive,2026-02-06,686.96923828125,2026-02-09,1,690.2816162109375,686.96923828125,3.3123779296875,0.0,1.0,0.0,False,1.2394680770345328,2.6724189118387547,1.2899981811642647e-05,8313,expanding,,,,,,,
SPY,Naive,2026-02-06,686.96923828125,2026-02-13,5,678.1461181640625,686.96923828125,-8.8231201171875,0.0,-1.0,0.0,False,1.2394680770345328,7.118473061683927,1.2899981811642647e-05,8313,expanding,,,,,,,
SPY,Naive,2026-02-06,686.96923828125,2026-03-09,20,674.6845092773438,686.96923828125,-12.28472900390625,0.0,-1.0,0.0,False,1.2394680770345328,9.911291167173792,1.2899981811642647e-05,8313,expanding,,,,,,,
SPY,Naive,2026-02-13,678.1461181640625,2026-02-17,1,679.2402954101562,678.1461181640625,1.09417724609375,0.0,1.0,0.0,False,1.2406951264003816,0.8819066205799303,1.2299977242946625e-05,8318,expanding,,,,,,,
SPY,Naive,2026-02-13,678.1461181640625,2026-02-23,5,678.7827758789062,678.1461181640625,0.63665771484375,0.0,1.0,0.0,False,1.2406951264003816,0.5131459786505971,1.2299977242946625e-05,8318,expanding,,,,,,,
SPY,Naive,2026-02-13,678.1461181640625,2026-03-16,20,665.493408203125,678.1461181640625,-12.6527099609375,0.0,-1.0,0.0,False,1.2406951264003816,10.19808145587442,1.2299977242946625e-05,8318,expanding,,,,,,,
SPY,Naive,2026-02-23,678.7827758789062,2026-02-24,1,683.7164916992188,678.7827758789062,4.9337158203125,0.0,1.0,0.0,False,1.2421418492308722,3.9719423537395757,1.2900098226964474e-05,8323,expanding,,,,,,,
SPY,Naive,2026-02-23,678.7827758789062,2026-03-02,5,682.7516479492188,678.7827758789062,3.9688720703125,0.0,1.0,0.0,False,1.2421418492308722,3.195184247894075,1.2900098226964474e-05,8323,expanding,,,,,,,
SPY,Naive,2026-02-23,678.7827758789062,2026-03-23,20,653.6959228515625,678.7827758789062,-25.08685302734375,0.0,-1.0,0.0,False,1.2421418492308722,20.196447807371918,1.2900098226964474e-05,8323,expanding,,,,,,,
SPY,Naive,2026-03-02,682.7516479492188,2026-03-03,1,676.7337036132812,682.7516479492188,-6.0179443359375,0.0,-1.0,0.0,False,1.2435832504065396,4.839197001061389,1.3999990187585354e-05,8328,expanding,,,,,,,
SPY,Naive,2026-03-02,682.7516479492188,2026-03-09,5,674.6845092773438,682.7516479492188,-8.067138671875,0.0,-1.0,0.0,False,1.2435832504065396,6.487011359503091,1.3999990187585354e-05,8328,expanding,,,,,,,
SPY,Naive,2026-03-02,682.7516479492188,2026-03-30,20,630.3460693359375,682.7516479492188,-52.40557861328125,0.0,-1.0,0.0,False,1.2435832504065396,42.14078840009252,1.3999990187585354e-05,8328,expanding,,,,,,,
SPY,Naive,2026-03-09,674.6845092773438,2026-03-10,1,673.6002807617188,674.6845092773438,-1.084228515625,0.0,-1.0,0.0,False,1.2463576371316092,0.8699176571182761,1.3299984857439995e-05,8333,expanding,,,,,,,
SPY,Naive,2026-03-09,674.6845092773438,2026-03-16,5,665.493408203125,674.6845092773438,-9.19110107421875,0.0,-1.0,0.0,False,1.2463576371316092,7.374368961521608,1.3299984857439995e-05,8333,expanding,,,,,,,
SPY,Naive,2026-03-09,674.6845092773438,2026-04-07,20,657.5260009765625,674.6845092773438,-17.15850830078125,0.0,-1.0,0.0,False,1.2463576371316092,13.766921940856529,1.3299984857439995e-05,8333,expanding,,,,,,,
SPY,Naive,2026-03-16,665.493408203125,2026-03-17,1,667.2440185546875,665.493408203125,1.7506103515625,0.0,1.0,0.0,False,1.248320948438449,1.4023720051741304,1.2599979527294636e-05,8338,expanding,,,,,,,
SPY,Naive,2026-03-16,665.493408203125,2026-03-23,5,653.6959228515625,665.493408203125,-11.7974853515625,0.0,-1.0,0.0,False,1.248320948438449,9.450682828258408,1.2599979527294636e-05,8338,expanding,,,,,,,
SPY,Naive,2026-03-16,665.493408203125,2026-04-14,20,692.675537109375,665.493408203125,27.18212890625,0.0,1.0,0.0,False,1.248320948438449,21.774952138913232,1.2599979527294636e-05,8338,expanding,,,,,,,
SPY,Naive,2026-03-23,653.6959228515625,2026-03-24,1,651.5015869140625,653.6959228515625,-2.1943359375,0.0,-1.0,0.0,False,1.251035173114785,1.7540161816846576,1.2499978765845299e-05,8343,expanding,,,,,,,
SPY,Naive,2026-03-23,653.6959228515625,2026-03-30,5,630.3460693359375,653.6959228515625,-23.349853515625,0.0,-1.0,0.0,False,1.251035173114785,18.664426082832925,1.2499978765845299e-05,8343,expanding,,,,,,,
SPY,Naive,2026-03-23,653.6959228515625,2026-04-21,20,702.2708129882812,653.6959228515625,48.57489013671875,0.0,1.0,0.0,False,1.251035173114785,38.82775734896296,1.2499978765845299e-05,8343,expanding,,,,,,,
SPY,Naive,2026-03-30,630.3460693359375,2026-03-31,1,648.6688842773438,630.3460693359375,18.32281494140625,0.0,1.0,0.0,False,1.2539530966943706,14.612041702124461,1.2899981811642647e-05,8348,expanding,,,,,,,
SPY,Naive,2026-03-30,630.3460693359375,2026-04-07,5,657.5260009765625,630.3460693359375,27.179931640625,0.0,1.0,0.0,False,1.2539530966943706,21.675397359180206,1.2899981811642647e-05,8348,expanding,,,,,,,
SPY,Naive,2026-03-30,630.3460693359375,2026-04-28,20,709.8612060546875,630.3460693359375,79.51513671875,0.0,1.0,0.0,False,1.2539530966943706,63.41157171537369,1.2899981811642647e-05,8348,expanding,,,,,,,
SPY,Naive,2026-04-07,657.5260009765625,2026-04-08,1,674.27294921875,657.5260009765625,16.7469482421875,0.0,1.0,0.0,False,1.2564567085426888,13.328710912460789,1.2699980288743973e-05,8353,expanding,,,,,,,
SPY,Naive,2026-04-07,657.5260009765625,2026-04-14,5,692.675537109375,657.5260009765625,35.1495361328125,0.0,1.0,0.0,False,1.2564567085426888,27.975127112482028,1.2699980288743973e-05,8353,expanding,,,,,,,
SPY,Naive,2026-04-07,657.5260009765625,2026-05-05,20,721.9102172851562,657.5260009765625,64.38421630859375,0.0,1.0,0.0,False,1.2564567085426888,51.24268577726828,1.2699980288743973e-05,8353,expanding,,,,,,,
SPY,Naive,2026-04-14,692.675537109375,2026-04-15,1,698.1414184570312,692.675537109375,5.46588134765625,0.0,1.0,0.0,False,1.260018373685433,4.337937812501155,1.309998333454132e-05,8358,expanding,,,,,,,
SPY,Naive,2026-04-14,692.675537109375,2026-04-21,5,702.2708129882812,692.675537109375,9.59527587890625,0.0,1.0,0.0,False,1.260018373685433,7.615187269722892,1.309998333454132e-05,8358,expanding,,,,,,,
SPY,Naive,2026-04-14,692.675537109375,2026-05-12,20,736.2831420898438,692.675537109375,43.60760498046875,0.0,1.0,0.0,False,1.260018373685433,34.60870562777643,1.309998333454132e-05,8358,expanding,,,,,,,
SPY,Naive,2026-04-21,702.2708129882812,2026-04-22,1,709.3825073242188,702.2708129882812,7.1116943359375,0.0,1.0,0.0,False,1.2618581310638086,5.635890565559847,1.3100099749863148e-05,8363,expanding,,,,,,,
SPY,Naive,2026-04-21,702.2708129882812,2026-04-28,5,709.8612060546875,702.2708129882812,7.59039306640625,0.0,1.0,0.0,False,1.2618581310638086,6.01525074772643,1.3100099749863148e-05,8363,expanding,,,,,,,
SPY,Naive,2026-04-21,702.2708129882812,2026-05-19,20,731.8446044921875,702.2708129882812,29.57379150390625,0.0,1.0,0.0,False,1.2618581310638086,23.43670082703678,1.3100099749863148e-05,8363,expanding,,,,,,,
SPY,Naive,2026-04-28,709.8612060546875,2026-04-29,1,709.7515258789062,709.8612060546875,-0.10968017578125,0.0,-1.0,0.0,False,1.263498994032371,0.0868066981448186,1.27000967040658e-05,8368,expanding,,,,,,,
SPY,Naive,2026-04-28,709.8612060546875,2026-05-05,5,721.9102172851562,709.8612060546875,12.04901123046875,0.0,1.0,0.0,False,1.263498994032371,9.536225424299825,1.27000967040658e-05,8368,expanding,,,,,,,
SPY,Naive,2026-04-28,709.8612060546875,2026-05-27,20,748.5316162109375,709.8612060546875,38.67041015625,0.0,1.0,0.0,False,1.263498994032371,30.60581000768035,1.27000967040658e-05,8368,expanding,,,,,,,
SPY,Naive,2026-05-05,721.9102172851562,2026-05-06,1,731.9443359375,721.9102172851562,10.03411865234375,0.0,1.0,0.0,False,1.2648388597877531,7.933120155738677,1.2499978765845299e-05,8373,expanding,,,,,,,
SPY,Naive,2026-05-05,721.9102172851562,2026-05-12,5,736.2831420898438,721.9102172851562,14.3729248046875,0.0,1.0,0.0,False,1.2648388597877531,11.363443408988363,1.2499978765845299e-05,8373,expanding,,,,,,,
SPY,Naive,2026-05-05,721.9102172851562,2026-06-03,20,752.3018798828125,721.9102172851562,30.39166259765625,0.0,1.0,0.0,False,1.2648388597877531,24.028090505344007,1.2499978765845299e-05,8373,expanding,,,,,,,
SPY,Naive,2026-05-12,736.2831420898438,2026-05-13,1,740.4025268554688,736.2831420898438,4.119384765625,0.0,1.0,0.0,False,1.2666021863671668,3.252311428136805,1.2399978004395962e-05,8378,expanding,,,,,,,
SPY,Naive,2026-05-12,736.2831420898438,2026-05-19,5,731.8446044921875,736.2831420898438,-4.43853759765625,0.0,-1.0,0.0,False,1.2666021863671668,3.504287017209989,1.2399978004395962e-05,8378,expanding,,,,,,,
SPY,Naive,2026-05-12,736.2831420898438,2026-06-10,20,723.56591796875,736.2831420898438,-12.71722412109375,0.0,-1.0,0.0,False,1.2666021863671668,10.040424892656263,1.2399978004395962e-05,8378,expanding,,,,,,,
SPY,Naive,2026-05-19,731.8446044921875,2026-05-20,1,739.3452758789062,731.8446044921875,7.50067138671875,0.0,1.0,0.0,False,1.2687537298655347,5.911841841453099,1.2999982573091984e-05,8383,expanding,,,,,,,
SPY,Naive,2026-05-19,731.8446044921875,2026-05-27,5,748.5316162109375,731.8446044921875,16.68701171875,0.0,1.0,0.0,False,1.2687537298655347,13.15228584235849,1.2999982573091984e-05,8383,expanding,,,,,,,
SPY,Naive,2026-05-19,731.8446044921875,2026-06-17,20,739.0560302734375,731.8446044921875,7.21142578125,0.0,1.0,0.0,False,1.2687537298655347,5.68386567975984,1.2999982573091984e-05,8383,expanding,,,,,,,
SPY,Naive,2026-05-27,748.5316162109375,2026-05-28,1,752.6609497070312,748.5316162109375,4.12933349609375,0.0,1.0,0.0,False,1.2700179056713634,3.2513978564033557,1.2899981811642647e-05,8388,expanding,,,,,,,
SPY,Naive,2026-05-27,748.5316162109375,2026-06-03,5,752.3018798828125,748.5316162109375,3.770263671875,0.0,1.0,0.0,False,1.2700179056713634,2.9686696975204803,1.2899981811642647e-05,8388,expanding,,,,,,,
SPY,Naive,2026-05-27,748.5316162109375,2026-06-25,20,734.2999877929688,748.5316162109375,-14.23162841796875,0.0,-1.0,0.0,False,1.2700179056713634,11.205848637579289,1.2899981811642647e-05,8388,expanding,,,,,,,
SPY,Naive,2026-06-03,752.3018798828125,2026-06-04,1,755.1445922851562,752.3018798828125,2.84271240234375,0.0,1.0,0.0,False,1.2709774939188856,2.236634728738299,1.2400094419717789e-05,8393,expanding,,,,,,,
SPY,Naive,2026-06-03,752.3018798828125,2026-06-10,5,723.56591796875,752.3018798828125,-28.7359619140625,0.0,-1.0,0.0,False,1.2709774939188856,22.60933970235703,1.2400094419717789e-05,8393,expanding,,,,,,,
SPY,Naive,2026-06-03,752.3018798828125,2026-07-02,20,744.780029296875,752.3018798828125,-7.5218505859375,0.0,-1.0,0.0,False,1.2709774939188856,5.9181619044605585,1.2400094419717789e-05,8393,expanding,,,,,,,
SPY,Naive,2026-06-10,723.56591796875,2026-06-11,1,735.8642578125,723.56591796875,12.29833984375,0.0,1.0,0.0,False,1.274716662440653,9.647900750118714,1.2499978765845299e-05,8398,expanding,,,,,,,
SPY,Naive,2026-06-10,723.56591796875,2026-06-17,5,739.0560302734375,723.56591796875,15.4901123046875,0.0,1.0,0.0,False,1.274716662440653,12.151808132035518,1.2499978765845299e-05,8398,expanding,,,,,,,
SPY,Naive,2026-06-10,723.56591796875,2026-07-10,20,754.9500122070312,723.56591796875,31.38409423828125,0.0,1.0,0.0,False,1.274716662440653,24.62044716524791,1.2499978765845299e-05,8398,expanding,,,,,,,
SPY,Naive,2026-06-17,739.0560302734375,2026-06-18,1,746.739990234375,739.0560302734375,7.6839599609375,0.0,1.0,0.0,False,1.279094814090779,6.0073419705008355,1.2300093658268452e-05,8403,expanding,,,,,,,
SPY,Naive,2026-06-17,739.0560302734375,2026-06-25,5,734.2999877929688,739.0560302734375,-4.75604248046875,0.0,-1.0,0.0,False,1.279094814090779,3.7182876734978363,1.2300093658268452e-05,8403,expanding,,,,,,,
SPY,Naive,2026-06-17,739.0560302734375,2026-07-17,20,743.2899780273438,739.0560302734375,4.23394775390625,0.0,1.0,0.0,False,1.279094814090779,3.3101125164954044,1.2300093658268452e-05,8403,expanding,,,,,,,
SPY,Naive,2026-06-25,734.2999877929688,2026-06-26,1,728.989990234375,734.2999877929688,-5.30999755859375,0.0,-1.0,0.0,False,1.2809799673498579,4.145261982183284,1.2899981811642647e-05,8408,expanding,,,,,,,
SPY,Naive,2026-06-25,734.2999877929688,2026-07-02,5,744.780029296875,734.2999877929688,10.48004150390625,0.0,1.0,0.0,False,1.2809799673498579,8.181268849650925,1.2899981811642647e-05,8408,expanding,,,,,,,
SPY,Naive,2026-06-25,734.2999877929688,2026-07-24,20,738.9299926757812,734.2999877929688,4.6300048828125,0.0,1.0,0.0,False,1.2809799673498579,3.6144241134318733,1.2899981811642647e-05,8408,expanding,,,,,,,
SPY,Naive,2026-07-02,744.780029296875,2026-07-06,1,751.280029296875,744.780029296875,6.5,0.0,1.0,0.0,False,1.2832000240846528,5.0654612515587,1.5300000086426735e-05,8413,expanding,,,,,,,
SPY,Naive,2026-07-02,744.780029296875,2026-07-10,5,754.9500122070312,744.780029296875,10.16998291015625,0.0,1.0,0.0,False,1.2832000240846528,7.925485286217026,1.5300000086426735e-05,8413,expanding,,,,,,,
SPY,Naive,2026-07-02,744.780029296875,2026-07-31,20,747.030029296875,744.780029296875,2.25,0.0,1.0,0.0,False,1.2832000240846528,1.7534288947703194,1.5300000086426735e-05,8413,expanding,,,,,,,
SPY,Naive,2026-07-10,754.9500122070312,2026-07-13,1,749.1699829101562,754.9500122070312,-5.780029296875,0.0,-1.0,0.0,False,1.2850431977279173,4.497926067461903,1.550000160932541e-05,8418,expanding,,,,,,,
SPY,Naive,2026-07-10,754.9500122070312,2026-07-17,5,743.2899780273438,754.9500122070312,-11.6600341796875,0.0,-1.0,0.0,False,1.2850431977279173,9.073651531951288,1.550000160932541e-05,8418,expanding,,,,,,,
SPY,Naive,2026-07-10,754.9500122070312,2026-08-07,20,773.260009765625,754.9500122070312,18.30999755859375,0.0,1.0,0.0,False,1.2850431977279173,14.248546345342806,1.550000160932541e-05,8418,expanding,,,,,,,
SPY,Naive,2026-07-17,743.2899780273438,2026-07-20,1,742.0900268554688,743.2899780273438,-1.199951171875,0.0,-1.0,0.0,False,1.2870041152638854,0.9323600116297716,1.379998866468668e-05,8423,expanding,,,,,,,
SPY,Naive,2026-07-17,743.2899780273438,2026-07-24,5,738.9299926757812,743.2899780273438,-4.3599853515625,0.0,-1.0,0.0,False,1.2870041152638854,3.38770117348734,1.379998866468668e-05,8423,expanding,,,,,,,
SPY,Naive,2026-07-17,743.2899780273438,2026-08-14,20,776.3400268554688,743.2899780273438,33.050048828125,0.0,1.0,0.0,False,1.2870041152638854,25.6798315064816,1.379998866468668e-05,8423,expanding,,,,,,,
SPY,"ARIMA(0,1,2)+drift",2018-12-31,223.5733642578125,2019-01-02,1,223.8059539794922,223.50365193122502,0.2325897216796875,-0.06971232658747795,1.0,-1.0,False,0.7032400627714837,0.42987034480912084,0.7988076000474393,6528,expanding,True,2.0,0.0,-3.0469735303854457,True,True,"{'const': 0.0003379631015615244, 'ma.L1': -0.06385512513772312, 'ma.L2': -0.0548376824465254, 'sigma2': 0.0001320156103574473}"
SPY,"ARIMA(0,1,2)+drift",2018-12-31,223.5733642578125,2019-01-08,5,229.70118713378903,223.69622625280317,6.127822875976534,0.12286199499067152,1.0,1.0,True,0.7032400627714837,8.538991446704824,0.7988076000474393,6528,expanding,True,2.0,0.0,-3.0469735303854457,True,True,"{'const': 0.0003379631015615244, 'ma.L1': -0.06385512513772312, 'ma.L2': -0.0548376824465254, 'sigma2': 0.0001320156103574473}"
SPY,"ARIMA(0,1,2)+drift",2018-12-31,223.5733642578125,2019-01-30,20,239.3717041015625,224.83312158955704,15.79833984375,1.259757331744538,1.0,1.0,True,0.7032400627714837,20.673711982091305,0.7988076000474393,6528,expanding,True,2.0,0.0,-3.0469735303854457,True,True,"{'const': 0.0003379631015615244, 'ma.L1': -0.06385512513772312, 'ma.L2': -0.0548376824465254, 'sigma2': 0.0001320156103574473}"
SPY,"ARIMA(0,1,2)+drift",2019-01-08,229.70118713378903,2019-01-09,1,230.7747344970703,229.51028628037142,1.0735473632812784,-0.19090085341761664,1.0,-1.0,False,0.7052750911584168,1.792844001653361,0.9265663999831304,6533,expanding,True,2.0,0.0,-3.046349809266574,True,True,"{'const': 0.0003417736437331328, 'ma.L1': -0.0643563373490101, 'ma.L2': -0.05479137966459643, 'sigma2': 0.00013218019542136442}"
SPY,"ARIMA(0,1,2)+drift",2019-01-08,229.70118713378903,2019-01-15,5,232.90382385253903,229.68271838138904,3.20263671875,-0.0184687523999969,1.0,-1.0,False,0.7052750911584168,4.567161823139564,0.9265663999831304,6533,expanding,True,2.0,0.0,-3.046349809266574,True,True,"{'const': 0.0003417736437331328, 'ma.L1': -0.0643563373490101, 'ma.L2': -0.05479137966459643, 'sigma2': 0.00013218019542136442}"
SPY,"ARIMA(0,1,2)+drift",2019-01-08,229.70118713378903,2019-02-06,20,243.98768615722656,230.8632343085365,14.286499023437528,1.162047174747471,1.0,1.0,True,0.7052750911584168,18.608982527843285,0.9265663999831304,6533,expanding,True,2.0,0.0,-3.046349809266574,True,True,"{'const': 0.0003417736437331328, 'ma.L1': -0.0643563373490101, 'ma.L2': -0.05479137966459643, 'sigma2': 0.00013218019542136442}"
SPY,"ARIMA(0,1,2)+drift",2019-01-15,232.90382385253903,2019-01-16,1,233.4674072265625,232.90270366783463,0.5635833740234659,-0.0011201847044048918,1.0,-1.0,False,0.7056580091700818,0.8002510442586965,0.9581003000494093,6538,expanding,True,2.0,0.0,-3.0466164161328857,True,True,"{'const': 0.00034371426589258763, 'ma.L1': -0.06433233813283976, 'ma.L2': -0.054694826047484074, 'sigma2': 0.00013211009370496973}"
SPY,"ARIMA(0,1,2)+drift",2019-01-15,232.90382385253903,2019-01-23,5,235.6412506103516,233.08685419103946,2.737426757812557,0.18303033850042993,1.0,1.0,True,0.7056580091700818,3.619878731790106,0.9581003000494093,6538,expanding,True,2.0,0.0,-3.0466164161328857,True,True,"{'const': 0.00034371426589258763, 'ma.L1': -0.06433233813283976, 'ma.L2': -0.054694826047484074, 'sigma2': 0.00013211009370496973}"
SPY,"ARIMA(0,1,2)+drift",2019-01-15,232.90382385253903,2019-02-13,20,246.0004119873047,234.29168656241535,13.096588134765653,1.387862709876316,1.0,1.0,True,0.7056580091700818,16.5926344953696,0.9581003000494093,6538,expanding,True,2.0,0.0,-3.0466164161328857,True,True,"{'const': 0.00034371426589258763, 'ma.L1': -0.06433233813283976, 'ma.L2': -0.054694826047484074, 'sigma2': 0.00013211009370496973}"
SPY,"ARIMA(0,1,2)+drift",2019-01-23,235.6412506103516,2019-01-24,1,235.7664794921875,235.86023888519534,0.12522888183590908,0.2189882748437526,1.0,1.0,True,0.7065216771180899,0.1327056140588484,1.0565679999999702,6543,expanding,True,2.0,0.0,-3.0467589102783674,True,True,"{'const': 0.0003453754503040323, 'ma.L1': -0.06438488121442873, 'ma.L2': -0.054659219497783046, 'sigma2': 0.00013207299960809568}"
SPY,"ARIMA(0,1,2)+drift",2019-01-23,235.6412506103516,2019-01-30,5,239.3717041015625,236.16474792831335,3.730453491210909,0.5234973179617555,1.0,1.0,True,0.7065216771180899,4.539076828230331,1.0565679999999702,6543,expanding,True,2.0,0.0,-3.0467589102783674,True,True,"{'const': 0.0003453754503040323, 'ma.L1': -0.06438488121442873, 'ma.L2': -0.054659219497783046, 'sigma2': 0.00013207299960809568}"
SPY,"ARIMA(0,1,2)+drift",2019-01-23,235.6412506103516,2019-02-21,20,248.17434692382807,237.3914052070491,12.533096313476477,1.750154596697513,1.0,1.0,True,0.7065216771180899,15.262011154084767,1.0565679999999702,6543,expanding,True,2.0,0.0,-3.0467589102783674,True,True,"{'const': 0.0003453754503040323, 'ma.L1': -0.06438488121442873, 'ma.L2': -0.054659219497783046, 'sigma2': 0.00013207299960809568}"
SPY,"ARIMA(0,1,2)+drift",2019-01-30,239.3717041015625,2019-01-31,1,241.47390747070312,239.24830089144777,2.102203369140625,-0.12340321011473065,1.0,-1.0,False,0.7071995616450791,3.147070077473148,1.051143700024113,6548,expanding,True,2.0,0.0,-3.046941311839075,True,True,"{'const': 0.0003472932151660452, 'ma.L1': -0.06446396703242446, 'ma.L2': -0.05477850572326054, 'sigma2': 0.000132023912383219}"
SPY,"ARIMA(0,1,2)+drift",2019-01-30,239.3717041015625,2019-02-06,5,243.98768615722656,239.3862084214671,4.6159820556640625,0.01450431990460288,1.0,1.0,True,0.7071995616450791,6.506618478461097,1.051143700024113,6548,expanding,True,2.0,0.0,-3.046941311839075,True,True,"{'const': 0.0003472932151660452, 'ma.L1': -0.06446396703242446, 'ma.L2': -0.05477850572326054, 'sigma2': 0.000132023912383219}"
SPY,"ARIMA(0,1,2)+drift",2019-01-30,239.3717041015625,2019-02-28,20,249.30145263671875,240.63652037016686,9.92974853515625,1.2648162686043634,1.0,1.0,True,0.7071995616450791,12.25245706656778,1.051143700024113,6548,expanding,True,2.0,0.0,-3.046941311839075,True,True,"{'const': 0.0003472932151660452, 'ma.L1': -0.06446396703242446, 'ma.L2': -0.05477850572326054, 'sigma2': 0.000132023912383219}"
SPY,"ARIMA(0,1,2)+drift",2019-02-06,243.98768615722656,2019-02-07,1,241.66180419921875,244.03011949559686,-2.3258819580078125,0.0424333383703015,-1.0,1.0,False,0.7074627055353299,3.3476185781214203,0.7913924000458792,6553,expanding,True,2.0,0.0,-3.047229972287381,True,True,"{'const': 0.00035009715205118616, 'ma.L1': -0.06423805405336197, 'ma.L2': -0.05470116564862898, 'sigma2': 0.00013194835897518723}"
SPY,"ARIMA(0,1,2)+drift",2019-02-06,243.98768615722656,2019-02-13,5,246.0004119873047,244.38533250846362,2.012725830078125,0.39764635123705716,1.0,1.0,True,0.7074627055353299,2.2829181894739645,0.7913924000458792,6553,expanding,True,2.0,0.0,-3.047229972287381,True,True,"{'const': 0.00035009715205118616, 'ma.L1': -0.06423805405336197, 'ma.L2': -0.05470116564862898, 'sigma2': 0.00013194835897518723}"
SPY,"ARIMA(0,1,2)+drift",2019-02-06,243.98768615722656,2019-03-07,20,246.01837158203125,245.67208735407476,2.0306854248046875,1.6844011968481993,1.0,1.0,True,0.7074627055353299,0.4894734736504003,0.7913924000458792,6553,expanding,True,2.0,0.0,-3.047229972287381,True,True,"{'const': 0.00035009715205118616, 'ma.L1': -0.06423805405336197, 'ma.L2': -0.05470116564862898, 'sigma2': 0.00013194835897518723}"
SPY,"ARIMA(0,1,2)+drift",2019-02-13,246.0004119873047,2019-02-14,1,245.45480346679688,245.8615821860732,-0.5456085205078125,-0.1388298012314806,-1.0,-1.0,True,0.7079396273316417,0.5745952106248916,1.0098229000577703,6558,expanding,True,2.0,0.0,-3.047459581951896,True,True,"{'const': 0.00035098237251716193, 'ma.L1': -0.06418744581091468, 'ma.L2': -0.05475931549362605, 'sigma2': 0.00013188728665758528}"
SPY,"ARIMA(0,1,2)+drift",2019-02-13,246.0004119873047,2019-02-21,5,248.17434692382807,246.1575237386372,2.1739349365233807,0.15711175133250777,1.0,1.0,True,0.7079396273316417,2.8488632467046107,1.0098229000577703,6558,expanding,True,2.0,0.0,-3.047459581951896,True,True,"{'const': 0.00035098237251716193, 'ma.L1': -0.06418744581091468, 'ma.L2': -0.05475931549362605, 'sigma2': 0.00013188728665758528}"
SPY,"ARIMA(0,1,2)+drift",2019-02-13,246.0004119873047,2019-03-14,20,251.52012634277344,247.45689543699913,5.51971435546875,1.4564834496944457,1.0,1.0,True,0.7079396273316417,5.739516123838681,1.0098229000577703,6558,expanding,True,2.0,0.0,-3.047459581951896,True,True,"{'const': 0.00035098237251716193, 'ma.L1': -0.06418744581091468, 'ma.L2': -0.05475931549362605, 'sigma2': 0.00013188728665758528}"
SPY,"ARIMA(0,1,2)+drift",2019-02-21,248.17434692382807,2019-02-22,1,249.7130126953125,248.28786403452736,1.5386657714844318,0.11351711069929138,1.0,1.0,True,0.7081676891249007,2.012445191542458,1.6785970999626443,6563,expanding,False,1.0,2.0,-3.0477612496517668,True,True,"{'const': 0.00035219357058597603, 'ma.L1': -0.0641909006747705, 'ma.L2': -0.05471816952931318, 'sigma2': 0.00013180830318156714}"
SPY,"ARIMA(0,1,2)+drift",2019-02-21,248.17434692382807,2019-02-28,5,249.30145263671875,248.6876184907529,1.1271057128906818,0.5132715669248284,1.0,1.0,True,0.7081676891249007,0.8667920824294915,1.6785970999626443,6563,expanding,False,1.0,2.0,-3.0477612496517668,True,True,"{'const': 0.00035219357058597603, 'ma.L1': -0.0641909006747705, 'ma.L2': -0.05471816952931318, 'sigma2': 0.00013180830318156714}"
SPY,"ARIMA(0,1,2)+drift",2019-02-21,248.17434692382807,2019-03-21,20,255.83563232421875,250.00488763478413,7.661285400390682,1.8305407109560576,1.0,1.0,True,0.7081676891249007,8.233564986055509,1.6785970999626443,6563,expanding,False,1.0,2.0,-3.0477612496517668,True,True,"{'const': 0.00035219357058597603, 'ma.L1': -0.0641909006747705, 'ma.L2': -0.05471816952931318, 'sigma2': 0.00013180830318156714}"
SPY,"ARIMA(0,1,2)+drift",2019-02-28,249.30145263671875,2019-03-01,1,250.8580322265625,249.43664568973762,1.55657958984375,0.13519305301886675,1.0,1.0,True,0.7080290091351795,2.0075258477912263,0.7864609999815002,6568,expanding,True,2.0,0.0,-3.0481187011360755,True,True,"{'const': 0.00035261416332572107, 'ma.L1': -0.06420290468207504, 'ma.L2': -0.05470965997842616, 'sigma2': 0.00013171407047728138}"
SPY,"ARIMA(0,1,2)+drift",2019-02-28,249.30145263671875,2019-03-07,5,246.01837158203125,249.82019071289153,-3.2830810546875,0.5187380761727809,-1.0,1.0,False,0.7080290091351795,5.369581022540312,0.7864609999815002,6568,expanding,True,2.0,0.0,-3.0481187011360755,True,True,"{'const': 0.00035261416332572107, 'ma.L1': -0.06420290468207504, 'ma.L2': -0.05470965997842616, 'sigma2': 0.00013171407047728138}"
SPY,"ARIMA(0,1,2)+drift",2019-02-28,249.30145263671875,2019-03-28,20,252.2235870361328,251.14504340086268,2.9221343994140625,1.8435907641439258,1.0,1.0,True,0.7080290091351795,1.5233043015956669,0.7864609999815002,6568,expanding,True,2.0,0.0,-3.0481187011360755,True,True,"{'const': 0.00035261416332572107, 'ma.L1': -0.06420290468207504, 'ma.L2': -0.05470965997842616, 'sigma2': 0.00013171407047728138}"
SPY,"ARIMA(0,1,2)+drift",2019-03-07,246.01837158203125,2019-03-08,1,245.5263671875,246.34175486546212,-0.49200439453125,0.3233832834308714,-1.0,1.0,False,0.7084635945260345,1.1509238925785872,1.1004319000057876,6573,expanding,True,2.0,0.0,-3.048394891622824,True,True,"{'const': 0.0003504395530573261, 'ma.L1': -0.06415107971560648, 'ma.L2': -0.054672079142714325, 'sigma2': 0.0001316417503775174}"
SPY,"ARIMA(0,1,2)+drift",2019-03-07,246.01837158203125,2019-03-14,5,251.52012634277344,246.81240423510283,5.5017547607421875,0.7940326530715822,1.0,1.0,True,0.7084635945260345,6.644973918271826,1.1004319000057876,6573,expanding,True,2.0,0.0,-3.048394891622824,True,True,"{'const': 0.0003504395530573261, 'ma.L1': -0.06415107971560648, 'ma.L2': -0.054672079142714325, 'sigma2': 0.0001316417503775174}"
SPY,"ARIMA(0,1,2)+drift",2019-03-07,246.01837158203125,2019-04-04,20,258.0368957519531,248.1132125794491,12.018524169921875,2.0948409974178617,1.0,1.0,True,0.7084635945260345,14.007329733213751,1.1004319000057876,6573,expanding,True,2.0,0.0,-3.048394891622824,True,True,"{'const': 0.0003504395530573261, 'ma.L1': -0.06415107971560648, 'ma.L2': -0.054672079142714325, 'sigma2': 0.0001316417503775174}"
SPY,"ARIMA(0,1,2)+drift",2019-03-14,251.52012634277344,2019-03-15,1,252.7626495361328,251.5143879516814,1.242523193359375,-0.005738391092023676,1.0,-1.0,False,0.7089600646425133,1.760693791801691,1.0630197999998927,6578,expanding,True,2.0,0.0,-3.048626491319942,True,True,"{'const': 0.00035335498319991775, 'ma.L1': -0.06408106721287597, 'ma.L2': -0.05470563737771607, 'sigma2': 0.00013157997534079353}"
SPY,"ARIMA(0,1,2)+drift",2019-03-14,251.52012634277344,2019-03-21,5,255.83563232421875,251.87435096351044,4.3155059814453125,0.3542246207369999,1.0,1.0,True,0.7089600646425133,5.587453452269915,1.0630197999998927,6578,expanding,True,2.0,0.0,-3.048626491319942,True,True,"{'const': 0.00035335498319991775, 'ma.L1': -0.06408106721287597, 'ma.L2': -0.05470563737771607, 'sigma2': 0.00013157997534079353}"
SPY,"ARIMA(0,1,2)+drift",2019-03-14,251.52012634277344,2019-04-11,20,258.9624328613281,253.21291108725495,7.4423065185546875,1.6927847444815143,1.0,1.0,True,0.7089600646425133,8.109796391666036,1.0630197999998927,6578,expanding,True,2.0,0.0,-3.048626491319942,True,True,"{'const': 0.00035335498319991775, 'ma.L1': -0.06408106721287597, 'ma.L2': -0.05470563737771607, 'sigma2': 0.00013157997534079353}"
SPY,"ARIMA(0,1,2)+drift",2019-03-21,255.83563232421875,2019-03-22,1,250.91177368164065,255.79529431894764,-4.923858642578097,-0.04033800527110998,-1.0,-1.0,True,0.7093092386065484,6.884896419650133,1.0591414000373334,6583,expanding,True,2.0,0.0,-3.048913130976673,True,True,"{'const': 0.0003555969698467246, 'ma.L1': -0.06409311303149483, 'ma.L2': -0.054666054112858645, 'sigma2': 0.00013150424867736142}"
SPY,"ARIMA(0,1,2)+drift",2019-03-21,255.83563232421875,2019-03-28,5,252.2235870361328,256.00966862655895,-3.6120452880859375,0.1740363023401983,-1.0,1.0,False,0.7093092386065484,5.337702350901232,1.0591414000373334,6583,expanding,True,2.0,0.0,-3.048913130976673,True,True,"{'const': 0.0003555969698467246, 'ma.L1': -0.06409311303149483, 'ma.L2': -0.054666054112858645, 'sigma2': 0.00013150424867736142}"
SPY,"ARIMA(0,1,2)+drift",2019-03-21,255.83563232421875,2019-04-18,20,260.5888061523437,257.37886092127104,4.753173828124943,1.5432285970522912,1.0,1.0,True,0.7093092386065484,4.525452449172453,1.0591414000373334,6583,expanding,True,2.0,0.0,-3.048913130976673,True,True,"{'const': 0.0003555969698467246, 'ma.L1': -0.06409311303149483, 'ma.L2': -0.054666054112858645, 'sigma2': 0.00013150424867736142}"
SPY,"ARIMA(0,1,2)+drift",2019-03-28,252.2235870361328,2019-03-29,1,253.81393432617188,252.33060960652986,1.5903472900390625,0.10702257039704932,1.0,1.0,True,0.7101757871339115,2.088672616716959,0.7882259000325575,6588,expanding,True,2.0,0.0,-3.049033418397585,True,True,"{'const': 0.0003532597003193942, 'ma.L1': -0.06436851474645366, 'ma.L2': -0.054691665271760725, 'sigma2': 0.00013147298683154187}"
SPY,"ARIMA(0,1,2)+drift",2019-03-28,252.2235870361328,2019-04-04,5,258.0368957519531,252.64028393875765,5.8133087158203125,0.4166969026248353,1.0,1.0,True,0.7101757871339115,7.598980296096586,0.7882259000325575,6588,expanding,True,2.0,0.0,-3.049033418397585,True,True,"{'const': 0.0003532597003193942, 'ma.L1': -0.06436851474645366, 'ma.L2': -0.054691665271760725, 'sigma2': 0.00013147298683154187}"
SPY,"ARIMA(0,1,2)+drift",2019-03-28,252.2235870361328,2019-04-26,20,263.634765625,253.98255153079086,11.411178588867188,1.758964494658045,1.0,1.0,True,0.7101757871339115,13.59130270149454,0.7882259000325575,6588,expanding,True,2.0,0.0,-3.049033418397585,True,True,"{'const': 0.0003532597003193942, 'ma.L1': -0.06436851474645366, 'ma.L2': -0.054691665271760725, 'sigma2': 0.00013147298683154187}"
SPY,"ARIMA(0,1,2)+drift",2019-04-04,258.0368957519531,2019-04-05,1,259.28594970703125,258.06017259320197,1.249053955078125,0.023276841248843994,1.0,1.0,True,0.7105189955350266,1.725185563696662,0.7947563999332488,6593,expanding,True,2.0,0.0,-3.049303415705455,True,True,"{'const': 0.0003564196423221555, 'ma.L1': -0.06423582096868323, 'ma.L2': -0.0546498455362811, 'sigma2': 0.00013140186494092524}"
SPY,"ARIMA(0,1,2)+drift",2019-04-04,258.0368957519531,2019-04-11,5,258.9624328613281,258.3932455541105,0.925537109375,0.3563498021573537,1.0,1.0,True,0.7105189955350266,0.8010866856403236,0.7947563999332488,6593,expanding,True,2.0,0.0,-3.049303415705455,True,True,"{'const': 0.0003564196423221555, 'ma.L1': -0.06423582096868323, 'ma.L2': -0.0546498455362811, 'sigma2': 0.00013140186494092524}"
SPY,"ARIMA(0,1,2)+drift",2019-04-04,258.0368957519531,2019-05-03,20,264.19189453125,259.77839137604656,6.154998779296875,1.7414956240934316,1.0,1.0,True,0.7105189955350266,6.211661029386047,0.7947563999332488,6593,expanding,True,2.0,0.0,-3.049303415705455,True,True,"{'const': 0.0003564196423221555, 'ma.L1': -0.06423582096868323, 'ma.L2': -0.0546498455362811, 'sigma2': 0.00013140186494092524}"
SPY,"ARIMA(0,1,2)+drift",2019-04-11,258.9624328613281,2019-04-12,1,260.7145690917969,259.0280459848323,1.75213623046875,0.06561312350419257,1.0,1.0,True,0.7105456993076429,2.373560361575489,0.9224316999316216,6598,expanding,True,2.0,0.0,-3.049648978992572,True,True,"{'const': 0.0003567230254455792, 'ma.L1': -0.0642383227296829, 'ma.L2': -0.05465799266884958, 'sigma2': 0.00013131118102511745}"
SPY,"ARIMA(0,1,2)+drift",2019-04-11,258.9624328613281,2019-04-18,5,260.5888061523437,259.40840876200707,1.6263732910155682,0.44597590067894544,1.0,1.0,True,0.7105456993076429,1.6612547109732763,0.9224316999316216,6598,expanding,True,2.0,0.0,-3.049648978992572,True,True,"{'const': 0.0003567230254455792, 'ma.L1': -0.0642383227296829, 'ma.L2': -0.05465799266884958, 'sigma2': 0.00013131118102511745}"
SPY,"ARIMA(0,1,2)+drift",2019-04-11,258.9624328613281,2019-05-10,20,258.8636779785156,260.80018331249426,-0.0987548828125,1.83775045116613,-1.0,1.0,False,0.7105456993076429,2.7253776018425904,0.9224316999316216,6598,expanding,True,2.0,0.0,-3.049648978992572,True,True,"{'const': 0.0003567230254455792, 'ma.L1': -0.0642383227296829, 'ma.L2': -0.05465799266884958, 'sigma2': 0.00013131118102511745}"
SPY,"ARIMA(0,1,2)+drift",2019-04-18,260.5888061523437,2019-04-22,1,260.8134460449219,260.697362233681,0.22463989257818184,0.1085560813373263,1.0,1.0,True,0.7104988699066247,0.16338352692399288,0.9351305000018328,6603,expanding,True,2.0,0.0,-3.049997275670348,True,True,"{'const': 0.0003574029839671953, 'ma.L1': -0.06425556966198674, 'ma.L2': -0.0546297001894067, 'sigma2': 0.00013121970605230152}"
SPY,"ARIMA(0,1,2)+drift",2019-04-18,260.5888061523437,2019-04-26,5,263.634765625,261.04945760280737,3.045959472656307,0.46065145046367206,1.0,1.0,True,0.7104988699066247,3.6387222157473684,0.9351305000018328,6603,expanding,True,2.0,0.0,-3.049997275670348,True,True,"{'const': 0.0003574029839671953, 'ma.L1': -0.06425556966198674, 'ma.L2': -0.0546297001894067, 'sigma2': 0.00013121970605230152}"
SPY,"ARIMA(0,1,2)+drift",2019-04-18,260.5888061523437,2019-05-17,20,256.83306884765625,262.4527135274819,-3.755737304687443,1.863907375138183,-1.0,1.0,False,0.7104988699066247,7.9094350713945145,0.9351305000018328,6603,expanding,True,2.0,0.0,-3.049997275670348,True,True,"{'const': 0.0003574029839671953, 'ma.L1': -0.06425556966198674, 'ma.L2': -0.0546297001894067, 'sigma2': 0.00013121970605230152}"
SPY,"ARIMA(0,1,2)+drift",2019-04-26,263.634765625,2019-04-29,1,264.0481262207031,263.6683113897603,0.413360595703125,0.0335457647602766,1.0,1.0,True,0.7106479513711932,0.5344627114030186,0.9809547000331804,6608,expanding,True,2.0,0.0,-3.050319662540622,True,True,"{'const': 0.0003588463677459001, 'ma.L1': -0.0642713594948498, 'ma.L2': -0.05463126160048731, 'sigma2': 0.00013113490663491955}"
SPY,"ARIMA(0,1,2)+drift",2019-04-26,263.634765625,2019-05-03,5,264.19189453125,263.98737138846974,0.55712890625,0.3526057634697395,1.0,1.0,True,0.7106479513711932,0.2877981177397806,0.9809547000331804,6608,expanding,True,2.0,0.0,-3.050319662540622,True,True,"{'const': 0.0003588463677459001, 'ma.L1': -0.0642713594948498, 'ma.L2': -0.05463126160048731, 'sigma2': 0.00013113490663491955}"
SPY,"ARIMA(0,1,2)+drift",2019-04-26,263.634765625,2019-05-24,20,254.08352661132807,265.41216620701783,-9.551239013671932,1.7774005820178331,-1.0,1.0,False,0.7106479513711932,15.941282281657447,0.9809547000331804,6608,expanding,True,2.0,0.0,-3.050319662540622,True,True,"{'const': 0.0003588463677459001, 'ma.L1': -0.0642713594948498, 'ma.L2': -0.05463126160048731, 'sigma2': 0.00013113490663491955}"
SPY,"ARIMA(0,1,2)+drift",2019-05-03,264.19189453125,2019-05-06,1,263.10467529296875,264.1812252001448,-1.08721923828125,-0.010669331105191304,-1.0,-1.0,True,0.7109667033191458,1.514205801973832,1.0997993000783026,6613,expanding,True,2.0,0.0,-3.050612214542288,True,True,"{'const': 0.00035884994859726276, 'ma.L1': -0.06427011808347681, 'ma.L2': -0.05472765252910398, 'sigma2': 0.00013105798129932686}"
SPY,"ARIMA(0,1,2)+drift",2019-05-03,264.19189453125,2019-05-10,5,258.8636779785156,264.4338635715406,-5.328216552734375,0.2419690402905985,-1.0,1.0,False,0.7109667033191458,7.834664502599883,1.0997993000783026,6613,expanding,True,2.0,0.0,-3.050612214542288,True,True,"{'const': 0.00035884994859726276, 'ma.L1': -0.06427011808347681, 'ma.L2': -0.05472765252910398, 'sigma2': 0.00013105798129932686}"
SPY,"ARIMA(0,1,2)+drift",2019-05-03,264.19189453125,2019-06-03,20,246.70672607421875,265.8610824815174,-17.48516845703125,1.6691879502674283,-1.0,1.0,False,0.7109667033191458,26.941284757607672,1.0997993000783026,6613,expanding,True,2.0,0.0,-3.050612214542288,True,True,"{'const': 0.00035884994859726276, 'ma.L1': -0.06427011808347681, 'ma.L2': -0.05472765252910398, 'sigma2': 0.00013105798129932686}"
SPY,"ARIMA(0,1,2)+drift",2019-05-10,258.8636779785156,2019-05-13,1,252.3583831787109,258.950012469785,-6.505294799804716,0.0863344912693833,-1.0,1.0,False,0.7116257862254215,9.262774647384786,0.29702820000238717,6618,expanding,True,1.0,0.0,-3.050787094294952,True,True,"{'const': 0.00035555872175710613, 'ma.L1': -0.06417255829662144, 'ma.L2': -0.054804307683602345, 'sigma2': 0.00013101239046544655}"
SPY,"ARIMA(0,1,2)+drift",2019-05-10,258.8636779785156,2019-05-17,5,256.83306884765625,259.258906973795,-2.030609130859375,0.3952289952793535,-1.0,1.0,False,0.7116257862254215,3.408867656420613,0.29702820000238717,6618,expanding,True,1.0,0.0,-3.050787094294952,True,True,"{'const': 0.00035555872175710613, 'ma.L1': -0.06417255829662144, 'ma.L2': -0.054804307683602345, 'sigma2': 0.00013101239046544655}"
SPY,"ARIMA(0,1,2)+drift",2019-05-10,258.8636779785156,2019-06-10,20,259.6453857421875,260.64532732478307,0.781707763671875,1.781649346267443,1.0,1.0,True,0.7116257862254215,1.4051508559005712,0.29702820000238717,6618,expanding,True,1.0,0.0,-3.050787094294952,True,True,"{'const': 0.00035555872175710613, 'ma.L1': -0.06417255829662144, 'ma.L2': -0.054804307683602345, 'sigma2': 0.00013101239046544655}"
SPY,"ARIMA(0,1,2)+drift",2019-05-17,256.83306884765625,2019-05-20,1,255.1347503662109,256.88874088701897,-1.698318481445341,0.055672039362718806,-1.0,1.0,False,0.7132513160901429,2.45914796263255,0.30084019992500544,6623,expanding,True,1.0,0.0,-3.0506665874297676,True,True,"{'const': 0.0003541402059452708, 'ma.L1': -0.06446465537240387, 'ma.L2': -0.05471365888360669, 'sigma2': 0.00013104417416717184}"
SPY,"ARIMA(0,1,2)+drift",2019-05-17,256.83306884765625,2019-05-24,5,254.08352661132807,257.33702173834547,-2.749542236328182,0.5039528906892201,-1.0,1.0,False,0.7132513160901429,4.561498946615635,0.30084019992500544,6623,expanding,True,1.0,0.0,-3.0506665874297676,True,True,"{'const': 0.0003541402059452708, 'ma.L1': -0.06446465537240387, 'ma.L2': -0.05471365888360669, 'sigma2': 0.00013104417416717184}"
SPY,"ARIMA(0,1,2)+drift",2019-05-17,256.83306884765625,2019-06-17,20,260.0046691894531,258.70765978868855,3.171600341796875,1.8745909410322952,1.0,1.0,True,0.7132513160901429,1.8184465580441491,0.30084019992500544,6623,expanding,True,1.0,0.0,-3.0506665874297676,True,True,"{'const': 0.0003541402059452708, 'ma.L1': -0.06446465537240387, 'ma.L2': -0.05471365888360669, 'sigma2': 0.00013104417416717184}"
SPY,"ARIMA(0,1,2)+drift",2019-05-24,254.08352661132807,2019-05-28,1,251.72039794921875,254.33135761496766,-2.363128662109318,0.24783100363958965,-1.0,1.0,False,0.7139958395611851,3.6568275626838083,0.2991019000764936,6628,expanding,True,1.0,0.0,-3.0508859763734497,True,True,"{'const': 0.00035228195167971916, 'ma.L1': -0.06446947963327865, 'ma.L2': -0.054933238262227284, 'sigma2': 0.00013098682956633913}"
SPY,"ARIMA(0,1,2)+drift",2019-05-24,254.08352661132807,2019-06-03,5,246.70672607421875,254.6769696332753,-7.376800537109318,0.5934430219472233,-1.0,1.0,False,0.7139958395611851,11.162871150558772,0.2991019000764936,6628,expanding,True,1.0,0.0,-3.0508859763734497,True,True,"{'const': 0.00035228195167971916, 'ma.L1': -0.06446947963327865, 'ma.L2': -0.054933238262227284, 'sigma2': 0.00013098682956633913}"
SPY,"ARIMA(0,1,2)+drift",2019-05-24,254.08352661132807,2019-06-24,20,265.1246643066406,256.0263030858016,11.041137695312557,1.9427764744735327,1.0,1.0,True,0.7139958395611851,12.742877082352173,0.2991019000764936,6628,expanding,True,1.0,0.0,-3.0508859763734497,True,True,"{'const': 0.00035228195167971916, 'ma.L1': -0.06446947963327865, 'ma.L2': -0.054933238262227284, 'sigma2': 0.00013098682956633913}"
SPY,"ARIMA(0,1,2)+drift",2019-06-03,246.70672607421875,2019-06-04,1,252.0618438720703,247.0442990029238,5.3551177978515625,0.3375729287050433,1.0,1.0,True,0.7147757906390331,7.019746520318867,0.2994153000181541,6633,expanding,True,1.0,0.0,-3.051041403615543,True,True,"{'const': 0.0003476378270936511, 'ma.L1': -0.06435716333332844, 'ma.L2': -0.05467616856298186, 'sigma2': 0.00013094639474267814}"
SPY,"ARIMA(0,1,2)+drift",2019-06-03,246.70672607421875,2019-06-10,5,259.6453857421875,247.4386414342485,12.93865966796875,0.7319153600297454,1.0,1.0,True,0.7147757906390331,17.077724886325225,0.2994153000181541,6633,expanding,True,1.0,0.0,-3.051041403615543,True,True,"{'const': 0.0003476378270936511, 'ma.L1': -0.06435716333332844, 'ma.L2': -0.05467616856298186, 'sigma2': 0.00013094639474267814}"
SPY,"ARIMA(0,1,2)+drift",2019-06-03,246.70672607421875,2019-07-01,20,266.9485778808594,248.7322969043905,20.241851806640625,2.0255708301717448,1.0,1.0,True,0.7147757906390331,25.48530772171638,0.2994153000181541,6633,expanding,True,1.0,0.0,-3.051041403615543,True,True,"{'const': 0.0003476378270936511, 'ma.L1': -0.06435716333332844, 'ma.L2': -0.05467616856298186, 'sigma2': 0.00013094639474267814}"
SPY,"ARIMA(0,1,2)+drift",2019-06-10,259.6453857421875,2019-06-11,1,259.58251953125,259.49816810303395,-0.0628662109375,-0.14721763915355268,-1.0,-1.0,True,0.7161867866786253,0.11777853178112838,1.0229992000386119,6638,expanding,True,2.0,0.0,-3.0510192879879963,True,True,"{'const': 0.0003548414651383512, 'ma.L1': -0.06399135954869244, 'ma.L2': -0.0547207136367518, 'sigma2': 0.00013095118893614784}"
SPY,"ARIMA(0,1,2)+drift",2019-06-10,259.6453857421875,2019-06-17,5,260.0046691894531,259.79095927580767,0.359283447265625,0.14557353362016556,1.0,1.0,True,0.7161867866786253,0.2983996879313518,1.0229992000386119,6638,expanding,True,2.0,0.0,-3.0510192879879963,True,True,"{'const': 0.0003548414651383512, 'ma.L1': -0.06399135954869244, 'ma.L2': -0.0547207136367518, 'sigma2': 0.00013095118893614784}"
SPY,"ARIMA(0,1,2)+drift",2019-06-10,259.6453857421875,2019-07-09,20,268.32989501953125,261.1774148613553,8.68450927734375,1.5320291191678166,1.0,1.0,True,0.7161867866786253,9.986892094653328,1.0229992000386119,6638,expanding,True,2.0,0.0,-3.0510192879879963,True,True,"{'const': 0.0003548414651383512, 'ma.L1': -0.06399135954869244, 'ma.L2': -0.0547207136367518, 'sigma2': 0.00013095118893614784}"
SPY,"ARIMA(0,1,2)+drift",2019-06-17,260.0046691894531,2019-06-18,1,262.72723388671875,260.1134765495246,2.722564697265625,0.10880736007146652,1.0,1.0,True,0.7159452326360219,3.6507783249992833,0.30564220005180687,6643,expanding,True,1.0,0.0,-3.0513851412129243,True,True,"{'const': 0.00035490350091545826, 'ma.L1': -0.06400229567324088, 'ma.L2': -0.05472230637457794, 'sigma2': 0.00013085588120514296}"
SPY,"ARIMA(0,1,2)+drift",2019-06-17,260.0046691894531,2019-06-24,5,265.1246643066406,260.4809949787695,5.1199951171875,0.4763257893163768,1.0,1.0,True,0.7159452326360219,6.486067811044298,0.30564220005180687,6643,expanding,True,1.0,0.0,-3.0513851412129243,True,True,"{'const': 0.00035490350091545826, 'ma.L1': -0.06400229567324088, 'ma.L2': -0.05472230637457794, 'sigma2': 0.00013085588120514296}"
SPY,"ARIMA(0,1,2)+drift",2019-06-17,260.0046691894531,2019-07-16,20,270.6684265136719,261.8713768361427,10.66375732421875,1.8667076466895764,1.0,1.0,True,0.7159452326360219,12.287322097445252,0.30564220005180687,6643,expanding,True,1.0,0.0,-3.0513851412129243,True,True,"{'const': 0.00035490350091545826, 'ma.L1': -0.06400229567324088, 'ma.L2': -0.05472230637457794, 'sigma2': 0.00013085588120514296}"
SPY,"ARIMA(0,1,2)+drift",2019-06-24,265.1246643066406,2019-06-25,1,262.5243835449219,265.2534422326157,-2.60028076171875,0.12877792597510052,-1.0,1.0,False,0.7163910525032,3.809453898339497,0.29839170002378523,6648,expanding,True,1.0,0.0,-3.0516429924581234,True,True,"{'const': 0.0003575818888376817, 'ma.L1': -0.06395408907050772, 'ma.L2': -0.054640509494897536, 'sigma2': 0.00013078843209613953}"
SPY,"ARIMA(0,1,2)+drift",2019-06-24,265.1246643066406,2019-07-01,5,266.9485778808594,265.6492372104234,1.82391357421875,0.5245729037827687,1.0,1.0,True,0.7163910525032,1.813731014500879,0.29839170002378523,6648,expanding,True,1.0,0.0,-3.0516429924581234,True,True,"{'const': 0.0003575818888376817, 'ma.L1': -0.06395408907050772, 'ma.L2': -0.054640509494897536, 'sigma2': 0.00013078843209613953}"
SPY,"ARIMA(0,1,2)+drift",2019-06-24,265.1246643066406,2019-07-23,20,270.8941650390625,267.0779357006053,5.769500732421875,1.9532713939646555,1.0,1.0,True,0.7163910525032,5.327019824050877,0.29839170002378523,6648,expanding,True,1.0,0.0,-3.0516429924581234,True,True,"{'const': 0.0003575818888376817, 'ma.L1': -0.06395408907050772, 'ma.L2': -0.054640509494897536, 'sigma2': 0.00013078843209613953}"
SPY,"ARIMA(0,1,2)+drift",2019-07-01,266.9485778808594,2019-07-02,1,267.64373779296875,266.8183648130957,0.695159912109375,-0.13021306776369101,1.0,-1.0,False,0.7169872852814034,1.1511682240628902,0.3017241999041289,6653,expanding,True,1.0,0.0,-3.0518903488637905,True,True,"{'const': 0.000358192730419666, 'ma.L1': -0.06386858911357812, 'ma.L2': -0.05465408376482973, 'sigma2': 0.00013072302829033474}"
SPY,"ARIMA(0,1,2)+drift",2019-07-01,266.9485778808594,2019-07-09,5,268.32989501953125,267.0677303432248,1.381317138671875,0.11915246236543453,1.0,1.0,True,0.7169872852814034,1.7603724671506074,0.3017241999041289,6653,expanding,True,1.0,0.0,-3.0518903488637905,True,True,"{'const': 0.000358192730419666, 'ma.L1': -0.06386858911357812, 'ma.L2': -0.05465408376482973, 'sigma2': 0.00013072302829033474}"
SPY,"ARIMA(0,1,2)+drift",2019-07-01,266.9485778808594,2019-07-30,20,271.5172119140625,268.50651789939195,4.568634033203125,1.5579400185325767,1.0,1.0,True,0.7169872852814034,4.199089825545386,0.3017241999041289,6653,expanding,True,1.0,0.0,-3.0518903488637905,True,True,"{'const': 0.000358192730419666, 'ma.L1': -0.06386858911357812, 'ma.L2': -0.05465408376482973, 'sigma2': 0.00013072302829033474}"
SPY,"ARIMA(0,1,2)+drift",2019-07-09,268.32989501953125,2019-07-10,1,269.6120300292969,268.49787503832954,1.282135009765625,0.16798001879828917,1.0,1.0,True,0.7171933112675246,1.5534932820249605,0.3082331999903545,6658,expanding,True,1.0,0.0,-3.0522032926363485,True,True,"{'const': 0.00035885107180183166, 'ma.L1': -0.06381419055908158, 'ma.L2': -0.05460814557300323, 'sigma2': 0.00013064183928844812}"
SPY,"ARIMA(0,1,2)+drift",2019-07-09,268.32989501953125,2019-07-16,5,270.6684265136719,268.8763008885955,2.338531494140625,0.5464058690642446,1.0,1.0,True,0.7171933112675246,2.4988041535260344,0.3082331999903545,6658,expanding,True,1.0,0.0,-3.0522032926363485,True,True,"{'const': 0.00035885107180183166, 'ma.L1': -0.06381419055908158, 'ma.L2': -0.05460814557300323, 'sigma2': 0.00013064183928844812}"
SPY,"ARIMA(0,1,2)+drift",2019-07-09,268.32989501953125,2019-08-06,20,259.8517761230469,270.32750135230634,-8.478118896484375,1.9976063327750921,-1.0,1.0,False,0.7171933112675246,14.606557346087481,0.3082331999903545,6658,expanding,True,1.0,0.0,-3.0522032926363485,True,True,"{'const': 0.00035885107180183166, 'ma.L1': -0.06381419055908158, 'ma.L2': -0.05460814557300323, 'sigma2': 0.00013064183928844812}"
SPY,"ARIMA(0,1,2)+drift",2019-07-16,270.6684265136719,2019-07-17,1,268.8265686035156,270.81756534205374,-1.84185791015625,0.1491388283818651,-1.0,1.0,False,0.7172689778566433,2.7758021049337014,0.2984571000561118,6663,expanding,True,1.0,0.0,-3.0525480023594906,True,True,"{'const': 0.0003598947525544668, 'ma.L1': -0.06378958026753531, 'ma.L2': -0.054629417112602226, 'sigma2': 0.00013055180895077626}"
SPY,"ARIMA(0,1,2)+drift",2019-07-16,270.6684265136719,2019-07-23,5,270.8941650390625,271.2569203701843,0.225738525390625,0.5884938565124003,1.0,1.0,True,0.7172689778566433,0.5057451839138054,0.2984571000561118,6663,expanding,True,1.0,0.0,-3.0525480023594906,True,True,"{'const': 0.0003598947525544668, 'ma.L1': -0.06378958026753531, 'ma.L2': -0.054629417112602226, 'sigma2': 0.00013055180895077626}"
SPY,"ARIMA(0,1,2)+drift",2019-07-16,270.6684265136719,2019-08-13,20,264.1405029296875,272.72523923970834,-6.527923583984375,2.056812726036469,-1.0,1.0,False,0.7172689778566433,11.9686429708335,0.2984571000561118,6663,expanding,True,1.0,0.0,-3.0525480023594906,True,True,"{'const': 0.0003598947525544668, 'ma.L1': -0.06378958026753531, 'ma.L2': -0.054629417112602226, 'sigma2': 0.00013055180895077626}"
SPY,"ARIMA(0,1,2)+drift",2019-07-23,270.8941650390625,2019-07-24,1,272.1672058105469,270.8511429777401,1.273040771484375,-0.043022061322403715,1.0,-1.0,False,0.717767044005588,1.8335514897177876,0.30054789991118014,6668,expanding,True,1.0,0.0,-3.052839433978931,True,True,"{'const': 0.00035962661887507195, 'ma.L1': -0.06380544658876822, 'ma.L2': -0.05463057629806612, 'sigma2': 0.00013047517437540486}"
SPY,"ARIMA(0,1,2)+drift",2019-07-23,270.8941650390625,2019-07-30,5,271.5172119140625,271.14406539424635,0.623046875,0.24990035518385412,1.0,1.0,True,0.717767044005588,0.5198713467446979,0.30054789991118014,6668,expanding,True,1.0,0.0,-3.052839433978931,True,True,"{'const': 0.00035962661887507195, 'ma.L1': -0.06380544658876822, 'ma.L2': -0.05463057629806612, 'sigma2': 0.00013047517437540486}"
SPY,"ARIMA(0,1,2)+drift",2019-07-23,270.8941650390625,2019-08-20,20,261.91949462890625,272.6106769338764,-8.97467041015625,1.716511894813891,-1.0,1.0,False,0.717767044005588,14.895058771863741,0.30054789991118014,6668,expanding,True,1.0,0.0,-3.052839433978931,True,True,"{'const': 0.00035962661887507195, 'ma.L1': -0.06380544658876822, 'ma.L2': -0.05463057629806612, 'sigma2': 0.00013047517437540486}"
SPY,"ARIMA(0,1,2)+drift",2019-07-30,271.5172119140625,2019-07-31,1,268.54669189453125,271.690115010979,-2.97052001953125,0.17290309691651373,-1.0,1.0,False,0.7180613659554536,4.377652475795185,0.3047456000931561,6673,expanding,True,1.0,0.0,-3.0531602237398667,True,True,"{'const': 0.0003598240576034614, 'ma.L1': -0.06383491767891143, 'ma.L2': -0.05462403612276489, 'sigma2': 0.00013039197612974975}"
SPY,"ARIMA(0,1,2)+drift",2019-07-30,271.5172119140625,2019-08-06,5,259.8517761230469,272.1201227079263,-11.665435791015625,0.6029107938638276,-1.0,1.0,False,0.7180613659554536,17.085373432610695,0.3047456000931561,6673,expanding,True,1.0,0.0,-3.0531602237398667,True,True,"{'const': 0.0003598240576034614, 'ma.L1': -0.06383491767891143, 'ma.L2': -0.05462403612276489, 'sigma2': 0.00013039197612974975}"
SPY,"ARIMA(0,1,2)+drift",2019-07-30,271.5172119140625,2019-08-27,20,259.0121154785156,273.59282398350047,-12.505096435546875,2.075612069437966,-1.0,1.0,False,0.7180613659554536,20.30565797894408,0.3047456000931561,6673,expanding,True,1.0,0.0,-3.0531602237398667,True,True,"{'const': 0.0003598240576034614, 'ma.L1': -0.06383491767891143, 'ma.L2': -0.05462403612276489, 'sigma2': 0.00013039197612974975}"
SPY,"ARIMA(0,1,2)+drift",2019-08-06,259.8517761230469,2019-08-07,1,260.0052185058594,260.2120520682258,0.1534423828125,0.3602759451788984,1.0,1.0,True,0.7203471258191162,0.2871304055405305,0.30045700003392994,6678,expanding,True,1.0,0.0,-3.0526928036520964,True,True,"{'const': 0.00035298173312162595, 'ma.L1': -0.06362636625459625, 'ma.L2': -0.054193278837269154, 'sigma2': 0.00013051398294485953}"
SPY,"ARIMA(0,1,2)+drift",2019-08-06,259.8517761230469,2019-08-13,5,264.1405029296875,260.42387992832676,4.288726806640625,0.5721038052798804,1.0,1.0,True,0.7203471258191162,5.159488902151895,0.30045700003392994,6678,expanding,True,1.0,0.0,-3.0526928036520964,True,True,"{'const': 0.00035298173312162595, 'ma.L1': -0.06362636625459625, 'ma.L2': -0.054193278837269154, 'sigma2': 0.00013051398294485953}"
SPY,"ARIMA(0,1,2)+drift",2019-08-06,259.8517761230469,2019-09-04,20,265.48590087890625,261.8064098442879,5.634124755859375,1.9546337212410094,1.0,1.0,True,0.7203471258191162,5.107941578075109,0.30045700003392994,6678,expanding,True,1.0,0.0,-3.0526928036520964,True,True,"{'const': 0.00035298173312162595, 'ma.L1': -0.06362636625459625, 'ma.L2': -0.054193278837269154, 'sigma2': 0.00013051398294485953}"
SPY,"ARIMA(0,1,2)+drift",2019-08-13,264.1405029296875,2019-08-14,1,256.3305358886719,264.1694679022466,-7.809967041015625,0.028964972559094804,-1.0,1.0,False,0.7219497568769322,10.85800215168019,1.2648195000365376,6683,expanding,True,3.0,0.0,-3.0526321702583816,True,True,"{'const': 0.00035642456127239915, 'ma.L1': -0.06390392526141683, 'ma.L2': -0.054286225735814146, 'sigma2': 0.0001306412487749856}"
SPY,"ARIMA(0,1,2)+drift",2019-08-13,264.1405029296875,2019-08-20,5,261.91949462890625,264.3455433658577,-2.22100830078125,0.20504043617017942,-1.0,1.0,False,0.7219497568769322,3.3604121531202176,1.2648195000365376,6683,expanding,True,3.0,0.0,-3.0526321702583816,True,True,"{'const': 0.00035642456127239915, 'ma.L1': -0.06390392526141683, 'ma.L2': -0.054286225735814146, 'sigma2': 0.0001306412487749856}"
SPY,"ARIMA(0,1,2)+drift",2019-08-13,264.1405029296875,2019-09-11,20,271.0927429199219,265.76261675341186,6.952239990234375,1.6221138237243622,1.0,1.0,True,0.7219497568769322,7.382959985425437,1.2648195000365376,6683,expanding,True,3.0,0.0,-3.0526321702583816,True,True,"{'const': 0.00035642456127239915, 'ma.L1': -0.06390392526141683, 'ma.L2': -0.054286225735814146, 'sigma2': 0.0001306412487749856}"
SPY,"ARIMA(0,1,2)+drift",2019-08-20,261.91949462890625,2019-08-21,1,264.0503234863281,261.94489802911534,2.130828857421875,0.025403400209086158,1.0,1.0,True,0.7240185709799711,2.9079716206216375,1.119610800058581,6688,expanding,True,3.0,0.0,-3.0522794012043333,True,True,"{'const': 0.000354955193969406, 'ma.L1': -0.0643414956832878, 'ma.L2': -0.054356613160416956, 'sigma2': 0.00013073352409159942}"
SPY,"ARIMA(0,1,2)+drift",2019-08-20,261.91949462890625,2019-08-27,5,259.0121154785156,262.4105030368083,-2.907379150390625,0.4910084079020294,-1.0,1.0,False,0.7240185709799711,4.693785069204621,1.119610800058581,6688,expanding,True,3.0,0.0,-3.0522794012043333,True,True,"{'const': 0.000354955193969406, 'ma.L1': -0.0643414956832878, 'ma.L2': -0.054356613160416956, 'sigma2': 0.00013073352409159942}"
SPY,"ARIMA(0,1,2)+drift",2019-08-20,261.91949462890625,2019-09-18,20,271.8602294921875,263.8113886797354,9.94073486328125,1.891894050829137,1.0,1.0,True,0.7240185709799711,11.116898288337927,1.119610800058581,6688,expanding,True,3.0,0.0,-3.0522794012043333,True,True,"{'const': 0.000354955193969406, 'ma.L1': -0.0643414956832878, 'ma.L2': -0.054356613160416956, 'sigma2': 0.00013073352409159942}"
SPY,"ARIMA(0,1,2)+drift",2019-08-27,259.0121154785156,2019-08-28,1,260.8359680175781,259.06367887281,1.8238525390625,0.0515633942943623,1.0,1.0,True,0.7253988657037584,2.4431926055587643,1.2538900999352336,6693,expanding,True,3.0,0.0,-3.0521697175976508,True,True,"{'const': 0.0003530219555407114, 'ma.L1': -0.06472869333484588, 'ma.L2': -0.05428728724459251, 'sigma2': 0.00013076217649193652}"
SPY,"ARIMA(0,1,2)+drift",2019-08-27,259.0121154785156,2019-09-04,5,265.48590087890625,259.5018194996025,6.473785400390625,0.4897040210868795,1.0,1.0,True,0.7253988657037584,8.249366882450504,1.2538900999352336,6693,expanding,True,3.0,0.0,-3.0521697175976508,True,True,"{'const': 0.0003530219555407114, 'ma.L1': -0.06472869333484588, 'ma.L2': -0.05428728724459251, 'sigma2': 0.00013076217649193652}"
SPY,"ARIMA(0,1,2)+drift",2019-08-27,259.0121154785156,2019-09-25,20,269.9591369628906,260.87961180891074,10.947021484375,1.867496330395113,1.0,1.0,True,0.7253988657037584,12.51659684520078,1.2538900999352336,6693,expanding,True,3.0,0.0,-3.0521697175976508,True,True,"{'const': 0.0003530219555407114, 'ma.L1': -0.06472869333484588, 'ma.L2': -0.05428728724459251, 'sigma2': 0.00013076217649193652}"
SPY,"ARIMA(0,1,2)+drift",2019-09-04,265.48590087890625,2019-09-05,1,268.898681640625,265.4780372680962,3.41278076171875,-0.00786361081003406,1.0,-1.0,False,0.7263200784665855,4.709555021183614,1.1719723999267444,6698,expanding,True,3.0,0.0,-3.052345866258098,True,True,"{'const': 0.000356384087870886, 'ma.L1': -0.06474609120740564, 'ma.L2': -0.05435778234449168, 'sigma2': 0.00013071583636312413}"
SPY,"ARIMA(0,1,2)+drift",2019-09-04,265.48590087890625,2019-09-11,5,271.0927429199219,265.70370578990423,5.606842041015625,0.21780491099798382,1.0,1.0,True,0.7263200784665855,7.4196449881917514,1.1719723999267444,6698,expanding,True,3.0,0.0,-3.052345866258098,True,True,"{'const': 0.000356384087870886, 'ma.L1': -0.06474609120740564, 'ma.L2': -0.05435778234449168, 'sigma2': 0.00013071583636312413}"
SPY,"ARIMA(0,1,2)+drift",2019-09-04,265.48590087890625,2019-10-02,20,261.2876281738281,267.1278976857431,-4.198272705078125,1.6419968068368576,-1.0,1.0,False,0.7263200784665855,8.040903294653535,1.1719723999267444,6698,expanding,True,3.0,0.0,-3.052345866258098,True,True,"{'const': 0.000356384087870886, 'ma.L1': -0.06474609120740564, 'ma.L2': -0.05435778234449168, 'sigma2': 0.00013071583636312413}"
SPY,"ARIMA(0,1,2)+drift",2019-09-11,271.0927429199219,2019-09-12,1,272.0318298339844,271.07838947283665,0.9390869140625,-0.014353447085227344,1.0,-1.0,False,0.7266336359646172,1.3121335346415952,1.3907344000181183,6703,expanding,True,3.0,0.0,-3.052597071692548,True,True,"{'const': 0.0003592453432643807, 'ma.L1': -0.06455243554075356, 'ma.L2': -0.05440870214460644, 'sigma2': 0.00013065025065070796}"
SPY,"ARIMA(0,1,2)+drift",2019-09-11,271.0927429199219,2019-09-18,5,271.8602294921875,271.36851650503826,0.767486572265625,0.27577358511638295,1.0,1.0,True,0.7266336359646172,0.6767000078333638,1.3907344000181183,6703,expanding,True,3.0,0.0,-3.052597071692548,True,True,"{'const': 0.0003592453432643807, 'ma.L1': -0.06455243554075356, 'ma.L2': -0.05440870214460644, 'sigma2': 0.00013065025065070796}"
SPY,"ARIMA(0,1,2)+drift",2019-09-11,271.0927429199219,2019-10-09,20,264.1993408203125,272.8347817119898,-6.893402099609375,1.7420387920679445,-1.0,1.0,False,0.7266336359646172,11.88417445087529,1.3907344000181183,6703,expanding,True,3.0,0.0,-3.052597071692548,True,True,"{'const': 0.0003592453432643807, 'ma.L1': -0.06455243554075356, 'ma.L2': -0.05440870214460644, 'sigma2': 0.00013065025065070796}"
SPY,"ARIMA(0,1,2)+drift",2019-09-18,271.8602294921875,2019-09-19,1,271.8422241210937,271.9261099252098,-0.018005371093806843,0.06588043302230062,-1.0,1.0,False,0.7265106071493782,0.11546397711280719,1.3495321000227705,6708,expanding,True,3.0,0.0,-3.052954514987258,True,True,"{'const': 0.00035943447546526574, 'ma.L1': -0.06453099712696167, 'ma.L2': -0.05443038246512704, 'sigma2': 0.00013055699742978318}"
SPY,"ARIMA(0,1,2)+drift",2019-09-18,271.8602294921875,2019-09-25,5,269.9591369628906,272.3146203569669,-1.901092529296875,0.4543908647793842,-1.0,1.0,False,0.7265106071493782,3.242187204008636,1.3495321000227705,6708,expanding,True,3.0,0.0,-3.052954514987258,True,True,"{'const': 0.00035943447546526574, 'ma.L1': -0.06453099712696167, 'ma.L2': -0.05443038246512704, 'sigma2': 0.00013055699742978318}"
SPY,"ARIMA(0,1,2)+drift",2019-09-18,271.8602294921875,2019-10-16,20,270.6666564941406,273.7867743034196,-1.193572998046875,1.9265448112320769,-1.0,1.0,False,0.7265106071493782,4.294662429666939,1.3495321000227705,6708,expanding,True,3.0,0.0,-3.052954514987258,True,True,"{'const': 0.00035943447546526574, 'ma.L1': -0.06453099712696167, 'ma.L2': -0.05443038246512704, 'sigma2': 0.00013055699742978318}"
SPY,"ARIMA(0,1,2)+drift",2019-09-25,269.9591369628906,2019-09-26,1,269.396728515625,270.0957240481675,-0.562408447265625,0.13658708527685803,-1.0,1.0,False,0.7267256465088912,0.9618423897661786,1.172723500058055,6713,expanding,True,3.0,0.0,-3.053255709060591,True,True,"{'const': 0.00035812120699639597, 'ma.L1': -0.06456308408863179, 'ma.L2': -0.054385358292230124, 'sigma2': 0.0001304783365974017}"
SPY,"ARIMA(0,1,2)+drift",2019-09-25,269.9591369628906,2019-10-02,5,261.2876281738281,270.41032750584725,-8.6715087890625,0.4511905429566241,-1.0,1.0,False,0.7267256465088912,12.553154516898575,1.172723500058055,6713,expanding,True,3.0,0.0,-3.053255709060591,True,True,"{'const': 0.00035812120699639597, 'ma.L1': -0.06456308408863179, 'ma.L2': -0.054385358292230124, 'sigma2': 0.0001304783365974017}"
SPY,"ARIMA(0,1,2)+drift",2019-09-25,269.9591369628906,2019-10-23,20,272.0090637207031,271.86683113272795,2.0499267578125,1.9076941698373275,1.0,1.0,True,0.7267256465088912,0.1957170338743953,1.172723500058055,6713,expanding,True,3.0,0.0,-3.053255709060591,True,True,"{'const': 0.00035812120699639597, 'ma.L1': -0.06456308408863179, 'ma.L2': -0.054385358292230124, 'sigma2': 0.0001304783365974017}"
SPY,"ARIMA(0,1,2)+drift",2019-10-02,261.2876281738281,2019-10-03,1,263.4283447265625,261.8722524921023,2.140716552734375,0.5846243182741659,1.0,1.0,True,0.7278456841974685,2.137942517548861,1.8012571999570355,6718,expanding,True,3.0,0.0,-3.0533091523053284,True,True,"{'const': 0.0003531217031550907, 'ma.L1': -0.06437089598418777, 'ma.L2': -0.05440507602010466, 'sigma2': 0.00013046280622288202}"
SPY,"ARIMA(0,1,2)+drift",2019-10-02,261.2876281738281,2019-10-09,5,264.1993408203125,262.51030534686674,2.911712646484375,1.222677173038619,1.0,1.0,True,0.7278456841974685,2.3205955741952455,1.8012571999570355,6718,expanding,True,3.0,0.0,-3.0533091523053284,True,True,"{'const': 0.0003531217031550907, 'ma.L1': -0.06437089598418777, 'ma.L2': -0.05440507602010466, 'sigma2': 0.00013046280622288202}"
SPY,"ARIMA(0,1,2)+drift",2019-10-02,261.2876281738281,2019-10-30,20,275.87310791015625,263.90446569114164,14.585479736328125,2.616837517313513,1.0,1.0,True,0.7278456841974685,16.443928265112106,1.8012571999570355,6718,expanding,True,3.0,0.0,-3.0533091523053284,True,True,"{'const': 0.0003531217031550907, 'ma.L1': -0.06437089598418777, 'ma.L2': -0.05440507602010466, 'sigma2': 0.00013046280622288202}"
SPY,"ARIMA(0,1,2)+drift",2019-10-09,264.1993408203125,2019-10-10,1,265.98614501953125,264.38441052425844,1.78680419921875,0.1850697039459419,1.0,1.0,True,0.7293080979959842,2.196238461733943,1.114117700024508,6723,expanding,True,3.0,0.0,-3.0533929355233296,True,True,"{'const': 0.0003543760301694062, 'ma.L1': -0.06452336320246553, 'ma.L2': -0.05503442467783844, 'sigma2': 0.0001304426278882881}"
SPY,"ARIMA(0,1,2)+drift",2019-10-09,264.1993408203125,2019-10-16,5,270.6666564941406,264.6443759878258,6.467315673828125,0.4450351675133106,1.0,1.0,True,0.7293080979959842,8.257525897303248,1.114117700024508,6723,expanding,True,3.0,0.0,-3.0533929355233296,True,True,"{'const': 0.0003543760301694062, 'ma.L1': -0.06452336320246553, 'ma.L2': -0.05503442467783844, 'sigma2': 0.0001304426278882881}"
SPY,"ARIMA(0,1,2)+drift",2019-10-09,264.1993408203125,2019-11-06,20,278.5581359863281,266.05487587222666,14.358795166015625,1.8555350519141598,1.0,1.0,True,0.7293080979959842,17.144002854840522,1.114117700024508,6723,expanding,True,3.0,0.0,-3.0533929355233296,True,True,"{'const': 0.0003543760301694062, 'ma.L1': -0.06452336320246553, 'ma.L2': -0.05503442467783844, 'sigma2': 0.0001304426278882881}"
SPY,"ARIMA(0,1,2)+drift",2019-10-16,270.6666564941406,2019-10-17,1,271.4648132324219,270.63732595646354,0.79815673828125,-0.029330537677083157,1.0,-1.0,False,0.7299458285541971,1.1336283373210534,1.2951628000009805,6728,expanding,True,3.0,0.0,-3.0536187726951165,True,True,"{'const': 0.00035769120610475364, 'ma.L1': -0.06441684232069282, 'ma.L2': -0.054934689260228806, 'sigma2': 0.00013038361784563655}"
SPY,"ARIMA(0,1,2)+drift",2019-10-16,270.6666564941406,2019-10-23,5,272.0090637207031,271.04479591126733,1.3424072265625,0.37813941712670385,1.0,1.0,True,0.7299458285541971,1.321012836453522,1.2951628000009805,6728,expanding,True,3.0,0.0,-3.0536187726951165,True,True,"{'const': 0.00035769120610475364, 'ma.L1': -0.06441684232069282, 'ma.L2': -0.054934689260228806, 'sigma2': 0.00013038361784563655}"
SPY,"ARIMA(0,1,2)+drift",2019-10-16,270.6666564941406,2019-11-13,20,280.3722839355469,272.5029593042745,9.70562744140625,1.8363028101338728,1.0,1.0,True,0.7299458285541971,10.780696763291518,1.2951628000009805,6728,expanding,True,3.0,0.0,-3.0536187726951165,True,True,"{'const': 0.00035769120610475364, 'ma.L1': -0.06441684232069282, 'ma.L2': -0.054934689260228806, 'sigma2': 0.00013038361784563655}"
SPY,"ARIMA(0,1,2)+drift",2019-10-23,272.0090637207031,2019-10-24,1,272.45343017578125,272.11161930973554,0.444366455078125,0.1025555890324199,1.0,1.0,True,0.730220140762012,0.4680929037221743,1.17836600006558,6733,expanding,True,3.0,0.0,-3.0539392869358273,True,True,"{'const': 0.0003581745453547261, 'ma.L1': -0.06450316694581451, 'ma.L2': -0.054827579648327275, 'sigma2': 0.0001303000901184688}"
SPY,"ARIMA(0,1,2)+drift",2019-10-23,272.0090637207031,2019-10-30,5,275.87310791015625,272.4619267547386,3.864044189453125,0.452863034035488,1.0,1.0,True,0.730220140762012,4.6714421651776705,1.17836600006558,6733,expanding,True,3.0,0.0,-3.0539392869358273,True,True,"{'const': 0.0003581745453547261, 'ma.L1': -0.06450316694581451, 'ma.L2': -0.054827579648327275, 'sigma2': 0.0001303000901184688}"
SPY,"ARIMA(0,1,2)+drift",2019-10-23,272.0090637207031,2019-11-20,20,281.8868408203125,273.9297000179177,9.877777099609375,1.9206362972145712,1.0,1.0,True,0.730220140762012,10.896906779496975,1.17836600006558,6733,expanding,True,3.0,0.0,-3.0539392869358273,True,True,"{'const': 0.0003581745453547261, 'ma.L1': -0.06450316694581451, 'ma.L2': -0.054827579648327275, 'sigma2': 0.0001303000901184688}"
SPY,"ARIMA(0,1,2)+drift",2019-10-30,275.87310791015625,2019-10-31,1,275.13836669921875,275.9202206455808,-0.7347412109375,0.04711273542454819,-1.0,1.0,False,0.7302759563213327,1.0706280818836384,1.1226147999987006,6738,expanding,True,3.0,0.0,-3.05427776745974,True,True,"{'const': 0.0003599896318089711, 'ma.L1': -0.06446832075983877, 'ma.L2': -0.054795007655413244, 'sigma2': 0.00013021183674280826}"
SPY,"ARIMA(0,1,2)+drift",2019-10-30,275.87310791015625,2019-11-06,5,278.5581359863281,276.2723561266135,2.685028076171875,0.39924821645723796,1.0,1.0,True,0.7302759563213327,3.1300220689572567,1.1226147999987006,6738,expanding,True,3.0,0.0,-3.05427776745974,True,True,"{'const': 0.0003599896318089711, 'ma.L1': -0.06446832075983877, 'ma.L2': -0.054795007655413244, 'sigma2': 0.00013021183674280826}"
SPY,"ARIMA(0,1,2)+drift",2019-10-30,275.87310791015625,2019-11-27,20,286.1592712402344,277.76821896162744,10.286163330078125,1.89511105147119,1.0,1.0,True,0.7302759563213327,11.490248591608763,1.1226147999987006,6738,expanding,True,3.0,0.0,-3.05427776745974,True,True,"{'const': 0.0003599896318089711, 'ma.L1': -0.06446832075983877, 'ma.L2': -0.054795007655413244, 'sigma2': 0.00013021183674280826}"
SPY,"ARIMA(0,1,2)+drift",2019-11-06,278.5581359863281,2019-11-07,1,279.5376892089844,278.66900453840236,0.97955322265625,0.11086855207423696,1.0,1.0,True,0.7304420810677965,1.18925879696324,1.362492399988696,6743,expanding,True,3.0,0.0,-3.0545898544460983,True,True,"{'const': 0.0003611798794939561, 'ma.L1': -0.06446691444542745, 'ma.L2': -0.054784557590480884, 'sigma2': 0.00013013064677913053}"
SPY,"ARIMA(0,1,2)+drift",2019-11-06,278.5581359863281,2019-11-13,5,280.3722839355469,279.0712316775412,1.81414794921875,0.5130956912130955,1.0,1.0,True,0.7304420810677965,1.7811846985919975,1.362492399988696,6743,expanding,True,3.0,0.0,-3.0545898544460983,True,True,"{'const': 0.0003611798794939561, 'ma.L1': -0.06446691444542745, 'ma.L2': -0.054784557590480884, 'sigma2': 0.00013013064677913053}"
SPY,"ARIMA(0,1,2)+drift",2019-11-06,278.5581359863281,2019-12-05,20,283.0207824707031,280.587258364344,4.462646484375,2.0291223780158703,1.0,1.0,True,0.7304420810677965,3.3315770947939956,1.362492399988696,6743,expanding,True,3.0,0.0,-3.0545898544460983,True,True,"{'const': 0.0003611798794939561, 'ma.L1': -0.06446691444542745, 'ma.L2': -0.054784557590480884, 'sigma2': 0.00013013064677913053}"
SPY,"ARIMA(0,1,2)+drift",2019-11-13,280.3722839355469,2019-11-14,1,280.7803039550781,280.44753430523014,0.40802001953125,0.07525036968326049,1.0,1.0,True,0.7303283078521736,0.4556439155790545,1.9005661000264809,6748,expanding,True,3.0,0.0,-3.054948085218688,True,True,"{'const': 0.0003618287061642913, 'ma.L1': -0.06446549936072786, 'ma.L2': -0.05478853175573585, 'sigma2': 0.00013003523531511857}"
SPY,"ARIMA(0,1,2)+drift",2019-11-13,280.3722839355469,2019-11-20,5,281.8868408203125,280.85422091794817,1.514556884765625,0.4819369824012938,1.0,1.0,True,0.7303283078521736,1.4139119232570465,1.9005661000264809,6748,expanding,True,3.0,0.0,-3.054948085218688,True,True,"{'const': 0.0003618287061642913, 'ma.L1': -0.06446549936072786, 'ma.L2': -0.05478853175573585, 'sigma2': 0.00013003523531511857}"
SPY,"ARIMA(0,1,2)+drift",2019-11-13,280.3722839355469,2019-12-12,20,287.6558532714844,282.3826817641715,7.2835693359375,2.0103978286246047,1.0,1.0,True,0.7303283078521736,7.220275389325649,1.9005661000264809,6748,expanding,True,3.0,0.0,-3.054948085218688,True,True,"{'const': 0.0003618287061642913, 'ma.L1': -0.06446549936072786, 'ma.L2': -0.05478853175573585, 'sigma2': 0.00013003523531511857}"
SPY,"ARIMA(0,1,2)+drift",2019-11-20,281.8868408203125,2019-11-21,1,281.4334716796875,282.06601227370885,-0.453369140625,0.17917145339635,-1.0,1.0,False,0.7303476796895975,0.866081472717465,1.8401144000235945,6753,expanding,True,3.0,0.0,-3.055280545870219,True,True,"{'const': 0.00036239544663338994, 'ma.L1': -0.0644492856331932, 'ma.L2': -0.05479294541907901, 'sigma2': 0.00012994914986409523}"
SPY,"ARIMA(0,1,2)+drift",2019-11-20,281.8868408203125,2019-11-27,5,286.1592712402344,282.5379386652496,4.272430419921875,0.6510978449371123,1.0,1.0,True,0.7303476796895975,4.95836801524974,1.8401144000235945,6753,expanding,True,3.0,0.0,-3.055280545870219,True,True,"{'const': 0.00036239544663338994, 'ma.L1': -0.0644492856331932, 'ma.L2': -0.05479294541907901, 'sigma2': 0.00012994914986409523}"
SPY,"ARIMA(0,1,2)+drift",2019-11-20,281.8868408203125,2019-12-19,20,291.0755310058594,284.0779775832772,9.188690185546875,2.1911367629646747,1.0,1.0,True,0.7303476796895975,9.581126382925193,1.8401144000235945,6753,expanding,True,3.0,0.0,-3.055280545870219,True,True,"{'const': 0.00036239544663338994, 'ma.L1': -0.0644492856331932, 'ma.L2': -0.05479294541907901, 'sigma2': 0.00012994914986409523}"
SPY,"ARIMA(0,1,2)+drift",2019-11-27,286.1592712402344,2019-11-29,1,285.0979919433594,286.1395226506147,-1.061279296875,-0.019748589619666745,-1.0,-1.0,True,0.7305737312365449,1.4256339404545424,1.343009200063534,6758,expanding,True,3.0,0.0,-3.0556002192804157,True,True,"{'const': 0.0003643216622473587, 'ma.L1': -0.06439912898647582, 'ma.L2': -0.054778909948973636, 'sigma2': 0.0001298676969021387}"
SPY,"ARIMA(0,1,2)+drift",2019-11-27,286.1592712402344,2019-12-05,5,283.0207824707031,286.4839456553587,-3.13848876953125,0.3246744151243206,-1.0,1.0,False,0.7305737312365449,4.740333571525951,1.343009200063534,6758,expanding,True,3.0,0.0,-3.0556002192804157,True,True,"{'const': 0.0003643216622473587, 'ma.L1': -0.06439912898647582, 'ma.L2': -0.054778909948973636, 'sigma2': 0.0001298676969021387}"
SPY,"ARIMA(0,1,2)+drift",2019-11-27,286.1592712402344,2019-12-27,20,294.2931823730469,288.05381589076364,8.1339111328125,1.8945446505292693,1.0,1.0,True,0.7305737312365449,8.540365216420643,1.343009200063534,6758,expanding,True,3.0,0.0,-3.0556002192804157,True,True,"{'const': 0.0003643216622473587, 'ma.L1': -0.06439912898647582, 'ma.L2': -0.054778909948973636, 'sigma2': 0.0001298676969021387}"
SPY,"ARIMA(0,1,2)+drift",2019-12-05,283.0207824707031,2019-12-06,1,285.6059265136719,283.0249977166087,2.58514404296875,0.004215245905584197,1.0,1.0,True,0.731160329453729,3.5299081379202457,1.286910800030455,6763,expanding,True,3.0,0.0,-3.0558684070165683,True,True,"{'const': 0.0003624360758700517, 'ma.L1': -0.06434398284723075, 'ma.L2': -0.054873500727690774, 'sigma2': 0.0001297980470407399}"
SPY,"ARIMA(0,1,2)+drift",2019-12-05,283.0207824707031,2019-12-12,5,287.6558532714844,283.41522109827565,4.63507080078125,0.39443862757252646,1.0,1.0,True,0.731160329453729,5.799866325320224,1.286910800030455,6763,expanding,True,3.0,0.0,-3.0558684070165683,True,True,"{'const': 0.0003624360758700517, 'ma.L1': -0.06434398284723075, 'ma.L2': -0.054873500727690774, 'sigma2': 0.0001297980470407399}"
SPY,"ARIMA(0,1,2)+drift",2019-12-05,283.0207824707031,2020-01-06,20,295.004150390625,284.9602155144601,11.983367919921875,1.939433043756992,1.0,1.0,True,0.731160329453729,13.73698007339785,1.286910800030455,6763,expanding,True,3.0,0.0,-3.0558684070165683,True,True,"{'const': 0.0003624360758700517, 'ma.L1': -0.06434398284723075, 'ma.L2': -0.054873500727690774, 'sigma2': 0.0001297980470407399}"
SPY,"ARIMA(0,1,2)+drift",2019-12-12,287.6558532714844,2019-12-13,1,287.8281555175781,287.57183516916683,0.17230224609375,-0.08401810231754325,1.0,-1.0,False,0.731664280745556,0.350325080992209,1.2254001999972388,6768,expanding,True,3.0,0.0,-3.0561435585312977,True,True,"{'const': 0.0003645306102367973, 'ma.L1': -0.06433867950553107, 'ma.L2': -0.05486156003216675, 'sigma2': 0.0001297264425337474}"
SPY,"ARIMA(0,1,2)+drift",2019-12-12,287.6558532714844,2019-12-19,5,291.0755310058594,287.86038487285896,3.419677734375,0.20453160137458326,1.0,1.0,True,0.731664280745556,4.394291504464625,1.2254001999972388,6768,expanding,True,3.0,0.0,-3.0561435585312977,True,True,"{'const': 0.0003645306102367973, 'ma.L1': -0.06433867950553107, 'ma.L2': -0.05486156003216675, 'sigma2': 0.0001297264425337474}"
SPY,"ARIMA(0,1,2)+drift",2019-12-12,287.6558532714844,2020-01-13,20,298.9327697753906,289.4387048614258,11.27691650390625,1.7828515899414015,1.0,1.0,True,0.731664280745556,12.97598524871342,1.2254001999972388,6768,expanding,True,3.0,0.0,-3.0561435585312977,True,True,"{'const': 0.0003645306102367973, 'ma.L1': -0.06433867950553107, 'ma.L2': -0.05486156003216675, 'sigma2': 0.0001297264425337474}"
SPY,"ARIMA(0,1,2)+drift",2019-12-19,291.0755310058594,2019-12-20,1,292.3515930175781,291.11023029891203,1.27606201171875,0.03469929305265396,1.0,1.0,True,0.7316290409833951,1.6967105583965874,1.1701520000351593,6773,expanding,True,3.0,0.0,-3.0564763983311596,True,True,"{'const': 0.00036604226231104156, 'ma.L1': -0.06431938984462614, 'ma.L2': -0.05478763224956298, 'sigma2': 0.0001296402394529306}"
SPY,"ARIMA(0,1,2)+drift",2019-12-19,291.0755310058594,2019-12-27,5,294.2931823730469,291.4768754544677,3.2176513671875,0.4013444486083131,1.0,1.0,True,0.7316290409833951,3.849364583442096,1.1701520000351593,6773,expanding,True,3.0,0.0,-3.0564763983311596,True,True,"{'const': 0.00036604226231104156, 'ma.L1': -0.06431938984462614, 'ma.L2': -0.05478763224956298, 'sigma2': 0.0001296402394529306}"
SPY,"ARIMA(0,1,2)+drift",2019-12-19,291.0755310058594,2020-01-21,20,301.9862976074219,293.0816699158211,10.9107666015625,2.0061389099617486,1.0,1.0,True,0.7316290409833951,12.170959861888328,1.1701520000351593,6773,expanding,True,3.0,0.0,-3.0564763983311596,True,True,"{'const': 0.00036604226231104156, 'ma.L1': -0.06431938984462614, 'ma.L2': -0.05478763224956298, 'sigma2': 0.0001296402394529306}"
SPY,"ARIMA(0,1,2)+drift",2019-12-27,294.2931823730469,2019-12-30,1,292.6706237792969,294.32571742336563,-1.62255859375,0.032535050318756475,-1.0,1.0,False,0.7315855314725619,2.2623378577995163,1.4112553999293596,6778,expanding,True,3.0,0.0,-3.056819128510798,True,True,"{'const': 0.0003674052298626712, 'ma.L1': -0.06429226668143811, 'ma.L2': -0.05477044161386419, 'sigma2': 0.00012955143629217087}"
SPY,"ARIMA(0,1,2)+drift",2019-12-27,294.2931823730469,2020-01-06,5,295.004150390625,294.763283957848,0.710968017578125,0.47010158480111386,1.0,1.0,True,0.7315855314725619,0.3292389234272942,1.4112553999293596,6778,expanding,True,3.0,0.0,-3.056819128510798,True,True,"{'const': 0.0003674052298626712, 'ma.L1': -0.06429226668143811, 'ma.L2': -0.05477044161386419, 'sigma2': 0.00012955143629217087}"
SPY,"ARIMA(0,1,2)+drift",2019-12-27,294.2931823730469,2020-01-28,20,297.9665832519531,296.39223204680144,3.67340087890625,2.099049673754564,1.0,1.0,True,0.7315855314725619,2.151971488532277,1.4112553999293596,6778,expanding,True,3.0,0.0,-3.056819128510798,True,True,"{'const': 0.0003674052298626712, 'ma.L1': -0.06429226668143811, 'ma.L2': -0.05477044161386419, 'sigma2': 0.00012955143629217087}"
SPY,"ARIMA(0,1,2)+drift",2020-01-06,295.004150390625,2020-01-07,1,294.17462158203125,295.16540768155687,-0.82952880859375,0.16125729093187147,-1.0,1.0,False,0.7322907477344817,1.3529955179563002,1.3016388999531046,6783,expanding,True,3.0,0.0,-3.0570874763493956,True,True,"{'const': 0.00036750137671980417, 'ma.L1': -0.06438498434575374, 'ma.L2': -0.054831268610999094, 'sigma2': 0.00012948196227323554}"
SPY,"ARIMA(0,1,2)+drift",2020-01-06,295.004150390625,2020-01-13,5,298.9327697753906,295.54373090153695,3.928619384765625,0.5395805109119465,1.0,1.0,True,0.7322907477344817,4.627996303843097,1.3016388999531046,6783,expanding,True,3.0,0.0,-3.0570874763493956,True,True,"{'const': 0.00036750137671980417, 'ma.L1': -0.06438498434575374, 'ma.L2': -0.054831268610999094, 'sigma2': 0.00012948196227323554}"
SPY,"ARIMA(0,1,2)+drift",2020-01-06,295.004150390625,2020-02-04,20,299.944580078125,297.1774205583012,4.9404296875,2.1732701676762076,1.0,1.0,True,0.7322907477344817,3.7787716537245197,1.3016388999531046,6783,expanding,True,3.0,0.0,-3.0570874763493956,True,True,"{'const': 0.00036750137671980417, 'ma.L1': -0.06438498434575374, 'ma.L2': -0.054831268610999094, 'sigma2': 0.00012948196227323554}"
SPY,"ARIMA(0,1,2)+drift",2020-01-13,298.9327697753906,2020-01-14,1,298.4770202636719,298.9564832988068,-0.45574951171875,0.02371352341617694,-1.0,1.0,False,0.7328270355310044,0.6542649382299459,1.1823818000266328,6788,expanding,True,3.0,0.0,-3.057382347267806,True,True,"{'const': 0.0003691444866382969, 'ma.L1': -0.0644191222257697, 'ma.L2': -0.054772680672608806, 'sigma2': 0.00012940544512027622}"
SPY,"ARIMA(0,1,2)+drift",2020-01-13,298.9327697753906,2020-01-21,5,301.9862976074219,299.28877032562076,3.05352783203125,0.3560005502301351,1.0,1.0,True,0.7328270355310044,3.6809876696845585,1.1823818000266328,6788,expanding,True,3.0,0.0,-3.057382347267806,True,True,"{'const': 0.0003691444866382969, 'ma.L1': -0.0644191222257697, 'ma.L2': -0.054772680672608806, 'sigma2': 0.00012940544512027622}"
SPY,"ARIMA(0,1,2)+drift",2020-01-13,298.9327697753906,2020-02-11,20,305.595947265625,300.9505789279737,6.663177490234375,2.0178091525830837,1.0,1.0,True,0.7328270355310044,6.338969650983565,1.1823818000266328,6788,expanding,True,3.0,0.0,-3.057382347267806,True,True,"{'const': 0.0003691444866382969, 'ma.L1': -0.0644191222257697, 'ma.L2': -0.054772680672608806, 'sigma2': 0.00012940544512027622}"
SPY,"ARIMA(0,1,2)+drift",2020-01-21,301.9862976074219,2020-01-22,1,302.0227966308594,302.0750829025747,0.0364990234375,0.08878529515283162,1.0,1.0,True,0.7330458240037252,0.07132742593055945,1.2676103999838233,6793,expanding,True,3.0,0.0,-3.057702317440658,True,True,"{'const': 0.00037040478372021385, 'ma.L1': -0.06439031158533529, 'ma.L2': -0.05477315911065494, 'sigma2': 0.00012932278529641909}"
SPY,"ARIMA(0,1,2)+drift",2020-01-21,301.9862976074219,2020-01-28,5,297.9665832519531,302.55077473044423,-4.01971435546875,0.5644771230223569,-1.0,1.0,False,0.7330458240037252,6.2536219815745255,1.2676103999838233,6793,expanding,True,3.0,0.0,-3.057702317440658,True,True,"{'const': 0.00037040478372021385, 'ma.L1': -0.06439031158533529, 'ma.L2': -0.05477315911065494, 'sigma2': 0.00012932278529641909}"
SPY,"ARIMA(0,1,2)+drift",2020-01-21,301.9862976074219,2020-02-19,20,308.4034729003906,304.2364470664676,6.41717529296875,2.2501494590457014,1.0,1.0,True,0.7330458240037252,5.684536624414182,1.2676103999838233,6793,expanding,True,3.0,0.0,-3.057702317440658,True,True,"{'const': 0.00037040478372021385, 'ma.L1': -0.06439031158533529, 'ma.L2': -0.05477315911065494, 'sigma2': 0.00012932278529641909}"
SPY,"ARIMA(0,1,2)+drift",2020-01-28,297.9665832519531,2020-01-29,1,297.7205505371094,298.19371254947407,-0.24603271484375,0.22712929752094624,-1.0,1.0,False,0.7341199142188909,0.6445295968685772,1.3141796999843791,6798,expanding,True,3.0,0.0,-3.0578143770386097,True,True,"{'const': 0.000368155174611308, 'ma.L1': -0.06438177823209737, 'ma.L2': -0.0548776247925101, 'sigma2': 0.00012929376320374445}"
SPY,"ARIMA(0,1,2)+drift",2020-01-28,297.9665832519531,2020-02-04,5,299.944580078125,298.494747339723,1.977996826171875,0.5281640877698806,1.0,1.0,True,0.7341199142188909,1.9749263169691118,1.3141796999843791,6798,expanding,True,3.0,0.0,-3.0578143770386097,True,True,"{'const': 0.000368155174611308, 'ma.L1': -0.06438177823209737, 'ma.L2': -0.0548776247925101, 'sigma2': 0.00012929376320374445}"
SPY,"ARIMA(0,1,2)+drift",2020-01-28,297.9665832519531,2020-02-26,20,283.9382629394531,300.1476929801177,-14.0283203125,2.1811097281645857,-1.0,1.0,False,0.7341199142188909,22.08008491080308,1.3141796999843791,6798,expanding,True,3.0,0.0,-3.0578143770386097,True,True,"{'const': 0.000368155174611308, 'ma.L1': -0.06438177823209737, 'ma.L2': -0.0548776247925101, 'sigma2': 0.00012929376320374445}"
SPY,"ARIMA(0,1,2)+drift",2020-02-04,299.944580078125,2020-02-05,1,303.4083251953125,299.68282460211157,3.4637451171875,-0.26175547601343396,1.0,-1.0,False,0.7355381192546914,5.065000026070603,1.1662234999239445,6803,expanding,True,3.0,0.0,-3.0578446138298454,True,True,"{'const': 0.0003687486182199997, 'ma.L1': -0.06448602398772248, 'ma.L2': -0.05506465859427074, 'sigma2': 0.0001292855136534332}"
SPY,"ARIMA(0,1,2)+drift",2020-02-04,299.944580078125,2020-02-11,5,305.595947265625,299.89187529387425,5.6513671875,-0.05270478425074998,1.0,-1.0,False,0.7355381192546914,7.754964457220235,1.1662234999239445,6803,expanding,True,3.0,0.0,-3.0578446138298454,True,True,"{'const': 0.0003687486182199997, 'ma.L1': -0.06448602398772248, 'ma.L2': -0.05506465859427074, 'sigma2': 0.0001292855136534332}"
SPY,"ARIMA(0,1,2)+drift",2020-02-04,299.944580078125,2020-03-04,20,285.1778564453125,301.5552420038236,-14.7667236328125,1.6106619256985937,-1.0,1.0,False,0.7355381192546914,22.265855609368046,1.1662234999239445,6803,expanding,True,3.0,0.0,-3.0578446138298454,True,True,"{'const': 0.0003687486182199997, 'ma.L1': -0.06448602398772248, 'ma.L2': -0.05506465859427074, 'sigma2': 0.0001292855136534332}"
SPY,"ARIMA(0,1,2)+drift",2020-02-11,305.595947265625,2020-02-12,1,307.56494140625,305.5611869699996,1.968994140625,-0.034760295625403614,1.0,-1.0,False,0.7363048086646933,2.7213654082801133,1.265680400072597,6808,expanding,True,3.0,0.0,-3.0580713168844187,True,True,"{'const': 0.00037130002039816897, 'ma.L1': -0.06427191599380848, 'ma.L2': -0.05496578714542622, 'sigma2': 0.00012922718463948284}"
SPY,"ARIMA(0,1,2)+drift",2020-02-11,305.595947265625,2020-02-19,5,308.4034729003906,305.98927541979947,2.807525634765625,0.3933281541744691,1.0,1.0,True,0.7363048086646933,3.278801730182045,1.265680400072597,6808,expanding,True,3.0,0.0,-3.0580713168844187,True,True,"{'const': 0.00037130002039816897, 'ma.L1': -0.06427191599380848, 'ma.L2': -0.05496578714542622, 'sigma2': 0.00012922718463948284}"
SPY,"ARIMA(0,1,2)+drift",2020-02-11,305.595947265625,2020-03-11,20,250.08447265625,307.6982373974337,-55.511474609375,2.1022901318086724,-1.0,1.0,False,0.7363048086646933,78.247166205077,1.265680400072597,6808,expanding,True,3.0,0.0,-3.0580713168844187,True,True,"{'const': 0.00037130002039816897, 'ma.L1': -0.06427191599380848, 'ma.L2': -0.05496578714542622, 'sigma2': 0.00012922718463948284}"
SPY,"ARIMA(0,1,2)+drift",2020-02-19,308.4034729003906,2020-02-20,1,307.136474609375,308.48237381262885,-1.266998291015625,0.07890091223822537,-1.0,1.0,False,0.736505667461904,1.8274118757184816,1.1828843998955563,6813,expanding,True,3.0,0.0,-3.058396994251105,True,True,"{'const': 0.0003723813927655659, 'ma.L1': -0.06428581999979179, 'ma.L2': -0.05489204812313462, 'sigma2': 0.0001291430578647211}"
SPY,"ARIMA(0,1,2)+drift",2020-02-19,308.4034729003906,2020-02-26,5,283.9382629394531,308.8693896525922,-24.4652099609375,0.46591675220156503,-1.0,1.0,False,0.736505667461904,33.850556505634266,1.1828843998955563,6813,expanding,True,3.0,0.0,-3.058396994251105,True,True,"{'const': 0.0003723813927655659, 'ma.L1': -0.06428581999979179, 'ma.L2': -0.05489204812313462, 'sigma2': 0.0001291430578647211}"
SPY,"ARIMA(0,1,2)+drift",2020-02-19,308.4034729003906,2020-03-18,20,218.7646484375,310.5994752444714,-89.63882446289062,2.196002344080796,-1.0,1.0,False,0.736505667461904,124.68991192348375,1.1828843998955563,6813,expanding,True,3.0,0.0,-3.058396994251105,True,True,"{'const': 0.0003723813927655659, 'ma.L1': -0.06428581999979179, 'ma.L2': -0.05489204812313462, 'sigma2': 0.0001291430578647211}"
SPY,"ARIMA(0,1,2)+drift",2020-02-26,283.9382629394531,2020-02-27,1,271.18609619140625,284.70444460101646,-12.752166748046875,0.766181661563337,-1.0,1.0,False,0.7395543225335819,18.279047255512953,1.3181453999131918,6818,expanding,True,3.0,0.0,-3.0573000656016918,True,True,"{'const': 0.0003601551216633774, 'ma.L1': -0.06216305202366961, 'ma.L2': -0.054132713319392546, 'sigma2': 0.00012942725753836554}"
SPY,"ARIMA(0,1,2)+drift",2020-02-26,283.9382629394531,2020-03-04,5,285.1778564453125,285.2391006438465,1.239593505859375,1.3008377043933592,1.0,1.0,True,0.7395543225335819,0.08281230555745041,1.3181453999131918,6818,expanding,True,3.0,0.0,-3.0573000656016918,True,True,"{'const': 0.0003601551216633774, 'ma.L1': -0.06216305202366961, 'ma.L2': -0.054132713319392546, 'sigma2': 0.00012942725753836554}"
SPY,"ARIMA(0,1,2)+drift",2020-02-26,283.9382629394531,2020-03-25,20,226.27664184570312,286.78422536525727,-57.66162109375,2.845962425804146,-1.0,1.0,False,0.7395543225335819,81.81627998909654,1.3181453999131918,6818,expanding,True,3.0,0.0,-3.0573000656016918,True,True,"{'const': 0.0003601551216633774, 'ma.L1': -0.06216305202366961, 'ma.L2': -0.054132713319392546, 'sigma2': 0.00012942725753836554}"
SPY,"ARIMA(0,1,2)+drift",2020-03-04,285.1778564453125,2020-03-05,1,275.6981811523437,284.9342421957571,-9.479675292968807,-0.24361424955537814,-1.0,-1.0,True,0.7456315453539706,12.38689685403376,1.238461299915798,6823,expanding,True,3.0,0.0,-3.054055780540118,True,True,"{'const': 0.00036019555473603673, 'ma.L1': -0.06416694573055032, 'ma.L2': -0.05201625064877818, 'sigma2': 0.00013026863026461064}"
SPY,"ARIMA(0,1,2)+drift",2020-03-04,285.1778564453125,2020-03-11,5,250.08447265625,284.73587276751516,-35.0933837890625,-0.4419836777973387,-1.0,-1.0,True,0.7456315453539706,46.47255112418191,1.238461299915798,6823,expanding,True,3.0,0.0,-3.054055780540118,True,True,"{'const': 0.00036019555473603673, 'ma.L1': -0.06416694573055032, 'ma.L2': -0.05201625064877818, 'sigma2': 0.00013026863026461064}"
SPY,"ARIMA(0,1,2)+drift",2020-03-04,285.1778564453125,2020-04-01,20,225.6898498535156,286.27844515754674,-59.4880065917969,1.1005887122342415,-1.0,1.0,False,0.7456315453539706,81.25809011375473,1.238461299915798,6823,expanding,True,3.0,0.0,-3.054055780540118,True,True,"{'const': 0.00036019555473603673, 'ma.L1': -0.06416694573055032, 'ma.L2': -0.05201625064877818, 'sigma2': 0.00013026863026461064}"
SPY,"ARIMA(0,1,2)+drift",2020-03-11,250.08447265625,2020-03-12,1,226.1570587158203,250.58101403443348,-23.927413940429688,0.49654137818347976,-1.0,1.0,False,0.7540150674943157,32.391866385080284,1.2009717000182718,6828,expanding,True,3.0,0.0,-3.0471272970082226,True,True,"{'const': 0.0003410902718611468, 'ma.L1': -0.06992821728769232, 'ma.L2': -0.044316769364561595, 'sigma2': 0.00013208765562832658}"
SPY,"ARIMA(0,1,2)+drift",2020-03-11,250.08447265625,2020-03-18,5,218.7646484375,251.4910842416217,-31.31982421875,1.4066115853717065,-1.0,1.0,False,0.7540150674943157,43.40289367542171,1.2009717000182718,6828,expanding,True,3.0,0.0,-3.0471272970082226,True,True,"{'const': 0.0003410902718611468, 'ma.L1': -0.06992821728769232, 'ma.L2': -0.044316769364561595, 'sigma2': 0.00013208765562832658}"
SPY,"ARIMA(0,1,2)+drift",2020-03-11,250.08447265625,2020-04-08,20,251.25245666503903,252.78109894797603,1.167984008789034,2.6966262917260337,1.0,1.0,True,0.7540150674943157,2.027336519967519,1.2009717000182718,6828,expanding,True,3.0,0.0,-3.0471272970082226,True,True,"{'const': 0.0003410902718611468, 'ma.L1': -0.06992821728769232, 'ma.L2': -0.044316769364561595, 'sigma2': 0.00013208765562832658}"
SPY,"ARIMA(0,1,2)+drift",2020-03-18,218.7646484375,2020-03-19,1,219.22952270507807,219.5750843921844,0.46487426757806816,0.810435954684408,1.0,1.0,True,0.7671627082646034,0.450441195047181,1.314354999922216,6833,expanding,True,3.0,0.0,-3.029110517895461,True,True,"{'const': 0.00032127973561960456, 'ma.L1': -0.08961088367757017, 'ma.L2': -0.028020702921824178, 'sigma2': 0.0001369349213910543}"
SPY,"ARIMA(0,1,2)+drift",2020-03-18,218.7646484375,2020-03-25,5,226.27664184570312,220.1748471291193,7.511993408203125,1.410198691619314,1.0,1.0,True,0.7671627082646034,7.953716533467409,1.314354999922216,6833,expanding,True,3.0,0.0,-3.029110517895461,True,True,"{'const': 0.00032127973561960456, 'ma.L1': -0.08961088367757017, 'ma.L2': -0.028020702921824178, 'sigma2': 0.0001369349213910543}"
SPY,"ARIMA(0,1,2)+drift",2020-03-18,218.7646484375,2020-04-16,20,255.9009704589844,221.23847373328277,37.1363220214844,2.473825295782774,1.0,1.0,True,0.7671627082646034,45.18271854495061,1.314354999922216,6833,expanding,True,3.0,0.0,-3.029110517895461,True,True,"{'const': 0.00032127973561960456, 'ma.L1': -0.08961088367757017, 'ma.L2': -0.028020702921824178, 'sigma2': 0.0001369349213910543}"
SPY,"ARIMA(0,1,2)+drift",2020-03-25,226.27664184570312,2020-03-26,1,239.4889068603516,225.36302933755823,13.212265014648466,-0.9136125081448938,1.0,-1.0,False,0.7720330810100517,18.296984766912395,0.3237403000239283,6838,expanding,True,1.0,0.0,-3.0240203135319157,True,True,"{'const': 0.0003238698777374105, 'ma.L1': -0.08874423864056727, 'ma.L2': -0.030542158504074737, 'sigma2': 0.00013821650353071865}"
SPY,"ARIMA(0,1,2)+drift",2020-03-25,226.27664184570312,2020-04-01,5,225.6898498535156,225.5110900944184,-0.5867919921875284,-0.7655517512847325,-1.0,-1.0,True,0.7720330810100517,0.2315441701841746,0.3237403000239283,6838,expanding,True,1.0,0.0,-3.0240203135319157,True,True,"{'const': 0.0003238698777374105, 'ma.L1': -0.08874423864056727, 'ma.L2': -0.030542158504074737, 'sigma2': 0.00013821650353071865}"
SPY,"ARIMA(0,1,2)+drift",2020-03-25,226.27664184570312,2020-04-23,20,255.88265991210935,226.60929924869382,29.60601806640622,0.3326574029906908,1.0,1.0,True,0.7720330810100517,37.917236169617446,0.3237403000239283,6838,expanding,True,1.0,0.0,-3.0240203135319157,True,True,"{'const': 0.0003238698777374105, 'ma.L1': -0.08874423864056727, 'ma.L2': -0.030542158504074737, 'sigma2': 0.00013821650353071865}"
SPY,"ARIMA(0,1,2)+drift",2020-04-01,225.6898498535156,2020-04-02,1,230.897705078125,226.78752129872868,5.207855224609403,1.0976714452130807,1.0,1.0,True,0.7776225395838235,5.2855769607656375,1.1955552999861538,6843,expanding,True,3.0,0.0,-3.0203825943808997,True,True,"{'const': 0.00032543134772788104, 'ma.L1': -0.08969056869340393, 'ma.L2': -0.02507026730151974, 'sigma2': 0.00013934499916454175}"
SPY,"ARIMA(0,1,2)+drift",2020-04-01,225.6898498535156,2020-04-08,5,251.25245666503903,227.34941286436327,25.562606811523438,1.6595630108476769,1.0,1.0,True,0.7776225395838235,30.738620068122575,1.1955552999861538,6843,expanding,True,3.0,0.0,-3.0203825943808997,True,True,"{'const': 0.00032543134772788104, 'ma.L1': -0.08969056869340393, 'ma.L2': -0.02507026730151974, 'sigma2': 0.00013934499916454175}"
SPY,"ARIMA(0,1,2)+drift",2020-04-01,225.6898498535156,2020-04-30,20,266.33514404296875,228.4619253911015,40.64529418945315,2.7720755375858914,1.0,1.0,True,0.7776225395838235,48.70385916557493,1.1955552999861538,6843,expanding,True,3.0,0.0,-3.0203825943808997,True,True,"{'const': 0.00032543134772788104, 'ma.L1': -0.08969056869340393, 'ma.L2': -0.02507026730151974, 'sigma2': 0.00013934499916454175}"
SPY,"ARIMA(0,1,2)+drift",2020-04-08,251.25245666503903,2020-04-09,1,255.0758514404297,250.5133349950759,3.8233947753906534,-0.73912166996314,1.0,-1.0,False,0.7817629366629975,5.836189247892937,1.3152136000571772,6848,expanding,True,3.0,0.0,-3.0176932453976835,True,True,"{'const': 0.0003403651676103306, 'ma.L1': -0.09122915741065192, 'ma.L2': -0.021137424275265472, 'sigma2': 0.00014009399054294895}"
SPY,"ARIMA(0,1,2)+drift",2020-04-08,251.25245666503903,2020-04-16,5,255.9009704589844,250.67129126990446,4.648513793945369,-0.5811653951345761,1.0,-1.0,False,0.7817629366629975,6.689597247220684,1.3152136000571772,6848,expanding,True,3.0,0.0,-3.0176932453976835,True,True,"{'const': 0.0003403651676103306, 'ma.L1': -0.09122915741065192, 'ma.L2': -0.021137424275265472, 'sigma2': 0.00014009399054294895}"
SPY,"ARIMA(0,1,2)+drift",2020-04-08,251.25245666503903,2020-05-07,20,263.767822265625,251.9543604643595,12.515365600585966,0.701903799320462,1.0,1.0,True,0.7817629366629975,15.111309640352077,1.3152136000571772,6848,expanding,True,3.0,0.0,-3.0176932453976835,True,True,"{'const': 0.0003403651676103306, 'ma.L1': -0.09122915741065192, 'ma.L2': -0.021137424275265472, 'sigma2': 0.00014009399054294895}"
SPY,"ARIMA(0,1,2)+drift",2020-04-16,255.9009704589844,2020-04-17,1,262.81427001953125,256.0135827299913,6.913299560546847,0.11261227100689553,1.0,1.0,True,0.7841644610011365,8.67252678201913,1.1414418999338523,6853,expanding,True,3.0,0.0,-3.0172392245544053,True,True,"{'const': 0.0003430045917284541, 'ma.L1': -0.0915005232688036, 'ma.L2': -0.020509839284009217, 'sigma2': 0.00014022262798284052}"
SPY,"ARIMA(0,1,2)+drift",2020-04-16,255.9009704589844,2020-04-23,5,255.88265991210935,256.34782831010983,-0.018310546875056843,0.4468578511254293,-1.0,1.0,False,0.7841644610011365,0.5932026011566622,1.1414418999338523,6853,expanding,True,3.0,0.0,-3.0172392245544053,True,True,"{'const': 0.0003430045917284541, 'ma.L1': -0.0915005232688036, 'ma.L2': -0.020509839284009217, 'sigma2': 0.00014022262798284052}"
SPY,"ARIMA(0,1,2)+drift",2020-04-16,255.9009704589844,2020-05-14,20,261.2831115722656,257.6701543552283,5.382141113281222,1.7691838962439022,1.0,1.0,True,0.7841644610011365,4.607397295746718,1.1414418999338523,6853,expanding,True,3.0,0.0,-3.0172392245544053,True,True,"{'const': 0.0003430045917284541, 'ma.L1': -0.0915005232688036, 'ma.L2': -0.020509839284009217, 'sigma2': 0.00014022262798284052}"
SPY,"ARIMA(0,1,2)+drift",2020-04-23,255.88265991210935,2020-04-24,1,259.4493408203125,255.8530951177677,3.5666809082031534,-0.02956479434163839,1.0,-1.0,False,0.7872323454408617,4.568213848645715,1.2887047999538481,6858,expanding,True,3.0,0.0,-3.016410716238892,True,True,"{'const': 0.0003427063368865517, 'ma.L1': -0.09189463045414767, 'ma.L2': -0.022221182425141005, 'sigma2': 0.0001404553013375731}"
SPY,"ARIMA(0,1,2)+drift",2020-04-23,255.88265991210935,2020-04-30,5,266.33514404296875,256.20089290898204,10.452484130859403,0.3182329968726947,1.0,1.0,True,0.7872323454408617,12.87326567903073,1.2887047999538481,6858,expanding,True,3.0,0.0,-3.016410716238892,True,True,"{'const': 0.0003427063368865517, 'ma.L1': -0.09189463045414767, 'ma.L2': -0.022221182425141005, 'sigma2': 0.0001404553013375731}"
SPY,"ARIMA(0,1,2)+drift",2020-04-23,255.88265991210935,2020-05-21,20,270.3694152832031,257.52130890594793,14.486755371093778,1.6386489938385864,1.0,1.0,True,0.7872323454408617,16.32060274411116,1.2887047999538481,6858,expanding,True,3.0,0.0,-3.016410716238892,True,True,"{'const': 0.0003427063368865517, 'ma.L1': -0.09189463045414767, 'ma.L2': -0.022221182425141005, 'sigma2': 0.0001404553013375731}"
SPY,"ARIMA(0,1,2)+drift",2020-04-30,266.33514404296875,2020-05-01,1,259.2842712402344,266.4632070839109,-7.050872802734375,0.12806304094215193,-1.0,1.0,False,0.789264263129728,9.095731530031983,1.2736323999706656,6863,expanding,True,3.0,0.0,-3.01618100933388,True,True,"{'const': 0.0003483326983409862, 'ma.L1': -0.09199922333549837, 'ma.L2': -0.021575033526260497, 'sigma2': 0.00014051996260110912}"
SPY,"ARIMA(0,1,2)+drift",2020-04-30,266.33514404296875,2020-05-07,5,263.767822265625,266.87748386107637,-2.56732177734375,0.5423398181076209,-1.0,1.0,False,0.789264263129728,3.9399498250692355,1.2736323999706656,6863,expanding,True,3.0,0.0,-3.01618100933388,True,True,"{'const': 0.0003483326983409862, 'ma.L1': -0.09199922333549837, 'ma.L2': -0.021575033526260497, 'sigma2': 0.00014051996260110912}"
SPY,"ARIMA(0,1,2)+drift",2020-04-30,266.33514404296875,2020-05-29,20,279.02471923828125,268.27556547313105,12.6895751953125,1.9404214301623028,1.0,1.0,True,0.789264263129728,13.619207491450053,1.2736323999706656,6863,expanding,True,3.0,0.0,-3.01618100933388,True,True,"{'const': 0.0003483326983409862, 'ma.L1': -0.09199922333549837, 'ma.L2': -0.021575033526260497, 'sigma2': 0.00014051996260110912}"
SPY,"ARIMA(0,1,2)+drift",2020-05-07,263.767822265625,2020-05-08,1,268.1322021484375,263.62453728718305,4.3643798828125,-0.14328497844195454,1.0,-1.0,False,0.7908873118495986,5.699503322050598,1.9288555999519303,6868,expanding,True,3.0,0.0,-3.0160371451123917,True,True,"{'const': 0.00034656664091092527, 'ma.L1': -0.09192831997509358, 'ma.L2': -0.022456763463375964, 'sigma2': 0.00014055857694561064}"
SPY,"ARIMA(0,1,2)+drift",2020-05-07,263.767822265625,2020-05-14,5,261.2831115722656,263.92359446603615,-2.484710693359375,0.1557722004111497,-1.0,1.0,False,0.7908873118495986,3.3386335249144317,1.9288555999519303,6868,expanding,True,3.0,0.0,-3.0160371451123917,True,True,"{'const': 0.00034656664091092527, 'ma.L1': -0.09192831997509358, 'ma.L2': -0.022456763463375964, 'sigma2': 0.00014055857694561064}"
SPY,"ARIMA(0,1,2)+drift",2020-05-07,263.767822265625,2020-06-05,20,292.7962341308594,265.29917354571324,29.028411865234375,1.531351280088245,1.0,1.0,True,0.7908873118495986,34.76735582069268,1.9288555999519303,6868,expanding,True,3.0,0.0,-3.0160371451123917,True,True,"{'const': 0.00034656664091092527, 'ma.L1': -0.09192831997509358, 'ma.L2': -0.022456763463375964, 'sigma2': 0.00014055857694561064}"
SPY,"ARIMA(0,1,2)+drift",2020-05-14,261.2831115722656,2020-05-15,1,262.48419189453125,261.2728478791655,1.201080322265625,-0.010263693100114324,1.0,-1.0,False,0.7928588842762783,1.5278179249658712,1.2249390999786556,6873,expanding,True,3.0,0.0,-3.015794115495897,True,True,"{'const': 0.00034499069559382705, 'ma.L1': -0.09153089375520589, 'ma.L2': -0.023196783718877, 'sigma2': 0.0001406282785488965}"
SPY,"ARIMA(0,1,2)+drift",2020-05-14,261.2831115722656,2020-05-21,5,270.3694152832031,261.5774470925319,9.0863037109375,0.29433552026625875,1.0,1.0,True,0.7928588842762783,11.088944533549059,1.2249390999786556,6873,expanding,True,3.0,0.0,-3.015794115495897,True,True,"{'const': 0.00034499069559382705, 'ma.L1': -0.09153089375520589, 'ma.L2': -0.023196783718877, 'sigma2': 0.0001406282785488965}"
SPY,"ARIMA(0,1,2)+drift",2020-05-14,261.2831115722656,2020-06-12,20,278.92388916015625,262.9345823380568,17.640777587890625,1.6514707657912027,1.0,1.0,True,0.7928588842762783,20.166648995419234,1.2249390999786556,6873,expanding,True,3.0,0.0,-3.015794115495897,True,True,"{'const': 0.00034499069559382705, 'ma.L1': -0.09153089375520589, 'ma.L2': -0.023196783718877, 'sigma2': 0.0001406282785488965}"
SPY,"ARIMA(0,1,2)+drift",2020-05-21,270.3694152832031,2020-05-22,1,270.8828430175781,270.511626434155,0.513427734375,0.14221115095187997,1.0,1.0,True,0.7949583090476665,0.4669635868927832,1.180901600047946,6878,expanding,True,3.0,0.0,-3.015482032457306,True,True,"{'const': 0.00034976308384447857, 'ma.L1': -0.09185052574007857, 'ma.L2': -0.022451966438884426, 'sigma2': 0.0001407160365386338}"
SPY,"ARIMA(0,1,2)+drift",2020-05-21,270.3694152832031,2020-05-29,5,279.02471923828125,270.92648544431495,8.655303955078125,0.5570701611118238,1.0,1.0,True,0.7949583090476665,10.186991823090338,1.180901600047946,6878,expanding,True,3.0,0.0,-3.015482032457306,True,True,"{'const': 0.00034976308384447857, 'ma.L1': -0.09185052574007857, 'ma.L2': -0.022451966438884426, 'sigma2': 0.0001407160365386338}"
SPY,"ARIMA(0,1,2)+drift",2020-05-21,270.3694152832031,2020-06-19,20,284.2308654785156,272.3516218718869,13.8614501953125,1.9822065886837663,1.0,1.0,True,0.7949583090476665,14.943228432771111,1.180901600047946,6878,expanding,True,3.0,0.0,-3.015482032457306,True,True,"{'const': 0.00034976308384447857, 'ma.L1': -0.09185052574007857, 'ma.L2': -0.022451966438884426, 'sigma2': 0.0001407160365386338}"
SPY,"ARIMA(0,1,2)+drift",2020-05-29,279.02471923828125,2020-06-01,1,280.1524963378906,279.01434956677394,1.127777099609375,-0.010369671507305611,1.0,-1.0,False,0.795787627251472,1.4302142080892415,1.1834484999999404,6883,expanding,True,3.0,0.0,-3.015636784657643,True,True,"{'const': 0.00035404335421844387, 'ma.L1': -0.09165077430707382, 'ma.L2': -0.02240836270926537, 'sigma2': 0.00014067240490285392}"
SPY,"ARIMA(0,1,2)+drift",2020-05-29,279.02471923828125,2020-06-05,5,292.7962341308594,279.38225665410636,13.771514892578125,0.35753741582510656,1.0,1.0,True,0.795787627251472,16.8562277389042,1.1834484999999404,6883,expanding,True,3.0,0.0,-3.015636784657643,True,True,"{'const': 0.00035404335421844387, 'ma.L1': -0.09165077430707382, 'ma.L2': -0.02240836270926537, 'sigma2': 0.00014067240490285392}"
SPY,"ARIMA(0,1,2)+drift",2020-05-29,279.02471923828125,2020-06-26,20,276.32037353515625,280.8699048161751,-2.704345703125,1.845185577893858,-1.0,1.0,False,0.795787627251472,5.717016858797162,1.1834484999999404,6883,expanding,True,3.0,0.0,-3.015636784657643,True,True,"{'const': 0.00035404335421844387, 'ma.L1': -0.09165077430707382, 'ma.L2': -0.02240836270926537, 'sigma2': 0.00014067240490285392}"
SPY,"ARIMA(0,1,2)+drift",2020-06-05,292.7962341308594,2020-06-08,1,296.33544921875,292.2396169548838,3.539215087890625,-0.5566171759755889,1.0,-1.0,False,0.7974278536004913,5.1363044887045195,1.1876532000023872,6888,expanding,True,3.0,0.0,-3.0155314741580255,True,True,"{'const': 0.0003606540051851726, 'ma.L1': -0.09151941648737126, 'ma.L2': -0.021956231201796423, 'sigma2': 0.00014070163380514188}"
SPY,"ARIMA(0,1,2)+drift",2020-06-05,292.7962341308594,2020-06-12,5,278.92388916015625,292.50023758827285,-13.872344970703125,-0.2959965425865221,-1.0,-1.0,True,0.7974278536004913,17.02517458703958,1.1876532000023872,6888,expanding,True,3.0,0.0,-3.0155314741580255,True,True,"{'const': 0.0003606540051851726, 'ma.L1': -0.09151941648737126, 'ma.L2': -0.021956231201796423, 'sigma2': 0.00014070163380514188}"
SPY,"ARIMA(0,1,2)+drift",2020-06-05,292.7962341308594,2020-07-06,20,291.9757995605469,294.08689621263824,-0.8204345703125,1.290662081778862,-1.0,1.0,False,0.7974278536004913,2.6473826347543343,1.1876532000023872,6888,expanding,True,3.0,0.0,-3.0155314741580255,True,True,"{'const': 0.0003606540051851726, 'ma.L1': -0.09151941648737126, 'ma.L2': -0.021956231201796423, 'sigma2': 0.00014070163380514188}"
SPY,"ARIMA(0,1,2)+drift",2020-06-12,278.92388916015625,2020-06-15,1,281.5278625488281,279.2431665546921,2.603973388671875,0.31927739453584536,1.0,1.0,True,0.8008470729002067,2.852849278529766,1.2921810999978334,6893,expanding,True,3.0,0.0,-3.013857568229678,True,True,"{'const': 0.0003535402329979762, 'ma.L1': -0.09123080661238969, 'ma.L2': -0.021991861741018585, 'sigma2': 0.00014117392256399208}"
SPY,"ARIMA(0,1,2)+drift",2020-06-12,278.92388916015625,2020-06-19,5,284.2308654785156,279.6020468192034,5.306976318359375,0.6781576590471445,1.0,1.0,True,0.8008470729002067,5.779903324799972,1.2921810999978334,6893,expanding,True,3.0,0.0,-3.013857568229678,True,True,"{'const': 0.0003535402329979762, 'ma.L1': -0.09123080661238969, 'ma.L2': -0.021991861741018585, 'sigma2': 0.00014117392256399208}"
SPY,"ARIMA(0,1,2)+drift",2020-06-12,278.92388916015625,2020-07-13,20,289.9406433105469,281.08874398116325,11.016754150390625,2.1648548210069976,1.0,1.0,True,0.8008470729002067,11.053170610123038,1.2921810999978334,6893,expanding,True,3.0,0.0,-3.013857568229678,True,True,"{'const': 0.0003535402329979762, 'ma.L1': -0.09123080661238969, 'ma.L2': -0.021991861741018585, 'sigma2': 0.00014117392256399208}"
SPY,"ARIMA(0,1,2)+drift",2020-06-19,284.2308654785156,2020-06-22,1,286.0543518066406,284.48924761186515,1.823486328125,0.258382133349528,1.0,1.0,True,0.8018553795910617,1.9518534571329555,1.3230140999658033,6898,expanding,True,3.0,0.0,-3.0139666813748267,True,True,"{'const': 0.0003560213070236874, 'ma.L1': -0.09110816505689551, 'ma.L2': -0.022416651364916884, 'sigma2': 0.00014114283410636988}"
SPY,"ARIMA(0,1,2)+drift",2020-06-19,284.2308654785156,2020-06-26,5,276.32037353515625,284.93378259938663,-7.910491943359375,0.7029171208710068,-1.0,1.0,False,0.8018553795910617,10.741848572024466,1.3230140999658033,6898,expanding,True,3.0,0.0,-3.0139666813748267,True,True,"{'const': 0.0003560213070236874, 'ma.L1': -0.09110816505689551, 'ma.L2': -0.022416651364916884, 'sigma2': 0.00014114283410636988}"
SPY,"ARIMA(0,1,2)+drift",2020-06-19,284.2308654785156,2020-07-20,20,298.6708374023437,286.4594903222912,14.439971923828068,2.228624843775549,1.0,1.0,True,0.8018553795910617,15.228864694129989,1.3230140999658033,6898,expanding,True,3.0,0.0,-3.0139666813748267,True,True,"{'const': 0.0003560213070236874, 'ma.L1': -0.09110816505689551, 'ma.L2': -0.022416651364916884, 'sigma2': 0.00014114283410636988}"
SPY,"ARIMA(0,1,2)+drift",2020-06-26,276.32037353515625,2020-06-29,1,280.38153076171875,276.9827573837611,4.0611572265625,0.6623838486048612,1.0,1.0,True,0.8042005419005731,4.226275911136907,1.2784699000185356,6903,expanding,True,3.0,0.0,-3.013629921809147,True,True,"{'const': 0.00035176959538955107, 'ma.L1': -0.09164143545716365, 'ma.L2': -0.02186174091903081, 'sigma2': 0.00014123831314926072}"
SPY,"ARIMA(0,1,2)+drift",2020-06-26,276.32037353515625,2020-07-06,5,291.9757995605469,277.5196215752217,15.655426025390625,1.19924804006547,1.0,1.0,True,0.8042005419005731,17.975837160169977,1.2784699000185356,6903,expanding,True,3.0,0.0,-3.013629921809147,True,True,"{'const': 0.00035176959538955107, 'ma.L1': -0.09164143545716365, 'ma.L2': -0.02186174091903081, 'sigma2': 0.00014123831314926072}"
SPY,"ARIMA(0,1,2)+drift",2020-06-26,276.32037353515625,2020-07-27,20,297.657958984375,278.98783619310916,21.33758544921875,2.6674626579529104,1.0,1.0,True,0.8042005419005731,23.215755049284848,1.2784699000185356,6903,expanding,True,3.0,0.0,-3.013629921809147,True,True,"{'const': 0.00035176959538955107, 'ma.L1': -0.09164143545716365, 'ma.L2': -0.02186174091903081, 'sigma2': 0.00014123831314926072}"
SPY,"ARIMA(0,1,2)+drift",2020-07-06,291.9757995605469,2020-07-07,1,288.9645080566406,291.62217247319495,-3.01129150390625,-0.3536270873519243,-1.0,-1.0,True,0.8058849813556024,3.2978210018057315,1.2298819000134245,6908,expanding,True,3.0,0.0,-3.0136504044787853,True,True,"{'const': 0.00035926019157941257, 'ma.L1': -0.09154001312559228, 'ma.L2': -0.02178197782954144, 'sigma2': 0.00014123145904636994}"
SPY,"ARIMA(0,1,2)+drift",2020-07-06,291.9757995605469,2020-07-13,5,289.9406433105469,291.94169730464637,-2.03515625,-0.03410225590050686,-1.0,-1.0,True,0.8058849813556024,2.4830516021448403,1.2298819000134245,6908,expanding,True,3.0,0.0,-3.0136504044787853,True,True,"{'const': 0.00035926019157941257, 'ma.L1': -0.09154001312559228, 'ma.L2': -0.02178197782954144, 'sigma2': 0.00014123145904636994}"
SPY,"ARIMA(0,1,2)+drift",2020-07-06,291.9757995605469,2020-08-03,20,302.787353515625,293.5191894145187,10.811553955078125,1.543389853971803,1.0,1.0,True,0.8058849813556024,11.500604075678487,1.2298819000134245,6908,expanding,True,3.0,0.0,-3.0136504044787853,True,True,"{'const': 0.00035926019157941257, 'ma.L1': -0.09154001312559228, 'ma.L2': -0.02178197782954144, 'sigma2': 0.00014123145904636994}"
SPY,"ARIMA(0,1,2)+drift",2020-07-13,289.9406433105469,2020-07-14,1,293.6979675292969,290.2072677683289,3.75732421875,0.26662445778202937,1.0,1.0,True,0.8070913255214693,4.325036895561474,1.885649299947545,6913,expanding,True,3.0,0.0,-3.0138482921712297,True,True,"{'const': 0.00035811929496875727, 'ma.L1': -0.09193183207029862, 'ma.L2': -0.02151815818927598, 'sigma2': 0.0001411755490545336}"
SPY,"ARIMA(0,1,2)+drift",2020-07-13,289.9406433105469,2020-07-20,5,298.6708374023437,290.6752499104855,8.730194091796818,0.7346065999386155,1.0,1.0,True,0.8070913255214693,9.906670086798638,1.885649299947545,6913,expanding,True,3.0,0.0,-3.0138482921712297,True,True,"{'const': 0.00035811929496875727, 'ma.L1': -0.09193183207029862, 'ma.L2': -0.02151815818927598, 'sigma2': 0.0001411755490545336}"
SPY,"ARIMA(0,1,2)+drift",2020-07-13,289.9406433105469,2020-08-10,20,309.0311584472656,292.2408975437524,19.09051513671875,2.3002542332055214,1.0,1.0,True,0.8070913255214693,20.803421338551598,1.885649299947545,6913,expanding,True,3.0,0.0,-3.0138482921712297,True,True,"{'const': 0.00035811929496875727, 'ma.L1': -0.09193183207029862, 'ma.L2': -0.02151815818927598, 'sigma2': 0.0001411755490545336}"
SPY,"ARIMA(0,1,2)+drift",2020-07-20,298.6708374023437,2020-07-21,1,299.3064270019531,298.5469867994212,0.6355895996094318,-0.12385060292251637,1.0,-1.0,False,0.8080523188823874,0.9398403850660632,1.1916829999536276,6918,expanding,True,3.0,0.0,-3.0140502691282474,True,True,"{'const': 0.00036206862706759544, 'ma.L1': -0.09192228478668088, 'ma.L2': -0.021503022972410857, 'sigma2': 0.00014111872422143632}"
SPY,"ARIMA(0,1,2)+drift",2020-07-20,298.6708374023437,2020-07-27,5,297.657958984375,298.9291275840199,-1.0128784179686932,0.258290181676216,-1.0,1.0,False,0.8080523188823874,1.5731266032415516,1.1916829999536276,6918,expanding,True,3.0,0.0,-3.0140502691282474,True,True,"{'const': 0.00036206862706759544, 'ma.L1': -0.09192228478668088, 'ma.L2': -0.021503022972410857, 'sigma2': 0.00014111872422143632}"
SPY,"ARIMA(0,1,2)+drift",2020-07-20,298.6708374023437,2020-08-17,20,311.18609619140625,300.55703707699547,12.515258789062557,1.8861996746517775,1.0,1.0,True,0.8080523188823874,13.15392440072664,1.1916829999536276,6918,expanding,True,3.0,0.0,-3.0140502691282474,True,True,"{'const': 0.00036206862706759544, 'ma.L1': -0.09192228478668088, 'ma.L2': -0.021503022972410857, 'sigma2': 0.00014111872422143632}"
SPY,"ARIMA(0,1,2)+drift",2020-07-27,297.657958984375,2020-07-28,1,295.7700500488281,297.6531893200593,-1.887908935546875,-0.00476966431568826,-1.0,-1.0,True,0.8089135067203219,2.3279859411251906,1.280896699987352,6923,expanding,True,3.0,0.0,-3.0142713287140506,True,True,"{'const': 0.00036133884135275076, 'ma.L1': -0.091909127056871, 'ma.L2': -0.021606003116289286, 'sigma2': 0.0001410564122416425}"
SPY,"ARIMA(0,1,2)+drift",2020-07-27,297.657958984375,2020-08-03,5,302.787353515625,298.0454919071318,5.12939453125,0.3875329227568045,1.0,1.0,True,0.8089135067203219,5.862013143678007,1.280896699987352,6923,expanding,True,3.0,0.0,-3.0142713287140506,True,True,"{'const': 0.00036133884135275076, 'ma.L1': -0.091909127056871, 'ma.L2': -0.021606003116289286, 'sigma2': 0.0001410564122416425}"
SPY,"ARIMA(0,1,2)+drift",2020-07-27,297.657958984375,2020-08-24,20,315.7999267578125,299.66530890336344,18.1419677734375,2.0073499189884387,1.0,1.0,True,0.8089135067203219,19.946035911633665,1.280896699987352,6923,expanding,True,3.0,0.0,-3.0142713287140506,True,True,"{'const': 0.00036133884135275076, 'ma.L1': -0.091909127056871, 'ma.L2': -0.021606003116289286, 'sigma2': 0.0001410564122416425}"
SPY,"ARIMA(0,1,2)+drift",2020-08-03,302.787353515625,2020-08-04,1,303.9569396972656,302.64876939773757,1.169586181640625,-0.13858411788743297,1.0,-1.0,False,0.8099236293532246,1.6151773477367428,1.2792133000912145,6928,expanding,True,3.0,0.0,-3.014485306169739,True,True,"{'const': 0.0003635197806986288, 'ma.L1': -0.0920259379534415, 'ma.L2': -0.021393917458104907, 'sigma2': 0.00014099590458125088}"
SPY,"ARIMA(0,1,2)+drift",2020-08-03,302.787353515625,2020-08-10,5,309.0311584472656,303.04256272225524,6.243804931640625,0.2552092066302407,1.0,1.0,True,0.8099236293532246,7.394025199379178,1.2792133000912145,6928,expanding,True,3.0,0.0,-3.014485306169739,True,True,"{'const': 0.0003635197806986288, 'ma.L1': -0.0920259379534415, 'ma.L2': -0.021393917458104907, 'sigma2': 0.00014099590458125088}"
SPY,"ARIMA(0,1,2)+drift",2020-08-03,302.787353515625,2020-08-31,20,321.6845397949219,304.69950559223093,18.897186279296875,1.9121520766059348,1.0,1.0,True,0.8099236293532246,20.971155288128298,1.2792133000912145,6928,expanding,True,3.0,0.0,-3.014485306169739,True,True,"{'const': 0.0003635197806986288, 'ma.L1': -0.0920259379534415, 'ma.L2': -0.021393917458104907, 'sigma2': 0.00014099590458125088}"
SPY,"ARIMA(0,1,2)+drift",2020-08-10,309.0311584472656,2020-08-11,1,306.480224609375,309.0554162107519,-2.550933837890625,0.024257763486275508,-1.0,1.0,False,0.8102401594722198,3.1783065443884535,1.1919646000023931,6933,expanding,True,3.0,0.0,-3.0147860365712695,True,True,"{'const': 0.00036623422863717685, 'ma.L1': -0.09190295884400294, 'ma.L2': -0.021254590100586966, 'sigma2': 0.00014091129427266715}"
SPY,"ARIMA(0,1,2)+drift",2020-08-10,309.0311584472656,2020-08-17,5,311.18609619140625,309.48961423060877,2.154937744140625,0.4584557833431404,1.0,1.0,True,0.8102401594722198,2.0938013760050493,1.1919646000023931,6933,expanding,True,3.0,0.0,-3.0147860365712695,True,True,"{'const': 0.00036623422863717685, 'ma.L1': -0.09190295884400294, 'ma.L2': -0.021254590100586966, 'sigma2': 0.00014091129427266715}"
SPY,"ARIMA(0,1,2)+drift",2020-08-10,309.0311584472656,2020-09-08,20,306.8577575683594,311.19447814154375,-2.17340087890625,2.1633196942781296,-1.0,1.0,False,0.8102401594722198,5.352389069444873,1.1919646000023931,6933,expanding,True,3.0,0.0,-3.0147860365712695,True,True,"{'const': 0.00036623422863717685, 'ma.L1': -0.09190295884400294, 'ma.L2': -0.021254590100586966, 'sigma2': 0.00014091129427266715}"
SPY,"ARIMA(0,1,2)+drift",2020-08-17,311.18609619140625,2020-08-18,1,311.8584289550781,311.2222825072785,0.672332763671875,0.03618631587227128,1.0,1.0,True,0.8108642421951725,0.784528919511147,1.2861843999708071,6938,expanding,True,3.0,0.0,-3.0150225258464878,True,True,"{'const': 0.00036697316490367723, 'ma.L1': -0.09205149881864265, 'ma.L2': -0.021208168067520523, 'sigma2': 0.00014084464510252044}"
SPY,"ARIMA(0,1,2)+drift",2020-08-17,311.18609619140625,2020-08-24,5,315.7999267578125,311.6611904937198,4.61383056640625,0.47509430231355054,1.0,1.0,True,0.8108642421951725,5.104105038456633,1.2861843999708071,6938,expanding,True,3.0,0.0,-3.0150225258464878,True,True,"{'const': 0.00036697316490367723, 'ma.L1': -0.09205149881864265, 'ma.L2': -0.021208168067520523, 'sigma2': 0.00014084464510252044}"
SPY,"ARIMA(0,1,2)+drift",2020-08-17,311.18609619140625,2020-09-15,20,313.2674560546875,313.3814903307451,2.08135986328125,2.195394139338873,1.0,1.0,True,0.8108642421951725,0.14063300627107378,1.2861843999708071,6938,expanding,True,3.0,0.0,-3.0150225258464878,True,True,"{'const': 0.00036697316490367723, 'ma.L1': -0.09205149881864265, 'ma.L2': -0.021208168067520523, 'sigma2': 0.00014084464510252044}"
SPY,"ARIMA(0,1,2)+drift",2020-08-24,315.7999267578125,2020-08-25,1,316.9049377441406,315.6017592735027,1.105010986328125,-0.19816748430980624,1.0,-1.0,False,0.8113189549996992,1.6062467943182892,1.2562646999722347,6943,expanding,True,3.0,0.0,-3.0153108689322474,True,True,"{'const': 0.00036878112347070674, 'ma.L1': -0.09202371111707225, 'ma.L2': -0.02120513734334814, 'sigma2': 0.0001407632070067154}"
SPY,"ARIMA(0,1,2)+drift",2020-08-24,315.7999267578125,2020-08-31,5,321.6845397949219,316.0001839278152,5.884613037109375,0.2002571700027147,1.0,1.0,True,0.8113189549996992,7.006314633815954,1.2562646999722347,6943,expanding,True,3.0,0.0,-3.0153108689322474,True,True,"{'const': 0.00036878112347070674, 'ma.L1': -0.09202371111707225, 'ma.L2': -0.02120513734334814, 'sigma2': 0.0001407632070067154}"
SPY,"ARIMA(0,1,2)+drift",2020-08-24,315.7999267578125,2020-09-22,20,305.3955078125,317.75305118337815,-10.4044189453125,1.9531244255656475,-1.0,1.0,False,0.8113189549996992,15.231424453632702,1.2562646999722347,6943,expanding,True,3.0,0.0,-3.0153108689322474,True,True,"{'const': 0.00036878112347070674, 'ma.L1': -0.09202371111707225, 'ma.L2': -0.02120513734334814, 'sigma2': 0.0001407632070067154}"
SPY,"ARIMA(0,1,2)+drift",2020-08-31,321.6845397949219,2020-09-01,1,324.7142639160156,321.8585137930946,3.02972412109375,0.17397399817269843,1.0,1.0,True,0.8119187921315661,3.5172854115418675,1.2429628999670967,6948,expanding,True,3.0,0.0,-3.015577299002785,True,True,"{'const': 0.0003712490375968854, 'ma.L1': -0.09190941832233478, 'ma.L2': -0.021016189731090935, 'sigma2': 0.00014068854176376377}"
SPY,"ARIMA(0,1,2)+drift",2020-08-31,321.6845397949219,2020-09-08,5,306.8577575683594,322.35945022886494,-14.8267822265625,0.6749104339430687,-1.0,1.0,False,0.8119187921315661,19.09266395941926,1.2429628999670967,6948,expanding,True,3.0,0.0,-3.015577299002785,True,True,"{'const': 0.0003712490375968854, 'ma.L1': -0.09190941832233478, 'ma.L2': -0.021016189731090935, 'sigma2': 0.00014068854176376377}"
SPY,"ARIMA(0,1,2)+drift",2020-08-31,321.6845397949219,2020-09-29,20,307.3095397949219,324.15959236952295,-14.375,2.4750525746010794,-1.0,1.0,False,0.8119187921315661,20.753371812424607,1.2429628999670967,6948,expanding,True,3.0,0.0,-3.015577299002785,True,True,"{'const': 0.0003712490375968854, 'ma.L1': -0.09190941832233478, 'ma.L2': -0.021016189731090935, 'sigma2': 0.00014068854176376377}"
SPY,"ARIMA(0,1,2)+drift",2020-09-08,306.8577575683594,2020-09-09,1,312.9174499511719,307.88025701669955,6.0596923828125,1.0224994483401701,1.0,1.0,True,0.8156903961585501,6.175373595416494,1.3358722999691963,6953,expanding,True,3.0,0.0,-3.0146802927184666,True,True,"{'const': 0.00036436665537186504, 'ma.L1': -0.09158594481178008, 'ma.L2': -0.020491931638990803, 'sigma2': 0.0001409416910391868}"
SPY,"ARIMA(0,1,2)+drift",2020-09-08,306.8577575683594,2020-09-15,5,313.2674560546875,308.51766370198294,6.409698486328125,1.659906133623565,1.0,1.0,True,0.8156903961585501,5.823033316407121,1.3358722999691963,6953,expanding,True,3.0,0.0,-3.0146802927184666,True,True,"{'const': 0.00036436665537186504, 'ma.L1': -0.09158594481178008, 'ma.L2': -0.020491931638990803, 'sigma2': 0.0001409416910391868}"
SPY,"ARIMA(0,1,2)+drift",2020-09-08,306.8577575683594,2020-10-06,20,309.676513671875,310.2084833188736,2.818756103515625,3.3507257505142434,1.0,1.0,True,0.8156903961585501,0.6521710314402385,1.3358722999691963,6953,expanding,True,3.0,0.0,-3.0146802927184666,True,True,"{'const': 0.00036436665537186504, 'ma.L1': -0.09158594481178008, 'ma.L2': -0.020491931638990803, 'sigma2': 0.0001409416910391868}"
SPY,"ARIMA(0,1,2)+drift",2020-09-15,313.2674560546875,2020-09-16,1,312.0241394042969,313.13703652436476,-1.243316650390625,-0.13041953032274023,-1.0,-1.0,True,0.8175874879789609,1.3611963691114157,1.3440231999848038,6958,expanding,True,3.0,0.0,-3.014663368194057,True,True,"{'const': 0.0003668449358899879, 'ma.L1': -0.09228187025200467, 'ma.L2': -0.020337284257549586, 'sigma2': 0.00014094556042382748}"
SPY,"ARIMA(0,1,2)+drift",2020-09-15,313.2674560546875,2020-09-22,5,305.3955078125,313.55998349567574,-7.8719482421875,0.2925274409882377,-1.0,1.0,False,0.8175874879789609,9.986057520716162,1.3440231999848038,6958,expanding,True,3.0,0.0,-3.014663368194057,True,True,"{'const': 0.0003668449358899879, 'ma.L1': -0.09228187025200467, 'ma.L2': -0.020337284257549586, 'sigma2': 0.00014094556042382748}"
SPY,"ARIMA(0,1,2)+drift",2020-09-15,313.2674560546875,2020-10-13,20,323.7303466796875,315.2901578032238,10.462890625,2.022701748536292,1.0,1.0,True,0.8175874879789609,10.323285275961686,1.3440231999848038,6958,expanding,True,3.0,0.0,-3.014663368194057,True,True,"{'const': 0.0003668449358899879, 'ma.L1': -0.09228187025200467, 'ma.L2': -0.020337284257549586, 'sigma2': 0.00014094556042382748}"
SPY,"ARIMA(0,1,2)+drift",2020-09-22,305.3955078125,2020-09-23,1,298.3132019042969,305.3530287893349,-7.082305908203125,-0.042479023165071794,-1.0,-1.0,True,0.8190154952586505,8.59547459821237,1.388213099911809,6963,expanding,True,3.0,0.0,-3.014765869222665,True,True,"{'const': 0.0003629388727718241, 'ma.L1': -0.09209513571446366, 'ma.L2': -0.020398903887243705, 'sigma2': 0.00014091661802943169}"
SPY,"ARIMA(0,1,2)+drift",2020-09-22,305.3955078125,2020-09-29,5,307.3095397949219,305.7447784134777,1.914031982421875,0.349270600977718,1.0,1.0,True,0.8190154952586505,1.9105394104295854,1.388213099911809,6963,expanding,True,3.0,0.0,-3.014765869222665,True,True,"{'const': 0.0003629388727718241, 'ma.L1': -0.09209513571446366, 'ma.L2': -0.020398903887243705, 'sigma2': 0.00014091661802943169}"
SPY,"ARIMA(0,1,2)+drift",2020-09-22,305.3955078125,2020-10-20,20,317.4893493652344,307.41381746336015,12.093841552734375,2.0183096508601466,1.0,1.0,True,0.8190154952586505,12.302004003834274,1.388213099911809,6963,expanding,True,3.0,0.0,-3.014765869222665,True,True,"{'const': 0.0003629388727718241, 'ma.L1': -0.09209513571446366, 'ma.L2': -0.020398903887243705, 'sigma2': 0.00014091661802943169}"
SPY,"ARIMA(0,1,2)+drift",2020-09-29,307.3095397949219,2020-09-30,1,309.63946533203125,307.4212386526973,2.329925537109375,0.11169885777542277,1.0,1.0,True,0.8212185845033537,2.701140379909283,1.9523575999774039,6968,expanding,True,3.0,0.0,-3.0145654693158694,True,True,"{'const': 0.00036361246087453995, 'ma.L1': -0.0920933217145621, 'ma.L2': -0.02050720151798608, 'sigma2': 0.00014097322835484165}"
SPY,"ARIMA(0,1,2)+drift",2020-09-29,307.3095397949219,2020-10-06,5,309.676513671875,307.8933081078951,2.366973876953125,0.5837683129732341,1.0,1.0,True,0.8212185845033537,2.171414039610801,1.9523575999774039,6968,expanding,True,3.0,0.0,-3.0145654693158694,True,True,"{'const': 0.00036361246087453995, 'ma.L1': -0.0920933217145621, 'ma.L2': -0.02050720151798608, 'sigma2': 0.00014097322835484165}"
SPY,"ARIMA(0,1,2)+drift",2020-09-29,307.3095397949219,2020-10-27,20,312.7184143066406,309.57720372593843,5.40887451171875,2.267663931016557,1.0,1.0,True,0.8212185845033537,3.825060270161683,1.9523575999774039,6968,expanding,True,3.0,0.0,-3.0145654693158694,True,True,"{'const': 0.00036361246087453995, 'ma.L1': -0.0920933217145621, 'ma.L2': -0.02050720151798608, 'sigma2': 0.00014097322835484165}"
SPY,"ARIMA(0,1,2)+drift",2020-10-06,309.676513671875,2020-10-07,1,315.06689453125,310.0686299723963,5.390380859375,0.39211630052130886,1.0,1.0,True,0.8230989634546139,6.072495265788654,1.291538199991919,6973,expanding,True,3.0,0.0,-3.014603490965389,True,True,"{'const': 0.0003645075677222518, 'ma.L1': -0.0925084492640376, 'ma.L2': -0.020193802323909108, 'sigma2': 0.00014096277059407817}"
SPY,"ARIMA(0,1,2)+drift",2020-10-06,309.676513671875,2020-10-13,5,323.7303466796875,310.60471393869346,14.0538330078125,0.9282002668184646,1.0,1.0,True,0.8230989634546139,15.946603414375202,1.291538199991919,6973,expanding,True,3.0,0.0,-3.014603490965389,True,True,"{'const': 0.0003645075677222518, 'ma.L1': -0.0925084492640376, 'ma.L2': -0.020193802323909108, 'sigma2': 0.00014096277059407817}"
SPY,"ARIMA(0,1,2)+drift",2020-10-06,309.676513671875,2020-11-03,20,310.6935119628906,312.30763167636286,1.016998291015625,2.6311180044878597,1.0,1.0,True,0.8230989634546139,1.9610275132623687,1.291538199991919,6973,expanding,True,3.0,0.0,-3.014603490965389,True,True,"{'const': 0.0003645075677222518, 'ma.L1': -0.0925084492640376, 'ma.L2': -0.020193802323909108, 'sigma2': 0.00014096277059407817}"
SPY,"ARIMA(0,1,2)+drift",2020-10-13,323.7303466796875,2020-10-14,1,321.6962280273437,323.8985471339673,-2.034118652343807,0.16820045427982677,-1.0,1.0,False,0.8251330143437956,2.669047375804099,1.9506881000706926,6978,expanding,True,3.0,0.0,-3.014581090672307,True,True,"{'const': 0.0003705574183115937, 'ma.L1': -0.0923853094236924, 'ma.L2': -0.019792320642531527, 'sigma2': 0.00014096880848744965}"
SPY,"ARIMA(0,1,2)+drift",2020-10-13,323.7303466796875,2020-10-20,5,317.4893493652344,324.4122838602122,-6.240997314453125,0.6819371805246988,-1.0,1.0,False,0.8251330143437956,8.390083022533565,1.9506881000706926,6978,expanding,True,3.0,0.0,-3.014581090672307,True,True,"{'const': 0.0003705574183115937, 'ma.L1': -0.0923853094236924, 'ma.L2': -0.019792320642531527, 'sigma2': 0.00014096880848744965}"
SPY,"ARIMA(0,1,2)+drift",2020-10-13,323.7303466796875,2020-11-10,20,327.3456420898437,326.22050525426414,3.615295410156193,2.4901585745766397,1.0,1.0,True,0.8251330143437956,1.3635823752299405,1.9506881000706926,6978,expanding,True,3.0,0.0,-3.014581090672307,True,True,"{'const': 0.0003705574183115937, 'ma.L1': -0.0923853094236924, 'ma.L2': -0.019792320642531527, 'sigma2': 0.00014096880848744965}"
SPY,"ARIMA(0,1,2)+drift",2020-10-20,317.4893493652344,2020-10-21,1,316.8883972167969,317.64329758811874,-0.6009521484375,0.15394822288436671,-1.0,1.0,False,0.8257988290778551,0.9141456063395506,2.326332800090313,6983,expanding,True,3.0,0.0,-3.0147817951610265,True,True,"{'const': 0.0003674975245207008, 'ma.L1': -0.09235247082047246, 'ma.L2': -0.01985771187581164, 'sigma2': 0.00014091223387128086}"
SPY,"ARIMA(0,1,2)+drift",2020-10-20,317.4893493652344,2020-10-27,5,312.7184143066406,318.0970582526762,-4.77093505859375,0.607708887441845,-1.0,1.0,False,0.8257988290778551,6.5132617735021086,2.326332800090313,6983,expanding,True,3.0,0.0,-3.0147817951610265,True,True,"{'const': 0.0003674975245207008, 'ma.L1': -0.09235247082047246, 'ma.L2': -0.01985771187581164, 'sigma2': 0.00014091223387128086}"
SPY,"ARIMA(0,1,2)+drift",2020-10-20,317.4893493652344,2020-11-17,20,333.42938232421875,319.8553984144887,15.940032958984375,2.366049049254343,1.0,1.0,True,0.8257988290778551,16.437397864668437,2.326332800090313,6983,expanding,True,3.0,0.0,-3.0147817951610265,True,True,"{'const': 0.0003674975245207008, 'ma.L1': -0.09235247082047246, 'ma.L2': -0.01985771187581164, 'sigma2': 0.00014091223387128086}"
SPY,"ARIMA(0,1,2)+drift",2020-10-27,312.7184143066406,2020-10-28,1,302.02996826171875,313.106637177067,-10.688446044921875,0.38822287042637527,-1.0,1.0,False,0.8266979035721057,13.39868997790694,1.2501703000161797,6988,expanding,True,3.0,0.0,-3.0149274657298246,True,True,"{'const': 0.00036511322842483165, 'ma.L1': -0.09231120472201176, 'ma.L2': -0.01993675498161686, 'sigma2': 0.0001408713642732194}"
SPY,"ARIMA(0,1,2)+drift",2020-10-27,312.7184143066406,2020-11-03,5,310.6935119628906,313.59842844498024,-2.02490234375,0.8800141383396181,-1.0,1.0,False,0.8266979035721057,3.5138790960248847,1.2501703000161797,6988,expanding,True,3.0,0.0,-3.0149274657298246,True,True,"{'const': 0.00036511322842483165, 'ma.L1': -0.09231120472201176, 'ma.L2': -0.01993675498161686, 'sigma2': 0.0001408713642732194}"
SPY,"ARIMA(0,1,2)+drift",2020-10-27,312.7184143066406,2020-11-24,20,335.8334045410156,315.32062413310695,23.114990234375,2.6022098264663214,1.0,1.0,True,0.8266979035721057,24.812909672655927,1.2501703000161797,6988,expanding,True,3.0,0.0,-3.0149274657298246,True,True,"{'const': 0.00036511322842483165, 'ma.L1': -0.09231120472201176, 'ma.L2': -0.01993675498161686, 'sigma2': 0.0001408713642732194}"
SPY,"ARIMA(0,1,2)+drift",2020-11-03,310.6935119628906,2020-11-04,1,317.6373291015625,310.2362871023611,6.943817138671875,-0.4572248605295499,1.0,-1.0,False,0.8297842372745892,8.919236672306537,1.1973243999527767,6993,expanding,True,3.0,0.0,-3.0143344613829606,True,True,"{'const': 0.0003637637023922826, 'ma.L1': -0.09236845095235821, 'ma.L2': -0.019035927855508686, 'sigma2': 0.00014103758411008552}"
SPY,"ARIMA(0,1,2)+drift",2020-11-03,310.6935119628906,2020-11-10,5,327.3456420898437,310.58251353523883,16.652130126953068,-0.11099842765179346,1.0,-1.0,False,0.8297842372745892,20.20179198590593,1.1973243999527767,6993,expanding,True,3.0,0.0,-3.0143344613829606,True,True,"{'const': 0.0003637637023922826, 'ma.L1': -0.09236845095235821, 'ma.L2': -0.019035927855508686, 'sigma2': 0.00014103758411008552}"
SPY,"ARIMA(0,1,2)+drift",2020-11-03,310.6935119628906,2020-12-02,20,339.1342163085937,312.2818251034555,28.440704345703068,1.5883131405648783,1.0,1.0,True,0.8297842372745892,32.3606908867471,1.1973243999527767,6993,expanding,True,3.0,0.0,-3.0143344613829606,True,True,"{'const': 0.0003637637023922826, 'ma.L1': -0.09236845095235821, 'ma.L2': -0.019035927855508686, 'sigma2': 0.00014103758411008552}"
SPY,"ARIMA(0,1,2)+drift",2020-11-10,327.3456420898437,2020-11-11,1,329.7773132324219,327.4111767791277,2.431671142578182,0.06553468928399298,1.0,1.0,True,0.8317297346271312,2.8448381184242986,1.1994332999456674,6998,expanding,True,3.0,0.0,-3.014094706400406,True,True,"{'const': 0.00037107362664970704, 'ma.L1': -0.09137430021941761, 'ma.L2': -0.018167033138920062, 'sigma2': 0.00014110572784995583}"
SPY,"ARIMA(0,1,2)+drift",2020-11-10,327.3456420898437,2020-11-17,5,333.42938232421875,327.9013753389972,6.083740234375057,0.5557332491534908,1.0,1.0,True,0.8317297346271312,6.646398168871287,1.1994332999456674,6998,expanding,True,3.0,0.0,-3.014094706400406,True,True,"{'const': 0.00037107362664970704, 'ma.L1': -0.09137430021941761, 'ma.L2': -0.018167033138920062, 'sigma2': 0.00014110572784995583}"
SPY,"ARIMA(0,1,2)+drift",2020-11-10,327.3456420898437,2020-12-09,20,339.18963623046875,329.7315975055284,11.843994140625057,2.385955415684691,1.0,1.0,True,0.8317297346271312,11.37152891279095,1.1994332999456674,6998,expanding,True,3.0,0.0,-3.014094706400406,True,True,"{'const': 0.00037107362664970704, 'ma.L1': -0.09137430021941761, 'ma.L2': -0.018167033138920062, 'sigma2': 0.00014110572784995583}"
SPY,"ARIMA(0,1,2)+drift",2020-11-17,333.42938232421875,2020-11-18,1,329.4167175292969,333.6077870848874,-4.012664794921875,0.1784047606686272,-1.0,1.0,False,0.8334334775809732,5.028679154759912,1.196583699900657,7003,expanding,True,3.0,0.0,-3.014203896308415,True,True,"{'const': 0.00037345692707826017, 'ma.L1': -0.09145043924061194, 'ma.L2': -0.018137180116288877, 'sigma2': 0.0001410750558900188}"
SPY,"ARIMA(0,1,2)+drift",2020-11-17,333.42938232421875,2020-11-24,5,335.8334045410156,334.13285463922654,2.404022216796875,0.7034723150077866,1.0,1.0,True,0.8334334775809732,2.0404146791954005,1.196583699900657,7003,expanding,True,3.0,0.0,-3.014203896308415,True,True,"{'const': 0.00037345692707826017, 'ma.L1': -0.09145043924061194, 'ma.L2': -0.018137180116288877, 'sigma2': 0.0001410750558900188}"
SPY,"ARIMA(0,1,2)+drift",2020-11-17,333.42938232421875,2020-12-16,20,342.2593994140625,336.009870552116,8.83001708984375,2.5804882278972627,1.0,1.0,True,0.8334334775809732,7.49853351233939,1.196583699900657,7003,expanding,True,3.0,0.0,-3.014203896308415,True,True,"{'const': 0.00037345692707826017, 'ma.L1': -0.09145043924061194, 'ma.L2': -0.018137180116288877, 'sigma2': 0.0001410750558900188}"
SPY,"ARIMA(0,1,2)+drift",2020-11-24,335.8334045410156,2020-11-25,1,335.3156433105469,335.4393725931989,-0.51776123046875,-0.3940319478166998,-1.0,-1.0,True,0.8349737692988515,0.14818343665567935,1.1970434000249952,7008,expanding,True,3.0,0.0,-3.014308956627084,True,True,"{'const': 0.0003741083293757161, 'ma.L1': -0.09141486542453649, 'ma.L2': -0.018333383963736356, 'sigma2': 0.00014104483226947288}"
SPY,"ARIMA(0,1,2)+drift",2020-11-24,335.8334045410156,2020-12-02,5,339.1342163085937,335.843586016382,3.300811767578068,0.010181475366380255,1.0,1.0,True,0.8349737692988515,3.9409984040276056,1.1970434000249952,7008,expanding,True,3.0,0.0,-3.014308956627084,True,True,"{'const': 0.0003741083293757161, 'ma.L1': -0.09141486542453649, 'ma.L2': -0.018333383963736356, 'sigma2': 0.00014104483226947288}"
SPY,"ARIMA(0,1,2)+drift",2020-11-24,335.8334045410156,2020-12-23,20,341.3041076660156,337.73351207840597,5.470703125,1.9001075373903404,1.0,1.0,True,0.8349737692988515,4.276296716012982,1.1970434000249952,7008,expanding,True,3.0,0.0,-3.014308956627084,True,True,"{'const': 0.0003741083293757161, 'ma.L1': -0.09141486542453649, 'ma.L2': -0.018333383963736356, 'sigma2': 0.00014104483226947288}"
SPY,"ARIMA(0,1,2)+drift",2020-12-02,339.1342163085937,2020-12-03,1,339.04180908203125,339.11902529456097,-0.09240722656244316,-0.01519101403272316,-1.0,-1.0,True,0.8354213788586895,0.09242786273342549,1.292390999966301,7013,expanding,True,3.0,0.0,-3.0145960653198873,True,True,"{'const': 0.0003753066768013558, 'ma.L1': -0.0914502569260316, 'ma.L2': -0.018270328499232658, 'sigma2': 0.00014096418948803444}"
SPY,"ARIMA(0,1,2)+drift",2020-12-02,339.1342163085937,2020-12-09,5,339.18963623046875,339.61255895434095,0.05541992187505684,0.4783426457472615,1.0,1.0,True,0.8354213788586895,0.5062388090306957,1.292390999966301,7013,expanding,True,3.0,0.0,-3.0145960653198873,True,True,"{'const': 0.0003753066768013558, 'ma.L1': -0.0914502569260316, 'ma.L2': -0.018270328499232658, 'sigma2': 0.00014096418948803444}"
SPY,"ARIMA(0,1,2)+drift",2020-12-02,339.1342163085937,2020-12-31,20,347.16326904296875,341.5298335489499,8.029052734375057,2.3956172403562164,1.0,1.0,True,0.8354213788586895,6.743226396378502,1.292390999966301,7013,expanding,True,3.0,0.0,-3.0145960653198873,True,True,"{'const': 0.0003753066768013558, 'ma.L1': -0.0914502569260316, 'ma.L2': -0.018270328499232658, 'sigma2': 0.00014096418948803444}"
SPY,"ARIMA(0,1,2)+drift",2020-12-09,339.18963623046875,2020-12-10,1,339.07879638671875,339.5863798379238,-0.11083984375,0.39674360745505055,-1.0,1.0,False,0.8359355744395449,0.6072040318960719,1.2605020001064986,7018,expanding,True,3.0,0.0,-3.0148707770954006,True,True,"{'const': 0.00037513508270767997, 'ma.L1': -0.09149464515580695, 'ma.L2': -0.018213063071067622, 'sigma2': 0.0001408870291722127}"
SPY,"ARIMA(0,1,2)+drift",2020-12-09,339.18963623046875,2020-12-16,5,342.2593994140625,340.15320980635283,3.06976318359375,0.9635735758840838,1.0,1.0,True,0.8359355744395449,2.519559726982269,1.2605020001064986,7018,expanding,True,3.0,0.0,-3.0148707770954006,True,True,"{'const': 0.00037513508270767997, 'ma.L1': -0.09149464515580695, 'ma.L2': -0.018213063071067622, 'sigma2': 0.0001408870291722127}"
SPY,"ARIMA(0,1,2)+drift",2020-12-09,339.18963623046875,2021-01-08,20,354.01593017578125,342.07265616659663,14.8262939453125,2.88301993612788,1.0,1.0,True,0.8359355744395449,14.287313968175141,1.2605020001064986,7018,expanding,True,3.0,0.0,-3.0148707770954006,True,True,"{'const': 0.00037513508270767997, 'ma.L1': -0.09149464515580695, 'ma.L2': -0.018213063071067622, 'sigma2': 0.0001408870291722127}"
SPY,"ARIMA(0,1,2)+drift",2020-12-16,342.2593994140625,2020-12-17,1,344.1732482910156,342.2393401809092,1.913848876953125,-0.02005923315329028,1.0,-1.0,False,0.8363541907579668,2.312307550409669,1.1549200000008568,7023,expanding,True,3.0,0.0,-3.01512882615862,True,True,"{'const': 0.00037607744889813253, 'ma.L1': -0.09150653134698979, 'ma.L2': -0.018231926017506637, 'sigma2': 0.00014081397615581983}"
SPY,"ARIMA(0,1,2)+drift",2020-12-16,342.2593994140625,2020-12-23,5,341.3041076660156,342.74050946032975,-0.955291748046875,0.48111004626724707,-1.0,1.0,False,0.8363541907579668,1.7174563243502698,1.1549200000008568,7023,expanding,True,3.0,0.0,-3.01512882615862,True,True,"{'const': 0.00037607744889813253, 'ma.L1': -0.09150653134698979, 'ma.L2': -0.018231926017506637, 'sigma2': 0.00014081397615581983}"
SPY,"ARIMA(0,1,2)+drift",2020-12-16,342.2593994140625,2021-01-15,20,348.8531188964844,344.6794278410952,6.593719482421875,2.420028427032719,1.0,1.0,True,0.8363541907579668,4.990339142805807,1.1549200000008568,7023,expanding,True,3.0,0.0,-3.01512882615862,True,True,"{'const': 0.00037607744889813253, 'ma.L1': -0.09150653134698979, 'ma.L2': -0.018231926017506637, 'sigma2': 0.00014081397615581983}"
SPY,"ARIMA(0,1,2)+drift",2020-12-23,341.3041076660156,2020-12-24,1,342.6319274902344,341.4411439671569,1.32781982421875,0.13703630114127918,1.0,1.0,True,0.8365269806572669,1.423484897213789,1.2077913000248373,7028,expanding,True,3.0,0.0,-3.0154491155529097,True,True,"{'const': 0.00037543778076653774, 'ma.L1': -0.09149281111640079, 'ma.L2': -0.018188815184168424, 'sigma2': 0.0001407238472176713}"
SPY,"ARIMA(0,1,2)+drift",2020-12-23,341.3041076660156,2020-12-31,5,347.16326904296875,341.95294387618947,5.859161376953125,0.6488362101738403,1.0,1.0,True,0.8365269806572669,6.228520164030435,1.2077913000248373,7028,expanding,True,3.0,0.0,-3.0154491155529097,True,True,"{'const': 0.00037543778076653774, 'ma.L1': -0.09149281111640079, 'ma.L2': -0.018188815184168424, 'sigma2': 0.0001407238472176713}"
SPY,"ARIMA(0,1,2)+drift",2020-12-23,341.3041076660156,2021-01-25,20,356.9222106933594,343.88410732589244,15.61810302734375,2.579999659876819,1.0,1.0,True,0.8365269806572669,15.585992644520292,1.2077913000248373,7028,expanding,True,3.0,0.0,-3.0154491155529097,True,True,"{'const': 0.00037543778076653774, 'ma.L1': -0.09149281111640079, 'ma.L2': -0.018188815184168424, 'sigma2': 0.0001407238472176713}"
SPY,"ARIMA(0,1,2)+drift",2020-12-31,347.16326904296875,2021-01-04,1,342.4368896484375,347.13635608119023,-4.72637939453125,-0.026912961778521094,-1.0,-1.0,True,0.8369529179474331,5.614971083771155,1.3955742999678478,7033,expanding,True,3.0,0.0,-3.015749036178239,True,True,"{'const': 0.00037756208559479825, 'ma.L1': -0.0914716801014886, 'ma.L2': -0.01820054683526504, 'sigma2': 0.0001406393006052565}"
SPY,"ARIMA(0,1,2)+drift",2020-12-31,347.16326904296875,2021-01-08,5,354.01593017578125,347.63088256995906,6.8526611328125,0.4676135269903057,1.0,1.0,True,0.8369529179474331,7.62892089734398,1.3955742999678478,7033,expanding,True,3.0,0.0,-3.015749036178239,True,True,"{'const': 0.00037756208559479825, 'ma.L1': -0.0914716801014886, 'ma.L2': -0.01820054683526504, 'sigma2': 0.0001406393006052565}"
SPY,"ARIMA(0,1,2)+drift",2020-12-31,347.16326904296875,2021-02-01,20,349.3453369140625,349.60525176045115,2.18206787109375,2.4419827174824036,1.0,1.0,True,0.8369529179474331,0.31054894584282716,1.3955742999678478,7033,expanding,True,3.0,0.0,-3.015749036178239,True,True,"{'const': 0.00037756208559479825, 'ma.L1': -0.0914716801014886, 'ma.L2': -0.01820054683526504, 'sigma2': 0.0001406393006052565}"
SPY,"ARIMA(0,1,2)+drift",2021-01-08,354.01593017578125,2021-01-11,1,351.6295166015625,353.8348033093887,-2.38641357421875,-0.18112686639256026,-1.0,-1.0,True,0.8386753359284105,2.6294879715103887,1.1665638000704348,7038,expanding,True,3.0,0.0,-3.015842160928632,True,True,"{'const': 0.00038004746626202563, 'ma.L1': -0.0913933383776998, 'ma.L2': -0.018160759966339524, 'sigma2': 0.00014061293618556915}"
SPY,"ARIMA(0,1,2)+drift",2021-01-08,354.01593017578125,2021-01-15,5,348.8531188964844,354.3294904219409,-5.162811279296875,0.31356024615962497,-1.0,1.0,False,0.8386753359284105,6.529787261949437,1.1665638000704348,7038,expanding,True,3.0,0.0,-3.015842160928632,True,True,"{'const': 0.00038004746626202563, 'ma.L1': -0.0913933383776998, 'ma.L2': -0.018160759966339524, 'sigma2': 0.00014061293618556915}"
SPY,"ARIMA(0,1,2)+drift",2021-01-08,354.01593017578125,2021-02-08,20,362.6048278808594,356.3551892747186,8.588897705078125,2.3392590989373616,1.0,1.0,True,0.8386753359284105,7.451797302733884,1.1665638000704348,7038,expanding,True,3.0,0.0,-3.015842160928632,True,True,"{'const': 0.00038004746626202563, 'ma.L1': -0.0913933383776998, 'ma.L2': -0.018160759966339524, 'sigma2': 0.00014061293618556915}"
SPY,"ARIMA(0,1,2)+drift",2021-01-15,348.8531188964844,2021-01-19,1,351.5923767089844,349.2637779904499,2.7392578125,0.4106590939655348,1.0,1.0,True,0.839103077934805,2.775104489266798,1.2962534000398591,7043,expanding,True,3.0,0.0,-3.0161357811945875,True,True,"{'const': 0.00037779045218707443, 'ma.L1': -0.09141148570216989, 'ma.L2': -0.01829314330403195, 'sigma2': 0.00014053078003264745}"
SPY,"ARIMA(0,1,2)+drift",2021-01-15,348.8531188964844,2021-01-25,5,356.9222106933594,349.8431432147039,8.069091796875,0.9900243182195254,1.0,1.0,True,0.839103077934805,8.436469445539908,1.2962534000398591,7043,expanding,True,3.0,0.0,-3.0161357811945875,True,True,"{'const': 0.00037779045218707443, 'ma.L1': -0.09141148570216989, 'ma.L2': -0.01829314330403195, 'sigma2': 0.00014053078003264745}"
SPY,"ARIMA(0,1,2)+drift",2021-01-15,348.8531188964844,2021-02-16,20,364.2669067382813,351.83128213253764,15.413787841796932,2.9781632360532626,1.0,1.0,True,0.839103077934805,14.820139423573737,1.2962534000398591,7043,expanding,True,3.0,0.0,-3.0161357811945875,True,True,"{'const': 0.00037779045218707443, 'ma.L1': -0.09141148570216989, 'ma.L2': -0.01829314330403195, 'sigma2': 0.00014053078003264745}"
SPY,"ARIMA(0,1,2)+drift",2021-01-25,356.9222106933594,2021-01-26,1,356.364990234375,356.97446373143225,-0.557220458984375,0.052253038072876734,-1.0,1.0,False,0.8400111452170058,0.7255540602378583,1.309845400042832,7048,expanding,True,3.0,0.0,-3.016358460300858,True,True,"{'const': 0.00038070356782023785, 'ma.L1': -0.09136434242626829, 'ma.L2': -0.018468281244013056, 'sigma2': 0.0001404679117533655}"
SPY,"ARIMA(0,1,2)+drift",2021-01-25,356.9222106933594,2021-02-01,5,349.3453369140625,357.4968846624084,-7.576873779296875,0.5746739690490017,-1.0,1.0,False,0.8400111452170058,9.7040947548857,1.309845400042832,7048,expanding,True,3.0,0.0,-3.016358460300858,True,True,"{'const': 0.00038070356782023785, 'ma.L1': -0.09136434242626829, 'ma.L2': -0.018468281244013056, 'sigma2': 0.0001404679117533655}"
SPY,"ARIMA(0,1,2)+drift",2021-01-25,356.9222106933594,2021-02-23,20,359.8099365234375,359.544229928167,2.887725830078125,2.622019234807624,1.0,1.0,True,0.8400111452170058,0.3163131784422447,1.309845400042832,7048,expanding,True,3.0,0.0,-3.016358460300858,True,True,"{'const': 0.00038070356782023785, 'ma.L1': -0.09136434242626829, 'ma.L2': -0.018468281244013056, 'sigma2': 0.0001404679117533655}"
SPY,"ARIMA(0,1,2)+drift",2021-02-01,349.3453369140625,2021-02-02,1,354.2850341796875,349.14476637586847,4.939697265625,-0.2005705381940288,1.0,-1.0,False,0.8429601228987706,6.097877781148982,1.2589818000560626,7053,expanding,True,3.0,0.0,-3.0160562287669714,True,True,"{'const': 0.0003773452498977098, 'ma.L1': -0.09190710327131382, 'ma.L2': -0.01790100874301908, 'sigma2': 0.00014055250139793782}"
SPY,"ARIMA(0,1,2)+drift",2021-02-01,349.3453369140625,2021-02-08,5,362.6048278808594,349.5823440596665,13.259490966796875,0.23700714560402503,1.0,1.0,True,0.8429601228987706,15.448517038280698,1.2589818000560626,7053,expanding,True,3.0,0.0,-3.0160562287669714,True,True,"{'const': 0.0003773452498977098, 'ma.L1': -0.09190710327131382, 'ma.L2': -0.01790100874301908, 'sigma2': 0.00014055250139793782}"
SPY,"ARIMA(0,1,2)+drift",2021-02-01,349.3453369140625,2021-03-02,20,358.91851806640625,351.56665308854036,9.57318115234375,2.221316174477863,1.0,1.0,True,0.8429601228987706,8.721486080010878,1.2589818000560626,7053,expanding,True,3.0,0.0,-3.0160562287669714,True,True,"{'const': 0.0003773452498977098, 'ma.L1': -0.09190710327131382, 'ma.L2': -0.01790100874301908, 'sigma2': 0.00014055250139793782}"
SPY,"ARIMA(0,1,2)+drift",2021-02-08,362.6048278808594,2021-02-09,1,362.3633728027344,362.4663837339055,-0.241455078125,-0.13844414695387286,-1.0,-1.0,True,0.8442417851280895,0.12201591177520098,2.3005121999885887,7058,expanding,True,3.0,0.0,-3.0161972776343124,True,True,"{'const': 0.00038237279624001117, 'ma.L1': -0.09155611012056095, 'ma.L2': -0.017957597386286772, 'sigma2': 0.00014051290171992776}"
SPY,"ARIMA(0,1,2)+drift",2021-02-08,362.6048278808594,2021-02-16,5,364.2669067382813,362.97269414278963,1.6620788574219318,0.36786626193025995,1.0,1.0,True,0.8442417851280895,1.5329880826679436,2.3005121999885887,7058,expanding,True,3.0,0.0,-3.0161972776343124,True,True,"{'const': 0.00038237279624001117, 'ma.L1': -0.09155611012056095, 'ma.L2': -0.017957597386286772, 'sigma2': 0.00014051290171992776}"
SPY,"ARIMA(0,1,2)+drift",2021-02-08,362.6048278808594,2021-03-09,20,359.5035095214844,365.0605391930338,-3.101318359375,2.455711312174401,-1.0,1.0,False,0.8442417851280895,6.582272720256651,2.3005121999885887,7058,expanding,True,3.0,0.0,-3.0161972776343124,True,True,"{'const': 0.00038237279624001117, 'ma.L1': -0.09155611012056095, 'ma.L2': -0.017957597386286772, 'sigma2': 0.00014051290171992776}"
SPY,"ARIMA(0,1,2)+drift",2021-02-16,364.2669067382813,2021-02-17,1,364.3505859375,364.40281677829705,0.08367919921869316,0.13591004001574447,1.0,1.0,True,0.8440818613765938,0.06187888069513688,1.2638908999506384,7063,expanding,True,3.0,0.0,-3.016539268409535,True,True,"{'const': 0.00038279497959280417, 'ma.L1': -0.09155562214628787, 'ma.L2': -0.017966810448756834, 'sigma2': 0.0001404170069003668}"
SPY,"ARIMA(0,1,2)+drift",2021-02-16,364.2669067382813,2021-02-23,5,359.8099365234375,364.96647984941774,-4.456970214843807,0.6995731111364307,-1.0,1.0,False,0.8440818613765938,6.109055960011449,1.2638908999506384,7063,expanding,True,3.0,0.0,-3.016539268409535,True,True,"{'const': 0.00038279497959280417, 'ma.L1': -0.09155562214628787, 'ma.L2': -0.017966810448756834, 'sigma2': 0.0001404170069003668}"
SPY,"ARIMA(0,1,2)+drift",2021-02-16,364.2669067382813,2021-03-16,20,367.6189575195313,367.06811784185686,3.35205078125,2.801211103575554,1.0,1.0,True,0.8440818613765938,0.6525903503910088,1.2638908999506384,7063,expanding,True,3.0,0.0,-3.016539268409535,True,True,"{'const': 0.00038279497959280417, 'ma.L1': -0.09155562214628787, 'ma.L2': -0.017966810448756834, 'sigma2': 0.0001404170069003668}"
SPY,"ARIMA(0,1,2)+drift",2021-02-23,359.8099365234375,2021-02-24,1,363.77484130859375,360.0007966778853,3.96490478515625,0.1908601544478188,1.0,1.0,True,0.8442625383415133,4.47022633282088,1.3523179000476375,7068,expanding,True,3.0,0.0,-3.0168429771526175,True,True,"{'const': 0.00038078932722669016, 'ma.L1': -0.09152238925176379, 'ma.L2': -0.017926335872675593, 'sigma2': 0.00014033172560240742}"
SPY,"ARIMA(0,1,2)+drift",2021-02-23,359.8099365234375,2021-03-02,5,358.91851806640625,360.5494492513952,-0.89141845703125,0.7395127279576741,-1.0,1.0,False,0.8442625383415133,1.931782012018156,1.3523179000476375,7068,expanding,True,3.0,0.0,-3.0168429771526175,True,True,"{'const': 0.00038078932722669016, 'ma.L1': -0.09152238925176379, 'ma.L2': -0.017926335872675593, 'sigma2': 0.00014033172560240742}"
SPY,"ARIMA(0,1,2)+drift",2021-02-23,359.8099365234375,2021-03-23,20,362.8515625,362.6147426822683,3.0416259765625,2.804806158830786,1.0,1.0,True,0.8442625383415133,0.2805049460052174,1.3523179000476375,7068,expanding,True,3.0,0.0,-3.0168429771526175,True,True,"{'const': 0.00038078932722669016, 'ma.L1': -0.09152238925176379, 'ma.L2': -0.017926335872675593, 'sigma2': 0.00014033172560240742}"
SPY,"ARIMA(0,1,2)+drift",2021-03-02,358.91851806640625,2021-03-03,1,354.1643981933594,359.11311868928345,-4.754119873046875,0.19460062287720348,-1.0,1.0,False,0.8473340947164133,5.840341521463646,1.26003399991896,7073,expanding,True,3.0,0.0,-3.0165534577568325,True,True,"{'const': 0.00038017081587085545, 'ma.L1': -0.09189212625153864, 'ma.L2': -0.018556685776660895, 'sigma2': 0.00014041311985661024}"
SPY,"ARIMA(0,1,2)+drift",2021-03-02,358.91851806640625,2021-03-09,5,359.5035095214844,359.70162852185416,0.584991455078125,0.7831104554479111,1.0,1.0,True,0.8473340947164133,0.23381450316370525,1.26003399991896,7073,expanding,True,3.0,0.0,-3.0165534577568325,True,True,"{'const': 0.00038017081587085545, 'ma.L1': -0.09189212625153864, 'ma.L2': -0.018556685776660895, 'sigma2': 0.00014041311985661024}"
SPY,"ARIMA(0,1,2)+drift",2021-03-02,358.91851806640625,2021-03-30,20,367.7237243652344,361.7587091863403,8.805206298828125,2.8401911199340475,1.0,1.0,True,0.8473340947164133,7.039744082162131,1.26003399991896,7073,expanding,True,3.0,0.0,-3.0165534577568325,True,True,"{'const': 0.00038017081587085545, 'ma.L1': -0.09189212625153864, 'ma.L2': -0.018556685776660895, 'sigma2': 0.00014041311985661024}"
SPY,"ARIMA(0,1,2)+drift",2021-03-09,359.5035095214844,2021-03-10,1,361.7412414550781,359.2145083000852,2.23773193359375,-0.2890012213991895,1.0,-1.0,False,0.8499014340872751,2.9729719866944864,1.2150804999982938,7078,expanding,True,3.0,0.0,-3.016471253347908,True,True,"{'const': 0.0003800430370273485, 'ma.L1': -0.0919612234241754, 'ma.L2': -0.01871475344189715, 'sigma2': 0.00014043580707719377}"
SPY,"ARIMA(0,1,2)+drift",2021-03-09,359.5035095214844,2021-03-16,5,367.6189575195313,359.6686264830738,8.115447998046932,0.16511696158943323,1.0,1.0,True,0.8499014340872751,9.354415368172083,1.2150804999982938,7078,expanding,True,3.0,0.0,-3.016471253347908,True,True,"{'const': 0.0003800430370273485, 'ma.L1': -0.0919612234241754, 'ma.L2': -0.01871475344189715, 'sigma2': 0.00014043580707719377}"
SPY,"ARIMA(0,1,2)+drift",2021-03-09,359.5035095214844,2021-04-07,20,378.7723083496094,361.72482510139645,19.268798828125,2.2213155799120727,1.0,1.0,True,0.8499014340872751,20.058188590445827,1.2150804999982938,7078,expanding,True,3.0,0.0,-3.016471253347908,True,True,"{'const': 0.0003800430370273485, 'ma.L1': -0.0919612234241754, 'ma.L2': -0.01871475344189715, 'sigma2': 0.00014043580707719377}"
SPY,"ARIMA(0,1,2)+drift",2021-03-16,367.6189575195313,2021-03-17,1,368.87249755859375,367.7550527368414,1.2535400390624432,0.13609521731007135,1.0,1.0,True,0.8505784276850783,1.3137469578126888,1.2635118000907823,7083,expanding,True,3.0,0.0,-3.016722693738759,True,True,"{'const': 0.00038300063535997604, 'ma.L1': -0.09176002282251873, 'ma.L2': -0.018528163480410396, 'sigma2': 0.0001403655319962784}"
SPY,"ARIMA(0,1,2)+drift",2021-03-16,367.6189575195313,2021-03-23,5,362.8515625,368.32612668428317,-4.767395019531307,0.7071691647518605,-1.0,1.0,False,0.8505784276850783,6.436283834734277,1.2635118000907823,7083,expanding,True,3.0,0.0,-3.016722693738759,True,True,"{'const': 0.00038300063535997604, 'ma.L1': -0.09176002282251873, 'ma.L2': -0.018528163480410396, 'sigma2': 0.0001403655319962784}"
SPY,"ARIMA(0,1,2)+drift",2021-03-16,367.6189575195313,2021-04-14,20,383.2997741699219,370.44825377580804,15.680816650390568,2.8292962562767343,1.0,1.0,True,0.8505784276850783,15.109153930802528,1.2635118000907823,7083,expanding,True,3.0,0.0,-3.016722693738759,True,True,"{'const': 0.00038300063535997604, 'ma.L1': -0.09176002282251873, 'ma.L2': -0.018528163480410396, 'sigma2': 0.0001403655319962784}"
SPY,"ARIMA(0,1,2)+drift",2021-03-23,362.8515625,2021-03-24,1,361.0069885253906,363.1997963105332,-1.844573974609375,0.3482338105332019,-1.0,1.0,False,0.8518223720123694,2.5742547474565916,1.3824748999904841,7088,expanding,True,3.0,0.0,-3.016900396195895,True,True,"{'const': 0.00038092393432537317, 'ma.L1': -0.09183602307194656, 'ma.L2': -0.01857855613194293, 'sigma2': 0.00014031576194882268}"
SPY,"ARIMA(0,1,2)+drift",2021-03-23,362.8515625,2021-03-30,5,367.7237243652344,363.80571917664133,4.872161865234375,0.9541566766413325,1.0,1.0,True,0.8518223720123694,4.59955657109244,1.3824748999904841,7088,expanding,True,3.0,0.0,-3.016900396195895,True,True,"{'const': 0.00038092393432537317, 'ma.L1': -0.09183602307194656, 'ma.L2': -0.01857855613194293, 'sigma2': 0.00014031576194882268}"
SPY,"ARIMA(0,1,2)+drift",2021-03-23,362.8515625,2021-04-21,20,387.6036987304688,365.89040389033494,24.752136230468807,3.0388413903349374,1.0,1.0,True,0.8518223720123694,25.49040217015874,1.3824748999904841,7088,expanding,True,3.0,0.0,-3.016900396195895,True,True,"{'const': 0.00038092393432537317, 'ma.L1': -0.09183602307194656, 'ma.L2': -0.01857855613194293, 'sigma2': 0.00014031576194882268}"
SPY,"ARIMA(0,1,2)+drift",2021-03-30,367.7237243652344,2021-03-31,1,369.2142639160156,367.950314178607,1.49053955078125,0.22658981337264095,1.0,1.0,True,0.8527574286377506,1.4821914121905961,2.1557818999281153,7093,expanding,True,3.0,0.0,-3.0170933331635497,True,True,"{'const': 0.0003825131157434335, 'ma.L1': -0.0917349574869474, 'ma.L2': -0.018808102858351553, 'sigma2': 0.00014026151020550553}"
SPY,"ARIMA(0,1,2)+drift",2021-03-30,367.7237243652344,2021-04-07,5,378.7723083496094,368.53230317480296,11.048583984375,0.8085788095685871,1.0,1.0,True,0.8527574286377506,12.008110197485413,2.1557818999281153,7093,expanding,True,3.0,0.0,-3.0170933331635497,True,True,"{'const': 0.0003825131157434335, 'ma.L1': -0.0917349574869474, 'ma.L2': -0.018808102858351553, 'sigma2': 0.00014026151020550553}"
SPY,"ARIMA(0,1,2)+drift",2021-03-30,367.7237243652344,2021-04-28,20,388.8426818847656,370.65290764283577,21.11895751953125,2.929183277601396,1.0,1.0,True,0.8527574286377506,21.330537420222026,2.1557818999281153,7093,expanding,True,3.0,0.0,-3.0170933331635497,True,True,"{'const': 0.0003825131157434335, 'ma.L1': -0.0917349574869474, 'ma.L2': -0.018808102858351553, 'sigma2': 0.00014026151020550553}"
SPY,"ARIMA(0,1,2)+drift",2021-04-07,378.7723083496094,2021-04-08,1,380.5703125,378.8762561683729,1.798004150390625,0.10394781876351544,1.0,1.0,True,0.8537764337611433,1.9841919554563943,1.3491064000409096,7098,expanding,True,3.0,0.0,-3.017270856305929,True,True,"{'const': 0.0003863922520316037, 'ma.L1': -0.0915275530419246, 'ma.L2': -0.01876955087470291, 'sigma2': 0.00014021169603806573}"
SPY,"ARIMA(0,1,2)+drift",2021-04-07,378.7723083496094,2021-04-14,5,383.2997741699219,379.45442924768963,4.5274658203125,0.6821208980802567,1.0,1.0,True,0.8537764337611433,4.503924880301903,1.3491064000409096,7098,expanding,True,3.0,0.0,-3.017270856305929,True,True,"{'const': 0.0003863922520316037, 'ma.L1': -0.0915275530419246, 'ma.L2': -0.01876955087470291, 'sigma2': 0.00014021169603806573}"
SPY,"ARIMA(0,1,2)+drift",2021-04-07,378.7723083496094,2021-05-05,20,387.3056640625,381.6600887181482,8.533355712890625,2.887780368538813,1.0,1.0,True,0.8537764337611433,6.612475024030993,1.3491064000409096,7098,expanding,True,3.0,0.0,-3.017270856305929,True,True,"{'const': 0.0003863922520316037, 'ma.L1': -0.0915275530419246, 'ma.L2': -0.01876955087470291, 'sigma2': 0.00014021169603806573}"
SPY,"ARIMA(0,1,2)+drift",2021-04-14,383.2997741699219,2021-04-15,1,387.41741943359375,383.552773968883,4.117645263671875,0.25299979896112745,1.0,1.0,True,0.854182758723404,4.524377746147148,2.2287664000177756,7103,expanding,True,3.0,0.0,-3.0175759292704867,True,True,"{'const': 0.0003878157522216629, 'ma.L1': -0.09148538379634093, 'ma.L2': -0.018732630595765066, 'sigma2': 0.0001401263009040543}"
SPY,"ARIMA(0,1,2)+drift",2021-04-14,383.2997741699219,2021-04-21,5,387.6036987304688,384.17371293709147,4.303924560546932,0.8739387671695908,1.0,1.0,True,0.854182758723404,4.0155174736885755,2.2287664000177756,7103,expanding,True,3.0,0.0,-3.0175759292704867,True,True,"{'const': 0.0003878157522216629, 'ma.L1': -0.09148538379634093, 'ma.L2': -0.018732630595765066, 'sigma2': 0.0001401263009040543}"
SPY,"ARIMA(0,1,2)+drift",2021-04-14,383.2997741699219,2021-05-12,20,377.6730041503906,386.41505508690193,-5.62677001953125,3.115280916980055,-1.0,1.0,False,0.854182758723404,10.234403407505559,2.2287664000177756,7103,expanding,True,3.0,0.0,-3.0175759292704867,True,True,"{'const': 0.0003878157522216629, 'ma.L1': -0.09148538379634093, 'ma.L2': -0.018732630595765066, 'sigma2': 0.0001401263009040543}"
SPY,"ARIMA(0,1,2)+drift",2021-04-21,387.6036987304688,2021-04-22,1,384.063720703125,387.5228607029598,-3.539978027343807,-0.08083802750900304,-1.0,-1.0,True,0.855521803652333,4.0433101588612805,1.3543904999969527,7108,expanding,True,3.0,0.0,-3.0177918679273597,True,True,"{'const': 0.0003890574633105209, 'ma.L1': -0.09152507933059217, 'ma.L2': -0.018829634305195672, 'sigma2': 0.00014006555953171543}"
SPY,"ARIMA(0,1,2)+drift",2021-04-21,387.6036987304688,2021-04-28,5,388.8426818847656,388.0665039390367,1.2389831542968182,0.462805208567886,1.0,1.0,True,0.855521803652333,0.9072567670576347,1.3543904999969527,7108,expanding,True,3.0,0.0,-3.0177918679273597,True,True,"{'const': 0.0003890574633105209, 'ma.L1': -0.09152507933059217, 'ma.L2': -0.018829634305195672, 'sigma2': 0.00014006555953171543}"
SPY,"ARIMA(0,1,2)+drift",2021-04-21,387.6036987304688,2021-05-19,20,382.7501525878906,390.3378276027273,-4.853546142578182,2.734128872258509,-1.0,1.0,False,0.855521803652333,8.869060943209076,1.3543904999969527,7108,expanding,True,3.0,0.0,-3.0177918679273597,True,True,"{'const': 0.0003890574633105209, 'ma.L1': -0.09152507933059217, 'ma.L2': -0.018829634305195672, 'sigma2': 0.00014006555953171543}"
SPY,"ARIMA(0,1,2)+drift",2021-04-28,388.8426818847656,2021-04-29,1,391.32080078125,389.01872588390535,2.478118896484375,0.17604399913972202,1.0,1.0,True,0.8561450724392562,2.688884128931299,1.2725279999431223,7113,expanding,True,3.0,0.0,-3.0180523559443997,True,True,"{'const': 0.00038927454108177845, 'ma.L1': -0.09166732808865172, 'ma.L2': -0.018686290841601616, 'sigma2': 0.00013999273015941478}"
SPY,"ARIMA(0,1,2)+drift",2021-04-28,388.8426818847656,2021-05-05,5,387.3056640625,389.62967220828443,-1.537017822265625,0.7869903235188076,-1.0,1.0,False,0.8561450724392562,2.714502740946771,1.2725279999431223,7113,expanding,True,3.0,0.0,-3.0180523559443997,True,True,"{'const': 0.00038927454108177845, 'ma.L1': -0.09166732808865172, 'ma.L2': -0.018686290841601616, 'sigma2': 0.00013999273015941478}"
SPY,"ARIMA(0,1,2)+drift",2021-04-28,388.8426818847656,2021-05-26,20,390.39849853515625,391.91142110347823,1.555816650390625,3.068739218712608,1.0,1.0,True,0.8561450724392562,1.7671334181851819,1.2725279999431223,7113,expanding,True,3.0,0.0,-3.0180523559443997,True,True,"{'const': 0.00038927454108177845, 'ma.L1': -0.09166732808865172, 'ma.L2': -0.018686290841601616, 'sigma2': 0.00013999273015941478}"
SPY,"ARIMA(0,1,2)+drift",2021-05-05,387.3056640625,2021-05-06,1,390.39849853515625,387.5269093924145,3.09283447265625,0.22124532991449541,1.0,1.0,True,0.8567256233372919,3.351818907383389,2.199991300003603,7118,expanding,True,3.0,0.0,-3.018342524192893,True,True,"{'const': 0.00038845023847898806, 'ma.L1': -0.09172370612913022, 'ma.L2': -0.018623588900418857, 'sigma2': 0.00013991149358045683}"
SPY,"ARIMA(0,1,2)+drift",2021-05-05,387.3056640625,2021-05-12,5,377.6730041503906,388.1342533320259,-9.632659912109375,0.8285892695258781,-1.0,1.0,False,0.8567256233372919,12.21073456503433,2.199991300003603,7118,expanding,True,3.0,0.0,-3.018342524192893,True,True,"{'const': 0.00038845023847898806, 'ma.L1': -0.09172370612913022, 'ma.L2': -0.018623588900418857, 'sigma2': 0.00013991149358045683}"
SPY,"ARIMA(0,1,2)+drift",2021-05-05,387.3056640625,2021-06-03,20,390.1190185546875,390.4024175809207,2.8133544921875,3.0967535184207122,1.0,1.0,True,0.8567256233372919,0.33079321840434595,2.199991300003603,7118,expanding,True,3.0,0.0,-3.018342524192893,True,True,"{'const': 0.00038845023847898806, 'ma.L1': -0.09172370612913022, 'ma.L2': -0.018623588900418857, 'sigma2': 0.00013991149358045683}"
SPY,"ARIMA(0,1,2)+drift",2021-05-12,377.6730041503906,2021-05-13,1,382.2098388671875,378.6833108290544,4.536834716796875,1.0103066786637669,1.0,1.0,True,0.8591431154691918,4.1047038318024756,1.3958917999407277,7123,expanding,True,3.0,0.0,-3.018276867252663,True,True,"{'const': 0.00038476696519417977, 'ma.L1': -0.09142482696993681, 'ma.L2': -0.018636992943496127, 'sigma2': 0.00013993027130797993}"
SPY,"ARIMA(0,1,2)+drift",2021-05-12,377.6730041503906,2021-05-19,5,382.7501525878906,379.42888787166703,5.0771484375,1.7558837212764047,1.0,1.0,True,0.8591431154691918,3.8657874996877553,1.3958917999407277,7123,expanding,True,3.0,0.0,-3.018276867252663,True,True,"{'const': 0.00038476696519417977, 'ma.L1': -0.09142482696993681, 'ma.L2': -0.018636992943496127, 'sigma2': 0.00013993027130797993}"
SPY,"ARIMA(0,1,2)+drift",2021-05-12,377.6730041503906,2021-06-10,20,394.6278381347656,381.62509501038573,16.954833984375,3.95209085999511,1.0,1.0,True,0.8591431154691918,15.134548470750284,1.3958917999407277,7123,expanding,True,3.0,0.0,-3.018276867252663,True,True,"{'const': 0.00038476696519417977, 'ma.L1': -0.09142482696993681, 'ma.L2': -0.018636992943496127, 'sigma2': 0.00013993027130797993}"
SPY,"ARIMA(0,1,2)+drift",2021-05-19,382.7501525878906,2021-05-20,1,386.8677062988281,383.09822442671395,4.1175537109375,0.3480718388233299,1.0,1.0,True,0.8607481079615401,4.379308925861267,2.3522722999332473,7128,expanding,True,3.0,0.0,-3.0184200346163266,True,True,"{'const': 0.00038626379882396913, 'ma.L1': -0.09147066151245226, 'ma.L2': -0.01923681731296757, 'sigma2': 0.00013988978235255077}"
SPY,"ARIMA(0,1,2)+drift",2021-05-19,382.7501525878906,2021-05-26,5,390.39849853515625,383.71900212088923,7.648345947265625,0.968849532998604,1.0,1.0,True,0.8607481079615401,7.76010583408157,2.3522722999332473,7128,expanding,True,3.0,0.0,-3.0184200346163266,True,True,"{'const': 0.00038626379882396913, 'ma.L1': -0.09147066151245226, 'ma.L2': -0.01923681731296757, 'sigma2': 0.00013988978235255077}"
SPY,"ARIMA(0,1,2)+drift",2021-05-19,382.7501525878906,2021-06-17,20,393.1001281738281,385.94870668106074,10.3499755859375,3.1985540931701166,1.0,1.0,True,0.8607481079615401,8.308378986395544,2.3522722999332473,7128,expanding,True,3.0,0.0,-3.0184200346163266,True,True,"{'const': 0.00038626379882396913, 'ma.L1': -0.09147066151245226, 'ma.L2': -0.01923681731296757, 'sigma2': 0.00013988978235255077}"
SPY,"ARIMA(0,1,2)+drift",2021-05-26,390.39849853515625,2021-05-27,1,390.6034851074219,390.50493716594536,0.204986572265625,0.10643863078911409,1.0,1.0,True,0.8615488051298426,0.11438463020288087,1.307231800048612,7133,expanding,True,3.0,0.0,-3.018670522927444,True,True,"{'const': 0.0003887290214739339, 'ma.L1': -0.09153324427541798, 'ma.L2': -0.01920230655423557, 'sigma2': 0.00013981954580257115}"
SPY,"ARIMA(0,1,2)+drift",2021-05-26,390.39849853515625,2021-06-03,5,390.1190185546875,391.1003891407128,-0.27947998046875,0.7018906055565708,-1.0,1.0,False,0.8615488051298426,1.139077183070807,1.307231800048612,7133,expanding,True,3.0,0.0,-3.018670522927444,True,True,"{'const': 0.0003887290214739339, 'ma.L1': -0.09153324427541798, 'ma.L2': -0.01920230655423557, 'sigma2': 0.00013981954580257115}"
SPY,"ARIMA(0,1,2)+drift",2021-05-26,390.39849853515625,2021-06-24,20,397.3115234375,393.38753182457793,6.91302490234375,2.989033289421684,1.0,1.0,True,0.8615488051298426,4.55457844008116,1.307231800048612,7133,expanding,True,3.0,0.0,-3.018670522927444,True,True,"{'const': 0.0003887290214739339, 'ma.L1': -0.09153324427541798, 'ma.L2': -0.01920230655423557, 'sigma2': 0.00013981954580257115}"
SPY,"ARIMA(0,1,2)+drift",2021-06-03,390.1190185546875,2021-06-04,1,393.6870422363281,390.40616283904745,3.568023681640625,0.28714428435995387,1.0,1.0,True,0.8614099039422779,3.808731919920576,1.2745815000962466,7138,expanding,True,3.0,0.0,-3.0190104431944653,True,True,"{'const': 0.00038838457274629166, 'ma.L1': -0.0915399660764167, 'ma.L2': -0.0191924111249719, 'sigma2': 0.00013972461160361002}"
SPY,"ARIMA(0,1,2)+drift",2021-06-03,390.1190185546875,2021-06-10,5,394.6278381347656,391.0433676437985,4.508819580078125,0.92434908911099,1.0,1.0,True,0.8614099039422779,4.161167029265229,1.2745815000962466,7138,expanding,True,3.0,0.0,-3.0190104431944653,True,True,"{'const': 0.00038838457274629166, 'ma.L1': -0.0915399660764167, 'ma.L2': -0.0191924111249719, 'sigma2': 0.00013972461160361002}"
SPY,"ARIMA(0,1,2)+drift",2021-06-03,390.1190185546875,2021-07-01,20,402.2930908203125,393.328144641822,12.174072265625,3.209126087134507,1.0,1.0,True,0.8614099039422779,10.407294062283295,1.2745815000962466,7138,expanding,True,3.0,0.0,-3.0190104431944653,True,True,"{'const': 0.00038838457274629166, 'ma.L1': -0.0915399660764167, 'ma.L2': -0.0191924111249719, 'sigma2': 0.00013972461160361002}"
SPY,"ARIMA(0,1,2)+drift",2021-06-10,394.6278381347656,2021-06-11,1,395.280029296875,394.64883244593665,0.652191162109375,0.020994311171023128,1.0,1.0,True,0.861709471878569,0.7324938062503963,1.2590497999917716,7143,expanding,True,3.0,0.0,-3.0193151304684647,True,True,"{'const': 0.00038967895966248166, 'ma.L1': -0.09158671624842782, 'ma.L2': -0.019173916008814927, 'sigma2': 0.00013963928048375018}"
SPY,"ARIMA(0,1,2)+drift",2021-06-10,394.6278381347656,2021-06-17,5,393.1001281738281,395.23359602972914,-1.5277099609375,0.6057578949635172,-1.0,1.0,False,0.861709471878569,2.4758551757008687,1.2590497999917716,7143,expanding,True,3.0,0.0,-3.0193151304684647,True,True,"{'const': 0.00038967895966248166, 'ma.L1': -0.09158671624842782, 'ma.L2': -0.019173916008814927, 'sigma2': 0.00013963928048375018}"
SPY,"ARIMA(0,1,2)+drift",2021-06-10,394.6278381347656,2021-07-09,20,407.0503540039063,397.5505742632498,12.422515869140682,2.922736128484189,1.0,1.0,True,0.861709471878569,11.024341788824145,1.2590497999917716,7143,expanding,True,3.0,0.0,-3.0193151304684647,True,True,"{'const': 0.00038967895966248166, 'ma.L1': -0.09158671624842782, 'ma.L2': -0.019173916008814927, 'sigma2': 0.00013963928048375018}"
SPY,"ARIMA(0,1,2)+drift",2021-06-17,393.1001281738281,2021-06-18,1,387.7969665527344,393.34684423170506,-5.30316162109375,0.24671605787693807,-1.0,1.0,False,0.8617505556189033,6.440236844390316,2.3692109000403434,7148,expanding,False,2.0,2.0,-3.0196398774247513,True,True,"{'const': 0.0003888973270382393, 'ma.L1': -0.09156137548421758, 'ma.L2': -0.019185278128397733, 'sigma2': 0.00013954872205458295}"
SPY,"ARIMA(0,1,2)+drift",2021-06-17,393.1001281738281,2021-06-24,5,397.3115234375,393.9691852488987,4.211395263671875,0.8690570750706001,1.0,1.0,True,0.8617505556189033,3.8785448605841983,2.3692109000403434,7148,expanding,False,2.0,2.0,-3.0196398774247513,True,True,"{'const': 0.0003888973270382393, 'ma.L1': -0.09156137548421758, 'ma.L2': -0.019185278128397733, 'sigma2': 0.00013954872205458295}"
SPY,"ARIMA(0,1,2)+drift",2021-06-17,393.1001281738281,2021-07-16,20,403.14361572265625,396.27410498729796,10.043487548828125,3.173976813469835,1.0,1.0,True,0.8617505556189033,7.97157679860694,2.3692109000403434,7148,expanding,False,2.0,2.0,-3.0196398774247513,True,True,"{'const': 0.0003888973270382393, 'ma.L1': -0.09156137548421758, 'ma.L2': -0.019185278128397733, 'sigma2': 0.00013954872205458295}"
SPY,"ARIMA(0,1,2)+drift",2021-06-24,397.3115234375,2021-06-25,1,398.72271728515625,397.27087189184897,1.41119384765625,-0.040651545651030574,1.0,-1.0,False,0.8633532140078963,1.681635476362519,1.3129549999721348,7153,expanding,True,3.0,0.0,-3.0197773007128044,True,True,"{'const': 0.0003900718393023369, 'ma.L1': -0.0916602812987677, 'ma.L2': -0.019172650509235226, 'sigma2': 0.00013951012575502596}"
SPY,"ARIMA(0,1,2)+drift",2021-06-24,397.3115234375,2021-07-01,5,402.2930908203125,397.8489201201895,4.9815673828125,0.5373966826895185,1.0,1.0,True,0.8633532140078963,5.1475695323957344,1.3129549999721348,7153,expanding,True,3.0,0.0,-3.0197773007128044,True,True,"{'const': 0.0003900718393023369, 'ma.L1': -0.0916602812987677, 'ma.L2': -0.019172650509235226, 'sigma2': 0.00013951012575502596}"
SPY,"ARIMA(0,1,2)+drift",2021-06-24,397.3115234375,2021-07-23,20,411.1814575195313,400.1835885230791,13.869934082031307,2.872065085579095,1.0,1.0,True,0.8633532140078963,12.7385510565223,1.3129549999721348,7153,expanding,True,3.0,0.0,-3.0197773007128044,True,True,"{'const': 0.0003900718393023369, 'ma.L1': -0.0916602812987677, 'ma.L2': -0.019172650509235226, 'sigma2': 0.00013951012575502596}"
SPY,"ARIMA(0,1,2)+drift",2021-07-01,402.2930908203125,2021-07-02,1,405.3680114746094,402.2553985092632,3.074920654296875,-0.037692311049283944,1.0,-1.0,False,0.8634461022729198,3.6048723332615356,2.2333727000514045,7158,expanding,True,3.0,0.0,-3.020104264172782,True,True,"{'const': 0.0003915402477451065, 'ma.L1': -0.09162575991317717, 'ma.L2': -0.019159120993183936, 'sigma2': 0.00013941892192125555}"
SPY,"ARIMA(0,1,2)+drift",2021-07-01,402.2930908203125,2021-07-09,5,407.0503540039063,402.8458617745683,4.757263183593807,0.5527709542557773,1.0,1.0,True,0.8634461022729198,4.869432172164772,2.2333727000514045,7158,expanding,True,3.0,0.0,-3.020104264172782,True,True,"{'const': 0.0003915402477451065, 'ma.L1': -0.09162575991317717, 'ma.L2': -0.019159120993183936, 'sigma2': 0.00013941892192125555}"
SPY,"ARIMA(0,1,2)+drift",2021-07-01,402.2930908203125,2021-07-30,20,409.8449401855469,405.2187786751199,7.551849365234375,2.925687854807393,1.0,1.0,True,0.8634461022729198,5.357788399587604,2.2333727000514045,7158,expanding,True,3.0,0.0,-3.020104264172782,True,True,"{'const': 0.0003915402477451065, 'ma.L1': -0.09162575991317717, 'ma.L2': -0.019159120993183936, 'sigma2': 0.00013941892192125555}"
SPY,"ARIMA(0,1,2)+drift",2021-07-09,407.0503540039063,2021-07-12,1,408.5083923339844,406.9193927538406,1.4580383300780682,-0.13096125006569537,1.0,-1.0,False,0.8646376385298633,1.8377636009988267,2.239476599963382,7163,expanding,False,2.0,2.0,-3.0203376047661017,True,True,"{'const': 0.00039289193146493386, 'ma.L1': -0.0917054415926491, 'ma.L2': -0.01908601546966265, 'sigma2': 0.0001393537809477702}"
SPY,"ARIMA(0,1,2)+drift",2021-07-09,407.0503540039063,2021-07-16,5,403.14361572265625,407.48532649109717,-3.906738281250057,0.434972487190862,-1.0,1.0,False,0.8646376385298633,5.021422356564417,2.239476599963382,7163,expanding,False,2.0,2.0,-3.0203376047661017,True,True,"{'const': 0.00039289193146493386, 'ma.L1': -0.0917054415926491, 'ma.L2': -0.01908601546966265, 'sigma2': 0.0001393537809477702}"
SPY,"ARIMA(0,1,2)+drift",2021-07-09,407.0503540039063,2021-08-06,20,413.5647277832031,409.89388224038845,6.514373779296818,2.8435282364821433,1.0,1.0,True,0.8646376385298633,4.24553058904096,2.239476599963382,7163,expanding,False,2.0,2.0,-3.0203376047661017,True,True,"{'const': 0.00039289193146493386, 'ma.L1': -0.0917054415926491, 'ma.L2': -0.01908601546966265, 'sigma2': 0.0001393537809477702}"
SPY,"ARIMA(0,1,2)+drift",2021-07-16,403.14361572265625,2021-07-19,1,397.1900329589844,403.6486641723364,-5.953582763671875,0.505048449680146,-1.0,1.0,False,0.8651559296654946,7.465279947684341,1.2662164999637753,7168,expanding,True,3.0,0.0,-3.0206289674711893,True,True,"{'const': 0.0003913676707538613, 'ma.L1': -0.09165550802122902, 'ma.L2': -0.019147670250012547, 'sigma2': 0.00013927297592247152}"
SPY,"ARIMA(0,1,2)+drift",2021-07-16,403.14361572265625,2021-07-23,5,411.1814575195313,404.34761382679403,8.037841796875057,1.2039981041377814,1.0,1.0,True,0.8651559296654946,7.898973420178169,1.2662164999637753,7168,expanding,True,3.0,0.0,-3.0206289674711893,True,True,"{'const': 0.0003913676707538613, 'ma.L1': -0.09165550802122902, 'ma.L2': -0.019147670250012547, 'sigma2': 0.00013927297592247152}"
SPY,"ARIMA(0,1,2)+drift",2021-07-16,403.14361572265625,2021-08-13,20,416.77056884765625,406.7283237432929,13.626953125,3.58470802063664,1.0,1.0,True,0.8651559296654946,11.60743949156785,1.2662164999637753,7168,expanding,True,3.0,0.0,-3.0206289674711893,True,True,"{'const': 0.0003913676707538613, 'ma.L1': -0.09165550802122902, 'ma.L2': -0.019147670250012547, 'sigma2': 0.00013927297592247152}"
SPY,"ARIMA(0,1,2)+drift",2021-07-23,411.1814575195313,2021-07-26,1,412.1908874511719,410.9359886762189,1.0094299316405682,-0.2454688433123806,1.0,-1.0,False,0.8673337360899077,1.446846493727146,1.2734785999637097,7173,expanding,True,3.0,0.0,-3.0206806524805385,True,True,"{'const': 0.0003937373916829429, 'ma.L1': -0.09156742528405727, 'ma.L2': -0.01922806563004144, 'sigma2': 0.00013925800327646857}"
SPY,"ARIMA(0,1,2)+drift",2021-07-23,411.1814575195313,2021-07-30,5,409.8449401855469,411.502570362722,-1.3365173339844318,0.32111284319069,-1.0,1.0,False,0.8673337360899077,1.9111791784417482,1.2734785999637097,7173,expanding,True,3.0,0.0,-3.0206806524805385,True,True,"{'const': 0.0003937373916829429, 'ma.L1': -0.09156742528405727, 'ma.L2': -0.01922806563004144, 'sigma2': 0.00013925800327646857}"
SPY,"ARIMA(0,1,2)+drift",2021-07-23,411.1814575195313,2021-08-20,20,414.37786865234375,413.94012066839144,3.196411132812443,2.758663148860137,1.0,1.0,True,0.8673337360899077,0.5047053582001211,1.2734785999637097,7173,expanding,True,3.0,0.0,-3.0206806524805385,True,True,"{'const': 0.0003937373916829429, 'ma.L1': -0.09156742528405727, 'ma.L2': -0.01922806563004144, 'sigma2': 0.00013925800327646857}"
SPY,"ARIMA(0,1,2)+drift",2021-07-30,409.8449401855469,2021-08-02,1,408.9850158691406,410.1641736450333,-0.85992431640625,0.31923345948644055,-1.0,1.0,False,0.8676710369295609,1.3589917442276187,1.385512400069274,7178,expanding,True,3.0,0.0,-3.0209950837677764,True,True,"{'const': 0.00039309247727030964, 'ma.L1': -0.09156867456515397, 'ma.L2': -0.01927822869340277, 'sigma2': 0.00013917078619054497}"
SPY,"ARIMA(0,1,2)+drift",2021-07-30,409.8449401855469,2021-08-06,5,413.5647277832031,410.8488806663649,3.71978759765625,1.0039404808180166,1.0,1.0,True,0.8676710369295609,3.1300423792510554,1.385512400069274,7178,expanding,True,3.0,0.0,-3.0209950837677764,True,True,"{'const': 0.00039309247727030964, 'ma.L1': -0.09156867456515397, 'ma.L2': -0.01927822869340277, 'sigma2': 0.00013917078619054497}"
SPY,"ARIMA(0,1,2)+drift",2021-07-30,409.8449401855469,2021-08-27,20,420.8175048828125,413.2785608587174,10.972564697265625,3.4336206731705374,1.0,1.0,True,0.8676710369295609,8.688712315180243,1.385512400069274,7178,expanding,True,3.0,0.0,-3.0209950837677764,True,True,"{'const': 0.00039309247727030964, 'ma.L1': -0.09156867456515397, 'ma.L2': -0.01927822869340277, 'sigma2': 0.00013917078619054497}"
SPY,"ARIMA(0,1,2)+drift",2021-08-06,413.5647277832031,2021-08-09,1,413.2283020019531,413.61908645753783,-0.33642578125,0.05435867433470776,-1.0,1.0,False,0.8683891423861985,0.45001075728663853,2.280384600046091,7183,expanding,True,3.0,0.0,-3.021283715476012,True,True,"{'const': 0.0003940376753086652, 'ma.L1': -0.09162764682855595, 'ma.L2': -0.019272606834692747, 'sigma2': 0.00013909026758342924}"
SPY,"ARIMA(0,1,2)+drift",2021-08-06,413.5647277832031,2021-08-13,5,416.77056884765625,414.2580974473319,3.205841064453125,0.6933696641287952,1.0,1.0,True,0.8683891423861985,2.89325519826336,2.280384600046091,7183,expanding,True,3.0,0.0,-3.021283715476012,True,True,"{'const': 0.0003940376753086652, 'ma.L1': -0.09162764682855595, 'ma.L2': -0.019272606834692747, 'sigma2': 0.00013909026758342924}"
SPY,"ARIMA(0,1,2)+drift",2021-08-06,413.5647277832031,2021-09-03,20,423.4624328613281,416.7138471979403,9.897705078125,3.1491194147371857,1.0,1.0,True,0.8683891423861985,7.771384203219941,2.280384600046091,7183,expanding,True,3.0,0.0,-3.021283715476012,True,True,"{'const': 0.0003940376753086652, 'ma.L1': -0.09162764682855595, 'ma.L2': -0.019272606834692747, 'sigma2': 0.00013909026758342924}"
SPY,"ARIMA(0,1,2)+drift",2021-08-13,416.77056884765625,2021-08-16,1,417.75189208984375,416.8468173803299,0.9813232421875,0.07624853267367371,1.0,1.0,True,0.8683246852990999,1.0423229062088308,1.317334600025788,7188,expanding,True,3.0,0.0,-3.021623207596065,True,True,"{'const': 0.0003948399188826607, 'ma.L1': -0.09161668482113089, 'ma.L2': -0.019272858126567146, 'sigma2': 0.0001389958430108357}"
SPY,"ARIMA(0,1,2)+drift",2021-08-13,416.77056884765625,2021-08-20,5,414.37786865234375,417.49183274217415,-2.3927001953125,0.7212638945179037,-1.0,1.0,False,0.8683246852990999,3.58617478294744,1.317334600025788,7188,expanding,True,3.0,0.0,-3.021623207596065,True,True,"{'const': 0.0003948399188826607, 'ma.L1': -0.09161668482113089, 'ma.L2': -0.019272858126567146, 'sigma2': 0.0001389958430108357}"
SPY,"ARIMA(0,1,2)+drift",2021-08-13,416.77056884765625,2021-09-13,20,417.3873596191406,419.97180605705324,0.616790771484375,3.201237209396993,1.0,1.0,True,0.8683246852990999,2.9763595135181364,1.317334600025788,7188,expanding,True,3.0,0.0,-3.021623207596065,True,True,"{'const': 0.0003948399188826607, 'ma.L1': -0.09161668482113089, 'ma.L2': -0.019272858126567146, 'sigma2': 0.0001389958430108357}"
SPY,"ARIMA(0,1,2)+drift",2021-08-20,414.37786865234375,2021-08-23,1,418.0229187011719,414.2649672775955,3.645050048828125,-0.11290137474827588,1.0,-1.0,False,0.8694130141159586,4.3224007031889,1.3081167000345886,7193,expanding,True,3.0,0.0,-3.021847502455369,True,True,"{'const': 0.00039373649174796613, 'ma.L1': -0.09155004808452115, 'ma.L2': -0.019403075172742673, 'sigma2': 0.00013893331909875512}"
SPY,"ARIMA(0,1,2)+drift",2021-08-20,414.37786865234375,2021-08-27,5,420.8175048828125,414.8592179131373,6.43963623046875,0.4813492607935359,1.0,1.0,True,0.8694130141159586,6.853229561710383,1.3081167000345886,7193,expanding,True,3.0,0.0,-3.021847502455369,True,True,"{'const': 0.00039373649174796613, 'ma.L1': -0.09155004808452115, 'ma.L2': -0.019403075172742673, 'sigma2': 0.00013893331909875512}"
SPY,"ARIMA(0,1,2)+drift",2021-08-20,414.37786865234375,2021-09-20,20,406.966796875,417.3166458081742,-7.41107177734375,2.9387771558304507,-1.0,1.0,False,0.8694130141159586,11.904409946863048,1.3081167000345886,7193,expanding,True,3.0,0.0,-3.021847502455369,True,True,"{'const': 0.00039373649174796613, 'ma.L1': -0.09155004808452115, 'ma.L2': -0.019403075172742673, 'sigma2': 0.00013893331909875512}"
SPY,"ARIMA(0,1,2)+drift",2021-08-27,420.8175048828125,2021-08-30,1,422.6680603027344,420.7258970321727,1.850555419921875,-0.09160785063977528,1.0,-1.0,False,0.8703920587791709,2.2313660274954334,1.2617415999993682,7198,expanding,True,3.0,0.0,-3.022099277527222,True,True,"{'const': 0.0003956076915901504, 'ma.L1': -0.09152511720664237, 'ma.L2': -0.019369906432375125, 'sigma2': 0.0001388633287754482}"
SPY,"ARIMA(0,1,2)+drift",2021-08-27,420.8175048828125,2021-09-03,5,423.4624328613281,421.3269907564096,2.644927978515625,0.5094858735971002,1.0,1.0,True,0.8703920587791709,2.453425537813084,1.2617415999993682,7198,expanding,True,3.0,0.0,-3.022099277527222,True,True,"{'const': 0.0003956076915901504, 'ma.L1': -0.09152511720664237, 'ma.L2': -0.019369906432375125, 'sigma2': 0.0001388633287754482}"
SPY,"ARIMA(0,1,2)+drift",2021-08-27,420.8175048828125,2021-09-27,20,415.03033447265625,423.8346266714983,-5.78717041015625,3.017121788685813,-1.0,1.0,False,0.8703920587791709,10.115317700842924,1.2617415999993682,7198,expanding,True,3.0,0.0,-3.022099277527222,True,True,"{'const': 0.0003956076915901504, 'ma.L1': -0.09152511720664237, 'ma.L2': -0.019369906432375125, 'sigma2': 0.0001388633287754482}"
SPY,"ARIMA(0,1,2)+drift",2021-09-03,423.4624328613281,2021-09-07,1,421.9483642578125,423.6236462526494,-1.514068603515625,0.16121339132126877,-1.0,1.0,False,0.8703575240211732,1.9248204888226361,2.2598294999916106,7203,expanding,False,2.0,2.0,-3.0224314748810386,True,True,"{'const': 0.00039624011046549137, 'ma.L1': -0.09149338871270557, 'ma.L2': -0.01941300769880895, 'sigma2': 0.00013877125168123652}"
SPY,"ARIMA(0,1,2)+drift",2021-09-03,423.4624328613281,2021-09-13,5,417.3873596191406,424.29884900581936,-6.0750732421875,0.8364161444912384,-1.0,1.0,False,0.8703575240211732,7.9409773523260805,2.2598294999916106,7203,expanding,False,2.0,2.0,-3.0224314748810386,True,True,"{'const': 0.00039624011046549137, 'ma.L1': -0.09149338871270557, 'ma.L2': -0.01941300769880895, 'sigma2': 0.00013877125168123652}"
SPY,"ARIMA(0,1,2)+drift",2021-09-03,423.4624328613281,2021-10-04,20,401.9036254882813,426.82822169354364,-21.558807373046818,3.3657888322155145,-1.0,1.0,False,0.8703575240211732,28.637192782693738,2.2598294999916106,7203,expanding,False,2.0,2.0,-3.0224314748810386,True,True,"{'const': 0.00039624011046549137, 'ma.L1': -0.09149338871270557, 'ma.L2': -0.01941300769880895, 'sigma2': 0.00013877125168123652}"
SPY,"ARIMA(0,1,2)+drift",2021-09-13,417.3873596191406,2021-09-14,1,415.1349487304688,417.57493369010245,-2.252410888671818,0.18757407096182988,-1.0,1.0,False,0.870892310483257,2.8017068588878726,1.3211969999829307,7208,expanding,True,3.0,0.0,-3.0227168804371116,True,True,"{'const': 0.0003939618392751796, 'ma.L1': -0.09144198866781893, 'ma.L2': -0.01939628524646271, 'sigma2': 0.0001386920338550354}"
SPY,"ARIMA(0,1,2)+drift",2021-09-13,417.3873596191406,2021-09-20,5,406.966796875,418.22325380162164,-10.420562744140625,0.8358941824810131,-1.0,1.0,False,0.870892310483257,12.925199581077303,1.3211969999829307,7208,expanding,True,3.0,0.0,-3.0227168804371116,True,True,"{'const': 0.0003939618392751796, 'ma.L1': -0.09144198866781893, 'ma.L2': -0.01939628524646271, 'sigma2': 0.0001386920338550354}"
SPY,"ARIMA(0,1,2)+drift",2021-09-13,417.3873596191406,2021-10-11,20,407.5762023925781,420.7020306988316,-9.8111572265625,3.3146710796909815,-1.0,1.0,False,0.870892310483257,15.07170076971971,1.3211969999829307,7208,expanding,True,3.0,0.0,-3.0227168804371116,True,True,"{'const': 0.0003939618392751796, 'ma.L1': -0.09144198866781893, 'ma.L2': -0.01939628524646271, 'sigma2': 0.0001386920338550354}"
SPY,"ARIMA(0,1,2)+drift",2021-09-20,406.966796875,2021-09-21,1,406.5823364257813,407.88164427783784,-0.38446044921869316,0.9148474028378359,-1.0,1.0,False,0.872695005673934,1.4888452937268108,2.370179899968207,7213,expanding,False,2.0,2.0,-3.0228013144511645,True,True,"{'const': 0.00039028897430160925, 'ma.L1': -0.09130408549757098, 'ma.L2': -0.019384587340884923, 'sigma2': 0.00013866903581736381}"
SPY,"ARIMA(0,1,2)+drift",2021-09-20,406.966796875,2021-09-27,5,415.03033447265625,408.6627456164312,8.06353759765625,1.6959487414312093,1.0,1.0,True,0.872695005673934,7.296465334195083,2.370179899968207,7213,expanding,False,2.0,2.0,-3.0228013144511645,True,True,"{'const': 0.00039028897430160925, 'ma.L1': -0.09130408549757098, 'ma.L2': -0.019384587340884923, 'sigma2': 0.00013866903581736381}"
SPY,"ARIMA(0,1,2)+drift",2021-09-20,406.966796875,2021-10-18,20,419.2964172363281,411.06221085685104,12.329620361328125,4.095413981851038,1.0,1.0,True,0.872695005673934,9.435376994186262,2.370179899968207,7213,expanding,False,2.0,2.0,-3.0228013144511645,True,True,"{'const': 0.00039028897430160925, 'ma.L1': -0.09130408549757098, 'ma.L2': -0.019384587340884923, 'sigma2': 0.00013866903581736381}"
SPY,"ARIMA(0,1,2)+drift",2021-09-27,415.03033447265625,2021-09-28,1,406.6667175292969,415.27782863751696,-8.363616943359375,0.2474941648607114,-1.0,1.0,False,0.8736442247718199,9.856542130143598,1.307700700010173,7218,expanding,True,3.0,0.0,-3.023021138347445,True,True,"{'const': 0.0003926427531034256, 'ma.L1': -0.09115278357181461, 'ma.L2': -0.019592409449122702, 'sigma2': 0.00013860757536357561}"
SPY,"ARIMA(0,1,2)+drift",2021-09-27,415.03033447265625,2021-10-04,5,401.9036254882813,415.95323273496984,-13.126708984374943,0.9228982623135948,-1.0,1.0,False,0.8736442247718199,16.081611768632754,1.307700700010173,7218,expanding,True,3.0,0.0,-3.023021138347445,True,True,"{'const': 0.0003926427531034256, 'ma.L1': -0.09115278357181461, 'ma.L2': -0.019592409449122702, 'sigma2': 0.00013860757536357561}"
SPY,"ARIMA(0,1,2)+drift",2021-09-27,415.03033447265625,2021-10-25,20,427.135009765625,418.41027652273465,12.10467529296875,3.379942050078398,1.0,1.0,True,0.8736442247718199,9.98659751361499,1.307700700010173,7218,expanding,True,3.0,0.0,-3.023021138347445,True,True,"{'const': 0.0003926427531034256, 'ma.L1': -0.09115278357181461, 'ma.L2': -0.019592409449122702, 'sigma2': 0.00013860757536357561}"
SPY,"ARIMA(0,1,2)+drift",2021-10-04,401.9036254882813,2021-10-05,1,406.0853576660156,402.4469660350198,4.181732177734318,0.5433405467384773,1.0,1.0,True,0.8763707947183008,4.151657783353403,1.2359632999869063,7223,expanding,True,3.0,0.0,-3.0229285205766665,True,True,"{'const': 0.00038796822230420324, 'ma.L1': -0.09134631154165491, 'ma.L2': -0.01918279907996688, 'sigma2': 0.00013863334663943822}"
SPY,"ARIMA(0,1,2)+drift",2021-10-04,401.9036254882813,2021-10-11,5,407.5762023925781,403.1701078813744,5.672576904296818,1.2664823930930993,1.0,1.0,True,0.8763707947183008,5.027660138560421,1.2359632999869063,7223,expanding,True,3.0,0.0,-3.0229285205766665,True,True,"{'const': 0.00038796822230420324, 'ma.L1': -0.09134631154165491, 'ma.L2': -0.01918279907996688, 'sigma2': 0.00013863334663943822}"
SPY,"ARIMA(0,1,2)+drift",2021-10-04,401.9036254882813,2021-11-01,20,431.3450012207031,405.52320604582815,29.441375732421818,3.61958055754684,1.0,1.0,True,0.8763707947183008,29.464463364705225,1.2359632999869063,7223,expanding,True,3.0,0.0,-3.0229285205766665,True,True,"{'const': 0.00038796822230420324, 'ma.L1': -0.09134631154165491, 'ma.L2': -0.01918279907996688, 'sigma2': 0.00013863334663943822}"
SPY,"ARIMA(0,1,2)+drift",2021-10-11,407.5762023925781,2021-10-12,1,406.5729675292969,408.02905660751634,-1.00323486328125,0.4528542149382133,-1.0,1.0,False,0.8775795239440236,1.6592104059988755,1.360357700032182,7228,expanding,True,3.0,0.0,-3.0231563695896937,True,True,"{'const': 0.00038962335539569895, 'ma.L1': -0.09139411851181768, 'ma.L2': -0.019144578311737364, 'sigma2': 0.00013857000280549203}"
SPY,"ARIMA(0,1,2)+drift",2021-10-11,407.5762023925781,2021-10-18,5,419.2964172363281,408.7249973483048,11.72021484375,1.1487949557266575,1.0,1.0,True,0.8775795239440236,12.046110465879147,1.360357700032182,7228,expanding,True,3.0,0.0,-3.0231563695896937,True,True,"{'const': 0.00038962335539569895, 'ma.L1': -0.09139411851181768, 'ma.L2': -0.019144578311737364, 'sigma2': 0.00013857000280549203}"
SPY,"ARIMA(0,1,2)+drift",2021-10-11,407.5762023925781,2021-11-08,20,439.6804809570313,411.12072333367985,32.10427856445318,3.544520941101723,1.0,1.0,True,0.8775795239440236,32.54378303518069,1.360357700032182,7228,expanding,True,3.0,0.0,-3.0231563695896937,True,True,"{'const': 0.00038962335539569895, 'ma.L1': -0.09139411851181768, 'ma.L2': -0.019144578311737364, 'sigma2': 0.00013857000280549203}"
SPY,"ARIMA(0,1,2)+drift",2021-10-18,419.2964172363281,2021-10-19,1,422.53131103515625,419.25052885260476,3.234893798828125,-0.04588838372336568,1.0,-1.0,False,0.8788708385113069,3.732951463162334,1.3190967000555247,7233,expanding,True,3.0,0.0,-3.0233118546352036,True,True,"{'const': 0.00039320374443571203, 'ma.L1': -0.09116129704818951, 'ma.L2': -0.019157700013335444, 'sigma2': 0.00013852654625168804}"
SPY,"ARIMA(0,1,2)+drift",2021-10-18,419.2964172363281,2021-10-25,5,427.135009765625,419.8808832876547,7.838592529296875,0.584466051326558,1.0,1.0,True,0.8788708385113069,8.253916457460194,1.3190967000555247,7233,expanding,True,3.0,0.0,-3.0233118546352036,True,True,"{'const': 0.00039320374443571203, 'ma.L1': -0.09116129704818951, 'ma.L2': -0.019157700013335444, 'sigma2': 0.00013852654625168804}"
SPY,"ARIMA(0,1,2)+drift",2021-10-18,419.2964172363281,2021-11-15,20,438.2740783691406,422.36468191210207,18.9776611328125,3.0682646757739462,1.0,1.0,True,0.8788708385113069,18.102087087093487,1.3190967000555247,7233,expanding,True,3.0,0.0,-3.0233118546352036,True,True,"{'const': 0.00039320374443571203, 'ma.L1': -0.09116129704818951, 'ma.L2': -0.019157700013335444, 'sigma2': 0.00013852654625168804}"
SPY,"ARIMA(0,1,2)+drift",2021-10-25,427.135009765625,2021-10-26,1,427.51947021484375,427.12204283676635,0.38446044921875,-0.012966928858645588,1.0,-1.0,False,0.8794685343739342,0.45189493716260304,1.377534699975513,7238,expanding,True,3.0,0.0,-3.023601501270049,True,True,"{'const': 0.0003954927206744666, 'ma.L1': -0.09108584050888617, 'ma.L2': -0.019038095764564826, 'sigma2': 0.00013844638624512567}"
SPY,"ARIMA(0,1,2)+drift",2021-10-25,427.135009765625,2021-11-01,5,431.3450012207031,427.7583244200826,4.209991455078125,0.6233146544576016,1.0,1.0,True,0.8794685343739342,4.078232091809589,1.377534699975513,7238,expanding,True,3.0,0.0,-3.023601501270049,True,True,"{'const': 0.0003954927206744666, 'ma.L1': -0.09108584050888617, 'ma.L2': -0.019038095764564826, 'sigma2': 0.00013844638624512567}"
SPY,"ARIMA(0,1,2)+drift",2021-10-25,427.135009765625,2021-11-22,20,438.4053039550781,430.3034959846204,11.270294189453125,3.1684862189953833,1.0,1.0,True,0.8794685343739342,9.212163544003495,1.377534699975513,7238,expanding,True,3.0,0.0,-3.023601501270049,True,True,"{'const': 0.0003954927206744666, 'ma.L1': -0.09108584050888617, 'ma.L2': -0.019038095764564826, 'sigma2': 0.00013844638624512567}"
SPY,"ARIMA(0,1,2)+drift",2021-11-01,431.3450012207031,2021-11-02,1,433.0889587402344,431.4298942280303,1.74395751953125,0.08489300732719585,1.0,1.0,True,0.8799657107913934,1.8853740456681904,1.4222263999981806,7243,expanding,True,3.0,0.0,-3.0238927467786714,True,True,"{'const': 0.00039658743887551585, 'ma.L1': -0.09110060597787076, 'ma.L2': -0.01904770184931709, 'sigma2': 0.00013836580899174785}"
SPY,"ARIMA(0,1,2)+drift",2021-11-01,431.3450012207031,2021-11-08,5,439.6804809570313,432.10081797021934,8.335479736328182,0.7558167495162138,1.0,1.0,True,0.8799657107913934,8.613589022685021,1.4222263999981806,7243,expanding,True,3.0,0.0,-3.0238927467786714,True,True,"{'const': 0.00039658743887551585, 'ma.L1': -0.09110060597787076, 'ma.L2': -0.01904770184931709, 'sigma2': 0.00013836580899174785}"
SPY,"ARIMA(0,1,2)+drift",2021-11-01,431.3450012207031,2021-11-30,20,427.1443786621094,434.67896517418814,-4.20062255859375,3.3339639534850107,-1.0,1.0,False,0.8799657107913934,8.562363759949877,1.4222263999981806,7243,expanding,True,3.0,0.0,-3.0238927467786714,True,True,"{'const': 0.00039658743887551585, 'ma.L1': -0.09110060597787076, 'ma.L2': -0.01904770184931709, 'sigma2': 0.00013836580899174785}"
SPY,"ARIMA(0,1,2)+drift",2021-11-08,439.6804809570313,2021-11-09,1,438.2271423339844,439.79048328667903,-1.4533386230469318,0.11000232964772749,-1.0,1.0,False,0.880508783950269,1.7754972820157084,2.287923499941826,7248,expanding,True,3.0,0.0,-3.024193075982661,True,True,"{'const': 0.0003989574739474194, 'ma.L1': -0.09101589763910174, 'ma.L2': -0.018984256048015045, 'sigma2': 0.00013828274311943812}"
SPY,"ARIMA(0,1,2)+drift",2021-11-08,439.6804809570313,2021-11-15,5,438.2740783691406,440.4855315096539,-1.4064025878906818,0.8050505526226175,-1.0,1.0,False,0.880508783950269,2.511562838239899,2.287923499941826,7248,expanding,True,3.0,0.0,-3.024193075982661,True,True,"{'const': 0.0003989574739474194, 'ma.L1': -0.09101589763910174, 'ma.L2': -0.018984256048015045, 'sigma2': 0.00013828274311943812}"
SPY,"ARIMA(0,1,2)+drift",2021-11-08,439.6804809570313,2021-12-07,20,439.071044921875,443.12945965529485,-0.6094360351563068,3.448978698263545,-1.0,1.0,False,0.880508783950269,4.609170070072885,2.287923499941826,7248,expanding,True,3.0,0.0,-3.024193075982661,True,True,"{'const': 0.0003989574739474194, 'ma.L1': -0.09101589763910174, 'ma.L2': -0.018984256048015045, 'sigma2': 0.00013828274311943812}"
SPY,"ARIMA(0,1,2)+drift",2021-11-15,438.2740783691406,2021-11-16,1,440.0086975097656,438.36925542040734,1.734619140625,0.09517705126671672,1.0,1.0,True,0.8810808515259396,1.8607169665745675,1.2745088000083342,7253,expanding,True,3.0,0.0,-3.0244690183487397,True,True,"{'const': 0.0003982392922625822, 'ma.L1': -0.09098686539094428, 'ma.L2': -0.01907091785164803, 'sigma2': 0.00013820637274608382}"
SPY,"ARIMA(0,1,2)+drift",2021-11-15,438.2740783691406,2021-11-22,5,438.4053039550781,439.06350119560125,0.1312255859375,0.7894228264606227,1.0,1.0,True,0.8810808515259396,0.7470338725250856,1.2745088000083342,7253,expanding,True,3.0,0.0,-3.0244690183487397,True,True,"{'const': 0.0003982392922625822, 'ma.L1': -0.09098686539094428, 'ma.L2': -0.01907091785164803, 'sigma2': 0.00013820637274608382}"
SPY,"ARIMA(0,1,2)+drift",2021-11-15,438.2740783691406,2021-12-14,20,434.45794677734375,441.6941356075416,-3.816131591796875,3.420057238401,-1.0,1.0,False,0.8810808515259396,8.212854493053111,1.2745088000083342,7253,expanding,True,3.0,0.0,-3.0244690183487397,True,True,"{'const': 0.0003982392922625822, 'ma.L1': -0.09098686539094428, 'ma.L2': -0.01907091785164803, 'sigma2': 0.00013820637274608382}"
SPY,"ARIMA(0,1,2)+drift",2021-11-22,438.4053039550781,2021-11-23,1,438.9866943359375,438.72980478781454,0.581390380859375,0.32450083273641894,1.0,1.0,True,0.8813446211029681,0.2914745741585952,1.2750735000008717,7258,expanding,True,3.0,0.0,-3.024792050290794,True,True,"{'const': 0.0003980351362444843, 'ma.L1': -0.09100104879039105, 'ma.L2': -0.019040730117474796, 'sigma2': 0.0001381171970379066}"
SPY,"ARIMA(0,1,2)+drift",2021-11-22,438.4053039550781,2021-11-30,5,427.1443786621094,439.4568545355465,-11.26092529296875,1.0515505804683585,-1.0,1.0,False,0.8813446211029681,13.970103837507432,1.2750735000008717,7258,expanding,True,3.0,0.0,-3.024792050290794,True,True,"{'const': 0.0003980351362444843, 'ma.L1': -0.09100104879039105, 'ma.L2': -0.019040730117474796, 'sigma2': 0.0001381171970379066}"
SPY,"ARIMA(0,1,2)+drift",2021-11-22,438.4053039550781,2021-12-21,20,435.7020568847656,442.08849188351763,-2.7032470703125,3.6831879284395086,-1.0,1.0,False,0.8813446211029681,7.246240398857415,1.2750735000008717,7258,expanding,True,3.0,0.0,-3.024792050290794,True,True,"{'const': 0.0003980351362444843, 'ma.L1': -0.09100104879039105, 'ma.L2': -0.019040730117474796, 'sigma2': 0.0001381171970379066}"
SPY,"ARIMA(0,1,2)+drift",2021-11-30,427.1443786621094,2021-12-01,1,422.4000244140625,428.00100531841446,-4.744354248046875,0.8566266563050817,-1.0,1.0,False,0.8842251934449689,6.334337616563899,1.3775013000704348,7263,expanding,True,3.0,0.0,-3.0246368241484674,True,True,"{'const': 0.00039425274012188413, 'ma.L1': -0.0914632512006848, 'ma.L2': -0.018540387647742386, 'sigma2': 0.00013816038507200666}"
SPY,"ARIMA(0,1,2)+drift",2021-11-30,427.1443786621094,2021-12-07,5,439.071044921875,428.8320884132056,11.926666259765625,1.6877097510962358,1.0,1.0,True,0.8842251934449689,11.57958016190208,1.3775013000704348,7263,expanding,True,3.0,0.0,-3.0246368241484674,True,True,"{'const': 0.00039425274012188413, 'ma.L1': -0.0914632512006848, 'ma.L2': -0.018540387647742386, 'sigma2': 0.00013816038507200666}"
SPY,"ARIMA(0,1,2)+drift",2021-11-30,427.1443786621094,2021-12-29,20,449.27001953125,431.37562536202324,22.125640869140625,4.231246699913868,1.0,1.0,True,0.8842251934449689,20.237371997408985,1.3775013000704348,7263,expanding,True,3.0,0.0,-3.0246368241484674,True,True,"{'const': 0.00039425274012188413, 'ma.L1': -0.0914632512006848, 'ma.L2': -0.018540387647742386, 'sigma2': 0.00013816038507200666}"
SPY,"ARIMA(0,1,2)+drift",2021-12-07,439.071044921875,2021-12-08,1,440.2337036132813,438.3171319577262,1.1626586914063068,-0.7539129641488103,1.0,-1.0,False,0.8875907760416445,2.1592964993421635,1.3847655999707058,7268,expanding,True,3.0,0.0,-3.024497261534487,True,True,"{'const': 0.0003975502748505594, 'ma.L1': -0.09135538602957262, 'ma.L2': -0.018873768793838102, 'sigma2': 0.00013819790106429087}"
SPY,"ARIMA(0,1,2)+drift",2021-12-07,439.071044921875,2021-12-14,5,434.45794677734375,438.8414281572885,-4.61309814453125,-0.2296167645865239,-1.0,-1.0,True,0.8875907760416445,4.938628812135222,1.3847655999707058,7268,expanding,True,3.0,0.0,-3.024497261534487,True,True,"{'const': 0.0003975502748505594, 'ma.L1': -0.09135538602957262, 'ma.L2': -0.018873768793838102, 'sigma2': 0.00013819790106429087}"
SPY,"ARIMA(0,1,2)+drift",2021-12-07,439.071044921875,2022-01-05,20,440.7077026367188,441.4661693342413,1.6366577148438068,2.395124412366272,1.0,1.0,True,0.8875907760416445,0.8545229603500057,1.3847655999707058,7268,expanding,True,3.0,0.0,-3.024497261534487,True,True,"{'const': 0.0003975502748505594, 'ma.L1': -0.09135538602957262, 'ma.L2': -0.018873768793838102, 'sigma2': 0.00013819790106429087}"
SPY,"ARIMA(0,1,2)+drift",2021-12-14,434.45794677734375,2021-12-15,1,441.2463684082031,435.01612051451184,6.788421630859375,0.5581737371680902,1.0,1.0,True,0.8890666699383258,7.007627329144477,1.3188148000044748,7273,expanding,True,3.0,0.0,-3.024707215105539,True,True,"{'const': 0.0003959994902170376, 'ma.L1': -0.09135958063495128, 'ma.L2': -0.01893195574086165, 'sigma2': 0.00013814061843647852}"
SPY,"ARIMA(0,1,2)+drift",2021-12-14,434.45794677734375,2021-12-21,5,435.7020568847656,435.7711375056837,1.244110107421875,1.3131907283399755,1.0,1.0,True,0.8890666699383258,0.07770015821523556,1.3188148000044748,7273,expanding,True,3.0,0.0,-3.024707215105539,True,True,"{'const': 0.0003959994902170376, 'ma.L1': -0.09135958063495128, 'ma.L2': -0.01893195574086165, 'sigma2': 0.00013814061843647852}"
SPY,"ARIMA(0,1,2)+drift",2021-12-14,434.45794677734375,2022-01-12,20,443.1916809082031,438.3673177420882,8.733734130859375,3.9093709647444257,1.0,1.0,True,0.8890666699383258,5.426323277251652,1.3188148000044748,7273,expanding,True,3.0,0.0,-3.024707215105539,True,True,"{'const': 0.0003959994902170376, 'ma.L1': -0.09135958063495128, 'ma.L2': -0.01893195574086165, 'sigma2': 0.00013814061843647852}"
SPY,"ARIMA(0,1,2)+drift",2021-12-21,435.7020568847656,2021-12-22,1,440.0584411621094,435.34521488238914,4.35638427734375,-0.35684200237648156,1.0,-1.0,False,0.892240046471935,5.28246439773367,1.2818093999521807,7278,expanding,True,3.0,0.0,-3.024650572800916,True,True,"{'const': 0.00039599242498924357, 'ma.L1': -0.09154142589567077, 'ma.L2': -0.01921944538085878, 'sigma2': 0.0001381557201284496}"
SPY,"ARIMA(0,1,2)+drift",2021-12-21,435.7020568847656,2021-12-29,5,449.27001953125,435.90245197393733,13.567962646484375,0.2003950891717068,1.0,1.0,True,0.892240046471935,14.982030463853585,1.2818093999521807,7278,expanding,True,3.0,0.0,-3.024650572800916,True,True,"{'const': 0.00039599242498924357, 'ma.L1': -0.09154142589567077, 'ma.L2': -0.01921944538085878, 'sigma2': 0.0001381557201284496}"
SPY,"ARIMA(0,1,2)+drift",2021-12-21,435.7020568847656,2022-01-20,20,420.3555603027344,438.4993680670194,-15.34649658203125,2.797311182253793,-1.0,1.0,False,0.892240046471935,20.33511927202625,1.2818093999521807,7278,expanding,True,3.0,0.0,-3.024650572800916,True,True,"{'const': 0.00039599242498924357, 'ma.L1': -0.09154142589567077, 'ma.L2': -0.01921944538085878, 'sigma2': 0.0001381557201284496}"
SPY,"ARIMA(0,1,2)+drift",2021-12-29,449.27001953125,2021-12-30,1,448.0280456542969,449.3994392933165,-1.241973876953125,0.12941976206650452,-1.0,1.0,False,0.8935914378806612,1.5346987234705114,1.2344916000729427,7283,expanding,True,3.0,0.0,-3.0248061829105013,True,True,"{'const': 0.00040000123346272754, 'ma.L1': -0.09119624755215716, 'ma.L2': -0.01910336038113924, 'sigma2': 0.00013811297443190089}"
SPY,"ARIMA(0,1,2)+drift",2021-12-29,449.27001953125,2022-01-05,5,440.7077026367188,450.1089313860007,-8.562316894531193,0.8389118547506769,-1.0,1.0,False,0.8935914378806612,10.52072384621192,1.2344916000729427,7283,expanding,True,3.0,0.0,-3.0248061829105013,True,True,"{'const': 0.00040000123346272754, 'ma.L1': -0.09119624755215716, 'ma.L2': -0.01910336038113924, 'sigma2': 0.00013811297443190089}"
SPY,"ARIMA(0,1,2)+drift",2021-12-29,449.27001953125,2022-01-27,20,405.7619934082031,452.817711541345,-43.508026123046875,3.547692010094977,-1.0,1.0,False,0.8935914378806612,52.6590969187712,1.2344916000729427,7283,expanding,True,3.0,0.0,-3.0248061829105013,True,True,"{'const': 0.00040000123346272754, 'ma.L1': -0.09119624755215716, 'ma.L2': -0.01910336038113924, 'sigma2': 0.00013811297443190089}"
SPY,"ARIMA(0,1,2)+drift",2022-01-05,440.7077026367188,2022-01-06,1,440.2937622070313,441.6792530809037,-0.4139404296875,0.9715504441849134,-1.0,1.0,False,0.8948634935370917,1.5482706400235842,1.3334524999372661,7288,expanding,True,3.0,0.0,-3.0249337552693656,True,True,"{'const': 0.0003971969884569092, 'ma.L1': -0.09120085106160913, 'ma.L2': -0.01922360985648884, 'sigma2': 0.00013807819000037028}"
SPY,"ARIMA(0,1,2)+drift",2022-01-05,440.7077026367188,2022-01-12,5,443.1916809082031,442.5492780176233,2.483978271484318,1.8415753809044872,1.0,1.0,True,0.8948634935370917,0.7178780844446233,1.3334524999372661,7288,expanding,True,3.0,0.0,-3.0249337552693656,True,True,"{'const': 0.0003971969884569092, 'ma.L1': -0.09120085106160913, 'ma.L2': -0.01922360985648884, 'sigma2': 0.00013807819000037028}"
SPY,"ARIMA(0,1,2)+drift",2022-01-05,440.7077026367188,2022-02-03,20,420.2145080566406,445.19383688296665,-20.493194580078182,4.486134246247843,-1.0,1.0,False,0.8948634935370917,27.914122105474675,1.3334524999372661,7288,expanding,True,3.0,0.0,-3.0249337552693656,True,True,"{'const': 0.0003971969884569092, 'ma.L1': -0.09120085106160913, 'ma.L2': -0.01922360985648884, 'sigma2': 0.00013807819000037028}"
SPY,"ARIMA(0,1,2)+drift",2022-01-12,443.1916809082031,2022-01-13,1,437.0850830078125,443.17458356183397,-6.106597900390625,-0.017097346369155275,-1.0,-1.0,True,0.8953312033163084,6.8013943124800615,1.2884556000353768,7293,expanding,True,3.0,0.0,-3.025217583136408,True,True,"{'const': 0.0003975666221327138, 'ma.L1': -0.09111107533745047, 'ma.L2': -0.019176328637782493, 'sigma2': 0.0001379992005547726}"
SPY,"ARIMA(0,1,2)+drift",2022-01-12,443.1916809082031,2022-01-20,5,420.3555603027344,443.8541706038915,-22.83612060546875,0.6624896956883504,-1.0,1.0,False,0.8953312033163084,26.24571802492553,1.2884556000353768,7293,expanding,True,3.0,0.0,-3.025217583136408,True,True,"{'const': 0.0003975666221327138, 'ma.L1': -0.09111107533745047, 'ma.L2': -0.019176328637782493, 'sigma2': 0.0001379992005547726}"
SPY,"ARIMA(0,1,2)+drift",2022-01-12,443.1916809082031,2022-02-10,20,422.7737121582031,446.5090028310118,-20.41796875,3.3173219228086737,-1.0,1.0,False,0.8953312033163084,26.510067542483846,1.2884556000353768,7293,expanding,True,3.0,0.0,-3.025217583136408,True,True,"{'const': 0.0003975666221327138, 'ma.L1': -0.09111107533745047, 'ma.L2': -0.019176328637782493, 'sigma2': 0.0001379992005547726}"
SPY,"ARIMA(0,1,2)+drift",2022-01-20,420.3555603027344,2022-01-21,1,412.103759765625,421.11534350279254,-8.251800537109375,0.7597832000581661,-1.0,1.0,False,0.8978962563024218,10.036330671738915,1.2662407000316307,7298,expanding,True,3.0,0.0,-3.025129771594415,True,True,"{'const': 0.0003901487446091985, 'ma.L1': -0.09071615831928354, 'ma.L2': -0.018795645712974426, 'sigma2': 0.00013802392330873635}"
SPY,"ARIMA(0,1,2)+drift",2022-01-20,420.3555603027344,2022-01-27,5,405.7619934082031,421.8761776087386,-14.59356689453125,1.520617306004226,-1.0,1.0,False,0.8978962563024218,17.946599161571772,1.2662407000316307,7298,expanding,True,3.0,0.0,-3.025129771594415,True,True,"{'const': 0.0003901487446091985, 'ma.L1': -0.09071615831928354, 'ma.L2': -0.018795645712974426, 'sigma2': 0.00013802392330873635}"
SPY,"ARIMA(0,1,2)+drift",2022-01-20,420.3555603027344,2022-02-17,20,411.238037109375,424.35233297459393,-9.117523193359375,3.99677267185956,-1.0,1.0,False,0.8978962563024218,14.605580291897207,1.2662407000316307,7298,expanding,True,3.0,0.0,-3.025129771594415,True,True,"{'const': 0.0003901487446091985, 'ma.L1': -0.09071615831928354, 'ma.L2': -0.018795645712974426, 'sigma2': 0.00013802392330873635}"
SPY,"ARIMA(0,1,2)+drift",2022-01-27,405.7619934082031,2022-01-28,1,415.8392333984375,406.165800833864,10.077239990234375,0.40380742566088657,1.0,1.0,True,0.8997593443219353,10.751133206472508,1.3740616000723094,7303,expanding,True,3.0,0.0,-3.025130403917008,True,True,"{'const': 0.0003849937946117642, 'ma.L1': -0.09037831874193372, 'ma.L2': -0.018184688028215143, 'sigma2': 0.00013802385090295468}"
SPY,"ARIMA(0,1,2)+drift",2022-01-27,405.7619934082031,2022-02-03,5,420.2145080566406,406.8356693360482,14.4525146484375,1.0736759278451018,1.0,1.0,True,0.8997593443219353,14.869352349627201,1.3740616000723094,7303,expanding,True,3.0,0.0,-3.025130403917008,True,True,"{'const': 0.0003849937946117642, 'ma.L1': -0.09037831874193372, 'ma.L2': -0.018184688028215143, 'sigma2': 0.00013802385090295468}"
SPY,"ARIMA(0,1,2)+drift",2022-01-27,405.7619934082031,2022-02-25,20,411.8873291015625,409.1919044287566,6.125335693359375,3.4299110205534475,1.0,1.0,True,0.8997593443219353,2.9957173435494773,1.3740616000723094,7303,expanding,True,3.0,0.0,-3.025130403917008,True,True,"{'const': 0.0003849937946117642, 'ma.L1': -0.09037831874193372, 'ma.L2': -0.018184688028215143, 'sigma2': 0.00013802385090295468}"
SPY,"ARIMA(0,1,2)+drift",2022-02-03,420.2145080566406,2022-02-04,1,422.1903991699219,421.17327388711306,1.97589111328125,0.95876583047243,1.0,1.0,True,0.9038900863753964,1.1252754047646405,1.3440741000231355,7308,expanding,True,3.0,0.0,-3.0246564193994145,True,True,"{'const': 0.00038960104937579403, 'ma.L1': -0.09008978601001913, 'ma.L2': -0.01827166865733016, 'sigma2': 0.00013815471251632012}"
SPY,"ARIMA(0,1,2)+drift",2022-02-03,420.2145080566406,2022-02-10,5,422.7737121582031,422.0080878128012,2.5592041015625,1.7935797561605682,1.0,1.0,True,0.9038900863753964,0.8470325728121315,1.3440741000231355,7308,expanding,True,3.0,0.0,-3.0246564193994145,True,True,"{'const': 0.00038960104937579403, 'ma.L1': -0.09008978601001913, 'ma.L2': -0.01827166865733016, 'sigma2': 0.00013815471251632012}"
SPY,"ARIMA(0,1,2)+drift",2022-02-03,420.2145080566406,2022-03-04,20,406.6369934082031,424.48153009896237,-13.5775146484375,4.2670220423217415,-1.0,1.0,False,0.9038900863753964,19.74193207751168,1.3440741000231355,7308,expanding,True,3.0,0.0,-3.0246564193994145,True,True,"{'const': 0.00038960104937579403, 'ma.L1': -0.09008978601001913, 'ma.L2': -0.01827166865733016, 'sigma2': 0.00013815471251632012}"
SPY,"ARIMA(0,1,2)+drift",2022-02-10,422.7737121582031,2022-02-11,1,414.437255859375,423.4760598506659,-8.336456298828125,0.7023476924627516,-1.0,1.0,False,0.906108131033065,9.975414281941854,2.343254299950786,7313,expanding,True,3.0,0.0,-3.0247087090612648,True,True,"{'const': 0.0003901288780918604, 'ma.L1': -0.09031875943735257, 'ma.L2': -0.01831694743660193, 'sigma2': 0.00013814011757270814}"
SPY,"ARIMA(0,1,2)+drift",2022-02-10,422.7737121582031,2022-02-17,5,411.238037109375,424.2698954113711,-11.535675048828125,1.4961832531679988,-1.0,1.0,False,0.906108131033065,14.382233042251086,2.343254299950786,7313,expanding,True,3.0,0.0,-3.0247087090612648,True,True,"{'const': 0.0003901288780918604, 'ma.L1': -0.09031875943735257, 'ma.L2': -0.01831694743660193, 'sigma2': 0.00013814011757270814}"
SPY,"ARIMA(0,1,2)+drift",2022-02-10,422.7737121582031,2022-03-11,20,395.2518615722656,426.75997326445867,-27.5218505859375,3.98626110625554,-1.0,1.0,False,0.906108131033065,34.77301506639197,2.343254299950786,7313,expanding,True,3.0,0.0,-3.0247087090612648,True,True,"{'const': 0.0003901288780918604, 'ma.L1': -0.09031875943735257, 'ma.L2': -0.01831694743660193, 'sigma2': 0.00013814011757270814}"
SPY,"ARIMA(0,1,2)+drift",2022-02-17,411.238037109375,2022-02-18,1,408.5753173828125,412.17842002141447,-2.6627197265625,0.9403829120394676,-1.0,1.0,False,0.9090149970560988,3.9637438879125626,2.3380973000312224,7318,expanding,True,3.0,0.0,-3.024465691958657,True,True,"{'const': 0.00038611192048729225, 'ma.L1': -0.08991441744520536, 'ma.L2': -0.019211336510740713, 'sigma2': 0.00013820752196023203}"
SPY,"ARIMA(0,1,2)+drift",2022-02-17,411.238037109375,2022-02-25,5,411.8873291015625,412.98622948563985,0.6492919921875,1.7481923762648535,1.0,1.0,True,0.9090149970560988,1.2088913688291285,2.3380973000312224,7318,expanding,True,3.0,0.0,-3.024465691958657,True,True,"{'const': 0.00038611192048729225, 'ma.L1': -0.08991441744520536, 'ma.L2': -0.019211336510740713, 'sigma2': 0.00013820752196023203}"
SPY,"ARIMA(0,1,2)+drift",2022-02-17,411.238037109375,2022-03-18,20,419.5567321777344,415.385052980846,8.318695068359375,4.147015871471012,1.0,1.0,True,0.9090149970560988,4.5892303321712005,2.3380973000312224,7318,expanding,True,3.0,0.0,-3.024465691958657,True,True,"{'const': 0.00038611192048729225, 'ma.L1': -0.08991441744520536, 'ma.L2': -0.019211336510740713, 'sigma2': 0.00013820752196023203}"
SPY,"ARIMA(0,1,2)+drift",2022-02-25,411.8873291015625,2022-02-28,1,410.83349609375,411.1298295734273,-1.0538330078125,-0.757499528135213,-1.0,-1.0,True,0.9123663747287848,0.32479658159845787,1.3359787999652326,7323,expanding,True,3.0,0.0,-3.0241835489541145,True,True,"{'const': 0.0003858255899758709, 'ma.L1': -0.0893773786794983, 'ma.L2': -0.0194342085284544, 'sigma2': 0.00013828422169798806}"
SPY,"ARIMA(0,1,2)+drift",2022-02-25,411.8873291015625,2022-03-04,5,406.6369934082031,411.5873568007836,-5.250335693359375,-0.29997230077890435,-1.0,-1.0,True,0.9123663747287848,5.425850326906276,1.3359787999652326,7323,expanding,True,3.0,0.0,-3.0241835489541145,True,True,"{'const': 0.0003858255899758709, 'ma.L1': -0.0893773786794983, 'ma.L2': -0.0194342085284544, 'sigma2': 0.00013828422169798806}"
SPY,"ARIMA(0,1,2)+drift",2022-02-25,411.8873291015625,2022-03-25,20,427.2678833007813,413.97627695336917,15.380554199218807,2.0889478518066653,1.0,1.0,True,0.9123663747287848,14.56827730127963,1.3359787999652326,7323,expanding,True,3.0,0.0,-3.0241835489541145,True,True,"{'const': 0.0003858255899758709, 'ma.L1': -0.0893773786794983, 'ma.L2': -0.0194342085284544, 'sigma2': 0.00013828422169798806}"
SPY,"ARIMA(0,1,2)+drift",2022-03-04,406.6369934082031,2022-03-07,1,394.6497192382813,407.1406173531347,-11.987274169921818,0.5036239449315758,-1.0,1.0,False,0.9144919046490748,13.65883946194868,1.1839933999581262,7328,expanding,True,3.0,0.0,-3.0242291646499617,True,True,"{'const': 0.0003839872748083218, 'ma.L1': -0.08965521119912896, 'ma.L2': -0.019837459374751246, 'sigma2': 0.00013827252008383068}"
SPY,"ARIMA(0,1,2)+drift",2022-03-04,406.6369934082031,2022-03-11,5,395.2518615722656,407.8359559071416,-11.3851318359375,1.1989624989384993,-1.0,1.0,False,0.9144919046490748,13.760749844696539,1.1839933999581262,7328,expanding,True,3.0,0.0,-3.0242291646499617,True,True,"{'const': 0.0003839872748083218, 'ma.L1': -0.08965521119912896, 'ma.L2': -0.019837459374751246, 'sigma2': 0.00013827252008383068}"
SPY,"ARIMA(0,1,2)+drift",2022-03-04,406.6369934082031,2022-04-01,20,427.4849243164063,410.19179123423123,20.847930908203182,3.554797826028107,1.0,1.0,True,0.9144919046490748,18.910099689522244,1.1839933999581262,7328,expanding,True,3.0,0.0,-3.0242291646499617,True,True,"{'const': 0.0003839872748083218, 'ma.L1': -0.08965521119912896, 'ma.L2': -0.019837459374751246, 'sigma2': 0.00013827252008383068}"
SPY,"ARIMA(0,1,2)+drift",2022-03-11,395.2518615722656,2022-03-14,1,392.3633117675781,395.88330153401284,-2.8885498046875,0.6314399617472191,-1.0,1.0,False,0.9182854146171776,3.8332197271173705,1.3364999999757856,7333,expanding,True,3.0,0.0,-3.0236506910229783,True,True,"{'const': 0.00037986960334704286, 'ma.L1': -0.08933232610777907, 'ma.L2': -0.02070958928362153, 'sigma2': 0.00013843280819697142}"
SPY,"ARIMA(0,1,2)+drift",2022-03-11,395.2518615722656,2022-03-18,5,419.5567321777344,396.59150588936114,24.30487060546875,1.3396443170955195,1.0,1.0,True,0.9182854146171776,25.0088109021607,1.3364999999757856,7333,expanding,True,3.0,0.0,-3.0236506910229783,True,True,"{'const': 0.00037986960334704286, 'ma.L1': -0.08933232610777907, 'ma.L2': -0.02070958928362153, 'sigma2': 0.00013843280819697142}"
SPY,"ARIMA(0,1,2)+drift",2022-03-11,395.2518615722656,2022-04-08,20,422.4354248046875,398.8577522139005,27.183563232421875,3.6058906416348577,1.0,1.0,True,0.9182854146171776,25.675756377570554,1.3364999999757856,7333,expanding,True,3.0,0.0,-3.0236506910229783,True,True,"{'const': 0.00037986960334704286, 'ma.L1': -0.08933232610777907, 'ma.L2': -0.02070958928362153, 'sigma2': 0.00013843280819697142}"
SPY,"ARIMA(0,1,2)+drift",2022-03-18,419.5567321777344,2022-03-21,1,419.4339904785156,419.13869404183305,-0.12274169921875,-0.41803813590132677,-1.0,-1.0,True,0.9217596606498556,0.3203616401203628,1.3764326999662444,7338,expanding,True,3.0,0.0,-3.0233074044730928,True,True,"{'const': 0.000387593517234786, 'ma.L1': -0.0884195892511184, 'ma.L2': -0.020658699267570337, 'sigma2': 0.00013852724075361135}"
SPY,"ARIMA(0,1,2)+drift",2022-03-18,419.5567321777344,2022-03-25,5,427.2678833007813,419.6826489100745,7.711151123046932,0.1259167323401016,1.0,1.0,True,0.9217596606498556,8.229080436606562,1.3764326999662444,7338,expanding,True,3.0,0.0,-3.0233074044730928,True,True,"{'const': 0.000387593517234786, 'ma.L1': -0.0884195892511184, 'ma.L2': -0.020658699267570337, 'sigma2': 0.00013852724075361135}"
SPY,"ARIMA(0,1,2)+drift",2022-03-18,419.5567321777344,2022-04-18,20,413.3745727539063,422.12974973041923,-6.182159423828068,2.5730175526848598,-1.0,1.0,False,0.9217596606498556,9.498329499839889,1.3764326999662444,7338,expanding,True,3.0,0.0,-3.0233074044730928,True,True,"{'const': 0.000387593517234786, 'ma.L1': -0.0884195892511184, 'ma.L2': -0.020658699267570337, 'sigma2': 0.00013852724075361135}"
SPY,"ARIMA(0,1,2)+drift",2022-03-25,427.2678833007813,2022-03-28,1,430.3070373535156,427.10875424477047,3.039154052734318,-0.1591290560108405,1.0,-1.0,False,0.9237042891820101,3.462453456373371,1.3833246000576764,7343,expanding,True,3.0,0.0,-3.0234001917817377,True,True,"{'const': 0.0003898451934147021, 'ma.L1': -0.08862097626459184, 'ma.L2': -0.020391354345034793, 'sigma2': 0.00013850181073143467}"
SPY,"ARIMA(0,1,2)+drift",2022-03-25,427.2678833007813,2022-04-01,5,427.4849243164063,427.72779456865453,0.217041015625,0.459911267873224,1.0,1.0,True,0.9237042891820101,0.2629307399484945,1.3833246000576764,7343,expanding,True,3.0,0.0,-3.0234001917817377,True,True,"{'const': 0.0003898451934147021, 'ma.L1': -0.08862097626459184, 'ma.L2': -0.020391354345034793, 'sigma2': 0.00013850181073143467}"
SPY,"ARIMA(0,1,2)+drift",2022-03-25,427.2678833007813,2022-04-25,20,404.4458618164063,430.2363363645379,-22.822021484375,2.9684530637566127,-1.0,1.0,False,0.9237042891820101,27.920704548173603,1.3833246000576764,7343,expanding,True,3.0,0.0,-3.0234001917817377,True,True,"{'const': 0.0003898451934147021, 'ma.L1': -0.08862097626459184, 'ma.L2': -0.020391354345034793, 'sigma2': 0.00013850181073143467}"
SPY,"ARIMA(0,1,2)+drift",2022-04-01,427.4849243164063,2022-04-04,1,431.1470947265625,427.75840680503114,3.662170410156193,0.27348248862483615,1.0,1.0,True,0.925651409065576,3.6608683229382866,1.3810294000431895,7348,expanding,True,3.0,0.0,-3.0234924244718364,True,True,"{'const': 0.00038970268579779157, 'ma.L1': -0.08849169074984854, 'ma.L2': -0.020482782820797324, 'sigma2': 0.0001384764388944828}"
SPY,"ARIMA(0,1,2)+drift",2022-04-01,427.4849243164063,2022-04-08,5,422.4354248046875,428.41777258407166,-5.049499511718807,0.9328482676653493,-1.0,1.0,False,0.925651409065576,6.46285169643203,1.3810294000431895,7348,expanding,True,3.0,0.0,-3.0234924244718364,True,True,"{'const': 0.00038970268579779157, 'ma.L1': -0.08849169074984854, 'ma.L2': -0.020482782820797324, 'sigma2': 0.0001384764388944828}"
SPY,"ARIMA(0,1,2)+drift",2022-04-01,427.4849243164063,2022-05-02,20,391.2037353515625,430.9294398072952,-36.28118896484381,3.4445154908888753,-1.0,1.0,False,0.925651409065576,42.91648461469408,1.3810294000431895,7348,expanding,True,3.0,0.0,-3.0234924244718364,True,True,"{'const': 0.00038970268579779157, 'ma.L1': -0.08849169074984854, 'ma.L2': -0.020482782820797324, 'sigma2': 0.0001384764388944828}"
SPY,"ARIMA(0,1,2)+drift",2022-04-08,422.4354248046875,2022-04-11,1,415.2150573730469,422.6820005529278,-7.220367431640625,0.24657574824027506,-1.0,1.0,False,0.9272826602591266,8.052499523494037,2.291493500000797,7353,expanding,False,2.0,2.0,-3.0236531004349185,True,True,"{'const': 0.0003878202172488841, 'ma.L1': -0.08847948341905154, 'ma.L2': -0.0207100952611936, 'sigma2': 0.00013843200926953804}"
SPY,"ARIMA(0,1,2)+drift",2022-04-08,422.4354248046875,2022-04-18,5,413.3745727539063,423.36452987116246,-9.060852050781193,0.9291050664749605,-1.0,1.0,False,0.9272826602591266,10.773367760877235,2.291493500000797,7353,expanding,False,2.0,2.0,-3.0236531004349185,True,True,"{'const': 0.0003878202172488841, 'ma.L1': -0.08847948341905154, 'ma.L2': -0.0207100952611936, 'sigma2': 0.00013843200926953804}"
SPY,"ARIMA(0,1,2)+drift",2022-04-08,422.4354248046875,2022-05-09,20,375.8096618652344,425.83454718464316,-46.625762939453125,3.3991223799556565,-1.0,1.0,False,0.9272826602591266,53.947827845103305,2.291493500000797,7353,expanding,False,2.0,2.0,-3.0236531004349185,True,True,"{'const': 0.0003878202172488841, 'ma.L1': -0.08847948341905154, 'ma.L2': -0.0207100952611936, 'sigma2': 0.00013843200926953804}"
SPY,"ARIMA(0,1,2)+drift",2022-04-18,413.3745727539063,2022-04-19,1,420.0475769042969,413.6689041963031,6.673004150390568,0.2943314423968104,1.0,1.0,True,0.9292182803105383,6.864557922668126,1.2908397000283003,7358,expanding,True,3.0,0.0,-3.023697782622472,True,True,"{'const': 0.00038461082660072354, 'ma.L1': -0.08848190293148335, 'ma.L2': -0.020855497499145483, 'sigma2': 0.00013841974087601972}"
SPY,"ARIMA(0,1,2)+drift",2022-04-18,413.3745727539063,2022-04-25,5,404.4458618164063,414.31302720295395,-8.9287109375,0.9384544490476401,-1.0,1.0,False,0.9292182803105383,10.618780964199393,1.2908397000283003,7358,expanding,True,3.0,0.0,-3.023697782622472,True,True,"{'const': 0.00038461082660072354, 'ma.L1': -0.08848190293148335, 'ma.L2': -0.020855497499145483, 'sigma2': 0.00013841974087601972}"
SPY,"ARIMA(0,1,2)+drift",2022-04-18,413.3745727539063,2022-05-16,20,377.6217956542969,416.7101744580872,-35.75277709960943,3.335601704180874,-1.0,1.0,False,0.9292182803105383,42.065873683336534,1.2908397000283003,7358,expanding,True,3.0,0.0,-3.023697782622472,True,True,"{'const': 0.00038461082660072354, 'ma.L1': -0.08848190293148335, 'ma.L2': -0.020855497499145483, 'sigma2': 0.00013841974087601972}"
SPY,"ARIMA(0,1,2)+drift",2022-04-25,404.4458618164063,2022-04-26,1,392.732666015625,404.76710621537615,-11.713195800781307,0.3212443989698386,-1.0,1.0,False,0.9322461732150875,12.909079753309499,1.4325422999681905,7363,expanding,True,3.0,0.0,-3.0233797674112064,True,True,"{'const': 0.0003813834860150079, 'ma.L1': -0.0881331765733478, 'ma.L2': -0.021356264180838396, 'sigma2': 0.00013850775881163734}"
SPY,"ARIMA(0,1,2)+drift",2022-04-25,404.4458618164063,2022-05-02,5,391.2037353515625,405.36364137905855,-13.242126464843807,0.9177795626522425,-1.0,1.0,False,0.9322461732150875,15.18902027633111,1.4325422999681905,7363,expanding,True,3.0,0.0,-3.0233797674112064,True,True,"{'const': 0.0003813834860150079, 'ma.L1': -0.0881331765733478, 'ma.L2': -0.021356264180838396, 'sigma2': 0.00013850775881163734}"
SPY,"ARIMA(0,1,2)+drift",2022-04-25,404.4458618164063,2022-05-23,20,374.6298522949219,407.6892721951864,-29.816009521484432,3.2434103787800836,-1.0,1.0,False,0.9322461732150875,35.462113817266435,1.4325422999681905,7363,expanding,True,3.0,0.0,-3.0233797674112064,True,True,"{'const': 0.0003813834860150079, 'ma.L1': -0.0881331765733478, 'ma.L2': -0.021356264180838396, 'sigma2': 0.00013850775881163734}"
SPY,"ARIMA(0,1,2)+drift",2022-05-02,391.2037353515625,2022-05-03,1,392.99700927734375,391.54423337858873,1.79327392578125,0.34049802702622856,1.0,1.0,True,0.9370469183550936,1.5503769024770353,1.2862489999970421,7368,expanding,True,3.0,0.0,-3.022356692825667,True,True,"{'const': 0.0003766033284901494, 'ma.L1': -0.08912667235023744, 'ma.L2': -0.02100782988205526, 'sigma2': 0.00013879167221905503}"
SPY,"ARIMA(0,1,2)+drift",2022-05-02,391.2037353515625,2022-05-09,5,375.8096618652344,392.1103932679231,-15.394073486328125,0.9066579163605866,-1.0,1.0,False,0.9370469183550936,17.395854021166052,1.2862489999970421,7368,expanding,True,3.0,0.0,-3.022356692825667,True,True,"{'const': 0.0003766033284901494, 'ma.L1': -0.08912667235023744, 'ma.L2': -0.02100782988205526, 'sigma2': 0.00013879167221905503}"
SPY,"ARIMA(0,1,2)+drift",2022-05-02,391.2037353515625,2022-05-31,20,389.7407531738281,394.33171272159416,-1.462982177734375,3.127977370031658,-1.0,1.0,False,0.9370469183550936,4.8993913301855505,1.2862489999970421,7368,expanding,True,3.0,0.0,-3.022356692825667,True,True,"{'const': 0.0003766033284901494, 'ma.L1': -0.08912667235023744, 'ma.L2': -0.02100782988205526, 'sigma2': 0.00013879167221905503}"
SPY,"ARIMA(0,1,2)+drift",2022-05-09,375.8096618652344,2022-05-10,1,376.6780090332031,377.17385690382264,0.86834716796875,1.3641950385882637,1.0,1.0,True,0.9422329164236963,0.5262476633713192,1.261821600026451,7373,expanding,True,3.0,0.0,-3.0210757980974074,True,True,"{'const': 0.000371069775795347, 'ma.L1': -0.08943471738352582, 'ma.L2': -0.020236453929765575, 'sigma2': 0.00013914820057720452}"
SPY,"ARIMA(0,1,2)+drift",2022-05-09,375.8096618652344,2022-05-16,5,377.6217956542969,377.9970017046857,1.8121337890625,2.18733983945134,1.0,1.0,True,0.9422329164236963,0.39820944890458515,1.261821600026451,7373,expanding,True,3.0,0.0,-3.0210757980974074,True,True,"{'const': 0.000371069775795347, 'ma.L1': -0.08943471738352582, 'ma.L2': -0.020236453929765575, 'sigma2': 0.00013914820057720452}"
SPY,"ARIMA(0,1,2)+drift",2022-05-09,375.8096618652344,2022-06-07,20,392.3929138183594,380.10681686258556,16.583251953125,4.297154997351186,1.0,1.0,True,0.9422329164236963,13.039341697386735,1.261821600026451,7373,expanding,True,3.0,0.0,-3.0210757980974074,True,True,"{'const': 0.000371069775795347, 'ma.L1': -0.08943471738352582, 'ma.L2': -0.020236453929765575, 'sigma2': 0.00013914820057720452}"
SPY,"ARIMA(0,1,2)+drift",2022-05-16,377.6217956542969,2022-05-17,1,385.3896179199219,377.67421458063785,7.767822265625,0.05241892634097667,1.0,1.0,True,0.9439843141468656,8.173232567171299,1.2009443000424653,7378,expanding,True,3.0,0.0,-3.0210127197126084,True,True,"{'const': 0.0003712756223219736, 'ma.L1': -0.08944352146529469, 'ma.L2': -0.02002808911271982, 'sigma2': 0.00013916490345386513}"
SPY,"ARIMA(0,1,2)+drift",2022-05-16,377.6217956542969,2022-05-23,5,374.6298522949219,378.2542389046157,-2.991943359375,0.6324432503188291,-1.0,1.0,False,0.9439843141468656,3.83945639284208,1.2009443000424653,7378,expanding,True,3.0,0.0,-3.0210127197126084,True,True,"{'const': 0.0003712756223219736, 'ma.L1': -0.08944352146529469, 'ma.L2': -0.02002808911271982, 'sigma2': 0.00013916490345386513}"
SPY,"ARIMA(0,1,2)+drift",2022-05-16,377.6217956542969,2022-06-14,20,352.8742980957031,380.366664304424,-24.74749755859375,2.7448686501271027,-1.0,1.0,False,0.9439843141468656,29.123753219954008,1.2009443000424653,7378,expanding,True,3.0,0.0,-3.0210127197126084,True,True,"{'const': 0.0003712756223219736, 'ma.L1': -0.08944352146529469, 'ma.L2': -0.02002808911271982, 'sigma2': 0.00013916490345386513}"
SPY,"ARIMA(0,1,2)+drift",2022-05-23,374.6298522949219,2022-05-24,1,371.7700805664063,374.17962036143695,-2.859771728515568,-0.45023193348492896,-1.0,-1.0,True,0.9477623986280636,2.542345843766936,1.3317851000465453,7383,expanding,True,3.0,0.0,-3.0201819896779556,True,True,"{'const': 0.00036986401213526157, 'ma.L1': -0.08993939489978181, 'ma.L2': -0.019779735483243552, 'sigma2': 0.0001393956574962276}"
SPY,"ARIMA(0,1,2)+drift",2022-05-23,374.6298522949219,2022-05-31,5,389.7407531738281,374.6014574120517,15.11090087890625,-0.02839488287020231,1.0,-1.0,False,0.9477623986280636,15.973724831974119,1.3317851000465453,7383,expanding,True,3.0,0.0,-3.0201819896779556,True,True,"{'const': 0.00036986401213526157, 'ma.L1': -0.08993939489978181, 'ma.L2': -0.019779735483243552, 'sigma2': 0.0001393956574962276}"
SPY,"ARIMA(0,1,2)+drift",2022-05-23,374.6298522949219,2022-06-22,20,354.8914794921875,376.68550714882133,-19.738372802734375,2.055654853899455,-1.0,1.0,False,0.9477623986280636,22.995244048700226,1.3317851000465453,7383,expanding,True,3.0,0.0,-3.0201819896779556,True,True,"{'const': 0.00036986401213526157, 'ma.L1': -0.08993939489978181, 'ma.L2': -0.019779735483243552, 'sigma2': 0.0001393956574962276}"
SPY,"ARIMA(0,1,2)+drift",2022-05-31,389.7407531738281,2022-06-01,1,386.5883483886719,389.80429612218654,-3.15240478515625,0.06354294835841756,-1.0,1.0,False,0.9505361833542697,3.383298594869026,2.1946324999444187,7388,expanding,True,3.0,0.0,-3.0199437235025894,True,True,"{'const': 0.00037505193920000097, 'ma.L1': -0.0895119743957111, 'ma.L2': -0.019632972308188182, 'sigma2': 0.00013946260204031967}"
SPY,"ARIMA(0,1,2)+drift",2022-05-31,389.7407531738281,2022-06-07,5,392.3929138183594,390.4147910815654,2.65216064453125,0.6740379077372722,1.0,1.0,True,0.9505361833542697,2.08105990222649,2.1946324999444187,7388,expanding,True,3.0,0.0,-3.0199437235025894,True,True,"{'const': 0.00037505193920000097, 'ma.L1': -0.0895119743957111, 'ma.L2': -0.019632972308188182, 'sigma2': 0.00013946260204031967}"
SPY,"ARIMA(0,1,2)+drift",2022-05-31,389.7407531738281,2022-06-29,20,360.5316162109375,392.61736824597114,-29.209136962890625,2.876615072143011,-1.0,1.0,False,0.9505361833542697,33.75542414577932,2.1946324999444187,7388,expanding,True,3.0,0.0,-3.0199437235025894,True,True,"{'const': 0.00037505193920000097, 'ma.L1': -0.0895119743957111, 'ma.L2': -0.019632972308188182, 'sigma2': 0.00013946260204031967}"
SPY,"ARIMA(0,1,2)+drift",2022-06-07,392.3929138183594,2022-06-08,1,388.1268310546875,392.2099312123102,-4.266082763671875,-0.1829826060491655,-1.0,-1.0,True,0.9528542235816198,4.285125737570873,1.3441093999426812,7393,expanding,True,3.0,0.0,-3.019939734244164,True,True,"{'const': 0.00037567087630036597, 'ma.L1': -0.08990002744999165, 'ma.L2': -0.019851432296091508, 'sigma2': 0.0001394635246110986}"
SPY,"ARIMA(0,1,2)+drift",2022-06-07,392.3929138183594,2022-06-14,5,352.8742980957031,392.72949972166583,-39.51861572265625,0.33658590330645666,-1.0,1.0,False,0.9528542235816198,41.82717632940081,1.3441093999426812,7393,expanding,True,3.0,0.0,-3.019939734244164,True,True,"{'const': 0.00037567087630036597, 'ma.L1': -0.08990002744999165, 'ma.L2': -0.019851432296091508, 'sigma2': 0.0001394635246110986}"
SPY,"ARIMA(0,1,2)+drift",2022-06-07,392.3929138183594,2022-07-07,20,368.7310791015625,394.9488023338559,-23.661834716796875,2.5558885154965196,-1.0,1.0,False,0.9528542235816198,27.514936265639204,1.3441093999426812,7393,expanding,True,3.0,0.0,-3.019939734244164,True,True,"{'const': 0.00037567087630036597, 'ma.L1': -0.08990002744999165, 'ma.L2': -0.019851432296091508, 'sigma2': 0.0001394635246110986}"
SPY,"ARIMA(0,1,2)+drift",2022-06-14,352.8742980957031,2022-06-15,1,357.9049377441406,353.51754534653827,5.0306396484375,0.6432472508351452,1.0,1.0,True,0.9575526614084073,4.5818810540917925,1.294990099966526,7398,expanding,True,3.0,0.0,-3.0185150422479343,True,True,"{'const': 0.0003611961929774676, 'ma.L1': -0.08729613941506392, 'ma.L2': -0.018653323064532518, 'sigma2': 0.00013986220058260644}"
SPY,"ARIMA(0,1,2)+drift",2022-06-14,352.8742980957031,2022-06-22,5,354.8914794921875,354.0793667631632,2.017181396484375,1.2050686674600684,1.0,1.0,True,0.9575526614084073,0.8481128628788084,1.294990099966526,7398,expanding,True,3.0,0.0,-3.0185150422479343,True,True,"{'const': 0.0003611961929774676, 'ma.L1': -0.08729613941506392, 'ma.L2': -0.018653323064532518, 'sigma2': 0.00013986220058260644}"
SPY,"ARIMA(0,1,2)+drift",2022-06-14,352.8742980957031,2022-07-14,20,358.22821044921875,356.00295479207955,5.353912353515625,3.1286566963764244,1.0,1.0,True,0.9575526614084073,2.323898984173052,1.294990099966526,7398,expanding,True,3.0,0.0,-3.0185150422479343,True,True,"{'const': 0.0003611961929774676, 'ma.L1': -0.08729613941506392, 'ma.L2': -0.018653323064532518, 'sigma2': 0.00013986220058260644}"
SPY,"ARIMA(0,1,2)+drift",2022-06-22,354.8914794921875,2022-06-23,1,358.3703918457031,354.857627638555,3.478912353515625,-0.03385185363248411,1.0,-1.0,False,0.960553087565874,3.657022451564611,1.3945232999976724,7403,expanding,True,3.0,0.0,-3.017977344737489,True,True,"{'const': 0.00036161468222120565, 'ma.L1': -0.08773830836090961, 'ma.L2': -0.019619211982992886, 'sigma2': 0.00014001258366458418}"
SPY,"ARIMA(0,1,2)+drift",2022-06-22,354.8914794921875,2022-06-29,5,360.5316162109375,355.37203590237675,5.64013671875,0.48055641018925144,1.0,1.0,True,0.960553087565874,5.371468142000958,1.3945232999976724,7403,expanding,True,3.0,0.0,-3.017977344737489,True,True,"{'const': 0.00036161468222120565, 'ma.L1': -0.08773830836090961, 'ma.L2': -0.019619211982992886, 'sigma2': 0.00014001258366458418}"
SPY,"ARIMA(0,1,2)+drift",2022-06-22,354.8914794921875,2022-07-21,20,378.020751953125,357.30488946250904,23.1292724609375,2.4134099703215384,1.0,1.0,True,0.960553087565874,21.566598201367277,1.3945232999976724,7403,expanding,True,3.0,0.0,-3.017977344737489,True,True,"{'const': 0.00036161468222120565, 'ma.L1': -0.08773830836090961, 'ma.L2': -0.019619211982992886, 'sigma2': 0.00014001258366458418}"
SPY,"ARIMA(0,1,2)+drift",2022-06-29,360.5316162109375,2022-06-30,1,357.6025695800781,360.9053203989207,-2.929046630859375,0.3737041879832077,-1.0,1.0,False,0.963159112323871,3.4290812147058864,1.360374000039883,7408,expanding,True,3.0,0.0,-3.0175736863828897,True,True,"{'const': 0.00036355707602244873, 'ma.L1': -0.08741726767286477, 'ma.L2': -0.020064085665990987, 'sigma2': 0.00014012576158299714}"
SPY,"ARIMA(0,1,2)+drift",2022-06-29,360.5316162109375,2022-07-07,5,368.7310791015625,361.45224374025247,8.199462890625,0.9206275293149702,1.0,1.0,True,0.963159112323871,7.55725120405906,1.360374000039883,7408,expanding,True,3.0,0.0,-3.0175736863828897,True,True,"{'const': 0.00036355707602244873, 'ma.L1': -0.08741726767286477, 'ma.L2': -0.020064085665990987, 'sigma2': 0.00014012576158299714}"
SPY,"ARIMA(0,1,2)+drift",2022-06-29,360.5316162109375,2022-07-28,20,384.921630859375,363.4287559673326,24.3900146484375,2.89713975639512,1.0,1.0,True,0.963159112323871,22.31497850877956,1.360374000039883,7408,expanding,True,3.0,0.0,-3.0175736863828897,True,True,"{'const': 0.00036355707602244873, 'ma.L1': -0.08741726767286477, 'ma.L2': -0.020064085665990987, 'sigma2': 0.00014012576158299714}"
SPY,"ARIMA(0,1,2)+drift",2022-07-07,368.7310791015625,2022-07-08,1,368.42779541015625,368.36330963865356,-0.30328369140625,-0.36776946290893875,-1.0,-1.0,True,0.964405976947552,0.06686579412001686,1.3907281999709085,7413,expanding,True,3.0,0.0,-3.017714999215933,True,True,"{'const': 0.0003662322468580604, 'ma.L1': -0.08740853291695398, 'ma.L2': -0.019883784185338323, 'sigma2': 0.00014008551623000376}"
SPY,"ARIMA(0,1,2)+drift",2022-07-07,368.7310791015625,2022-07-14,5,358.22821044921875,368.7945086776973,-10.50286865234375,0.06342957613480849,-1.0,1.0,False,0.964405976947552,10.956276175228632,1.3907281999709085,7413,expanding,True,3.0,0.0,-3.017714999215933,True,True,"{'const': 0.0003662322468580604, 'ma.L1': -0.08740853291695398, 'ma.L2': -0.019883784185338323, 'sigma2': 0.00014008551623000376}"
SPY,"ARIMA(0,1,2)+drift",2022-07-07,368.7310791015625,2022-08-04,20,392.5997314453125,370.8260503122095,23.86865234375,2.0949712106469747,1.0,1.0,True,0.964405976947552,22.577297998524493,1.3907281999709085,7413,expanding,True,3.0,0.0,-3.017714999215933,True,True,"{'const': 0.0003662322468580604, 'ma.L1': -0.08740853291695398, 'ma.L2': -0.019883784185338323, 'sigma2': 0.00014008551623000376}"
SPY,"ARIMA(0,1,2)+drift",2022-07-14,358.22821044921875,2022-07-15,1,365.0721130371094,358.51844485217106,6.843902587890625,0.29023440295230785,1.0,1.0,True,0.9651718983130105,6.790156444041978,1.253207299974747,7418,expanding,True,3.0,0.0,-3.017909234612298,True,True,"{'const': 0.00036219496694452205, 'ma.L1': -0.08721503999447344, 'ma.L2': -0.019966485921414655, 'sigma2': 0.00014003147985438094}"
SPY,"ARIMA(0,1,2)+drift",2022-07-14,358.22821044921875,2022-07-21,5,378.020751953125,359.06395150211006,19.79254150390625,0.8357410528913078,1.0,1.0,True,0.9651718983130105,19.64085411536417,1.253207299974747,7418,expanding,True,3.0,0.0,-3.017909234612298,True,True,"{'const': 0.00036219496694452205, 'ma.L1': -0.08721503999447344, 'ma.L2': -0.019966485921414655, 'sigma2': 0.00014003147985438094}"
SPY,"ARIMA(0,1,2)+drift",2022-07-14,358.22821044921875,2022-08-11,20,398.1166076660156,361.0200276383738,39.888397216796875,2.79181718915504,1.0,1.0,True,0.9651718983130105,38.43520526497054,1.253207299974747,7418,expanding,True,3.0,0.0,-3.017909234612298,True,True,"{'const': 0.00036219496694452205, 'ma.L1': -0.08721503999447344, 'ma.L2': -0.019966485921414655, 'sigma2': 0.00014003147985438094}"
SPY,"ARIMA(0,1,2)+drift",2022-07-21,378.020751953125,2022-07-22,1,374.5134887695313,377.738730913912,-3.507263183593693,-0.2820210392130207,-1.0,-1.0,True,0.9680007085489221,3.33185928057373,1.2419459000229836,7423,expanding,True,3.0,0.0,-3.0176479679209973,True,True,"{'const': 0.00036910988987242906, 'ma.L1': -0.08730169166407885, 'ma.L2': -0.019376030752073555, 'sigma2': 0.00014010417775365722}"
SPY,"ARIMA(0,1,2)+drift",2022-07-21,378.020751953125,2022-07-28,5,384.921630859375,378.2164120715081,6.90087890625,0.1956601183831026,1.0,1.0,True,0.9680007085489221,6.926873842807751,1.2419459000229836,7423,expanding,True,3.0,0.0,-3.0176479679209973,True,True,"{'const': 0.00036910988987242906, 'ma.L1': -0.08730169166407885, 'ma.L2': -0.019376030752073555, 'sigma2': 0.00014010417775365722}"
SPY,"ARIMA(0,1,2)+drift",2022-07-21,378.020751953125,2022-08-18,20,405.6051940917969,380.3162710708829,27.584442138671875,2.2955191177579195,1.0,1.0,True,0.9680007085489221,26.124901353453783,1.2419459000229836,7423,expanding,True,3.0,0.0,-3.0176479679209973,True,True,"{'const': 0.00036910988987242906, 'ma.L1': -0.08730169166407885, 'ma.L2': -0.019376030752073555, 'sigma2': 0.00014010417775365722}"
SPY,"ARIMA(0,1,2)+drift",2022-07-28,384.921630859375,2022-07-29,1,390.5332336425781,384.4138158199674,5.611602783203125,-0.5078150394076033,1.0,-1.0,False,0.9704172748952437,6.305965465496601,1.391632299986668,7428,expanding,True,3.0,0.0,-3.0175003687547304,True,True,"{'const': 0.00037126640727143373, 'ma.L1': -0.08737530507762625, 'ma.L2': -0.019485465342188053, 'sigma2': 0.00014014529515909952}"
SPY,"ARIMA(0,1,2)+drift",2022-07-28,384.921630859375,2022-08-04,5,392.5997314453125,384.8803781090887,7.6781005859375,-0.04125275028627584,1.0,-1.0,False,0.9704172748952437,7.954674278708691,1.391632299986668,7428,expanding,True,3.0,0.0,-3.0175003687547304,True,True,"{'const': 0.00037126640727143373, 'ma.L1': -0.08737530507762625, 'ma.L2': -0.019485465342188053, 'sigma2': 0.00014014529515909952}"
SPY,"ARIMA(0,1,2)+drift",2022-07-28,384.921630859375,2022-08-25,20,397.66162109375,387.02975481748837,12.739990234375,2.1081239581133673,1.0,1.0,True,0.9704172748952437,10.955973838583345,1.391632299986668,7428,expanding,True,3.0,0.0,-3.0175003687547304,True,True,"{'const': 0.00037126640727143373, 'ma.L1': -0.08737530507762625, 'ma.L2': -0.019485465342188053, 'sigma2': 0.00014014529515909952}"
SPY,"ARIMA(0,1,2)+drift",2022-08-04,392.5997314453125,2022-08-05,1,391.9361267089844,392.63350518922346,-0.663604736328125,0.033773743910956,-1.0,1.0,False,0.9718714540561642,0.7175624691192748,1.3912089999066666,7433,expanding,True,3.0,0.0,-3.017591898066674,True,True,"{'const': 0.0003737541343484844, 'ma.L1': -0.08726617296145557, 'ma.L2': -0.01927300588769367, 'sigma2': 0.0001401200545882376}"
SPY,"ARIMA(0,1,2)+drift",2022-08-04,392.5997314453125,2022-08-11,5,398.1166076660156,393.2202781847163,5.516876220703125,0.6205467394037782,1.0,1.0,True,0.9718714540561642,5.038042285185165,1.3912089999066666,7433,expanding,True,3.0,0.0,-3.017591898066674,True,True,"{'const': 0.0003737541343484844, 'ma.L1': -0.08726617296145557, 'ma.L2': -0.01927300588769367, 'sigma2': 0.0001401200545882376}"
SPY,"ARIMA(0,1,2)+drift",2022-08-04,392.5997314453125,2022-09-01,20,375.774169921875,395.43098492046,-16.8255615234375,2.8312534751474914,-1.0,1.0,False,0.9718714540561642,20.225735529679454,1.3912089999066666,7433,expanding,True,3.0,0.0,-3.017591898066674,True,True,"{'const': 0.0003737541343484844, 'ma.L1': -0.08726617296145557, 'ma.L2': -0.01927300588769367, 'sigma2': 0.0001401200545882376}"
SPY,"ARIMA(0,1,2)+drift",2022-08-11,398.1166076660156,2022-08-12,1,404.8563232421875,398.0677181723472,6.739715576171875,-0.04888949366841189,1.0,-1.0,False,0.9726787380943284,6.979288025911329,1.339575899997726,7438,expanding,True,3.0,0.0,-3.017722921071569,True,True,"{'const': 0.0003753669006875512, 'ma.L1': -0.08731500573724545, 'ma.L2': -0.019330342874655623, 'sigma2': 0.00014008328181168542}"
SPY,"ARIMA(0,1,2)+drift",2022-08-11,398.1166076660156,2022-08-18,5,405.6051940917969,398.65597576732034,7.48858642578125,0.5393681013047171,1.0,1.0,True,0.9726787380943284,7.14441269487543,1.339575899997726,7438,expanding,True,3.0,0.0,-3.017722921071569,True,True,"{'const': 0.0003753669006875512, 'ma.L1': -0.08731500573724545, 'ma.L2': -0.019330342874655623, 'sigma2': 0.00014008328181168542}"
SPY,"ARIMA(0,1,2)+drift",2022-08-11,398.1166076660156,2022-09-09,20,385.4239807128906,400.906940724554,-12.692626953125,2.7903330585383515,-1.0,1.0,False,0.9726787380943284,15.917855922293066,1.339575899997726,7438,expanding,True,3.0,0.0,-3.017722921071569,True,True,"{'const': 0.0003753669006875512, 'ma.L1': -0.08731500573724545, 'ma.L2': -0.019330342874655623, 'sigma2': 0.00014008328181168542}"
SPY,"ARIMA(0,1,2)+drift",2022-08-18,405.6051940917969,2022-08-19,1,400.15472412109375,405.7451291005329,-5.450469970703125,0.1399350087360176,-1.0,1.0,False,0.9738084474772225,5.740764514748064,1.351638299995102,7443,expanding,True,3.0,0.0,-3.01787934819314,True,True,"{'const': 0.00037764115832260146, 'ma.L1': -0.08723063025787926, 'ma.L2': -0.01899171670940836, 'sigma2': 0.00014003951465285753}"
SPY,"ARIMA(0,1,2)+drift",2022-08-18,405.6051940917969,2022-08-25,5,397.66162109375,406.3435134643061,-7.943572998046875,0.7383193725092383,-1.0,1.0,False,0.9738084474772225,8.915400552385519,1.351638299995102,7443,expanding,True,3.0,0.0,-3.01787934819314,True,True,"{'const': 0.00037764115832260146, 'ma.L1': -0.08723063025787926, 'ma.L2': -0.01899171670940836, 'sigma2': 0.00014003951465285753}"
SPY,"ARIMA(0,1,2)+drift",2022-08-18,405.6051940917969,2022-09-16,20,366.9811096191406,408.65182567114334,-38.62408447265625,3.0466315793464673,-1.0,1.0,False,0.9738084474772225,42.79149165316457,1.351638299995102,7443,expanding,True,3.0,0.0,-3.01787934819314,True,True,"{'const': 0.00037764115832260146, 'ma.L1': -0.08723063025787926, 'ma.L2': -0.01899171670940836, 'sigma2': 0.00014003951465285753}"
SPY,"ARIMA(0,1,2)+drift",2022-08-25,397.66162109375,2022-08-26,1,384.201171875,397.3221808861361,-13.46044921875,-0.3394402076139045,-1.0,-1.0,True,0.9760440874054912,13.44304953069713,1.4218506999313831,7448,expanding,True,3.0,0.0,-3.0177741310539155,True,True,"{'const': 0.0003746659555344825, 'ma.L1': -0.08684666525461493, 'ma.L2': -0.01903466244902659, 'sigma2': 0.000140068511015353}"
SPY,"ARIMA(0,1,2)+drift",2022-08-25,397.66162109375,2022-09-01,5,375.774169921875,397.8141863978269,-21.887451171875,0.1525653040769157,-1.0,1.0,False,0.9760440874054912,22.58096407769697,1.4218506999313831,7448,expanding,True,3.0,0.0,-3.0177741310539155,True,True,"{'const': 0.0003746659555344825, 'ma.L1': -0.08684666525461493, 'ma.L2': -0.01903466244902659, 'sigma2': 0.000140068511015353}"
SPY,"ARIMA(0,1,2)+drift",2022-08-25,397.66162109375,2022-09-23,20,350.2196960449219,400.05619200469533,-47.441925048828125,2.3945709109453333,-1.0,1.0,False,0.9760440874054912,51.059677122012225,1.4218506999313831,7448,expanding,True,3.0,0.0,-3.0177741310539155,True,True,"{'const': 0.0003746659555344825, 'ma.L1': -0.08684666525461493, 'ma.L2': -0.01903466244902659, 'sigma2': 0.000140068511015353}"
SPY,"ARIMA(0,1,2)+drift",2022-09-01,375.774169921875,2022-09-02,1,371.8118286132813,375.9214767852698,-3.962341308593693,0.14730686339481736,-1.0,1.0,False,0.9786417956513486,4.199338501839969,2.4470376999815926,7453,expanding,False,2.0,2.0,-3.0174024250013667,True,True,"{'const': 0.0003668838080229542, 'ma.L1': -0.08672411388677025, 'ma.L2': -0.018714692617123673, 'sigma2': 0.00014017328308213746}"
SPY,"ARIMA(0,1,2)+drift",2022-09-01,375.774169921875,2022-09-09,5,385.4239807128906,376.4614521721909,9.649810791015625,0.6872822503158886,1.0,1.0,True,0.9786417956513486,9.158129747293904,2.4470376999815926,7453,expanding,False,2.0,2.0,-3.0174024250013667,True,True,"{'const': 0.0003668838080229542, 'ma.L1': -0.08672411388677025, 'ma.L2': -0.018714692617123673, 'sigma2': 0.00014017328308213746}"
SPY,"ARIMA(0,1,2)+drift",2022-09-01,375.774169921875,2022-09-30,20,339.96856689453125,378.53892753676763,-35.80560302734375,2.7647576148926305,-1.0,1.0,False,0.9786417956513486,39.41213303337953,2.4470376999815926,7453,expanding,False,2.0,2.0,-3.0174024250013667,True,True,"{'const': 0.0003668838080229542, 'ma.L1': -0.08672411388677025, 'ma.L2': -0.018714692617123673, 'sigma2': 0.00014017328308213746}"
SPY,"ARIMA(0,1,2)+drift",2022-09-09,385.4239807128906,2022-09-12,1,389.56640625,384.979156053458,4.142425537109375,-0.4448246594326406,1.0,-1.0,False,0.9807186374815219,4.677437565907832,1.3794032000005245,7458,expanding,True,3.0,0.0,-3.01738320193083,True,True,"{'const': 0.00036995109408756395, 'ma.L1': -0.08653181276117736, 'ma.L2': -0.018601087624549102, 'sigma2': 0.00014017825415859863}"
SPY,"ARIMA(0,1,2)+drift",2022-09-09,385.4239807128906,2022-09-16,5,366.9811096191406,385.4344890718286,-18.44287109375,0.010508358937954654,-1.0,1.0,False,0.9807186374815219,18.816181060937208,1.3794032000005245,7458,expanding,True,3.0,0.0,-3.01738320193083,True,True,"{'const': 0.00036995109408756395, 'ma.L1': -0.08653181276117736, 'ma.L2': -0.018601087624549102, 'sigma2': 0.00014017825415859863}"
SPY,"ARIMA(0,1,2)+drift",2022-09-09,385.4239807128906,2022-10-07,20,345.30828857421875,387.57931333237235,-40.115692138671875,2.155332619481726,-1.0,1.0,False,0.9807186374815219,43.10209181575796,1.3794032000005245,7458,expanding,True,3.0,0.0,-3.01738320193083,True,True,"{'const': 0.00036995109408756395, 'ma.L1': -0.08653181276117736, 'ma.L2': -0.018601087624549102, 'sigma2': 0.00014017825415859863}"
SPY,"ARIMA(0,1,2)+drift",2022-09-16,366.9811096191406,2022-09-19,1,369.8269653320313,367.4913754435925,2.845855712890682,0.5102658244518921,1.0,1.0,True,0.9840244619368999,2.3735079551188623,1.3701468999497592,7463,expanding,True,3.0,0.0,-3.0166313045975635,True,True,"{'const': 0.0003632766281175878, 'ma.L1': -0.08675523671874615, 'ma.L2': -0.018668878984145588, 'sigma2': 0.00014038966598001749}"
SPY,"ARIMA(0,1,2)+drift",2022-09-16,366.9811096191406,2022-09-23,5,350.2196960449219,368.08841056274866,-16.76141357421875,1.1073009436080383,-1.0,1.0,False,0.9840244619368999,18.15881129891323,1.3701468999497592,7463,expanding,True,3.0,0.0,-3.0166313045975635,True,True,"{'const': 0.0003632766281175878, 'ma.L1': -0.08675523671874615, 'ma.L2': -0.018668878984145588, 'sigma2': 0.00014038966598001749}"
SPY,"ARIMA(0,1,2)+drift",2022-09-16,366.9811096191406,2022-10-14,20,340.3969421386719,370.0996541189646,-26.58416748046875,3.1185444998239973,-1.0,1.0,False,0.9840244619368999,30.18493251867698,1.3701468999497592,7463,expanding,True,3.0,0.0,-3.0166313045975635,True,True,"{'const': 0.0003632766281175878, 'ma.L1': -0.08675523671874615, 'ma.L2': -0.018668878984145588, 'sigma2': 0.00014038966598001749}"
SPY,"ARIMA(0,1,2)+drift",2022-09-23,350.2196960449219,2022-09-26,1,346.7549743652344,350.9730092269623,-3.4647216796875,0.7533131820404151,-1.0,1.0,False,0.9863725271157288,4.276310162512285,1.4568500999594107,7468,expanding,True,3.0,0.0,-3.016496733915756,True,True,"{'const': 0.0003568134863521659, 'ma.L1': -0.08626846717762063, 'ma.L2': -0.018308219474272885, 'sigma2': 0.0001404278366065224}"
SPY,"ARIMA(0,1,2)+drift",2022-09-23,350.2196960449219,2022-09-30,5,339.96856689453125,351.59345760460167,-10.251129150390625,1.3737615596797923,-1.0,1.0,False,0.9863725271157288,11.785497254331473,1.4568500999594107,7468,expanding,True,3.0,0.0,-3.016496733915756,True,True,"{'const': 0.0003568134863521659, 'ma.L1': -0.08626846717762063, 'ma.L2': -0.018308219474272885, 'sigma2': 0.0001404278366065224}"
SPY,"ARIMA(0,1,2)+drift",2022-09-23,350.2196960449219,2022-10-21,20,356.254150390625,353.4803017970878,6.034454345703125,3.2606057521659295,1.0,1.0,True,0.9863725271157288,2.8121713828022568,1.4568500999594107,7468,expanding,True,3.0,0.0,-3.016496733915756,True,True,"{'const': 0.0003568134863521659, 'ma.L1': -0.08626846717762063, 'ma.L2': -0.018308219474272885, 'sigma2': 0.0001404278366065224}"
SPY,"ARIMA(0,1,2)+drift",2022-09-30,339.96856689453125,2022-10-03,1,348.9442443847656,340.72158839762596,8.975677490234375,0.7530215030947147,1.0,1.0,True,0.9889060240996729,8.314901301795377,1.3457880000350997,7473,expanding,True,3.0,0.0,-3.016256748871292,True,True,"{'const': 0.0003525972844022501, 'ma.L1': -0.08608444877167998, 'ma.L2': -0.018537734138911466, 'sigma2': 0.00014049542915475392}"
SPY,"ARIMA(0,1,2)+drift",2022-09-30,339.96856689453125,2022-10-07,5,345.30828857421875,341.3119857947944,5.3397216796875,1.3434189002631456,1.0,1.0,True,0.9889060240996729,4.041135034102657,1.3457880000350997,7473,expanding,True,3.0,0.0,-3.016256748871292,True,True,"{'const': 0.0003525972844022501, 'ma.L1': -0.08608444877167998, 'ma.L2': -0.018537734138911466, 'sigma2': 0.00014049542915475392}"
SPY,"ARIMA(0,1,2)+drift",2022-09-30,339.96856689453125,2022-10-28,20,370.27435302734375,343.1219531873819,30.3057861328125,3.153386292850655,1.0,1.0,True,0.9889060240996729,27.45700721631475,1.3457880000350997,7473,expanding,True,3.0,0.0,-3.016256748871292,True,True,"{'const': 0.0003525972844022501, 'ma.L1': -0.08608444877167998, 'ma.L2': -0.018537734138911466, 'sigma2': 0.00014049542915475392}"
SPY,"ARIMA(0,1,2)+drift",2022-10-07,345.30828857421875,2022-10-10,1,342.6717834472656,346.37211848797426,-2.636505126953125,1.0638299137555123,-1.0,1.0,False,0.9928236845678965,3.727081755023927,1.4442241999786347,7478,expanding,True,3.0,0.0,-3.0153758623824825,True,True,"{'const': 0.00035449745203032946, 'ma.L1': -0.08548585828345563, 'ma.L2': -0.01994042791722587, 'sigma2': 0.00014074317548563354}"
SPY,"ARIMA(0,1,2)+drift",2022-10-07,345.30828857421875,2022-10-14,5,340.3969421386719,347.06767488179213,-4.911346435546875,1.7593863075733793,-1.0,1.0,False,0.9928236845678965,6.718950048037518,1.4442241999786347,7478,expanding,True,3.0,0.0,-3.0153758623824825,True,True,"{'const': 0.00035449745203032946, 'ma.L1': -0.08548585828345563, 'ma.L2': -0.01994042791722587, 'sigma2': 0.00014074317548563354}"
SPY,"ARIMA(0,1,2)+drift",2022-10-07,345.30828857421875,2022-11-04,20,358.21490478515625,348.91810942554343,12.9066162109375,3.6098208513246846,1.0,1.0,True,0.9928236845678965,9.363994336677242,1.4442241999786347,7478,expanding,True,3.0,0.0,-3.0153758623824825,True,True,"{'const': 0.00035449745203032946, 'ma.L1': -0.08548585828345563, 'ma.L2': -0.01994042791722587, 'sigma2': 0.00014074317548563354}"
SPY,"ARIMA(0,1,2)+drift",2022-10-14,340.3969421386719,2022-10-17,1,349.1441650390625,340.9716138698758,8.747222900390625,0.5746717312039209,1.0,1.0,True,0.9952107724962438,8.211879729444497,1.3301425999961793,7483,expanding,True,3.0,0.0,-3.0150966778500043,True,True,"{'const': 0.00035227580851626195, 'ma.L1': -0.08570396734845731, 'ma.L2': -0.01966113456676413, 'sigma2': 0.00014082135140239884}"
SPY,"ARIMA(0,1,2)+drift",2022-10-14,340.3969421386719,2022-10-21,5,356.254150390625,341.59570663908715,15.857208251953125,1.1987645004152796,1.0,1.0,True,0.9952107724962438,14.728984207808272,1.3301425999961793,7483,expanding,True,3.0,0.0,-3.0150966778500043,True,True,"{'const': 0.00035227580851626195, 'ma.L1': -0.08570396734845731, 'ma.L2': -0.01966113456676413, 'sigma2': 0.00014082135140239884}"
SPY,"ARIMA(0,1,2)+drift",2022-10-14,340.3969421386719,2022-11-11,20,379.30706787109375,343.40552264203046,38.910125732421875,3.008580503358587,1.0,1.0,True,0.9952107724962438,36.07431332260704,1.3301425999961793,7483,expanding,True,3.0,0.0,-3.0150966778500043,True,True,"{'const': 0.00035227580851626195, 'ma.L1': -0.08570396734845731, 'ma.L2': -0.01966113456676413, 'sigma2': 0.00014082135140239884}"
SPY,"ARIMA(0,1,2)+drift",2022-10-21,356.254150390625,2022-10-24,1,360.6134948730469,355.7471446946786,4.359344482421875,-0.5070056959464182,1.0,-1.0,False,0.9981184641350348,4.875523650978095,1.4324449999257922,7488,expanding,True,3.0,0.0,-3.0147843723529153,True,True,"{'const': 0.00035793164157494635, 'ma.L1': -0.08611120600529973, 'ma.L2': -0.01968020672820728, 'sigma2': 0.00014090846948593992}"
SPY,"ARIMA(0,1,2)+drift",2022-10-21,356.254150390625,2022-10-28,5,370.27435302734375,356.09730736255153,14.02020263671875,-0.1568430280734674,1.0,-1.0,False,0.9981184641350348,14.203770568534653,1.4324449999257922,7488,expanding,True,3.0,0.0,-3.0147843723529153,True,True,"{'const': 0.00035793164157494635, 'ma.L1': -0.08611120600529973, 'ma.L2': -0.01968020672820728, 'sigma2': 0.00014090846948593992}"
SPY,"ARIMA(0,1,2)+drift",2022-10-21,356.254150390625,2022-11-18,20,376.9466247558594,358.01432637756517,20.692474365234375,1.760175986940169,1.0,1.0,True,0.9981184641350348,18.967987326735663,1.4324449999257922,7488,expanding,True,3.0,0.0,-3.0147843723529153,True,True,"{'const': 0.00035793164157494635, 'ma.L1': -0.08611120600529973, 'ma.L2': -0.01968020672820728, 'sigma2': 0.00014090846948593992}"
SPY,"ARIMA(0,1,2)+drift",2022-10-28,370.27435302734375,2022-10-31,1,367.5997619628906,369.7372031341504,-2.674591064453125,-0.5371498931933729,-1.0,-1.0,True,1.0005788777642117,2.1362045699344097,1.2733848000643775,7493,expanding,True,3.0,0.0,-3.0146176199964296,True,True,"{'const': 0.00036283981106439273, 'ma.L1': -0.0857617855074978, 'ma.L2': -0.01975759629133262, 'sigma2': 0.0001409556636870649}"
SPY,"ARIMA(0,1,2)+drift",2022-10-28,370.27435302734375,2022-11-04,5,358.21490478515625,370.10950111703204,-12.0594482421875,-0.16485191031171098,-1.0,-1.0,True,1.0005788777642117,11.88771479811187,1.2733848000643775,7493,expanding,True,3.0,0.0,-3.0146176199964296,True,True,"{'const': 0.00036283981106439273, 'ma.L1': -0.0857617855074978, 'ma.L2': -0.01975759629133262, 'sigma2': 0.0001409556636870649}"
SPY,"ARIMA(0,1,2)+drift",2022-10-28,370.27435302734375,2022-11-28,20,376.8323364257813,372.12934966392606,6.557983398437557,1.8549966365823138,1.0,1.0,True,1.0005788777642117,4.70026588245001,1.2733848000643775,7493,expanding,True,3.0,0.0,-3.0146176199964296,True,True,"{'const': 0.00036283981106439273, 'ma.L1': -0.0857617855074978, 'ma.L2': -0.01975759629133262, 'sigma2': 0.0001409556636870649}"
SPY,"ARIMA(0,1,2)+drift",2022-11-04,358.21490478515625,2022-11-07,1,361.6414489746094,358.0599680581946,3.426544189453125,-0.15493672696163685,1.0,-1.0,False,1.0028760497118772,3.571209939098365,1.214466099976562,7498,expanding,True,3.0,0.0,-3.0144448965914235,True,True,"{'const': 0.00035824050932236343, 'ma.L1': -0.0855750288340559, 'ma.L2': -0.019979526001725194, 'sigma2': 0.00014100453613885547}"
SPY,"ARIMA(0,1,2)+drift",2022-11-04,358.21490478515625,2022-11-11,5,379.30706787109375,358.4853884496635,21.0921630859375,0.27048366450725325,1.0,1.0,True,1.0028760497118772,20.761966972301554,1.214466099976562,7498,expanding,True,3.0,0.0,-3.0144448965914235,True,True,"{'const': 0.00035824050932236343, 'ma.L1': -0.0855750288340559, 'ma.L2': -0.019979526001725194, 'sigma2': 0.00014100453613885547}"
SPY,"ARIMA(0,1,2)+drift",2022-11-04,358.21490478515625,2022-12-05,20,380.33502197265625,360.41693330602055,22.1201171875,2.202028520864303,1.0,1.0,True,1.0028760497118772,19.86096753667424,1.214466099976562,7498,expanding,True,3.0,0.0,-3.0144448965914235,True,True,"{'const': 0.00035824050932236343, 'ma.L1': -0.0855750288340559, 'ma.L2': -0.019979526001725194, 'sigma2': 0.00014100453613885547}"
SPY,"ARIMA(0,1,2)+drift",2022-11-11,379.30706787109375,2022-11-14,1,376.0804138183594,378.6202209146209,-3.226654052734375,-0.6868469564728343,-1.0,-1.0,True,1.007016208641563,2.522111436207834,1.2626200000522658,7503,expanding,True,3.0,0.0,-3.013180254109454,True,True,"{'const': 0.0003655551381100673, 'ma.L1': -0.08584878475921884, 'ma.L2': -0.0201624140958616, 'sigma2': 0.00014136147203340656}"
SPY,"ARIMA(0,1,2)+drift",2022-11-11,379.30706787109375,2022-11-18,5,376.9466247558594,379.07277665526954,-2.360443115234375,-0.2342912158242143,-1.0,-1.0,True,1.007016208641563,2.1113383093190534,1.2626200000522658,7503,expanding,True,3.0,0.0,-3.013180254109454,True,True,"{'const': 0.0003655551381100673, 'ma.L1': -0.08584878475921884, 'ma.L2': -0.0201624140958616, 'sigma2': 0.00014136147203340656}"
SPY,"ARIMA(0,1,2)+drift",2022-11-11,379.30706787109375,2022-12-12,20,379.7257995605469,381.1570658710343,0.418731689453125,1.8499979999405696,1.0,1.0,True,1.007016208641563,1.4212942137427789,1.2626200000522658,7503,expanding,True,3.0,0.0,-3.013180254109454,True,True,"{'const': 0.0003655551381100673, 'ma.L1': -0.08584878475921884, 'ma.L2': -0.0201624140958616, 'sigma2': 0.00014136147203340656}"
SPY,"ARIMA(0,1,2)+drift",2022-11-18,376.9466247558594,2022-11-21,1,375.575927734375,376.9949209903286,-1.370697021484375,0.0482962344692055,-1.0,1.0,False,1.0079684183190092,1.4077755117764883,1.2727729000616819,7508,expanding,True,3.0,0.0,-3.0134231865872194,True,True,"{'const': 0.0003645811079802901, 'ma.L1': -0.08602829147328593, 'ma.L2': -0.020392907784809112, 'sigma2': 0.00014129323909922045}"
SPY,"ARIMA(0,1,2)+drift",2022-11-18,376.9466247558594,2022-11-28,5,376.8323364257813,377.516798157361,-0.11428833007806816,0.57017340150162,-1.0,1.0,False,1.0079684183190092,0.6790507709767001,1.2727729000616819,7508,expanding,True,3.0,0.0,-3.0134231865872194,True,True,"{'const': 0.0003645811079802901, 'ma.L1': -0.08602829147328593, 'ma.L2': -0.020392907784809112, 'sigma2': 0.00014129323909922045}"
SPY,"ARIMA(0,1,2)+drift",2022-11-18,376.9466247558594,2022-12-19,20,363.3689880371094,379.5869860216522,-13.57763671875,2.6403612657928193,-1.0,1.0,False,1.0079684183190092,16.089787824493158,1.2727729000616819,7508,expanding,True,3.0,0.0,-3.0134231865872194,True,True,"{'const': 0.0003645811079802901, 'ma.L1': -0.08602829147328593, 'ma.L2': -0.020392907784809112, 'sigma2': 0.00014129323909922045}"
SPY,"ARIMA(0,1,2)+drift",2022-11-28,376.8323364257813,2022-11-29,1,376.1851501464844,377.4959835737959,-0.6471862792969318,0.6636471480146042,-1.0,1.0,False,1.0092969382532873,1.2987589455884954,1.3569126999936998,7513,expanding,True,3.0,0.0,-3.013525046437503,True,True,"{'const': 0.00036439343813522116, 'ma.L1': -0.08601213773856313, 'ma.L2': -0.020473836353659996, 'sigma2': 0.00014126479761369348}"
SPY,"ARIMA(0,1,2)+drift",2022-11-28,376.8323364257813,2022-12-05,5,380.33502197265625,378.172680471821,3.502685546874943,1.3403440460397178,1.0,1.0,True,1.0092969382532873,2.142423521642128,1.3569126999936998,7513,expanding,True,3.0,0.0,-3.013525046437503,True,True,"{'const': 0.00036439343813522116, 'ma.L1': -0.08601213773856313, 'ma.L2': -0.020473836353659996, 'sigma2': 0.00014126479761369348}"
SPY,"ARIMA(0,1,2)+drift",2022-11-28,376.8323364257813,2022-12-27,20,364.6885681152344,380.24539458579835,-12.143768310546932,3.4130581600170444,-1.0,1.0,False,1.0092969382532873,15.413527853841488,1.3569126999936998,7513,expanding,True,3.0,0.0,-3.013525046437503,True,True,"{'const': 0.00036439343813522116, 'ma.L1': -0.08601213773856313, 'ma.L2': -0.020473836353659996, 'sigma2': 0.00014126479761369348}"
SPY,"ARIMA(0,1,2)+drift",2022-12-05,380.33502197265625,2022-12-06,1,374.8525390625,381.08779123298734,-5.48248291015625,0.7527692603310925,-1.0,1.0,False,1.0113124900697095,6.165504956887805,1.2703066000249237,7518,expanding,True,3.0,0.0,-3.0132646521611783,True,True,"{'const': 0.0003653919284261537, 'ma.L1': -0.08600020658596899, 'ma.L2': -0.021006200435902202, 'sigma2': 0.0001413384522782635}"
SPY,"ARIMA(0,1,2)+drift",2022-12-05,380.33502197265625,2022-12-12,5,379.7257995605469,381.7939673803624,-0.609222412109375,1.4589454077061532,-1.0,1.0,False,1.0113124900697095,2.0450333997882,1.2703066000249237,7518,expanding,True,3.0,0.0,-3.0132646521611783,True,True,"{'const': 0.0003653919284261537, 'ma.L1': -0.08600020658596899, 'ma.L2': -0.021006200435902202, 'sigma2': 0.0001413384522782635}"
SPY,"ARIMA(0,1,2)+drift",2022-12-05,380.33502197265625,2023-01-04,20,366.9450988769531,383.8922789334107,-13.389923095703125,3.5572569607544438,-1.0,1.0,False,1.0113124900697095,16.757609762428036,1.2703066000249237,7518,expanding,True,3.0,0.0,-3.0132646521611783,True,True,"{'const': 0.0003653919284261537, 'ma.L1': -0.08600020658596899, 'ma.L2': -0.021006200435902202, 'sigma2': 0.0001413384522782635}"
SPY,"ARIMA(0,1,2)+drift",2022-12-12,379.7257995605469,2022-12-13,1,382.6003723144531,379.4842662185558,2.87457275390625,-0.24153334199110077,1.0,-1.0,False,1.0129356404562895,3.0763120295517115,2.4096277001081035,7523,expanding,False,2.0,2.0,-3.0133298463248925,True,True,"{'const': 0.0003647841890246977, 'ma.L1': -0.0858363207154646, 'ma.L2': -0.02094022442265942, 'sigma2': 0.0001413191709521506}"
SPY,"ARIMA(0,1,2)+drift",2022-12-12,379.7257995605469,2022-12-19,5,363.3689880371094,379.93129773437016,-16.3568115234375,0.20549817382328683,-1.0,1.0,False,1.0129356404562895,16.350801606506895,2.4096277001081035,7523,expanding,False,2.0,2.0,-3.0133298463248925,True,True,"{'const': 0.0003647841890246977, 'ma.L1': -0.0858363207154646, 'ma.L2': -0.02094022442265942, 'sigma2': 0.0001413191709521506}"
SPY,"ARIMA(0,1,2)+drift",2022-12-12,379.7257995605469,2023-01-11,20,378.1898193359375,382.0158896846,-1.535980224609375,2.2900901240531084,-1.0,1.0,False,1.0129356404562895,3.7772097217736187,2.4096277001081035,7523,expanding,False,2.0,2.0,-3.0133298463248925,True,True,"{'const': 0.0003647841890246977, 'ma.L1': -0.0858363207154646, 'ma.L2': -0.02094022442265942, 'sigma2': 0.0001413191709521506}"
SPY,"ARIMA(0,1,2)+drift",2022-12-19,363.3689880371094,2022-12-20,1,363.8662109375,363.94008409335714,0.497222900390625,0.571096056247768,1.0,1.0,True,1.0151996604946802,0.07276712033290732,1.3849408000241965,7528,expanding,True,3.0,0.0,-3.0131578491311566,True,True,"{'const': 0.0003588220248978362, 'ma.L1': -0.08516217914471043, 'ma.L2': -0.020998437456358175, 'sigma2': 0.00014136823842613567}"
SPY,"ARIMA(0,1,2)+drift",2022-12-19,363.3689880371094,2022-12-27,5,364.6885681152344,364.54430233855885,1.319580078125,1.1753143014494754,1.0,1.0,True,1.0151996604946802,0.14210581651024953,1.3849408000241965,7528,expanding,True,3.0,0.0,-3.0131578491311566,True,True,"{'const': 0.0003588220248978362, 'ma.L1': -0.08516217914471043, 'ma.L2': -0.020998437456358175, 'sigma2': 0.00014136823842613567}"
SPY,"ARIMA(0,1,2)+drift",2022-12-19,363.3689880371094,2023-01-19,20,371.611328125,366.51169002524705,8.242340087890625,3.1427019881376737,1.0,1.0,True,1.0151996604946802,5.023285860111528,1.3849408000241965,7528,expanding,True,3.0,0.0,-3.0131578491311566,True,True,"{'const': 0.0003588220248978362, 'ma.L1': -0.08516217914471043, 'ma.L2': -0.020998437456358175, 'sigma2': 0.00014136823842613567}"
SPY,"ARIMA(0,1,2)+drift",2022-12-27,364.6885681152344,2022-12-28,1,360.15625,364.91601564766535,-4.532318115234375,0.22744753243097193,-1.0,1.0,False,1.0164833099235582,4.682581210333194,2.478727300069295,7533,expanding,False,2.0,2.0,-3.0132906732816216,True,True,"{'const': 0.00035901406418236743, 'ma.L1': -0.08542180367039665, 'ma.L2': -0.021006490557484037, 'sigma2': 0.00014133041686959752}"
SPY,"ARIMA(0,1,2)+drift",2022-12-27,364.6885681152344,2023-01-04,5,366.9450988769531,365.47273609479197,2.25653076171875,0.7841679795575942,1.0,1.0,True,1.0164833099235582,1.4484869232844373,2.478727300069295,7533,expanding,False,2.0,2.0,-3.0132906732816216,True,True,"{'const': 0.00035901406418236743, 'ma.L1': -0.08542180367039665, 'ma.L2': -0.021006490557484037, 'sigma2': 0.00014133041686959752}"
SPY,"ARIMA(0,1,2)+drift",2022-12-27,364.6885681152344,2023-01-26,20,387.0154418945313,367.44619285100305,22.326873779296932,2.7576247357686725,1.0,1.0,True,1.0164833099235582,19.251913782037317,2.478727300069295,7533,expanding,False,2.0,2.0,-3.0132906732816216,True,True,"{'const': 0.00035901406418236743, 'ma.L1': -0.08542180367039665, 'ma.L2': -0.021006490557484037, 'sigma2': 0.00014133041686959752}"
SPY,"ARIMA(0,1,2)+drift",2023-01-04,366.9450988769531,2023-01-05,1,362.757080078125,366.8939391254341,-4.188018798828125,-0.0511597515190374,-1.0,-1.0,True,1.0179758384434319,4.063808679029831,1.2200525000225753,7538,expanding,True,3.0,0.0,-3.0133839933667623,True,True,"{'const': 0.00035954580802991133, 'ma.L1': -0.08561850009526241, 'ma.L2': -0.02117265124890278, 'sigma2': 0.00014130381279557982}"
SPY,"ARIMA(0,1,2)+drift",2023-01-04,366.9450988769531,2023-01-11,5,378.1898193359375,367.36819134384393,11.244720458984375,0.4230924668908074,1.0,1.0,True,1.0179758384434319,10.630535208616267,1.2200525000225753,7538,expanding,True,3.0,0.0,-3.0133839933667623,True,True,"{'const': 0.00035954580802991133, 'ma.L1': -0.08561850009526241, 'ma.L2': -0.02117265124890278, 'sigma2': 0.00014130381279557982}"
SPY,"ARIMA(0,1,2)+drift",2023-01-04,366.9450988769531,2023-02-02,20,398.5183715820313,369.3548290810369,31.573272705078182,2.4097302040837576,1.0,1.0,True,1.0179758384434319,28.64856060394111,1.2200525000225753,7538,expanding,True,3.0,0.0,-3.0133839933667623,True,True,"{'const': 0.00035954580802991133, 'ma.L1': -0.08561850009526241, 'ma.L2': -0.02117265124890278, 'sigma2': 0.00014130381279557982}"
SPY,"ARIMA(0,1,2)+drift",2023-01-11,378.1898193359375,2023-01-12,1,379.5667419433594,377.8547899226024,1.376922607421875,-0.33502941333512126,1.0,-1.0,False,1.0199582907414446,1.6784529684174794,1.2630931999301538,7543,expanding,True,3.0,0.0,-3.013337043931036,True,True,"{'const': 0.00036326728714976573, 'ma.L1': -0.08580773275489664, 'ma.L2': -0.020829390841847466, 'sigma2': 0.00014131690671804196}"
SPY,"ARIMA(0,1,2)+drift",2023-01-11,378.1898193359375,2023-01-19,5,371.611328125,378.3031176196217,-6.5784912109375,0.11329828368417338,-1.0,1.0,False,1.0199582907414446,6.56084621828719,1.2630931999301538,7543,expanding,True,3.0,0.0,-3.013337043931036,True,True,"{'const': 0.00036326728714976573, 'ma.L1': -0.08580773275489664, 'ma.L2': -0.020829390841847466, 'sigma2': 0.00014131690671804196}"
SPY,"ARIMA(0,1,2)+drift",2023-01-11,378.1898193359375,2023-02-09,20,389.2528991699219,380.3701212751679,11.063079833984375,2.1803019392303895,1.0,1.0,True,1.0199582907414446,8.708961901076144,1.2630931999301538,7543,expanding,True,3.0,0.0,-3.013337043931036,True,True,"{'const': 0.00036326728714976573, 'ma.L1': -0.08580773275489664, 'ma.L2': -0.020829390841847466, 'sigma2': 0.00014131690671804196}"
SPY,"ARIMA(0,1,2)+drift",2023-01-19,371.611328125,2023-01-20,1,378.5340881347656,372.1617726024379,6.922760009765625,0.5504444774379067,1.0,1.0,True,1.020909353993943,6.241803454340301,1.3141983998939395,7548,expanding,True,3.0,0.0,-3.013485227740861,True,True,"{'const': 0.00036083474740813417, 'ma.L1': -0.08558511832525435, 'ma.L2': -0.020831442343998717, 'sigma2': 0.00014127554823427173}"
SPY,"ARIMA(0,1,2)+drift",2023-01-19,371.611328125,2023-01-26,5,387.0154418945313,372.76998751133925,15.404113769531307,1.1586593863392523,1.0,1.0,True,1.020909353993943,13.95369170383424,1.3141983998939395,7548,expanding,True,3.0,0.0,-3.013485227740861,True,True,"{'const': 0.00036083474740813417, 'ma.L1': -0.08558511832525435, 'ma.L2': -0.020831442343998717, 'sigma2': 0.00014127554823427173}"
SPY,"ARIMA(0,1,2)+drift",2023-01-19,371.611328125,2023-02-16,20,390.3907470703125,374.7930830604553,18.7794189453125,3.181754935455274,1.0,1.0,True,1.020909353993943,15.27820658008171,1.3141983998939395,7548,expanding,True,3.0,0.0,-3.013485227740861,True,True,"{'const': 0.00036083474740813417, 'ma.L1': -0.08558511832525435, 'ma.L2': -0.020831442343998717, 'sigma2': 0.00014127554823427173}"
SPY,"ARIMA(0,1,2)+drift",2023-01-26,387.0154418945313,2023-01-27,1,387.9046325683594,386.80430111687156,0.8891906738280682,-0.21114077765975026,1.0,-1.0,False,1.0223820623704944,1.0762429154288864,1.3169229000341147,7553,expanding,True,3.0,0.0,-3.0135517860172922,True,True,"{'const': 0.0003658580166556806, 'ma.L1': -0.08552133452500339, 'ma.L2': -0.021205399938129275, 'sigma2': 0.0001412562281472909}"
SPY,"ARIMA(0,1,2)+drift",2023-01-26,387.0154418945313,2023-02-02,5,398.5183715820313,387.2838054442454,11.5029296875,0.2683635497140813,1.0,1.0,True,1.0223820623704944,10.988618199870858,1.3169229000341147,7553,expanding,True,3.0,0.0,-3.0135517860172922,True,True,"{'const': 0.0003658580166556806, 'ma.L1': -0.08552133452500339, 'ma.L2': -0.021205399938129275, 'sigma2': 0.0001412562281472909}"
SPY,"ARIMA(0,1,2)+drift",2023-01-26,387.0154418945313,2023-02-24,20,379.01220703125,389.4150112601412,-8.003234863281307,2.3995693656099206,-1.0,1.0,False,1.0223820623704944,10.175065283101008,1.3169229000341147,7553,expanding,True,3.0,0.0,-3.0135517860172922,True,True,"{'const': 0.0003658580166556806, 'ma.L1': -0.08552133452500339, 'ma.L2': -0.021205399938129275, 'sigma2': 0.0001412562281472909}"
SPY,"ARIMA(0,1,2)+drift",2023-02-02,398.5183715820313,2023-02-03,1,394.282470703125,398.05133887032906,-4.235900878906307,-0.46703271170224525,-1.0,-1.0,True,1.024515841268146,3.678682178831862,1.2726035000523552,7558,expanding,True,3.0,0.0,-3.013556416593666,True,True,"{'const': 0.00036945584282011083, 'ma.L1': -0.0853804167094201, 'ma.L2': -0.021242384708980596, 'sigma2': 0.00014125477232460124}"
SPY,"ARIMA(0,1,2)+drift",2023-02-02,398.5183715820313,2023-02-09,5,389.2528991699219,398.5104128251506,-9.265472412109432,-0.00795875688072556,-1.0,-1.0,True,1.024515841268146,9.035988788391746,1.2726035000523552,7558,expanding,True,3.0,0.0,-3.013556416593666,True,True,"{'const': 0.00036945584282011083, 'ma.L1': -0.0853804167094201, 'ma.L2': -0.021242384708980596, 'sigma2': 0.00014125477232460124}"
SPY,"ARIMA(0,1,2)+drift",2023-02-02,398.5183715820313,2023-03-03,20,386.4799499511719,400.7250236707501,-12.038421630859432,2.2066520887187835,-1.0,1.0,False,1.024515841268146,13.904200546031243,1.2726035000523552,7558,expanding,True,3.0,0.0,-3.013556416593666,True,True,"{'const': 0.00036945584282011083, 'ma.L1': -0.0853804167094201, 'ma.L2': -0.021242384708980596, 'sigma2': 0.00014125477232460124}"
SPY,"ARIMA(0,1,2)+drift",2023-02-09,389.2528991699219,2023-02-10,1,390.1613159179688,389.8076341272805,0.9084167480469318,0.5547349573586189,1.0,1.0,True,1.026419199953884,0.3445783074831448,1.2642895999597386,7563,expanding,True,3.0,0.0,-3.0136605604475464,True,True,"{'const': 0.00036624532383195053, 'ma.L1': -0.08554834426839313, 'ma.L2': -0.02158563923709419, 'sigma2': 0.0001412260345944858}"
SPY,"ARIMA(0,1,2)+drift",2023-02-09,389.2528991699219,2023-02-16,5,390.3907470703125,390.4609975582515,1.137847900390625,1.2080983883296312,1.0,1.0,True,1.026419199953884,0.06844229720387393,1.2642895999597386,7563,expanding,True,3.0,0.0,-3.0136605604475464,True,True,"{'const': 0.00036624532383195053, 'ma.L1': -0.08554834426839313, 'ma.L2': -0.02158563923709419, 'sigma2': 0.0001412260345944858}"
SPY,"ARIMA(0,1,2)+drift",2023-02-09,389.2528991699219,2023-03-10,20,369.0008850097656,392.61196823803584,-20.25201416015625,3.3590690681139677,-1.0,1.0,False,1.026419199953884,23.003353044575782,1.2642895999597386,7563,expanding,True,3.0,0.0,-3.0136605604475464,True,True,"{'const': 0.00036624532383195053, 'ma.L1': -0.08554834426839313, 'ma.L2': -0.02158563923709419, 'sigma2': 0.0001412260345944858}"
SPY,"ARIMA(0,1,2)+drift",2023-02-16,390.3907470703125,2023-02-17,1,389.41546630859375,390.97418689560095,-0.97528076171875,0.5834398252884512,-1.0,1.0,False,1.027379914761787,1.517180319189531,2.1855974999489263,7568,expanding,True,3.0,0.0,-3.0138364226279037,True,True,"{'const': 0.0003663961112098534, 'ma.L1': -0.08558983870027194, 'ma.L2': -0.021664564124805732, 'sigma2': 0.00014117634598334207}"
SPY,"ARIMA(0,1,2)+drift",2023-02-16,390.3907470703125,2023-02-24,5,379.01220703125,391.66604722175157,-11.3785400390625,1.275300151439069,-1.0,1.0,False,1.027379914761787,12.316612393026533,2.1855974999489263,7568,expanding,True,3.0,0.0,-3.0138364226279037,True,True,"{'const': 0.0003663961112098534, 'ma.L1': -0.08558983870027194, 'ma.L2': -0.021664564124805732, 'sigma2': 0.00014117634598334207}"
SPY,"ARIMA(0,1,2)+drift",2023-02-16,390.3907470703125,2023-03-17,20,374.3253173828125,393.82454703201165,-16.0654296875,3.433799961699151,-1.0,1.0,False,1.027379914761787,18.979570623317404,2.1855974999489263,7568,expanding,True,3.0,0.0,-3.0138364226279037,True,True,"{'const': 0.0003663961112098534, 'ma.L1': -0.08558983870027194, 'ma.L2': -0.021664564124805732, 'sigma2': 0.00014117634598334207}"
SPY,"ARIMA(0,1,2)+drift",2023-02-24,379.01220703125,2023-02-27,1,380.3030395507813,379.46633161491854,1.2908325195313068,0.4541245836685448,1.0,1.0,True,1.028739656145083,0.8133330244097844,1.3156139999628067,7573,expanding,True,3.0,0.0,-3.0138782396959702,True,True,"{'const': 0.00036223095856089625, 'ma.L1': -0.0854399391570538, 'ma.L2': -0.021436487635508754, 'sigma2': 0.00014116445960513237}"
SPY,"ARIMA(0,1,2)+drift",2023-02-24,379.01220703125,2023-03-03,5,386.4799499511719,380.1047278813458,7.467742919921875,1.0925208500958092,1.0,1.0,True,1.028739656145083,6.197119000657023,1.3156139999628067,7573,expanding,True,3.0,0.0,-3.0138782396959702,True,True,"{'const': 0.00036223095856089625, 'ma.L1': -0.0854399391570538, 'ma.L2': -0.021436487635508754, 'sigma2': 0.00014116445960513237}"
SPY,"ARIMA(0,1,2)+drift",2023-02-24,379.01220703125,2023-03-24,20,379.85400390625,382.175634383847,0.841796875,3.1634273525970116,1.0,1.0,True,1.028739656145083,2.2567716367585935,1.3156139999628067,7573,expanding,True,3.0,0.0,-3.0138782396959702,True,True,"{'const': 0.00036223095856089625, 'ma.L1': -0.0854399391570538, 'ma.L2': -0.021436487635508754, 'sigma2': 0.00014116445960513237}"
SPY,"ARIMA(0,1,2)+drift",2023-03-03,386.4799499511719,2023-03-06,1,386.7476501464844,386.0343881780574,0.2677001953125,-0.4455617731144912,1.0,-1.0,False,1.0298010342917534,0.6926211420223886,1.2644977000309154,7578,expanding,True,3.0,0.0,-3.0140460026153884,True,True,"{'const': 0.00036442978929719026, 'ma.L1': -0.08538228382283755, 'ma.L2': -0.021495866753650422, 'sigma2': 0.00014111640953962172}"
SPY,"ARIMA(0,1,2)+drift",2023-03-03,386.4799499511719,2023-03-10,5,369.0008850097656,386.4642629825992,-17.47906494140625,-0.01568696857265195,-1.0,-1.0,True,1.0298010342917534,16.958011685086383,1.2644977000309154,7578,expanding,True,3.0,0.0,-3.0140460026153884,True,True,"{'const': 0.00036442978929719026, 'ma.L1': -0.08538228382283755, 'ma.L2': -0.021495866753650422, 'sigma2': 0.00014111640953962172}"
SPY,"ARIMA(0,1,2)+drift",2023-03-03,386.4799499511719,2023-03-31,20,392.9460754394531,388.5826340378222,6.46612548828125,2.1026840866502994,1.0,1.0,True,1.0298010342917534,4.2371693718796,1.2644977000309154,7578,expanding,True,3.0,0.0,-3.0140460026153884,True,True,"{'const': 0.00036442978929719026, 'ma.L1': -0.08538228382283755, 'ma.L2': -0.021495866753650422, 'sigma2': 0.00014111640953962172}"
SPY,"ARIMA(0,1,2)+drift",2023-03-10,369.0008850097656,2023-03-13,1,368.4750061035156,369.80612941507195,-0.52587890625,0.8052444053063255,-1.0,1.0,False,1.0316617991357644,1.2902710100067907,1.2222164999693632,7583,expanding,True,3.0,0.0,-3.013962519353345,True,True,"{'const': 0.0003582741007703565, 'ma.L1': -0.08509239140056526, 'ma.L2': -0.02146823326212966, 'sigma2': 0.0001411407392058403}"
SPY,"ARIMA(0,1,2)+drift",2023-03-10,369.0008850097656,2023-03-17,5,374.3253173828125,370.4679676303299,5.324432373046875,1.4670826205642697,1.0,1.0,True,1.0316617991357644,3.7389673202147775,1.2222164999693632,7583,expanding,True,3.0,0.0,-3.013962519353345,True,True,"{'const': 0.0003582741007703565, 'ma.L1': -0.08509239140056526, 'ma.L2': -0.02146823326212966, 'sigma2': 0.0001411407392058403}"
SPY,"ARIMA(0,1,2)+drift",2023-03-10,369.0008850097656,2023-04-10,20,393.1572265625,372.4642631526136,24.156341552734375,3.4633781428480006,1.0,1.0,True,1.0316617991357644,20.057894386727433,1.2222164999693632,7583,expanding,True,3.0,0.0,-3.013962519353345,True,True,"{'const': 0.0003582741007703565, 'ma.L1': -0.08509239140056526, 'ma.L2': -0.02146823326212966, 'sigma2': 0.0001411407392058403}"
SPY,"ARIMA(0,1,2)+drift",2023-03-17,374.3253173828125,2023-03-20,1,377.9246826171875,374.6706193641214,3.599365234375,0.3453019813089213,1.0,1.0,True,1.0336073039155307,3.148258763980261,1.2660433000419289,7588,expanding,True,3.0,0.0,-3.0139739586780223,True,True,"{'const': 0.00035986400681734416, 'ma.L1': -0.08544039783268095, 'ma.L2': -0.02129934500699766, 'sigma2': 0.00014113707919204168}"
SPY,"ARIMA(0,1,2)+drift",2023-03-17,374.3253173828125,2023-03-24,5,379.85400390625,375.2965909804134,5.5286865234375,0.9712735976008844,1.0,1.0,True,1.0336073039155307,4.409230573905717,1.2660433000419289,7588,expanding,True,3.0,0.0,-3.0139739586780223,True,True,"{'const': 0.00035986400681734416, 'ma.L1': -0.08544039783268095, 'ma.L2': -0.02129934500699766, 'sigma2': 0.00014113707919204168}"
SPY,"ARIMA(0,1,2)+drift",2023-03-17,374.3253173828125,2023-04-17,20,397.3133544921875,377.327904547474,22.988037109375,3.00258716466152,1.0,1.0,True,1.0336073039155307,19.3356315004782,1.2660433000419289,7588,expanding,True,3.0,0.0,-3.0139739586780223,True,True,"{'const': 0.00035986400681734416, 'ma.L1': -0.08544039783268095, 'ma.L2': -0.02129934500699766, 'sigma2': 0.00014113707919204168}"
SPY,"ARIMA(0,1,2)+drift",2023-03-24,379.85400390625,2023-03-27,1,380.5643005371094,379.7882268820827,0.710296630859375,-0.06577702416728926,1.0,-1.0,False,1.0353741952315274,0.7495586219947474,1.2729096999391913,7593,expanding,True,3.0,0.0,-3.0140468932221602,True,True,"{'const': 0.00036148810951779526, 'ma.L1': -0.0856222308030865, 'ma.L2': -0.021494490902018683, 'sigma2': 0.00014111622823973662}"
SPY,"ARIMA(0,1,2)+drift",2023-03-24,379.85400390625,2023-03-31,5,392.9460754394531,380.289260315435,13.092071533203125,0.4352564091850013,1.0,1.0,True,1.0353741952315274,12.224387262411772,1.2729096999391913,7593,expanding,True,3.0,0.0,-3.0140468932221602,True,True,"{'const': 0.00036148810951779526, 'ma.L1': -0.0856222308030865, 'ma.L2': -0.021494490902018683, 'sigma2': 0.00014111622823973662}"
SPY,"ARIMA(0,1,2)+drift",2023-03-24,379.85400390625,2023-04-24,20,396.0559387207031,382.35691167148985,16.201934814453125,2.502907765239854,1.0,1.0,True,1.0353741952315274,13.23099137713195,1.2729096999391913,7593,expanding,True,3.0,0.0,-3.0140468932221602,True,True,"{'const': 0.00036148810951779526, 'ma.L1': -0.0856222308030865, 'ma.L2': -0.021494490902018683, 'sigma2': 0.00014111622823973662}"
SPY,"ARIMA(0,1,2)+drift",2023-03-31,392.9460754394531,2023-04-03,1,394.4434814453125,392.5479073990081,1.497406005859375,-0.3981680404450003,1.0,-1.0,False,1.0366409711497577,1.8285733431912874,1.1333320999983698,7598,expanding,True,3.0,0.0,-3.014162925268056,True,True,"{'const': 0.0003656621681857516, 'ma.L1': -0.0854679154736351, 'ma.L2': -0.021305423430641995, 'sigma2': 0.00014108325084053085}"
SPY,"ARIMA(0,1,2)+drift",2023-03-31,392.9460754394531,2023-04-10,5,393.1572265625,393.0011269662102,0.211151123046875,0.055051526757097236,1.0,1.0,True,1.0366409711497577,0.15058212113365035,1.1333320999983698,7598,expanding,True,3.0,0.0,-3.014162925268056,True,True,"{'const': 0.0003656621681857516, 'ma.L1': -0.0854679154736351, 'ma.L2': -0.021305423430641995, 'sigma2': 0.00014108325084053085}"
SPY,"ARIMA(0,1,2)+drift",2023-03-31,392.9460754394531,2023-05-01,20,398.8202819824219,395.16263407032267,5.87420654296875,2.2165586308695424,1.0,1.0,True,1.0366409711497577,3.528365185144518,1.1333320999983698,7598,expanding,True,3.0,0.0,-3.014162925268056,True,True,"{'const': 0.0003656621681857516, 'ma.L1': -0.0854679154736351, 'ma.L2': -0.021305423430641995, 'sigma2': 0.00014108325084053085}"
SPY,"ARIMA(0,1,2)+drift",2023-04-10,393.1572265625,2023-04-11,1,393.2628479003906,393.24586519476054,0.105621337890625,0.08863863226054036,1.0,1.0,True,1.036832875184278,0.01637940504834617,2.1876818999880925,7603,expanding,True,3.0,0.0,-3.0144583682621278,True,True,"{'const': 0.00036556347689207917, 'ma.L1': -0.08541856205875333, 'ma.L2': -0.021384643645273538, 'sigma2': 0.00014100022159227156}"
SPY,"ARIMA(0,1,2)+drift",2023-04-10,393.1572265625,2023-04-17,5,397.3133544921875,393.8140983078639,4.1561279296875,0.656871745363901,1.0,1.0,True,1.036832875184278,3.37494717622806,2.1876818999880925,7603,expanding,True,3.0,0.0,-3.0144583682621278,True,True,"{'const': 0.00036556347689207917, 'ma.L1': -0.08541856205875333, 'ma.L2': -0.021384643645273538, 'sigma2': 0.00014100022159227156}"
SPY,"ARIMA(0,1,2)+drift",2023-04-10,393.1572265625,2023-05-08,20,396.16156005859375,395.97949055987254,3.00433349609375,2.822263997372545,1.0,1.0,True,1.036832875184278,0.17560158737139342,2.1876818999880925,7603,expanding,True,3.0,0.0,-3.0144583682621278,True,True,"{'const': 0.00036556347689207917, 'ma.L1': -0.08541856205875333, 'ma.L2': -0.021384643645273538, 'sigma2': 0.00014100022159227156}"
SPY,"ARIMA(0,1,2)+drift",2023-04-17,397.3133544921875,2023-04-18,1,397.572509765625,397.3617796893974,0.2591552734375,0.04842519720989458,1.0,1.0,True,1.0373740448844535,0.20313798794828852,1.1751561999553815,7608,expanding,True,3.0,0.0,-3.014698881072265,True,True,"{'const': 0.0003666976593373114, 'ma.L1': -0.08549646858354784, 'ma.L2': -0.021334052713437017, 'sigma2': 0.00014093235207383143}"
SPY,"ARIMA(0,1,2)+drift",2023-04-17,397.3133544921875,2023-04-24,5,396.0559387207031,397.91684074851713,-1.257415771484375,0.6034862563296315,-1.0,1.0,False,1.0373740448844535,1.7938582876548455,1.1751561999553815,7608,expanding,True,3.0,0.0,-3.014698881072265,True,True,"{'const': 0.0003666976593373114, 'ma.L1': -0.08549646858354784, 'ma.L2': -0.021334052713437017, 'sigma2': 0.00014093235207383143}"
SPY,"ARIMA(0,1,2)+drift",2023-04-17,397.3133544921875,2023-05-15,20,396.420654296875,400.11159892180274,-0.8927001953125,2.798244429615238,-1.0,1.0,False,1.0373740448844535,3.5579689342804492,1.1751561999553815,7608,expanding,True,3.0,0.0,-3.014698881072265,True,True,"{'const': 0.0003666976593373114, 'ma.L1': -0.08549646858354784, 'ma.L2': -0.021334052713437017, 'sigma2': 0.00014093235207383143}"
SPY,"ARIMA(0,1,2)+drift",2023-04-24,396.0559387207031,2023-04-25,1,389.7690734863281,396.1833973512331,-6.286865234375,0.1274586305299863,-1.0,1.0,False,1.0371150449270712,6.184775639192501,1.2219710999634117,7613,expanding,True,3.0,0.0,-3.015011025688874,True,True,"{'const': 0.00036605213524689833, 'ma.L1': -0.08549387480769254, 'ma.L2': -0.021342188433527344, 'sigma2': 0.00014084440917947502}"
SPY,"ARIMA(0,1,2)+drift",2023-04-24,396.0559387207031,2023-05-01,5,398.8202819824219,396.75932063834983,2.76434326171875,0.7033819176467091,1.0,1.0,True,1.0371150449270712,1.9872061003771915,1.2219710999634117,7613,expanding,True,3.0,0.0,-3.015011025688874,True,True,"{'const': 0.00036605213524689833, 'ma.L1': -0.08549387480769254, 'ma.L2': -0.021342188433527344, 'sigma2': 0.00014084440917947502}"
SPY,"ARIMA(0,1,2)+drift",2023-04-24,396.0559387207031,2023-05-22,20,401.9685363769531,398.94383143379827,5.91259765625,2.887892713095141,1.0,1.0,True,1.0371150449270712,2.916460384939795,1.2219710999634117,7613,expanding,True,3.0,0.0,-3.015011025688874,True,True,"{'const': 0.00036605213524689833, 'ma.L1': -0.08549387480769254, 'ma.L2': -0.021342188433527344, 'sigma2': 0.00014084440917947502}"
SPY,"ARIMA(0,1,2)+drift",2023-05-01,398.8202819824219,2023-05-02,1,394.337890625,398.8890111815439,-4.482391357421875,0.06872919912200359,-1.0,1.0,False,1.0389872507518778,4.380343024662137,1.134349099942483,7618,expanding,True,3.0,0.0,-3.0149964568764793,True,True,"{'const': 0.0003667177527734166, 'ma.L1': -0.08535359988048125, 'ma.L2': -0.02170337912735531, 'sigma2': 0.0001408484453919872}"
SPY,"ARIMA(0,1,2)+drift",2023-05-01,398.8202819824219,2023-05-08,5,396.16156005859375,399.47593115610806,-2.658721923828125,0.6556491736861858,-1.0,1.0,False,1.0389872507518778,3.1900017012873056,1.134349099942483,7618,expanding,True,3.0,0.0,-3.0149964568764793,True,True,"{'const': 0.0003667177527734166, 'ma.L1': -0.08535359988048125, 'ma.L2': -0.02170337912735531, 'sigma2': 0.0001408484453919872}"
SPY,"ARIMA(0,1,2)+drift",2023-05-01,398.8202819824219,2023-05-30,20,403.3027038574219,401.6794097467481,4.482421875,2.8591277643262174,1.0,1.0,True,1.0389872507518778,1.5623811644455337,1.134349099942483,7618,expanding,True,3.0,0.0,-3.0149964568764793,True,True,"{'const': 0.0003667177527734166, 'ma.L1': -0.08535359988048125, 'ma.L2': -0.02170337912735531, 'sigma2': 0.0001408484453919872}"
SPY,"ARIMA(0,1,2)+drift",2023-05-08,396.16156005859375,2023-05-09,1,394.4242858886719,396.1187690204252,-1.737274169921875,-0.042791038168559226,-1.0,-1.0,True,1.040571143201129,1.6284164161429122,1.2668743999674916,7623,expanding,True,3.0,0.0,-3.015062025931612,True,True,"{'const': 0.0003655856658184397, 'ma.L1': -0.08532641137443683, 'ma.L2': -0.02186554974446006, 'sigma2': 0.00014082979997543862}"
SPY,"ARIMA(0,1,2)+drift",2023-05-08,396.16156005859375,2023-05-15,5,396.420654296875,396.6882706685447,0.25909423828125,0.5267106099509533,1.0,1.0,True,1.040571143201129,0.25718219596829284,1.2668743999674916,7623,expanding,True,3.0,0.0,-3.015062025931612,True,True,"{'const': 0.0003655856658184397, 'ma.L1': -0.08532641137443683, 'ma.L2': -0.02186554974446006, 'sigma2': 0.00014082979997543862}"
SPY,"ARIMA(0,1,2)+drift",2023-05-08,396.16156005859375,2023-06-06,20,410.8374328613281,398.86959935422675,14.675872802734375,2.708039295633,1.0,1.0,True,1.040571143201129,11.501216024773182,1.2668743999674916,7623,expanding,True,3.0,0.0,-3.015062025931612,True,True,"{'const': 0.0003655856658184397, 'ma.L1': -0.08532641137443683, 'ma.L2': -0.02186554974446006, 'sigma2': 0.00014082979997543862}"
SPY,"ARIMA(0,1,2)+drift",2023-05-15,396.420654296875,2023-05-16,1,393.77154541015625,396.4830057076312,-2.64910888671875,0.062351410756207315,-1.0,1.0,False,1.0406956655788162,2.6054305664537307,1.1298521999269724,7628,expanding,True,3.0,0.0,-3.0153671407258984,True,True,"{'const': 0.00036544137368657104, 'ma.L1': -0.08535382330555567, 'ma.L2': -0.021931359671669093, 'sigma2': 0.00014074392023958837}"
SPY,"ARIMA(0,1,2)+drift",2023-05-15,396.420654296875,2023-05-22,5,401.9685363769531,397.0378433487324,5.547882080078125,0.6171890518573946,1.0,1.0,True,1.0406956655788162,4.737881775916081,1.1298521999269724,7628,expanding,True,3.0,0.0,-3.0153671407258984,True,True,"{'const': 0.00036544137368657104, 'ma.L1': -0.08535382330555567, 'ma.L2': -0.021931359671669093, 'sigma2': 0.00014074392023958837}"
SPY,"ARIMA(0,1,2)+drift",2023-05-15,396.420654296875,2023-06-13,20,419.1207275390625,399.2202302156016,22.7000732421875,2.799575918726589,1.0,1.0,True,1.0406956655788162,19.122302495987253,1.1298521999269724,7628,expanding,True,3.0,0.0,-3.0153671407258984,True,True,"{'const': 0.00036544137368657104, 'ma.L1': -0.08535382330555567, 'ma.L2': -0.021931359671669093, 'sigma2': 0.00014074392023958837}"
SPY,"ARIMA(0,1,2)+drift",2023-05-22,401.9685363769531,2023-05-23,1,397.4573364257813,402.11569846169675,-4.511199951171818,0.14716208474362702,-1.0,1.0,False,1.0415884383819392,4.47236342518548,1.2252221000380814,7633,expanding,True,3.0,0.0,-3.0155676665967412,True,True,"{'const': 0.00036703463309016896, 'ma.L1': -0.08534603170816166, 'ma.L2': -0.021962745072220718, 'sigma2': 0.00014068751818603078}"
SPY,"ARIMA(0,1,2)+drift",2023-05-22,401.9685363769531,2023-05-30,5,403.3027038574219,402.7047462428358,1.33416748046875,0.7362098658826994,1.0,1.0,True,1.0415884383819392,0.5740824231065303,1.2252221000380814,7633,expanding,True,3.0,0.0,-3.0155676665967412,True,True,"{'const': 0.00036703463309016896, 'ma.L1': -0.08534603170816166, 'ma.L2': -0.021962745072220718, 'sigma2': 0.00014068751818603078}"
SPY,"ARIMA(0,1,2)+drift",2023-05-22,401.9685363769531,2023-06-21,20,419.0205993652344,404.9279594307233,17.05206298828125,2.9594230537701947,1.0,1.0,True,1.0415884383819392,13.529950424952238,1.2252221000380814,7633,expanding,True,3.0,0.0,-3.0155676665967412,True,True,"{'const': 0.00036703463309016896, 'ma.L1': -0.08534603170816166, 'ma.L2': -0.021962745072220718, 'sigma2': 0.00014068751818603078}"
SPY,"ARIMA(0,1,2)+drift",2023-05-30,403.3027038574219,2023-05-31,1,401.0662841796875,403.29143063634507,-2.236419677734375,-0.01127322107680584,-1.0,-1.0,True,1.0430167111892172,2.133375652361813,1.1747204000130296,7638,expanding,True,3.0,0.0,-3.01569422650027,True,True,"{'const': 0.0003672094480112287, 'ma.L1': -0.08522160449151274, 'ma.L2': -0.02215229934059649, 'sigma2': 0.00014065171082058487}"
SPY,"ARIMA(0,1,2)+drift",2023-05-30,403.3027038574219,2023-06-06,5,410.8374328613281,403.87281584589675,7.53472900390625,0.5701119884748778,1.0,1.0,True,1.0430167111892172,6.677378167307136,1.1747204000130296,7638,expanding,True,3.0,0.0,-3.01569422650027,True,True,"{'const': 0.0003672094480112287, 'ma.L1': -0.08522160449151274, 'ma.L2': -0.02215229934059649, 'sigma2': 0.00014065171082058487}"
SPY,"ARIMA(0,1,2)+drift",2023-05-30,403.3027038574219,2023-06-28,20,420.4175415039063,406.1035424918035,17.114837646484432,2.8008386343816483,1.0,1.0,True,1.0430167111892172,13.723652611262938,1.1747204000130296,7638,expanding,True,3.0,0.0,-3.01569422650027,True,True,"{'const': 0.0003672094480112287, 'ma.L1': -0.08522160449151274, 'ma.L2': -0.02215229934059649, 'sigma2': 0.00014065171082058487}"
SPY,"ARIMA(0,1,2)+drift",2023-06-06,410.8374328613281,2023-06-07,1,409.4169006347656,410.92498266358047,-1.4205322265625,0.08754980225234021,-1.0,1.0,False,1.0441115268766181,1.4443687192364931,1.3265773999737576,7643,expanding,True,3.0,0.0,-3.015870978398025,True,True,"{'const': 0.0003693994999064667, 'ma.L1': -0.0851573375534574, 'ma.L2': -0.02226367797084224, 'sigma2': 0.00014060211001935333}"
SPY,"ARIMA(0,1,2)+drift",2023-06-06,410.8374328613281,2023-06-13,5,419.1207275390625,411.51375500160935,8.283294677734375,0.6763221402812292,1.0,1.0,True,1.0441115268766181,7.285593867744031,1.3265773999737576,7643,expanding,True,3.0,0.0,-3.015870978398025,True,True,"{'const': 0.0003693994999064667, 'ma.L1': -0.0851573375534574, 'ma.L2': -0.02226367797084224, 'sigma2': 0.00014060211001935333}"
SPY,"ARIMA(0,1,2)+drift",2023-06-06,410.8374328613281,2023-07-06,20,423.5678405761719,413.8002785859756,12.73040771484375,2.9628457246474795,1.0,1.0,True,1.0441115268766181,9.354902937826196,1.3265773999737576,7643,expanding,True,3.0,0.0,-3.015870978398025,True,True,"{'const': 0.0003693994999064667, 'ma.L1': -0.0851573375534574, 'ma.L2': -0.02226367797084224, 'sigma2': 0.00014060211001935333}"
SPY,"ARIMA(0,1,2)+drift",2023-06-13,419.1207275390625,2023-06-14,1,419.6198120117188,418.9438108230579,0.49908447265630684,-0.17691671600459813,1.0,-1.0,False,1.0448835683957074,0.6469631728430979,1.2313560000620782,7648,expanding,True,3.0,0.0,-3.0161167699785216,True,True,"{'const': 0.0003717332270418619, 'ma.L1': -0.08509869533030938, 'ma.L2': -0.022200356026976793, 'sigma2': 0.00014053283230143308}"
SPY,"ARIMA(0,1,2)+drift",2023-06-13,419.1207275390625,2023-06-21,5,419.0205993652344,419.5020238910389,-0.100128173828125,0.38129635197640255,-1.0,1.0,False,1.0448835683957074,0.46074466128670855,1.2313560000620782,7648,expanding,True,3.0,0.0,-3.0161167699785216,True,True,"{'const': 0.0003717332270418619, 'ma.L1': -0.08509869533030938, 'ma.L2': -0.022200356026976793, 'sigma2': 0.00014053283230143308}"
SPY,"ARIMA(0,1,2)+drift",2023-06-13,419.1207275390625,2023-07-13,20,433.1054992675781,421.8477001734215,13.984771728515625,2.726972634359015,1.0,1.0,True,1.0448835683957074,10.774213926477572,1.2313560000620782,7648,expanding,True,3.0,0.0,-3.0161167699785216,True,True,"{'const': 0.0003717332270418619, 'ma.L1': -0.08509869533030938, 'ma.L2': -0.022200356026976793, 'sigma2': 0.00014053283230143308}"
SPY,"ARIMA(0,1,2)+drift",2023-06-21,419.0205993652344,2023-06-22,1,420.5331115722656,419.4431031419583,1.51251220703125,0.4225037767239428,1.0,1.0,True,1.0457040863515694,1.0423679552695584,1.3416326999431476,7653,expanding,True,3.0,0.0,-3.0163380432197435,True,True,"{'const': 0.00037153804194373774, 'ma.L1': -0.08505644760461625, 'ma.L2': -0.02216475066987368, 'sigma2': 0.00014047098844257422}"
SPY,"ARIMA(0,1,2)+drift",2023-06-21,419.0205993652344,2023-06-28,5,420.4175415039063,420.12315314704176,1.3969421386719318,1.1025537818073872,1.0,1.0,True,1.0457040863515694,0.28152166631733927,1.3416326999431476,7653,expanding,True,3.0,0.0,-3.0163380432197435,True,True,"{'const': 0.00037153804194373774, 'ma.L1': -0.08505644760461625, 'ma.L2': -0.02216475066987368, 'sigma2': 0.00014047098844257422}"
SPY,"ARIMA(0,1,2)+drift",2023-06-21,419.0205993652344,2023-07-20,20,435.629638671875,422.4710656164815,16.609039306640625,3.4504662512471214,1.0,1.0,True,1.0457040863515694,12.583457621652197,1.3416326999431476,7653,expanding,True,3.0,0.0,-3.0163380432197435,True,True,"{'const': 0.00037153804194373774, 'ma.L1': -0.08505644760461625, 'ma.L2': -0.02216475066987368, 'sigma2': 0.00014047098844257422}"
SPY,"ARIMA(0,1,2)+drift",2023-06-28,420.4175415039063,2023-06-29,1,422.0745544433594,420.4501622906269,1.6570129394530682,0.032620786720599426,1.0,1.0,True,1.046479476125617,1.552244635266483,2.2748057999415323,7658,expanding,False,2.0,2.0,-3.016574525248123,True,True,"{'const': 0.00037167976062978786, 'ma.L1': -0.085092011143917, 'ma.L2': -0.022221217627701954, 'sigma2': 0.00014040430393179708}"
SPY,"ARIMA(0,1,2)+drift",2023-06-28,420.4175415039063,2023-07-06,5,423.5678405761719,421.067630572946,3.150299072265568,0.6500890690396659,1.0,1.0,True,1.046479476125617,2.3891629604456597,2.2748057999415323,7658,expanding,False,2.0,2.0,-3.016574525248123,True,True,"{'const': 0.00037167976062978786, 'ma.L1': -0.085092011143917, 'ma.L2': -0.022221217627701954, 'sigma2': 0.00014040430393179708}"
SPY,"ARIMA(0,1,2)+drift",2023-06-28,420.4175415039063,2023-07-27,20,435.92822265625,423.42172147698363,15.510681152343693,3.0041799730773278,1.0,1.0,True,1.046479476125617,11.951023851484607,2.2748057999415323,7658,expanding,False,2.0,2.0,-3.016574525248123,True,True,"{'const': 0.00037167976062978786, 'ma.L1': -0.085092011143917, 'ma.L2': -0.022221217627701954, 'sigma2': 0.00014040430393179708}"
SPY,"ARIMA(0,1,2)+drift",2023-07-06,423.5678405761719,2023-07-07,1,422.4984436035156,424.0388965262807,-1.06939697265625,0.47105595010884826,-1.0,1.0,False,1.0472463101451999,1.4709556938439017,1.151011100038886,7663,expanding,True,3.0,0.0,-3.0167955835713713,True,True,"{'const': 0.0003724683202544938, 'ma.L1': -0.08502218345343712, 'ma.L2': -0.02220955862604866, 'sigma2': 0.0001403424427023414}"
SPY,"ARIMA(0,1,2)+drift",2023-07-06,423.5678405761719,2023-07-13,5,433.1054992675781,424.7495669515426,9.53765869140625,1.1817263753707152,1.0,1.0,True,1.0472463101451999,7.978956082334625,1.151011100038886,7663,expanding,True,3.0,0.0,-3.0167955835713713,True,True,"{'const': 0.0003724683202544938, 'ma.L1': -0.08502218345343712, 'ma.L2': -0.02220955862604866, 'sigma2': 0.0001403424427023414}"
SPY,"ARIMA(0,1,2)+drift",2023-07-06,423.5678405761719,2023-08-03,20,432.4118347167969,427.12929492689005,8.843994140625,3.5614543507181793,1.0,1.0,True,1.0472463101451999,5.044219052129581,1.151011100038886,7663,expanding,True,3.0,0.0,-3.0167955835713713,True,True,"{'const': 0.0003724683202544938, 'ma.L1': -0.08502218345343712, 'ma.L2': -0.02220955862604866, 'sigma2': 0.0001403424427023414}"
SPY,"ARIMA(0,1,2)+drift",2023-07-13,433.1054992675781,2023-07-14,1,432.8357543945313,432.88195441109826,-0.26974487304681816,-0.22354485647986166,-1.0,-1.0,True,1.0480863024610982,0.04408035527081158,2.181018800009042,7668,expanding,True,3.0,0.0,-3.017033784438282,True,True,"{'const': 0.0003750385273381815, 'ma.L1': -0.08488686704544512, 'ma.L2': -0.02219287525323921, 'sigma2': 0.00014027509147682428}"
SPY,"ARIMA(0,1,2)+drift",2023-07-13,433.1054992675781,2023-07-20,5,435.629638671875,433.45140963006224,2.524139404296875,0.3459103624841191,1.0,1.0,True,1.0480863024610982,2.078291679509479,2.181018800009042,7668,expanding,True,3.0,0.0,-3.017033784438282,True,True,"{'const': 0.0003750385273381815, 'ma.L1': -0.08488686704544512, 'ma.L2': -0.02219287525323921, 'sigma2': 0.00014027509147682428}"
SPY,"ARIMA(0,1,2)+drift",2023-07-13,433.1054992675781,2023-08-10,20,429.5890808105469,435.89669593061143,-3.51641845703125,2.791196663033304,-1.0,1.0,False,1.0480863024610982,6.018221119055864,2.181018800009042,7668,expanding,True,3.0,0.0,-3.017033784438282,True,True,"{'const': 0.0003750385273381815, 'ma.L1': -0.08488686704544512, 'ma.L2': -0.02219287525323921, 'sigma2': 0.00014027509147682428}"
SPY,"ARIMA(0,1,2)+drift",2023-07-20,435.629638671875,2023-07-21,1,435.629638671875,436.01489449152245,0.0,0.3852558196474547,0.0,1.0,False,1.0485610056967634,0.3674138343447687,1.1890438999980688,7673,expanding,True,3.0,0.0,-3.017306435434791,True,True,"{'const': 0.00037563006772732896, 'ma.L1': -0.08486012398034569, 'ma.L2': -0.022204938492588196, 'sigma2': 0.00014019900534264937}"
SPY,"ARIMA(0,1,2)+drift",2023-07-20,435.629638671875,2023-07-27,5,435.92822265625,436.73503599040976,0.298583984375,1.1053973185347559,1.0,1.0,True,1.0485610056967634,0.7694481577861391,1.1890438999980688,7673,expanding,True,3.0,0.0,-3.017306435434791,True,True,"{'const': 0.00037563006772732896, 'ma.L1': -0.08486012398034569, 'ma.L2': -0.022204938492588196, 'sigma2': 0.00014019900534264937}"
SPY,"ARIMA(0,1,2)+drift",2023-07-20,435.629638671875,2023-08-17,20,420.32122802734375,439.2027437182555,-15.30841064453125,3.5731050463804763,-1.0,1.0,False,1.0485610056967634,18.007074064675002,1.1890438999980688,7673,expanding,True,3.0,0.0,-3.017306435434791,True,True,"{'const': 0.00037563006772732896, 'ma.L1': -0.08486012398034569, 'ma.L2': -0.022204938492588196, 'sigma2': 0.00014019900534264937}"
SPY,"ARIMA(0,1,2)+drift",2023-07-27,435.92822265625,2023-07-28,1,440.1961364746094,436.34869469358813,4.267913818359375,0.4204720373381292,1.0,1.0,True,1.0486749418238048,3.6688602231020804,1.3963304000208154,7678,expanding,True,3.0,0.0,-3.0175991119145116,True,True,"{'const': 0.00037547794847207387, 'ma.L1': -0.08484727652999567, 'ma.L2': -0.022251972849148757, 'sigma2': 0.00014011695903153536}"
SPY,"ARIMA(0,1,2)+drift",2023-07-27,435.92822265625,2023-08-03,5,432.4118347167969,437.0722368987747,-3.516387939453125,1.1440142425246904,-1.0,1.0,False,1.0486749418238048,4.444086528731838,1.3963304000208154,7678,expanding,True,3.0,0.0,-3.0175991119145116,True,True,"{'const': 0.00037547794847207387, 'ma.L1': -0.08484727652999567, 'ma.L2': -0.022251972849148757, 'sigma2': 0.00014011695903153536}"
SPY,"ARIMA(0,1,2)+drift",2023-07-27,435.92822265625,2023-08-24,20,420.8992614746094,439.5408469907149,-15.028961181640625,3.612624334464897,-1.0,1.0,False,1.0486749418238048,17.77632398051295,1.3963304000208154,7678,expanding,True,3.0,0.0,-3.0175991119145116,True,True,"{'const': 0.00037547794847207387, 'ma.L1': -0.08484727652999567, 'ma.L2': -0.022251972849148757, 'sigma2': 0.00014011695903153536}"
SPY,"ARIMA(0,1,2)+drift",2023-08-03,432.4118347167969,2023-08-04,1,430.4561462402344,432.881148026709,-1.9556884765625,0.46931330991213827,-1.0,1.0,False,1.0497794862651355,2.3100106433801777,1.339855600032024,7683,expanding,True,3.0,0.0,-3.0177745678566223,True,True,"{'const': 0.00037418174077433403, 'ma.L1': -0.08479116966246161, 'ma.L2': -0.022311495440885693, 'sigma2': 0.0001400677880605717}"
SPY,"ARIMA(0,1,2)+drift",2023-08-03,432.4118347167969,2023-08-10,5,429.5890808105469,433.57349472614857,-2.82275390625,1.1616600093516922,-1.0,1.0,False,1.0497794862651355,3.7954770194427065,1.339855600032024,7683,expanding,True,3.0,0.0,-3.0177745678566223,True,True,"{'const': 0.00037418174077433403, 'ma.L1': -0.08479116966246161, 'ma.L2': -0.022311495440885693, 'sigma2': 0.0001400677880605717}"
SPY,"ARIMA(0,1,2)+drift",2023-08-03,432.4118347167969,2023-08-31,20,433.8666076660156,436.0138661630253,1.45477294921875,3.602031446228409,1.0,1.0,True,1.0497794862651355,2.0454376610549816,1.339855600032024,7683,expanding,True,3.0,0.0,-3.0177745678566223,True,True,"{'const': 0.00037418174077433403, 'ma.L1': -0.08479116966246161, 'ma.L2': -0.022311495440885693, 'sigma2': 0.0001400677880605717}"
SPY,"ARIMA(0,1,2)+drift",2023-08-10,429.5890808105469,2023-08-11,1,429.3385009765625,429.8453474599588,-0.250579833984375,0.2562666494119412,-1.0,1.0,False,1.0504815459049803,0.4824896595015123,1.1912062999326736,7688,expanding,True,3.0,0.0,-3.0180244074390945,True,True,"{'const': 0.00037305954698059045, 'ma.L1': -0.08480267636898668, 'ma.L2': -0.022290074818242765, 'sigma2': 0.00013999768662855994}"
SPY,"ARIMA(0,1,2)+drift",2023-08-10,429.5890808105469,2023-08-17,5,420.32122802734375,430.4942029694923,-9.267852783203125,0.905122158945403,-1.0,1.0,False,1.0504815459049803,9.684106286117194,1.1912062999326736,7688,expanding,True,3.0,0.0,-3.0180244074390945,True,True,"{'const': 0.00037305954698059045, 'ma.L1': -0.08480267636898668, 'ma.L2': -0.022290074818242765, 'sigma2': 0.00013999768662855994}"
SPY,"ARIMA(0,1,2)+drift",2023-08-10,429.5890808105469,2023-09-08,20,429.2133483886719,432.9099553969455,-0.375732421875,3.320874586398645,-1.0,1.0,False,1.0504815459049803,3.5189642528075558,1.1912062999326736,7688,expanding,True,3.0,0.0,-3.0180244074390945,True,True,"{'const': 0.00037305954698059045, 'ma.L1': -0.08480267636898668, 'ma.L2': -0.022290074818242765, 'sigma2': 0.00013999768662855994}"
SPY,"ARIMA(0,1,2)+drift",2023-08-17,420.32122802734375,2023-08-18,1,420.52349853515625,420.87825251429865,0.2022705078125,0.5570244869549015,1.0,1.0,True,1.0516198138922874,0.3373405240715037,1.234594100038521,7693,expanding,True,3.0,0.0,-3.0182014780424344,True,True,"{'const': 0.00037002255009979267, 'ma.L1': -0.08469229073146887, 'ma.L2': -0.02222060301942781, 'sigma2': 0.00013994830429682703}"
SPY,"ARIMA(0,1,2)+drift",2023-08-17,420.32122802734375,2023-08-24,5,420.8992614746094,421.5860324774554,0.578033447265625,1.264804450111626,1.0,1.0,True,1.0516198138922874,0.6530601589790356,1.234594100038521,7693,expanding,True,3.0,0.0,-3.0182014780424344,True,True,"{'const': 0.00037002255009979267, 'ma.L1': -0.08469229073146887, 'ma.L2': -0.02222060301942781, 'sigma2': 0.00013994830429682703}"
SPY,"ARIMA(0,1,2)+drift",2023-08-17,420.32122802734375,2023-09-15,20,428.6487121582031,423.9324833340071,8.327484130859375,3.611255306663338,1.0,1.0,True,1.0516198138922874,4.484727999504105,1.234594100038521,7693,expanding,True,3.0,0.0,-3.0182014780424344,True,True,"{'const': 0.00037002255009979267, 'ma.L1': -0.08469229073146887, 'ma.L2': -0.02222060301942781, 'sigma2': 0.00013994830429682703}"
SPY,"ARIMA(0,1,2)+drift",2023-08-24,420.8992614746094,2023-08-25,1,423.8665161132813,421.437919449474,2.967254638671932,0.5386579748646341,1.0,1.0,True,1.0528467323805772,2.3066953518638287,1.239047999959439,7698,expanding,True,3.0,0.0,-3.0183701693184437,True,True,"{'const': 0.0003699628554556667, 'ma.L1': -0.08486575733284137, 'ma.L2': -0.022161963256690863, 'sigma2': 0.00013990104495061154}"
SPY,"ARIMA(0,1,2)+drift",2023-08-24,420.8992614746094,2023-08-31,5,433.8666076660156,422.1881817740499,12.96734619140625,1.2889202994405196,1.0,1.0,True,1.0528467323805772,11.092237391058623,1.239047999959439,7698,expanding,True,3.0,0.0,-3.0183701693184437,True,True,"{'const': 0.0003699628554556667, 'ma.L1': -0.08486575733284137, 'ma.L2': -0.022161963256690863, 'sigma2': 0.00013990104495061154}"
SPY,"ARIMA(0,1,2)+drift",2023-08-24,420.8992614746094,2023-09-22,20,416.1286926269531,424.5376039155535,-4.77056884765625,3.638342440944143,-1.0,1.0,False,1.0528467323805772,7.986833249306022,1.239047999959439,7698,expanding,True,3.0,0.0,-3.0183701693184437,True,True,"{'const': 0.0003699628554556667, 'ma.L1': -0.08486575733284137, 'ma.L2': -0.022161963256690863, 'sigma2': 0.00013990104495061154}"
SPY,"ARIMA(0,1,2)+drift",2023-08-31,433.8666076660156,2023-09-01,1,434.67578125,434.01949885215,0.809173583984375,0.15289118613435448,1.0,1.0,True,1.0540119776382786,0.622651745685614,1.2858140000607818,7703,expanding,True,3.0,0.0,-3.01855010435008,True,True,"{'const': 0.0003736074464916948, 'ma.L1': -0.08475603697104207, 'ma.L2': -0.022095217694946833, 'sigma2': 0.00013985044496566713}"
SPY,"ARIMA(0,1,2)+drift",2023-08-31,433.8666076660156,2023-09-08,5,429.2133483886719,434.67898308517516,-4.65325927734375,0.8123754191595367,-1.0,1.0,False,1.0540119776382786,5.18555273797753,1.2858140000607818,7703,expanding,True,3.0,0.0,-3.01855010435008,True,True,"{'const': 0.0003736074464916948, 'ma.L1': -0.08475603697104207, 'ma.L2': -0.022095217694946833, 'sigma2': 0.00013985044496566713}"
SPY,"ARIMA(0,1,2)+drift",2023-08-31,433.8666076660156,2023-09-29,20,413.2862548828125,437.1218112064118,-20.580352783203125,3.2552035403961668,-1.0,1.0,False,1.0540119776382786,22.61412282714998,1.2858140000607818,7703,expanding,True,3.0,0.0,-3.01855010435008,True,True,"{'const': 0.0003736074464916948, 'ma.L1': -0.08475603697104207, 'ma.L2': -0.022095217694946833, 'sigma2': 0.00013985044496566713}"
SPY,"ARIMA(0,1,2)+drift",2023-09-08,429.2133483886719,2023-09-11,1,432.0361328125,429.39037038897175,2.822784423828125,0.17702200029987125,1.0,1.0,True,1.054309426725058,2.5094743122487646,1.1877863999688998,7708,expanding,True,3.0,0.0,-3.018829476310553,True,True,"{'const': 0.0003719673278582452, 'ma.L1': -0.08470987586413242, 'ma.L2': -0.02208958437154322, 'sigma2': 0.00013977225897195884}"
SPY,"ARIMA(0,1,2)+drift",2023-09-08,429.2133483886719,2023-09-15,5,428.6487121582031,430.023893385336,-0.56463623046875,0.8105449966641345,-1.0,1.0,False,1.054309426725058,1.3043431010614528,1.1877863999688998,7708,expanding,True,3.0,0.0,-3.018829476310553,True,True,"{'const': 0.0003719673278582452, 'ma.L1': -0.08470987586413242, 'ma.L2': -0.02208958437154322, 'sigma2': 0.00013977225897195884}"
SPY,"ARIMA(0,1,2)+drift",2023-09-08,429.2133483886719,2023-10-06,20,415.2779235839844,432.4299219517042,-13.9354248046875,3.216573563032341,-1.0,1.0,False,1.054309426725058,16.268467238311743,1.1877863999688998,7708,expanding,True,3.0,0.0,-3.018829476310553,True,True,"{'const': 0.0003719673278582452, 'ma.L1': -0.08470987586413242, 'ma.L2': -0.02208958437154322, 'sigma2': 0.00013977225897195884}"
SPY,"ARIMA(0,1,2)+drift",2023-09-15,428.6487121582031,2023-09-18,1,428.9001159667969,429.15981747034107,0.25140380859375,0.5111053121379427,1.0,1.0,True,1.0555229830049382,0.24604059572900627,1.1963089000200853,7713,expanding,True,3.0,0.0,-3.0190276020540074,True,True,"{'const': 0.00037160222455199024, 'ma.L1': -0.08482427117896438, 'ma.L2': -0.022152815615249184, 'sigma2': 0.00013971707638621512}"
SPY,"ARIMA(0,1,2)+drift",2023-09-15,428.6487121582031,2023-09-22,5,416.1286926269531,429.91049279352615,-12.52001953125,1.2617806353230208,-1.0,1.0,False,1.0555229830049382,13.056845173885279,1.1963089000200853,7713,expanding,True,3.0,0.0,-3.0190276020540074,True,True,"{'const': 0.00037160222455199024, 'ma.L1': -0.08482427117896438, 'ma.L2': -0.022152815615249184, 'sigma2': 0.00013971707638621512}"
SPY,"ARIMA(0,1,2)+drift",2023-09-15,428.6487121582031,2023-10-13,20,417.1728210449219,432.3135192788355,-11.47589111328125,3.6648071206323607,-1.0,1.0,False,1.0555229830049382,14.344262017687186,1.1963089000200853,7713,expanding,True,3.0,0.0,-3.0190276020540074,True,True,"{'const': 0.00037160222455199024, 'ma.L1': -0.08482427117896438, 'ma.L2': -0.022152815615249184, 'sigma2': 0.00013971707638621512}"
SPY,"ARIMA(0,1,2)+drift",2023-09-22,416.1286926269531,2023-09-25,1,417.8786010742188,416.59947974942344,1.7499084472656818,0.4707871224703126,1.0,1.0,True,1.0565266388599872,1.2106853511763471,1.3362033000448719,7718,expanding,True,3.0,0.0,-3.0191449770860226,True,True,"{'const': 0.0003675097758174094, 'ma.L1': -0.08455020844551335, 'ma.L2': -0.022048398887908483, 'sigma2': 0.00013968425164506796}"
SPY,"ARIMA(0,1,2)+drift",2023-09-22,416.1286926269531,2023-09-29,5,413.2862548828125,417.2523789708646,-2.842437744140625,1.1236863439114586,-1.0,1.0,False,1.0565266388599872,3.75392720086226,1.3362033000448719,7718,expanding,True,3.0,0.0,-3.0191449770860226,True,True,"{'const': 0.0003675097758174094, 'ma.L1': -0.08455020844551335, 'ma.L2': -0.022048398887908483, 'sigma2': 0.00013968425164506796}"
SPY,"ARIMA(0,1,2)+drift",2023-09-22,416.1286926269531,2023-10-20,20,407.2052307128906,419.55889555903354,-8.9234619140625,3.4302029320804195,-1.0,1.0,False,1.0565266388599872,11.692714969754823,1.3362033000448719,7718,expanding,True,3.0,0.0,-3.0191449770860226,True,True,"{'const': 0.0003675097758174094, 'ma.L1': -0.08455020844551335, 'ma.L2': -0.022048398887908483, 'sigma2': 0.00013968425164506796}"
SPY,"ARIMA(0,1,2)+drift",2023-09-29,413.2862548828125,2023-10-02,1,413.1219787597656,413.4761173897872,-0.164276123046875,0.18986250697469131,-1.0,1.0,False,1.0573249081816893,0.33493832149531805,2.3214826000621542,7723,expanding,False,2.0,2.0,-3.0193452132010457,True,True,"{'const': 0.0003663500900738774, 'ma.L1': -0.08459653039996362, 'ma.L2': -0.022097182978902907, 'sigma2': 0.00013962821943819628}"
SPY,"ARIMA(0,1,2)+drift",2023-09-29,413.2862548828125,2023-10-06,5,415.2779235839844,414.1044344814484,1.991668701171875,0.8181795986358793,1.0,1.0,True,1.0573249081816893,1.1098661286189475,2.3214826000621542,7723,expanding,False,2.0,2.0,-3.0193452132010457,True,True,"{'const': 0.0003663500900738774, 'ma.L1': -0.08459653039996362, 'ma.L2': -0.022097182978902907, 'sigma2': 0.00013962821943819628}"
SPY,"ARIMA(0,1,2)+drift",2023-09-29,413.2862548828125,2023-10-27,20,397.0441284179688,416.3863064221779,-16.242126464843693,3.1000515393653814,-1.0,1.0,False,1.0573249081816893,18.293504536341956,2.3214826000621542,7723,expanding,False,2.0,2.0,-3.0193452132010457,True,True,"{'const': 0.0003663500900738774, 'ma.L1': -0.08459653039996362, 'ma.L2': -0.022097182978902907, 'sigma2': 0.00013962821943819628}"
SPY,"ARIMA(0,1,2)+drift",2023-10-06,415.2779235839844,2023-10-09,1,417.93658447265625,415.0306649968354,2.658660888671875,-0.24725858714896276,1.0,-1.0,False,1.0584124385793754,2.7455454697048225,1.3952913000248373,7728,expanding,True,3.0,0.0,-3.019501368665657,True,True,"{'const': 0.00036667275259384013, 'ma.L1': -0.0846664433432733, 'ma.L2': -0.022002937774804793, 'sigma2': 0.00013958427780669336}"
SPY,"ARIMA(0,1,2)+drift",2023-10-06,415.2779235839844,2023-10-13,5,417.1728210449219,415.5345546257727,1.8948974609375,0.25663104178835283,1.0,1.0,True,1.0584124385793754,1.5478525756443913,1.3952913000248373,7728,expanding,True,3.0,0.0,-3.019501368665657,True,True,"{'const': 0.00036667275259384013, 'ma.L1': -0.0846664433432733, 'ma.L2': -0.022002937774804793, 'sigma2': 0.00013958427780669336}"
SPY,"ARIMA(0,1,2)+drift",2023-10-06,415.2779235839844,2023-11-03,20,420.25689697265625,417.82632931754836,4.978973388671875,2.548405733563982,1.0,1.0,True,1.0584124385793754,2.296427712405057,1.3952913000248373,7728,expanding,True,3.0,0.0,-3.019501368665657,True,True,"{'const': 0.00036667275259384013, 'ma.L1': -0.0846664433432733, 'ma.L2': -0.022002937774804793, 'sigma2': 0.00013958427780669336}"
SPY,"ARIMA(0,1,2)+drift",2023-10-13,417.1728210449219,2023-10-16,1,421.5620727539063,417.584627371113,4.389251708984432,0.4118063261911402,1.0,1.0,True,1.0591784554692176,3.755217416154181,1.1939039999851957,7733,expanding,True,3.0,0.0,-3.0197465596798927,True,True,"{'const': 0.0003671141575262983, 'ma.L1': -0.08453005815002837, 'ma.L2': -0.021990198619915052, 'sigma2': 0.00013951619919671501}"
SPY,"ARIMA(0,1,2)+drift",2023-10-13,417.1728210449219,2023-10-20,5,407.2052307128906,418.25135727504227,-9.96759033203125,1.0785362301203918,-1.0,1.0,False,1.0591784554692176,10.428956995030825,1.1939039999851957,7733,expanding,True,3.0,0.0,-3.0197465596798927,True,True,"{'const': 0.0003671141575262983, 'ma.L1': -0.08453005815002837, 'ma.L2': -0.021990198619915052, 'sigma2': 0.00013951619919671501}"
SPY,"ARIMA(0,1,2)+drift",2023-10-13,417.1728210449219,2023-11-10,20,425.9802856445313,420.5609003534679,8.807464599609432,3.3880793085460255,1.0,1.0,True,1.0591784554692176,5.116593207763663,1.1939039999851957,7733,expanding,True,3.0,0.0,-3.0197465596798927,True,True,"{'const': 0.0003671141575262983, 'ma.L1': -0.08453005815002837, 'ma.L2': -0.021990198619915052, 'sigma2': 0.00013951619919671501}"
SPY,"ARIMA(0,1,2)+drift",2023-10-20,407.2052307128906,2023-10-23,1,406.4993591308594,407.9236294924186,-0.70587158203125,0.7183987795280018,-1.0,1.0,False,1.06091688140597,1.342490054142367,2.2763184999348596,7738,expanding,False,2.0,2.0,-3.019804104446289,True,True,"{'const': 0.00036379323112502835, 'ma.L1': -0.08431419217616834, 'ma.L2': -0.022003571465225587, 'sigma2': 0.0001395003526664258}"
SPY,"ARIMA(0,1,2)+drift",2023-10-20,407.2052307128906,2023-10-27,5,397.0441284179688,408.6425936125058,-10.161102294921818,1.4373628996151524,-1.0,1.0,False,1.06091688140597,10.932491883026891,2.2763184999348596,7738,expanding,False,2.0,2.0,-3.019804104446289,True,True,"{'const': 0.00036379323112502835, 'ma.L1': -0.08431419217616834, 'ma.L2': -0.022003571465225587, 'sigma2': 0.0001395003526664258}"
SPY,"ARIMA(0,1,2)+drift",2023-10-20,407.2052307128906,2023-11-17,20,435.8223571777344,410.8786100638388,28.61712646484375,3.673379350948153,1.0,1.0,True,1.06091688140597,23.51149986494619,2.2763184999348596,7738,expanding,False,2.0,2.0,-3.019804104446289,True,True,"{'const': 0.00036379323112502835, 'ma.L1': -0.08431419217616834, 'ma.L2': -0.022003571465225587, 'sigma2': 0.0001395003526664258}"
SPY,"ARIMA(0,1,2)+drift",2023-10-27,397.0441284179688,2023-10-30,1,401.7911071777344,397.51720864431826,4.746978759765568,0.47308022634945246,1.0,1.0,True,1.062335906919353,4.02311406926827,1.3361728000454605,7743,expanding,True,3.0,0.0,-3.019903570318109,True,True,"{'const': 0.0003602590595165511, 'ma.L1': -0.08410236971726645, 'ma.L2': -0.022002322049114148, 'sigma2': 0.00013947258220850864}"
SPY,"ARIMA(0,1,2)+drift",2023-10-27,397.0441284179688,2023-11-03,5,420.25689697265625,398.14609513218903,23.212768554687443,1.1019667142202252,1.0,1.0,True,1.062335906919353,20.81338086800238,1.3361728000454605,7743,expanding,True,3.0,0.0,-3.019903570318109,True,True,"{'const': 0.0003602590595165511, 'ma.L1': -0.08410236971726645, 'ma.L2': -0.022002322049114148, 'sigma2': 0.00013947258220850864}"
SPY,"ARIMA(0,1,2)+drift",2023-10-27,397.0441284179688,2023-11-27,20,439.389892578125,400.30345501230784,42.34576416015619,3.2593265943390293,1.0,1.0,True,1.062335906919353,36.79291767437585,1.3361728000454605,7743,expanding,True,3.0,0.0,-3.019903570318109,True,True,"{'const': 0.0003602590595165511, 'ma.L1': -0.08410236971726645, 'ma.L2': -0.022002322049114148, 'sigma2': 0.00013947258220850864}"
SPY,"ARIMA(0,1,2)+drift",2023-11-03,420.25689697265625,2023-11-06,1,421.22369384765625,419.8576742622546,0.966796875,-0.39922271040165924,1.0,-1.0,False,1.064646619326748,1.283073238203199,1.2882344999816269,7748,expanding,True,3.0,0.0,-3.0198652033054194,True,True,"{'const': 0.00036724852574162214, 'ma.L1': -0.08364821816788585, 'ma.L2': -0.021883675203854015, 'sigma2': 0.00013948263160092742}"
SPY,"ARIMA(0,1,2)+drift",2023-11-03,420.25689697265625,2023-11-10,5,425.9802856445313,420.37734680768443,5.723388671875057,0.1204498350281824,1.0,1.0,True,1.064646619326748,5.262721672276583,1.2882344999816269,7748,expanding,True,3.0,0.0,-3.0198652033054194,True,True,"{'const': 0.00036724852574162214, 'ma.L1': -0.08364821816788585, 'ma.L2': -0.021883675203854015, 'sigma2': 0.00013948263160092742}"
SPY,"ARIMA(0,1,2)+drift",2023-11-03,420.25689697265625,2023-12-04,20,441.5264587402344,422.6994813520943,21.269561767578125,2.442584379438074,1.0,1.0,True,1.064646619326748,17.68378074599597,1.2882344999816269,7748,expanding,True,3.0,0.0,-3.0198652033054194,True,True,"{'const': 0.00036724852574162214, 'ma.L1': -0.08364821816788585, 'ma.L2': -0.021883675203854015, 'sigma2': 0.00013948263160092742}"
SPY,"ARIMA(0,1,2)+drift",2023-11-10,425.9802856445313,2023-11-13,1,425.5743408203125,425.6969868982616,-0.40594482421880684,-0.2832987462696792,-1.0,-1.0,True,1.065548802307885,0.11510132401583767,1.3459391000214964,7753,expanding,True,3.0,0.0,-3.0200517222942325,True,True,"{'const': 0.0003687646254045899, 'ma.L1': -0.08371382938820356, 'ma.L2': -0.0217901170387811, 'sigma2': 0.00013943067521856057}"
SPY,"ARIMA(0,1,2)+drift",2023-11-10,425.9802856445313,2023-11-17,5,435.8223571777344,426.191124580798,9.842071533203068,0.2108389362666685,1.0,1.0,True,1.065548802307885,9.038753153375986,1.3459391000214964,7753,expanding,True,3.0,0.0,-3.0200517222942325,True,True,"{'const': 0.0003687646254045899, 'ma.L1': -0.08371382938820356, 'ma.L2': -0.0217901170387811, 'sigma2': 0.00013943067521856057}"
SPY,"ARIMA(0,1,2)+drift",2023-11-10,425.9802856445313,2023-12-11,20,446.6504211425781,428.5551198931192,20.670135498046818,2.5748342485878766,1.0,1.0,True,1.065548802307885,16.98214216961824,1.3459391000214964,7753,expanding,True,3.0,0.0,-3.0200517222942325,True,True,"{'const': 0.0003687646254045899, 'ma.L1': -0.08371382938820356, 'ma.L2': -0.0217901170387811, 'sigma2': 0.00013943067521856057}"
SPY,"ARIMA(0,1,2)+drift",2023-11-17,435.8223571777344,2023-11-20,1,439.1771240234375,435.93075651172444,3.354766845703125,0.1083993339900644,1.0,1.0,True,1.066235435951059,3.0447004500627672,1.40022469998803,7758,expanding,True,3.0,0.0,-3.0201979266327643,True,True,"{'const': 0.000371526457787177, 'ma.L1': -0.08365669813177148, 'ma.L2': -0.02149979860352539, 'sigma2': 0.00013939016090774511}"
SPY,"ARIMA(0,1,2)+drift",2023-11-17,435.8223571777344,2023-11-27,5,439.389892578125,436.5690138276365,3.567535400390625,0.7466566499021496,1.0,1.0,True,1.066235435951059,2.6456434061135026,1.40022469998803,7758,expanding,True,3.0,0.0,-3.0201979266327643,True,True,"{'const': 0.000371526457787177, 'ma.L1': -0.08365669813177148, 'ma.L2': -0.02149979860352539, 'sigma2': 0.00013939016090774511}"
SPY,"ARIMA(0,1,2)+drift",2023-11-17,435.8223571777344,2023-12-18,20,458.1491088867188,439.00875982906615,22.326751708984432,3.1864026513317754,1.0,1.0,True,1.066235435951059,17.951334585480062,1.40022469998803,7758,expanding,True,3.0,0.0,-3.0201979266327643,True,True,"{'const': 0.000371526457787177, 'ma.L1': -0.08365669813177148, 'ma.L2': -0.02149979860352539, 'sigma2': 0.00013939016090774511}"
SPY,"ARIMA(0,1,2)+drift",2023-11-27,439.389892578125,2023-11-28,1,439.8248291015625,439.62459773488814,0.4349365234375,0.23470515676314108,1.0,1.0,True,1.0664590964824754,0.18775344252281806,1.3613588999724016,7763,expanding,True,3.0,0.0,-3.0204852946809932,True,True,"{'const': 0.0003723523865493319, 'ma.L1': -0.08366503397186954, 'ma.L2': -0.021464956429350406, 'sigma2': 0.00013931014782164413}"
SPY,"ARIMA(0,1,2)+drift",2023-11-27,439.389892578125,2023-12-04,5,441.5264587402344,440.29932380930086,2.136566162109375,0.9094312311758586,1.0,1.0,True,1.0664590964824754,1.150662913355985,1.3613588999724016,7763,expanding,True,3.0,0.0,-3.0204852946809932,True,True,"{'const': 0.0003723523865493319, 'ma.L1': -0.08366503397186954, 'ma.L2': -0.021464956429350406, 'sigma2': 0.00013931014782164413}"
SPY,"ARIMA(0,1,2)+drift",2023-11-27,439.389892578125,2023-12-26,20,461.7213745117188,442.7654018339742,22.331481933593807,3.375509255849181,1.0,1.0,True,1.0664590964824754,17.77468328627653,1.3613588999724016,7763,expanding,True,3.0,0.0,-3.0204852946809932,True,True,"{'const': 0.0003723523865493319, 'ma.L1': -0.08366503397186954, 'ma.L2': -0.021464956429350406, 'sigma2': 0.00013931014782164413}"
SPY,"ARIMA(0,1,2)+drift",2023-12-04,441.5264587402344,2023-12-05,1,441.43939208984375,441.8237407891658,-0.087066650390625,0.29728204893143584,-1.0,1.0,False,1.066727269028887,0.3603064349071709,1.3413392000366002,7768,expanding,True,3.0,0.0,-3.0207736168565247,True,True,"{'const': 0.00037274581866462487, 'ma.L1': -0.08367825277318518, 'ma.L2': -0.021483131071276824, 'sigma2': 0.0001392298508606029}"
SPY,"ARIMA(0,1,2)+drift",2023-12-04,441.5264587402344,2023-12-11,5,446.6504211425781,442.53124306431084,5.12396240234375,1.0047843240764678,1.0,1.0,True,1.066727269028887,3.8615100577837906,1.3413392000366002,7768,expanding,True,3.0,0.0,-3.0207736168565247,True,True,"{'const': 0.00037274581866462487, 'ma.L1': -0.08367825277318518, 'ma.L2': -0.021483131071276824, 'sigma2': 0.0001392298508606029}"
SPY,"ARIMA(0,1,2)+drift",2023-12-04,441.5264587402344,2024-01-03,20,455.062255859375,445.0124480987146,13.535797119140625,3.4859893584801966,1.0,1.0,True,1.066727269028887,9.421159515130272,1.3413392000366002,7768,expanding,True,3.0,0.0,-3.0207736168565247,True,True,"{'const': 0.00037274581866462487, 'ma.L1': -0.08367825277318518, 'ma.L2': -0.021483131071276824, 'sigma2': 0.0001392298508606029}"
SPY,"ARIMA(0,1,2)+drift",2023-12-11,446.6504211425781,2023-12-12,1,448.69036865234375,446.6250995767382,2.039947509765625,-0.02532156583993128,1.0,-1.0,False,1.0671804597926278,1.935257581465533,2.301042899955064,7773,expanding,False,2.0,2.0,-3.0210473790831096,True,True,"{'const': 0.0003739486742463489, 'ma.L1': -0.08365659657403461, 'ma.L2': -0.021467218538138533, 'sigma2': 0.00013915340191316883}"
SPY,"ARIMA(0,1,2)+drift",2023-12-11,446.6504211425781,2023-12-18,5,458.1491088867188,447.2550440928414,11.498687744140682,0.6046229502632627,1.0,1.0,True,1.0671804597926278,10.20826861465804,2.301042899955064,7773,expanding,False,2.0,2.0,-3.0210473790831096,True,True,"{'const': 0.0003739486742463489, 'ma.L1': -0.08365659657403461, 'ma.L2': -0.021467218538138533, 'sigma2': 0.00013915340191316883}"
SPY,"ARIMA(0,1,2)+drift",2023-12-11,446.6504211425781,2024-01-10,20,462.6047058105469,449.77084982497934,15.95428466796875,3.1204286824012115,1.0,1.0,True,1.0671804597926278,12.025947315472198,2.301042899955064,7773,expanding,False,2.0,2.0,-3.0210473790831096,True,True,"{'const': 0.0003739486742463489, 'ma.L1': -0.08365659657403461, 'ma.L2': -0.021467218538138533, 'sigma2': 0.00013915340191316883}"
SPY,"ARIMA(0,1,2)+drift",2023-12-18,458.1491088867188,2023-12-19,1,460.9350280761719,458.1362866691671,2.785919189453068,-0.012822217551729409,1.0,-1.0,False,1.068166126762823,2.620136827860891,1.3050116000231355,7778,expanding,True,3.0,0.0,-3.0212501308200372,True,True,"{'const': 0.000376975795910275, 'ma.L1': -0.0835342650753667, 'ma.L2': -0.021379009057568864, 'sigma2': 0.00013909701635772315}"
SPY,"ARIMA(0,1,2)+drift",2023-12-18,458.1491088867188,2023-12-26,5,461.7213745117188,458.77659354593385,3.572265625,0.6274846592150425,1.0,1.0,True,1.068166126762823,2.756856721069587,1.3050116000231355,7778,expanding,True,3.0,0.0,-3.0212501308200372,True,True,"{'const': 0.000376975795910275, 'ma.L1': -0.0835342650753667, 'ma.L2': -0.021379009057568864, 'sigma2': 0.00013909701635772315}"
SPY,"ARIMA(0,1,2)+drift",2023-12-18,458.1491088867188,2024-01-18,20,462.5367736816406,461.3781571351119,4.387664794921818,3.2290482483930987,1.0,1.0,True,1.068166126762823,1.0846782326266184,1.3050116000231355,7778,expanding,True,3.0,0.0,-3.0212501308200372,True,True,"{'const': 0.000376975795910275, 'ma.L1': -0.0835342650753667, 'ma.L2': -0.021379009057568864, 'sigma2': 0.00013909701635772315}"
SPY,"ARIMA(0,1,2)+drift",2023-12-26,461.7213745117188,2023-12-27,1,462.5562133789063,461.7146205242106,0.8348388671875,-0.006753987508204773,1.0,-1.0,False,1.069580404594851,0.7868439353229305,1.2049709000857547,7783,expanding,True,3.0,0.0,-3.0214275889788222,True,True,"{'const': 0.00037773230933103885, 'ma.L1': -0.08366157701359439, 'ma.L2': -0.021388762892682368, 'sigma2': 0.0001390476407943855}"
SPY,"ARIMA(0,1,2)+drift",2023-12-26,461.7213745117188,2024-01-03,5,455.062255859375,462.3714641584914,-6.659118652343807,0.6500896467725852,-1.0,1.0,False,1.069580404594851,6.833715602601251,1.2049709000857547,7783,expanding,True,3.0,0.0,-3.0214275889788222,True,True,"{'const': 0.00037773230933103885, 'ma.L1': -0.08366157701359439, 'ma.L2': -0.021388762892682368, 'sigma2': 0.0001390476407943855}"
SPY,"ARIMA(0,1,2)+drift",2023-12-26,461.7213745117188,2024-01-25,20,473.7388000488281,464.99868965345706,12.017425537109318,3.2773151417382564,1.0,1.0,True,1.069580404594851,8.171531899634745,1.2049709000857547,7783,expanding,True,3.0,0.0,-3.0214275889788222,True,True,"{'const': 0.00037773230933103885, 'ma.L1': -0.08366157701359439, 'ma.L2': -0.021388762892682368, 'sigma2': 0.0001390476407943855}"
SPY,"ARIMA(0,1,2)+drift",2024-01-03,455.062255859375,2024-01-04,1,453.5964660644531,455.64307927970947,-1.465789794921875,0.5808234203344682,-1.0,1.0,False,1.0700080737354853,1.9127081986507353,2.3339017999824136,7788,expanding,False,2.0,2.0,-3.021685491491001,True,True,"{'const': 0.00037569484466454624, 'ma.L1': -0.08358620923145417, 'ma.L2': -0.021371971226459837, 'sigma2': 0.0001389762139139998}"
SPY,"ARIMA(0,1,2)+drift",2024-01-03,455.062255859375,2024-01-10,5,462.6047058105469,456.4177377406107,7.542449951171875,1.3554818812356757,1.0,1.0,True,1.0700080737354853,5.782169519840154,2.3339017999824136,7788,expanding,False,2.0,2.0,-3.021685491491001,True,True,"{'const': 0.00037569484466454624, 'ma.L1': -0.08358620923145417, 'ma.L2': -0.021371971226459837, 'sigma2': 0.0001389762139139998}"
SPY,"ARIMA(0,1,2)+drift",2024-01-03,455.062255859375,2024-02-01,20,474.8745422363281,458.9971056948803,19.812286376953125,3.934849835505304,1.0,1.0,True,1.0700080737354853,14.838613774210504,2.3339017999824136,7788,expanding,False,2.0,2.0,-3.021685491491001,True,True,"{'const': 0.00037569484466454624, 'ma.L1': -0.08358620923145417, 'ma.L2': -0.021371971226459837, 'sigma2': 0.0001389762139139998}"
SPY,"ARIMA(0,1,2)+drift",2024-01-10,462.6047058105469,2024-01-11,1,462.4008483886719,462.57427309354813,-0.203857421875,-0.030432716998745946,-1.0,-1.0,True,1.0708450468169104,0.16195126026100548,1.3062365999212489,7793,expanding,True,3.0,0.0,-3.021895634921244,True,True,"{'const': 0.00037748975375258634, 'ma.L1': -0.08356366933838026, 'ma.L2': -0.021344417360661314, 'sigma2': 0.0001389173915894543}"
SPY,"ARIMA(0,1,2)+drift",2024-01-10,462.6047058105469,2024-01-18,5,462.5367736816406,463.2189519954823,-0.06793212890625,0.614246184935439,-1.0,1.0,False,1.0708450468169104,0.6370467098572905,1.3062365999212489,7793,expanding,True,3.0,0.0,-3.021895634921244,True,True,"{'const': 0.00037748975375258634, 'ma.L1': -0.08356366933838026, 'ma.L2': -0.021344417360661314, 'sigma2': 0.0001389173915894543}"
SPY,"ARIMA(0,1,2)+drift",2024-01-10,462.6047058105469,2024-02-08,20,483.72747802734375,465.849298054584,21.122772216796875,3.2445922440371078,1.0,1.0,True,1.0708450468169104,16.695394002991097,1.3062365999212489,7793,expanding,True,3.0,0.0,-3.021895634921244,True,True,"{'const': 0.00037748975375258634, 'ma.L1': -0.08356366933838026, 'ma.L2': -0.021344417360661314, 'sigma2': 0.0001389173915894543}"
SPY,"ARIMA(0,1,2)+drift",2024-01-18,462.5367736816406,2024-01-19,1,468.30279541015625,462.4692386184498,5.766021728515625,-0.06753506319080316,1.0,-1.0,False,1.071295020609953,5.445331752204945,1.2090544999809936,7798,expanding,True,3.0,0.0,-3.022161935945346,True,True,"{'const': 0.000377222556660631, 'ma.L1': -0.08359059788296958, 'ma.L2': -0.021374223070063328, 'sigma2': 0.00013884335051931947}"
SPY,"ARIMA(0,1,2)+drift",2024-01-18,462.5367736816406,2024-01-25,5,473.7388000488281,463.0897214291178,11.2020263671875,0.5529477474771625,1.0,1.0,True,1.071295020609953,9.940379087776563,1.2090544999809936,7798,expanding,True,3.0,0.0,-3.022161935945346,True,True,"{'const': 0.000377222556660631, 'ma.L1': -0.08359059788296958, 'ma.L2': -0.021374223070063328, 'sigma2': 0.00013884335051931947}"
SPY,"ARIMA(0,1,2)+drift",2024-01-18,462.5367736816406,2024-02-15,20,487.3094482421875,465.7174670853439,24.772674560546875,3.1806934037032875,1.0,1.0,True,1.071295020609953,20.155028018845798,1.2090544999809936,7798,expanding,True,3.0,0.0,-3.022161935945346,True,True,"{'const': 0.000377222556660631, 'ma.L1': -0.08359059788296958, 'ma.L2': -0.021374223070063328, 'sigma2': 0.00013884335051931947}"
SPY,"ARIMA(0,1,2)+drift",2024-01-25,473.7388000488281,2024-01-26,1,473.1369934082031,473.70303895941373,-0.601806640625,-0.035761089414393155,-1.0,-1.0,True,1.0720442581470122,0.5280057674008675,1.2086216999450698,7803,expanding,True,3.0,0.0,-3.0223887601147004,True,True,"{'const': 0.0003800531488941407, 'ma.L1': -0.08344817962955556, 'ma.L2': -0.021381964751449514, 'sigma2': 0.00013878039533388935}"
SPY,"ARIMA(0,1,2)+drift",2024-01-25,473.7388000488281,2024-02-01,5,474.8745422363281,474.37101853002446,1.1357421875,0.6322184811963325,1.0,1.0,True,1.0720442581470122,0.4696855586671292,1.2086216999450698,7803,expanding,True,3.0,0.0,-3.0223887601147004,True,True,"{'const': 0.0003800531488941407, 'ma.L1': -0.08344817962955556, 'ma.L2': -0.021381964751449514, 'sigma2': 0.00013878039533388935}"
SPY,"ARIMA(0,1,2)+drift",2024-01-25,473.7388000488281,2024-02-23,20,492.9784240722656,477.08303450181216,19.2396240234375,3.3442344529840398,1.0,1.0,True,1.0720442581470122,14.827176629748513,1.2086216999450698,7803,expanding,True,3.0,0.0,-3.0223887601147004,True,True,"{'const': 0.0003800531488941407, 'ma.L1': -0.08344817962955556, 'ma.L2': -0.021381964751449514, 'sigma2': 0.00013878039533388935}"
SPY,"ARIMA(0,1,2)+drift",2024-02-01,474.8745422363281,2024-02-02,1,479.873779296875,474.78005814319624,4.999237060546875,-0.09448409313188222,1.0,-1.0,False,1.0737437212438183,4.743889117021538,1.3535130000673234,7808,expanding,True,3.0,0.0,-3.022495030519351,True,True,"{'const': 0.00038010377308352066, 'ma.L1': -0.08362957453408112, 'ma.L2': -0.021455419313832706, 'sigma2': 0.00013875082743348396}"
SPY,"ARIMA(0,1,2)+drift",2024-02-01,474.8745422363281,2024-02-08,5,483.72747802734375,475.3880853983046,8.852935791015625,0.5135431619764859,1.0,1.0,True,1.0737437212438183,7.766650890753369,1.3535130000673234,7808,expanding,True,3.0,0.0,-3.022495030519351,True,True,"{'const': 0.00038010377308352066, 'ma.L1': -0.08362957453408112, 'ma.L2': -0.021455419313832706, 'sigma2': 0.00013875082743348396}"
SPY,"ARIMA(0,1,2)+drift",2024-02-01,474.8745422363281,2024-03-01,20,497.8320007324219,478.10627907640946,22.95745849609375,3.2317368400813393,1.0,1.0,True,1.0737437212438183,18.370977418300757,1.3535130000673234,7808,expanding,True,3.0,0.0,-3.022495030519351,True,True,"{'const': 0.00038010377308352066, 'ma.L1': -0.08362957453408112, 'ma.L2': -0.021455419313832706, 'sigma2': 0.00013875082743348396}"
SPY,"ARIMA(0,1,2)+drift",2024-02-08,483.72747802734375,2024-02-09,1,486.523193359375,483.7960505554473,2.79571533203125,0.06857252810357295,1.0,1.0,True,1.0746370707178388,2.537733787748447,1.2084380000596866,7813,expanding,True,3.0,0.0,-3.0227256291103046,True,True,"{'const': 0.00038224892515089406, 'ma.L1': -0.08352721453040632, 'ma.L2': -0.02164991361515677, 'sigma2': 0.0001386869817509905}"
SPY,"ARIMA(0,1,2)+drift",2024-02-08,483.72747802734375,2024-02-15,5,487.3094482421875,484.52807702270775,3.58197021484375,0.8005989953639983,1.0,1.0,True,1.0746370707178388,2.5881958619032606,1.2084380000596866,7813,expanding,True,3.0,0.0,-3.0227256291103046,True,True,"{'const': 0.00038224892515089406, 'ma.L1': -0.08352721453040632, 'ma.L2': -0.02164991361515677, 'sigma2': 0.0001386869817509905}"
SPY,"ARIMA(0,1,2)+drift",2024-02-08,483.72747802734375,2024-03-08,20,496.7351379394531,487.31421191742663,13.007659912109375,3.5867338900828827,1.0,1.0,True,1.0746370707178388,8.766611797351713,1.2084380000596866,7813,expanding,True,3.0,0.0,-3.0227256291103046,True,True,"{'const': 0.00038224892515089406, 'ma.L1': -0.08352721453040632, 'ma.L2': -0.02164991361515677, 'sigma2': 0.0001386869817509905}"
SPY,"ARIMA(0,1,2)+drift",2024-02-15,487.3094482421875,2024-02-16,1,484.8826599121094,487.13948148125843,-2.426788330078125,-0.16996676092907137,-1.0,-1.0,True,1.0761762523614526,2.0970743074816154,1.2160203999374062,7818,expanding,True,3.0,0.0,-3.022891274893052,True,True,"{'const': 0.0003829192093488155, 'ma.L1': -0.08357123662720546, 'ma.L2': -0.021770214818497138, 'sigma2': 0.00013864088592794707}"
SPY,"ARIMA(0,1,2)+drift",2024-02-15,487.3094482421875,2024-02-23,5,492.9784240722656,487.8138730052876,5.668975830078125,0.5044247631000758,1.0,1.0,True,1.0761762523614526,4.798982560380309,1.2160203999374062,7818,expanding,True,3.0,0.0,-3.022891274893052,True,True,"{'const': 0.0003829192093488155, 'ma.L1': -0.08357123662720546, 'ma.L2': -0.021770214818497138, 'sigma2': 0.00013864088592794707}"
SPY,"ARIMA(0,1,2)+drift",2024-02-15,487.3094482421875,2024-03-15,20,496.4381713867188,490.6238347308058,9.128723144531307,3.314386488618311,1.0,1.0,True,1.0761762523614526,5.402773609949673,1.2160203999374062,7818,expanding,True,3.0,0.0,-3.022891274893052,True,True,"{'const': 0.0003829192093488155, 'ma.L1': -0.08357123662720546, 'ma.L2': -0.021770214818497138, 'sigma2': 0.00013864088592794707}"
SPY,"ARIMA(0,1,2)+drift",2024-02-23,492.9784240722656,2024-02-26,1,491.1728515625,492.87060845603565,-1.805572509765625,-0.1078156162299706,-1.0,-1.0,True,1.0775161319850688,1.5756208590658765,1.3120404999936,7823,expanding,True,3.0,0.0,-3.0229981791939915,True,True,"{'const': 0.000384162061204627, 'ma.L1': -0.08353318825991415, 'ma.L2': -0.021961969411193372, 'sigma2': 0.0001386113127492201}"
SPY,"ARIMA(0,1,2)+drift",2024-02-23,492.9784240722656,2024-03-01,5,497.8320007324219,493.6071997821051,4.85357666015625,0.6287757098394877,1.0,1.0,True,1.0775161319850688,3.920870254196162,1.3120404999936,7823,expanding,True,3.0,0.0,-3.0229981791939915,True,True,"{'const': 0.000384162061204627, 'ma.L1': -0.08353318825991415, 'ma.L2': -0.021961969411193372, 'sigma2': 0.0001386113127492201}"
SPY,"ARIMA(0,1,2)+drift",2024-02-23,492.9784240722656,2024-03-22,20,507.5191955566406,496.459788199868,14.540771484375,3.481364127602376,1.0,1.0,True,1.0775161319850688,10.26379747688629,1.3120404999936,7823,expanding,True,3.0,0.0,-3.0229981791939915,True,True,"{'const': 0.000384162061204627, 'ma.L1': -0.08353318825991415, 'ma.L2': -0.021961969411193372, 'sigma2': 0.0001386113127492201}"
SPY,"ARIMA(0,1,2)+drift",2024-03-01,497.8320007324219,2024-03-04,1,497.2981262207031,497.6081839226897,-0.53387451171875,-0.22381680973217044,-1.0,-1.0,True,1.0780754601100984,0.28760296793595036,1.4010959999868646,7828,expanding,True,3.0,0.0,-3.023266964648354,True,True,"{'const': 0.0003851499701139705, 'ma.L1': -0.0835229047602494, 'ma.L2': -0.022028265595748223, 'sigma2': 0.00013853671510806858}"
SPY,"ARIMA(0,1,2)+drift",2024-03-01,497.8320007324219,2024-03-08,5,496.7351379394531,498.27461488470476,-1.09686279296875,0.4426141522828857,-1.0,1.0,False,1.0780754601100984,1.427986260900899,1.4010959999868646,7828,expanding,True,3.0,0.0,-3.023266964648354,True,True,"{'const': 0.0003851499701139705, 'ma.L1': -0.0835229047602494, 'ma.L2': -0.022028265595748223, 'sigma2': 0.00013853671510806858}"
SPY,"ARIMA(0,1,2)+drift",2024-03-01,497.8320007324219,2024-04-01,20,508.4441223144531,501.1616030759735,10.61212158203125,3.3296023435516418,1.0,1.0,True,1.0780754601100984,6.755110850715294,1.4010959999868646,7828,expanding,True,3.0,0.0,-3.023266964648354,True,True,"{'const': 0.0003851499701139705, 'ma.L1': -0.0835229047602494, 'ma.L2': -0.022028265595748223, 'sigma2': 0.00013853671510806858}"
SPY,"ARIMA(0,1,2)+drift",2024-03-08,496.7351379394531,2024-03-11,1,496.3080139160156,497.04967844794186,-0.4271240234375,0.31454050848873294,-1.0,1.0,False,1.0794186236544212,0.6870962902375111,1.2666871999390423,7833,expanding,True,3.0,0.0,-3.023474379935092,True,True,"{'const': 0.0003846840442338635, 'ma.L1': -0.08357130476263032, 'ma.L2': -0.02222590278744752, 'sigma2': 0.00013847955837710464}"
SPY,"ARIMA(0,1,2)+drift",2024-03-08,496.7351379394531,2024-03-15,5,496.4381713867188,497.8761720918882,-0.29696655273431816,1.1410341524350542,-1.0,1.0,False,1.0794186236544212,1.332199272512971,1.2666871999390423,7833,expanding,True,3.0,0.0,-3.023474379935092,True,True,"{'const': 0.0003846840442338635, 'ma.L1': -0.08357130476263032, 'ma.L2': -0.02222590278744752, 'sigma2': 0.00013847955837710464}"
SPY,"ARIMA(0,1,2)+drift",2024-03-08,496.7351379394531,2024-04-08,20,505.0946350097656,500.7573519681728,8.3594970703125,4.022214028719702,1.0,1.0,True,1.0794186236544212,4.018165840893802,1.2666871999390423,7833,expanding,True,3.0,0.0,-3.023474379935092,True,True,"{'const': 0.0003846840442338635, 'ma.L1': -0.08357130476263032, 'ma.L2': -0.02222590278744752, 'sigma2': 0.00013847955837710464}"
SPY,"ARIMA(0,1,2)+drift",2024-03-15,496.4381713867188,2024-03-18,1,499.3885192871094,496.9646183972939,2.950347900390568,0.5264470105751116,1.0,1.0,True,1.0801303255568664,2.2440818783287124,1.3016281999880448,7838,expanding,True,3.0,0.0,-3.023717003363563,True,True,"{'const': 0.000384382498958964, 'ma.L1': -0.08357013810021689, 'ma.L2': -0.022303194204159132, 'sigma2': 0.00013841244739276254}"
SPY,"ARIMA(0,1,2)+drift",2024-03-15,496.4381713867188,2024-03-22,5,507.5191955566406,497.81242204574033,11.081024169921818,1.374250659021527,1.0,1.0,True,1.0801303255568664,8.986668813224846,1.3016281999880448,7838,expanding,True,3.0,0.0,-3.023717003363563,True,True,"{'const': 0.000384382498958964, 'ma.L1': -0.08357013810021689, 'ma.L2': -0.022303194204159132, 'sigma2': 0.00013841244739276254}"
SPY,"ARIMA(0,1,2)+drift",2024-03-15,496.4381713867188,2024-04-15,20,491.199462890625,500.6909682842327,-5.238708496093807,4.252796897513917,-1.0,1.0,False,1.0801303255568664,8.787370532083091,1.3016281999880448,7838,expanding,True,3.0,0.0,-3.023717003363563,True,True,"{'const': 0.000384382498958964, 'ma.L1': -0.08357013810021689, 'ma.L2': -0.022303194204159132, 'sigma2': 0.00013841244739276254}"
SPY,"ARIMA(0,1,2)+drift",2024-03-22,507.5191955566406,2024-03-25,1,506.1170043945313,507.7468573652036,-1.4021911621093182,0.2276618085629707,-1.0,1.0,False,1.081100523213409,1.5075868854709233,1.2736946999793872,7843,expanding,True,3.0,0.0,-3.023962947036484,True,True,"{'const': 0.00038691931169575476, 'ma.L1': -0.08350727765722761, 'ma.L2': -0.022310300975895217, 'sigma2': 0.00013834419225517222}"
SPY,"ARIMA(0,1,2)+drift",2024-03-22,507.5191955566406,2024-04-01,5,508.4441223144531,508.5532238411357,0.9249267578125,1.0340282844950934,1.0,1.0,True,1.081100523213409,0.10091709729110622,1.2736946999793872,7843,expanding,True,3.0,0.0,-3.023962947036484,True,True,"{'const': 0.00038691931169575476, 'ma.L1': -0.08350727765722761, 'ma.L2': -0.022310300975895217, 'sigma2': 0.00013834419225517222}"
SPY,"ARIMA(0,1,2)+drift",2024-03-22,507.5191955566406,2024-04-22,20,486.5936584472656,511.51334143199153,-20.925537109375,3.9941458753509096,-1.0,1.0,False,1.081100523213409,23.050292225052203,1.2736946999793872,7843,expanding,True,3.0,0.0,-3.023962947036484,True,True,"{'const': 0.00038691931169575476, 'ma.L1': -0.08350727765722761, 'ma.L2': -0.022310300975895217, 'sigma2': 0.00013834419225517222}"
SPY,"ARIMA(0,1,2)+drift",2024-04-01,508.4441223144531,2024-04-02,1,505.2114868164063,508.7238716165826,-3.232635498046818,0.2797493021294599,-1.0,1.0,False,1.081375848355226,3.248070322190587,1.2200406999327242,7848,expanding,True,3.0,0.0,-3.0242448379837548,True,True,"{'const': 0.00038690900286518563, 'ma.L1': -0.0835130514285865, 'ma.L2': -0.022354958623196225, 'sigma2': 0.0001382662063520142}"
SPY,"ARIMA(0,1,2)+drift",2024-04-01,508.4441223144531,2024-04-08,5,505.0946350097656,509.53407638964967,-3.3494873046875,1.0899540751965446,-1.0,1.0,False,1.081375848355226,4.105363908983579,1.2200406999327242,7848,expanding,True,3.0,0.0,-3.0242448379837548,True,True,"{'const': 0.00038690900286518563, 'ma.L1': -0.0835130514285865, 'ma.L2': -0.022354958623196225, 'sigma2': 0.0001382662063520142}"
SPY,"ARIMA(0,1,2)+drift",2024-04-01,508.4441223144531,2024-04-29,20,496.662109375,512.4998239447968,-11.782012939453125,4.055701630343719,-1.0,1.0,False,1.081375848355226,14.645892631952181,1.2200406999327242,7848,expanding,True,3.0,0.0,-3.0242448379837548,True,True,"{'const': 0.00038690900286518563, 'ma.L1': -0.0835130514285865, 'ma.L2': -0.022354958623196225, 'sigma2': 0.0001382662063520142}"
SPY,"ARIMA(0,1,2)+drift",2024-04-08,505.0946350097656,2024-04-09,1,505.6788635253906,505.16213597017287,0.584228515625,0.06750096040724429,1.0,1.0,True,1.082656503756072,0.477277468361449,1.259709500009194,7853,expanding,True,3.0,0.0,-3.02442846733243,True,True,"{'const': 0.0003857996542542486, 'ma.L1': -0.08360584920886488, 'ma.L2': -0.02227045658908707, 'sigma2': 0.00013821528249033328}"
SPY,"ARIMA(0,1,2)+drift",2024-04-08,505.0946350097656,2024-04-15,5,491.199462890625,505.93514333445927,-13.895172119140625,0.8405083246936442,-1.0,1.0,False,1.082656503756072,13.610670044202951,1.259709500009194,7853,expanding,True,3.0,0.0,-3.02442846733243,True,True,"{'const': 0.0003857996542542486, 'ma.L1': -0.08360584920886488, 'ma.L2': -0.02227045658908707, 'sigma2': 0.00013821528249033328}"
SPY,"ARIMA(0,1,2)+drift",2024-04-08,505.0946350097656,2024-05-06,20,503.0010681152344,508.8714754598127,-2.09356689453125,3.776840450047075,-1.0,1.0,False,1.082656503756072,5.4222251694900985,1.259709500009194,7853,expanding,True,3.0,0.0,-3.02442846733243,True,True,"{'const': 0.0003857996542542486, 'ma.L1': -0.08360584920886488, 'ma.L2': -0.02227045658908707, 'sigma2': 0.00013821528249033328}"
SPY,"ARIMA(0,1,2)+drift",2024-04-15,491.199462890625,2024-04-16,1,490.3036193847656,492.11601511506717,-0.895843505859375,0.9165522244421709,-1.0,1.0,False,1.0848464538566456,1.6706472366282359,1.2263895000796765,7858,expanding,True,3.0,0.0,-3.0244979904106,True,True,"{'const': 0.00038209400035466826, 'ma.L1': -0.0835754759222996, 'ma.L2': -0.022203834941965463, 'sigma2': 0.00013819647028428267}"
SPY,"ARIMA(0,1,2)+drift",2024-04-15,491.199462890625,2024-04-22,5,486.5936584472656,493.02216359804413,-4.605804443359375,1.8227007074191306,-1.0,1.0,False,1.0848464538566456,5.925728132239427,1.2263895000796765,7858,expanding,True,3.0,0.0,-3.0244979904106,True,True,"{'const': 0.00038209400035466826, 'ma.L1': -0.0835754759222996, 'ma.L2': -0.022203834941965463, 'sigma2': 0.00013819647028428267}"
SPY,"ARIMA(0,1,2)+drift",2024-04-15,491.199462890625,2024-05-13,20,507.2271118164063,495.8559889093347,16.027648925781307,4.656526018709712,1.0,1.0,True,1.0848464538566456,10.481780962316908,1.2263895000796765,7858,expanding,True,3.0,0.0,-3.0244979904106,True,True,"{'const': 0.00038209400035466826, 'ma.L1': -0.0835754759222996, 'ma.L2': -0.022203834941965463, 'sigma2': 0.00013819647028428267}"
SPY,"ARIMA(0,1,2)+drift",2024-04-22,486.5936584472656,2024-04-23,1,492.3678894042969,486.55936513064046,5.77423095703125,-0.03429331662516688,1.0,-1.0,False,1.0858718776969747,5.349180131615264,1.2162169000366703,7863,expanding,True,3.0,0.0,-3.0247122247905804,True,True,"{'const': 0.00038054515783230754, 'ma.L1': -0.08351891397246564, 'ma.L2': -0.02201364745175234, 'sigma2': 0.00013813680013776756}"
SPY,"ARIMA(0,1,2)+drift",2024-04-22,486.5936584472656,2024-04-29,5,496.662109375,487.21561075298905,10.068450927734375,0.6219523057234255,1.0,1.0,True,1.0858718776969747,8.699459683996997,1.2162169000366703,7863,expanding,True,3.0,0.0,-3.0247122247905804,True,True,"{'const': 0.00038054515783230754, 'ma.L1': -0.08351891397246564, 'ma.L2': -0.02201364745175234, 'sigma2': 0.00013813680013776756}"
SPY,"ARIMA(0,1,2)+drift",2024-04-22,486.5936584472656,2024-05-20,20,516.13671875,490.00467654341116,29.543060302734375,3.41101809614554,1.0,1.0,True,1.0858718776969747,24.065493124301437,1.2162169000366703,7863,expanding,True,3.0,0.0,-3.0247122247905804,True,True,"{'const': 0.00038054515783230754, 'ma.L1': -0.08351891397246564, 'ma.L2': -0.02201364745175234, 'sigma2': 0.00013813680013776756}"
SPY,"ARIMA(0,1,2)+drift",2024-04-29,496.662109375,2024-04-30,1,488.79437255859375,496.5989256731863,-7.86773681640625,-0.06318370181372757,-1.0,-1.0,True,1.0869962673592148,7.179926324451109,1.3247494999086484,7868,expanding,True,3.0,0.0,-3.024916670044175,True,True,"{'const': 0.00038290718904621123, 'ma.L1': -0.08343034882320066, 'ma.L2': -0.022181262277145695, 'sigma2': 0.00013808031708278194}"
SPY,"ARIMA(0,1,2)+drift",2024-04-29,496.662109375,2024-05-06,5,503.0010681152344,497.31825928426116,6.338958740234375,0.6561499092611598,1.0,1.0,True,1.0869962673592148,5.227992957859204,1.3247494999086484,7868,expanding,True,3.0,0.0,-3.024916670044175,True,True,"{'const': 0.00038290718904621123, 'ma.L1': -0.08343034882320066, 'ma.L2': -0.022181262277145695, 'sigma2': 0.00013808031708278194}"
SPY,"ARIMA(0,1,2)+drift",2024-04-29,496.662109375,2024-05-28,20,515.8932495117188,500.18287908640906,19.23114013671875,3.5207697114090593,1.0,1.0,True,1.0869962673592148,14.453012302863735,1.3247494999086484,7868,expanding,True,3.0,0.0,-3.024916670044175,True,True,"{'const': 0.00038290718904621123, 'ma.L1': -0.08343034882320066, 'ma.L2': -0.022181262277145695, 'sigma2': 0.00013808031708278194}"
SPY,"ARIMA(0,1,2)+drift",2024-05-06,503.0010681152344,2024-05-07,1,503.5561218261719,502.5880186509907,0.5550537109375,-0.4130494642436702,1.0,-1.0,False,1.0895132834349224,0.8885648205490612,1.223240900086239,7873,expanding,True,3.0,0.0,-3.0249486141391526,True,True,"{'const': 0.00038423645527594833, 'ma.L1': -0.08323584828390149, 'ma.L2': -0.022445984173678525, 'sigma2': 0.00013807122701495935}"
SPY,"ARIMA(0,1,2)+drift",2024-05-06,503.0010681152344,2024-05-13,5,507.2271118164063,503.23551215182175,4.226043701171932,0.23444403658737656,1.0,1.0,True,1.0895132834349224,3.663653968495169,1.223240900086239,7873,expanding,True,3.0,0.0,-3.0249486141391526,True,True,"{'const': 0.00038423645527594833, 'ma.L1': -0.08323584828390149, 'ma.L2': -0.022445984173678525, 'sigma2': 0.00013807122701495935}"
SPY,"ARIMA(0,1,2)+drift",2024-05-06,503.0010681152344,2024-06-04,20,514.5106201171875,506.144308030685,11.509552001953125,3.1432399154506356,1.0,1.0,True,1.0895132834349224,7.678944546803423,1.223240900086239,7873,expanding,True,3.0,0.0,-3.0249486141391526,True,True,"{'const': 0.00038423645527594833, 'ma.L1': -0.08323584828390149, 'ma.L2': -0.022445984173678525, 'sigma2': 0.00013807122701495935}"
SPY,"ARIMA(0,1,2)+drift",2024-05-13,507.2271118164063,2024-05-14,1,509.5543518066406,507.4077822990929,2.327239990234318,0.18067048268659391,1.0,1.0,True,1.0893582088232678,1.9704900464893575,1.2276540999300778,7878,expanding,True,3.0,0.0,-3.0252500696752587,True,True,"{'const': 0.0003851175519746711, 'ma.L1': -0.08320461747315684, 'ma.L2': -0.022410759639785952, 'sigma2': 0.00013798833004572043}"
SPY,"ARIMA(0,1,2)+drift",2024-05-13,507.2271118164063,2024-05-20,5,516.13671875,508.19022053254093,8.909606933593693,0.9631087161346272,1.0,1.0,True,1.0893582088232678,7.294660427668624,1.2276540999300778,7878,expanding,True,3.0,0.0,-3.0252500696752587,True,True,"{'const': 0.0003851175519746711, 'ma.L1': -0.08320461747315684, 'ma.L2': -0.022410759639785952, 'sigma2': 0.00013798833004572043}"
SPY,"ARIMA(0,1,2)+drift",2024-05-13,507.2271118164063,2024-06-11,20,522.8458251953125,511.13441089542147,15.618713378906193,3.9072990790151607,1.0,1.0,True,1.0893582088232678,10.750746820498817,1.2276540999300778,7878,expanding,True,3.0,0.0,-3.0252500696752587,True,True,"{'const': 0.0003851175519746711, 'ma.L1': -0.08320461747315684, 'ma.L2': -0.022410759639785952, 'sigma2': 0.00013798833004572043}"
SPY,"ARIMA(0,1,2)+drift",2024-05-20,516.13671875,2024-05-21,1,517.4026489257812,516.286631572891,1.26593017578125,0.14991282289099672,1.0,1.0,True,1.0900668792995638,1.023806313248747,1.32321459997911,7883,expanding,True,3.0,0.0,-3.0254881073576994,True,True,"{'const': 0.00038707781209800554, 'ma.L1': -0.08317003985609217, 'ma.L2': -0.02239623522956886, 'sigma2': 0.0001379226326752662}"
SPY,"ARIMA(0,1,2)+drift",2024-05-20,516.13671875,2024-05-28,5,515.8932495117188,517.0769471372791,-0.24346923828125,0.9402283872791486,-1.0,1.0,False,1.0900668792995638,1.0858944969697624,1.32321459997911,7883,expanding,True,3.0,0.0,-3.0254881073576994,True,True,"{'const': 0.00038707781209800554, 'ma.L1': -0.08317003985609217, 'ma.L2': -0.02239623522956886, 'sigma2': 0.0001379226326752662}"
SPY,"ARIMA(0,1,2)+drift",2024-05-20,516.13671875,2024-06-18,20,534.0826416015625,520.0879149706498,17.9459228515625,3.951196220649763,1.0,1.0,True,1.0900668792995638,12.838411015574774,1.32321459997911,7883,expanding,True,3.0,0.0,-3.0254881073576994,True,True,"{'const': 0.00038707781209800554, 'ma.L1': -0.08317003985609217, 'ma.L2': -0.02239623522956886, 'sigma2': 0.0001379226326752662}"
SPY,"ARIMA(0,1,2)+drift",2024-05-28,515.8932495117188,2024-05-29,1,512.2807006835938,516.0040729686407,-3.612548828125,0.11082345692193485,-1.0,1.0,False,1.0906783198621077,3.413813419815362,1.3658013999229297,7888,expanding,True,3.0,0.0,-3.025755843754615,True,True,"{'const': 0.000386768922758601, 'ma.L1': -0.08318856614973023, 'ma.L2': -0.022432662012475818, 'sigma2': 0.00013784875283863308}"
SPY,"ARIMA(0,1,2)+drift",2024-05-28,515.8932495117188,2024-06-04,5,514.5106201171875,516.7961529526863,-1.38262939453125,0.9029034409675205,-1.0,1.0,False,1.0906783198621077,2.09551505139272,1.3658013999229297,7888,expanding,True,3.0,0.0,-3.025755843754615,True,True,"{'const': 0.000386768922758601, 'ma.L1': -0.08318856614973023, 'ma.L2': -0.022432662012475818, 'sigma2': 0.00013784875283863308}"
SPY,"ARIMA(0,1,2)+drift",2024-05-28,515.8932495117188,2024-06-26,20,532.8945922851562,519.80307727588,17.0013427734375,3.909827764161264,1.0,1.0,True,1.0906783198621077,12.003094561310588,1.3658013999229297,7888,expanding,True,3.0,0.0,-3.025755843754615,True,True,"{'const': 0.000386768922758601, 'ma.L1': -0.08318856614973023, 'ma.L2': -0.022432662012475818, 'sigma2': 0.00013784875283863308}"
SPY,"ARIMA(0,1,2)+drift",2024-06-04,514.5106201171875,2024-06-05,1,520.6255493164062,514.6566164993653,6.11492919921875,0.1459963821778274,1.0,1.0,True,1.0915887941881541,5.468114778037997,1.3222930000629276,7893,expanding,True,3.0,0.0,-3.025992444814081,True,True,"{'const': 0.0003861855794359161, 'ma.L1': -0.0831878651289399, 'ma.L2': -0.022524602083931183, 'sigma2': 0.00013778353664880929}"
SPY,"ARIMA(0,1,2)+drift",2024-06-04,514.5106201171875,2024-06-11,5,522.8458251953125,515.4408104881608,8.335205078125,0.9301903709732642,1.0,1.0,True,1.0915887941881541,6.783703484844819,1.3222930000629276,7893,expanding,True,3.0,0.0,-3.025992444814081,True,True,"{'const': 0.0003861855794359161, 'ma.L1': -0.0831878651289399, 'ma.L2': -0.022524602083931183, 'sigma2': 0.00013778353664880929}"
SPY,"ARIMA(0,1,2)+drift",2024-06-04,514.5106201171875,2024-07-03,20,538.7069091796875,518.4353124865738,24.1962890625,3.924692369386321,1.0,1.0,True,1.0915887941881541,18.570726267110725,1.3222930000629276,7893,expanding,True,3.0,0.0,-3.025992444814081,True,True,"{'const': 0.0003861855794359161, 'ma.L1': -0.0831878651289399, 'ma.L2': -0.022524602083931183, 'sigma2': 0.00013778353664880929}"
SPY,"ARIMA(0,1,2)+drift",2024-06-11,522.8458251953125,2024-06-12,1,527.1398315429688,522.9221555743692,4.29400634765625,0.07633037905668516,1.0,1.0,True,1.0921158671635716,3.8619308586310126,1.2275814999593422,7898,expanding,True,3.0,0.0,-3.026241748767181,True,True,"{'const': 0.0003879681963985568, 'ma.L1': -0.08317032453649209, 'ma.L2': -0.02252956442380228, 'sigma2': 0.00013771479135874317}"
SPY,"ARIMA(0,1,2)+drift",2024-06-11,522.8458251953125,2024-06-18,5,534.0826416015625,523.708280771513,11.23681640625,0.8624555762005457,1.0,1.0,True,1.0921158671635716,9.499322500453731,1.2275814999593422,7898,expanding,True,3.0,0.0,-3.026241748767181,True,True,"{'const': 0.0003879681963985568, 'ma.L1': -0.08317032453649209, 'ma.L2': -0.02252956442380228, 'sigma2': 0.00013771479135874317}"
SPY,"ARIMA(0,1,2)+drift",2024-06-11,522.8458251953125,2024-07-11,20,543.61083984375,526.7648985305588,20.7650146484375,3.919073335246253,1.0,1.0,True,1.0921158671635716,15.425049502250431,1.2275814999593422,7898,expanding,True,3.0,0.0,-3.026241748767181,True,True,"{'const': 0.0003879681963985568, 'ma.L1': -0.08317032453649209, 'ma.L2': -0.02252956442380228, 'sigma2': 0.00013771479135874317}"
SPY,"ARIMA(0,1,2)+drift",2024-06-18,534.0826416015625,2024-06-20,1,532.6317138671875,534.0753543874126,-1.450927734375,-0.0072872141498692145,-1.0,-1.0,True,1.0928468513537046,1.3209906936519966,2.2152615999802947,7903,expanding,True,3.0,0.0,-3.026495498295679,True,True,"{'const': 0.0003904050740135415, 'ma.L1': -0.0831070460756004, 'ma.L2': -0.02248366157446875, 'sigma2': 0.00013764489211455863}"
SPY,"ARIMA(0,1,2)+drift",2024-06-18,534.0826416015625,2024-06-26,5,532.8945922851562,534.876413275653,-1.18804931640625,0.7937716740905216,-1.0,1.0,False,1.0928468513537046,1.813448049049049,2.2152615999802947,7903,expanding,True,3.0,0.0,-3.026495498295679,True,True,"{'const': 0.0003904050740135415, 'ma.L1': -0.0831070460756004, 'ma.L2': -0.02248366157446875, 'sigma2': 0.00013764489211455863}"
SPY,"ARIMA(0,1,2)+drift",2024-06-18,534.0826416015625,2024-07-18,20,539.879150390625,538.0178796166584,5.7965087890625,3.9352380150959334,1.0,1.0,True,1.0928468513537046,1.7031396225930637,2.2152615999802947,7903,expanding,True,3.0,0.0,-3.026495498295679,True,True,"{'const': 0.0003904050740135415, 'ma.L1': -0.0831070460756004, 'ma.L2': -0.02248366157446875, 'sigma2': 0.00013764489211455863}"
SPY,"ARIMA(0,1,2)+drift",2024-06-26,532.8945922851562,2024-06-27,1,533.7346801757812,533.0198101742463,0.840087890625,0.125217889090095,1.0,1.0,True,1.0929905119626129,0.6540495948599396,1.1773048000177369,7908,expanding,True,3.0,0.0,-3.026795019291138,True,True,"{'const': 0.00038988904646615436, 'ma.L1': -0.08311204733223784, 'ma.L2': -0.022508991872866438, 'sigma2': 0.00013756247876049713}"
SPY,"ARIMA(0,1,2)+drift",2024-06-26,532.8945922851562,2024-07-03,5,538.7069091796875,533.839387192467,5.81231689453125,0.9447949073107793,1.0,1.0,True,1.0929905119626129,4.453398207894938,1.1773048000177369,7908,expanding,True,3.0,0.0,-3.026795019291138,True,True,"{'const': 0.00038988904646615436, 'ma.L1': -0.08311204733223784, 'ma.L2': -0.022508991872866438, 'sigma2': 0.00013756247876049713}"
SPY,"ARIMA(0,1,2)+drift",2024-06-26,532.8945922851562,2024-07-25,20,525.9586791992188,536.9706064228849,-6.9359130859375,4.0760141377286345,-1.0,1.0,False,1.0929905119626129,10.075043747536952,1.1773048000177369,7908,expanding,True,3.0,0.0,-3.026795019291138,True,True,"{'const': 0.00038988904646615436, 'ma.L1': -0.08311204733223784, 'ma.L2': -0.022508991872866438, 'sigma2': 0.00013756247876049713}"
SPY,"ARIMA(0,1,2)+drift",2024-07-03,538.7069091796875,2024-07-05,1,541.8134765625,538.6339844006238,3.1065673828125,-0.07292477906366912,1.0,-1.0,False,1.093565325645393,2.9074551719164266,1.2217364000389352,7913,expanding,True,3.0,0.0,-3.0270731150436685,True,True,"{'const': 0.0003909932049479439, 'ma.L1': -0.08308592229299287, 'ma.L2': -0.022528132668664255, 'sigma2': 0.0001374858658680232}"
SPY,"ARIMA(0,1,2)+drift",2024-07-03,538.7069091796875,2024-07-11,5,543.61083984375,539.4209305145829,4.9039306640625,0.7140213348953921,1.0,1.0,True,1.093565325645393,3.831421160591696,1.2217364000389352,7913,expanding,True,3.0,0.0,-3.0270731150436685,True,True,"{'const': 0.0003909932049479439, 'ma.L1': -0.08308592229299287, 'ma.L2': -0.022528132668664255, 'sigma2': 0.0001374858658680232}"
SPY,"ARIMA(0,1,2)+drift",2024-07-03,538.7069091796875,2024-08-01,20,530.452392578125,542.5938746932704,-8.2545166015625,3.886965513582936,-1.0,1.0,False,1.093565325645393,11.102658277848978,1.2217364000389352,7913,expanding,True,3.0,0.0,-3.0270731150436685,True,True,"{'const': 0.0003909932049479439, 'ma.L1': -0.08308592229299287, 'ma.L2': -0.022528132668664255, 'sigma2': 0.0001374858658680232}"
SPY,"ARIMA(0,1,2)+drift",2024-07-11,543.61083984375,2024-07-12,1,547.0397338867188,544.0796674930922,3.42889404296875,0.4688276493421881,1.0,1.0,True,1.0946885292406894,2.704026135799338,1.183824099949561,7918,expanding,True,3.0,0.0,-3.0272987446671142,True,True,"{'const': 0.00039194687181059117, 'ma.L1': -0.08311589276603565, 'ma.L2': -0.022474258190634172, 'sigma2': 0.00013742409512000473}"
SPY,"ARIMA(0,1,2)+drift",2024-07-11,543.61083984375,2024-07-18,5,539.879150390625,545.034254985233,-3.731689453125,1.4234151414830194,-1.0,1.0,False,1.0946885292406894,4.709197599963675,1.183824099949561,7918,expanding,True,3.0,0.0,-3.0272987446671142,True,True,"{'const': 0.00039194687181059117, 'ma.L1': -0.08311589276603565, 'ma.L2': -0.022474258190634172, 'sigma2': 0.00013742409512000473}"
SPY,"ARIMA(0,1,2)+drift",2024-07-11,543.61083984375,2024-08-08,20,518.3782348632812,548.2480601036702,-25.23260498046875,4.637220259920241,-1.0,1.0,False,1.0946885292406894,27.28614070808584,1.183824099949561,7918,expanding,True,3.0,0.0,-3.0272987446671142,True,True,"{'const': 0.00039194687181059117, 'ma.L1': -0.08311589276603565, 'ma.L2': -0.022474258190634172, 'sigma2': 0.00013742409512000473}"
SPY,"ARIMA(0,1,2)+drift",2024-07-18,539.879150390625,2024-07-19,1,536.2941284179688,540.6701232715805,-3.58502197265625,0.7909728809554508,-1.0,1.0,False,1.0965353559586957,3.99074670035221,1.3201079999562353,7923,expanding,True,3.0,0.0,-3.0274539890266245,True,True,"{'const': 0.0003908565617997629, 'ma.L1': -0.08308770900640426, 'ma.L2': -0.02250216690561338, 'sigma2': 0.00013738153231180762}"
SPY,"ARIMA(0,1,2)+drift",2024-07-18,539.879150390625,2024-07-25,5,525.9586791992188,541.6273934519306,-13.92047119140625,1.7482430613056295,-1.0,1.0,False,1.0965353559586957,14.289292331128527,1.3201079999562353,7923,expanding,True,3.0,0.0,-3.0274539890266245,True,True,"{'const': 0.0003908565617997629, 'ma.L1': -0.08308770900640426, 'ma.L2': -0.02250216690561338, 'sigma2': 0.00013738153231180762}"
SPY,"ARIMA(0,1,2)+drift",2024-07-18,539.879150390625,2024-08-15,20,540.2798461914062,544.812199659075,0.40069580078125,4.933049268449963,1.0,1.0,True,1.0965353559586957,4.1333400177562885,1.3201079999562353,7923,expanding,True,3.0,0.0,-3.0274539890266245,True,True,"{'const': 0.0003908565617997629, 'ma.L1': -0.08308770900640426, 'ma.L2': -0.02250216690561338, 'sigma2': 0.00013738153231180762}"
SPY,"ARIMA(0,1,2)+drift",2024-07-25,525.9586791992188,2024-07-26,1,531.8493041992188,526.7696548151371,5.890625,0.8109756159183235,1.0,1.0,True,1.0989948011398076,4.622086818621332,1.323694400023669,7928,expanding,True,3.0,0.0,-3.027427156383234,True,True,"{'const': 0.00038731443103062687, 'ma.L1': -0.08289478515692805, 'ma.L2': -0.0226521001060892, 'sigma2': 0.00013738899668318095}"
SPY,"ARIMA(0,1,2)+drift",2024-07-25,525.9586791992188,2024-08-01,5,530.452392578125,527.6768432501833,4.49371337890625,1.7181640509645604,1.0,1.0,True,1.0989948011398076,2.5255345385283587,1.323694400023669,7928,expanding,True,3.0,0.0,-3.027427156383234,True,True,"{'const': 0.00038731443103062687, 'ma.L1': -0.08289478515692805, 'ma.L2': -0.0226521001060892, 'sigma2': 0.00013738899668318095}"
SPY,"ARIMA(0,1,2)+drift",2024-07-25,525.9586791992188,2024-08-22,20,543.3568115234375,530.7514186525681,17.39813232421875,4.792739453349327,1.0,1.0,True,1.0989948011398076,11.469929482647151,1.323694400023669,7928,expanding,True,3.0,0.0,-3.027427156383234,True,True,"{'const': 0.00038731443103062687, 'ma.L1': -0.08289478515692805, 'ma.L2': -0.0226521001060892, 'sigma2': 0.00013738899668318095}"
SPY,"ARIMA(0,1,2)+drift",2024-08-01,530.452392578125,2024-08-02,1,520.5762329101562,531.0689351394351,-9.87615966796875,0.6165425613100979,-1.0,1.0,False,1.1014695977900166,9.526093366835868,2.337288099923171,7933,expanding,True,3.0,0.0,-3.027496112896211,True,True,"{'const': 0.0003881309162674062, 'ma.L1': -0.08322479951912648, 'ma.L2': -0.022806234503277397, 'sigma2': 0.0001373699573470304}"
SPY,"ARIMA(0,1,2)+drift",2024-08-01,530.452392578125,2024-08-08,5,518.3782348632812,532.0577755377627,-12.07415771484375,1.6053829596377227,-1.0,1.0,False,1.1014695977900166,12.419353835937041,2.337288099923171,7933,expanding,True,3.0,0.0,-3.027496112896211,True,True,"{'const': 0.0003881309162674062, 'ma.L1': -0.08322479951912648, 'ma.L2': -0.022806234503277397, 'sigma2': 0.0001373699573470304}"
SPY,"ARIMA(0,1,2)+drift",2024-08-01,530.452392578125,2024-08-29,20,545.4376831054688,535.1644312600826,14.98529052734375,4.7120386819575515,1.0,1.0,True,1.1014695977900166,9.326859194296786,2.337288099923171,7933,expanding,True,3.0,0.0,-3.027496112896211,True,True,"{'const': 0.0003881309162674062, 'ma.L1': -0.08322479951912648, 'ma.L2': -0.022806234503277397, 'sigma2': 0.0001373699573470304}"
SPY,"ARIMA(0,1,2)+drift",2024-08-08,518.3782348632812,2024-08-09,1,520.6640014648438,517.720156160772,2.2857666015625,-0.658078702509215,1.0,-1.0,False,1.1064225858054175,2.660688006408284,1.2785339000402018,7938,expanding,True,3.0,0.0,-3.0269007962605494,True,True,"{'const': 0.0003848471864999611, 'ma.L1': -0.08277933644919717, 'ma.L2': -0.022513992428163276, 'sigma2': 0.00013753265494334012}"
SPY,"ARIMA(0,1,2)+drift",2024-08-08,518.3782348632812,2024-08-15,5,540.2798461914062,518.2610932468028,21.901611328125,-0.11714161647842047,1.0,-1.0,False,1.1064225858054175,19.900852736637624,1.2785339000402018,7938,expanding,True,3.0,0.0,-3.0269007962605494,True,True,"{'const': 0.0003848471864999611, 'ma.L1': -0.08277933644919717, 'ma.L2': -0.022513992428163276, 'sigma2': 0.00013753265494334012}"
SPY,"ARIMA(0,1,2)+drift",2024-08-08,518.3782348632812,2024-09-06,20,527.8636474609375,521.261515047887,9.48541259765625,2.8832801846057237,1.0,1.0,True,1.1064225858054175,5.967098374302004,1.2785339000402018,7938,expanding,True,3.0,0.0,-3.0269007962605494,True,True,"{'const': 0.0003848471864999611, 'ma.L1': -0.08277933644919717, 'ma.L2': -0.022513992428163276, 'sigma2': 0.00013753265494334012}"
SPY,"ARIMA(0,1,2)+drift",2024-08-15,540.2798461914062,2024-08-16,1,541.4910888671875,539.6701442767214,1.21124267578125,-0.6097019146848197,1.0,-1.0,False,1.1084837163014007,1.6427346326221974,2.2387587999692187,7943,expanding,False,2.0,2.0,-3.0269361939277544,True,True,"{'const': 0.00038982567170763374, 'ma.L1': -0.0825027637170836, 'ma.L2': -0.02220431094916678, 'sigma2': 0.0001375230636783893}"
SPY,"ARIMA(0,1,2)+drift",2024-08-15,540.2798461914062,2024-08-22,5,543.3568115234375,540.3046804241503,3.07696533203125,0.024834232744069595,1.0,1.0,True,1.1084837163014007,2.7534288996783918,2.2387587999692187,7943,expanding,False,2.0,2.0,-3.0269361939277544,True,True,"{'const': 0.00038982567170763374, 'ma.L1': -0.0825027637170836, 'ma.L2': -0.02220431094916678, 'sigma2': 0.0001375230636783893}"
SPY,"ARIMA(0,1,2)+drift",2024-08-15,540.2798461914062,2024-09-13,20,549.0130004882812,543.4733050043479,8.733154296875,3.193458812941685,1.0,1.0,True,1.1084837163014007,4.997543403178916,2.2387587999692187,7943,expanding,False,2.0,2.0,-3.0269361939277544,True,True,"{'const': 0.00038982567170763374, 'ma.L1': -0.0825027637170836, 'ma.L2': -0.02220431094916678, 'sigma2': 0.0001375230636783893}"
SPY,"ARIMA(0,1,2)+drift",2024-08-22,543.3568115234375,2024-08-23,1,549.1302490234375,543.8913692553119,5.7734375,0.534557731874429,1.0,1.0,True,1.1094788958985238,4.7219282741586595,1.3665993999456987,7948,expanding,True,3.0,0.0,-3.02716709577432,True,True,"{'const': 0.00039041229739618616, 'ma.L1': -0.08245253444682751, 'ma.L2': -0.02199343948074359, 'sigma2': 0.00013746016055646217}"
SPY,"ARIMA(0,1,2)+drift",2024-08-22,543.3568115234375,2024-08-29,5,545.4376831054688,544.8376647140611,2.08087158203125,1.480853190623634,1.0,1.0,True,1.1094788958985238,0.5408110002143705,1.3665993999456987,7948,expanding,True,3.0,0.0,-3.02716709577432,True,True,"{'const': 0.00039041229739618616, 'ma.L1': -0.08245253444682751, 'ma.L2': -0.02199343948074359, 'sigma2': 0.00013746016055646217}"
SPY,"ARIMA(0,1,2)+drift",2024-08-22,543.3568115234375,2024-09-20,20,556.8113403320312,548.037695419554,13.45452880859375,4.680883896116484,1.0,1.0,True,1.1094788958985238,7.907897072140189,1.3665993999456987,7948,expanding,True,3.0,0.0,-3.02716709577432,True,True,"{'const': 0.00039041229739618616, 'ma.L1': -0.08245253444682751, 'ma.L2': -0.02199343948074359, 'sigma2': 0.00013746016055646217}"
SPY,"ARIMA(0,1,2)+drift",2024-08-29,545.4376831054688,2024-08-30,1,550.6444091796875,545.7601741998196,5.20672607421875,0.3224910943508803,1.0,1.0,True,1.1101731745529944,4.399525309944984,1.3799158999463543,7953,expanding,True,3.0,0.0,-3.0274191092833798,True,True,"{'const': 0.0003906227492580347, 'ma.L1': -0.08254395141660906, 'ma.L2': -0.02191476481189926, 'sigma2': 0.00013739076741013496}"
SPY,"ARIMA(0,1,2)+drift",2024-08-29,545.4376831054688,2024-09-06,5,527.8636474609375,546.6230330231848,-17.57403564453125,1.185349917716053,-1.0,1.0,False,1.1101731745529944,16.897711088903474,1.3799158999463543,7953,expanding,True,3.0,0.0,-3.0274191092833798,True,True,"{'const': 0.0003906227492580347, 'ma.L1': -0.08254395141660906, 'ma.L2': -0.02191476481189926, 'sigma2': 0.00013739076741013496}"
SPY,"ARIMA(0,1,2)+drift",2024-08-29,545.4376831054688,2024-09-27,20,559.9664916992188,549.83528555434,14.52880859375,4.3976024488712255,1.0,1.0,True,1.1101731745529944,9.125789000403522,1.3799158999463543,7953,expanding,True,3.0,0.0,-3.0274191092833798,True,True,"{'const': 0.0003906227492580347, 'ma.L1': -0.08254395141660906, 'ma.L2': -0.02191476481189926, 'sigma2': 0.00013739076741013496}"
SPY,"ARIMA(0,1,2)+drift",2024-09-06,527.8636474609375,2024-09-09,1,533.773681640625,528.8832397237934,5.9100341796875,1.0195922628558947,1.0,1.0,True,1.1129929083622447,4.393956044183453,2.3379942999454215,7958,expanding,False,2.0,2.0,-3.027348346892185,True,True,"{'const': 0.0003863338334687763, 'ma.L1': -0.08256312055403792, 'ma.L2': -0.021846641121729935, 'sigma2': 0.00013741059693349086}"
SPY,"ARIMA(0,1,2)+drift",2024-09-06,527.8636474609375,2024-09-13,5,549.0130004882812,529.9065291567167,21.14935302734375,2.042881695779215,1.0,1.0,True,1.1129929083622447,17.16675028925339,2.3379942999454215,7958,expanding,False,2.0,2.0,-3.027348346892185,True,True,"{'const': 0.0003863338334687763, 'ma.L1': -0.08256312055403792, 'ma.L2': -0.021846641121729935, 'sigma2': 0.00013741059693349086}"
SPY,"ARIMA(0,1,2)+drift",2024-09-06,527.8636474609375,2024-10-04,20,561.4459838867188,532.9862563710702,33.58233642578125,5.122608910132726,1.0,1.0,True,1.1129929083622447,25.570448204855733,2.3379942999454215,7958,expanding,False,2.0,2.0,-3.027348346892185,True,True,"{'const': 0.0003863338334687763, 'ma.L1': -0.08256312055403792, 'ma.L2': -0.021846641121729935, 'sigma2': 0.00013741059693349086}"
SPY,"ARIMA(0,1,2)+drift",2024-09-13,549.0130004882812,2024-09-16,1,549.8239135742188,548.8586503030216,0.8109130859375,-0.15435018525965916,1.0,-1.0,False,1.1149502543162175,0.8657455948912633,1.3779883000534028,7963,expanding,True,3.0,0.0,-3.02751404472007,True,True,"{'const': 0.0003909079440197764, 'ma.L1': -0.08251491319581948, 'ma.L2': -0.02178817526532574, 'sigma2': 0.0001373643836454783}"
SPY,"ARIMA(0,1,2)+drift",2024-09-13,549.0130004882812,2024-09-20,5,556.8113403320312,549.6482800497315,7.79833984375,0.6352795614502611,1.0,1.0,True,1.1149502543162175,6.424555942805482,1.3779883000534028,7963,expanding,True,3.0,0.0,-3.02751404472007,True,True,"{'const': 0.0003909079440197764, 'ma.L1': -0.08251491319581948, 'ma.L2': -0.02178817526532574, 'sigma2': 0.0001373643836454783}"
SPY,"ARIMA(0,1,2)+drift",2024-09-13,549.0130004882812,2024-10-11,20,567.9132690429688,552.8806757433617,18.9002685546875,3.867675255080485,1.0,1.0,True,1.1149502543162175,13.482747989349786,1.3779883000534028,7963,expanding,True,3.0,0.0,-3.02751404472007,True,True,"{'const': 0.0003909079440197764, 'ma.L1': -0.08251491319581948, 'ma.L2': -0.02178817526532574, 'sigma2': 0.0001373643836454783}"
SPY,"ARIMA(0,1,2)+drift",2024-09-20,556.8113403320312,2024-09-23,1,558.2027587890625,556.8719842202877,1.39141845703125,0.060643888256436185,1.0,1.0,True,1.115880937218382,1.1925775630616193,2.233084899955429,7968,expanding,False,2.0,2.0,-3.0277002742740824,True,True,"{'const': 0.00039245517429584186, 'ma.L1': -0.08256323338370525, 'ma.L2': -0.021760993012763512, 'sigma2': 0.0001373133598930007}"
SPY,"ARIMA(0,1,2)+drift",2024-09-20,556.8113403320312,2024-09-27,5,559.9664916992188,557.7571979273847,3.1551513671875,0.9458575953534591,1.0,1.0,True,1.115880937218382,1.9798651434455627,2.233084899955429,7968,expanding,False,2.0,2.0,-3.0277002742740824,True,True,"{'const': 0.00039245517429584186, 'ma.L1': -0.08256323338370525, 'ma.L2': -0.021760993012763512, 'sigma2': 0.0001373133598930007}"
SPY,"ARIMA(0,1,2)+drift",2024-09-20,556.8113403320312,2024-10-18,20,572.8223876953125,561.050301859745,16.01104736328125,4.238961527713741,1.0,1.0,True,1.115880937218382,10.549589515268929,2.233084899955429,7968,expanding,False,2.0,2.0,-3.0277002742740824,True,True,"{'const': 0.00039245517429584186, 'ma.L1': -0.08256323338370525, 'ma.L2': -0.021760993012763512, 'sigma2': 0.0001373133598930007}"
SPY,"ARIMA(0,1,2)+drift",2024-09-27,559.9664916992188,2024-09-30,1,562.2103881835938,560.2194041538827,2.243896484375,0.2529124546639423,1.0,1.0,True,1.116090602271831,1.7838910440230915,2.34313190006651,7973,expanding,False,2.0,2.0,-3.027999120479712,True,True,"{'const': 0.0003929329978029096, 'ma.L1': -0.08257607504878257, 'ma.L2': -0.02171982741585086, 'sigma2': 0.00013723136535540947}"
SPY,"ARIMA(0,1,2)+drift",2024-09-27,559.9664916992188,2024-10-04,5,561.4459838867188,561.120254186509,1.4794921875,1.153762487290237,1.0,1.0,True,1.116090602271831,0.29184879753196724,2.34313190006651,7973,expanding,False,2.0,2.0,-3.027999120479712,True,True,"{'const': 0.0003929329978029096, 'ma.L1': -0.08257607504878257, 'ma.L2': -0.02171982741585086, 'sigma2': 0.00013723136535540947}"
SPY,"ARIMA(0,1,2)+drift",2024-09-27,559.9664916992188,2024-10-25,20,567.384033203125,564.437259745127,7.41754150390625,4.470768045908244,1.0,1.0,True,1.116090602271831,2.6402636595987574,2.34313190006651,7973,expanding,False,2.0,2.0,-3.027999120479712,True,True,"{'const': 0.0003929329978029096, 'ma.L1': -0.08257607504878257, 'ma.L2': -0.02171982741585086, 'sigma2': 0.00013723136535540947}"
SPY,"ARIMA(0,1,2)+drift",2024-10-04,561.4459838867188,2024-10-07,1,556.370361328125,561.3054778117522,-5.07562255859375,-0.1405060749665381,-1.0,-1.0,True,1.1170948005132066,4.417813493859215,2.3485239000292495,7978,expanding,False,2.0,2.0,-3.028233204874994,True,True,"{'const': 0.0003929770027746119, 'ma.L1': -0.08262481266546112, 'ma.L2': -0.021677489593175486, 'sigma2': 0.0001371668916325382}"
SPY,"ARIMA(0,1,2)+drift",2024-10-04,561.4459838867188,2024-10-11,5,567.9132690429688,562.085709850539,6.46728515625,0.6397259638202968,1.0,1.0,True,1.1170948005132066,5.216709620125752,2.3485239000292495,7978,expanding,False,2.0,2.0,-3.028233204874994,True,True,"{'const': 0.0003929770027746119, 'ma.L1': -0.08262481266546112, 'ma.L2': -0.021677489593175486, 'sigma2': 0.0001371668916325382}"
SPY,"ARIMA(0,1,2)+drift",2024-10-04,561.4459838867188,2024-11-01,20,559.5452270507812,565.4087958143921,-1.9007568359375,3.9628119276733287,-1.0,1.0,False,1.1170948005132066,5.248944638285878,2.3485239000292495,7978,expanding,False,2.0,2.0,-3.028233204874994,True,True,"{'const': 0.0003929770027746119, 'ma.L1': -0.08262481266546112, 'ma.L2': -0.021677489593175486, 'sigma2': 0.0001371668916325382}"
SPY,"ARIMA(0,1,2)+drift",2024-10-11,567.9132690429688,2024-10-14,1,572.557861328125,567.8903752426656,4.64459228515625,-0.022893800303108947,1.0,-1.0,False,1.118725021809631,4.172147752545404,2.300445100059733,7983,expanding,True,3.0,0.0,-3.028440248815064,True,True,"{'const': 0.0003941768375352772, 'ma.L1': -0.08272146658228184, 'ma.L2': -0.02161324716753984, 'sigma2': 0.0001371101465899483}"
SPY,"ARIMA(0,1,2)+drift",2024-10-11,567.9132690429688,2024-10-18,5,572.8223876953125,568.71747335496,4.90911865234375,0.8042043119912705,1.0,1.0,True,1.118725021809631,3.6692790992664475,2.300445100059733,7983,expanding,True,3.0,0.0,-3.028440248815064,True,True,"{'const': 0.0003941768375352772, 'ma.L1': -0.08272146658228184, 'ma.L2': -0.02161324716753984, 'sigma2': 0.0001371101465899483}"
SPY,"ARIMA(0,1,2)+drift",2024-10-11,567.9132690429688,2024-11-08,20,586.148681640625,572.0900628310164,18.23541259765625,4.176793788047689,1.0,1.0,True,1.118725021809631,12.566643755645666,2.300445100059733,7983,expanding,True,3.0,0.0,-3.028440248815064,True,True,"{'const': 0.0003941768375352772, 'ma.L1': -0.08272146658228184, 'ma.L2': -0.02161324716753984, 'sigma2': 0.0001371101465899483}"
SPY,"ARIMA(0,1,2)+drift",2024-10-18,572.8223876953125,2024-10-21,1,571.8817749023438,572.884723001611,-0.94061279296875,0.06233530629845063,-1.0,1.0,False,1.1197532662405636,0.8956866923322115,2.3557952999835834,7988,expanding,True,3.0,0.0,-3.0286865070527016,True,True,"{'const': 0.0003950154433651086, 'ma.L1': -0.08275948368842523, 'ma.L2': -0.02161459496577641, 'sigma2': 0.0001370426584611936}"
SPY,"ARIMA(0,1,2)+drift",2024-10-18,572.8223876953125,2024-10-25,5,567.384033203125,573.7471653654975,-5.4383544921875,0.9247776701849943,-1.0,1.0,False,1.1197532662405636,5.68261987190798,2.3557952999835834,7988,expanding,True,3.0,0.0,-3.0286865070527016,True,True,"{'const': 0.0003950154433651086, 'ma.L1': -0.08275948368842523, 'ma.L2': -0.02161459496577641, 'sigma2': 0.0001370426584611936}"
SPY,"ARIMA(0,1,2)+drift",2024-10-18,572.8223876953125,2024-11-15,20,573.9590454101562,577.1568418148238,1.13665771484375,4.3344541195112924,1.0,1.0,True,1.1197532662405636,2.855804489326258,2.3557952999835834,7988,expanding,True,3.0,0.0,-3.0286865070527016,True,True,"{'const': 0.0003950154433651086, 'ma.L1': -0.08275948368842523, 'ma.L2': -0.02161459496577641, 'sigma2': 0.0001370426584611936}"
SPY,"ARIMA(0,1,2)+drift",2024-10-25,567.384033203125,2024-10-28,1,569.13818359375,567.6367237680007,1.754150390625,0.2526905648757065,1.0,1.0,True,1.1200397145879402,1.3405415952609117,1.3486446000169963,7993,expanding,True,3.0,0.0,-3.028953857176198,True,True,"{'const': 0.00039359323647637307, 'ma.L1': -0.08276502070334302, 'ma.L2': -0.021593346182593662, 'sigma2': 0.000136969454262156}"
SPY,"ARIMA(0,1,2)+drift",2024-10-25,567.384033203125,2024-11-01,5,559.5452270507812,568.5417840561071,-7.83880615234375,1.1577508529820761,-1.0,1.0,False,1.1200397145879402,8.032355360395089,1.3486446000169963,7993,expanding,True,3.0,0.0,-3.028953857176198,True,True,"{'const': 0.00039359323647637307, 'ma.L1': -0.08276502070334302, 'ma.L2': -0.021593346182593662, 'sigma2': 0.000136969454262156}"
SPY,"ARIMA(0,1,2)+drift",2024-10-25,567.384033203125,2024-11-22,20,583.5225830078125,571.9083251488419,16.1385498046875,4.524291945716868,1.0,1.0,True,1.1200397145879402,10.369505391372206,1.3486446000169963,7993,expanding,True,3.0,0.0,-3.028953857176198,True,True,"{'const': 0.00039359323647637307, 'ma.L1': -0.08276502070334302, 'ma.L2': -0.021593346182593662, 'sigma2': 0.000136969454262156}"
SPY,"ARIMA(0,1,2)+drift",2024-11-01,559.5452270507812,2024-11-04,1,558.3399047851562,559.9163675729334,-1.205322265625,0.3711405221521318,-1.0,1.0,False,1.121576846085654,1.405577150847084,2.3690347999799997,7998,expanding,False,2.0,2.0,-3.029065114324311,True,True,"{'const': 0.0003916137662054896, 'ma.L1': -0.08274768840505398, 'ma.L2': -0.021632400029633896, 'sigma2': 0.00013693897964304133}"
SPY,"ARIMA(0,1,2)+drift",2024-11-01,559.5452270507812,2024-11-08,5,586.148681640625,560.769152717787,26.60345458984375,1.2239256670058012,1.0,1.0,True,1.121576846085654,22.628435145940713,2.3690347999799997,7998,expanding,False,2.0,2.0,-3.029065114324311,True,True,"{'const': 0.0003916137662054896, 'ma.L1': -0.08274768840505398, 'ma.L2': -0.021632400029633896, 'sigma2': 0.00013693897964304133}"
SPY,"ARIMA(0,1,2)+drift",2024-11-01,559.5452270507812,2024-12-02,20,591.4791870117188,564.0729205228865,31.9339599609375,4.527693472105284,1.0,1.0,True,1.121576846085654,24.43547812571304,2.3690347999799997,7998,expanding,False,2.0,2.0,-3.029065114324311,True,True,"{'const': 0.0003916137662054896, 'ma.L1': -0.08274768840505398, 'ma.L2': -0.021632400029633896, 'sigma2': 0.00013693897964304133}"
SPY,"ARIMA(0,1,2)+drift",2024-11-08,586.148681640625,2024-11-11,1,586.7072143554688,586.0072799033695,0.55853271484375,-0.1414017372554781,1.0,-1.0,False,1.1245018916855871,0.6224395505907527,1.1859783000545576,8003,expanding,True,3.0,0.0,-3.0289732488837693,True,True,"{'const': 0.00039713406922277166, 'ma.L1': -0.0822729896244227, 'ma.L2': -0.02145364792464304, 'sigma2': 0.00013696378224667364}"
SPY,"ARIMA(0,1,2)+drift",2024-11-08,586.148681640625,2024-11-15,5,573.9590454101562,586.8727670936757,-12.18963623046875,0.7240854530507477,-1.0,1.0,False,1.1245018916855871,11.483948385504538,1.1859783000545576,8003,expanding,True,3.0,0.0,-3.0289732488837693,True,True,"{'const': 0.00039713406922277166, 'ma.L1': -0.0822729896244227, 'ma.L2': -0.02145364792464304, 'sigma2': 0.00013696378224667364}"
SPY,"ARIMA(0,1,2)+drift",2024-11-08,586.148681640625,2024-12-09,20,592.508056640625,590.3792082305145,6.359375,4.23052658988945,1.0,1.0,True,1.1245018916855871,1.8931479136237679,1.1859783000545576,8003,expanding,True,3.0,0.0,-3.0289732488837693,True,True,"{'const': 0.00039713406922277166, 'ma.L1': -0.0822729896244227, 'ma.L2': -0.02145364792464304, 'sigma2': 0.00013696378224667364}"
SPY,"ARIMA(0,1,2)+drift",2024-11-15,573.9590454101562,2024-11-18,1,576.310791015625,574.9252249096215,2.35174560546875,0.9661794994652837,1.0,1.0,True,1.1255325130626062,1.2310316138565391,1.2890535000478849,8008,expanding,True,3.0,0.0,-3.0291704120185714,True,True,"{'const': 0.0003943623495746568, 'ma.L1': -0.08218555861777549, 'ma.L2': -0.02144977634134879, 'sigma2': 0.00013691020299204208}"
SPY,"ARIMA(0,1,2)+drift",2024-11-15,573.9590454101562,2024-11-22,5,583.5225830078125,576.0040542011866,9.56353759765625,2.045008791030341,1.0,1.0,True,1.1255325130626062,6.67997478470682,1.2890535000478849,8008,expanding,True,3.0,0.0,-3.0291704120185714,True,True,"{'const': 0.0003943623495746568, 'ma.L1': -0.08218555861777549, 'ma.L2': -0.02144977634134879, 'sigma2': 0.00013691020299204208}"
SPY,"ARIMA(0,1,2)+drift",2024-11-15,573.9590454101562,2024-12-16,20,594.575439453125,579.4214666596502,20.61639404296875,5.4624212494939,1.0,1.0,True,1.1255325130626062,13.46382500514397,1.2890535000478849,8008,expanding,True,3.0,0.0,-3.0291704120185714,True,True,"{'const': 0.0003943623495746568, 'ma.L1': -0.08218555861777549, 'ma.L2': -0.02144977634134879, 'sigma2': 0.00013691020299204208}"
SPY,"ARIMA(0,1,2)+drift",2024-11-22,583.5225830078125,2024-11-25,1,585.501953125,583.540842422826,1.9793701171875,0.018259415013517355,1.0,1.0,True,1.1260237605703873,1.7416246182767778,1.2395512000657618,8013,expanding,True,3.0,0.0,-3.029459308484595,True,True,"{'const': 0.0003960919087083384, 'ma.L1': -0.08219604031904074, 'ma.L2': -0.02149160505872557, 'sigma2': 0.0001368306526104847}"
SPY,"ARIMA(0,1,2)+drift",2024-11-22,583.5225830078125,2024-12-02,5,591.4791870117188,584.426945916792,7.95660400390625,0.9043629089794649,1.0,1.0,True,1.1260237605703873,6.262959399146668,1.2395512000657618,8013,expanding,True,3.0,0.0,-3.029459308484595,True,True,"{'const': 0.0003960919087083384, 'ma.L1': -0.08219604031904074, 'ma.L2': -0.02149160505872557, 'sigma2': 0.0001368306526104847}"
SPY,"ARIMA(0,1,2)+drift",2024-11-22,583.5225830078125,2024-12-23,20,584.680419921875,587.9095832732608,1.1578369140625,4.3870002654482505,1.0,1.0,True,1.1260237605703873,2.867757736968195,1.2395512000657618,8013,expanding,True,3.0,0.0,-3.029459308484595,True,True,"{'const': 0.0003960919087083384, 'ma.L1': -0.08219604031904074, 'ma.L2': -0.02149160505872557, 'sigma2': 0.0001368306526104847}"
SPY,"ARIMA(0,1,2)+drift",2024-12-02,591.4791870117188,2024-12-03,1,591.7535400390625,591.5551687616771,0.27435302734375,0.07598174995837326,1.0,1.0,True,1.1267588709274168,0.17605477312293144,1.1877365000545979,8018,expanding,True,3.0,0.0,-3.0297339653549407,True,True,"{'const': 0.00039753893606289854, 'ma.L1': -0.08218757529398066, 'ma.L2': -0.021446943187800487, 'sigma2': 0.0001367555297407537}"
SPY,"ARIMA(0,1,2)+drift",2024-12-02,591.4791870117188,2024-12-09,5,592.508056640625,592.4737608970843,1.02886962890625,0.9945738853655257,1.0,1.0,True,1.1267588709274168,0.03043751811112525,1.1877365000545979,8018,expanding,True,3.0,0.0,-3.0297339653549407,True,True,"{'const': 0.00039753893606289854, 'ma.L1': -0.08218757529398066, 'ma.L2': -0.021446943187800487, 'sigma2': 0.0001367555297407537}"
SPY,"ARIMA(0,1,2)+drift",2024-12-02,591.4791870117188,2024-12-31,20,576.2152099609375,596.0172863953812,-15.26397705078125,4.538099383662484,-1.0,1.0,False,1.1267588709274168,17.57436923318382,1.1877365000545979,8018,expanding,True,3.0,0.0,-3.0297339653549407,True,True,"{'const': 0.00039753893606289854, 'ma.L1': -0.08218757529398066, 'ma.L2': -0.021446943187800487, 'sigma2': 0.0001367555297407537}"
SPY,"ARIMA(0,1,2)+drift",2024-12-09,592.508056640625,2024-12-10,1,590.665771484375,592.991309492635,-1.84228515625,0.4832528520099686,-1.0,1.0,False,1.1271937628750552,2.0631217851386787,2.249652700033039,8023,expanding,False,2.0,2.0,-3.030014213434979,True,True,"{'const': 0.00039754373425614675, 'ma.L1': -0.08220287685014072, 'ma.L2': -0.02141960081507784, 'sigma2': 0.00013667904629113256}"
SPY,"ARIMA(0,1,2)+drift",2024-12-09,592.508056640625,2024-12-16,5,594.575439453125,594.0046241441445,2.0673828125,1.4965675035194863,1.0,1.0,True,1.1271937628750552,0.5064038923747897,2.249652700033039,8023,expanding,False,2.0,2.0,-3.030014213434979,True,True,"{'const': 0.00039754373425614675, 'ma.L1': -0.08220287685014072, 'ma.L2': -0.02141960081507784, 'sigma2': 0.00013667904629113256}"
SPY,"ARIMA(0,1,2)+drift",2024-12-09,592.508056640625,2025-01-08,20,579.56787109375,597.5573485882544,-12.940185546875,5.049291947629399,-1.0,1.0,False,1.1271937628750552,15.959525404594045,2.249652700033039,8023,expanding,False,2.0,2.0,-3.030014213434979,True,True,"{'const': 0.00039754373425614675, 'ma.L1': -0.08220287685014072, 'ma.L2': -0.02141960081507784, 'sigma2': 0.00013667904629113256}"
SPY,"ARIMA(0,1,2)+drift",2024-12-16,594.575439453125,2024-12-17,1,592.1259155273438,594.6428977069877,-2.44952392578125,0.06745825386269644,-1.0,1.0,False,1.1280016919900344,2.2313638335093766,1.3831365999067202,8028,expanding,True,3.0,0.0,-3.030278925882178,True,True,"{'const': 0.0003976906222843396, 'ma.L1': -0.08223778006515962, 'ma.L2': -0.0214623399602487, 'sigma2': 0.00013660648951636348}"
SPY,"ARIMA(0,1,2)+drift",2024-12-16,594.575439453125,2024-12-23,5,584.680419921875,595.542513587299,-9.89501953125,0.9670741341740268,-1.0,1.0,False,1.1280016919900344,9.629501216670151,1.3831365999067202,8028,expanding,True,3.0,0.0,-3.030278925882178,True,True,"{'const': 0.0003976906222843396, 'ma.L1': -0.08223778006515962, 'ma.L2': -0.0214623399602487, 'sigma2': 0.00013660648951636348}"
SPY,"ARIMA(0,1,2)+drift",2024-12-16,594.575439453125,2025-01-16,20,581.6817016601562,599.1057561240978,-12.89373779296875,4.530316670972752,-1.0,1.0,False,1.1280016919900344,15.446833624160414,1.3831365999067202,8028,expanding,True,3.0,0.0,-3.030278925882178,True,True,"{'const': 0.0003976906222843396, 'ma.L1': -0.08223778006515962, 'ma.L2': -0.0214623399602487, 'sigma2': 0.00013660648951636348}"
SPY,"ARIMA(0,1,2)+drift",2024-12-23,584.680419921875,2024-12-24,1,591.1790161132812,584.4704714877744,6.49859619140625,-0.20994843410062458,1.0,-1.0,False,1.1311157167670263,5.930909212968367,1.1914492000360042,8033,expanding,True,3.0,0.0,-3.0300717362091407,True,True,"{'const': 0.00039532972317567986, 'ma.L1': -0.08201506569514946, 'ma.L2': -0.021894695960596913, 'sigma2': 0.0001366629477981069}"
SPY,"ARIMA(0,1,2)+drift",2024-12-23,584.680419921875,2024-12-31,5,576.2152099609375,585.3137842809721,-8.4652099609375,0.6333643590970723,-1.0,1.0,False,1.1311157167670263,8.043893463031589,1.1914492000360042,8033,expanding,True,3.0,0.0,-3.0300717362091407,True,True,"{'const': 0.00039532972317567986, 'ma.L1': -0.08201506569514946, 'ma.L2': -0.021894695960596913, 'sigma2': 0.0001366629477981069}"
SPY,"ARIMA(0,1,2)+drift",2024-12-23,584.680419921875,2025-01-24,20,597.7367553710938,588.7949747600288,13.05633544921875,4.114554838153822,1.0,1.0,True,1.1311157167670263,7.90527483485286,1.1914492000360042,8033,expanding,True,3.0,0.0,-3.0300717362091407,True,True,"{'const': 0.00039532972317567986, 'ma.L1': -0.08201506569514946, 'ma.L2': -0.021894695960596913, 'sigma2': 0.0001366629477981069}"
SPY,"ARIMA(0,1,2)+drift",2024-12-31,576.2152099609375,2025-01-02,1,574.799560546875,576.8530275373485,-1.4156494140625,0.6378175764109528,-1.0,1.0,False,1.1330923156624368,1.8122680403784572,2.337043800042011,8038,expanding,True,3.0,0.0,-3.030184924713624,True,True,"{'const': 0.0003933459478462482, 'ma.L1': -0.08178614099229142, 'ma.L2': -0.02188137122109816, 'sigma2': 0.0001366321828538746}"
SPY,"ARIMA(0,1,2)+drift",2024-12-31,576.2152099609375,2025-01-08,5,579.56787109375,577.8285167367387,3.3526611328125,1.6133067758012203,1.0,1.0,True,1.1330923156624368,1.535050880646389,2.337043800042011,8038,expanding,True,3.0,0.0,-3.030184924713624,True,True,"{'const': 0.0003933459478462482, 'ma.L1': -0.08178614099229142, 'ma.L2': -0.02188137122109816, 'sigma2': 0.0001366321828538746}"
SPY,"ARIMA(0,1,2)+drift",2024-12-31,576.2152099609375,2025-01-31,20,591.6902465820312,581.2478918813766,15.47503662109375,5.032681920439131,1.0,1.0,True,1.1330923156624368,9.215802239864042,2.337043800042011,8038,expanding,True,3.0,0.0,-3.030184924713624,True,True,"{'const': 0.0003933459478462482, 'ma.L1': -0.08178614099229142, 'ma.L2': -0.02188137122109816, 'sigma2': 0.0001366321828538746}"
SPY,"ARIMA(0,1,2)+drift",2025-01-08,579.56787109375,2025-01-10,1,570.7192993164062,579.9222538805582,-8.84857177734375,0.3543827868081735,-1.0,1.0,False,1.1348023252148027,8.109742427968614,1.2524534999392927,8043,expanding,True,3.0,0.0,-3.030355890524095,True,True,"{'const': 0.000393795982027993, 'ma.L1': -0.08181204052272636, 'ma.L2': -0.022035178456517222, 'sigma2': 0.0001365852793358474}"
SPY,"ARIMA(0,1,2)+drift",2025-01-08,579.56787109375,2025-01-16,5,581.6817016601562,580.8325712552061,2.11383056640625,1.2647001614560622,1.0,1.0,True,1.1348023252148027,0.7482628349298269,1.2524534999392927,8043,expanding,True,3.0,0.0,-3.030355890524095,True,True,"{'const': 0.000393795982027993, 'ma.L1': -0.08181204052272636, 'ma.L2': -0.022035178456517222, 'sigma2': 0.0001365852793358474}"
SPY,"ARIMA(0,1,2)+drift",2025-01-08,579.56787109375,2025-02-07,20,590.6580200195312,584.2736674153505,11.09014892578125,4.705796321600474,1.0,1.0,True,1.1348023252148027,5.625960101000238,1.2524534999392927,8043,expanding,True,3.0,0.0,-3.030355890524095,True,True,"{'const': 0.000393795982027993, 'ma.L1': -0.08181204052272636, 'ma.L2': -0.022035178456517222, 'sigma2': 0.0001365852793358474}"
SPY,"ARIMA(0,1,2)+drift",2025-01-16,581.6817016601562,2025-01-17,1,587.5218505859375,581.7266237026762,5.84014892578125,0.044922042519942806,1.0,1.0,True,1.1368377001015642,5.097673029970387,1.3426662000129,8048,expanding,True,3.0,0.0,-3.030407383561597,True,True,"{'const': 0.0003939832058735591, 'ma.L1': -0.08183271079721116, 'ma.L2': -0.021890522736107327, 'sigma2': 0.0001365709713965001}"
SPY,"ARIMA(0,1,2)+drift",2025-01-16,581.6817016601562,2025-01-24,5,597.7367553710938,582.6550606459899,16.0550537109375,0.97335898583367,1.0,1.0,True,1.1368377001015642,13.266356951178206,1.3426662000129,8048,expanding,True,3.0,0.0,-3.030407383561597,True,True,"{'const': 0.0003939832058735591, 'ma.L1': -0.08183271079721116, 'ma.L2': -0.021890522736107327, 'sigma2': 0.0001365709713965001}"
SPY,"ARIMA(0,1,2)+drift",2025-01-16,581.6817016601562,2025-02-14,20,599.4376831054688,586.1085999991934,17.7559814453125,4.426898339037166,1.0,1.0,True,1.1368377001015642,11.724701868247793,1.3426662000129,8048,expanding,True,3.0,0.0,-3.030407383561597,True,True,"{'const': 0.0003939832058735591, 'ma.L1': -0.08183271079721116, 'ma.L2': -0.021890522736107327, 'sigma2': 0.0001365709713965001}"
SPY,"ARIMA(0,1,2)+drift",2025-01-24,597.7367553710938,2025-01-27,1,589.2816162109375,598.0323021460259,-8.45513916015625,0.29554677493217696,-1.0,1.0,False,1.1385603912778004,7.685745966683047,1.3016431999858469,8053,expanding,True,3.0,0.0,-3.0305962486318934,True,True,"{'const': 0.0003971389518413156, 'ma.L1': -0.0816754322628392, 'ma.L2': -0.021650634654527275, 'sigma2': 0.00013651952626431895}"
SPY,"ARIMA(0,1,2)+drift",2025-01-24,597.7367553710938,2025-01-31,5,591.6902465820312,599.0182911302948,-6.0465087890625,1.281535759201006,-1.0,1.0,False,1.1385603912778004,6.436237027391476,1.3016431999858469,8053,expanding,True,3.0,0.0,-3.0305962486318934,True,True,"{'const': 0.0003971389518413156, 'ma.L1': -0.0816754322628392, 'ma.L2': -0.021650634654527275, 'sigma2': 0.00013651952626431895}"
SPY,"ARIMA(0,1,2)+drift",2025-01-24,597.7367553710938,2025-02-24,20,587.157958984375,602.5973433481396,-10.57879638671875,4.860587977045839,-1.0,1.0,False,1.1385603912778004,13.560443944863607,1.3016431999858469,8053,expanding,True,3.0,0.0,-3.0305962486318934,True,True,"{'const': 0.0003971389518413156, 'ma.L1': -0.0816754322628392, 'ma.L2': -0.021650634654527275, 'sigma2': 0.00013651952626431895}"
SPY,"ARIMA(0,1,2)+drift",2025-01-31,591.6902465820312,2025-02-03,1,587.70849609375,592.1276402808869,-3.98175048828125,0.43739369885565793,-1.0,1.0,False,1.1406494430384804,3.874235168488857,2.2896352999377996,8058,expanding,False,2.0,2.0,-3.0307526428415055,True,True,"{'const': 0.0003956435383793672, 'ma.L1': -0.08180953196492102, 'ma.L2': -0.021622499761196512, 'sigma2': 0.0001364768229289107}"
SPY,"ARIMA(0,1,2)+drift",2025-01-31,591.6902465820312,2025-02-07,5,590.6580200195312,593.135304401263,-1.0322265625,1.4450578192318062,-1.0,1.0,False,1.1406494430384804,2.171819218297934,2.2896352999377996,8058,expanding,False,2.0,2.0,-3.0307526428415055,True,True,"{'const': 0.0003956435383793672, 'ma.L1': -0.08180953196492102, 'ma.L2': -0.021622499761196512, 'sigma2': 0.0001364768229289107}"
SPY,"ARIMA(0,1,2)+drift",2025-01-31,591.6902465820312,2025-03-03,20,573.9441528320312,596.6658224977725,-17.74609375,4.975575915741274,-1.0,1.0,False,1.1406494430384804,19.919941051489864,2.2896352999377996,8058,expanding,False,2.0,2.0,-3.0307526428415055,True,True,"{'const': 0.0003956435383793672, 'ma.L1': -0.08180953196492102, 'ma.L2': -0.021622499761196512, 'sigma2': 0.0001364768229289107}"
SPY,"ARIMA(0,1,2)+drift",2025-02-07,590.6580200195312,2025-02-10,1,594.6693115234375,591.292014240735,4.01129150390625,0.6339942212038068,1.0,1.0,True,1.142155426070815,2.956950696562244,1.4068542999448255,8063,expanding,True,3.0,0.0,-3.0309719731832803,True,True,"{'const': 0.0003951983800912006, 'ma.L1': -0.08180476364302233, 'ma.L2': -0.02172964180708289, 'sigma2': 0.0001364170400137946}"
SPY,"ARIMA(0,1,2)+drift",2025-02-07,590.6580200195312,2025-02-14,5,599.4376831054688,592.3460949498541,8.7796630859375,1.6880749303228413,1.0,1.0,True,1.142155426070815,6.208951946243235,1.4068542999448255,8063,expanding,True,3.0,0.0,-3.0309719731832803,True,True,"{'const': 0.0003951983800912006, 'ma.L1': -0.08180476364302233, 'ma.L2': -0.02172964180708289, 'sigma2': 0.0001364170400137946}"
SPY,"ARIMA(0,1,2)+drift",2025-02-07,590.6580200195312,2025-03-10,20,551.14453125,595.8679365899669,-39.51348876953125,5.2099165704356665,-1.0,1.0,False,1.142155426070815,39.15702216976029,1.4068542999448255,8063,expanding,True,3.0,0.0,-3.0309719731832803,True,True,"{'const': 0.0003951983800912006, 'ma.L1': -0.08180476364302233, 'ma.L2': -0.02172964180708289, 'sigma2': 0.0001364170400137946}"
SPY,"ARIMA(0,1,2)+drift",2025-02-14,599.4376831054688,2025-02-18,1,601.1975708007812,599.5334455103996,1.7598876953125,0.09576240493083787,1.0,1.0,True,1.1430185180149575,1.4559040506812555,1.3245665999129415,8068,expanding,True,3.0,0.0,-3.0312175984547873,True,True,"{'const': 0.0003967339623722426, 'ma.L1': -0.0818787943671523, 'ma.L2': -0.021724251448778306, 'sigma2': 0.00013634978210013795}"
SPY,"ARIMA(0,1,2)+drift",2025-02-14,599.4376831054688,2025-02-24,5,587.157958984375,600.4819106034433,-12.27972412109375,1.044227497974589,-1.0,1.0,False,1.1430185180149575,11.656811686837415,1.3245665999129415,8068,expanding,True,3.0,0.0,-3.0312175984547873,True,True,"{'const': 0.0003967339623722426, 'ma.L1': -0.0818787943671523, 'ma.L2': -0.021724251448778306, 'sigma2': 0.00013634978210013795}"
SPY,"ARIMA(0,1,2)+drift",2025-02-14,599.4376831054688,2025-03-17,20,557.6039428710938,604.066038130202,-41.833740234375,4.628355024733196,-1.0,1.0,False,1.1430185180149575,40.6485936376581,1.3245665999129415,8068,expanding,True,3.0,0.0,-3.0312175984547873,True,True,"{'const': 0.0003967339623722426, 'ma.L1': -0.0818787943671523, 'ma.L2': -0.021724251448778306, 'sigma2': 0.00013634978210013795}"
SPY,"ARIMA(0,1,2)+drift",2025-02-24,587.157958984375,2025-02-25,1,584.2379150390625,587.9314979885594,-2.9200439453125,0.7735390041843857,-1.0,1.0,False,1.144618610915155,3.2269114919805135,2.4626231000293046,8073,expanding,False,2.0,2.0,-3.0313474614522464,True,True,"{'const': 0.00039398007414433536, 'ma.L1': -0.08170968357202811, 'ma.L2': -0.021736312832464008, 'sigma2': 0.00013631458016734934}"
SPY,"ARIMA(0,1,2)+drift",2025-02-24,587.157958984375,2025-03-03,5,573.9441528320312,588.9421631860504,-13.21380615234375,1.7842042016753794,-1.0,1.0,False,1.144618610915155,13.103063510410507,2.4626231000293046,8073,expanding,False,2.0,2.0,-3.0313474614522464,True,True,"{'const': 0.00039398007414433536, 'ma.L1': -0.08170968357202811, 'ma.L2': -0.021736312832464008, 'sigma2': 0.00013631458016734934}"
SPY,"ARIMA(0,1,2)+drift",2025-02-24,587.157958984375,2025-03-24,20,566.1151733398438,592.4329399068835,-21.04278564453125,5.274980922508462,-1.0,1.0,False,1.144618610915155,22.992607595291425,2.4626231000293046,8073,expanding,False,2.0,2.0,-3.0313474614522464,True,True,"{'const': 0.00039398007414433536, 'ma.L1': -0.08170968357202811, 'ma.L2': -0.021736312832464008, 'sigma2': 0.00013631458016734934}"
SPY,"ARIMA(0,1,2)+drift",2025-03-03,573.9441528320312,2025-03-04,1,567.1505126953125,574.8167750921792,-6.79364013671875,0.8726222601479776,-1.0,1.0,False,1.1478417526307463,6.678849570767372,2.4411333999596536,8078,expanding,False,2.0,2.0,-3.031290960386698,True,True,"{'const': 0.0003909348855941344, 'ma.L1': -0.08207533026533104, 'ma.L2': -0.02122506180219381, 'sigma2': 0.00013633012264324286}"
SPY,"ARIMA(0,1,2)+drift",2025-03-03,573.9441528320312,2025-03-10,5,551.14453125,575.9277070433483,-22.79962158203125,1.9835542113170277,-1.0,1.0,False,1.1478417526307463,21.591108475142633,2.4411333999596536,8078,expanding,False,2.0,2.0,-3.031290960386698,True,True,"{'const': 0.0003909348855941344, 'ma.L1': -0.08207533026533104, 'ma.L2': -0.02122506180219381, 'sigma2': 0.00013633012264324286}"
SPY,"ARIMA(0,1,2)+drift",2025-03-03,573.9441528320312,2025-03-31,20,551.6289672851562,579.3148820577147,-22.315185546875,5.370729225683476,-1.0,1.0,False,1.1478417526307463,24.119975344253632,2.4411333999596536,8078,expanding,False,2.0,2.0,-3.031290960386698,True,True,"{'const': 0.0003909348855941344, 'ma.L1': -0.08207533026533104, 'ma.L2': -0.02122506180219381, 'sigma2': 0.00013633012264324286}"
SPY,"ARIMA(0,1,2)+drift",2025-03-10,551.14453125,2025-03-11,1,546.5629272460938,552.557509817563,-4.58160400390625,1.4129785675629591,-1.0,1.0,False,1.1522420823234818,5.202537438470576,1.2163585000671446,8083,expanding,True,3.0,0.0,-3.0309895370841557,True,True,"{'const': 0.0003857270980244818, 'ma.L1': -0.08225190158435361, 'ma.L2': -0.02081522118590726, 'sigma2': 0.00013641271892367925}"
SPY,"ARIMA(0,1,2)+drift",2025-03-10,551.14453125,2025-03-17,5,557.6039428710938,553.7267975141593,6.45941162109375,2.5822662641593297,1.0,1.0,True,1.1522420823234818,3.3648704698549152,1.2163585000671446,8083,expanding,True,3.0,0.0,-3.0309895370841557,True,True,"{'const': 0.0003857270980244818, 'ma.L1': -0.08225190158435361, 'ma.L2': -0.02081522118590726, 'sigma2': 0.00013641271892367925}"
SPY,"ARIMA(0,1,2)+drift",2025-03-10,551.14453125,2025-04-07,20,497.3821716308594,556.9398953528417,-53.762359619140625,5.795364102841745,-1.0,1.0,False,1.1522420823234818,51.68855107416747,1.2163585000671446,8083,expanding,True,3.0,0.0,-3.0309895370841557,True,True,"{'const': 0.0003857270980244818, 'ma.L1': -0.08225190158435361, 'ma.L2': -0.02081522118590726, 'sigma2': 0.00013641271892367925}"
SPY,"ARIMA(0,1,2)+drift",2025-03-17,557.6039428710938,2025-03-18,1,551.5770263671875,557.2060180833508,-6.02691650390625,-0.39792478774290885,-1.0,-1.0,True,1.1552729591887565,4.8724344072902666,1.207811199943535,8088,expanding,True,3.0,0.0,-3.030956843151578,True,True,"{'const': 0.0003867588565860728, 'ma.L1': -0.08214898228813476, 'ma.L2': -0.020879582113708606, 'sigma2': 0.00013642076312000192}"
SPY,"ARIMA(0,1,2)+drift",2025-03-17,557.6039428710938,2025-03-24,5,566.1151733398438,557.9688653278643,8.51123046875,0.3649224567705005,1.0,1.0,True,1.1552729591887565,7.051414081136214,1.207811199943535,8088,expanding,True,3.0,0.0,-3.030956843151578,True,True,"{'const': 0.0003867588565860728, 'ma.L1': -0.08214898228813476, 'ma.L2': -0.020879582113708606, 'sigma2': 0.00013642076312000192}"
SPY,"ARIMA(0,1,2)+drift",2025-03-17,557.6039428710938,2025-04-14,20,531.64013671875,561.2152640291373,-25.96380615234375,3.611321158043552,-1.0,1.0,False,1.1552729591887565,25.600120798426055,1.207811199943535,8088,expanding,True,3.0,0.0,-3.030956843151578,True,True,"{'const': 0.0003867588565860728, 'ma.L1': -0.08214898228813476, 'ma.L2': -0.020879582113708606, 'sigma2': 0.00013642076312000192}"
SPY,"ARIMA(0,1,2)+drift",2025-03-24,566.1151733398438,2025-03-25,1,567.4759521484375,565.5298966657073,1.36077880859375,-0.5852766741364803,1.0,-1.0,False,1.157499053132929,1.6812588118002911,1.304112400044687,8093,expanding,True,3.0,0.0,-3.031036821054795,True,True,"{'const': 0.00038836766928211126, 'ma.L1': -0.08233552962709746, 'ma.L2': -0.02097597864837141, 'sigma2': 0.000136398875100406}"
SPY,"ARIMA(0,1,2)+drift",2025-03-24,566.1151733398438,2025-03-31,5,551.6289672851562,566.2036224030164,-14.4862060546875,0.08844906317267487,-1.0,1.0,False,1.157499053132929,12.591505002454976,1.304112400044687,8093,expanding,True,3.0,0.0,-3.031036821054795,True,True,"{'const': 0.00038836766928211126, 'ma.L1': -0.08233552962709746, 'ma.L2': -0.02097597864837141, 'sigma2': 0.000136398875100406}"
SPY,"ARIMA(0,1,2)+drift",2025-03-24,566.1151733398438,2025-04-22,20,519.9348754882812,569.5116763241831,-46.1802978515625,3.3965029843393495,-1.0,1.0,False,1.157499053132929,42.83096448477904,1.304112400044687,8093,expanding,True,3.0,0.0,-3.031036821054795,True,True,"{'const': 0.00038836766928211126, 'ma.L1': -0.08233552962709746, 'ma.L2': -0.02097597864837141, 'sigma2': 0.000136398875100406}"
SPY,"ARIMA(0,1,2)+drift",2025-03-31,551.6289672851562,2025-04-01,1,553.18701171875,551.8848987861975,1.55804443359375,0.25593150104123197,1.0,1.0,True,1.1598180398921019,1.1226872559023602,1.361403299961239,8098,expanding,True,3.0,0.0,-3.0310561905872904,True,True,"{'const': 0.000385003502289547, 'ma.L1': -0.08229874405844077, 'ma.L2': -0.02097267213423249, 'sigma2': 0.0001363938713108374}"
SPY,"ARIMA(0,1,2)+drift",2025-03-31,551.6289672851562,2025-04-07,5,497.3821716308594,552.6836506231193,-54.246795654296875,1.0546833379630698,-1.0,1.0,False,1.1598180398921019,47.68116815755397,1.361403299961239,8098,expanding,True,3.0,0.0,-3.0310561905872904,True,True,"{'const': 0.000385003502289547, 'ma.L1': -0.08229874405844077, 'ma.L2': -0.02097267213423249, 'sigma2': 0.0001363938713108374}"
SPY,"ARIMA(0,1,2)+drift",2025-03-31,551.6289672851562,2025-04-29,20,546.6292724609375,555.8846618478659,-4.99969482421875,4.255694562709664,-1.0,1.0,False,1.1598180398921019,7.980035719904343,1.361403299961239,8098,expanding,True,3.0,0.0,-3.0310561905872904,True,True,"{'const': 0.000385003502289547, 'ma.L1': -0.08229874405844077, 'ma.L2': -0.02097267213423249, 'sigma2': 0.0001363938713108374}"
SPY,"ARIMA(0,1,2)+drift",2025-04-07,497.3821716308594,2025-04-08,1,489.591796875,498.5799855241695,-7.790374755859375,1.1978138933101263,-1.0,1.0,False,1.1670465490547886,7.70165393698237,1.3969095998909324,8103,expanding,True,3.0,0.0,-3.028283414737351,True,True,"{'const': 0.0003720813394176533, 'ma.L1': -0.07909940431775747, 'ma.L2': -0.02128776076448197, 'sigma2': 0.00013715320590737136}"
SPY,"ARIMA(0,1,2)+drift",2025-04-07,497.3821716308594,2025-04-14,5,531.64013671875,499.41116967169285,34.257965087890625,2.0289980408334714,1.0,1.0,True,1.1670465490547886,27.61583680887447,1.3969095998909324,8103,expanding,True,3.0,0.0,-3.028283414737351,True,True,"{'const': 0.0003720813394176533, 'ma.L1': -0.07909940431775747, 'ma.L2': -0.02128776076448197, 'sigma2': 0.00013715320590737136}"
SPY,"ARIMA(0,1,2)+drift",2025-04-07,497.3821716308594,2025-05-06,20,551.0471801757812,502.206286150133,53.665008544921875,4.824114519273621,1.0,1.0,True,1.1670465490547886,41.84999652773521,1.3969095998909324,8103,expanding,True,3.0,0.0,-3.028283414737351,True,True,"{'const': 0.0003720813394176533, 'ma.L1': -0.07909940431775747, 'ma.L2': -0.02128776076448197, 'sigma2': 0.00013715320590737136}"
SPY,"ARIMA(0,1,2)+drift",2025-04-14,531.64013671875,2025-04-15,1,530.1511840820312,531.2356181445103,-1.48895263671875,-0.40451857423965976,-1.0,-1.0,True,1.178322815227497,0.9203200077813314,2.3358546999515966,8108,expanding,False,2.0,2.0,-3.0233645036712344,True,True,"{'const': 0.00037992442446130727, 'ma.L1': -0.08435506115931996, 'ma.L2': -0.01900933073491601, 'sigma2': 0.00013850744880940095}"
SPY,"ARIMA(0,1,2)+drift",2025-04-14,531.64013671875,2025-04-22,5,519.9348754882812,531.9432562914523,-11.70526123046875,0.30311957270225776,-1.0,1.0,False,1.178322815227497,10.191078919958423,2.3358546999515966,8108,expanding,False,2.0,2.0,-3.0233645036712344,True,True,"{'const': 0.00037992442446130727, 'ma.L1': -0.08435506115931996, 'ma.L2': -0.01900933073491601, 'sigma2': 0.00013850744880940095}"
SPY,"ARIMA(0,1,2)+drift",2025-04-14,531.64013671875,2025-05-13,20,578.6981201171875,534.9833842374242,47.0579833984375,3.3432475186741613,1.0,1.0,True,1.178322815227497,37.099116909930494,2.3358546999515966,8108,expanding,False,2.0,2.0,-3.0233645036712344,True,True,"{'const': 0.00037992442446130727, 'ma.L1': -0.08435506115931996, 'ma.L2': -0.01900933073491601, 'sigma2': 0.00013850744880940095}"
SPY,"ARIMA(0,1,2)+drift",2025-04-22,519.9348754882812,2025-04-23,1,527.9915161132812,519.3512395781196,8.056640625,-0.5836359101616608,1.0,-1.0,False,1.1824724519041165,7.306957994030526,1.3231844000983983,8113,expanding,True,3.0,0.0,-3.0229212986485074,True,True,"{'const': 0.00037692431091723515, 'ma.L1': -0.08486444997995071, 'ma.L2': -0.018675117903457848, 'sigma2': 0.00013862973310384613}"
SPY,"ARIMA(0,1,2)+drift",2025-04-22,519.9348754882812,2025-04-29,5,546.6292724609375,519.9098244689145,26.69439697265625,-0.025051019366742366,1.0,-1.0,False,1.1824724519041165,22.596254102154422,1.3231844000983983,8113,expanding,True,3.0,0.0,-3.0229212986485074,True,True,"{'const': 0.00037692431091723515, 'ma.L1': -0.08486444997995071, 'ma.L2': -0.018675117903457848, 'sigma2': 0.00013862973310384613}"
SPY,"ARIMA(0,1,2)+drift",2025-04-22,519.9348754882812,2025-05-20,20,584.6246948242188,522.8576497037285,64.6898193359375,2.922774215447248,1.0,1.0,True,1.1824724519041165,52.2355045320741,1.3231844000983983,8113,expanding,True,3.0,0.0,-3.0229212986485074,True,True,"{'const': 0.00037692431091723515, 'ma.L1': -0.08486444997995071, 'ma.L2': -0.018675117903457848, 'sigma2': 0.00013862973310384613}"
SPY,"ARIMA(0,1,2)+drift",2025-04-29,546.6292724609375,2025-04-30,1,546.8462524414062,546.543891345479,0.21697998046875,-0.08538111545851734,1.0,-1.0,False,1.1850327617123135,0.25514998884112755,1.4543688000412658,8118,expanding,True,3.0,0.0,-3.0228348572608477,True,True,"{'const': 0.0003829192794016609, 'ma.L1': -0.08402600141002355, 'ma.L2': -0.018454871968799424, 'sigma2': 0.0001386538356943873}"
SPY,"ARIMA(0,1,2)+drift",2025-04-29,546.6292724609375,2025-05-06,5,551.0471801757812,547.3194336860106,4.41790771484375,0.6901612250730977,1.0,1.0,True,1.1850327617123135,3.145690659542816,1.4543688000412658,8118,expanding,True,3.0,0.0,-3.0228348572608477,True,True,"{'const': 0.0003829192794016609, 'ma.L1': -0.08402600141002355, 'ma.L2': -0.018454871968799424, 'sigma2': 0.0001386538356943873}"
SPY,"ARIMA(0,1,2)+drift",2025-04-29,546.6292724609375,2025-05-28,20,579.5758056640625,550.4721667827192,32.946533203125,3.8428943217817277,1.0,1.0,True,1.1850327617123135,24.5593538184463,1.4543688000412658,8118,expanding,True,3.0,0.0,-3.0228348572608477,True,True,"{'const': 0.0003829192794016609, 'ma.L1': -0.08402600141002355, 'ma.L2': -0.018454871968799424, 'sigma2': 0.0001386538356943873}"
SPY,"ARIMA(0,1,2)+drift",2025-05-06,551.0471801757812,2025-05-07,1,553.364501953125,551.7193192433506,2.31732177734375,0.6721390675693328,1.0,1.0,True,1.186780079924042,1.3862574352273545,0.46572000009473413,8123,expanding,True,2.0,0.0,-3.0229776410903573,True,True,"{'const': 0.0003837427681438722, 'ma.L1': -0.08394829485323403, 'ma.L2': -0.018551918303430167, 'sigma2': 0.00013861464627731263}"
SPY,"ARIMA(0,1,2)+drift",2025-05-06,551.0471801757812,2025-05-13,5,578.6981201171875,552.6580773281908,27.65093994140625,1.6108971524095068,1.0,1.0,True,1.186780079924042,21.94175924377109,0.46572000009473413,8123,expanding,True,2.0,0.0,-3.0229776410903573,True,True,"{'const': 0.0003837427681438722, 'ma.L1': -0.08394829485323403, 'ma.L2': -0.018551918303430167, 'sigma2': 0.00013861464627731263}"
SPY,"ARIMA(0,1,2)+drift",2025-05-06,551.0471801757812,2025-06-04,20,587.6619873046875,555.8484286827413,36.61480712890625,4.801248506960064,1.0,1.0,True,1.186780079924042,26.80661662604108,0.46572000009473413,8123,expanding,True,2.0,0.0,-3.0229776410903573,True,True,"{'const': 0.0003837427681438722, 'ma.L1': -0.08394829485323403, 'ma.L2': -0.018551918303430167, 'sigma2': 0.00013861464627731263}"
SPY,"ARIMA(0,1,2)+drift",2025-05-13,578.6981201171875,2025-05-14,1,579.437744140625,578.1508651923307,0.7396240234375,-0.5472549248568157,1.0,-1.0,False,1.1896270352036544,1.081749918430538,1.3170018000528216,8128,expanding,True,3.0,0.0,-3.0227673766912253,True,True,"{'const': 0.000389425116050758, 'ma.L1': -0.08374056171117872, 'ma.L2': -0.018442571313879063, 'sigma2': 0.00013867239523067507}"
SPY,"ARIMA(0,1,2)+drift",2025-05-13,578.6981201171875,2025-05-20,5,584.6246948242188,578.9574763647987,5.92657470703125,0.25935624761120835,1.0,1.0,True,1.1896270352036544,4.763861522741756,1.3170018000528216,8128,expanding,True,3.0,0.0,-3.0227673766912253,True,True,"{'const': 0.000389425116050758, 'ma.L1': -0.08374056171117872, 'ma.L2': -0.018442571313879063, 'sigma2': 0.00013867239523067507}"
SPY,"ARIMA(0,1,2)+drift",2025-05-13,578.6981201171875,2025-06-11,20,593.0166625976562,582.349281863497,14.31854248046875,3.6511617463095263,1.0,1.0,True,1.1896270352036544,8.966995889037655,1.3170018000528216,8128,expanding,True,3.0,0.0,-3.0227673766912253,True,True,"{'const': 0.000389425116050758, 'ma.L1': -0.08374056171117872, 'ma.L2': -0.018442571313879063, 'sigma2': 0.00013867239523067507}"
SPY,"ARIMA(0,1,2)+drift",2025-05-20,584.6246948242188,2025-05-21,1,574.7733764648438,585.011647015749,-9.851318359375,0.386952191530213,-1.0,1.0,False,1.190109452765034,8.602797437763549,0.4794192999834195,8133,expanding,True,2.0,0.0,-3.023038041142563,True,True,"{'const': 0.00039051499028781633, 'ma.L1': -0.08366980280655753, 'ma.L2': -0.018335560431313225, 'sigma2': 0.00013859783314243863}"
SPY,"ARIMA(0,1,2)+drift",2025-05-20,584.6246948242188,2025-05-28,5,579.5758056640625,585.964118795763,-5.04888916015625,1.3394239715443064,-1.0,1.0,False,1.190109452765034,5.367836644653402,0.4794192999834195,8133,expanding,True,2.0,0.0,-3.023038041142563,True,True,"{'const': 0.00039051499028781633, 'ma.L1': -0.08366980280655753, 'ma.L2': -0.018335560431313225, 'sigma2': 0.00013859783314243863}"
SPY,"ARIMA(0,1,2)+drift",2025-05-20,584.6246948242188,2025-06-18,20,589.1510009765625,589.4066081122974,4.52630615234375,4.781913288078613,1.0,1.0,True,1.190109452765034,0.2147761578911918,0.4794192999834195,8133,expanding,True,2.0,0.0,-3.023038041142563,True,True,"{'const': 0.00039051499028781633, 'ma.L1': -0.08366980280655753, 'ma.L2': -0.018335560431313225, 'sigma2': 0.00013859783314243863}"
SPY,"ARIMA(0,1,2)+drift",2025-05-28,579.5758056640625,2025-05-29,1,581.8635864257812,579.823406389978,2.28778076171875,0.24760072591550397,1.0,1.0,True,1.1929726761800001,1.7101649321391634,0.4739613001001999,8138,expanding,True,2.0,0.0,-3.0230010057344607,True,True,"{'const': 0.00038920095250536915, 'ma.L1': -0.08380607317087845, 'ma.L2': -0.018222500970952564, 'sigma2': 0.00013860793161925896}"
SPY,"ARIMA(0,1,2)+drift",2025-05-28,579.5758056640625,2025-06-04,5,587.6619873046875,580.7764763553398,8.086181640625,1.2006706912773097,1.0,1.0,True,1.1929726761800001,5.771725611851967,0.4739613001001999,8138,expanding,True,2.0,0.0,-3.0230010057344607,True,True,"{'const': 0.00038920095250536915, 'ma.L1': -0.08380607317087845, 'ma.L2': -0.018222500970952564, 'sigma2': 0.00013860793161925896}"
SPY,"ARIMA(0,1,2)+drift",2025-05-28,579.5758056640625,2025-06-26,20,605.1646118164062,584.1769741414316,25.58880615234375,4.601168477369129,1.0,1.0,True,1.1929726761800001,17.592722862839423,0.4739613001001999,8138,expanding,True,2.0,0.0,-3.0230010057344607,True,True,"{'const': 0.00038920095250536915, 'ma.L1': -0.08380607317087845, 'ma.L2': -0.018222500970952564, 'sigma2': 0.00013860793161925896}"
SPY,"ARIMA(0,1,2)+drift",2025-06-04,587.6619873046875,2025-06-05,1,584.8219604492188,587.8350162772596,-2.84002685546875,0.1730289725720695,-1.0,1.0,False,1.193431839255378,2.5246987125136244,0.4770820999983698,8143,expanding,True,2.0,0.0,-3.023275564681008,True,True,"{'const': 0.00039065404927089925, 'ma.L1': -0.08380277360722166, 'ma.L2': -0.018145266466858857, 'sigma2': 0.00013853177535434077}"
SPY,"ARIMA(0,1,2)+drift",2025-06-04,587.6619873046875,2025-06-11,5,593.0166625976562,588.7552230261144,5.35467529296875,1.093235721426936,1.0,1.0,True,1.193431839255378,3.5707439933902454,0.4770820999983698,8143,expanding,True,2.0,0.0,-3.023275564681008,True,True,"{'const': 0.00039065404927089925, 'ma.L1': -0.08380277360722166, 'ma.L2': -0.018145266466858857, 'sigma2': 0.00013853177535434077}"
SPY,"ARIMA(0,1,2)+drift",2025-06-04,587.6619873046875,2025-07-03,20,618.4869995117188,592.2153451340704,30.82501220703125,4.55335782938289,1.0,1.0,True,1.193431839255378,22.013535682138432,0.4770820999983698,8143,expanding,True,2.0,0.0,-3.023275564681008,True,True,"{'const': 0.00039065404927089925, 'ma.L1': -0.08380277360722166, 'ma.L2': -0.018145266466858857, 'sigma2': 0.00013853177535434077}"
SPY,"ARIMA(0,1,2)+drift",2025-06-11,593.0166625976562,2025-06-12,1,595.3734741210938,593.3267655955768,2.3568115234375,0.3101029979205805,1.0,1.0,True,1.1944702315128581,1.7134864239560474,0.47019479994196445,8148,expanding,True,2.0,0.0,-3.023514086008708,True,True,"{'const': 0.00039153856047066964, 'ma.L1': -0.08384130024888432, 'ma.L2': -0.0181278280349776, 'sigma2': 0.00013846574973199672}"
SPY,"ARIMA(0,1,2)+drift",2025-06-11,593.0166625976562,2025-06-18,5,589.1510009765625,594.2864878482467,-3.86566162109375,1.2698252505904293,-1.0,1.0,False,1.1944702315128581,4.299384560785429,0.47019479994196445,8148,expanding,True,2.0,0.0,-3.023514086008708,True,True,"{'const': 0.00039153856047066964, 'ma.L1': -0.08384130024888432, 'ma.L2': -0.0181278280349776, 'sigma2': 0.00013846574973199672}"
SPY,"ARIMA(0,1,2)+drift",2025-06-11,593.0166625976562,2025-07-11,20,616.7858276367188,597.7870484590255,23.7691650390625,4.770385861369277,1.0,1.0,True,1.1944702315128581,15.905611271392079,0.47019479994196445,8148,expanding,True,2.0,0.0,-3.023514086008708,True,True,"{'const': 0.00039153856047066964, 'ma.L1': -0.08384130024888432, 'ma.L2': -0.0181278280349776, 'sigma2': 0.00013846574973199672}"
SPY,"ARIMA(0,1,2)+drift",2025-06-18,589.1510009765625,2025-06-20,1,587.7673950195312,589.5258444543753,-1.38360595703125,0.3748434778127603,-1.0,1.0,False,1.1961642266255719,1.4700735866384067,0.4720472999615595,8153,expanding,True,2.0,0.0,-3.0236956593910613,True,True,"{'const': 0.0003904995586732532, 'ma.L1': -0.08402264732843617, 'ma.L2': -0.01796067589350746, 'sigma2': 0.00013841543916734094}"
SPY,"ARIMA(0,1,2)+drift",2025-06-18,589.1510009765625,2025-06-26,5,605.1646118164062,590.4591488457125,16.01361083984375,1.3081478691500479,1.0,1.0,True,1.1961642266255719,12.293849492705876,0.4720472999615595,8153,expanding,True,2.0,0.0,-3.0236956593910613,True,True,"{'const': 0.0003904995586732532, 'ma.L1': -0.08402264732843617, 'ma.L2': -0.01796067589350746, 'sigma2': 0.00013841543916734094}"
SPY,"ARIMA(0,1,2)+drift",2025-06-18,589.1510009765625,2025-07-18,20,620.7024536132812,593.9279086021278,31.55145263671875,4.776907625565286,1.0,1.0,True,1.1961642266255719,22.38366974632367,0.4720472999615595,8153,expanding,True,2.0,0.0,-3.0236956593910613,True,True,"{'const': 0.0003904995586732532, 'ma.L1': -0.08402264732843617, 'ma.L2': -0.01796067589350746, 'sigma2': 0.00013841543916734094}"
SPY,"ARIMA(0,1,2)+drift",2025-06-26,605.1646118164062,2025-06-27,1,608.1712646484375,604.9973111920377,3.00665283203125,-0.16730062436852222,1.0,-1.0,False,1.1977334311886194,2.6499664898306885,0.4846559000434354,8158,expanding,True,2.0,0.0,-3.0238773429558994,True,True,"{'const': 0.00039350267961244813, 'ma.L1': -0.08393155977880071, 'ma.L2': -0.017898532142764857, 'sigma2': 0.0001383648808363011}"
SPY,"ARIMA(0,1,2)+drift",2025-06-26,605.1646118164062,2025-07-03,5,618.4869995117188,605.8667225975914,13.3223876953125,0.7021107811851834,1.0,1.0,True,1.1977334311886194,10.536799412539628,0.4846559000434354,8158,expanding,True,2.0,0.0,-3.0238773429558994,True,True,"{'const': 0.00039350267961244813, 'ma.L1': -0.08393155977880071, 'ma.L2': -0.017898532142764857, 'sigma2': 0.0001383648808363011}"
SPY,"ARIMA(0,1,2)+drift",2025-06-26,605.1646118164062,2025-07-25,20,630.1181030273438,609.4534502687114,24.9534912109375,4.2888384523051855,1.0,1.0,True,1.1977334311886194,17.253131807571663,0.4846559000434354,8158,expanding,True,2.0,0.0,-3.0238773429558994,True,True,"{'const': 0.00039350267961244813, 'ma.L1': -0.08393155977880071, 'ma.L2': -0.017898532142764857, 'sigma2': 0.0001383648808363011}"
SPY,"ARIMA(0,1,2)+drift",2025-07-03,618.4869995117188,2025-07-07,1,613.8780517578125,618.2810165612101,-4.60894775390625,-0.20598295050865545,-1.0,-1.0,True,1.1986804233991293,3.6731765343359766,1.412381700007245,8163,expanding,True,3.0,0.0,-3.0241259879782403,True,True,"{'const': 0.0003959256225794327, 'ma.L1': -0.08383556534654368, 'ma.L2': -0.017839591845860866, 'sigma2': 0.00013829613541655654}"
SPY,"ARIMA(0,1,2)+drift",2025-07-03,618.4869995117188,2025-07-11,5,616.7858276367188,619.174773033755,-1.701171875,0.6877735220361956,-1.0,1.0,False,1.1986804233991293,1.9929794050208987,1.412381700007245,8163,expanding,True,3.0,0.0,-3.0241259879782403,True,True,"{'const': 0.0003959256225794327, 'ma.L1': -0.08383556534654368, 'ma.L2': -0.017839591845860866, 'sigma2': 0.00013829613541655654}"
SPY,"ARIMA(0,1,2)+drift",2025-07-03,618.4869995117188,2025-08-01,20,614.9066162109375,622.862921299041,-3.58038330078125,4.375921787322227,-1.0,1.0,False,1.1986804233991293,6.637553206668359,1.412381700007245,8163,expanding,True,3.0,0.0,-3.0241259879782403,True,True,"{'const': 0.0003959256225794327, 'ma.L1': -0.08383556534654368, 'ma.L2': -0.017839591845860866, 'sigma2': 0.00013829613541655654}"
SPY,"ARIMA(0,1,2)+drift",2025-07-11,616.7858276367188,2025-07-14,1,617.9628295898438,617.1837415510641,1.177001953125,0.3979139143453949,1.0,1.0,True,1.1994821392688495,0.6495203332118827,0.48585130006540567,8168,expanding,True,2.0,0.0,-3.024386834697422,True,True,"{'const': 0.00039539503514478925, 'ma.L1': -0.08387881008236935, 'ma.L2': -0.017929650811994557, 'sigma2': 0.00013822423041352316}"
SPY,"ARIMA(0,1,2)+drift",2025-07-11,616.7858276367188,2025-07-18,5,620.7024536132812,618.2003502107931,3.9166259765625,1.41452257407434,1.0,1.0,True,1.1994821392688495,2.085986377432289,0.48585130006540567,8168,expanding,True,2.0,0.0,-3.024386834697422,True,True,"{'const': 0.00039539503514478925, 'ma.L1': -0.08387881008236935, 'ma.L2': -0.017929650811994557, 'sigma2': 0.00013822423041352316}"
SPY,"ARIMA(0,1,2)+drift",2025-07-11,616.7858276367188,2025-08-08,20,630.1972045898438,621.8777448459967,13.411376953125,5.0919172092779945,1.0,1.0,True,1.1994821392688495,6.935876301516399,0.48585130006540567,8168,expanding,True,2.0,0.0,-3.024386834697422,True,True,"{'const': 0.00039539503514478925, 'ma.L1': -0.08387881008236935, 'ma.L2': -0.017929650811994557, 'sigma2': 0.00013822423041352316}"
SPY,"ARIMA(0,1,2)+drift",2025-07-18,620.7024536132812,2025-07-21,1,621.87939453125,620.9141087720362,1.17694091796875,0.2116551587549793,1.0,1.0,True,1.1999851372448533,0.804414762527852,0.47304670000448823,8173,expanding,True,2.0,0.0,-3.024664438180169,True,True,"{'const': 0.0003959123045191483, 'ma.L1': -0.0838889556647236, 'ma.L2': -0.017932872726343384, 'sigma2': 0.0001381473972981436}"
SPY,"ARIMA(0,1,2)+drift",2025-07-18,620.7024536132812,2025-07-25,5,630.1181030273438,621.9048068662034,9.4156494140625,1.2023532529221939,1.0,1.0,True,1.1999851372448533,6.844498241034803,0.47304670000448823,8173,expanding,True,2.0,0.0,-3.024664438180169,True,True,"{'const': 0.0003959123045191483, 'ma.L1': -0.0838889556647236, 'ma.L2': -0.017932872726343384, 'sigma2': 0.0001381473972981436}"
SPY,"ARIMA(0,1,2)+drift",2025-07-18,620.7024536132812,2025-08-15,20,636.388671875,625.6090917482251,15.68621826171875,4.906638134943819,1.0,1.0,True,1.1999851372448533,8.983094700259933,0.47304670000448823,8173,expanding,True,2.0,0.0,-3.024664438180169,True,True,"{'const': 0.0003959123045191483, 'ma.L1': -0.0838889556647236, 'ma.L2': -0.017932872726343384, 'sigma2': 0.0001381473972981436}"
SPY,"ARIMA(0,1,2)+drift",2025-07-25,630.1181030273438,2025-07-28,1,629.9598388671875,630.149547966826,-0.15826416015625,0.03144493948229865,-1.0,1.0,False,1.200402860581999,0.1580378603451268,0.4787570000626147,8178,expanding,True,2.0,0.0,-3.024932887288161,True,True,"{'const': 0.0003974951132880615, 'ma.L1': -0.08388216435567834, 'ma.L2': -0.01788309708897988, 'sigma2': 0.00013807315041346104}"
SPY,"ARIMA(0,1,2)+drift",2025-07-25,630.1181030273438,2025-08-01,5,614.9066162109375,631.1069677265087,-15.21148681640625,0.9888646991649921,-1.0,1.0,False,1.200402860581999,13.49576217080716,0.4787570000626147,8178,expanding,True,2.0,0.0,-3.024932887288161,True,True,"{'const': 0.0003974951132880615, 'ma.L1': -0.08388216435567834, 'ma.L2': -0.01788309708897988, 'sigma2': 0.00013807315041346104}"
SPY,"ARIMA(0,1,2)+drift",2025-07-25,630.1181030273438,2025-08-22,20,638.2381591796875,634.881137184242,8.12005615234375,4.763034156898243,1.0,1.0,True,1.200402860581999,2.7965794698438993,0.4787570000626147,8178,expanding,True,2.0,0.0,-3.024932887288161,True,True,"{'const': 0.0003974951132880615, 'ma.L1': -0.08388216435567834, 'ma.L2': -0.01788309708897988, 'sigma2': 0.00013807315041346104}"
SPY,"ARIMA(0,1,2)+drift",2025-08-01,614.9066162109375,2025-08-04,1,624.2530517578125,616.0907536703749,9.346435546875,1.184137459437352,1.0,1.0,True,1.2015284377652666,6.793262507060406,0.47529520001262426,8183,expanding,True,2.0,0.0,-3.0250915773713847,True,True,"{'const': 0.00039435921768289937, 'ma.L1': -0.08380433268657424, 'ma.L2': -0.017858899062208233, 'sigma2': 0.0001380297677210775}"
SPY,"ARIMA(0,1,2)+drift",2025-08-01,614.9066162109375,2025-08-08,5,630.1972045898438,617.254267626223,15.29058837890625,2.3476514152855543,1.0,1.0,True,1.2015284377652666,10.772060449683055,0.47529520001262426,8183,expanding,True,2.0,0.0,-3.0250915773713847,True,True,"{'const': 0.00039435921768289937, 'ma.L1': -0.08380433268657424, 'ma.L2': -0.017858899062208233, 'sigma2': 0.0001380297677210775}"
SPY,"ARIMA(0,1,2)+drift",2025-08-01,614.9066162109375,2025-08-29,20,637.98095703125,620.916387028,23.0743408203125,6.009770817062531,1.0,1.0,True,1.2015284377652666,14.2023854508084,0.47529520001262426,8183,expanding,True,2.0,0.0,-3.0250915773713847,True,True,"{'const': 0.00039435921768289937, 'ma.L1': -0.08380433268657424, 'ma.L2': -0.017858899062208233, 'sigma2': 0.0001380297677210775}"
SPY,"ARIMA(0,1,2)+drift",2025-08-08,630.1972045898438,2025-08-11,1,628.9510498046875,630.0614278242995,-1.24615478515625,-0.13577676554427853,-1.0,-1.0,True,1.2035635229110484,0.9225753343922471,0.477387799997814,8188,expanding,True,2.0,0.0,-3.025263585781713,True,True,"{'const': 0.0003970110451758811, 'ma.L1': -0.08410300817821517, 'ma.L2': -0.017682058138171412, 'sigma2': 0.00013798167803838333}"
SPY,"ARIMA(0,1,2)+drift",2025-08-08,630.1972045898438,2025-08-15,5,636.388671875,630.9798351543781,6.19146728515625,0.7826305645343155,1.0,1.0,True,1.2035635229110484,4.494018485654691,0.477387799997814,8188,expanding,True,2.0,0.0,-3.025263585781713,True,True,"{'const': 0.0003970110451758811, 'ma.L1': -0.08410300817821517, 'ma.L2': -0.017682058138171412, 'sigma2': 0.00013798167803838333}"
SPY,"ARIMA(0,1,2)+drift",2025-08-08,630.1972045898438,2025-09-08,20,641.7196044921875,634.7486353888188,11.52239990234375,4.551430798975048,1.0,1.0,True,1.2035635229110484,5.791941156963682,0.477387799997814,8188,expanding,True,2.0,0.0,-3.025263585781713,True,True,"{'const': 0.0003970110451758811, 'ma.L1': -0.08410300817821517, 'ma.L2': -0.017682058138171412, 'sigma2': 0.00013798167803838333}"
SPY,"ARIMA(0,1,2)+drift",2025-08-15,636.388671875,2025-08-18,1,636.2501220703125,636.7820918832834,-0.1385498046875,0.39342000828344226,-1.0,1.0,False,1.2042535590007903,0.4417423631384868,0.47432329994626343,8193,expanding,True,2.0,0.0,-3.025511952819129,True,True,"{'const': 0.000398004073604445, 'ma.L1': -0.08409482460370475, 'ma.L2': -0.01762117114616283, 'sigma2': 0.00013791335763137472}"
SPY,"ARIMA(0,1,2)+drift",2025-08-15,636.388671875,2025-08-22,5,638.2381591796875,637.8265355835513,1.8494873046875,1.4378637085512764,1.0,1.0,True,1.2042535590007903,0.3418080794195547,0.47432329994626343,8193,expanding,True,2.0,0.0,-3.025511952819129,True,True,"{'const': 0.000398004073604445, 'ma.L1': -0.08409482460370475, 'ma.L2': -0.01762117114616283, 'sigma2': 0.00013791335763137472}"
SPY,"ARIMA(0,1,2)+drift",2025-08-15,636.388671875,2025-09-15,20,653.6671752929688,641.6457882168842,17.27850341796875,5.257116341884171,1.0,1.0,True,1.2042535590007903,9.98243848750518,0.47432329994626343,8193,expanding,True,2.0,0.0,-3.025511952819129,True,True,"{'const': 0.000398004073604445, 'ma.L1': -0.08409482460370475, 'ma.L2': -0.01762117114616283, 'sigma2': 0.00013791335763137472}"
SPY,"ARIMA(0,1,2)+drift",2025-08-22,638.2381591796875,2025-08-25,1,635.4292602539062,637.7749592967663,-2.80889892578125,-0.4631998829212307,-1.0,-1.0,True,1.2056486151400787,1.9455909569368879,0.4806275999872014,8198,expanding,True,2.0,0.0,-3.0256936558504015,True,True,"{'const': 0.0003980462683829737, 'ma.L1': -0.08412024624797172, 'ma.L2': -0.017626855584569584, 'sigma2': 0.0001378628159387232}"
SPY,"ARIMA(0,1,2)+drift",2025-08-22,638.2381591796875,2025-08-29,5,637.98095703125,638.6294036875847,-0.2572021484375,0.39124450789722687,-1.0,1.0,False,1.2056486151400787,0.5378405019437499,0.4806275999872014,8198,expanding,True,2.0,0.0,-3.0256936558504015,True,True,"{'const': 0.0003980462683829737, 'ma.L1': -0.08412024624797172, 'ma.L2': -0.017626855584569584, 'sigma2': 0.0001378628159387232}"
SPY,"ARIMA(0,1,2)+drift",2025-08-22,638.2381591796875,2025-09-22,20,661.3606567382812,642.4538704516891,23.12249755859375,4.215711272001613,1.0,1.0,True,1.2056486151400787,15.681838015793222,0.4806275999872014,8198,expanding,True,2.0,0.0,-3.0256936558504015,True,True,"{'const': 0.0003980462683829737, 'ma.L1': -0.08412024624797172, 'ma.L2': -0.017626855584569584, 'sigma2': 0.0001378628159387232}"
SPY,"ARIMA(0,1,2)+drift",2025-08-29,637.98095703125,2025-09-02,1,633.25341796875,638.5224402888207,-4.7275390625,0.5414832575706896,-1.0,1.0,False,1.2065005568695257,4.367194271125808,0.476075500017032,8203,expanding,True,2.0,0.0,-3.0259630434348197,True,True,"{'const': 0.0003978352229190789, 'ma.L1': -0.08418456926863582, 'ma.L2': -0.017563555769822336, 'sigma2': 0.0001377889477220507}"
SPY,"ARIMA(0,1,2)+drift",2025-08-29,637.98095703125,2025-09-08,5,641.7196044921875,639.607400765849,3.7386474609375,1.626443734598979,1.0,1.0,True,1.2065005568695257,1.750686076614004,0.476075500017032,8203,expanding,True,2.0,0.0,-3.0259630434348197,True,True,"{'const': 0.0003978352229190789, 'ma.L1': -0.08418456926863582, 'ma.L2': -0.017563555769822336, 'sigma2': 0.0001377889477220507}"
SPY,"ARIMA(0,1,2)+drift",2025-08-29,637.98095703125,2025-09-29,20,658.2266845703125,643.4356874024421,20.2457275390625,5.454730371192113,1.0,1.0,True,1.2065005568695257,12.259420091979225,0.476075500017032,8203,expanding,True,2.0,0.0,-3.0259630434348197,True,True,"{'const': 0.0003978352229190789, 'ma.L1': -0.08418456926863582, 'ma.L2': -0.017563555769822336, 'sigma2': 0.0001377889477220507}"
SPY,"ARIMA(0,1,2)+drift",2025-09-08,641.7196044921875,2025-09-09,1,643.203125,641.8967873689594,1.4835205078125,0.17718287677189437,1.0,1.0,True,1.2078262808785685,1.0815608599693496,0.4797683999640867,8208,expanding,True,2.0,0.0,-3.0261957920996907,True,True,"{'const': 0.0003982744248244028, 'ma.L1': -0.08416362084296394, 'ma.L2': -0.017672505840597427, 'sigma2': 0.00013772464015975668}"
SPY,"ARIMA(0,1,2)+drift",2025-09-08,641.7196044921875,2025-09-15,5,653.6671752929688,642.8976489697385,11.94757080078125,1.1780444775509977,1.0,1.0,True,1.2078262808785685,8.916453047698662,0.4797683999640867,8208,expanding,True,2.0,0.0,-3.0261957920996907,True,True,"{'const': 0.0003982744248244028, 'ma.L1': -0.08416362084296394, 'ma.L2': -0.017672505840597427, 'sigma2': 0.00013772464015975668}"
SPY,"ARIMA(0,1,2)+drift",2025-09-08,641.7196044921875,2025-10-06,20,666.0914916992188,646.7498897503425,24.37188720703125,5.030285258155004,1.0,1.0,True,1.2078262808785685,16.013562757391927,0.4797683999640867,8208,expanding,True,2.0,0.0,-3.0261957920996907,True,True,"{'const': 0.0003982744248244028, 'ma.L1': -0.08416362084296394, 'ma.L2': -0.017672505840597427, 'sigma2': 0.00013772464015975668}"
SPY,"ARIMA(0,1,2)+drift",2025-09-15,653.6671752929688,2025-09-16,1,652.76708984375,653.650970374525,-0.90008544921875,-0.016204918443804672,-1.0,-1.0,True,1.2085987923497177,0.7313266704962812,0.4761465999763459,8213,expanding,True,2.0,0.0,-3.0264546907568493,True,True,"{'const': 0.0004002626701193453, 'ma.L1': -0.08413235550379279, 'ma.L2': -0.017620392507451947, 'sigma2': 0.00013765326619860784}"
SPY,"ARIMA(0,1,2)+drift",2025-09-15,653.6671752929688,2025-09-22,5,661.3606567382812,654.6400499919873,7.6934814453125,0.9728746990185755,1.0,1.0,True,1.2085987923497177,5.560659822626452,0.4761465999763459,8213,expanding,True,2.0,0.0,-3.0264546907568493,True,True,"{'const': 0.0004002626701193453, 'ma.L1': -0.08413235550379279, 'ma.L2': -0.017620392507451947, 'sigma2': 0.00013765326619860784}"
SPY,"ARIMA(0,1,2)+drift",2025-09-15,653.6671752929688,2025-10-13,20,657.5919189453125,658.5822922585021,3.92474365234375,4.915116965533343,1.0,1.0,True,1.2085987923497177,0.8194392708800763,0.4761465999763459,8213,expanding,True,2.0,0.0,-3.0264546907568493,True,True,"{'const': 0.0004002626701193453, 'ma.L1': -0.08413235550379279, 'ma.L2': -0.017620392507451947, 'sigma2': 0.00013765326619860784}"
SPY,"ARIMA(0,1,2)+drift",2025-09-22,661.3606567382812,2025-09-23,1,657.7606201171875,661.3026565615571,-3.60003662109375,-0.0580001767241356,-1.0,-1.0,True,1.2092161230816378,2.9292004768699904,0.47679799993056804,8218,expanding,True,2.0,0.0,-3.0267289837842712,True,True,"{'const': 0.0004014400953681744, 'ma.L1': -0.08410332527820773, 'ma.L2': -0.017623448998514712, 'sigma2': 0.00013757773878830132}"
SPY,"ARIMA(0,1,2)+drift",2025-09-22,661.3606567382812,2025-09-29,5,658.2266845703125,662.3093884107415,-3.13397216796875,0.9487316724602124,-1.0,1.0,False,1.2092161230816378,3.376322695751326,0.47679799993056804,8218,expanding,True,2.0,0.0,-3.0267289837842712,True,True,"{'const': 0.0004014400953681744, 'ma.L1': -0.08410332527820773, 'ma.L2': -0.017623448998514712, 'sigma2': 0.00013757773878830132}"
SPY,"ARIMA(0,1,2)+drift",2025-09-22,661.3606567382812,2025-10-20,20,665.7840576171875,666.3095832738566,4.42340087890625,4.9489265355753105,1.0,1.0,True,1.2092161230816378,0.43460027255490097,0.47679799993056804,8218,expanding,True,2.0,0.0,-3.0267289837842712,True,True,"{'const': 0.0004014400953681744, 'ma.L1': -0.08410332527820773, 'ma.L2': -0.017623448998514712, 'sigma2': 0.00013757773878830132}"
SPY,"ARIMA(0,1,2)+drift",2025-09-29,658.2266845703125,2025-09-30,1,660.7061157226562,658.2846268862163,2.47943115234375,0.0579423159038015,1.0,1.0,True,1.2102201819506857,2.00086634858203,0.4785062000155449,8223,expanding,True,2.0,0.0,-3.026986965964851,True,True,"{'const': 0.00040062694338395213, 'ma.L1': -0.0841026927293788, 'ma.L2': -0.017670320521266904, 'sigma2': 0.00013750676652930533}"
SPY,"ARIMA(0,1,2)+drift",2025-09-29,658.2266845703125,2025-10-06,5,666.0914916992188,659.3087844138569,7.86480712890625,1.0820998435443698,1.0,1.0,True,1.2102201819506857,5.604523364028863,0.4785062000155449,8223,expanding,True,2.0,0.0,-3.026986965964851,True,True,"{'const': 0.00040062694338395213, 'ma.L1': -0.0841026927293788, 'ma.L2': -0.017670320521266904, 'sigma2': 0.00013750676652930533}"
SPY,"ARIMA(0,1,2)+drift",2025-09-29,658.2266845703125,2025-10-27,20,679.6094970703125,663.2827660310195,21.3828125,5.0560814607069915,1.0,1.0,True,1.2102201819506857,13.490711262951235,0.4785062000155449,8223,expanding,True,2.0,0.0,-3.026986965964851,True,True,"{'const': 0.00040062694338395213, 'ma.L1': -0.0841026927293788, 'ma.L2': -0.017670320521266904, 'sigma2': 0.00013750676652930533}"
SPY,"ARIMA(0,1,2)+drift",2025-10-06,666.0914916992188,2025-10-07,1,663.6219482421875,666.1844477088615,-2.46954345703125,0.09295600964276218,-1.0,1.0,False,1.2104430286189078,2.116993039811031,0.4839808000251651,8228,expanding,True,2.0,0.0,-3.027274978573407,True,True,"{'const': 0.00040182871000506653, 'ma.L1': -0.0840813134249728, 'ma.L2': -0.017641847121690948, 'sigma2': 0.0001374275569152157}"
SPY,"ARIMA(0,1,2)+drift",2025-10-06,666.0914916992188,2025-10-13,5,657.5919189453125,667.2187022171832,-8.49957275390625,1.1272105179644996,-1.0,1.0,False,1.2104430286189078,7.953107287382806,0.4839808000251651,8228,expanding,True,2.0,0.0,-3.027274978573407,True,True,"{'const': 0.00040182871000506653, 'ma.L1': -0.0840813134249728, 'ma.L2': -0.017641847121690948, 'sigma2': 0.0001374275569152157}"
SPY,"ARIMA(0,1,2)+drift",2025-10-06,666.0914916992188,2025-11-03,20,677.7251586914062,671.2524610619082,11.6336669921875,5.160969362689457,1.0,1.0,True,1.2104430286189078,5.347378997988255,0.4839808000251651,8228,expanding,True,2.0,0.0,-3.027274978573407,True,True,"{'const': 0.00040182871000506653, 'ma.L1': -0.0840813134249728, 'ma.L2': -0.017641847121690948, 'sigma2': 0.0001374275569152157}"
SPY,"ARIMA(0,1,2)+drift",2025-10-13,657.5919189453125,2025-10-14,1,656.78857421875,657.4926331335753,-0.8033447265625,-0.09928581173721795,-1.0,-1.0,True,1.2141161521044141,0.579894200077105,0.477915900060907,8233,expanding,True,2.0,0.0,-3.0271423927764514,True,True,"{'const': 0.00040000410504371036, 'ma.L1': -0.08435867870532557, 'ma.L2': -0.017763182913915126, 'sigma2': 0.00013746388115947389}"
SPY,"ARIMA(0,1,2)+drift",2025-10-13,657.5919189453125,2025-10-20,5,665.7840576171875,658.400231122173,8.192138671875,0.8083121768604542,1.0,1.0,True,1.2141161521044141,6.081647527887872,0.477915900060907,8233,expanding,True,2.0,0.0,-3.0271423927764514,True,True,"{'const': 0.00040000410504371036, 'ma.L1': -0.08435867870532557, 'ma.L2': -0.017763182913915126, 'sigma2': 0.00013746388115947389}"
SPY,"ARIMA(0,1,2)+drift",2025-10-13,657.5919189453125,2025-11-10,20,675.8407592773438,662.362548236478,18.24884033203125,4.7706292911655055,1.0,1.0,True,1.2141161521044141,11.101253382968434,0.477915900060907,8233,expanding,True,2.0,0.0,-3.0271423927764514,True,True,"{'const': 0.00040000410504371036, 'ma.L1': -0.08435867870532557, 'ma.L2': -0.017763182913915126, 'sigma2': 0.00013746388115947389}"
SPY,"ARIMA(0,1,2)+drift",2025-10-20,665.7840576171875,2025-10-21,1,665.7741088867188,665.4208462931465,-0.00994873046875,-0.36321132404100354,-1.0,-1.0,True,1.2156596265401283,0.29059334196831826,0.47913869994226843,8238,expanding,True,2.0,0.0,-3.0273606188925153,True,True,"{'const': 0.0004012486255860512, 'ma.L1': -0.0843813174677464, 'ma.L2': -0.01773086069720152, 'sigma2': 0.00013740381228933857}"
SPY,"ARIMA(0,1,2)+drift",2025-10-20,665.7840576171875,2025-10-27,5,679.6094970703125,666.3688904410662,13.825439453125,0.5848328238787417,1.0,1.0,True,1.2156596265401283,10.891705490730297,0.47913869994226843,8238,expanding,True,2.0,0.0,-3.0273606188925153,True,True,"{'const': 0.0004012486255860512, 'ma.L1': -0.0843813174677464, 'ma.L2': -0.01773086069720152, 'sigma2': 0.00013740381228933857}"
SPY,"ARIMA(0,1,2)+drift",2025-10-20,665.7840576171875,2025-11-17,20,660.2002563476562,670.3916783544993,-5.58380126953125,4.607620737311777,-1.0,1.0,False,1.2156596265401283,8.38345025560213,0.47913869994226843,8238,expanding,True,2.0,0.0,-3.0273606188925153,True,True,"{'const': 0.0004012486255860512, 'ma.L1': -0.0843813174677464, 'ma.L2': -0.01773086069720152, 'sigma2': 0.00013740381228933857}"
SPY,"ARIMA(0,1,2)+drift",2025-10-27,679.6094970703125,2025-10-28,1,681.41455078125,679.0937946137892,1.8050537109375,-0.515702456523286,1.0,-1.0,False,1.2174419179989049,1.9062561697196905,0.47553809999953955,8243,expanding,True,2.0,0.0,-3.027546461374566,True,True,"{'const': 0.00040348734670657557, 'ma.L1': -0.08427572680356793, 'ma.L2': -0.017762579807818223, 'sigma2': 0.00013735271784114653}"
SPY,"ARIMA(0,1,2)+drift",2025-10-27,679.6094970703125,2025-11-03,5,677.7251586914062,680.044588124422,-1.88433837890625,0.4350910541095345,-1.0,1.0,False,1.2174419179989049,1.905166397447694,0.47553809999953955,8243,expanding,True,2.0,0.0,-3.027546461374566,True,True,"{'const': 0.00040348734670657557, 'ma.L1': -0.08427572680356793, 'ma.L2': -0.017762579807818223, 'sigma2': 0.00013735271784114653}"
SPY,"ARIMA(0,1,2)+drift",2025-10-27,679.6094970703125,2025-11-24,20,663.2351684570312,684.1729092602,-16.37432861328125,4.563412189887458,-1.0,1.0,False,1.2174419179989049,17.198143495489155,0.47553809999953955,8243,expanding,True,2.0,0.0,-3.027546461374566,True,True,"{'const': 0.00040348734670657557, 'ma.L1': -0.08427572680356793, 'ma.L2': -0.017762579807818223, 'sigma2': 0.00013735271784114653}"
SPY,"ARIMA(0,1,2)+drift",2025-11-03,677.7251586914062,2025-11-04,1,669.6917114257812,677.8932635000575,-8.033447265625,0.16810480865126465,-1.0,1.0,False,1.218293658224499,6.731999316346222,0.48181040002964437,8248,expanding,True,2.0,0.0,-3.027784949374635,True,True,"{'const': 0.00040295618424736584, 'ma.L1': -0.08426545335851283, 'ma.L2': -0.01778241602231752, 'sigma2': 0.00013728742073884916}"
SPY,"ARIMA(0,1,2)+drift",2025-11-03,677.7251586914062,2025-11-10,5,675.8407592773438,678.9694949493987,-1.8843994140625,1.2443362579924724,-1.0,1.0,False,1.218293658224499,2.5681293265653937,0.48181040002964437,8248,expanding,True,2.0,0.0,-3.027784949374635,True,True,"{'const': 0.00040295618424736584, 'ma.L1': -0.08426545335851283, 'ma.L2': -0.01778241602231752, 'sigma2': 0.00013728742073884916}"
SPY,"ARIMA(0,1,2)+drift",2025-11-03,677.7251586914062,2025-12-02,20,675.9300537109375,683.085847092367,-1.79510498046875,5.360688400960726,-1.0,1.0,False,1.218293658224499,5.873619494874571,0.48181040002964437,8248,expanding,True,2.0,0.0,-3.027784949374635,True,True,"{'const': 0.00040295618424736584, 'ma.L1': -0.08426545335851283, 'ma.L2': -0.01778241602231752, 'sigma2': 0.00013728742073884916}"
SPY,"ARIMA(0,1,2)+drift",2025-11-10,675.8407592773438,2025-11-11,1,677.3878784179688,675.2703658367777,1.547119140625,-0.570393440566022,1.0,-1.0,False,1.2210216855055145,1.7342137378291949,0.47731690004002303,8253,expanding,True,2.0,0.0,-3.027867530156487,True,True,"{'const': 0.0004023181857947289, 'ma.L1': -0.08432410891840426, 'ma.L2': -0.017828364588851942, 'sigma2': 0.00013726442231459782}"
SPY,"ARIMA(0,1,2)+drift",2025-11-10,675.8407592773438,2025-11-17,5,660.2002563476562,676.1788491381351,-15.6405029296875,0.3380898607913423,-1.0,1.0,False,1.2210216855055145,13.086248164268724,0.47731690004002303,8253,expanding,True,2.0,0.0,-3.027867530156487,True,True,"{'const': 0.0004023181857947289, 'ma.L1': -0.08432410891840426, 'ma.L2': -0.017828364588851942, 'sigma2': 0.00013726442231459782}"
SPY,"ARIMA(0,1,2)+drift",2025-11-10,675.8407592773438,2025-12-09,20,677.4275512695312,680.2717723653634,1.5867919921875,4.431013088019654,1.0,1.0,True,1.2210216855055145,2.3293780361113074,0.47731690004002303,8253,expanding,True,2.0,0.0,-3.027867530156487,True,True,"{'const': 0.0004023181857947289, 'ma.L1': -0.08432410891840426, 'ma.L2': -0.017828364588851942, 'sigma2': 0.00013726442231459782}"
SPY,"ARIMA(0,1,2)+drift",2025-11-17,660.2002563476562,2025-11-18,1,654.65625,661.0566209556381,-5.54400634765625,0.8563646079818454,-1.0,1.0,False,1.2226425425919984,5.2348668827352665,0.4798863000469282,8258,expanding,True,2.0,0.0,-3.0279899954762093,True,True,"{'const': 0.0003993471254280128, 'ma.L1': -0.08425093123498355, 'ma.L2': -0.01772505913213268, 'sigma2': 0.00013723128264953618}"
SPY,"ARIMA(0,1,2)+drift",2025-11-17,660.2002563476562,2025-11-24,5,663.2351684570312,662.2334818283911,3.034912109375,2.0332254807348136,1.0,1.0,True,1.2226425425919984,0.8192800379059393,0.4798863000469282,8258,expanding,True,2.0,0.0,-3.0279899954762093,True,True,"{'const': 0.0003993471254280128, 'ma.L1': -0.08425093123498355, 'ma.L2': -0.01772505913213268, 'sigma2': 0.00013723128264953618}"
SPY,"ARIMA(0,1,2)+drift",2025-11-17,660.2002563476562,2025-12-16,20,673.2918701171875,666.2123024702191,13.09161376953125,6.012046122562879,1.0,1.0,True,1.2226425425919984,5.790382225666473,0.4798863000469282,8258,expanding,True,2.0,0.0,-3.0279899954762093,True,True,"{'const': 0.0003993471254280128, 'ma.L1': -0.08425093123498355, 'ma.L2': -0.01772505913213268, 'sigma2': 0.00013723128264953618}"
SPY,"ARIMA(0,1,2)+drift",2025-11-24,663.2351684570312,2025-11-25,1,669.4734497070312,662.5863854169089,6.23828125,-0.6487830401223391,1.0,-1.0,False,1.2260368354555427,5.617338803334895,0.47573389997705817,8263,expanding,True,2.0,0.0,-3.0280149727372576,True,True,"{'const': 0.00039954692219867113, 'ma.L1': -0.0842236326440325, 'ma.L2': -0.017789795344277184, 'sigma2': 0.00013722382875624235}"
SPY,"ARIMA(0,1,2)+drift",2025-11-24,663.2351684570312,2025-12-02,5,675.9300537109375,663.4735234031657,12.69488525390625,0.23835494613445007,1.0,1.0,True,1.2260368354555427,10.159996786021106,0.47573389997705817,8263,expanding,True,2.0,0.0,-3.0280149727372576,True,True,"{'const': 0.00039954692219867113, 'ma.L1': -0.0842236326440325, 'ma.L2': -0.017789795344277184, 'sigma2': 0.00013722382875624235}"
SPY,"ARIMA(0,1,2)+drift",2025-11-24,663.2351684570312,2025-12-23,20,684.3233032226562,667.4617947906727,21.088134765625,4.226626333641434,1.0,1.0,True,1.2260368354555427,13.75285631260708,0.47573389997705817,8263,expanding,True,2.0,0.0,-3.0280149727372576,True,True,"{'const': 0.00039954692219867113, 'ma.L1': -0.0842236326440325, 'ma.L2': -0.017789795344277184, 'sigma2': 0.00013722382875624235}"
SPY,"ARIMA(0,1,2)+drift",2025-12-02,675.9300537109375,2025-12-03,1,678.2706298828125,676.1859881737092,2.340576171875,0.2559344627717337,1.0,1.0,True,1.227579525884931,1.6981724321285834,0.4783875000430271,8268,expanding,True,2.0,0.0,-3.028220722603681,True,True,"{'const': 0.0004016661860719419, 'ma.L1': -0.08401362342601654, 'ma.L2': -0.017601291590839563, 'sigma2': 0.0001371676686658754}"
SPY,"ARIMA(0,1,2)+drift",2025-12-02,675.9300537109375,2025-12-09,5,677.4275512695312,677.2591212798412,1.49749755859375,1.3290675689037244,1.0,1.0,True,1.227579525884931,0.13720495180840422,0.4783875000430271,8268,expanding,True,2.0,0.0,-3.028220722603681,True,True,"{'const': 0.0004016661860719419, 'ma.L1': -0.08401362342601654, 'ma.L2': -0.017601291590839563, 'sigma2': 0.0001371676686658754}"
SPY,"ARIMA(0,1,2)+drift",2025-12-02,675.9300537109375,2025-12-31,20,678.3152465820312,681.3519197630314,2.38519287109375,5.421866052093947,1.0,1.0,True,1.227579525884931,2.4737079080975515,0.4783875000430271,8268,expanding,True,2.0,0.0,-3.028220722603681,True,True,"{'const': 0.0004016661860719419, 'ma.L1': -0.08401362342601654, 'ma.L2': -0.017601291590839563, 'sigma2': 0.0001371676686658754}"
SPY,"ARIMA(0,1,2)+drift",2025-12-09,677.4275512695312,2025-12-10,1,681.92041015625,677.8247502242601,4.49285888671875,0.39719895472887856,1.0,1.0,True,1.2276540023907012,3.3361679463546654,0.48176889994647354,8273,expanding,True,2.0,0.0,-3.028511868787184,True,True,"{'const': 0.0004017008261653134, 'ma.L1': -0.08400664269494398, 'ma.L2': -0.0176109025158235, 'sigma2': 0.0001370878573098792}"
SPY,"ARIMA(0,1,2)+drift",2025-12-09,677.4275512695312,2025-12-16,5,673.2918701171875,678.9328264412818,-4.13568115234375,1.5052751717505544,-1.0,1.0,False,1.2276540023907012,4.594907289113426,0.48176889994647354,8273,expanding,True,2.0,0.0,-3.028511868787184,True,True,"{'const': 0.0004017008261653134, 'ma.L1': -0.08400664269494398, 'ma.L2': -0.0176109025158235, 'sigma2': 0.0001370878573098792}"
SPY,"ARIMA(0,1,2)+drift",2025-12-09,677.4275512695312,2026-01-08,20,685.8651123046875,683.0360943317239,8.43756103515625,5.608543062192666,1.0,1.0,True,1.2276540023907012,2.304409847933073,0.48176889994647354,8273,expanding,True,2.0,0.0,-3.028511868787184,True,True,"{'const': 0.0004017008261653134, 'ma.L1': -0.08400664269494398, 'ma.L2': -0.0176109025158235, 'sigma2': 0.0001370878573098792}"
SPY,"ARIMA(0,1,2)+drift",2025-12-16,673.2918701171875,2025-12-17,1,665.8832397460938,673.7964976663144,-7.40863037109375,0.5046275491268943,-1.0,1.0,False,1.2288811031395477,6.439400768718665,0.4808214999502525,8278,expanding,True,2.0,0.0,-3.0287340434647736,True,True,"{'const': 0.00040072592470346766, 'ma.L1': -0.0839890656518629, 'ma.L2': -0.017662605637629003, 'sigma2': 0.00013702697534183412}"
SPY,"ARIMA(0,1,2)+drift",2025-12-16,673.2918701171875,2025-12-23,5,684.3233032226562,674.9198709630756,11.03143310546875,1.6280008458880957,1.0,1.0,True,1.2288811031395477,7.652027714932509,0.4808214999502525,8278,expanding,True,2.0,0.0,-3.0287340434647736,True,True,"{'const': 0.00040072592470346766, 'ma.L1': -0.0839890656518629, 'ma.L2': -0.017662605637629003, 'sigma2': 0.00013702697534183412}"
SPY,"ARIMA(0,1,2)+drift",2025-12-16,673.2918701171875,2026-01-15,20,688.5806884765625,678.9889564627366,15.288818359375,5.69708634554911,1.0,1.0,True,1.2288811031395477,7.8052563338478524,0.4808214999502525,8278,expanding,True,2.0,0.0,-3.0287340434647736,True,True,"{'const': 0.00040072592470346766, 'ma.L1': -0.0839890656518629, 'ma.L2': -0.017662605637629003, 'sigma2': 0.00013702697534183412}"
SPY,"ARIMA(0,1,2)+drift",2025-12-23,684.3233032226562,2025-12-24,1,686.7305297851562,684.2381901423183,2.4072265625,-0.0851130803379192,1.0,-1.0,False,1.231260273428362,2.0242183530360855,0.47939509991556406,8283,expanding,True,2.0,0.0,-3.0288931862243875,True,True,"{'const': 0.00040240452363398804, 'ma.L1': -0.08389451077698994, 'ma.L2': -0.017684738745113882, 'sigma2': 0.0001369830614817283}"
SPY,"ARIMA(0,1,2)+drift",2025-12-23,684.3233032226562,2025-12-31,5,678.3152465820312,685.2813627491182,-6.008056640625,0.958059526461966,-1.0,1.0,False,1.231260273428362,5.65771211613145,0.47939509991556406,8283,expanding,True,2.0,0.0,-3.0288931862243875,True,True,"{'const': 0.00040240452363398804, 'ma.L1': -0.08389451077698994, 'ma.L2': -0.017684738745113882, 'sigma2': 0.0001369830614817283}"
SPY,"ARIMA(0,1,2)+drift",2025-12-23,684.3233032226562,2026-01-23,20,685.5865478515625,689.4302765197979,1.26324462890625,5.1069732971416215,1.0,1.0,True,1.231260273428362,3.121784038018839,0.47939509991556406,8283,expanding,True,2.0,0.0,-3.0288931862243875,True,True,"{'const': 0.00040240452363398804, 'ma.L1': -0.08389451077698994, 'ma.L2': -0.017684738745113882, 'sigma2': 0.0001369830614817283}"
SPY,"ARIMA(0,1,2)+drift",2025-12-31,678.3152465820312,2026-01-02,1,679.55859375,679.0702583731677,1.24334716796875,0.7550117911364396,1.0,1.0,True,1.2318233491371207,0.39643296027339003,0.48228970007039607,8288,expanding,True,2.0,0.0,-3.029151950132091,True,True,"{'const': 0.0004011580063271487, 'ma.L1': -0.08386107278800549, 'ma.L2': -0.01765373770108742, 'sigma2': 0.00013691244517505258}"
SPY,"ARIMA(0,1,2)+drift",2025-12-31,678.3152465820312,2026-01-08,5,685.8651123046875,680.2577040932822,7.54986572265625,1.9424575112509501,1.0,1.0,True,1.2318233491371207,4.552120411853884,0.48228970007039607,8288,expanding,True,2.0,0.0,-3.029151950132091,True,True,"{'const': 0.0004011580063271487, 'ma.L1': -0.08386107278800549, 'ma.L2': -0.01765373770108742, 'sigma2': 0.00013691244517505258}"
SPY,"ARIMA(0,1,2)+drift",2025-12-31,678.3152465820312,2026-01-30,20,688.3121337890625,684.3634068366565,9.99688720703125,6.048160254625259,1.0,1.0,True,1.2318233491371207,3.2055951489895307,0.48228970007039607,8288,expanding,True,2.0,0.0,-3.029151950132091,True,True,"{'const': 0.0004011580063271487, 'ma.L1': -0.08386107278800549, 'ma.L2': -0.01765373770108742, 'sigma2': 0.00013691244517505258}"
SPY,"ARIMA(0,1,2)+drift",2026-01-08,685.8651123046875,2026-01-09,1,690.4010009765625,686.2150308377865,4.535888671875,0.3499185330989576,1.0,1.0,True,1.2325428899681288,3.3962064710659146,0.48158880008850247,8293,expanding,True,2.0,0.0,-3.029416328323271,True,True,"{'const': 0.0004022206476404729, 'ma.L1': -0.08384661658608572, 'ma.L2': -0.017718488098454735, 'sigma2': 0.00013683986847482345}"
SPY,"ARIMA(0,1,2)+drift",2026-01-08,685.8651123046875,2026-01-15,5,688.5806884765625,687.3278646585045,2.715576171875,1.4627523538169953,1.0,1.0,True,1.2325428899681288,1.016454541464598,0.48158880008850247,8293,expanding,True,2.0,0.0,-3.029416328323271,True,True,"{'const': 0.0004022206476404729, 'ma.L1': -0.08384661658608572, 'ma.L2': -0.017718488098454735, 'sigma2': 0.00013683986847482345}"
SPY,"ARIMA(0,1,2)+drift",2026-01-08,685.8651123046875,2026-02-06,20,686.96923828125,691.4872613887031,1.1041259765625,5.622149084015632,1.0,1.0,True,1.2325428899681288,3.6656112693733194,0.48158880008850247,8293,expanding,True,2.0,0.0,-3.029416328323271,True,True,"{'const': 0.0004022206476404729, 'ma.L1': -0.08384661658608572, 'ma.L2': -0.017718488098454735, 'sigma2': 0.00013683986847482345}"
SPY,"ARIMA(0,1,2)+drift",2026-01-15,688.5806884765625,2026-01-16,1,688.0037231445312,688.819844219286,-0.57696533203125,0.23915574272348294,-1.0,1.0,False,1.2332783579840725,0.6617492875564375,0.48697969992645085,8298,expanding,True,2.0,0.0,-3.029683500602273,True,True,"{'const': 0.0004024452722410628, 'ma.L1': -0.08384057755845101, 'ma.L2': -0.017760194659052524, 'sigma2': 0.00013676670952092554}"
SPY,"ARIMA(0,1,2)+drift",2026-01-15,688.5806884765625,2026-01-23,5,685.5865478515625,689.9072940699915,-2.994140625,1.326605593429008,-1.0,1.0,False,1.2332783579840725,3.503463910200887,0.48697969992645085,8298,expanding,True,2.0,0.0,-3.029683500602273,True,True,"{'const': 0.0004024452722410628, 'ma.L1': -0.08384057755845101, 'ma.L2': -0.017760194659052524, 'sigma2': 0.00013676670952092554}"
SPY,"ARIMA(0,1,2)+drift",2026-01-15,688.5806884765625,2026-02-13,20,678.1461181640625,694.0846389612866,-10.4345703125,5.5039504847241005,-1.0,1.0,False,1.2332783579840725,12.923701039623646,0.48697969992645085,8298,expanding,True,2.0,0.0,-3.029683500602273,True,True,"{'const': 0.0004024452722410628, 'ma.L1': -0.08384057755845101, 'ma.L2': -0.017760194659052524, 'sigma2': 0.00013676670952092554}"
SPY,"ARIMA(0,1,2)+drift",2026-01-23,685.5865478515625,2026-01-26,1,689.068115234375,685.7655540560057,3.4815673828125,0.17900620444322612,1.0,1.0,True,1.2356879588811551,2.672649801782931,0.4991800000425428,8303,expanding,True,2.0,0.0,-3.0297390749856272,True,True,"{'const': 0.0004016743028656454, 'ma.L1': -0.08394737981417669, 'ma.L2': -0.017887070180535616, 'sigma2': 0.00013675147158518855}"
SPY,"ARIMA(0,1,2)+drift",2026-01-23,685.5865478515625,2026-01-30,5,688.3121337890625,686.861320934717,2.7255859375,1.274773083154514,1.0,1.0,True,1.2356879588811551,1.1740932198280172,0.4991800000425428,8303,expanding,True,2.0,0.0,-3.0297390749856272,True,True,"{'const': 0.0004016743028656454, 'ma.L1': -0.08394737981417669, 'ma.L2': -0.017887070180535616, 'sigma2': 0.00013675147158518855}"
SPY,"ARIMA(0,1,2)+drift",2026-01-23,685.5865478515625,2026-02-23,20,678.7827758789062,691.0122313667098,-6.80377197265625,5.425683515147284,-1.0,1.0,False,1.2356879588811551,9.896880033432232,0.4991800000425428,8303,expanding,True,2.0,0.0,-3.0297390749856272,True,True,"{'const': 0.0004016743028656454, 'ma.L1': -0.08394737981417669, 'ma.L2': -0.017887070180535616, 'sigma2': 0.00013675147158518855}"
SPY,"ARIMA(0,1,2)+drift",2026-01-30,688.3121337890625,2026-02-02,1,691.73388671875,688.8246841258658,3.4217529296875,0.5125503368033151,1.0,1.0,True,1.2361152890472764,2.3535042553566536,0.4829463000642136,8308,expanding,True,2.0,0.0,-3.0300149167997037,True,True,"{'const': 0.00040193300920985227, 'ma.L1': -0.08392379987140756, 'ma.L2': -0.017875221495199888, 'sigma2': 0.0001366761138914248}"
SPY,"ARIMA(0,1,2)+drift",2026-01-30,688.3121337890625,2026-02-06,5,686.96923828125,689.9772390900512,-1.3428955078125,1.665105300988671,-1.0,1.0,False,1.2361152890472764,2.4334306317977488,0.4829463000642136,8308,expanding,True,2.0,0.0,-3.0300149167997037,True,True,"{'const': 0.00040193300920985227, 'ma.L1': -0.08392379987140756, 'ma.L2': -0.017875221495199888, 'sigma2': 0.0001366761138914248}"
SPY,"ARIMA(0,1,2)+drift",2026-01-30,688.3121337890625,2026-03-02,20,682.7516479492188,694.1496736652737,-5.56048583984375,5.837539876211167,-1.0,1.0,False,1.2361152890472764,9.220843571023082,0.4829463000642136,8308,expanding,True,2.0,0.0,-3.0300149167997037,True,True,"{'const': 0.00040193300920985227, 'ma.L1': -0.08392379987140756, 'ma.L2': -0.017875221495199888, 'sigma2': 0.0001366761138914248}"
SPY,"ARIMA(0,1,2)+drift",2026-02-06,686.96923828125,2026-02-09,1,690.2816162109375,686.4102572068308,3.3123779296875,-0.5589810744191936,1.0,-1.0,False,1.2394680770345328,3.1234035598311207,0.4831076000118628,8313,expanding,True,2.0,0.0,-3.03004570196822,True,True,"{'const': 0.0004013758426645857, 'ma.L1': -0.08406204639037121, 'ma.L2': -0.017856668581019638, 'sigma2': 0.00013666723761969355}"
SPY,"ARIMA(0,1,2)+drift",2026-02-06,686.96923828125,2026-02-13,5,678.1461181640625,687.3001915253037,-8.8231201171875,0.33095324405371684,-1.0,1.0,False,1.2394680770345328,7.385485379456187,0.4831076000118628,8313,expanding,True,2.0,0.0,-3.03004570196822,True,True,"{'const': 0.0004013758426645857, 'ma.L1': -0.08406204639037121, 'ma.L2': -0.017856668581019638, 'sigma2': 0.00013666723761969355}"
SPY,"ARIMA(0,1,2)+drift",2026-02-06,686.96923828125,2026-03-09,20,674.6845092773438,691.4506586203698,-12.28472900390625,4.481420339119836,-1.0,1.0,False,1.2394680770345328,13.526890812016424,0.4831076000118628,8313,expanding,True,2.0,0.0,-3.03004570196822,True,True,"{'const': 0.0004013758426645857, 'ma.L1': -0.08406204639037121, 'ma.L2': -0.017856668581019638, 'sigma2': 0.00013666723761969355}"
SPY,"ARIMA(0,1,2)+drift",2026-02-13,678.1461181640625,2026-02-17,1,679.2402954101562,678.6731352383134,1.09417724609375,0.5270170742509208,1.0,1.0,True,1.2406951264003816,0.45713097422114185,0.4839728999650106,8318,expanding,True,2.0,0.0,-3.030215914766505,True,True,"{'const': 0.00039965965228894146, 'ma.L1': -0.0839665568543912, 'ma.L2': -0.01794489040315593, 'sigma2': 0.00013662107890032474}"
SPY,"ARIMA(0,1,2)+drift",2026-02-13,678.1461181640625,2026-02-23,5,678.7827758789062,679.7718576713088,0.63665771484375,1.6257395072462941,1.0,1.0,True,1.2406951264003816,0.7971997079348243,0.4839728999650106,8318,expanding,True,2.0,0.0,-3.030215914766505,True,True,"{'const': 0.00039965965228894146, 'ma.L1': -0.0839665568543912, 'ma.L2': -0.01794489040315593, 'sigma2': 0.00013662107890032474}"
SPY,"ARIMA(0,1,2)+drift",2026-02-13,678.1461181640625,2026-03-16,20,665.493408203125,683.8592579614045,-12.6527099609375,5.7131397973420235,-1.0,1.0,False,1.2406951264003816,14.802870880587893,0.4839728999650106,8318,expanding,True,2.0,0.0,-3.030215914766505,True,True,"{'const': 0.00039965965228894146, 'ma.L1': -0.0839665568543912, 'ma.L2': -0.01794489040315593, 'sigma2': 0.00013662107890032474}"
SPY,"ARIMA(0,1,2)+drift",2026-02-23,678.7827758789062,2026-02-24,1,683.7164916992188,679.5524853318713,4.9337158203125,0.769709452965003,1.0,1.0,True,1.2421418492308722,3.3522792665957017,0.4794218000024557,8323,expanding,True,2.0,0.0,-3.0304384559338517,True,True,"{'const': 0.00039955330464530077, 'ma.L1': -0.08405391366470015, 'ma.L2': -0.017902602372533154, 'sigma2': 0.00013656033280083572}"
SPY,"ARIMA(0,1,2)+drift",2026-02-23,678.7827758789062,2026-03-02,5,682.7516479492188,680.7631146871898,3.9688720703125,1.9803388082835909,1.0,1.0,True,1.2421418492308722,1.6008906416446709,0.4794218000024557,8323,expanding,True,2.0,0.0,-3.0304384559338517,True,True,"{'const': 0.00039955330464530077, 'ma.L1': -0.08405391366470015, 'ma.L2': -0.017902602372533154, 'sigma2': 0.00013656033280083572}"
SPY,"ARIMA(0,1,2)+drift",2026-02-23,678.7827758789062,2026-03-23,20,653.6959228515625,684.8553828145091,-25.08685302734375,6.072606935602835,-1.0,1.0,False,1.2421418492308722,25.08526701861012,0.4794218000024557,8323,expanding,True,2.0,0.0,-3.0304384559338517,True,True,"{'const': 0.00039955330464530077, 'ma.L1': -0.08405391366470015, 'ma.L2': -0.017902602372533154, 'sigma2': 0.00013656033280083572}"
SPY,"ARIMA(0,1,2)+drift",2026-03-02,682.7516479492188,2026-03-03,1,676.7337036132812,683.114612045222,-6.0179443359375,0.36296409600322477,-1.0,1.0,False,1.2435832504065396,5.1310665609678665,0.4820975000038743,8328,expanding,True,2.0,0.0,-3.030666784333453,True,True,"{'const': 0.00039998091705094454, 'ma.L1': -0.0840731520858222, 'ma.L2': -0.01800693253167884, 'sigma2': 0.0001364978108143771}"
SPY,"ARIMA(0,1,2)+drift",2026-03-02,682.7516479492188,2026-03-09,5,674.6845092773438,684.2131822443238,-8.067138671875,1.4615342951050252,-1.0,1.0,False,1.2435832504065396,7.662271877548212,0.4820975000038743,8328,expanding,True,2.0,0.0,-3.030666784333453,True,True,"{'const': 0.00039998091705094454, 'ma.L1': -0.0840731520858222, 'ma.L2': -0.01800693253167884, 'sigma2': 0.0001364978108143771}"
SPY,"ARIMA(0,1,2)+drift",2026-03-02,682.7516479492188,2026-03-30,20,630.3460693359375,688.3306048130403,-52.40557861328125,5.578956863821531,-1.0,1.0,False,1.2435832504065396,46.62698332270644,0.4820975000038743,8328,expanding,True,2.0,0.0,-3.030666784333453,True,True,"{'const': 0.00039998091705094454, 'ma.L1': -0.0840731520858222, 'ma.L2': -0.01800693253167884, 'sigma2': 0.0001364978108143771}"
SPY,"ARIMA(0,1,2)+drift",2026-03-09,674.6845092773438,2026-03-10,1,673.6002807617188,674.722841000003,-1.084228515625,0.03833172265922258,-1.0,1.0,False,1.2463576371316092,0.9006726519265399,0.48179330001585186,8333,expanding,True,2.0,0.0,-3.030791410113561,True,True,"{'const': 0.00039828839963979755, 'ma.L1': -0.08416148739788878, 'ma.L2': -0.01801381837330994, 'sigma2': 0.00013646365841653356}"
SPY,"ARIMA(0,1,2)+drift",2026-03-09,674.6845092773438,2026-03-16,5,665.493408203125,675.712861752062,-9.19110107421875,1.0283524747183037,-1.0,1.0,False,1.2463576371316092,8.199455151938809,0.48179330001585186,8333,expanding,True,2.0,0.0,-3.030791410113561,True,True,"{'const': 0.00039828839963979755, 'ma.L1': -0.08416148739788878, 'ma.L2': -0.01801381837330994, 'sigma2': 0.00013646365841653356}"
SPY,"ARIMA(0,1,2)+drift",2026-03-09,674.6845092773438,2026-04-07,20,657.5260009765625,679.7618736822275,-17.15850830078125,5.077364404883724,-1.0,1.0,False,1.2463576371316092,17.840683960375152,0.48179330001585186,8333,expanding,True,2.0,0.0,-3.030791410113561,True,True,"{'const': 0.00039828839963979755, 'ma.L1': -0.08416148739788878, 'ma.L2': -0.01801381837330994, 'sigma2': 0.00013646365841653356}"
SPY,"ARIMA(0,1,2)+drift",2026-03-16,665.493408203125,2026-03-17,1,667.2440185546875,665.3533994276884,1.7506103515625,-0.14000877543662682,1.0,-1.0,False,1.248320948438449,1.5145296803391324,0.4820275999372825,8338,expanding,True,2.0,0.0,-3.030919773104842,True,True,"{'const': 0.00039639059883663294, 'ma.L1': -0.08409285798854749, 'ma.L2': -0.018098865944488493, 'sigma2': 0.00013642859569947146}"
SPY,"ARIMA(0,1,2)+drift",2026-03-16,665.493408203125,2026-03-23,5,653.6959228515625,666.3028667592321,-11.7974853515625,0.8094585561070744,-1.0,1.0,False,1.248320948438449,10.099120681616267,0.4820275999372825,8338,expanding,True,2.0,0.0,-3.030919773104842,True,True,"{'const': 0.00039639059883663294, 'ma.L1': -0.08409285798854749, 'ma.L2': -0.018098865944488493, 'sigma2': 0.00013642859569947146}"
SPY,"ARIMA(0,1,2)+drift",2026-03-16,665.493408203125,2026-04-14,20,692.675537109375,670.2764110050596,27.18212890625,4.783002801934572,1.0,1.0,True,1.248320948438449,17.943403202786083,0.4820275999372825,8338,expanding,True,2.0,0.0,-3.030919773104842,True,True,"{'const': 0.00039639059883663294, 'ma.L1': -0.08409285798854749, 'ma.L2': -0.018098865944488493, 'sigma2': 0.00013642859569947146}"
SPY,"ARIMA(0,1,2)+drift",2026-03-23,653.6959228515625,2026-03-24,1,651.5015869140625,653.6582522805298,-2.1943359375,-0.03767057103266325,-1.0,-1.0,True,1.251035173114785,1.723904661367549,0.4797833999618888,8343,expanding,True,2.0,0.0,-3.030984515704911,True,True,"{'const': 0.0003940140446209972, 'ma.L1': -0.08411429749277272, 'ma.L2': -0.018065432154764905, 'sigma2': 0.00013641099754753156}"
SPY,"ARIMA(0,1,2)+drift",2026-03-23,653.6959228515625,2026-03-30,5,630.3460693359375,654.586592609427,-23.349853515625,0.8906697578645435,-1.0,1.0,False,1.251035173114785,19.376372299058794,0.4797833999618888,8343,expanding,True,2.0,0.0,-3.030984515704911,True,True,"{'const': 0.0003940140446209972, 'ma.L1': -0.08411429749277272, 'ma.L2': -0.018065432154764905, 'sigma2': 0.00013641099754753156}"
SPY,"ARIMA(0,1,2)+drift",2026-03-23,653.6959228515625,2026-04-21,20,702.2708129882812,658.4667923772922,48.57489013671875,4.770869525729722,1.0,1.0,True,1.251035173114785,35.01421986555922,0.4797833999618888,8343,expanding,True,2.0,0.0,-3.030984515704911,True,True,"{'const': 0.0003940140446209972, 'ma.L1': -0.08411429749277272, 'ma.L2': -0.018065432154764905, 'sigma2': 0.00013641099754753156}"
SPY,"ARIMA(0,1,2)+drift",2026-03-30,630.3460693359375,2026-03-31,1,648.6688842773438,631.1057664362522,18.32281494140625,0.7596971003147246,1.0,1.0,True,1.2539530966943706,14.006199982591719,0.484044500044547,8348,expanding,True,2.0,0.0,-3.030952170021839,True,True,"{'const': 0.0003894819603267268, 'ma.L1': -0.08383295701659566, 'ma.L2': -0.017929830537580873, 'sigma2': 0.000136420188751194}"
SPY,"ARIMA(0,1,2)+drift",2026-03-30,630.3460693359375,2026-04-07,5,657.5260009765625,632.1538514129023,27.179931640625,1.807782076964827,1.0,1.0,True,1.2539530966943706,20.233730935028902,0.484044500044547,8348,expanding,True,2.0,0.0,-3.030952170021839,True,True,"{'const': 0.0003894819603267268, 'ma.L1': -0.08383295701659566, 'ma.L2': -0.017929830537580873, 'sigma2': 0.000136420188751194}"
SPY,"ARIMA(0,1,2)+drift",2026-03-30,630.3460693359375,2026-04-28,20,709.8612060546875,635.8578484971019,79.51513671875,5.511779161164441,1.0,1.0,True,1.2539530966943706,59.01604912709315,0.484044500044547,8348,expanding,True,2.0,0.0,-3.030952170021839,True,True,"{'const': 0.0003894819603267268, 'ma.L1': -0.08383295701659566, 'ma.L2': -0.017929830537580873, 'sigma2': 0.000136420188751194}"
SPY,"ARIMA(0,1,2)+drift",2026-04-07,657.5260009765625,2026-04-08,1,674.27294921875,657.7034283861237,16.7469482421875,0.1774274095612327,1.0,1.0,True,1.2564567085426888,13.187498399244138,0.48499239992816,8353,expanding,True,2.0,0.0,-3.030872436866699,True,True,"{'const': 0.00039426109623186587, 'ma.L1': -0.0837424238014278, 'ma.L2': -0.018379773826053308, 'sigma2': 0.0001364415727178454}"
SPY,"ARIMA(0,1,2)+drift",2026-04-07,657.5260009765625,2026-04-14,5,692.675537109375,658.7358165131109,35.1495361328125,1.2098155365483763,1.0,1.0,True,1.2564567085426888,27.012248305498225,0.48499239992816,8353,expanding,True,2.0,0.0,-3.030872436866699,True,True,"{'const': 0.00039426109623186587, 'ma.L1': -0.0837424238014278, 'ma.L2': -0.018379773826053308, 'sigma2': 0.0001364415727178454}"
SPY,"ARIMA(0,1,2)+drift",2026-04-07,657.5260009765625,2026-05-05,20,721.9102172851562,662.6430672797661,64.38421630859375,5.1170663032036146,1.0,1.0,True,1.2564567085426888,47.17006929282236,0.48499239992816,8353,expanding,True,2.0,0.0,-3.030872436866699,True,True,"{'const': 0.00039426109623186587, 'ma.L1': -0.0837424238014278, 'ma.L2': -0.018379773826053308, 'sigma2': 0.0001364415727178454}"
SPY,"ARIMA(0,1,2)+drift",2026-04-14,692.675537109375,2026-04-15,1,698.1414184570312,692.1113538914893,5.46588134765625,-0.5641832178856703,1.0,-1.0,False,1.260018373685433,4.78569574180459,0.4927430000388995,8358,expanding,True,2.0,0.0,-3.030768182380316,True,True,"{'const': 0.0004001980636174941, 'ma.L1': -0.08342431625522347, 'ma.L2': -0.01819901634970027, 'sigma2': 0.00013647008617428974}"
SPY,"ARIMA(0,1,2)+drift",2026-04-14,692.675537109375,2026-04-21,5,702.2708129882812,693.0624799884165,9.59527587890625,0.3869428790414986,1.0,1.0,True,1.260018373685433,7.30809422479393,0.4927430000388995,8358,expanding,True,2.0,0.0,-3.030768182380316,True,True,"{'const': 0.0004001980636174941, 'ma.L1': -0.08342431625522347, 'ma.L2': -0.01819901634970027, 'sigma2': 0.00013647008617428974}"
SPY,"ARIMA(0,1,2)+drift",2026-04-14,692.675537109375,2026-05-12,20,736.2831420898438,697.2354264321914,43.60760498046875,4.559889322816389,1.0,1.0,True,1.260018373685433,30.989798619714996,0.4927430000388995,8358,expanding,True,2.0,0.0,-3.030768182380316,True,True,"{'const': 0.0004001980636174941, 'ma.L1': -0.08342431625522347, 'ma.L2': -0.01819901634970027, 'sigma2': 0.00013647008617428974}"
SPY,"ARIMA(0,1,2)+drift",2026-04-21,702.2708129882812,2026-04-22,1,709.3825073242188,702.9718385678309,7.1116943359375,0.7010255795496505,1.0,1.0,True,1.2618581310638086,5.080340331906678,0.49473179993219674,8363,expanding,True,2.0,0.0,-3.030945559552145,True,True,"{'const': 0.00040169143192809336, 'ma.L1': -0.08327019755630538, 'ma.L2': -0.018077332834278592, 'sigma2': 0.00013642221279935635}"
SPY,"ARIMA(0,1,2)+drift",2026-04-21,702.2708129882812,2026-04-28,5,709.8612060546875,704.1896444372135,7.59039306640625,1.9188314489322238,1.0,1.0,True,1.2618581310638086,4.494611143562248,0.49473179993219674,8363,expanding,True,2.0,0.0,-3.030945559552145,True,True,"{'const': 0.00040169143192809336, 'ma.L1': -0.08327019755630538, 'ma.L2': -0.018077332834278592, 'sigma2': 0.00013642221279935635}"
SPY,"ARIMA(0,1,2)+drift",2026-04-21,702.2708129882812,2026-05-19,20,731.8446044921875,708.4454571873044,29.57379150390625,6.1746441990231915,1.0,1.0,True,1.2618581310638086,18.543405735442242,0.49473179993219674,8363,expanding,True,2.0,0.0,-3.030945559552145,True,True,"{'const': 0.00040169143192809336, 'ma.L1': -0.08327019755630538, 'ma.L2': -0.018077332834278592, 'sigma2': 0.00013642221279935635}"
SPY,"ARIMA(0,1,2)+drift",2026-04-28,709.8612060546875,2026-04-29,1,709.7515258789062,710.4193298562485,-0.10968017578125,0.5581238015610097,-1.0,1.0,False,1.263498994032371,0.5285354246393253,0.4902587999822572,8368,expanding,True,2.0,0.0,-3.031167389959308,True,True,"{'const': 0.0004027252106129581, 'ma.L1': -0.08336947892846756, 'ma.L2': -0.018034486073969954, 'sigma2': 0.00013636165376944672}"
SPY,"ARIMA(0,1,2)+drift",2026-04-28,709.8612060546875,2026-05-05,5,721.9102172851562,711.6287936908377,12.04901123046875,1.7675876361502105,1.0,1.0,True,1.263498994032371,8.137262983887368,0.4902587999822572,8368,expanding,True,2.0,0.0,-3.031167389959308,True,True,"{'const': 0.0004027252106129581, 'ma.L1': -0.08336947892846756, 'ma.L2': -0.018034486073969954, 'sigma2': 0.00013636165376944672}"
SPY,"ARIMA(0,1,2)+drift",2026-04-28,709.8612060546875,2026-05-27,20,748.5316162109375,715.9406671667768,38.67041015625,6.079461112089348,1.0,1.0,True,1.263498994032371,25.7942026056933,0.4902587999822572,8368,expanding,True,2.0,0.0,-3.031167389959308,True,True,"{'const': 0.0004027252106129581, 'ma.L1': -0.08336947892846756, 'ma.L2': -0.018034486073969954, 'sigma2': 0.00013636165376944672}"
SPY,"ARIMA(0,1,2)+drift",2026-05-05,721.9102172851562,2026-05-06,1,731.9443359375,721.8080897187549,10.03411865234375,-0.10212756640135012,1.0,-1.0,False,1.2648388597877531,8.01386369521096,0.4884091999847442,8373,expanding,True,2.0,0.0,-3.0313939281136593,True,True,"{'const': 0.00040444724847919897, 'ma.L1': -0.0833793171881099, 'ma.L2': -0.01808563650395894, 'sigma2': 0.00013629963158194093}"
SPY,"ARIMA(0,1,2)+drift",2026-05-05,721.9102172851562,2026-05-12,5,736.2831420898438,722.8808229799037,14.3729248046875,0.9706056947474053,1.0,1.0,True,1.2648388597877531,10.596068428976857,0.4884091999847442,8373,expanding,True,2.0,0.0,-3.0313939281136593,True,True,"{'const': 0.00040444724847919897, 'ma.L1': -0.0833793171881099, 'ma.L2': -0.01808563650395894, 'sigma2': 0.00013629963158194093}"
SPY,"ARIMA(0,1,2)+drift",2026-05-05,721.9102172851562,2026-06-03,20,752.3018798828125,727.2796601176437,30.39166259765625,5.369442832487493,1.0,1.0,True,1.2648388597877531,19.782930901860194,0.4884091999847442,8373,expanding,True,2.0,0.0,-3.0313939281136593,True,True,"{'const': 0.00040444724847919897, 'ma.L1': -0.0833793171881099, 'ma.L2': -0.01808563650395894, 'sigma2': 0.00013629963158194093}"
SPY,"ARIMA(0,1,2)+drift",2026-05-12,736.2831420898438,2026-05-13,1,740.4025268554688,736.6460363341628,4.119384765625,0.3628942443190226,1.0,1.0,True,1.2666021863671668,2.9658013871586935,0.4847249999875203,8378,expanding,True,2.0,0.0,-3.031574184280387,True,True,"{'const': 0.0004065905835080258, 'ma.L1': -0.08331226165511743, 'ma.L2': -0.018062475805229062, 'sigma2': 0.0001362506978701637}"
SPY,"ARIMA(0,1,2)+drift",2026-05-12,736.2831420898438,2026-05-19,5,731.8446044921875,737.8660306520334,-4.43853759765625,1.5828885621896234,-1.0,1.0,False,1.2666021863671668,4.7539994993348,0.4847249999875203,8378,expanding,True,2.0,0.0,-3.031574184280387,True,True,"{'const': 0.0004065905835080258, 'ma.L1': -0.08331226165511743, 'ma.L2': -0.018062475805229062, 'sigma2': 0.0001362506978701637}"
SPY,"ARIMA(0,1,2)+drift",2026-05-12,736.2831420898438,2026-06-10,20,723.56591796875,742.3799221531016,-12.71722412109375,6.096780063257825,-1.0,1.0,False,1.2666021863671668,14.853917344255798,0.4847249999875203,8378,expanding,True,2.0,0.0,-3.031574184280387,True,True,"{'const': 0.0004065905835080258, 'ma.L1': -0.08331226165511743, 'ma.L2': -0.018062475805229062, 'sigma2': 0.0001362506978701637}"
SPY,"ARIMA(0,1,2)+drift",2026-05-19,731.8446044921875,2026-05-20,1,739.3452758789062,732.6227818417974,7.50067138671875,0.7781773496099049,1.0,1.0,True,1.2687537298655347,5.298501891160004,0.48813269997481257,8383,expanding,True,2.0,0.0,-3.0317474890141933,True,True,"{'const': 0.00040565362081569, 'ma.L1': -0.08333316595485156, 'ma.L2': -0.018046201498230316, 'sigma2': 0.0001362035920917526}"
SPY,"ARIMA(0,1,2)+drift",2026-05-19,731.8446044921875,2026-05-27,5,748.5316162109375,733.9113507224038,16.68701171875,2.0667462302162676,1.0,1.0,True,1.2687537298655347,11.523328085177901,0.48813269997481257,8383,expanding,True,2.0,0.0,-3.0317474890141933,True,True,"{'const': 0.00040565362081569, 'ma.L1': -0.08333316595485156, 'ma.L2': -0.018046201498230316, 'sigma2': 0.0001362035920917526}"
SPY,"ARIMA(0,1,2)+drift",2026-05-19,731.8446044921875,2026-06-17,20,739.0560302734375,738.3906717495244,7.21142578125,6.546067257336858,1.0,1.0,True,1.2687537298655347,0.5244189697741088,0.48813269997481257,8383,expanding,True,2.0,0.0,-3.0317474890141933,True,True,"{'const': 0.00040565362081569, 'ma.L1': -0.08333316595485156, 'ma.L2': -0.018046201498230316, 'sigma2': 0.0001362035920917526}"
SPY,"ARIMA(0,1,2)+drift",2026-05-27,748.5316162109375,2026-05-28,1,752.6609497070312,748.7461577297271,4.12933349609375,0.21454151878958783,1.0,1.0,True,1.2700179056713634,3.082469908355115,0.49973929999396205,8388,expanding,True,2.0,0.0,-3.0319815723068393,True,True,"{'const': 0.00040806262321782576, 'ma.L1': -0.08334698856704845, 'ma.L2': -0.01803386552113786, 'sigma2': 0.00013613960873289836}"
SPY,"ARIMA(0,1,2)+drift",2026-05-27,748.5316162109375,2026-06-03,5,752.3018798828125,749.9688103956944,3.770263671875,1.4371941847568905,1.0,1.0,True,1.2700179056713634,1.837036687986529,0.49973929999396205,8388,expanding,True,2.0,0.0,-3.0319815723068393,True,True,"{'const': 0.00040806262321782576, 'ma.L1': -0.08334698856704845, 'ma.L2': -0.01803386552113786, 'sigma2': 0.00013613960873289836}"
SPY,"ARIMA(0,1,2)+drift",2026-05-27,748.5316162109375,2026-06-25,20,734.2999877929688,754.5734018334219,-14.23162841796875,6.04178562248444,-1.0,1.0,False,1.2700179056713634,15.963093079176828,0.49973929999396205,8388,expanding,True,2.0,0.0,-3.0319815723068393,True,True,"{'const': 0.00040806262321782576, 'ma.L1': -0.08334698856704845, 'ma.L2': -0.01803386552113786, 'sigma2': 0.00013613960873289836}"
SPY,"ARIMA(0,1,2)+drift",2026-06-03,752.3018798828125,2026-06-04,1,755.1445922851562,753.0509059148136,2.84271240234375,0.7490260320010975,1.0,1.0,True,1.2709774939188856,1.6473040477585927,0.4912383999908343,8393,expanding,True,2.0,0.0,-3.0322378965554666,True,True,"{'const': 0.0004084516198864027, 'ma.L1': -0.083331988533119, 'ma.L2': -0.018006021356501412, 'sigma2': 0.00013606999964471445}"
SPY,"ARIMA(0,1,2)+drift",2026-06-03,752.3018798828125,2026-06-10,5,723.56591796875,754.3814348511237,-28.7359619140625,2.079554968311186,-1.0,1.0,False,1.2709774939188856,24.245525219615217,0.4912383999908343,8393,expanding,True,2.0,0.0,-3.0322378965554666,True,True,"{'const': 0.0004084516198864027, 'ma.L1': -0.083331988533119, 'ma.L2': -0.018006021356501412, 'sigma2': 0.00013606999964471445}"
SPY,"ARIMA(0,1,2)+drift",2026-06-03,752.3018798828125,2026-07-02,20,744.780029296875,759.0175473424314,-7.5218505859375,6.715667459618885,-1.0,1.0,False,1.2709774939188856,11.202022155134268,0.4912383999908343,8393,expanding,True,2.0,0.0,-3.0322378965554666,True,True,"{'const': 0.0004084516198864027, 'ma.L1': -0.083331988533119, 'ma.L2': -0.018006021356501412, 'sigma2': 0.00013606999964471445}"
SPY,"ARIMA(0,1,2)+drift",2026-06-10,723.56591796875,2026-06-11,1,735.8642578125,724.91063067694,12.29833984375,1.3447127081899453,1.0,1.0,True,1.274716662440653,8.592989688067268,0.49056379997637123,8398,expanding,True,2.0,0.0,-3.0320983710536002,True,True,"{'const': 0.00040361036610236364, 'ma.L1': -0.08333905319707731, 'ma.L2': -0.017731362806044277, 'sigma2': 0.0001361082416489785}"
SPY,"ARIMA(0,1,2)+drift",2026-06-10,723.56591796875,2026-06-17,5,739.0560302734375,726.2959037500952,15.4901123046875,2.729985781345249,1.0,1.0,True,1.274716662440653,10.010166885957942,0.49056379997637123,8398,expanding,True,2.0,0.0,-3.0320983710536002,True,True,"{'const': 0.00040361036610236364, 'ma.L1': -0.08333905319707731, 'ma.L2': -0.017731362806044277, 'sigma2': 0.0001361082416489785}"
SPY,"ARIMA(0,1,2)+drift",2026-06-10,723.56591796875,2026-07-10,20,754.9500122070312,730.706349374807,31.38409423828125,7.140431406057019,1.0,1.0,True,1.274716662440653,19.018863992729006,0.49056379997637123,8398,expanding,True,2.0,0.0,-3.0320983710536002,True,True,"{'const': 0.00040361036610236364, 'ma.L1': -0.08333905319707731, 'ma.L2': -0.017731362806044277, 'sigma2': 0.0001361082416489785}"
SPY,"ARIMA(0,1,2)+drift",2026-06-17,739.0560302734375,2026-06-18,1,746.739990234375,740.2250823810836,7.6839599609375,1.1690521076460527,1.0,1.0,True,1.279094814090779,5.093373674509383,0.4913988000480458,8403,expanding,True,2.0,0.0,-3.032058595754508,True,True,"{'const': 0.0004058792057084698, 'ma.L1': -0.08342761312944394, 'ma.L2': -0.017892090467405666, 'sigma2': 0.0001361187976533421}"
SPY,"ARIMA(0,1,2)+drift",2026-06-17,739.0560302734375,2026-06-25,5,734.2999877929688,741.6010022821299,-4.75604248046875,2.5449720086924117,-1.0,1.0,False,1.279094814090779,5.707954100612122,0.4913988000480458,8403,expanding,True,2.0,0.0,-3.032058595754508,True,True,"{'const': 0.0004058792057084698, 'ma.L1': -0.08342761312944394, 'ma.L2': -0.017892090467405666, 'sigma2': 0.0001361187976533421}"
SPY,"ARIMA(0,1,2)+drift",2026-06-17,739.0560302734375,2026-07-17,20,743.2899780273438,746.1297807072924,4.23394775390625,7.0737504338549115,1.0,1.0,True,1.279094814090779,2.2201658928367114,0.4913988000480458,8403,expanding,True,2.0,0.0,-3.032058595754508,True,True,"{'const': 0.0004058792057084698, 'ma.L1': -0.08342761312944394, 'ma.L2': -0.017892090467405666, 'sigma2': 0.0001361187976533421}"
SPY,"ARIMA(0,1,2)+drift",2026-06-25,734.2999877929688,2026-06-26,1,728.989990234375,734.5903740377743,-5.30999755859375,0.2903862448055179,-1.0,1.0,False,1.2809799673498579,4.371952681653222,0.48785070003941655,8408,expanding,True,2.0,0.0,-3.0322160971247762,True,True,"{'const': 0.0004048107931062579, 'ma.L1': -0.08347597183245718, 'ma.L2': -0.01801059124979639, 'sigma2': 0.00013607565989404863}"
SPY,"ARIMA(0,1,2)+drift",2026-06-25,734.2999877929688,2026-07-02,5,744.780029296875,735.7730692631485,10.48004150390625,1.4730814701797499,1.0,1.0,True,1.2809799673498579,7.031304363299651,0.48785070003941655,8408,expanding,True,2.0,0.0,-3.0322160971247762,True,True,"{'const': 0.0004048107931062579, 'ma.L1': -0.08347597183245718, 'ma.L2': -0.01801059124979639, 'sigma2': 0.00013607565989404863}"
SPY,"ARIMA(0,1,2)+drift",2026-06-25,734.2999877929688,2026-07-24,20,738.9299926757812,740.2543943553117,4.6300048828125,5.9544065623429105,1.0,1.0,True,1.2809799673498579,1.0338972609153172,0.48785070003941655,8408,expanding,True,2.0,0.0,-3.0322160971247762,True,True,"{'const': 0.0004048107931062579, 'ma.L1': -0.08347597183245718, 'ma.L2': -0.01801059124979639, 'sigma2': 0.00013607565989404863}"
SPY,"ARIMA(0,1,2)+drift",2026-07-02,744.780029296875,2026-07-06,1,751.280029296875,745.1946413214423,6.5,0.4146120245673046,1.0,1.0,True,1.2832000240846528,4.742353383116241,0.48853309999685735,8413,expanding,True,2.0,0.0,-3.032352512501149,True,True,"{'const': 0.00040626313773050395, 'ma.L1': -0.08348273375036623, 'ma.L2': -0.018069252264911025, 'sigma2': 0.00013603849533778154}"
SPY,"ARIMA(0,1,2)+drift",2026-07-02,744.780029296875,2026-07-10,5,754.9500122070312,746.4286232897837,10.16998291015625,1.6485939929086726,1.0,1.0,True,1.2832000240846528,6.640733133812208,0.48853309999685735,8413,expanding,True,2.0,0.0,-3.032352512501149,True,True,"{'const': 0.00040626313773050395, 'ma.L1': -0.08348273375036623, 'ma.L2': -0.018069252264911025, 'sigma2': 0.00013603849533778154}"
SPY,"ARIMA(0,1,2)+drift",2026-07-02,744.780029296875,2026-07-31,20,747.030029296875,750.9912077630175,2.25,6.211178466142542,1.0,1.0,True,1.2832000240846528,3.08695323550058,0.48853309999685735,8413,expanding,True,2.0,0.0,-3.032352512501149,True,True,"{'const': 0.00040626313773050395, 'ma.L1': -0.08348273375036623, 'ma.L2': -0.018069252264911025, 'sigma2': 0.00013603849533778154}"
SPY,"ARIMA(0,1,2)+drift",2026-07-10,754.9500122070312,2026-07-13,1,749.1699829101562,754.8719572266297,-5.780029296875,-0.07805498040158909,-1.0,-1.0,True,1.2850431977279173,4.437184933981256,0.49149010004475713,8418,expanding,True,2.0,0.0,-3.0325716244866747,True,True,"{'const': 0.0004076009343860653, 'ma.L1': -0.08350564009323848, 'ma.L2': -0.018135201731450976, 'sigma2': 0.0001359787163761196}"
SPY,"ARIMA(0,1,2)+drift",2026-07-10,754.9500122070312,2026-07-17,5,743.2899780273438,756.0425176021005,-11.6600341796875,1.0925053950692245,-1.0,1.0,False,1.2850431977279173,9.92382170288475,0.49149010004475713,8418,expanding,True,2.0,0.0,-3.0325716244866747,True,True,"{'const': 0.0004076009343860653, 'ma.L1': -0.08350564009323848, 'ma.L2': -0.018135201731450976, 'sigma2': 0.0001359787163761196}"
SPY,"ARIMA(0,1,2)+drift",2026-07-10,754.9500122070312,2026-08-07,20,773.260009765625,760.6791318700685,18.30999755859375,5.729119663037295,1.0,1.0,True,1.2850431977279173,9.790237338169396,0.49149010004475713,8418,expanding,True,2.0,0.0,-3.0325716244866747,True,True,"{'const': 0.0004076009343860653, 'ma.L1': -0.08350564009323848, 'ma.L2': -0.018135201731450976, 'sigma2': 0.0001359787163761196}"
SPY,"ARIMA(0,1,2)+drift",2026-07-17,743.2899780273438,2026-07-20,1,742.0900268554688,744.3335364546741,-1.199951171875,1.0435584273303675,-1.0,1.0,False,1.2870041152638854,1.7432031277890372,0.484321599942632,8423,expanding,True,2.0,0.0,-3.0327712165801435,True,True,"{'const': 0.0004055820018862852, 'ma.L1': -0.08351025882044323, 'ma.L2': -0.018247146733553023, 'sigma2': 0.00013592479545216938}"
SPY,"ARIMA(0,1,2)+drift",2026-07-17,743.2899780273438,2026-07-24,5,738.9299926757812,745.6882483371654,-4.3599853515625,2.398270309821669,-1.0,1.0,False,1.2870041152638854,5.251153109171268,0.484321599942632,8423,expanding,True,2.0,0.0,-3.0327712165801435,True,True,"{'const': 0.0004055820018862852, 'ma.L1': -0.08351025882044323, 'ma.L2': -0.018247146733553023, 'sigma2': 0.00013592479545216938}"
SPY,"ARIMA(0,1,2)+drift",2026-07-17,743.2899780273438,2026-08-14,20,776.3400268554688,750.2386419736885,33.050048828125,6.948663946344709,1.0,1.0,True,1.2870041152638854,20.280731485018215,0.484321599942632,8423,expanding,True,2.0,0.0,-3.0327712165801435,True,True,"{'const': 0.0004055820018862852, 'ma.L1': -0.08351025882044323, 'ma.L2': -0.018247146733553023, 'sigma2': 0.00013592479545216938}"
