date,y
1993-01-29,24.113265991210938
1993-02-01,24.284774780273438
1993-02-02,24.336204528808594
1993-02-03,24.593475341796875
1993-02-04,24.696367263793945
1993-02-05,24.6792049407959
1993-02-08,24.6792049407959
1993-02-09,24.507713317871094
1993-02-10,24.54201889038086
1993-02-11,24.662063598632812
1993-02-12,24.473419189453125
1993-02-16,23.85599708557129
1993-02-17,23.8388614654541
1993-02-18,23.821691513061523
1993-02-19,23.90744972229004
1993-02-22,23.99320411682129
1993-02-23,23.97604751586914
1993-02-24,24.284774780273438
1993-02-25,24.336204528808594
1993-02-26,24.370519638061523
1993-03-01,24.301916122436523
1993-03-02,24.662063598632812
1993-03-03,24.76496124267578
1993-03-04,24.62775230407715
1993-03-05,24.559160232543945
1993-03-08,25.107969284057617
1993-03-09,25.022218704223633
1993-03-10,25.073680877685547
1993-03-11,25.005083084106445
1993-03-12,24.747825622558594
1993-03-15,24.867870330810547
1993-03-16,24.867870330810547
1993-03-17,24.713520050048828
1993-03-18,24.867870330810547
1993-03-19,24.830215454101562
1993-03-22,24.692392349243164
1993-03-23,24.744083404541016
1993-03-24,24.744083404541016
1993-03-25,24.8991641998291
1993-03-26,24.761316299438477
1993-03-29,24.86469268798828
1993-03-30,24.933631896972656
1993-03-31,24.9163818359375
1993-04-01,24.830215454101562
1993-04-02,24.313289642333984
1993-04-05,24.43391227722168
1993-04-06,24.364999771118164
1993-04-07,24.451141357421875
1993-04-08,24.416702270507812
1993-04-12,24.761316299438477
1993-04-13,24.813003540039062
1993-04-14,24.778545379638672
1993-04-15,24.778545379638672
1993-04-16,24.778545379638672
1993-04-19,24.67514991760254
1993-04-20,24.55455207824707
1993-04-21,24.537315368652344
1993-04-22,24.227134704589844
1993-04-23,24.123746871948242
1993-04-26,23.934202194213867
1993-04-27,24.19268798828125
1993-04-28,24.1409912109375
1993-04-29,24.244382858276367
1993-04-30,24.278839111328125
1993-05-03,24.43391227722168
1993-05-04,24.52007293701172
1993-05-05,24.589012145996094
1993-05-06,24.50284767150879
1993-05-07,24.451141357421875
1993-05-10,24.50284767150879
1993-05-11,24.606233596801758
1993-05-12,24.571779251098633
1993-05-13,24.278839111328125
1993-05-14,24.261611938476562
1993-05-17,24.34776496887207
1993-05-18,24.330524444580078
1993-05-19,24.830215454101562
1993-05-20,24.8991641998291
1993-05-21,24.67514991760254
1993-05-24,24.778545379638672
1993-05-25,24.830215454101562
1993-05-26,25.140399932861328
1993-05-27,25.054237365722656
1993-05-28,24.933631896972656
1993-06-01,25.17486572265625
1993-06-02,25.140399932861328
1993-06-03,25.054237365722656
1993-06-04,24.96809196472168
1993-06-07,24.88193130493164
1993-06-08,24.657928466796875
1993-06-09,24.744083404541016
1993-06-10,24.761316299438477
1993-06-11,24.86469268798828
1993-06-14,24.830215454101562
1993-06-15,24.778545379638672
1993-06-16,24.830215454101562
1993-06-17,24.9163818359375
1993-06-18,24.711223602294922
1993-06-21,24.76325798034668
1993-06-22,24.780616760253906
1993-06-23,24.55503273010254
1993-06-24,24.884754180908203
1993-06-25,24.867389678955078
1993-06-28,25.145036697387695
1993-06-29,25.023555755615234
1993-06-30,25.023555755615234
1993-07-01,24.954164505004883
1993-07-02,24.815324783325195
1993-07-06,24.55503273010254
1993-07-07,24.62443733215332
1993-07-08,24.902095794677734
1993-07-09,24.971506118774414
1993-07-12,24.954164505004883
1993-07-13,24.93681526184082
1993-07-14,25.023555755615234
1993-07-15,24.919458389282227
1993-07-16,24.850032806396484
1993-07-19,24.832674026489258
1993-07-20,24.902095794677734
1993-07-21,24.884754180908203
1993-07-22,24.711223602294922
1993-07-23,24.832674026489258
1993-07-26,24.971506118774414
1993-07-27,24.954164505004883
1993-07-28,24.902095794677734
1993-07-29,25.040908813476562
1993-07-30,24.902095794677734
1993-08-02,24.971506118774414
1993-08-03,24.988861083984375
1993-08-04,24.988861083984375
1993-08-05,24.93681526184082
1993-08-06,24.971506118774414
1993-08-09,25.110342025756836
1993-08-10,25.092985153198242
1993-08-11,25.092985153198242
1993-08-12,25.023555755615234
1993-08-13,25.058273315429688
1993-08-16,25.197097778320312
1993-08-17,25.28386688232422
1993-08-18,25.422706604003906
1993-08-19,25.422706604003906
1993-08-20,25.440061569213867
1993-08-23,25.387977600097656
1993-08-24,25.665645599365234
1993-08-25,25.683000564575195
1993-08-26,25.70033836364746
1993-08-27,25.683000564575195
1993-08-30,25.787118911743164
1993-08-31,25.856529235839844
1993-09-01,25.821823120117188
1993-09-02,25.735065460205078
1993-09-03,25.752412796020508
1993-09-07,25.578886032104492
1993-09-08,25.492111206054688
1993-09-09,25.54417610168457
1993-09-10,25.7697696685791
1993-09-13,25.787118911743164
1993-09-14,25.683000564575195
1993-09-15,25.752412796020508
1993-09-16,25.648290634155273
1993-09-17,25.598575592041016
1993-09-20,25.38901710510254
1993-09-21,25.301715850830078
1993-09-22,25.511241912841797
1993-09-23,25.65094566345215
1993-09-24,25.581106185913086
1993-09-27,25.8604736328125
1993-09-28,25.808094024658203
1993-09-29,25.720781326293945
1993-09-30,25.66840171813965
1993-10-01,25.79063606262207
1993-10-04,25.8255672454834
1993-10-05,25.79063606262207
1993-10-06,25.77316665649414
1993-10-07,25.703332901000977
1993-10-08,25.738262176513672
1993-10-11,25.79063606262207
1993-10-12,25.8255672454834
1993-10-13,25.8255672454834
1993-10-14,26.15733528137207
1993-10-15,26.297035217285156
1993-10-18,26.227176666259766
1993-10-19,26.03510856628418
1993-10-20,26.07001495361328
1993-10-21,26.03510856628418
1993-10-22,25.91287612915039
1993-10-25,25.98271369934082
1993-10-26,25.965253829956055
1993-10-27,25.98271369934082
1993-10-28,26.174785614013672
1993-10-29,26.174785614013672
1993-11-01,26.244653701782227
1993-11-02,26.227176666259766
1993-11-03,25.895416259765625
1993-11-04,25.616024017333984
1993-11-05,25.738262176513672
1993-11-08,25.77316665649414
1993-11-09,25.79063606262207
1993-11-10,25.98271369934082
1993-11-11,25.91287612915039
1993-11-12,26.03510856628418
1993-11-15,26.01763343811035
1993-11-16,26.139873504638672
1993-11-17,26.000173568725586
1993-11-18,25.930330276489258
1993-11-19,25.87794303894043
1993-11-22,25.720781326293945
1993-11-23,25.8604736328125
1993-11-24,25.965253829956055
1993-11-26,25.98271369934082
1993-11-29,25.87794303894043
1993-11-30,25.895416259765625
1993-12-01,25.930330276489258
1993-12-02,26.000173568725586
1993-12-03,26.104951858520508
1993-12-06,26.19223976135254
1993-12-07,26.174785614013672
1993-12-08,26.174785614013672
1993-12-09,26.087488174438477
1993-12-10,26.03510856628418
1993-12-13,26.19223976135254
1993-12-14,26.000173568725586
1993-12-15,25.965253829956055
1993-12-16,26.052549362182617
1993-12-17,26.195737838745117
1993-12-20,26.230892181396484
1993-12-21,26.143001556396484
1993-12-22,26.31880760192871
1993-12-23,26.30121612548828
1993-12-27,26.44186782836914
1993-12-28,26.494604110717773
1993-12-29,26.459455490112305
1993-12-30,26.353973388671875
1993-12-31,26.21333122253418
1994-01-03,26.143001556396484
1994-01-04,26.248477935791016
1994-01-05,26.30121612548828
1994-01-06,26.30121612548828
1994-01-07,26.459455490112305
1994-01-10,26.77591896057129
1994-01-11,26.723163604736328
1994-01-12,26.635265350341797
1994-01-13,26.56494140625
1994-01-14,26.670421600341797
1994-01-17,26.670421600341797
1994-01-18,26.705595016479492
1994-01-19,26.635265350341797
1994-01-20,26.705595016479492
1994-01-21,26.65283966064453
1994-01-24,26.54737091064453
1994-01-25,26.54737091064453
1994-01-26,26.6176700592041
1994-01-27,26.863826751708984
1994-01-28,26.934125900268555
1994-01-31,27.127527236938477
1994-02-01,26.986886978149414
1994-02-02,27.162710189819336
1994-02-03,27.03963279724121
1994-02-04,26.424306869506836
1994-02-07,26.54737091064453
1994-02-08,26.56494140625
1994-02-09,26.670421600341797
1994-02-10,26.44186782836914
1994-02-11,26.529769897460938
1994-02-14,26.56494140625
1994-02-15,26.705595016479492
1994-02-16,26.688011169433594
1994-02-17,26.529769897460938
1994-02-18,26.371540069580078
1994-02-22,26.635265350341797
1994-02-23,26.56494140625
1994-02-24,26.21333122253418
1994-02-25,26.33638572692871
1994-02-28,26.33638572692871
1994-03-01,26.230892181396484
1994-03-02,26.266077041625977
1994-03-03,26.195737838745117
1994-03-04,26.266077041625977
1994-03-07,26.406707763671875
1994-03-08,26.30121612548828
1994-03-09,26.424306869506836
1994-03-10,26.21333122253418
1994-03-11,26.353973388671875
1994-03-14,26.389135360717773
1994-03-15,26.371540069580078
1994-03-16,26.58253288269043
1994-03-17,26.58253288269043
1994-03-18,26.576725006103516
1994-03-21,26.505971908569336
1994-03-22,26.576725006103516
1994-03-23,26.559036254882812
1994-03-24,26.24077033996582
1994-03-25,25.993209838867188
1994-03-28,26.0285701751709
1994-03-29,25.515762329101562
1994-03-30,25.16213035583496
1994-03-31,25.232858657836914
1994-04-04,24.843828201293945
1994-04-05,25.356643676757812
1994-04-06,25.356643676757812
1994-04-07,25.480403900146484
1994-04-08,25.285888671875
1994-04-11,25.392000198364258
1994-04-12,25.356643676757812
1994-04-13,25.22401237487793
1994-04-14,25.232858657836914
1994-04-15,25.232858657836914
1994-04-18,25.064870834350586
1994-04-19,25.10024070739746
1994-04-20,25.07370376586914
1994-04-21,25.409690856933594
1994-04-22,25.383163452148438
1994-04-25,25.648374557495117
1994-04-26,25.621871948242188
1994-04-28,25.43619155883789
1994-04-29,25.515762329101562
1994-05-02,25.67491912841797
1994-05-03,25.648374557495117
1994-05-04,25.604188919067383
1994-05-05,25.568822860717773
1994-05-06,25.321264266967773
1994-05-09,25.10024070739746
1994-05-10,25.294748306274414
1994-05-11,25.064870834350586
1994-05-12,25.188648223876953
1994-05-13,25.188648223876953
1994-05-16,25.19748878479004
1994-05-17,25.568822860717773
1994-05-18,25.754491806030273
1994-05-19,25.878267288208008
1994-05-20,25.781023025512695
1994-05-23,25.7368106842041
1994-05-24,25.842905044555664
1994-05-25,25.913631439208984
1994-05-26,25.931299209594727
1994-05-27,25.957839965820312
1994-05-31,25.9224796295166
1994-06-01,26.03740882873535
1994-06-02,26.01089096069336
1994-06-03,26.161176681518555
1994-06-06,26.152347564697266
1994-06-07,26.116973876953125
1994-06-08,25.90478515625
1994-06-09,26.046247482299805
1994-06-10,26.090444564819336
1994-06-13,26.125818252563477
1994-06-14,26.329174041748047
1994-06-15,26.223073959350586
1994-06-16,26.276124954223633
1994-06-17,26.129459381103516
1994-06-20,25.90696144104004
1994-06-21,25.68446922302246
1994-06-22,25.782358169555664
1994-06-23,25.631067276000977
1994-06-24,25.09709930419922
1994-06-27,25.53318214416504
1994-06-28,25.408573150634766
1994-06-29,25.48868751525879
1994-06-30,25.3284969329834
1994-07-01,25.381874084472656
1994-07-05,25.515384674072266
1994-07-06,25.47978401184082
1994-07-07,25.586565017700195
1994-07-08,25.577678680419922
1994-07-11,25.48868751525879
1994-07-12,25.524290084838867
1994-07-13,25.56878089904785
1994-07-14,25.84465789794922
1994-07-15,25.853565216064453
1994-07-18,25.898056030273438
1994-07-19,25.84465789794922
1994-07-20,25.728954315185547
1994-07-21,25.782358169555664
1994-07-22,25.826862335205078
1994-07-25,25.86246109008789
1994-07-26,25.835769653320312
1994-07-27,25.835769653320312
1994-07-28,25.88913917541504
1994-07-29,26.14725112915039
1994-08-01,26.271839141845703
1994-08-02,26.307464599609375
1994-08-03,26.316354751586914
1994-08-04,26.165048599243164
1994-08-05,26.0760498046875
1994-08-08,26.138341903686523
1994-08-09,26.182861328125
1994-08-10,26.28076171875
1994-08-11,26.182861328125
1994-08-12,26.387544631958008
1994-08-15,26.378652572631836
1994-08-16,26.565540313720703
1994-08-17,26.547727584838867
1994-08-18,26.45873260498047
1994-08-19,26.44094467163086
1994-08-22,26.41423988342285
1994-08-23,26.565540313720703
1994-08-24,26.850322723388672
1994-08-25,26.779136657714844
1994-08-26,27.16181755065918
1994-08-29,27.14402198791504
1994-08-30,27.215213775634766
1994-08-31,27.14402198791504
1994-09-01,27.05501937866211
1994-09-02,26.939334869384766
1994-09-06,26.948219299316406
1994-09-07,26.921541213989258
1994-09-08,27.05501937866211
1994-09-09,26.770221710205078
1994-09-12,26.690120697021484
1994-09-13,26.770221710205078
1994-09-14,26.796918869018555
1994-09-15,27.135116577148438
1994-09-16,26.942007064819336
1994-09-19,26.9688720703125
1994-09-20,26.4584903717041
1994-09-21,26.4584903717041
1994-09-22,26.39582633972168
1994-09-23,26.3062801361084
1994-09-26,26.440601348876953
1994-09-27,26.422683715820312
1994-09-28,26.628618240356445
1994-09-29,26.494325637817383
1994-09-30,26.4584903717041
1994-10-03,26.39582633972168
1994-10-04,26.001846313476562
1994-10-05,26.010812759399414
1994-10-06,25.930219650268555
1994-10-07,26.046598434448242
1994-10-10,26.324188232421875
1994-10-11,26.718154907226562
1994-10-12,26.753976821899414
1994-10-13,26.843502044677734
1994-10-14,26.95989990234375
1994-10-17,26.906190872192383
1994-10-18,26.843502044677734
1994-10-19,26.9688720703125
1994-10-20,26.789775848388672
1994-10-21,26.68232536315918
1994-10-24,26.4584903717041
1994-10-25,26.4853515625
1994-10-26,26.583843231201172
1994-10-27,26.74501609802246
1994-10-28,27.309110641479492
1994-10-31,27.21062660217285
1994-11-01,26.906190872192383
1994-11-02,26.753976821899414
1994-11-03,26.897220611572266
1994-11-04,26.54803466796875
1994-11-07,26.628618240356445
1994-11-08,26.834562301635742
1994-11-09,26.879329681396484
1994-11-10,26.691314697265625
1994-11-11,26.592803955078125
1994-11-14,26.843502044677734
1994-11-15,26.753976821899414
1994-11-16,26.843502044677734
1994-11-17,26.664430618286133
1994-11-18,26.628618240356445
1994-11-21,26.360013961791992
1994-11-22,25.786954879760742
1994-11-23,25.930219650268555
1994-11-25,26.05556869506836
1994-11-28,26.171972274780273
1994-11-29,26.163026809692383
1994-11-30,26.127195358276367
1994-12-01,25.867549896240234
1994-12-02,26.109294891357422
1994-12-05,26.136165618896484
1994-12-06,26.154064178466797
1994-12-07,25.96603775024414
1994-12-08,25.71532440185547
1994-12-09,25.813825607299805
1994-12-12,25.983938217163086
1994-12-13,26.082433700561523
1994-12-14,26.216739654541016
1994-12-15,26.297319412231445
1994-12-16,26.4257755279541
1994-12-19,26.46185874938965
1994-12-20,26.38065528869629
1994-12-21,26.66042709350586
1994-12-22,26.579206466674805
1994-12-23,26.60627555847168
1994-12-27,26.750690460205078
1994-12-28,26.615304946899414
1994-12-29,26.633338928222656
1994-12-30,26.317466735839844
1995-01-03,26.443828582763672
1995-01-04,26.5701847076416
1995-01-05,26.5701847076416
1995-01-06,26.597257614135742
1995-01-09,26.624330520629883
1995-01-10,26.65140724182129
1995-01-11,26.669452667236328
1995-01-12,26.67848014831543
1995-01-13,26.994361877441406
1995-01-16,27.156824111938477
1995-01-17,27.165847778320312
1995-01-18,27.13877296447754
1995-01-19,26.985355377197266
1995-01-20,26.88606834411621
1995-01-23,26.967269897460938
1995-01-24,27.00337791442871
1995-01-25,27.075584411621094
1995-01-26,27.10266876220703
1995-01-27,27.21097183227539
1995-01-30,27.093631744384766
1995-01-31,27.20192527770996
1995-02-01,27.192909240722656
1995-02-02,27.355375289916992
1995-02-03,27.74344825744629
1995-02-06,27.860788345336914
1995-02-07,27.89689826965332
1995-02-08,27.89689826965332
1995-02-09,27.89689826965332
1995-02-10,27.932981491088867
1995-02-13,27.94200897216797
1995-02-14,27.978113174438477
1995-02-15,28.131542205810547
1995-02-16,28.09543228149414
1995-02-17,27.98713493347168
1995-02-21,27.978113174438477
1995-02-22,28.185699462890625
1995-02-23,28.230810165405273
1995-02-24,28.303014755249023
1995-02-27,28.07740020751953
1995-02-28,28.312028884887695
1995-03-01,28.131542205810547
1995-03-02,28.167644500732422
1995-03-03,28.17667007446289
1995-03-06,28.19472312927246
1995-03-07,27.978113174438477
1995-03-08,28.050308227539062
1995-03-09,28.041271209716797
1995-03-10,28.456443786621094
1995-03-13,28.429363250732422
1995-03-14,28.636959075927734
1995-03-15,28.58279800415039
1995-03-16,28.7542667388916
1995-03-17,28.78289031982422
1995-03-20,28.78289031982422
1995-03-21,28.71027183532715
1995-03-22,28.737503051757812
1995-03-23,28.755638122558594
1995-03-24,29.16397476196289
1995-03-27,29.281946182250977
1995-03-28,29.281946182250977
1995-03-29,29.272871017456055
1995-03-30,29.218442916870117
1995-03-31,29.100465774536133
1995-04-03,29.173053741455078
1995-04-04,29.363611221313477
1995-04-05,29.363611221313477
1995-04-06,29.47250747680664
1995-04-07,29.445295333862305
1995-04-10,29.499719619750977
1995-04-11,29.3999080657959
1995-04-12,29.499719619750977
1995-04-13,29.663074493408203
1995-04-17,29.490663528442383
1995-04-18,29.39084815979004
1995-04-19,29.363611221313477
1995-04-20,29.40896987915039
1995-04-21,29.554161071777344
1995-04-24,29.89898681640625
1995-04-25,29.81730842590332
1995-04-26,29.844545364379883
1995-04-27,29.917137145996094
1995-04-28,29.96251678466797
1995-05-01,29.88084602355957
1995-05-02,29.944358825683594
1995-05-03,30.361764907836914
1995-05-04,30.343591690063477
1995-05-05,30.307323455810547
1995-05-08,30.525087356567383
1995-05-09,30.49787139892578
1995-05-10,30.534160614013672
1995-05-11,30.615846633911133
1995-05-12,30.633989334106445
1995-05-15,30.779178619384766
1995-05-16,30.79730796813965
1995-05-17,30.679367065429688
1995-05-18,30.234729766845703
1995-05-19,30.252878189086914
1995-05-22,30.5886173248291
1995-05-23,30.869918823242188
1995-05-24,30.85175323486328
1995-05-25,30.87898826599121
1995-05-26,30.525087356567383
1995-05-30,30.51601791381836
1995-05-31,31.151208877563477
1995-06-01,31.06954574584961
1995-06-02,31.09674835205078
1995-06-05,31.287317276000977
1995-06-06,31.23288345336914
1995-06-07,31.06954574584961
1995-06-08,30.996925354003906
1995-06-09,30.815462112426758
1995-06-12,30.987865447998047
1995-06-13,31.323612213134766
1995-06-14,31.2963924407959
1995-06-15,31.4324951171875
1995-06-16,31.525835037231445
1995-06-19,31.88176918029785
1995-06-20,31.79964828491211
1995-06-21,31.78136444091797
1995-06-22,32.201236724853516
1995-06-23,32.13734436035156
1995-06-26,31.754003524780273
1995-06-27,31.690114974975586
1995-06-28,31.854389190673828
1995-06-29,31.79964828491211
1995-06-30,31.78136444091797
1995-07-03,31.900041580200195
1995-07-05,32.01869201660156
1995-07-06,32.42940902709961
1995-07-07,32.575469970703125
1995-07-10,32.593719482421875
1995-07-11,32.43854904174805
1995-07-12,32.84014892578125
1995-07-13,32.767127990722656
1995-07-14,32.739749908447266
1995-07-17,32.92229080200195
1995-07-18,32.63936233520508
1995-07-19,32.28339385986328
1995-07-20,32.402042388916016
1995-07-21,32.365543365478516
1995-07-24,32.602821350097656
1995-07-25,32.84929275512695
1995-07-26,32.82191848754883
1995-07-27,33.09571838378906
1995-07-28,32.88578414916992
1995-07-31,32.80364227294922
1995-08-01,32.7488899230957
1995-08-02,32.675872802734375
1995-08-03,32.66674041748047
1995-08-04,32.703250885009766
1995-08-07,32.776248931884766
1995-08-08,32.776248931884766
1995-08-09,32.767127990722656
1995-08-10,32.69409942626953
1995-08-11,32.51156997680664
1995-08-14,32.80364227294922
1995-08-15,32.739749908447266
1995-08-16,32.83100128173828
1995-08-17,32.776248931884766
1995-08-18,32.81275939941406
1995-08-21,32.72149658203125
1995-08-22,32.78538513183594
1995-08-23,32.66674041748047
1995-08-24,32.703250885009766
1995-08-25,32.88578414916992
1995-08-28,32.767127990722656
1995-08-29,32.84929275512695
1995-08-30,32.92229080200195
1995-08-31,32.94968032836914
1995-09-01,33.09571838378906
1995-09-05,33.40604019165039
1995-09-06,33.46992492675781
1995-09-07,33.48820877075195
1995-09-08,33.61594772338867
1995-09-11,33.707275390625
1995-09-12,33.86241149902344
1995-09-13,34.017578125
1995-09-14,34.32791519165039
1995-09-15,34.31843566894531
1995-09-18,34.18996047973633
1995-09-19,34.35512924194336
1995-09-20,34.52031326293945
1995-09-21,34.23585510253906
1995-09-22,34.24502182006836
1995-09-25,34.18996047973633
1995-09-26,34.1807975769043
1995-09-27,34.153263092041016
1995-09-28,34.41019821166992
1995-09-29,34.34596252441406
1995-10-02,34.17162322998047
1995-10-03,34.20832061767578
1995-10-04,34.17162322998047
1995-10-05,34.27254867553711
1995-10-06,34.30007553100586
1995-10-09,34.015625
1995-10-10,33.99727249145508
1995-10-11,34.107391357421875
1995-10-12,34.31843566894531
1995-10-13,34.42853927612305
1995-10-16,34.26340103149414
1995-10-17,34.492794036865234
1995-10-18,34.593727111816406
1995-10-19,34.758880615234375
1995-10-20,34.54783248901367
1995-10-23,34.47441864013672
1995-10-24,34.511138916015625
1995-10-25,34.22667694091797
1995-10-26,33.91468048095703
1995-10-27,34.17162322998047
1995-10-30,34.39183044433594
1995-10-31,34.24502182006836
1995-11-01,34.52031326293945
1995-11-02,34.74052810668945
1995-11-03,34.78641128540039
1995-11-06,34.66713333129883
1995-11-07,34.53864669799805
1995-11-08,34.85063552856445
1995-11-09,34.97911071777344
1995-11-10,34.960758209228516
1995-11-13,34.924041748046875
1995-11-14,34.69466018676758
1995-11-15,35.043357849121094
1995-11-16,35.23603057861328
1995-11-17,35.346160888671875
1995-11-20,35.16262435913086
1995-11-21,35.44709014892578
1995-11-22,35.33698654174805
1995-11-24,35.428733825683594
1995-11-27,35.437923431396484
1995-11-28,35.81412124633789
1995-11-29,35.850860595703125
1995-11-30,35.76823425292969
1995-12-01,35.81412124633789
1995-12-04,36.254581451416016
1995-12-05,36.49317169189453
1995-12-06,36.575740814208984
1995-12-07,36.3830451965332
1995-12-08,36.50232696533203
1995-12-11,36.658348083496094
1995-12-12,36.5482063293457
1995-12-13,36.777626037597656
1995-12-14,36.51152038574219
1995-12-15,36.52490234375
1995-12-18,35.82320785522461
1995-12-19,36.20174026489258
1995-12-20,35.85088348388672
1995-12-21,36.035545349121094
1995-12-22,36.16480255126953
1995-12-26,36.34023666381836
1995-12-27,36.32176208496094
1995-12-28,36.284828186035156
1995-12-29,36.330989837646484
1996-01-02,36.7187614440918
1996-01-03,36.82033920288086
1996-01-04,36.4694938659668
1996-01-05,36.39563751220703
1996-01-08,36.534122467041016
1996-01-09,35.906280517578125
1996-01-10,35.43540573120117
1996-01-11,35.64777755737305
1996-01-12,35.59238815307617
1996-01-15,35.518524169921875
1996-01-16,35.95246505737305
1996-01-17,35.84166717529297
1996-01-18,35.96169662475586
1996-01-19,36.20174026489258
1996-01-22,36.2109489440918
1996-01-23,36.294071197509766
1996-01-24,36.589508056640625
1996-01-25,36.46025085449219
1996-01-26,36.77416229248047
1996-01-29,36.921905517578125
1996-01-30,37.235836029052734
1996-01-31,37.62358474731445
1996-02-01,37.76206970214844
1996-02-02,37.605125427246094
1996-02-05,37.90979766845703
1996-02-06,38.26986312866211
1996-02-07,38.491455078125
1996-02-08,38.90695571899414
1996-02-09,38.89771270751953
1996-02-12,39.193153381347656
1996-02-13,39.11005783081055
1996-02-14,38.76844787597656
1996-02-15,38.52839279174805
1996-02-16,38.371456146240234
1996-02-20,37.992889404296875
1996-02-21,38.46377944946289
1996-02-22,39.0731201171875
1996-02-23,38.96232604980469
1996-02-26,38.408363342285156
1996-02-27,38.288326263427734
1996-02-28,38.11293029785156
1996-02-29,37.743621826171875
1996-03-01,38.34374237060547
1996-03-04,38.565345764160156
1996-03-05,38.92539978027344
1996-03-06,38.58380889892578
1996-03-07,38.777671813964844
1996-03-08,37.522037506103516
1996-03-11,37.95596694946289
1996-03-12,37.6605224609375
1996-03-13,37.91904067993164
1996-03-14,38.085235595703125
1996-03-15,38.059635162353516
1996-03-18,38.792274475097656
1996-03-19,38.70879364013672
1996-03-20,38.66242218017578
1996-03-21,38.56968688964844
1996-03-22,38.67168426513672
1996-03-25,38.59751510620117
1996-03-26,38.78297424316406
1996-03-27,38.430564880371094
1996-03-28,38.57895278930664
1996-03-29,38.39347839355469
1996-04-01,38.83864212036133
1996-04-02,38.9128303527832
1996-04-03,38.9128303527832
1996-04-04,38.88501739501953
1996-04-08,38.21729278564453
1996-04-09,38.06889724731445
1996-04-10,37.39192581176758
1996-04-11,37.34553527832031
1996-04-12,37.81852722167969
1996-04-15,38.133819580078125
1996-04-16,38.24510192871094
1996-04-17,38.15237045288086
1996-04-18,38.20800018310547
1996-04-19,38.3007698059082
1996-04-22,38.59751510620117
1996-04-23,38.71805953979492
1996-04-24,38.57895278930664
1996-04-25,38.75518035888672
1996-04-26,38.83864212036133
1996-04-29,38.83864212036133
1996-04-30,38.81081008911133
1996-05-01,38.894283294677734
1996-05-02,38.226558685302734
1996-05-03,38.170894622802734
1996-05-06,38.133819580078125
1996-05-07,37.976158142089844
1996-05-08,38.449127197265625
1996-05-09,38.42131805419922
1996-05-10,38.8015251159668
1996-05-13,39.385780334472656
1996-05-14,39.62690353393555
1996-05-15,39.580535888671875
1996-05-16,39.664005279541016
1996-05-17,39.87730407714844
1996-05-20,40.146240234375
1996-05-21,40.0905876159668
1996-05-22,40.470821380615234
1996-05-23,40.30388259887695
1996-05-24,40.46153259277344
1996-05-28,40.05350112915039
1996-05-29,39.78457260131836
1996-05-30,39.98857879638672
1996-05-31,39.691837310791016
1996-06-03,39.80310821533203
1996-06-04,40.081321716308594
1996-06-05,40.433719635009766
1996-06-06,40.136959075927734
1996-06-07,40.136959075927734
1996-06-10,40.00712203979492
1996-06-11,39.97002410888672
1996-06-12,39.89584732055664
1996-06-13,39.89584732055664
1996-06-14,39.728904724121094
1996-06-17,39.70108413696289
1996-06-18,39.37652587890625
1996-06-19,39.55270004272461
1996-06-20,39.524898529052734
1996-06-21,39.86482620239258
1996-06-24,39.93941879272461
1996-06-25,39.89280700683594
1996-06-26,39.622459411621094
1996-06-27,39.90214538574219
1996-06-28,40.041969299316406
1996-07-01,40.386924743652344
1996-07-02,40.237754821777344
1996-07-03,40.15385055541992
1996-07-05,39.128318786621094
1996-07-08,38.96983337402344
1996-07-09,39.128318786621094
1996-07-10,39.28681945800781
1996-07-11,38.49436569213867
1996-07-12,38.52233123779297
1996-07-15,37.384944915771484
1996-07-16,37.47817611694336
1996-07-17,37.9256706237793
1996-07-18,38.4477653503418
1996-07-19,38.168087005615234
1996-07-22,37.88837432861328
1996-07-23,37.4035758972168
1996-07-24,37.47817611694336
1996-07-25,37.813804626464844
1996-07-26,38.01890182495117
1996-07-29,37.59937286376953
1996-07-30,37.96296310424805
1996-07-31,38.24264907836914
1996-08-01,38.876590728759766
1996-08-02,39.715675354003906
1996-08-05,39.48262023925781
1996-08-06,39.60380172729492
1996-08-07,39.706336975097656
1996-08-08,39.64109802246094
1996-08-09,39.51056671142578
1996-08-12,39.79958724975586
1996-08-13,39.48262023925781
1996-08-14,39.622459411621094
1996-08-15,39.54787063598633
1996-08-16,39.883487701416016
1996-08-19,39.90214538574219
1996-08-20,39.87417984008789
1996-08-21,39.73432159423828
1996-08-22,40.10723876953125
1996-08-23,39.89280700683594
1996-08-26,39.697044372558594
1996-08-27,39.84619903564453
1996-08-28,39.780941009521484
1996-08-29,39.389381408691406
1996-08-30,38.979164123535156
1996-09-03,39.23088836669922
1996-09-04,39.2681770324707
1996-09-05,38.79269027709961
1996-09-06,39.3427734375
1996-09-09,39.80890655517578
1996-09-10,39.790260314941406
1996-09-11,40.01401901245117
1996-09-12,40.293697357177734
1996-09-13,40.90900802612305
1996-09-16,41.058170318603516
1996-09-17,40.9649543762207
1996-09-18,40.86238479614258
1996-09-19,41.0208854675293
1996-09-20,41.16640853881836
1996-09-23,41.15702438354492
1996-09-24,41.14766311645508
1996-09-25,41.1757698059082
1996-09-26,41.15702438354492
1996-09-27,41.194522857666016
1996-09-30,41.15702438354492
1996-10-01,41.3819465637207
1996-10-02,41.66307067871094
1996-10-03,41.62556838989258
1996-10-04,42.187808990478516
1996-10-07,42.23466110229492
1996-10-08,42.06598663330078
1996-10-09,41.738006591796875
1996-10-10,41.65370178222656
1996-10-11,42.1690673828125
1996-10-14,42.22528839111328
1996-10-15,42.1690673828125
1996-10-16,42.375244140625
1996-10-17,42.487693786621094
1996-10-18,42.712589263916016
1996-10-21,42.65636444091797
1996-10-22,42.35649108886719
1996-10-23,42.4970703125
1996-10-24,42.13160705566406
1996-10-25,42.1690673828125
1996-10-28,41.887943267822266
1996-10-29,42.22528839111328
1996-10-30,42.084739685058594
1996-10-31,42.487693786621094
1996-11-01,42.33774185180664
1996-11-04,42.61887741088867
1996-11-05,42.86252212524414
1996-11-06,43.68715286254883
1996-11-07,43.790260314941406
1996-11-08,44.03388977050781
1996-11-11,43.98701477050781
1996-11-12,43.85585021972656
1996-11-13,44.05263900756836
1996-11-14,44.3431282043457
1996-11-15,44.399349212646484
1996-11-18,44.40873336791992
1996-11-19,44.72733688354492
1996-11-20,44.80231475830078
1996-11-21,44.73670959472656
1996-11-22,45.083431243896484
1996-11-25,45.65507507324219
1996-11-26,45.50511169433594
1996-11-27,45.420799255371094
1996-11-29,45.58945846557617
1996-12-02,45.60820007324219
1996-12-03,44.83041763305664
1996-12-04,44.95222473144531
1996-12-05,44.83041763305664
1996-12-06,44.56803894042969
1996-12-09,45.2240104675293
1996-12-10,45.00846481323242
1996-12-11,44.59614181518555
1996-12-12,43.85585021972656
1996-12-13,43.96829605102539
1996-12-16,43.40605926513672
1996-12-17,43.752769470214844
1996-12-18,44.09946823120117
1996-12-19,45.00846481323242
1996-12-20,45.107242584228516
1996-12-23,44.99422073364258
1996-12-24,45.32380676269531
1996-12-26,45.6722526550293
1996-12-27,45.7287483215332
1996-12-30,45.333251953125
1996-12-31,44.50456237792969
1997-01-02,44.6175422668457
1997-01-03,45.257904052734375
1997-01-06,44.86238098144531
1997-01-07,45.4085807800293
1997-01-08,45.0130615234375
1997-01-09,45.389747619628906
1997-01-10,45.87941360473633
1997-01-13,45.81349563598633
1997-01-14,46.38794708251953
1997-01-15,46.27491760253906
1997-01-16,46.46324920654297
1997-01-17,46.745792388916016
1997-01-20,46.80228805541992
1997-01-21,47.17897415161133
1997-01-22,47.51797103881836
1997-01-23,46.8587646484375
1997-01-24,46.256080627441406
1997-01-27,46.12425994873047
1997-01-28,46.256080627441406
1997-01-29,46.708106994628906
1997-01-30,47.310813903808594
1997-01-31,47.25428009033203
1997-02-03,47.395545959472656
1997-02-04,47.687461853027344
1997-02-05,46.79286193847656
1997-02-06,47.10363006591797
1997-02-07,47.743995666503906
1997-02-10,47.29193878173828
1997-02-11,47.838165283203125
1997-02-12,48.51618576049805
1997-02-13,49.04351043701172
1997-02-14,48.93052291870117
1997-02-18,49.3448371887207
1997-02-19,49.0152702331543
1997-02-20,48.421993255615234
1997-02-21,48.44084548950195
1997-02-24,49.0152702331543
1997-02-25,49.052940368652344
1997-02-26,48.57268142700195
1997-02-27,47.847557067871094
1997-02-28,47.70631790161133
1997-03-03,48.026493072509766
1997-03-04,47.762813568115234
1997-03-05,48.57268142700195
1997-03-06,48.29016876220703
1997-03-07,48.72334671020508
1997-03-10,49.231834411621094
1997-03-11,48.96818542480469
1997-03-12,48.53501892089844
1997-03-13,47.78167724609375
1997-03-14,48.026493072509766
1997-03-17,48.158302307128906
1997-03-18,47.64039993286133
1997-03-19,47.480289459228516
1997-03-20,47.23545837402344
1997-03-21,47.45417404174805
1997-03-24,48.11589050292969
1997-03-25,47.64320373535156
1997-03-26,47.8511848449707
1997-03-27,46.58447265625
1997-03-31,45.60138702392578
1997-04-01,45.89442443847656
1997-04-02,45.07199478149414
1997-04-03,45.317787170410156
1997-04-04,45.884971618652344
1997-04-07,46.06455993652344
1997-04-08,46.39542770385742
1997-04-09,46.01729965209961
1997-04-10,45.8471565246582
1997-04-11,44.391395568847656
1997-04-14,44.986907958984375
1997-04-15,45.752620697021484
1997-04-16,46.28200149536133
1997-04-17,46.092933654785156
1997-04-18,46.31979751586914
1997-04-21,46.01729965209961
1997-04-22,47.028785705566406
1997-04-23,47.07603454589844
1997-04-24,46.83973693847656
1997-04-25,46.3008918762207
1997-04-28,46.75465393066406
1997-04-29,48.229347229003906
1997-04-30,48.456199645996094
1997-05-01,48.39945983886719
1997-05-02,49.269142150878906
1997-05-05,50.44135665893555
1997-05-06,50.40348434448242
1997-05-07,49.30695343017578
1997-05-08,49.64725875854492
1997-05-09,49.987579345703125
1997-05-12,50.81945037841797
1997-05-13,50.61149215698242
1997-05-14,50.70601272583008
1997-05-15,51.046295166015625
1997-05-16,50.34678649902344
1997-05-19,50.49803924560547
1997-05-20,51.10303497314453
1997-05-21,50.98958206176758
1997-05-22,50.81945037841797
1997-05-23,51.2921028137207
1997-05-27,51.500030517578125
1997-05-28,51.49060821533203
1997-05-29,51.188106536865234
1997-05-30,51.518985748291016
1997-06-02,51.2921028137207
1997-06-03,51.121925354003906
1997-06-04,51.06523895263672
1997-06-05,51.25426483154297
1997-06-06,52.256309509277344
1997-06-09,52.52097702026367
1997-06-10,52.68169403076172
1997-06-11,52.80459213256836
1997-06-12,53.82548904418945
1997-06-13,54.27924728393555
1997-06-16,54.29816436767578
1997-06-17,54.22255325317383
1997-06-18,54.03346252441406
1997-06-19,54.59119415283203
1997-06-20,54.405189514160156
1997-06-23,53.08610153198242
1997-06-24,54.433685302734375
1997-06-25,54.054073333740234
1997-06-26,53.788333892822266
1997-06-27,53.99713897705078
1997-06-30,53.63652420043945
1997-07-01,54.26286315917969
1997-07-02,55.1549072265625
1997-07-03,55.91407012939453
1997-07-07,55.34469223022461
1997-07-08,55.92359924316406
1997-07-09,55.30671310424805
1997-07-10,55.5534782409668
1997-07-11,55.74324417114258
1997-07-14,55.91407012939453
1997-07-15,56.19877624511719
1997-07-16,56.938968658447266
1997-07-17,56.654273986816406
1997-07-18,55.44908905029297
1997-07-21,55.45855712890625
1997-07-22,56.92948532104492
1997-07-23,56.882057189941406
1997-07-24,57.14775085449219
1997-07-25,57.10978698730469
1997-07-28,57.07181167602539
1997-07-29,57.26163864135742
1997-07-30,57.94492721557617
1997-07-31,57.88795471191406
1997-08-01,57.66020965576172
1997-08-04,57.81203079223633
1997-08-05,57.8499870300293
1997-08-06,58.32450485229492
1997-08-07,57.88795471191406
1997-08-08,56.71122741699219
1997-08-11,57.12877655029297
1997-08-12,56.217769622802734
1997-08-13,56.04692459106445
1997-08-14,56.25572204589844
1997-08-15,54.528587341308594
1997-08-18,55.74324417114258
1997-08-19,56.38858413696289
1997-08-20,57.24263381958008
1997-08-21,56.236717224121094
1997-08-22,56.217769622802734
1997-08-25,56.00897216796875
1997-08-26,55.183349609375
1997-08-27,55.515506744384766
1997-08-28,54.670928955078125
1997-08-29,54.88916015625
1997-09-02,56.673282623291016
1997-09-03,56.369564056396484
1997-09-04,56.730194091796875
1997-09-05,56.56889343261719
1997-09-08,56.81559753417969
1997-09-09,56.84410095214844
1997-09-10,55.6673583984375
1997-09-11,55.382625579833984
1997-09-12,56.27470779418945
1997-09-15,56.17979049682617
1997-09-16,57.584293365478516
1997-09-17,57.584293365478516
1997-09-18,57.83101272583008
1997-09-19,57.92887496948242
1997-09-22,58.2526969909668
1997-09-23,57.98600769042969
1997-09-24,57.509765625
1997-09-25,57.10975646972656
1997-09-26,57.58596420288086
1997-09-29,58.13838195800781
1997-09-30,57.52883529663086
1997-10-01,58.29081726074219
1997-10-02,58.61463928222656
1997-10-03,58.909915924072266
1997-10-06,59.300411224365234
1997-10-07,59.85280990600586
1997-10-08,59.43375015258789
1997-10-09,59.22421646118164
1997-10-10,59.05271530151367
1997-10-13,59.10991668701172
1997-10-14,59.12891387939453
1997-10-15,58.99562072753906
1997-10-16,58.06221389770508
1997-10-17,57.4716911315918
1997-10-20,58.29081726074219
1997-10-21,59.42423629760742
1997-10-22,59.03369140625
1997-10-23,57.87173080444336
1997-10-24,57.30023956298828
1997-10-27,53.147483825683594
1997-10-28,56.214420318603516
1997-10-29,56.0620231628418
1997-10-30,54.8238525390625
1997-10-31,56.11915969848633
1997-11-03,57.30023956298828
1997-11-04,57.30023956298828
1997-11-05,57.4907112121582
1997-11-06,57.27168655395508
1997-11-07,56.65256118774414
1997-11-10,56.309669494628906
1997-11-11,56.3287467956543
1997-11-12,55.16670227050781
1997-11-13,55.966827392578125
1997-11-14,56.72878646850586
1997-11-17,57.77647018432617
1997-11-18,57.41448211669922
1997-11-19,57.70026779174805
1997-11-20,58.576534271240234
1997-11-21,58.976566314697266
1997-11-24,57.90978240966797
1997-11-25,58.06221389770508
1997-11-26,58.23365020751953
1997-11-28,58.29081726074219
1997-12-01,59.795692443847656
1997-12-02,59.43375015258789
1997-12-03,59.60519027709961
1997-12-04,59.54806137084961
1997-12-05,60.31004333496094
1997-12-08,60.13855743408203
1997-12-09,59.776649475097656
1997-12-10,59.26232147216797
1997-12-11,58.2526969909668
1997-12-12,58.366973876953125
1997-12-15,58.95754623413086
1997-12-16,59.3194465637207
1997-12-17,59.014705657958984
1997-12-18,58.443153381347656
1997-12-19,58.00640106201172
1997-12-22,58.37933349609375
1997-12-23,57.33700180053711
1997-12-24,57.16486740112305
1997-12-26,57.394386291503906
1997-12-29,58.52273941040039
1997-12-30,59.4407844543457
1997-12-31,59.402530670166016
1998-01-02,59.70854187011719
1998-01-05,59.842384338378906
1998-01-06,58.886165618896484
1998-01-07,59.03915023803711
1998-01-08,58.52273941040039
1998-01-09,56.49551010131836
1998-01-12,57.528255462646484
1998-01-13,58.33148193359375
1998-01-14,58.5992431640625
1998-01-15,58.1115608215332
1998-01-16,58.94347381591797
1998-01-20,59.89973068237305
1998-01-21,59.32601547241211
1998-01-22,58.80005645751953
1998-01-23,58.713985443115234
1998-01-26,58.675758361816406
1998-01-27,59.26862716674805
1998-01-28,59.804141998291016
1998-01-29,60.1292610168457
1998-01-30,60.16751480102539
1998-02-02,61.16204071044922
1998-02-03,61.62101364135742
1998-02-04,61.544525146484375
1998-02-05,61.50629425048828
1998-02-06,62.19474411010742
1998-02-09,61.984397888183594
1998-02-10,62.57728576660156
1998-02-11,62.5198860168457
1998-02-12,62.787620544433594
1998-02-13,62.424259185791016
1998-02-17,62.730289459228516
1998-02-18,63.30404281616211
1998-02-19,62.9693489074707
1998-02-20,63.43787384033203
1998-02-23,63.686546325683594
1998-02-24,63.18927001953125
1998-02-25,63.97340393066406
1998-02-26,64.33677673339844
1998-02-27,64.33677673339844
1998-03-02,64.20289611816406
1998-03-03,64.5662841796875
1998-03-04,64.14551544189453
1998-03-05,63.55265426635742
1998-03-06,64.83406066894531
1998-03-09,64.60453796386719
1998-03-10,65.21651458740234
1998-03-11,65.52254486083984
1998-03-12,65.79029846191406
1998-03-13,65.54165649414062
1998-03-16,66.24929809570312
1998-03-17,66.44052124023438
1998-03-18,66.68917846679688
1998-03-19,66.86132049560547
1998-03-20,67.4369888305664
1998-03-23,67.28357696533203
1998-03-24,67.85894775390625
1998-03-25,67.60960388183594
1998-03-26,67.5712661743164
1998-03-27,67.28357696533203
1998-03-30,67.24518585205078
1998-03-31,67.4753646850586
1998-04-01,68.0219955444336
1998-04-02,68.76041412353516
1998-04-03,69.10570526123047
1998-04-06,68.54945373535156
1998-04-07,68.08912658691406
1998-04-08,67.70549011230469
1998-04-09,68.24256896972656
1998-04-13,68.05078887939453
1998-04-14,68.62616729736328
1998-04-15,68.81793975830078
1998-04-16,68.01239013671875
1998-04-17,68.91386413574219
1998-04-20,68.89468383789062
1998-04-21,69.22074890136719
1998-04-22,69.41251373291016
1998-04-23,68.74124145507812
1998-04-24,68.01239013671875
1998-04-27,66.72731018066406
1998-04-28,66.63143157958984
1998-04-29,67.09176635742188
1998-04-30,68.33843231201172
1998-05-01,69.10570526123047
1998-05-04,68.93305969238281
1998-05-05,68.45353698730469
1998-05-06,67.64799499511719
1998-05-07,67.11090087890625
1998-05-08,68.2042007446289
1998-05-11,67.97404479980469
1998-05-12,68.70288848876953
1998-05-13,68.87549591064453
1998-05-14,68.53020477294922
1998-05-15,68.14665985107422
1998-05-18,67.87814331054688
1998-05-19,68.33843231201172
1998-05-20,68.99054718017578
1998-05-21,68.54945373535156
1998-05-22,68.28091430664062
1998-05-26,67.18768310546875
1998-05-27,67.28357696533203
1998-05-28,67.59043884277344
1998-05-29,66.91912078857422
1998-06-01,67.22603607177734
1998-06-02,67.28357696533203
1998-06-03,66.20945739746094
1998-06-04,67.4369888305664
1998-06-05,68.74124145507812
1998-06-08,68.66451263427734
1998-06-09,68.87549591064453
1998-06-10,68.434326171875
1998-06-11,67.14928436279297
1998-06-12,67.78223419189453
1998-06-15,65.9985122680664
1998-06-16,67.0150375366211
1998-06-17,68.41517639160156
1998-06-18,68.10832977294922
1998-06-19,67.76703643798828
1998-06-22,68.09414672851562
1998-06-23,68.90225982666016
1998-06-24,69.82582092285156
1998-06-25,69.71035766601562
1998-06-26,69.99896240234375
1998-06-29,70.24916076660156
1998-06-30,69.76812744140625
1998-07-01,70.5762710571289
1998-07-02,70.7109375
1998-07-06,71.42285919189453
1998-07-07,71.28814697265625
1998-07-08,71.80767059326172
1998-07-09,71.3266372680664
1998-07-10,71.71147155761719
1998-07-13,71.7306900024414
1998-07-14,72.53885650634766
1998-07-15,72.40413665771484
1998-07-16,72.90442657470703
1998-07-17,73.00057983398438
1998-07-20,73.00057983398438
1998-07-21,71.7306900024414
1998-07-22,71.7306900024414
1998-07-23,70.30687713623047
1998-07-24,70.24916076660156
1998-07-27,70.74939727783203
1998-07-28,69.55641174316406
1998-07-29,69.28710174560547
1998-07-30,70.32611846923828
1998-07-31,68.82527923583984
1998-08-03,68.53665924072266
1998-08-04,65.88142395019531
1998-08-05,66.78577423095703
1998-08-06,67.07435607910156
1998-08-07,67.18978881835938
1998-08-10,66.80497741699219
1998-08-11,65.804443359375
1998-08-12,66.92042541503906
1998-08-13,66.11229705810547
1998-08-14,65.34265899658203
1998-08-17,66.72801208496094
1998-08-18,67.95944213867188
1998-08-19,67.78630065917969
1998-08-20,67.38221740722656
1998-08-21,66.84346008300781
1998-08-24,67.26676177978516
1998-08-25,67.42072296142578
1998-08-26,67.03587341308594
1998-08-27,63.880367279052734
1998-08-28,63.64945602416992
1998-08-31,59.10854721069336
1998-09-01,61.60988235473633
1998-09-02,61.16735076904297
1998-09-03,60.686317443847656
1998-09-04,60.18606185913086
1998-09-08,63.41853332519531
1998-09-09,61.87929153442383
1998-09-10,60.6478385925293
1998-09-11,62.61042785644531
1998-09-14,63.68790817260742
1998-09-15,64.07276153564453
1998-09-16,64.64996337890625
1998-09-17,62.80284118652344
1998-09-18,63.082576751708984
1998-09-21,63.04396057128906
1998-09-22,63.5652961730957
1998-09-23,66.11412048339844
1998-09-24,64.49217224121094
1998-09-25,64.41493225097656
1998-09-28,64.9941635131836
1998-09-29,64.83970642089844
1998-09-30,62.870201110839844
1998-10-01,61.055137634277344
1998-10-02,62.23299789428711
1998-10-05,60.9779052734375
1998-10-06,60.919952392578125
1998-10-07,60.012447357177734
1998-10-08,59.684181213378906
1998-10-09,60.88136672973633
1998-10-12,61.769615173339844
1998-10-13,61.557151794433594
1998-10-14,62.1364631652832
1998-10-15,65.47689056396484
1998-10-16,65.49620056152344
1998-10-19,65.72793579101562
1998-10-20,66.11412048339844
1998-10-21,65.88237762451172
1998-10-22,66.86717224121094
1998-10-23,66.01756286621094
1998-10-26,66.50027465820312
1998-10-27,66.11412048339844
1998-10-28,65.9982681274414
1998-10-29,67.60087585449219
1998-10-30,67.96778106689453
1998-11-02,69.12629699707031
1998-11-03,68.6242446899414
1998-11-04,69.35797882080078
1998-11-05,70.30419158935547
1998-11-06,70.51653289794922
1998-11-09,70.01455688476562
1998-11-10,69.82142639160156
1998-11-11,69.35797882080078
1998-11-12,69.28081512451172
1998-11-13,69.95658111572266
1998-11-16,70.47792053222656
1998-11-17,70.47792053222656
1998-11-18,70.90277862548828
1998-11-19,71.5206527709961
1998-11-20,72.061279296875
1998-11-23,73.76048278808594
1998-11-24,73.29705810546875
1998-11-25,73.29705810546875
1998-11-27,73.83772277832031
1998-11-30,71.75235748291016
1998-12-01,72.67916107177734
1998-12-02,72.46681213378906
1998-12-03,71.2696304321289
1998-12-04,73.14259338378906
1998-12-07,73.49014282226562
1998-12-08,73.16191101074219
1998-12-09,73.29705810546875
1998-12-10,72.22543334960938
1998-12-11,72.37024688720703
1998-12-14,70.28488159179688
1998-12-15,72.09989929199219
1998-12-16,72.00334167480469
1998-12-17,73.15227508544922
1998-12-18,73.46305847167969
1998-12-21,74.48988342285156
1998-12-22,74.8192138671875
1998-12-23,76.38841247558594
1998-12-24,76.0590591430664
1998-12-28,75.86531829833984
1998-12-29,77.06649017333984
1998-12-30,76.44650268554688
1998-12-31,76.44650268554688
1999-01-04,76.27216339111328
1999-01-05,77.14397430419922
1999-01-06,79.00379943847656
1999-01-07,78.61634063720703
1999-01-08,79.19749450683594
1999-01-11,78.44194793701172
1999-01-12,77.02774047851562
1999-01-13,76.48529815673828
1999-01-14,75.14859008789062
1999-01-15,77.10528564453125
1999-01-19,77.60892486572266
1999-01-20,78.22884368896484
1999-01-21,76.15592956542969
1999-01-22,75.98159790039062
1999-01-25,76.75651550292969
1999-01-26,78.15135955810547
1999-01-27,77.24082946777344
1999-01-28,78.53885650634766
1999-01-29,79.13944244384766
1999-02-01,78.67442321777344
1999-02-02,78.19009399414062
1999-02-03,78.98442840576172
1999-02-04,77.80265808105469
1999-02-05,76.9115219116211
1999-02-08,77.06649017333984
1999-02-09,75.34227752685547
1999-02-10,75.82662963867188
1999-02-11,77.57018280029297
1999-02-12,76.6402587890625
1999-02-16,76.17529296875
1999-02-17,76.09780883789062
1999-02-18,76.69835662841797
1999-02-19,77.02774047851562
1999-02-22,79.08129119873047
1999-02-23,79.04256439208984
1999-02-24,77.64768981933594
1999-02-25,76.9115219116211
1999-02-26,76.60149383544922
1999-03-01,76.81462097167969
1999-03-02,76.1365966796875
1999-03-03,76.54341125488281
1999-03-04,77.5120849609375
1999-03-05,79.07160186767578
1999-03-08,79.5849609375
1999-03-09,79.39126586914062
1999-03-10,80.08866882324219
1999-03-11,80.97987365722656
1999-03-12,80.20498657226562
1999-03-15,81.34795379638672
1999-03-16,81.03797912597656
1999-03-17,80.68928527832031
1999-03-18,81.98728942871094
1999-03-19,80.59368896484375
1999-03-22,80.74905395507812
1999-03-23,78.41862487792969
1999-03-24,78.86529541015625
1999-03-25,80.47713470458984
1999-03-26,79.89453125
1999-03-29,81.50643157958984
1999-03-30,81.07917022705078
1999-03-31,79.77801513671875
1999-04-01,80.38007354736328
1999-04-05,82.28321838378906
1999-04-06,82.08905029296875
1999-04-07,82.74934387207031
1999-04-08,83.7979965209961
1999-04-09,83.81741333007812
1999-04-12,84.71077728271484
1999-04-13,84.16698455810547
1999-04-14,82.74934387207031
1999-04-15,82.43860626220703
1999-04-16,81.739501953125
1999-04-19,80.47713470458984
1999-04-20,81.48700714111328
1999-04-21,83.81741333007812
1999-04-22,84.61366271972656
1999-04-23,84.4000244140625
1999-04-26,84.88553619384766
1999-04-27,85.29337310791016
1999-04-28,84.12812805175781
1999-04-29,83.48728942871094
1999-04-30,82.80757904052734
1999-05-03,84.32234954833984
1999-05-04,83.11833190917969
1999-05-05,83.77855682373047
1999-05-06,83.26394653320312
1999-05-07,83.89508819580078
1999-05-10,83.47757720947266
1999-05-11,84.32234954833984
1999-05-12,84.98262023925781
1999-05-13,85.35160827636719
1999-05-14,83.13771057128906
1999-05-17,83.39019012451172
1999-05-18,83.23482513427734
1999-05-19,83.83686065673828
1999-05-20,83.33192443847656
1999-05-21,82.86583709716797
1999-05-24,81.48700714111328
1999-05-25,80.16642761230469
1999-05-26,81.05974578857422
1999-05-27,79.89453125
1999-05-28,80.91411590576172
1999-06-01,80.63249206542969
1999-06-02,80.71017456054688
1999-06-03,81.15686798095703
1999-06-04,82.78813934326172
1999-06-07,83.00178527832031
1999-06-08,82.18609619140625
1999-06-09,82.10843658447266
1999-06-10,81.35108184814453
1999-06-11,80.67137145996094
1999-06-14,80.74905395507812
1999-06-15,81.2928237915039
1999-06-16,82.84645080566406
1999-06-17,83.62324523925781
1999-06-18,83.7198486328125
1999-06-21,83.91463470458984
1999-06-22,83.33025360107422
1999-06-23,82.92121887207031
1999-06-24,82.29788208007812
1999-06-25,82.0933837890625
1999-06-28,83.09650421142578
1999-06-29,83.87568664550781
1999-06-30,85.39498138427734
1999-07-01,86.03779602050781
1999-07-02,86.89488983154297
1999-07-06,86.87535858154297
1999-07-07,86.99230194091797
1999-07-08,87.06047821044922
1999-07-09,87.57662200927734
1999-07-12,87.18704986572266
1999-07-13,86.87535858154297
1999-07-14,87.36235046386719
1999-07-15,87.91748809814453
1999-07-16,88.39472961425781
1999-07-19,87.81037139892578
1999-07-20,86.00863647460938
1999-07-21,85.91120910644531
1999-07-22,84.78140258789062
1999-07-23,84.61585235595703
1999-07-26,83.99253845214844
1999-07-27,84.69377899169922
1999-07-28,84.96649932861328
1999-07-29,83.77830505371094
1999-07-30,82.74588775634766
1999-08-02,82.94070434570312
1999-08-03,82.55110168457031
1999-08-04,81.42134857177734
1999-08-05,82.16153717041016
1999-08-06,81.26551818847656
1999-08-09,81.0901870727539
1999-08-10,80.19418334960938
1999-08-11,81.1680908203125
1999-08-12,81.11941528320312
1999-08-13,82.99913787841797
1999-08-16,83.3692626953125
1999-08-17,83.91463470458984
1999-08-18,83.31080627441406
1999-08-19,82.62899780273438
1999-08-20,83.46660614013672
1999-08-23,85.06385803222656
1999-08-24,85.37554168701172
1999-08-25,86.25205993652344
1999-08-26,85.2197036743164
1999-08-27,84.18733978271484
1999-08-30,82.62899780273438
1999-08-31,82.31736755371094
1999-09-01,83.33025360107422
1999-09-02,82.34657287597656
1999-09-03,84.7522201538086
1999-09-07,84.44052124023438
1999-09-08,84.03150177001953
1999-09-09,83.99253845214844
1999-09-10,84.69377899169922
1999-09-13,84.11917877197266
1999-09-14,83.56397247314453
1999-09-15,82.23942565917969
1999-09-16,82.56084442138672
1999-09-17,83.60406494140625
1999-09-20,83.4868392944336
1999-09-21,81.7287826538086
1999-09-22,81.64090728759766
1999-09-23,79.93167877197266
1999-09-24,79.85358428955078
1999-09-27,80.38096618652344
1999-09-28,80.22471618652344
1999-09-29,79.26757049560547
1999-09-30,80.47864532470703
1999-10-01,80.30282592773438
1999-10-04,81.7287826538086
1999-10-05,81.65064239501953
1999-10-06,82.90078735351562
1999-10-07,82.4320297241211
1999-10-08,83.68212890625
1999-10-11,83.54541778564453
1999-10-12,82.25617980957031
1999-10-13,80.12703704833984
1999-10-14,80.10747528076172
1999-10-15,78.05644226074219
1999-10-18,78.62296295166016
1999-10-19,79.38471984863281
1999-10-20,80.16608428955078
1999-10-21,80.63487243652344
1999-10-22,81.31856536865234
1999-10-25,80.90836334228516
1999-10-26,79.89263153076172
1999-10-27,81.338134765625
1999-10-28,84.1119155883789
1999-10-29,85.63552856445312
1999-11-01,84.73696899414062
1999-11-02,84.13142395019531
1999-11-03,84.69790649414062
1999-11-04,85.34252166748047
1999-11-05,86.18250274658203
1999-11-08,86.26058197021484
1999-11-09,85.44992065429688
1999-11-10,86.08474731445312
1999-11-11,86.57312774658203
1999-11-12,87.35447692871094
1999-11-15,87.55957794189453
1999-11-16,88.29208374023438
1999-11-17,88.52652740478516
1999-11-18,89.15153503417969
1999-11-19,89.07347869873047
1999-11-22,89.05388641357422
1999-11-23,88.27253723144531
1999-11-24,88.74140167236328
1999-11-26,88.4093246459961
1999-11-29,88.09675598144531
1999-11-30,87.06143188476562
1999-12-01,87.7646713256836
1999-12-02,88.29208374023438
1999-12-03,89.91338348388672
1999-12-06,89.24923706054688
1999-12-07,88.52652740478516
1999-12-08,87.96004486083984
1999-12-09,88.38976287841797
1999-12-10,88.68278503417969
1999-12-13,88.83900451660156
1999-12-14,87.97954559326172
1999-12-15,88.4483642578125
1999-12-16,88.83900451660156
1999-12-17,89.40955352783203
1999-12-20,88.76338195800781
1999-12-21,90.11450958251953
1999-12-22,90.34950256347656
1999-12-23,91.78874206542969
1999-12-27,91.6614990234375
1999-12-28,91.60273742675781
1999-12-29,91.99436950683594
1999-12-30,91.88658142089844
1999-12-31,92.03349304199219
2000-01-03,91.1327133178711
2000-01-04,87.56886291503906
2000-01-05,87.72554016113281
2000-01-06,86.31566619873047
2000-01-07,91.32856750488281
2000-01-10,91.64187622070312
2000-01-11,90.5452880859375
2000-01-12,89.64458465576172
2000-01-13,90.858642578125
2000-01-14,92.09225463867188
2000-01-18,91.36772918701172
2000-01-19,92.11184692382812
2000-01-20,90.70197296142578
2000-01-21,90.50614166259766
2000-01-24,87.94094848632812
2000-01-25,88.93961334228516
2000-01-26,88.23466491699219
2000-01-27,87.88224029541016
2000-01-28,85.1407470703125
2000-01-31,87.45146179199219
2000-02-01,88.3130111694336
2000-02-02,88.3913345336914
2000-02-03,89.72286987304688
2000-02-04,89.35082244873047
2000-02-07,89.21378326416016
2000-02-08,90.4278564453125
2000-02-09,88.52841186523438
2000-02-10,88.7045669555664
2000-02-11,86.90310668945312
2000-02-14,87.41223907470703
2000-02-15,88.40110778808594
2000-02-16,87.09894561767578
2000-02-17,86.64855194091797
2000-02-18,84.78832244873047
2000-02-22,84.57293701171875
2000-02-23,85.57160186767578
2000-02-24,83.84841918945312
2000-02-25,83.54488372802734
2000-02-28,85.29743194580078
2000-02-29,86.11984252929688
2000-03-01,86.74652099609375
2000-03-02,86.80521392822266
2000-03-03,88.43048095703125
2000-03-06,87.56886291503906
2000-03-07,85.87507629394531
2000-03-08,85.76737976074219
2000-03-09,88.27381134033203
2000-03-10,87.80387878417969
2000-03-13,86.8443832397461
2000-03-14,85.61071014404297
2000-03-15,87.60807800292969
2000-03-16,91.70057678222656
2000-03-17,92.30664825439453
2000-03-20,91.83553314208984
2000-03-21,93.72013092041016
2000-03-22,94.2894287109375
2000-03-23,95.89923858642578
2000-03-24,96.46851348876953
2000-03-27,95.44766998291016
2000-03-28,94.89806365966797
2000-03-29,94.99620819091797
2000-03-30,93.406005859375
2000-03-31,94.4661636352539
2000-04-03,95.01576232910156
2000-04-04,94.30906677246094
2000-04-05,93.72013092041016
2000-04-06,94.5348129272461
2000-04-07,95.13359832763672
2000-04-10,94.76062774658203
2000-04-11,94.48577117919922
2000-04-12,91.89445495605469
2000-04-13,90.61837005615234
2000-04-14,85.43570709228516
2000-04-17,88.419677734375
2000-04-18,90.75580596923828
2000-04-19,89.91162109375
2000-04-20,90.34352111816406
2000-04-24,89.36198425292969
2000-04-25,93.07229614257812
2000-04-26,92.02201843261719
2000-04-27,91.7177505493164
2000-04-28,91.14842987060547
2000-05-01,92.38522338867188
2000-05-02,90.53990173339844
2000-05-03,88.419677734375
2000-05-04,89.08710479736328
2000-05-05,90.1668701171875
2000-05-08,89.4896011352539
2000-05-09,88.77303314208984
2000-05-10,86.77066802978516
2000-05-11,88.75341033935547
2000-05-12,89.71533966064453
2000-05-15,91.26619720458984
2000-05-16,92.14958190917969
2000-05-17,91.18769073486328
2000-05-18,90.06867218017578
2000-05-19,88.65522766113281
2000-05-22,87.98776245117188
2000-05-23,86.69207000732422
2000-05-24,88.10558319091797
2000-05-25,86.59396362304688
2000-05-26,86.69207000732422
2000-05-30,89.5190200805664
2000-05-31,89.71533966064453
2000-06-01,91.28583526611328
2000-06-02,92.8759994506836
2000-06-05,92.4244384765625
2000-06-06,92.01223754882812
2000-06-07,92.65023040771484
2000-06-08,92.28705596923828
2000-06-09,92.09072875976562
2000-06-12,91.0110092163086
2000-06-13,92.71897888183594
2000-06-14,92.8759994506836
2000-06-15,93.07229614257812
2000-06-16,92.30754089355469
2000-06-19,93.48825073242188
2000-06-20,93.15369415283203
2000-06-21,93.11426544189453
2000-06-22,91.6975326538086
2000-06-23,90.91045379638672
2000-06-26,92.08128356933594
2000-06-27,91.40238952636719
2000-06-28,91.65818786621094
2000-06-29,90.79238891601562
2000-06-30,91.48107147216797
2000-07-03,92.74044799804688
2000-07-05,91.06787109375
2000-07-06,91.77625274658203
2000-07-07,93.25205993652344
2000-07-10,93.09464263916016
2000-07-11,93.29146575927734
2000-07-12,93.90148162841797
2000-07-13,94.31465148925781
2000-07-14,95.23948669433594
2000-07-17,95.08209991455078
2000-07-18,94.30484771728516
2000-07-19,93.54718780517578
2000-07-20,94.845947265625
2000-07-21,92.99629974365234
2000-07-24,92.46495819091797
2000-07-25,92.76018524169922
2000-07-26,91.85499572753906
2000-07-27,91.54013061523438
2000-07-28,89.4739990234375
2000-07-31,90.04467010498047
2000-08-01,90.5956039428711
2000-08-02,91.04817962646484
2000-08-03,91.67787170410156
2000-08-04,92.16979217529297
2000-08-07,93.271728515625
2000-08-08,93.62594604492188
2000-08-09,92.83885192871094
2000-08-10,92.38626098632812
2000-08-11,92.81916046142578
2000-08-14,93.9998550415039
2000-08-15,93.92109680175781
2000-08-16,93.58665466308594
2000-08-17,94.57047271728516
2000-08-18,94.25559997558594
2000-08-21,94.76721954345703
2000-08-22,94.60980987548828
2000-08-23,94.98373413085938
2000-08-24,95.27886962890625
2000-08-25,95.23948669433594
2000-08-28,95.5641860961914
2000-08-29,95.58385467529297
2000-08-30,94.66888427734375
2000-08-31,95.92825317382812
2000-09-01,96.02660369873047
2000-09-05,95.25920867919922
2000-09-06,94.17694091796875
2000-09-07,94.98373413085938
2000-09-08,94.33440399169922
2000-09-11,94.19660949707031
2000-09-12,93.50786590576172
2000-09-13,93.75386810302734
2000-09-14,94.22612762451172
2000-09-15,92.16464233398438
2000-09-18,91.31639099121094
2000-09-19,92.1449203491211
2000-09-20,91.46434020996094
2000-09-21,90.07359313964844
2000-09-22,91.71089172363281
2000-09-25,91.05995178222656
2000-09-26,89.89603424072266
2000-09-27,90.36946868896484
2000-09-28,91.53336334228516
2000-09-29,90.66542053222656
2000-10-02,90.80347442626953
2000-10-03,89.95523071289062
2000-10-04,90.70482635498047
2000-10-05,91.0204849243164
2000-10-06,89.04782104492188
2000-10-09,88.37702941894531
2000-10-10,86.91720581054688
2000-10-11,86.1873779296875
2000-10-12,84.03709411621094
2000-10-13,86.83836364746094
2000-10-16,87.23294067382812
2000-10-17,85.0628890991211
2000-10-18,84.74729919433594
2000-10-19,87.94303894042969
2000-10-20,88.31787872314453
2000-10-23,88.71238708496094
2000-10-24,88.12059783935547
2000-10-25,86.04927062988281
2000-10-26,86.28595733642578
2000-10-27,87.92333984375
2000-10-30,88.71238708496094
2000-10-31,90.24124145507812
2000-11-01,89.93549346923828
2000-11-02,90.0834732055664
2000-11-03,90.13277435302734
2000-11-06,90.7640151977539
2000-11-07,90.74427795410156
2000-11-08,88.73212432861328
2000-11-09,88.39679718017578
2000-11-10,86.24649047851562
2000-11-13,85.5758056640625
2000-11-14,87.82471466064453
2000-11-15,88.10090637207031
2000-11-16,86.72002410888672
2000-11-17,86.25640869140625
2000-11-20,85.02348327636719
2000-11-21,85.45747375488281
2000-11-22,83.41571044921875
2000-11-24,85.12208557128906
2000-11-27,85.8717269897461
2000-11-28,84.39220428466797
2000-11-29,84.234375
2000-11-30,83.50445556640625
2000-12-01,83.46501922607422
2000-12-04,84.17522430419922
2000-12-05,86.93697357177734
2000-12-06,85.54618072509766
2000-12-07,84.37246704101562
2000-12-08,84.56974029541016
2000-12-11,87.5090560913086
2000-12-12,87.13426208496094
2000-12-13,85.9408187866211
2000-12-14,84.84595489501953
2000-12-15,82.92952728271484
2000-12-18,84.03765106201172
2000-12-19,82.32601165771484
2000-12-20,79.94161224365234
2000-12-21,80.49563598632812
2000-12-22,82.90975952148438
2000-12-26,83.80016326904297
2000-12-27,84.41358947753906
2000-12-28,84.67086029052734
2000-12-29,83.06805419921875
2001-01-02,81.56420135498047
2001-01-03,85.48211669921875
2001-01-04,84.5619888305664
2001-01-05,81.80162811279297
2001-01-08,82.4348373413086
2001-01-09,82.21717071533203
2001-01-10,83.66169738769531
2001-01-11,83.74082946777344
2001-01-12,83.58251190185547
2001-01-16,84.11680603027344
2001-01-17,84.50263977050781
2001-01-18,85.34361267089844
2001-01-19,84.85877990722656
2001-01-22,85.4227523803711
2001-01-23,86.09552001953125
2001-01-24,86.35279846191406
2001-01-25,86.13512420654297
2001-01-26,86.03617095947266
2001-01-29,86.49523162841797
2001-01-30,87.25508117675781
2001-01-31,86.76122283935547
2001-02-01,87.33740997314453
2001-02-02,85.35550689697266
2001-02-05,85.98233032226562
2001-02-06,85.72907257080078
2001-02-07,85.28583526611328
2001-02-08,84.2917251586914
2001-02-09,83.481201171875
2001-02-12,84.43733978271484
2001-02-13,83.7471694946289
2001-02-14,83.62051391601562
2001-02-15,84.43104553222656
2001-02-16,82.56940460205078
2001-02-20,81.29667663574219
2001-02-21,79.5427017211914
2001-02-22,79.66302490234375
2001-02-23,79.1247787475586
2001-02-26,80.80911254882812
2001-02-27,80.06189727783203
2001-02-28,78.48527526855469
2001-03-01,78.89684295654297
2001-03-02,78.26998138427734
2001-03-05,78.98548126220703
2001-03-06,79.83399200439453
2001-03-07,80.40384674072266
2001-03-08,80.4925308227539
2001-03-09,78.11166381835938
2001-03-12,74.76838684082031
2001-03-13,75.99679565429688
2001-03-14,74.49610137939453
2001-03-15,74.51509857177734
2001-03-16,73.02052307128906
2001-03-19,74.50616455078125
2001-03-20,72.50623321533203
2001-03-21,71.27452850341797
2001-03-22,70.55074310302734
2001-03-23,72.68404388427734
2001-03-26,73.61100769042969
2001-03-27,75.11572265625
2001-03-28,73.0395278930664
2001-03-29,73.3189468383789
2001-03-30,74.087158203125
2001-04-02,72.50623321533203
2001-04-03,70.08727264404297
2001-04-04,70.37931060791016
2001-04-05,73.04595184326172
2001-04-06,71.93480682373047
2001-04-09,72.73482513427734
2001-04-10,74.0617446899414
2001-04-11,74.11256408691406
2001-04-12,75.45855712890625
2001-04-16,74.66494750976562
2001-04-17,75.7188720703125
2001-04-18,78.72833251953125
2001-04-19,79.77593231201172
2001-04-20,79.04578399658203
2001-04-23,77.61090087890625
2001-04-24,77.19183349609375
2001-04-25,78.20133972167969
2001-04-26,78.55054473876953
2001-04-27,79.85844421386719
2001-04-30,80.41716003417969
2001-05-01,80.66478729248047
2001-05-02,80.5187759399414
2001-05-03,79.4965591430664
2001-05-04,80.84890747070312
2001-05-07,80.15050506591797
2001-05-08,80.11241149902344
2001-05-09,79.77593231201172
2001-05-10,80.01082611083984
2001-05-11,79.45845031738281
2001-05-14,79.61720275878906
2001-05-15,79.98542785644531
2001-05-16,81.87110137939453
2001-05-17,81.99810028076172
2001-05-18,82.37268829345703
2001-05-21,83.58533477783203
2001-05-22,83.47745513916016
2001-05-23,82.06155395507812
2001-05-24,82.30284881591797
2001-05-25,81.33146667480469
2001-05-29,80.68383026123047
2001-05-30,79.5537109375
2001-05-31,79.96639251708984
2001-06-01,80.46163177490234
2001-06-04,80.84890747070312
2001-06-05,81.77589416503906
2001-06-06,81.09654998779297
2001-06-07,81.38856506347656
2001-06-08,80.63304138183594
2001-06-11,80.06161499023438
2001-06-12,79.92195129394531
2001-06-13,79.23622131347656
2001-06-14,77.45850372314453
2001-06-15,77.5832748413086
2001-06-18,77.20763397216797
2001-06-19,77.54513549804688
2001-06-20,77.95262145996094
2001-06-21,78.83761596679688
2001-06-22,78.2199935913086
2001-06-25,77.50054168701172
2001-06-26,77.39230346679688
2001-06-27,77.34772491455078
2001-06-28,77.77433013916016
2001-06-29,78.06080627441406
2001-07-02,79.03499603271484
2001-07-03,79.01591491699219
2001-07-05,77.47505187988281
2001-07-06,75.80052185058594
2001-07-09,76.21435546875
2001-07-10,75.2975082397461
2001-07-11,75.37391662597656
2001-07-12,77.1630859375
2001-07-13,77.83163452148438
2001-07-16,76.85745239257812
2001-07-17,77.57694244384766
2001-07-18,77.0484390258789
2001-07-19,77.72340393066406
2001-07-20,77.25856018066406
2001-07-23,75.7368392944336
2001-07-24,75.00457763671875
2001-07-25,75.8323745727539
2001-07-26,76.62823486328125
2001-07-27,76.92113494873047
2001-07-30,76.94657897949219
2001-07-31,77.26496887207031
2001-08-01,77.74884796142578
2001-08-02,78.06719207763672
2001-08-03,77.64059448242188
2001-08-06,76.59639739990234
2001-08-07,76.89564514160156
2001-08-08,75.46939849853516
2001-08-09,75.69227600097656
2001-08-10,75.95332336425781
2001-08-13,75.97242736816406
2001-08-14,75.94056701660156
2001-08-15,75.28478240966797
2001-08-16,75.54583740234375
2001-08-17,74.3360595703125
2001-08-20,75.02377319335938
2001-08-21,73.74391174316406
2001-08-22,74.5079574584961
2001-08-23,74.24056243896484
2001-08-24,75.78141021728516
2001-08-27,75.32936096191406
2001-08-28,74.22784423828125
2001-08-29,73.56566619873047
2001-08-30,72.15215301513672
2001-08-31,72.68065643310547
2001-09-04,72.21582794189453
2001-09-05,72.39410400390625
2001-09-06,70.528564453125
2001-09-07,69.22328186035156
2001-09-10,70.07012939453125
2001-09-17,66.40900421142578
2001-09-18,66.2498550415039
2001-09-19,64.91272735595703
2001-09-20,62.84980010986328
2001-09-21,62.17169189453125
2001-09-24,64.35741424560547
2001-09-25,65.0284652709961
2001-09-26,64.79842376708984
2001-09-27,65.36083221435547
2001-09-28,66.74767303466797
2001-10-01,66.63900756835938
2001-10-02,67.47625732421875
2001-10-03,68.60745239257812
2001-10-04,68.66497039794922
2001-10-05,68.5307846069336
2001-10-08,68.0833969116211
2001-10-09,67.7190933227539
2001-10-10,69.22736358642578
2001-10-11,70.30106353759766
2001-10-12,69.9815444946289
2001-10-15,69.85371398925781
2001-10-16,70.29468536376953
2001-10-17,68.7991943359375
2001-10-18,68.65221405029297
2001-10-19,68.60745239257812
2001-10-22,69.96234893798828
2001-10-23,69.60446166992188
2001-10-24,69.41914367675781
2001-10-25,70.66535186767578
2001-10-26,70.50559997558594
2001-10-29,68.67138671875
2001-10-30,67.84693908691406
2001-10-31,67.61686706542969
2001-11-01,69.34884643554688
2001-11-02,69.8217544555664
2001-11-05,70.73565673828125
2001-11-06,71.83490753173828
2001-11-07,71.73905181884766
2001-11-08,71.96273040771484
2001-11-09,72.0394287109375
2001-11-12,71.59844970703125
2001-11-13,73.20896911621094
2001-11-14,73.2792739868164
2001-11-15,73.41350555419922
2001-11-16,73.0875244140625
2001-11-19,73.98868560791016
2001-11-20,73.36875915527344
2001-11-21,72.88304901123047
2001-11-23,73.93118286132812
2001-11-26,74.09097290039062
2001-11-27,73.77142333984375
2001-11-28,72.43569946289062
2001-11-29,73.41350555419922
2001-11-30,72.88945007324219
2001-12-03,72.454833984375
2001-12-04,73.681884765625
2001-12-05,75.03041076660156
2001-12-06,74.99207305908203
2001-12-07,74.4935531616211
2001-12-10,73.10035705566406
2001-12-11,72.9533462524414
2001-12-12,73.03645324707031
2001-12-13,71.61761474609375
2001-12-14,72.30143737792969
2001-12-17,73.0491714477539
2001-12-18,73.48377990722656
2001-12-19,74.00148010253906
2001-12-20,73.27288055419922
2001-12-21,73.71730041503906
2001-12-24,73.57624053955078
2001-12-26,73.98023223876953
2001-12-27,74.42915344238281
2001-12-28,74.39070129394531
2001-12-31,73.30043029785156
2002-01-02,74.08924865722656
2002-01-03,74.92936706542969
2002-01-04,75.4295425415039
2002-01-07,74.8973159790039
2002-01-08,74.72412872314453
2002-01-09,74.11492156982422
2002-01-10,74.44196319580078
2002-01-11,73.71089172363281
2002-01-14,73.2491455078125
2002-01-15,73.84557342529297
2002-01-16,72.35130310058594
2002-01-17,72.89646911621094
2002-01-18,72.56297302246094
2002-01-22,72.06275177001953
2002-01-23,72.6142807006836
2002-01-24,72.83873748779297
2002-01-25,72.81948852539062
2002-01-28,73.01832580566406
2002-01-29,70.722412109375
2002-01-30,71.74212646484375
2002-01-31,72.58222961425781
2002-02-01,72.2423324584961
2002-02-04,70.44664001464844
2002-02-05,70.01065063476562
2002-02-06,69.70919799804688
2002-02-07,69.27311706542969
2002-02-08,70.60060119628906
2002-02-11,71.46635437011719
2002-02-12,71.24190521240234
2002-02-13,71.99864196777344
2002-02-14,71.86394500732422
2002-02-15,71.11363220214844
2002-02-19,69.74765014648438
2002-02-20,70.92121124267578
2002-02-21,69.45271301269531
2002-02-22,70.31204986572266
2002-02-25,71.47274780273438
2002-02-26,71.32527160644531
2002-02-27,71.60101318359375
2002-02-28,71.2803726196289
2002-03-01,72.94131469726562
2002-03-04,74.23035430908203
2002-03-05,73.99304962158203
2002-03-06,74.87162780761719
2002-03-07,74.71129608154297
2002-03-08,75.02558135986328
2002-03-11,75.18587493896484
2002-03-12,75.14099884033203
2002-03-13,74.41633605957031
2002-03-14,74.313720703125
2002-03-15,75.02179718017578
2002-03-18,75.03468322753906
2002-03-19,75.53633117675781
2002-03-20,74.11498260498047
2002-03-21,74.14714050292969
2002-03-22,73.98638916015625
2002-03-25,73.06669616699219
2002-03-26,73.49113464355469
2002-03-27,73.68412017822266
2002-03-28,73.65193176269531
2002-04-01,73.68412017822266
2002-04-02,73.27891540527344
2002-04-03,72.764404296875
2002-04-04,72.46208953857422
2002-04-05,72.47498321533203
2002-04-08,72.62931823730469
2002-04-09,72.12127685546875
2002-04-10,72.93807220458984
2002-04-11,71.1243896484375
2002-04-12,71.65821838378906
2002-04-15,71.11151885986328
2002-04-16,72.8030014038086
2002-04-17,72.6486587524414
2002-04-18,72.33350372314453
2002-04-19,72.59720611572266
2002-04-22,71.3880615234375
2002-04-23,71.07939910888672
2002-04-24,70.36551666259766
2002-04-25,70.40409851074219
2002-04-26,69.06639862060547
2002-04-29,68.72549438476562
2002-04-30,69.36865997314453
2002-05-01,70.21760559082031
2002-05-02,69.94746398925781
2002-05-03,69.1885757446289
2002-05-06,67.83155059814453
2002-05-07,67.59358215332031
2002-05-08,70.10823059082031
2002-05-09,69.29790496826172
2002-05-10,67.9923324584961
2002-05-13,69.37510681152344
2002-05-14,70.88644409179688
2002-05-15,70.60992431640625
2002-05-16,70.9764633178711
2002-05-17,71.32374572753906
2002-05-20,70.5520248413086
2002-05-21,69.9089126586914
2002-05-22,70.06327819824219
2002-05-23,70.80924224853516
2002-05-24,69.90245819091797
2002-05-28,69.52299499511719
2002-05-29,69.00850677490234
2002-05-30,68.81555938720703
2002-05-31,68.95703125
2002-06-03,67.12411499023438
2002-06-04,67.29132080078125
2002-06-05,67.9216079711914
2002-06-06,66.53883361816406
2002-06-07,66.46163177490234
2002-06-10,66.71891021728516
2002-06-11,65.57415008544922
2002-06-12,65.97289276123047
2002-06-13,65.31045532226562
2002-06-14,65.21400451660156
2002-06-17,66.96331787109375
2002-06-18,67.50999450683594
2002-06-19,65.93428039550781
2002-06-20,65.09181213378906
2002-06-21,64.07404327392578
2002-06-24,64.40962982177734
2002-06-25,62.9639892578125
2002-06-26,63.0672492980957
2002-06-27,64.17084503173828
2002-06-28,63.86751174926758
2002-07-01,62.621891021728516
2002-07-02,61.29239273071289
2002-07-03,61.64093017578125
2002-07-05,64.09337615966797
2002-07-08,63.293113708496094
2002-07-09,61.69898223876953
2002-07-10,59.45304870605469
2002-07-11,59.93707275390625
2002-07-12,59.27880096435547
2002-07-15,59.595035552978516
2002-07-16,58.44623947143555
2002-07-17,58.56241989135742
2002-07-18,56.66498565673828
2002-07-19,54.67074203491211
2002-07-22,53.05080032348633
2002-07-23,51.59870147705078
2002-07-24,54.67717742919922
2002-07-25,54.212501525878906
2002-07-26,55.245121002197266
2002-07-29,57.936378479003906
2002-07-30,58.691463470458984
2002-07-31,58.8334846496582
2002-08-01,57.29746627807617
2002-08-02,56.01311492919922
2002-08-05,54.06405258178711
2002-08-06,55.88406753540039
2002-08-07,56.85859680175781
2002-08-08,58.69795608520508
2002-08-09,58.917362213134766
2002-08-12,58.484962463378906
2002-08-13,57.42008590698242
2002-08-14,59.517601013183594
2002-08-15,60.34369659423828
2002-08-16,60.162986755371094
2002-08-19,61.56991195678711
2002-08-20,60.91804885864258
2002-08-21,61.79581832885742
2002-08-22,62.395999908447266
2002-08-23,61.053611755371094
2002-08-26,61.47956085205078
2002-08-27,60.76964569091797
2002-08-28,59.44015121459961
2002-08-29,59.4659538269043
2002-08-30,59.23359680175781
2002-09-03,56.9747428894043
2002-09-04,57.78797149658203
2002-09-05,57.29746627807617
2002-09-06,58.084815979003906
2002-09-09,58.51077651977539
2002-09-10,59.18197250366211
2002-09-11,58.814117431640625
2002-09-12,57.72985076904297
2002-09-13,57.871849060058594
2002-09-16,58.01381301879883
2002-09-17,56.68434143066406
2002-09-18,56.11637878417969
2002-09-19,54.664283752441406
2002-09-20,54.68240737915039
2002-09-23,54.23512268066406
2002-09-24,53.35993957519531
2002-09-25,54.68240737915039
2002-09-26,55.57704162597656
2002-09-27,53.64519500732422
2002-09-30,53.0228271484375
2002-10-01,55.57057189941406
2002-10-02,53.90446472167969
2002-10-03,53.35993957519531
2002-10-04,52.38102340698242
2002-10-07,51.29840850830078
2002-10-08,52.10226821899414
2002-10-09,50.63067626953125
2002-10-10,52.270835876464844
2002-10-11,54.55927658081055
2002-10-14,54.86394500732422
2002-10-15,57.502445220947266
2002-10-16,56.10861587524414
2002-10-17,57.22367477416992
2002-10-18,57.46355056762695
2002-10-21,58.45541763305664
2002-10-22,58.034053802490234
2002-10-23,58.4748649597168
2002-10-24,57.282005310058594
2002-10-25,58.4748649597168
2002-10-28,58.09238052368164
2002-10-29,57.41815185546875
2002-10-30,57.97570037841797
2002-10-31,57.38576889038086
2002-11-01,58.52024459838867
2002-11-04,59.0777702331543
2002-11-05,59.54454040527344
2002-11-06,60.31599426269531
2002-11-07,58.83791732788086
2002-11-08,58.118282318115234
2002-11-11,57.217185974121094
2002-11-12,57.67099380493164
2002-11-13,57.729339599609375
2002-11-14,58.8184700012207
2002-11-15,59.252803802490234
2002-11-18,58.6563835144043
2002-11-19,58.57857894897461
2002-11-20,59.881629943847656
2002-11-21,60.99666976928711
2002-11-22,60.56231689453125
2002-11-25,60.60123062133789
2002-11-26,59.44728088378906
2002-11-27,61.11983871459961
2002-11-29,60.92535400390625
2002-12-02,61.02259826660156
2002-12-03,60.205772399902344
2002-12-04,59.93351364135742
2002-12-05,59.27226257324219
2002-12-06,59.66117477416992
2002-12-09,58.02107238769531
2002-12-10,58.79901885986328
2002-12-11,58.85087966918945
2002-12-12,58.84439468383789
2002-12-13,57.91733932495117
2002-12-16,59.414886474609375
2002-12-17,58.89625549316406
2002-12-18,58.215572357177734
2002-12-19,57.80067443847656
2002-12-20,58.62541580200195
2002-12-23,58.64494705200195
2002-12-24,58.208473205566406
2002-12-26,58.23454284667969
2002-12-27,56.92508316040039
2002-12-30,57.400691986083984
2002-12-31,57.47883224487305
2003-01-02,59.3289794921875
2003-01-03,59.51138687133789
2003-01-06,60.560264587402344
2003-01-07,60.41041946411133
2003-01-08,59.53744888305664
2003-01-09,60.46253967285156
2003-01-10,60.62542724609375
2003-01-13,60.60588836669922
2003-01-14,60.80128860473633
2003-01-15,60.195472717285156
2003-01-16,59.94789123535156
2003-01-17,59.061885833740234
2003-01-21,58.14331817626953
2003-01-22,57.43974685668945
2003-01-23,57.79151153564453
2003-01-24,56.27363586425781
2003-01-27,55.5048828125
2003-01-28,55.91526412963867
2003-01-29,56.338783264160156
2003-01-30,55.00325393676758
2003-01-31,56.065128326416016
2003-02-03,56.175899505615234
2003-02-04,55.62214279174805
2003-02-05,55.276885986328125
2003-02-06,55.01627731323242
2003-02-07,54.34526062011719
2003-02-10,54.729644775390625
2003-02-11,54.35179901123047
2003-02-12,53.48533630371094
2003-02-13,53.648189544677734
2003-02-14,54.82084655761719
2003-02-18,55.78502655029297
2003-02-19,55.49186325073242
2003-02-20,54.93808364868164
2003-02-21,55.49186325073242
2003-02-24,54.59284210205078
2003-02-25,55.02932357788086
2003-02-26,54.22803497314453
2003-02-27,54.94464111328125
2003-02-28,55.309452056884766
2003-03-03,54.78174591064453
2003-03-04,53.908817291259766
2003-03-05,54.36479568481445
2003-03-06,53.908817291259766
2003-03-07,54.28013229370117
2003-03-10,52.97719192504883
2003-03-11,52.45603942871094
2003-03-12,52.80781555175781
2003-03-13,54.63193130493164
2003-03-14,54.80780792236328
2003-03-17,56.53419876098633
2003-03-18,56.86648178100586
2003-03-19,57.30292510986328
2003-03-20,57.426700592041016
2003-03-21,58.65248107910156
2003-03-24,56.70327377319336
2003-03-25,57.24618148803711
2003-03-26,56.958404541015625
2003-03-27,57.00422286987305
2003-03-28,56.716373443603516
2003-03-31,55.42781066894531
2003-04-01,56.278106689453125
2003-04-02,57.63865661621094
2003-04-03,57.36393737792969
2003-04-04,57.70404052734375
2003-04-07,57.59284973144531
2003-04-08,57.684452056884766
2003-04-09,56.92569351196289
2003-04-10,57.23961639404297
2003-04-11,57.00422286987305
2003-04-14,58.18152618408203
2003-04-15,58.724395751953125
2003-04-16,57.723670959472656
2003-04-17,58.580501556396484
2003-04-21,58.63936996459961
2003-04-22,59.74481964111328
2003-04-23,60.29426574707031
2003-04-24,59.757930755615234
2003-04-25,59.01874923706055
2003-04-28,60.039146423339844
2003-04-29,60.248451232910156
2003-04-30,60.117637634277344
2003-05-01,60.11106872558594
2003-05-02,60.967987060546875
2003-05-05,60.850250244140625
2003-05-06,61.425846099853516
2003-05-07,61.08570861816406
2003-05-08,60.47087478637695
2003-05-09,61.308109283447266
2003-05-12,62.06031036376953
2003-05-13,61.9491081237793
2003-05-14,61.818260192871094
2003-05-15,62.21075439453125
2003-05-16,62.05378341674805
2003-05-19,60.601707458496094
2003-05-20,60.47737503051758
2003-05-21,60.601707458496094
2003-05-22,61.203453063964844
2003-05-23,61.32773971557617
2003-05-27,62.40043258666992
2003-05-28,62.57705307006836
2003-05-29,62.41350555419922
2003-05-30,63.414241790771484
2003-06-02,63.6759033203125
2003-06-03,63.937557220458984
2003-06-04,64.8598403930664
2003-06-05,65.1803207397461
2003-06-06,64.92520141601562
2003-06-09,64.26458740234375
2003-06-10,64.9186782836914
2003-06-11,65.60549926757812
2003-06-12,65.80828857421875
2003-06-13,65.12142944335938
2003-06-16,66.49504852294922
2003-06-17,66.49504852294922
2003-06-18,66.43620300292969
2003-06-19,65.42232513427734
2003-06-20,65.2779541015625
2003-06-23,64.60833740234375
2003-06-24,64.67398071289062
2003-06-25,64.02405548095703
2003-06-26,64.85781860351562
2003-06-27,64.10942840576172
2003-06-30,64.08975219726562
2003-07-01,64.6805648803711
2003-07-02,65.4945297241211
2003-07-03,64.81839752197266
2003-07-07,66.10505676269531
2003-07-08,66.40043640136719
2003-07-09,66.02625274658203
2003-07-10,65.18602752685547
2003-07-11,65.80306243896484
2003-07-14,66.12476348876953
2003-07-15,65.98035430908203
2003-07-16,65.593017578125
2003-07-17,64.66080474853516
2003-07-18,65.32389068603516
2003-07-21,64.51644897460938
2003-07-22,65.10065460205078
2003-07-23,65.14665985107422
2003-07-24,64.654296875
2003-07-25,65.79652404785156
2003-07-28,65.55361938476562
2003-07-29,65.25164794921875
2003-07-30,65.09412384033203
2003-07-31,65.2451171875
2003-08-01,64.66739654541016
2003-08-04,64.66739654541016
2003-08-05,63.29541778564453
2003-08-06,63.66303253173828
2003-08-07,64.33261108398438
2003-08-08,64.51644897460938
2003-08-11,64.75932312011719
2003-08-12,65.3501205444336
2003-08-13,65.01537322998047
2003-08-14,65.19257354736328
2003-08-15,65.39607238769531
2003-08-18,65.96064758300781
2003-08-19,66.21007537841797
2003-08-20,65.9409408569336
2003-08-21,66.15098571777344
2003-08-22,65.4945297241211
2003-08-25,65.59957885742188
2003-08-26,65.71776580810547
2003-08-27,65.7374267578125
2003-08-28,66.14443969726562
2003-08-29,66.5907974243164
2003-09-02,67.48361206054688
2003-09-03,67.8512191772461
2003-09-04,67.88404846191406
2003-09-05,67.50330352783203
2003-09-08,68.061279296875
2003-09-09,67.61488342285156
2003-09-10,66.93219757080078
2003-09-11,67.12915802001953
2003-09-12,67.25386810302734
2003-09-15,67.01752471923828
2003-09-16,67.9956283569336
2003-09-17,67.86434936523438
2003-09-18,68.66524505615234
2003-09-19,68.31597137451172
2003-09-22,67.57789611816406
2003-09-23,67.83492279052734
2003-09-24,66.62897491455078
2003-09-25,66.08204650878906
2003-09-26,65.86458587646484
2003-09-29,66.51038360595703
2003-09-30,65.86458587646484
2003-10-01,67.26821899414062
2003-10-02,67.51204681396484
2003-10-03,68.13147735595703
2003-10-06,68.44116973876953
2003-10-07,68.70479583740234
2003-10-08,68.53343200683594
2003-10-09,68.71795654296875
2003-10-10,68.90906524658203
2003-10-13,69.12654876708984
2003-10-14,69.3703384399414
2003-10-15,69.18582153320312
2003-10-16,69.46260833740234
2003-10-17,68.70479583740234
2003-10-20,69.21873474121094
2003-10-21,69.10012817382812
2003-10-22,68.2303237915039
2003-10-23,68.1051025390625
2003-10-24,68.25664520263672
2003-10-27,68.28959655761719
2003-10-28,69.21873474121094
2003-10-29,69.31101989746094
2003-10-30,69.45600128173828
2003-10-31,69.39009857177734
2003-11-03,69.84480285644531
2003-11-04,69.69322204589844
2003-11-05,69.74594116210938
2003-11-06,70.11494445800781
2003-11-07,69.59439849853516
2003-11-10,69.31101989746094
2003-11-11,69.291259765625
2003-11-12,70.06890106201172
2003-11-13,70.088623046875
2003-11-14,69.49555969238281
2003-11-17,69.14631652832031
2003-11-18,68.427978515625
2003-11-19,69.00786590576172
2003-11-20,68.38847351074219
2003-11-21,68.67182159423828
2003-11-24,69.58120727539062
2003-11-25,69.84480285644531
2003-11-26,70.0952377319336
2003-11-28,70.14793395996094
2003-12-01,70.9057388305664
2003-12-02,70.7278060913086
2003-12-03,70.61580657958984
2003-12-04,70.9057388305664
2003-12-05,70.41150665283203
2003-12-08,70.8859634399414
2003-12-09,70.33901977539062
2003-12-10,70.33241271972656
2003-12-11,71.12322235107422
2003-12-12,71.2615966796875
2003-12-15,70.9057388305664
2003-12-16,71.27476501464844
2003-12-17,71.49884796142578
2003-12-18,72.3027572631836
2003-12-19,72.10148620605469
2003-12-22,72.60465240478516
2003-12-23,72.65104675292969
2003-12-24,72.5782241821289
2003-12-26,72.63118743896484
2003-12-29,73.5978012084961
2003-12-30,73.6110610961914
2003-12-31,73.67729187011719
2004-01-02,73.6441650390625
2004-01-05,74.4452896118164
2004-01-06,74.51815032958984
2004-01-07,74.76973724365234
2004-01-08,75.06766510009766
2004-01-09,74.41216278076172
2004-01-12,74.96174621582031
2004-01-13,74.5247573852539
2004-01-14,75.14712524414062
2004-01-15,75.33251190185547
2004-01-16,75.63044738769531
2004-01-20,75.61058807373047
2004-01-21,76.2064437866211
2004-01-22,76.00785064697266
2004-01-23,75.76287841796875
2004-01-26,76.7162857055664
2004-01-27,75.92840576171875
2004-01-28,75.06100463867188
2004-01-29,75.13389587402344
2004-01-30,75.13389587402344
2004-02-02,75.45829772949219
2004-02-03,75.33251190185547
2004-02-04,74.71671295166016
2004-02-05,74.93523406982422
2004-02-06,75.77608489990234
2004-02-09,75.79597473144531
2004-02-10,76.04090118408203
2004-02-11,76.84869384765625
2004-02-12,76.57057189941406
2004-02-13,76.22634887695312
2004-02-17,76.91488647460938
2004-02-18,76.57720947265625
2004-02-19,76.2925033569336
2004-02-20,76.06077575683594
2004-02-23,75.8687744140625
2004-02-24,75.73638153076172
2004-02-25,76.05419158935547
2004-02-26,76.10054779052734
2004-02-27,76.1534652709961
2004-03-01,76.90821838378906
2004-03-02,76.45801544189453
2004-03-03,76.59710693359375
2004-03-04,76.79568481445312
2004-03-05,77.05396270751953
2004-03-08,76.11375427246094
2004-03-09,75.80921173095703
2004-03-10,74.53799438476562
2004-03-11,73.57132720947266
2004-03-12,74.53799438476562
2004-03-15,73.62427520751953
2004-03-16,74.01495361328125
2004-03-17,74.84253692626953
2004-03-18,74.86241149902344
2004-03-19,73.78937530517578
2004-03-22,72.85260009765625
2004-03-23,72.72634887695312
2004-03-24,72.78610229492188
2004-03-25,73.74952697753906
2004-03-26,73.76945495605469
2004-03-29,74.8059310913086
2004-03-30,75.05841827392578
2004-03-31,75.14482116699219
2004-04-01,75.5965576171875
2004-04-02,76.16796112060547
2004-04-05,76.58656311035156
2004-04-06,76.34070587158203
2004-04-07,76.16131591796875
2004-04-08,75.98860931396484
2004-04-12,76.28756713867188
2004-04-13,75.2178726196289
2004-04-14,75.33747100830078
2004-04-15,75.0517578125
2004-04-16,75.62982177734375
2004-04-19,75.62982177734375
2004-04-20,74.36077880859375
2004-04-21,74.85909271240234
2004-04-22,75.90884399414062
2004-04-23,75.98192596435547
2004-04-26,75.87564086914062
2004-04-27,75.94205474853516
2004-04-28,74.95872497558594
2004-04-29,74.30098724365234
2004-04-30,73.72296905517578
2004-05-03,74.51360321044922
2004-05-04,74.45380401611328
2004-05-05,74.93220520019531
2004-05-06,74.28766632080078
2004-05-07,73.05854797363281
2004-05-10,72.30776977539062
2004-05-11,72.91900634765625
2004-05-12,73.38406372070312
2004-05-13,73.07848358154297
2004-05-14,73.11172485351562
2004-05-17,72.48715209960938
2004-05-18,72.85260009765625
2004-05-19,72.60009765625
2004-05-20,72.8326416015625
2004-05-21,72.95886993408203
2004-05-24,73.26449584960938
2004-05-25,74.31429290771484
2004-05-26,74.57334899902344
2004-05-27,74.99197387695312
2004-05-28,74.98534393310547
2004-06-01,74.88563537597656
2004-06-02,75.16472625732422
2004-06-03,74.47373962402344
2004-06-04,75.06503295898438
2004-06-07,76.20783233642578
2004-06-08,76.31417846679688
2004-06-09,75.60324096679688
2004-06-10,75.97533416748047
2004-06-14,75.22450256347656
2004-06-15,75.75605773925781
2004-06-16,75.74276733398438
2004-06-17,75.62982177734375
2004-06-18,75.77254486083984
2004-06-21,75.48577117919922
2004-06-22,75.86587524414062
2004-06-23,76.51937866210938
2004-06-24,76.27928161621094
2004-06-25,75.91254425048828
2004-06-28,75.65247344970703
2004-06-29,75.96588134765625
2004-06-30,76.37263488769531
2004-07-01,75.31241607666016
2004-07-02,75.27239990234375
2004-07-06,74.6122055053711
2004-07-07,74.832275390625
2004-07-08,74.31216430664062
2004-07-09,74.5054931640625
2004-07-12,74.5388412475586
2004-07-13,74.59220886230469
2004-07-14,74.365478515625
2004-07-15,73.88539123535156
2004-07-16,73.82534790039062
2004-07-19,73.51191711425781
2004-07-20,74.44551086425781
2004-07-21,73.07181549072266
2004-07-22,73.27186584472656
2004-07-23,72.65840148925781
2004-07-26,72.5183334350586
2004-07-27,73.19851684570312
2004-07-28,73.41858673095703
2004-07-29,73.73198699951172
2004-07-30,73.91201782226562
2004-08-02,74.06541442871094
2004-08-03,73.49192810058594
2004-08-04,73.4852523803711
2004-08-05,72.28495025634766
2004-08-06,71.2513656616211
2004-08-09,71.35139465332031
2004-08-10,72.2716293334961
2004-08-11,72.12490844726562
2004-08-12,71.33806610107422
2004-08-13,71.47807312011719
2004-08-16,72.21832275390625
2004-08-17,72.62503814697266
2004-08-18,73.37189483642578
2004-08-19,73.15850830078125
2004-08-20,73.6719741821289
2004-08-23,73.4852523803711
2004-08-24,73.58528900146484
2004-08-25,74.08539581298828
2004-08-26,74.08539581298828
2004-08-27,74.31879425048828
2004-08-30,73.7052993774414
2004-08-31,74.09210205078125
2004-09-01,74.23210906982422
2004-09-02,75.07233428955078
2004-09-03,74.76563262939453
2004-09-07,75.25902557373047
2004-09-08,75.07233428955078
2004-09-09,75.00566864013672
2004-09-10,75.39239501953125
2004-09-13,75.63916015625
2004-09-14,75.79251861572266
2004-09-15,75.21902465820312
2004-09-16,75.4457778930664
2004-09-17,75.76651763916016
2004-09-20,75.31116485595703
2004-09-21,75.63931274414062
2004-09-22,74.69509887695312
2004-09-23,74.29336547851562
2004-09-24,74.6348876953125
2004-09-27,74.15943145751953
2004-09-28,74.51433563232422
2004-09-29,74.88931274414062
2004-09-30,74.83576202392578
2004-10-01,76.10132598876953
2004-10-04,76.22854614257812
2004-10-05,76.26871490478516
2004-10-06,76.79098510742188
2004-10-07,75.96736145019531
2004-10-08,75.33794403076172
2004-10-11,75.64595031738281
2004-10-12,75.3513412475586
2004-10-13,74.68843078613281
2004-10-14,74.08576965332031
2004-10-15,74.50094604492188
2004-10-18,74.7822036743164
2004-10-19,74.1527328491211
2004-10-20,74.00545501708984
2004-10-21,74.48754119873047
2004-10-22,73.65052032470703
2004-10-25,73.56346893310547
2004-10-26,74.68843078613281
2004-10-27,75.58570861816406
2004-10-28,75.81338500976562
2004-10-29,75.80001068115234
2004-11-01,76.00758361816406
2004-11-02,76.03434753417969
2004-11-03,76.99188232421875
2004-11-04,78.043212890625
2004-11-05,78.53199768066406
2004-11-08,78.41815948486328
2004-11-09,78.2641372680664
2004-11-10,78.32443237304688
2004-11-11,78.9203872680664
2004-11-12,79.54309844970703
2004-11-15,79.73851776123047
2004-11-16,79.16769409179688
2004-11-17,79.63780212402344
2004-11-18,79.74526977539062
2004-11-19,78.8587646484375
2004-11-22,79.23485565185547
2004-11-23,79.35574340820312
2004-11-24,79.54378509521484
2004-11-26,79.48332214355469
2004-11-29,79.1207046508789
2004-11-30,79.17438507080078
2004-12-01,80.0743637084961
2004-12-02,80.1415023803711
2004-12-03,80.0877456665039
2004-12-06,80.06092071533203
2004-12-07,79.31546020507812
2004-12-08,79.77883911132812
2004-12-09,80.06092071533203
2004-12-10,80.1415023803711
2004-12-13,80.8399658203125
2004-12-14,81.12202453613281
2004-12-15,81.1824722290039
2004-12-16,81.13545989990234
2004-12-17,80.59427642822266
2004-12-20,80.61456298828125
2004-12-21,81.23534393310547
2004-12-22,81.43102264404297
2004-12-23,81.49174499511719
2004-12-27,81.32305145263672
2004-12-28,81.7684097290039
2004-12-29,81.88986206054688
2004-12-30,81.73462677001953
2004-12-31,81.5591812133789
2005-01-03,81.17462921142578
2005-01-04,80.1827163696289
2005-01-05,79.62938690185547
2005-01-06,80.03422546386719
2005-01-07,79.91951751708984
2005-01-10,80.29739379882812
2005-01-11,79.74410247802734
2005-01-12,80.00724792480469
2005-01-13,79.36622619628906
2005-01-14,79.78459167480469
2005-01-18,80.61456298828125
2005-01-19,79.77108001708984
2005-01-20,79.28524017333984
2005-01-21,78.7994384765625
2005-01-24,78.64422607421875
2005-01-25,78.86688995361328
2005-01-26,79.10307312011719
2005-01-27,79.23802185058594
2005-01-28,79.23802185058594
2005-01-31,79.73057556152344
2005-02-01,80.23667907714844
2005-02-02,80.47955322265625
2005-02-03,80.2704086303711
2005-02-04,81.12734985351562
2005-02-07,81.01939392089844
2005-02-08,81.11388397216797
2005-02-09,80.50657653808594
2005-02-10,80.7967529296875
2005-02-11,81.49174499511719
2005-02-14,81.43102264404297
2005-02-15,81.73462677001953
2005-02-16,81.78863525390625
2005-02-17,81.12734985351562
2005-02-18,81.23534393310547
2005-02-22,80.02747344970703
2005-02-23,80.60104370117188
2005-02-24,81.13412475585938
2005-02-25,81.93712615966797
2005-02-28,81.39725494384766
2005-03-01,81.80211639404297
2005-03-02,81.76165771484375
2005-03-03,81.79537963867188
2005-03-04,82.81429290771484
2005-03-07,82.85475158691406
2005-03-08,82.54436492919922
2005-03-09,81.6266860961914
2005-03-10,81.80889129638672
2005-03-11,81.23534393310547
2005-03-14,81.74139404296875
2005-03-15,81.06661987304688
2005-03-16,80.37837982177734
2005-03-17,80.54033660888672
2005-03-18,80.30120849609375
2005-03-21,80.00313568115234
2005-03-22,79.19025421142578
2005-03-23,79.2579574584961
2005-03-24,79.35279083251953
2005-03-28,79.46796417236328
2005-03-29,78.93952941894531
2005-03-30,80.05732727050781
2005-03-31,79.90828704833984
2005-04-01,79.54924774169922
2005-04-04,79.68473815917969
2005-04-05,80.06407165527344
2005-04-06,80.3418197631836
2005-04-07,80.77538299560547
2005-04-08,79.9354019165039
2005-04-11,79.99635314941406
2005-04-12,80.40959930419922
2005-04-13,79.46121215820312
2005-04-14,78.42471313476562
2005-04-15,77.32731628417969
2005-04-18,77.56440734863281
2005-04-19,78.18089294433594
2005-04-20,77.0902328491211
2005-04-21,78.58731842041016
2005-04-22,78.2892837524414
2005-04-25,78.80409240722656
2005-04-26,78.03864288330078
2005-04-27,78.34343719482422
2005-04-28,77.36122131347656
2005-04-29,78.41121673583984
2005-05-02,78.85150146484375
2005-05-03,78.98699951171875
2005-05-04,79.59666442871094
2005-05-05,79.56958770751953
2005-05-06,79.31893920898438
2005-05-09,79.81346130371094
2005-05-10,78.98699951171875
2005-05-11,79.42053985595703
2005-05-12,78.54668426513672
2005-05-13,78.390869140625
2005-05-16,79.12242889404297
2005-05-17,79.65086364746094
2005-05-18,80.47055053710938
2005-05-19,80.80921936035156
2005-05-20,80.69407653808594
2005-05-23,81.1412124633789
2005-05-24,80.95153045654297
2005-05-25,80.89055633544922
2005-05-26,81.32408905029297
2005-05-27,81.4595718383789
2005-05-31,80.93799591064453
2005-06-01,81.62893676757812
2005-06-02,81.80504608154297
2005-06-03,81.39183807373047
2005-06-06,81.31730651855469
2005-06-07,81.37826538085938
2005-06-08,81.22928619384766
2005-06-09,81.61538696289062
2005-06-10,81.42571258544922
2005-06-13,81.68313598632812
2005-06-14,81.87281036376953
2005-06-15,82.02859497070312
2005-06-16,82.23859405517578
2005-06-17,82.54331970214844
2005-06-20,82.57051849365234
2005-06-21,82.61817932128906
2005-06-22,82.68614196777344
2005-06-23,81.52307891845703
2005-06-24,80.9245376586914
2005-06-27,81.04015350341797
2005-06-28,81.7203140258789
2005-06-29,81.50267791748047
2005-06-30,81.06060028076172
2005-07-01,81.29866027832031
2005-07-05,81.95157623291016
2005-07-06,81.26463317871094
2005-07-07,81.58429718017578
2005-07-08,82.5160903930664
2005-07-11,82.93778228759766
2005-07-12,83.15544128417969
2005-07-13,83.27108001708984
2005-07-14,83.59757232666016
2005-07-15,83.5499267578125
2005-07-18,83.21665954589844
2005-07-19,83.6723861694336
2005-07-20,83.95801544189453
2005-07-21,83.46832275390625
2005-07-22,84.02605438232422
2005-07-25,83.78803253173828
2005-07-26,83.8899917602539
2005-07-27,84.19608306884766
2005-07-28,84.72660827636719
2005-07-29,84.16207122802734
2005-08-01,84.10086059570312
2005-08-02,84.60420227050781
2005-08-03,84.82860565185547
2005-08-04,84.14848327636719
2005-08-05,83.5771484375
2005-08-08,83.42070770263672
2005-08-09,83.92403411865234
2005-08-10,83.88322448730469
2005-08-11,84.21646118164062
2005-08-12,83.6995620727539
2005-08-15,84.21646118164062
2005-08-16,83.12145233154297
2005-08-17,83.1146469116211
2005-08-18,83.10785675048828
2005-08-19,83.29828643798828
2005-08-22,83.29828643798828
2005-08-23,83.14181518554688
2005-08-24,82.40048217773438
2005-08-25,82.69973754882812
2005-08-26,82.1352310180664
2005-08-29,82.76776885986328
2005-08-30,82.33245086669922
2005-08-31,83.37310028076172
2005-09-01,83.31188201904297
2005-09-02,83.16224670410156
2005-09-06,84.13487243652344
2005-09-07,84.27767944335938
2005-09-08,83.99883270263672
2005-09-09,84.74700164794922
2005-09-12,84.57699584960938
2005-09-13,84.10767364501953
2005-09-14,83.80158996582031
2005-09-15,83.76079559326172
2005-09-16,84.3564224243164
2005-09-19,84.07633972167969
2005-09-20,83.36595916748047
2005-09-21,82.58732604980469
2005-09-22,82.88099670410156
2005-09-23,82.94935607910156
2005-09-26,83.0449447631836
2005-09-27,83.02445983886719
2005-09-28,83.10645294189453
2005-09-29,83.78266143798828
2005-09-30,84.0422134399414
2005-10-03,83.74166870117188
2005-10-04,82.79906463623047
2005-10-05,81.7130355834961
2005-10-06,81.41932678222656
2005-10-07,81.69934844970703
2005-10-10,81.00949096679688
2005-10-11,80.89337158203125
2005-10-12,80.25811767578125
2005-10-13,80.21031951904297
2005-10-14,81.05729675292969
2005-10-17,81.35784149169922
2005-10-18,80.47667694091797
2005-10-19,81.81546020507812
2005-10-20,80.37427520751953
2005-10-21,80.6884536743164
2005-10-24,81.93841552734375
2005-10-25,81.77449035644531
2005-10-26,81.5354232788086
2005-10-27,80.66796112060547
2005-10-28,81.82913208007812
2005-10-31,82.05455780029297
2005-11-01,82.30045318603516
2005-11-02,83.16104888916016
2005-11-03,83.51624298095703
2005-11-04,83.40697479248047
2005-11-07,83.48894500732422
2005-11-08,83.48894500732422
2005-11-09,83.59822082519531
2005-11-10,84.24713134765625
2005-11-11,84.53400421142578
2005-11-14,84.48621368408203
2005-11-15,84.17882537841797
2005-11-16,84.34960174560547
2005-11-17,85.13508605957031
2005-11-18,85.46977233886719
2005-11-21,85.90009307861328
2005-11-22,86.26895141601562
2005-11-23,86.76753234863281
2005-11-25,86.83586883544922
2005-11-28,86.22113800048828
2005-11-29,86.12550354003906
2005-11-30,85.6610336303711
2005-12-01,86.53534698486328
2005-12-02,86.64461517333984
2005-12-05,86.46021270751953
2005-12-06,86.62413787841797
2005-12-07,86.1186752319336
2005-12-08,86.0640640258789
2005-12-09,86.28944396972656
2005-12-12,86.37137603759766
2005-12-13,86.95880126953125
2005-12-14,87.30035400390625
2005-12-15,87.0476303100586
2005-12-16,86.76744079589844
2005-12-19,86.32113647460938
2005-12-20,86.40353393554688
2005-12-21,86.54084777832031
2005-12-22,86.99407958984375
2005-12-23,87.04214477539062
2005-12-27,86.15634155273438
2005-12-28,86.34857177734375
2005-12-29,85.96405792236328
2005-12-30,85.49711608886719
2006-01-03,87.00090026855469
2006-01-04,87.4129409790039
2006-01-05,87.46784210205078
2006-01-06,88.19570922851562
2006-01-09,88.42234802246094
2006-01-10,88.51158905029297
2006-01-11,88.7931137084961
2006-01-12,88.44293212890625
2006-01-13,88.36053466796875
2006-01-17,88.12018585205078
2006-01-18,87.76998901367188
2006-01-19,88.1064453125
2006-01-20,86.49964141845703
2006-01-23,86.80862426757812
2006-01-24,86.89793395996094
2006-01-25,86.97344970703125
2006-01-26,87.45411682128906
2006-01-27,88.264404296875
2006-01-30,88.19570922851562
2006-01-31,87.55026245117188
2006-02-01,88.161376953125
2006-02-02,87.13825225830078
2006-02-03,86.70565032958984
2006-02-06,86.93224334716797
2006-02-07,86.16320037841797
2006-02-08,86.94599151611328
2006-02-09,86.80179595947266
2006-02-10,86.9597396850586
2006-02-13,86.80179595947266
2006-02-14,87.72191619873047
2006-02-15,88.0308837890625
2006-02-16,88.69011688232422
2006-02-17,88.4498062133789
2006-02-21,88.23006439208984
2006-02-22,88.76563262939453
2006-02-23,88.63518524169922
2006-02-24,88.8617935180664
2006-02-27,88.89616394042969
2006-02-28,88.05152893066406
2006-03-01,88.8343505859375
2006-03-02,88.82743835449219
2006-03-03,88.41545104980469
2006-03-06,88.0102767944336
2006-03-07,87.87299346923828
2006-03-08,88.0583724975586
2006-03-09,87.46784210205078
2006-03-10,88.29871368408203
2006-03-13,88.46353149414062
2006-03-14,89.3905258178711
2006-03-15,89.78878021240234
2006-03-16,89.97416687011719
2006-03-17,90.04934692382812
2006-03-20,89.90455627441406
2006-03-21,89.3392562866211
2006-03-22,89.88388061523438
2006-03-23,89.69773864746094
2006-03-24,89.76668548583984
2006-03-27,89.63568115234375
2006-03-28,89.08417510986328
2006-03-29,89.642578125
2006-03-30,89.48401641845703
2006-03-31,89.50469970703125
2006-04-03,89.43578338623047
2006-04-04,90.0079574584961
2006-04-05,90.31819152832031
2006-04-06,90.22167205810547
2006-04-07,89.3047866821289
2006-04-10,89.44268035888672
2006-04-11,88.68436431884766
2006-04-12,88.84976196289062
2006-04-13,88.73258972167969
2006-04-17,88.69810485839844
2006-04-18,90.1044921875
2006-04-19,90.2768325805664
2006-04-20,90.40093231201172
2006-04-21,90.41471862792969
2006-04-24,90.24925994873047
2006-04-25,89.87696075439453
2006-04-26,89.8976821899414
2006-04-27,90.33200073242188
2006-04-28,90.63532257080078
2006-05-01,89.8976821899414
2006-05-02,90.57330322265625
2006-05-03,90.2354965209961
2006-05-04,90.55949401855469
2006-05-05,91.35923767089844
2006-05-08,91.24885559082031
2006-05-09,91.42811584472656
2006-05-10,91.37986755371094
2006-05-11,90.2768325805664
2006-05-12,89.09797668457031
2006-05-15,89.27721405029297
2006-05-16,89.14620971679688
2006-05-17,87.4503173828125
2006-05-18,87.00907135009766
2006-05-19,87.62263488769531
2006-05-22,86.95394897460938
2006-05-23,86.29210662841797
2006-05-24,86.98151397705078
2006-05-25,88.05696105957031
2006-05-26,88.50506591796875
2006-05-30,86.93325805664062
2006-05-31,87.90531158447266
2006-06-01,88.7463607788086
2006-06-02,88.93250274658203
2006-06-05,87.63642883300781
2006-06-06,87.4227294921875
2006-06-07,86.76781463623047
2006-06-08,86.69197082519531
2006-06-09,86.41622924804688
2006-06-12,85.47859191894531
2006-06-13,84.48590087890625
2006-06-14,85.14077758789062
2006-06-15,86.94705200195312
2006-06-16,86.31346893310547
2006-06-19,85.63482666015625
2006-06-20,85.92564392089844
2006-06-21,86.56270599365234
2006-06-22,86.1819076538086
2006-06-23,86.16803741455078
2006-06-26,86.54890441894531
2006-06-27,85.80103302001953
2006-06-28,86.38268280029297
2006-06-29,88.12765502929688
2006-06-30,88.13460540771484
2006-07-03,88.49465942382812
2006-07-05,87.98917388916016
2006-07-06,88.2453842163086
2006-07-07,87.670654296875
2006-07-10,87.83683776855469
2006-07-11,88.22461700439453
2006-07-12,87.2828598022461
2006-07-13,85.86333465576172
2006-07-14,85.53099822998047
2006-07-17,85.40634155273438
2006-07-18,85.84257507324219
2006-07-19,87.03358459472656
2006-07-20,86.4381103515625
2006-07-21,85.8287582397461
2006-07-24,87.3936538696289
2006-07-25,87.70527648925781
2006-07-26,87.8229751586914
2006-07-27,87.7398910522461
2006-07-28,88.6192855834961
2006-07-31,88.5292739868164
2006-08-01,88.09305572509766
2006-08-02,88.68856811523438
2006-08-03,88.92395782470703
2006-08-04,88.77162170410156
2006-08-07,88.56390380859375
2006-08-08,88.22461700439453
2006-08-09,87.92687225341797
2006-08-10,88.19690704345703
2006-08-11,87.94762420654297
2006-08-14,88.016845703125
2006-08-15,89.06940460205078
2006-08-16,89.81034851074219
2006-08-17,90.0387954711914
2006-08-18,90.495849609375
2006-08-21,90.10806274414062
2006-08-22,90.1010971069336
2006-08-23,89.85186767578125
2006-08-24,89.77567291259766
2006-08-25,89.88648986816406
2006-08-28,90.31578063964844
2006-08-29,90.41966247558594
2006-08-30,90.47503662109375
2006-08-31,90.46118927001953
2006-09-01,91.00131225585938
2006-09-05,91.17445373535156
2006-09-06,90.37118530273438
2006-09-07,89.95573425292969
2006-09-08,90.21192169189453
2006-09-11,90.30193328857422
2006-09-12,91.18827056884766
2006-09-13,91.55531311035156
2006-09-14,91.56219482421875
2006-09-15,91.77711486816406
2006-09-18,91.90229034423828
2006-09-19,91.67278289794922
2006-09-20,92.15962982177734
2006-09-21,91.7145004272461
2006-09-22,91.43631744384766
2006-09-25,92.13873291015625
2006-09-26,92.9037857055664
2006-09-27,93.01509094238281
2006-09-28,92.98029327392578
2006-09-29,92.9037857055664
2006-10-02,92.55604553222656
2006-10-03,92.75080108642578
2006-10-04,93.83576965332031
2006-10-05,94.01656341552734
2006-10-06,93.89836120605469
2006-10-09,93.95392608642578
2006-10-10,94.07917022705078
2006-10-11,93.96788787841797
2006-10-12,94.78160858154297
2006-10-13,95.0250244140625
2006-10-16,95.17109680175781
2006-10-17,94.87203979492188
2006-10-18,94.99725341796875
2006-10-19,95.15020751953125
2006-10-20,95.17109680175781
2006-10-23,95.60923767089844
2006-10-24,95.89442443847656
2006-10-25,96.22128295898438
2006-10-26,96.5203857421875
2006-10-27,95.91527557373047
2006-10-30,95.84571838378906
2006-10-31,95.83182525634766
2006-11-01,95.18502044677734
2006-11-02,95.12938690185547
2006-11-03,94.96241760253906
2006-11-06,96.03353118896484
2006-11-07,96.40213012695312
2006-11-08,96.61075592041016
2006-11-09,96.10305786132812
2006-11-10,96.14482116699219
2006-11-13,96.38126373291016
2006-11-14,97.10460662841797
2006-11-15,97.3827896118164
2006-11-16,97.63316345214844
2006-11-17,97.66096496582031
2006-11-20,97.71660614013672
2006-11-21,97.81399536132812
2006-11-22,98.00868225097656
2006-11-24,97.6122817993164
2006-11-27,96.26998901367188
2006-11-28,96.6872787475586
2006-11-29,97.69578552246094
2006-11-30,97.73749542236328
2006-12-01,97.52188110351562
2006-12-04,98.2660140991211
2006-12-05,98.69029235839844
2006-12-06,98.60684204101562
2006-12-07,98.17565155029297
2006-12-08,98.35645294189453
2006-12-11,98.6416015625
2006-12-12,98.56510925292969
2006-12-13,98.66939544677734
2006-12-14,99.53878784179688
2006-12-15,99.54788970947266
2006-12-18,99.2751235961914
2006-12-19,99.46400451660156
2006-12-20,99.40800476074219
2006-12-21,99.04434204101562
2006-12-22,98.43589782714844
2006-12-26,99.016357421875
2006-12-27,99.66679382324219
2006-12-28,99.45693969726562
2006-12-29,99.04434204101562
2007-01-03,98.86947631835938
2007-01-04,99.07930755615234
2007-01-05,98.28901672363281
2007-01-08,98.74360656738281
2007-01-09,98.65969848632812
2007-01-10,98.98834228515625
2007-01-11,99.42198944091797
2007-01-12,100.17735290527344
2007-01-16,99.98150634765625
2007-01-17,100.02346801757812
2007-01-18,99.6877670288086
2007-01-19,99.8835678100586
2007-01-22,99.5759048461914
2007-01-23,99.86958312988281
2007-01-24,100.67386627197266
2007-01-25,99.49192810058594
2007-01-26,99.40103149414062
2007-01-29,99.34506225585938
2007-01-30,99.86260223388672
2007-01-31,100.5339584350586
2007-02-01,101.1354751586914
2007-02-02,101.27532958984375
2007-02-05,101.30329895019531
2007-02-06,101.331298828125
2007-02-07,101.5550765991211
2007-02-08,101.42218780517578
2007-02-09,100.6668930053711
2007-02-12,100.32418823242188
2007-02-13,101.17041778564453
2007-02-14,101.8348159790039
2007-02-15,101.96766662597656
2007-02-16,101.91877746582031
2007-02-20,102.13552856445312
2007-02-21,102.09358215332031
2007-02-22,102.01663208007812
2007-02-23,101.61800384521484
2007-02-26,101.527099609375
2007-02-27,97.5616683959961
2007-02-28,98.56178283691406
2007-03-01,98.26803588867188
2007-03-02,96.98118591308594
2007-03-05,96.05804443359375
2007-03-06,97.7015380859375
2007-03-07,97.60363006591797
2007-03-08,98.42887878417969
2007-03-09,98.45686340332031
2007-03-12,98.60372924804688
2007-03-13,96.68746185302734
2007-03-14,97.4078140258789
2007-03-15,97.54068756103516
2007-03-16,97.26757049560547
2007-03-19,98.44013214111328
2007-03-20,98.98080444335938
2007-03-21,100.60977172851562
2007-03-22,100.532470703125
2007-03-23,100.67997741699219
2007-03-26,100.54653930664062
2007-03-27,100.30783081054688
2007-03-28,99.5776138305664
2007-03-29,99.68293762207031
2007-03-30,99.70397186279297
2007-04-02,99.81633758544922
2007-04-03,100.890625
2007-04-04,101.0029525756836
2007-04-05,101.27679443359375
2007-04-09,101.4172134399414
2007-04-10,101.53657531738281
2007-04-11,101.12236022949219
2007-04-12,101.57171630859375
2007-04-13,102.03512573242188
2007-04-16,103.00406646728516
2007-04-17,103.27794647216797
2007-04-18,103.40428924560547
2007-04-19,103.37620544433594
2007-04-20,104.35212707519531
2007-04-23,103.95897674560547
2007-04-24,104.00106811523438
2007-04-25,104.95601654052734
2007-04-26,105.07536315917969
2007-04-27,104.99111938476562
2007-04-30,104.12042999267578
2007-05-01,104.38727569580078
2007-05-02,104.99811553955078
2007-05-03,105.56686401367188
2007-05-04,105.96707916259766
2007-05-07,105.98812866210938
2007-05-08,105.84774780273438
2007-05-09,106.13556671142578
2007-05-10,105.02619171142578
2007-05-11,105.92497253417969
2007-05-14,105.69324493408203
2007-05-15,105.72135925292969
2007-05-16,106.4445571899414
2007-05-17,106.23384857177734
2007-05-18,107.16071319580078
2007-05-21,107.10453796386719
2007-05-22,107.0202407836914
2007-05-23,107.03434753417969
2007-05-24,106.06536865234375
2007-05-25,106.50776672363281
2007-05-29,106.89393615722656
2007-05-30,107.76457977294922
2007-05-31,107.65223693847656
2007-06-01,108.1858901977539
2007-06-04,108.19992065429688
2007-06-05,107.7715835571289
2007-06-06,106.6130599975586
2007-06-07,104.68919372558594
2007-06-08,106.05137634277344
2007-06-11,106.23384857177734
2007-06-12,105.07536315917969
2007-06-13,106.64820861816406
2007-06-14,107.32926940917969
2007-06-15,107.93989562988281
2007-06-18,107.81297302246094
2007-06-19,108.08094024658203
2007-06-20,106.57894134521484
2007-06-21,107.17127990722656
2007-06-22,106.16290283203125
2007-06-25,105.65520477294922
2007-06-26,104.56918334960938
2007-06-27,106.05712890625
2007-06-28,106.04302215576172
2007-06-29,106.07828521728516
2007-07-02,107.03729248046875
2007-07-03,107.4251480102539
2007-07-05,107.31230926513672
2007-07-06,107.87646484375
2007-07-09,107.96106719970703
2007-07-10,106.42378997802734
2007-07-11,107.1783447265625
2007-07-12,108.87073516845703
2007-07-13,109.19514465332031
2007-07-16,109.18102264404297
2007-07-17,109.12457275390625
2007-07-18,108.92711639404297
2007-07-19,109.35030364990234
2007-07-20,108.2431640625
2007-07-23,108.5745849609375
2007-07-24,106.6917724609375
2007-07-25,106.91039276123047
2007-07-26,104.37883758544922
2007-07-27,102.32679748535156
2007-07-30,103.92755889892578
2007-07-31,102.75694274902344
2007-08-01,103.25759887695312
2007-08-02,104.0826416015625
2007-08-03,101.4029769897461
2007-08-06,103.1024398803711
2007-08-07,104.20250701904297
2007-08-08,105.65520477294922
2007-08-09,102.52421569824219
2007-08-10,102.04471588134766
2007-08-13,102.41144561767578
2007-08-14,100.845947265625
2007-08-15,99.45674896240234
2007-08-16,100.2042236328125
2007-08-17,102.04471588134766
2007-08-20,101.99534606933594
2007-08-21,102.1998291015625
2007-08-22,103.41275787353516
2007-08-23,103.32108306884766
2007-08-24,104.5974349975586
2007-08-27,103.62431335449219
2007-08-28,101.34661865234375
2007-08-29,103.33519744873047
2007-08-30,103.0601577758789
2007-08-31,104.07559204101562
2007-09-04,105.12632751464844
2007-09-05,104.21668243408203
2007-09-06,104.45641326904297
2007-09-07,103.00373840332031
2007-09-10,102.80628204345703
2007-09-11,104.00509643554688
2007-09-12,104.27306365966797
2007-09-13,105.00640106201172
2007-09-14,104.99940490722656
2007-09-17,104.43522644042969
2007-09-18,107.5097427368164
2007-09-19,108.1444091796875
2007-09-20,107.38286590576172
2007-09-21,107.67265319824219
2007-09-24,107.47425079345703
2007-09-25,107.26168823242188
2007-09-26,107.82847595214844
2007-09-27,108.46613311767578
2007-09-28,108.10482788085938
2007-10-01,109.323486328125
2007-10-02,109.17465209960938
2007-10-03,108.95500946044922
2007-10-04,109.12506866455078
2007-10-05,110.42163848876953
2007-10-08,109.83356475830078
2007-10-09,110.86795043945312
2007-10-10,110.68377685546875
2007-10-11,110.15243530273438
2007-10-12,110.76174926757812
2007-10-15,109.82649230957031
2007-10-16,108.95500946044922
2007-10-17,109.28800201416016
2007-10-18,108.89128875732422
2007-10-19,106.04310607910156
2007-10-22,106.65946197509766
2007-10-23,107.52384185791016
2007-10-24,107.3254623413086
2007-10-25,107.58047485351562
2007-10-26,108.84172058105469
2007-10-29,109.20304870605469
2007-10-30,108.44491577148438
2007-10-31,109.57144165039062
2007-11-01,107.00659942626953
2007-11-02,107.12708282470703
2007-11-05,106.31228637695312
2007-11-06,107.7435073852539
2007-11-07,104.7960433959961
2007-11-08,104.2647476196289
2007-11-09,102.83345031738281
2007-11-12,101.81320190429688
2007-11-13,104.91648864746094
2007-11-14,104.62602233886719
2007-11-15,103.11685943603516
2007-11-16,103.29397583007812
2007-11-19,101.85569763183594
2007-11-20,102.47920989990234
2007-11-21,100.38206481933594
2007-11-23,102.11790466308594
2007-11-26,99.86476135253906
2007-11-27,101.0125961303711
2007-11-28,104.24346160888672
2007-11-29,104.27883911132812
2007-11-30,105.32743072509766
2007-12-03,104.63307189941406
2007-12-04,103.69783782958984
2007-12-05,105.4337158203125
2007-12-06,106.94284057617188
2007-12-07,106.9216079711914
2007-12-10,107.75059509277344
2007-12-11,104.7960433959961
2007-12-12,105.83049011230469
2007-12-13,105.61085510253906
2007-12-14,104.2717514038086
2007-12-17,102.78392791748047
2007-12-18,103.35778045654297
2007-12-19,103.35778045654297
2007-12-20,104.0096206665039
2007-12-21,105.50895690917969
2007-12-24,106.29248809814453
2007-12-26,106.52037811279297
2007-12-27,105.18131256103516
2007-12-28,104.91777801513672
2007-12-31,104.14136505126953
2008-01-02,103.22966766357422
2008-01-03,103.17982482910156
2008-01-04,100.6512451171875
2008-01-07,100.5657730102539
2008-01-08,98.9417724609375
2008-01-09,99.981689453125
2008-01-10,100.63697814941406
2008-01-11,99.82499694824219
2008-01-14,100.6298828125
2008-01-15,98.41473388671875
2008-01-16,97.5671157836914
2008-01-17,95.03854370117188
2008-01-18,94.06269836425781
2008-01-22,93.10829162597656
2008-01-23,95.34480285644531
2008-01-24,96.14971160888672
2008-01-25,94.7607421875
2008-01-28,96.32771301269531
2008-01-29,96.80499267578125
2008-01-30,96.09273529052734
2008-01-31,97.84491729736328
2008-02-01,99.4190444946289
2008-02-04,98.16541290283203
2008-02-05,95.53714752197266
2008-02-06,94.76787567138672
2008-02-07,95.39466094970703
2008-02-08,94.7821044921875
2008-02-11,95.2664566040039
2008-02-12,96.14971160888672
2008-02-13,97.13259887695312
2008-02-14,96.27790832519531
2008-02-15,96.25650787353516
2008-02-19,96.52719116210938
2008-02-20,96.81208801269531
2008-02-21,96.00724792480469
2008-02-22,96.59842681884766
2008-02-25,97.81639099121094
2008-02-26,98.54998779296875
2008-02-27,98.45030212402344
2008-02-28,97.48876190185547
2008-02-29,95.31632232666016
2008-03-03,95.08837890625
2008-03-04,94.72515869140625
2008-03-05,95.3234634399414
2008-03-06,93.35044860839844
2008-03-07,92.3888931274414
2008-03-10,91.1709213256836
2008-03-11,94.44737243652344
2008-03-12,93.56415557861328
2008-03-13,93.77071380615234
2008-03-14,92.31768798828125
2008-03-17,91.38456726074219
2008-03-18,95.18097686767578
2008-03-19,92.82335662841797
2008-03-20,94.54273986816406
2008-03-24,96.43242645263672
2008-03-25,96.52545928955078
2008-03-26,95.34441375732422
2008-03-27,95.04376983642578
2008-03-28,94.13472747802734
2008-03-31,94.46399688720703
2008-04-01,97.78529357910156
2008-04-02,97.84973907470703
2008-04-03,98.09307861328125
2008-04-04,97.98571014404297
2008-04-07,98.03580474853516
2008-04-08,97.93563079833984
2008-04-09,97.22695922851562
2008-04-10,97.36298370361328
2008-04-11,95.47325134277344
2008-04-14,95.15113067626953
2008-04-15,95.37305450439453
2008-04-16,97.95707702636719
2008-04-17,98.10022735595703
2008-04-18,99.12383270263672
2008-04-21,99.17393493652344
2008-04-22,98.7372817993164
2008-04-23,98.5798110961914
2008-04-24,99.00930786132812
2008-04-25,99.92555236816406
2008-04-28,99.947021484375
2008-04-29,99.55329895019531
2008-04-30,98.9663314819336
2008-05-01,101.01351928710938
2008-05-02,101.29269409179688
2008-05-05,100.80595397949219
2008-05-06,101.67925262451172
2008-05-07,99.8682632446289
2008-05-08,99.61055755615234
2008-05-09,99.4244613647461
2008-05-12,100.54112243652344
2008-05-13,100.55546569824219
2008-05-14,100.76301574707031
2008-05-15,102.02286529541016
2008-05-16,102.11587524414062
2008-05-19,102.39498138427734
2008-05-20,101.5647201538086
2008-05-21,99.84679412841797
2008-05-22,99.86107635498047
2008-05-23,98.52255249023438
2008-05-27,99.25269317626953
2008-05-28,99.71077728271484
2008-05-29,100.21187591552734
2008-05-30,100.4623794555664
2008-06-02,99.4244613647461
2008-06-03,98.84469604492188
2008-06-04,98.79460906982422
2008-06-05,100.7701416015625
2008-06-06,97.55622863769531
2008-06-09,97.79241943359375
2008-06-10,97.30573272705078
2008-06-11,95.87410736083984
2008-06-12,96.23916625976562
2008-06-13,97.4560317993164
2008-06-16,97.51329040527344
2008-06-17,97.04087829589844
2008-06-18,96.09600067138672
2008-06-19,96.21765899658203
2008-06-20,94.65589141845703
2008-06-23,94.56241607666016
2008-06-24,94.37537384033203
2008-06-25,94.82135009765625
2008-06-26,92.24597930908203
2008-06-27,91.7424087524414
2008-06-30,92.06613159179688
2008-07-01,92.35388946533203
2008-07-02,90.77127075195312
2008-07-03,90.86479949951172
2008-07-07,89.9367904663086
2008-07-08,91.53382110595703
2008-07-09,89.77135467529297
2008-07-10,90.13824462890625
2008-07-11,89.08792114257812
2008-07-14,88.28221130371094
2008-07-15,87.03768920898438
2008-07-16,89.17424011230469
2008-07-17,90.06626892089844
2008-07-18,90.62738800048828
2008-07-21,90.67774200439453
2008-07-22,91.70648956298828
2008-07-23,92.20283508300781
2008-07-24,90.28929901123047
2008-07-25,90.2677230834961
2008-07-28,88.94403839111328
2008-07-29,90.84320831298828
2008-07-30,92.46177673339844
2008-07-31,91.23885345458984
2008-08-01,90.75687408447266
2008-08-04,89.91519927978516
2008-08-05,92.33953094482422
2008-08-06,92.74957275390625
2008-08-07,91.36836242675781
2008-08-08,93.06607055664062
2008-08-11,94.03006744384766
2008-08-12,93.05171966552734
2008-08-13,92.49058532714844
2008-08-14,93.18836975097656
2008-08-15,93.64160919189453
2008-08-18,92.36109924316406
2008-08-19,91.3539810180664
2008-08-20,91.77838134765625
2008-08-21,91.9366683959961
2008-08-22,93.26751708984375
2008-08-25,91.37554931640625
2008-08-26,91.64169311523438
2008-08-27,92.53379821777344
2008-08-28,93.65599822998047
2008-08-29,92.6488265991211
2008-09-02,92.0733413696289
2008-09-03,91.99422454833984
2008-09-04,89.22462463378906
2008-09-05,89.50518035888672
2008-09-08,91.3539810180664
2008-09-09,88.64190673828125
2008-09-10,89.00159454345703
2008-09-11,90.28929901123047
2008-09-12,90.70654296875
2008-09-15,86.3902587890625
2008-09-16,87.83619689941406
2008-09-17,83.8868179321289
2008-09-18,86.37586212158203
2008-09-19,89.80619049072266
2008-09-22,87.77299499511719
2008-09-23,85.77605438232422
2008-09-24,86.05099487304688
2008-09-25,87.39678192138672
2008-09-26,87.44017028808594
2008-09-29,80.58821868896484
2008-09-30,83.92375946044922
2008-10-01,83.97441101074219
2008-10-02,80.92829132080078
2008-10-03,79.83576202392578
2008-10-06,75.7694320678711
2008-10-07,72.3759994506836
2008-10-08,70.55268859863281
2008-10-09,65.62539672851562
2008-10-10,64.03355407714844
2008-10-13,73.33106994628906
2008-10-14,72.24579620361328
2008-10-15,65.13336181640625
2008-10-16,67.84660339355469
2008-10-17,67.44145965576172
2008-10-20,71.4933090209961
2008-10-21,69.35883331298828
2008-10-22,65.58194732666016
2008-10-23,66.34164428710938
2008-10-24,62.97722244262695
2008-10-27,60.74143981933594
2008-10-28,67.83942413330078
2008-10-29,67.34740447998047
2008-10-30,69.67723083496094
2008-10-31,70.06069946289062
2008-11-03,70.26327514648438
2008-11-04,72.65095520019531
2008-11-05,69.5976333618164
2008-11-06,65.7411117553711
2008-11-07,67.91175842285156
2008-11-10,67.02178192138672
2008-11-11,64.9524917602539
2008-11-12,62.0944709777832
2008-11-13,65.96542358398438
2008-11-14,62.673274993896484
2008-11-17,61.84120559692383
2008-11-18,63.0061149597168
2008-11-19,58.968780517578125
2008-11-20,54.591304779052734
2008-11-21,57.53618240356445
2008-11-24,61.52290344238281
2008-11-25,61.978702545166016
2008-11-26,64.37366485595703
2008-11-28,65.18399047851562
2008-12-01,59.410133361816406
2008-12-02,61.6965217590332
2008-12-03,63.179805755615234
2008-12-04,61.718196868896484
2008-12-05,63.621150970458984
2008-12-08,65.84244537353516
2008-12-09,64.75712585449219
2008-12-10,65.19847869873047
2008-12-11,63.628395080566406
2008-12-12,64.38809967041016
2008-12-15,63.490909576416016
2008-12-16,66.47914123535156
2008-12-17,65.835205078125
2008-12-18,64.60517120361328
2008-12-19,64.32725524902344
2008-12-22,63.503055572509766
2008-12-23,62.846553802490234
2008-12-24,63.21123504638672
2008-12-26,63.575931549072266
2008-12-29,63.39362335205078
2008-12-30,64.89623260498047
2008-12-31,65.82255554199219
2009-01-02,67.80657958984375
2009-01-05,67.72634887695312
2009-01-06,68.17860412597656
2009-01-07,66.13624572753906
2009-01-08,66.40609741210938
2009-01-09,64.98371887207031
2009-01-12,63.422786712646484
2009-01-13,63.539485931396484
2009-01-14,61.540897369384766
2009-01-15,61.562782287597656
2009-01-16,62.04416275024414
2009-01-20,58.76909637451172
2009-01-21,61.30750274658203
2009-01-22,60.3592529296875
2009-01-23,60.621826171875
2009-01-26,61.03759002685547
2009-01-27,61.65760803222656
2009-01-28,63.743717193603516
2009-01-29,61.67219543457031
2009-01-30,60.41759490966797
2009-02-02,60.2352294921875
2009-02-03,61.08133316040039
2009-02-04,60.78228759765625
2009-02-05,61.6867790222168
2009-02-06,63.44465255737305
2009-02-09,63.53221130371094
2009-02-10,60.621826171875
2009-02-11,60.9792366027832
2009-02-12,61.02301025390625
2009-02-13,60.36653518676758
2009-02-17,57.784385681152344
2009-02-18,57.64579772949219
2009-02-19,57.025794982910156
2009-02-20,56.4714469909668
2009-02-23,54.450992584228516
2009-02-24,56.51521682739258
2009-02-25,56.07026290893555
2009-02-26,55.158485412597656
2009-02-27,53.92577362060547
2009-03-02,51.496795654296875
2009-03-03,51.1102294921875
2009-03-04,52.32107162475586
2009-03-05,50.18385314941406
2009-03-06,50.27139663696289
2009-03-09,49.680545806884766
2009-03-10,52.641998291015625
2009-03-11,52.984806060791016
2009-03-12,55.07094192504883
2009-03-13,55.501319885253906
2009-03-16,55.33353805541992
2009-03-17,57.025794982910156
2009-03-18,58.302268981933594
2009-03-19,57.580169677734375
2009-03-20,56.35403060913086
2009-03-23,60.40190887451172
2009-03-24,59.2118034362793
2009-03-25,59.83622360229492
2009-03-26,61.05573272705078
2009-03-27,59.953773498535156
2009-03-30,57.882083892822266
2009-03-31,58.41840744018555
2009-04-01,59.54970932006836
2009-04-02,61.29081726074219
2009-04-03,61.900550842285156
2009-04-06,61.415714263916016
2009-04-07,59.983158111572266
2009-04-08,60.6296272277832
2009-04-09,63.03926467895508
2009-04-13,63.05393600463867
2009-04-14,61.96666717529297
2009-04-15,62.62782669067383
2009-04-16,63.546173095703125
2009-04-17,63.97219467163086
2009-04-20,61.29081726074219
2009-04-21,62.48825454711914
2009-04-22,62.10627746582031
2009-04-23,62.716007232666016
2009-04-24,63.663658142089844
2009-04-27,63.061279296875
2009-04-28,62.86296081542969
2009-04-29,64.19995880126953
2009-04-30,64.2220230102539
2009-05-01,64.5672836303711
2009-05-04,66.76387786865234
2009-05-05,66.5361099243164
2009-05-06,67.68950653076172
2009-05-07,66.74915313720703
2009-05-08,68.30660247802734
2009-05-11,67.02831268310547
2009-05-12,66.8299789428711
2009-05-13,65.14763641357422
2009-05-14,65.70602416992188
2009-05-15,65.16969299316406
2009-05-18,67.02100372314453
2009-05-19,66.94015502929688
2009-05-20,66.49207305908203
2009-05-21,65.53702545166016
2009-05-22,65.39744567871094
2009-05-26,67.07242584228516
2009-05-27,65.87494659423828
2009-05-28,66.79322814941406
2009-05-29,67.97601318359375
2009-06-01,69.62162780761719
2009-06-02,69.68038940429688
2009-06-03,68.79878234863281
2009-06-04,69.44528198242188
2009-06-05,69.45996856689453
2009-06-08,69.17349243164062
2009-06-09,69.52608489990234
2009-06-10,69.34979248046875
2009-06-11,69.65831756591797
2009-06-12,69.84934997558594
2009-06-15,68.24784851074219
2009-06-16,67.32215881347656
2009-06-17,67.25607299804688
2009-06-18,67.748291015625
2009-06-19,67.99797058105469
2009-06-22,65.95893096923828
2009-06-23,66.01062774658203
2009-06-24,66.57952880859375
2009-06-25,68.02753448486328
2009-06-26,67.85022735595703
2009-06-29,68.485595703125
2009-06-30,67.9314956665039
2009-07-01,68.21224212646484
2009-07-02,66.35049438476562
2009-07-06,66.34310913085938
2009-07-07,65.0576171875
2009-07-08,65.0132827758789
2009-07-09,65.13886260986328
2009-07-10,64.98371887207031
2009-07-13,66.56473541259766
2009-07-14,66.9415283203125
2009-07-15,68.8992919921875
2009-07-16,68.78849029541016
2009-07-17,69.54205322265625
2009-07-20,70.28082275390625
2009-07-21,70.60591125488281
2009-07-22,70.59113311767578
2009-07-23,72.14998626708984
2009-07-24,72.44547271728516
2009-07-27,72.65972900390625
2009-07-28,72.31987762451172
2009-07-29,72.14256286621094
2009-07-30,72.89611053466797
2009-07-31,72.99956512451172
2009-08-03,74.20380401611328
2009-08-04,74.39588165283203
2009-08-05,74.18163299560547
2009-08-06,73.79744720458984
2009-08-07,74.7652587890625
2009-08-10,74.6101303100586
2009-08-11,73.67926788330078
2009-08-12,74.46978759765625
2009-08-13,75.03861999511719
2009-08-14,74.4623794555664
2009-08-17,72.63015747070312
2009-08-18,73.2064208984375
2009-08-19,73.8492202758789
2009-08-20,74.6101303100586
2009-08-21,76.07294464111328
2009-08-24,76.0655288696289
2009-08-25,76.21330261230469
2009-08-26,76.22067260742188
2009-08-27,76.3906021118164
2009-08-28,76.37580871582031
2009-08-31,75.6961441040039
2009-09-01,74.02650451660156
2009-09-02,73.74574279785156
2009-09-03,74.35894012451172
2009-09-04,75.40064239501953
2009-09-08,76.05074310302734
2009-09-09,76.63440704345703
2009-09-10,77.41753387451172
2009-09-11,77.40275573730469
2009-09-14,77.77955627441406
2009-09-15,78.1046142578125
2009-09-16,79.28666687011719
2009-09-17,79.16847229003906
2009-09-18,79.21894836425781
2009-09-21,79.01850891113281
2009-09-22,79.47872924804688
2009-09-23,78.81806182861328
2009-09-24,77.94959259033203
2009-09-25,77.53387451171875
2009-09-28,78.92198944091797
2009-09-29,78.68444061279297
2009-09-30,78.380126953125
2009-10-01,76.4352798461914
2009-10-02,76.07894897460938
2009-10-05,77.2146987915039
2009-10-06,78.32076263427734
2009-10-07,78.53599548339844
2009-10-08,79.13727569580078
2009-10-09,79.61979675292969
2009-10-12,79.93153381347656
2009-10-13,79.76827239990234
2009-10-14,81.14148712158203
2009-10-15,81.43841552734375
2009-10-16,80.82972717285156
2009-10-19,81.49781799316406
2009-10-20,81.06725311279297
2009-10-21,80.33981323242188
2009-10-22,81.15634155273438
2009-10-23,80.22846221923828
2009-10-26,79.35997009277344
2009-10-27,78.99625396728516
2009-10-28,77.50422668457031
2009-10-29,79.16696166992188
2009-10-30,76.87323760986328
2009-11-02,77.43742370605469
2009-11-03,77.682373046875
2009-11-04,77.88277435302734
2009-11-05,79.31542205810547
2009-11-06,79.52327728271484
2009-11-09,81.33450317382812
2009-11-10,81.3493423461914
2009-11-11,81.7650375366211
2009-11-12,80.93366241455078
2009-11-13,81.37162017822266
2009-11-16,82.55189514160156
2009-11-17,82.64840698242188
2009-11-18,82.5964126586914
2009-11-19,81.52009582519531
2009-11-20,81.23058319091797
2009-11-23,82.26237487792969
2009-11-24,82.38860321044922
2009-11-25,82.6780776977539
2009-11-27,81.33450317382812
2009-11-30,81.60916137695312
2009-12-01,82.61869812011719
2009-12-02,82.58158111572266
2009-12-03,81.93576049804688
2009-12-04,82.40339660644531
2009-12-07,82.27720642089844
2009-12-08,81.36420440673828
2009-12-09,81.66853332519531
2009-12-10,82.12874603271484
2009-12-11,82.47766876220703
2009-12-14,83.04180908203125
2009-12-15,82.65583038330078
2009-12-16,82.78197479248047
2009-12-17,81.78730010986328
2009-12-18,82.25000762939453
2009-12-21,83.08586883544922
2009-12-22,83.38439178466797
2009-12-23,83.54859161376953
2009-12-24,83.94410705566406
2009-12-28,84.12324523925781
2009-12-29,84.0038070678711
2009-12-30,83.97396850585938
2009-12-31,83.16798400878906
2010-01-04,84.5784912109375
2010-01-05,84.8023681640625
2010-01-06,84.86207580566406
2010-01-07,85.22029876708984
2010-01-08,85.50390625
2010-01-11,85.62332153320312
2010-01-12,84.82475280761719
2010-01-13,85.54124450683594
2010-01-14,85.77254486083984
2010-01-15,84.80982208251953
2010-01-19,85.86956787109375
2010-01-20,84.99642181396484
2010-01-21,83.36199951171875
2010-01-22,81.50369262695312
2010-01-25,81.92163848876953
2010-01-26,81.57833099365234
2010-01-27,81.96640014648438
2010-01-28,81.02606201171875
2010-01-29,80.14543151855469
2010-02-01,81.39176940917969
2010-02-02,82.37689971923828
2010-02-03,81.96640014648438
2010-02-04,79.43643951416016
2010-02-05,79.60065460205078
2010-02-08,79.02598571777344
2010-02-09,80.01856231689453
2010-02-10,79.8618392944336
2010-02-11,80.69769287109375
2010-02-12,80.63054656982422
2010-02-16,81.89925384521484
2010-02-17,82.28734588623047
2010-02-18,82.77241516113281
2010-02-19,82.94404602050781
2010-02-22,82.9590072631836
2010-02-23,81.95146179199219
2010-02-24,82.70526885986328
2010-02-25,82.59331512451172
2010-02-26,82.64557647705078
2010-03-01,83.5037841796875
2010-03-02,83.73518371582031
2010-03-03,83.80979919433594
2010-03-04,84.06352233886719
2010-03-05,85.26509094238281
2010-03-08,85.28001403808594
2010-03-09,85.42179870605469
2010-03-10,85.80241394042969
2010-03-11,86.16065216064453
2010-03-12,86.16810607910156
2010-03-15,86.19049835205078
2010-03-16,86.8770980834961
2010-03-17,87.39203643798828
2010-03-18,87.34727478027344
2010-03-19,86.9051284790039
2010-03-22,87.3697509765625
2010-03-23,87.98423767089844
2010-03-24,87.55709075927734
2010-03-25,87.41470336914062
2010-03-26,87.36226654052734
2010-03-29,87.9167709350586
2010-03-30,87.97674560546875
2010-03-31,87.6769790649414
2010-04-01,88.27650451660156
2010-04-05,88.99591064453125
2010-04-06,89.2057113647461
2010-04-07,88.69613647460938
2010-04-08,89.00337982177734
2010-04-09,89.58790588378906
2010-04-12,89.73026275634766
2010-04-13,89.7977066040039
2010-04-14,90.81689453125
2010-04-15,90.89179992675781
2010-04-16,89.44550323486328
2010-04-19,89.78275299072266
2010-04-20,90.5845718383789
2010-04-21,90.4197006225586
2010-04-22,90.6894760131836
2010-04-23,91.28148651123047
2010-04-26,90.93678283691406
2010-04-27,88.78607940673828
2010-04-28,89.46049499511719
2010-04-29,90.56954193115234
2010-04-30,89.03337860107422
2010-05-03,90.18739318847656
2010-05-04,88.06665802001953
2010-05-05,87.54207611083984
2010-05-06,84.63450622558594
2010-05-07,83.37554168701172
2010-05-10,87.0475082397461
2010-05-11,86.80020904541016
2010-05-12,88.01419830322266
2010-05-13,86.92011260986328
2010-05-14,85.34642791748047
2010-05-17,85.39138793945312
2010-05-18,84.2298583984375
2010-05-19,83.75028991699219
2010-05-20,80.58789825439453
2010-05-21,81.76441192626953
2010-05-24,80.71527862548828
2010-05-25,80.7977066040039
2010-05-26,80.31060791015625
2010-05-27,83.00088500976562
2010-05-28,81.95927429199219
2010-06-01,80.58040618896484
2010-06-02,82.67863464355469
2010-06-03,82.96342468261719
2010-06-04,80.04834747314453
2010-06-07,79.0516357421875
2010-06-08,79.89845275878906
2010-06-09,79.47132110595703
2010-06-10,81.79439544677734
2010-06-11,82.19154357910156
2010-06-14,82.06414794921875
2010-06-15,83.93009948730469
2010-06-16,83.90013885498047
2010-06-17,84.03501892089844
2010-06-18,84.12613677978516
2010-06-21,83.88521575927734
2010-06-22,82.49977111816406
2010-06-23,82.24378204345703
2010-06-24,80.88094329833984
2010-06-25,81.21977996826172
2010-06-28,80.96376037597656
2010-06-29,78.46403503417969
2010-06-30,77.71858978271484
2010-07-01,77.37223815917969
2010-07-02,76.95057678222656
2010-07-06,77.45508575439453
2010-07-07,79.89459991455078
2010-07-08,80.6852035522461
2010-07-09,81.28753662109375
2010-07-12,81.34025573730469
2010-07-13,82.5675277709961
2010-07-14,82.55999755859375
2010-07-15,82.58262634277344
2010-07-16,80.3087158203125
2010-07-19,80.7830810546875
2010-07-20,81.67908477783203
2010-07-21,80.61741638183594
2010-07-22,82.41695404052734
2010-07-23,83.13223266601562
2010-07-26,83.99813842773438
2010-07-27,83.9906005859375
2010-07-28,83.4484634399414
2010-07-29,83.0418930053711
2010-07-30,83.0268325805664
2010-08-02,84.9016342163086
2010-08-03,84.49506378173828
2010-08-04,85.05978393554688
2010-08-05,84.96944427490234
2010-08-06,84.62305450439453
2010-08-09,85.07483673095703
2010-08-10,84.61553955078125
2010-08-11,82.29647064208984
2010-08-12,81.7920150756836
2010-08-13,81.55107879638672
2010-08-16,81.51338195800781
2010-08-17,82.51482391357422
2010-08-18,82.6654281616211
2010-08-19,81.22730255126953
2010-08-20,80.96376037597656
2010-08-23,80.65510559082031
2010-08-24,79.45789337158203
2010-08-25,79.7666015625
2010-08-26,79.23202514648438
2010-08-27,80.45930480957031
2010-08-30,79.29224395751953
2010-08-31,79.29224395751953
2010-09-01,81.6640396118164
2010-09-02,82.42448425292969
2010-09-03,83.49365997314453
2010-09-07,82.5524673461914
2010-09-08,83.13223266601562
2010-09-09,83.51626586914062
2010-09-10,83.93789672851562
2010-09-13,84.8715591430664
2010-09-14,84.81884765625
2010-09-15,85.1426010131836
2010-09-16,85.1200180053711
2010-09-17,85.15181732177734
2010-09-20,86.45378875732422
2010-09-21,86.27969360351562
2010-09-22,85.85580444335938
2010-09-23,85.15936279296875
2010-09-24,86.9155502319336
2010-09-27,86.49922943115234
2010-09-28,86.80200958251953
2010-09-29,86.65061950683594
2010-09-30,86.39321899414062
2010-10-01,86.75659942626953
2010-10-04,86.10559844970703
2010-10-05,87.83905792236328
2010-10-06,87.83146667480469
2010-10-07,87.72550964355469
2010-10-08,88.21754455566406
2010-10-11,88.30078887939453
2010-10-12,88.57331848144531
2010-10-13,89.26213073730469
2010-10-14,88.9139633178711
2010-10-15,89.09563446044922
2010-10-18,89.53466796875
2010-10-19,88.36138153076172
2010-10-20,89.22434997558594
2010-10-21,89.42112731933594
2010-10-22,89.587646484375
2010-10-25,89.85258483886719
2010-10-26,89.8677749633789
2010-10-27,89.61035919189453
2010-10-28,89.62552642822266
2010-10-29,89.69366455078125
2010-11-01,89.7238998413086
2010-11-02,90.43547058105469
2010-11-03,90.79883575439453
2010-11-04,92.54741668701172
2010-11-05,92.89563751220703
2010-11-08,92.72150421142578
2010-11-09,92.05538940429688
2010-11-10,92.42630767822266
2010-11-11,92.0781021118164
2010-11-12,90.98805236816406
2010-11-15,90.8593521118164
2010-11-16,89.4438247680664
2010-11-17,89.48924255371094
2010-11-18,90.8063735961914
2010-11-19,91.05619049072266
2010-11-22,90.98048400878906
2010-11-23,89.66336822509766
2010-11-24,90.98805236816406
2010-11-26,89.92829895019531
2010-11-29,90.2008285522461
2010-11-30,89.69366455078125
2010-12-01,91.60124206542969
2010-12-02,92.77452087402344
2010-12-03,93.02430725097656
2010-12-06,92.92593383789062
2010-12-07,92.97887420654297
2010-12-08,93.31951141357422
2010-12-09,93.68287658691406
2010-12-10,94.22789001464844
2010-12-13,94.2884750366211
2010-12-14,94.3717269897461
2010-12-15,93.94026947021484
2010-12-16,94.48529052734375
2010-12-17,94.58647155761719
2010-12-20,94.81478118896484
2010-12-21,95.41590881347656
2010-12-22,95.71270751953125
2010-12-23,95.57569122314453
2010-12-27,95.61378479003906
2010-12-28,95.75072479248047
2010-12-29,95.8192138671875
2010-12-30,95.66703033447266
2010-12-31,95.68985748291016
2011-01-03,96.67913055419922
2011-01-04,96.62584686279297
2011-01-05,97.12808990478516
2011-01-06,96.93781280517578
2011-01-07,96.74759674072266
2011-01-10,96.62584686279297
2011-01-11,96.9682846069336
2011-01-12,97.84335327148438
2011-01-13,97.68355560302734
2011-01-14,98.39122772216797
2011-01-18,98.55863952636719
2011-01-19,97.59224700927734
2011-01-20,97.46288299560547
2011-01-21,97.68355560302734
2011-01-24,98.23905181884766
2011-01-25,98.29232788085938
2011-01-26,98.67281341552734
2011-01-27,98.91629791259766
2011-01-28,97.18892669677734
2011-01-31,97.91944885253906
2011-02-01,99.48703002929688
2011-02-02,99.29680633544922
2011-02-03,99.5174789428711
2011-02-04,99.79901885986328
2011-02-07,100.4229965209961
2011-02-08,100.87957000732422
2011-02-09,100.65129089355469
2011-02-10,100.68932342529297
2011-02-11,101.29048919677734
2011-02-14,101.5339584350586
2011-02-15,101.21434020996094
2011-02-16,101.85359191894531
2011-02-17,102.15795135498047
2011-02-18,102.37106323242188
2011-02-22,100.31645965576172
2011-02-23,99.7000961303711
2011-02-24,99.63159942626953
2011-02-25,100.6969223022461
2011-02-28,101.32093048095703
2011-03-01,99.63159942626953
2011-03-02,99.84467315673828
2011-03-03,101.56443786621094
2011-03-04,100.8034439086914
2011-03-07,100.01203155517578
2011-03-08,100.88717651367188
2011-03-09,100.7425765991211
2011-03-10,98.87826538085938
2011-03-11,99.56312561035156
2011-03-14,98.96197509765625
2011-03-15,97.82813262939453
2011-03-16,96.01708984375
2011-03-17,97.28785705566406
2011-03-18,97.64173889160156
2011-03-21,99.15493774414062
2011-03-22,98.81104278564453
2011-03-23,99.09379577636719
2011-03-24,100.04148864746094
2011-03-25,100.34716796875
2011-03-28,100.10262298583984
2011-03-29,100.77516174316406
2011-03-30,101.47066497802734
2011-03-31,101.33308410644531
2011-04-01,101.76107788085938
2011-04-04,101.84513854980469
2011-04-05,101.82986450195312
2011-04-06,102.15087127685547
2011-04-07,101.89097595214844
2011-04-08,101.53943634033203
2011-04-11,101.2337417602539
2011-04-12,100.47711181640625
2011-04-13,100.46946716308594
2011-04-14,100.54590606689453
2011-04-15,100.9127426147461
2011-04-18,99.7816390991211
2011-04-19,100.35482788085938
2011-04-20,101.72286224365234
2011-04-21,102.2425537109375
2011-04-25,102.13555908203125
2011-04-26,103.01445770263672
2011-04-27,103.68700408935547
2011-04-28,104.0232925415039
2011-04-29,104.26781463623047
2011-05-02,104.10733795166016
2011-05-03,103.73284149169922
2011-05-04,103.0450210571289
2011-05-05,102.11261749267578
2011-05-06,102.56353759765625
2011-05-09,102.96095275878906
2011-05-10,103.83984375
2011-05-11,102.74698638916016
2011-05-12,103.23611450195312
2011-05-13,102.44125366210938
2011-05-16,101.79168701171875
2011-05-17,101.7763442993164
2011-05-18,102.68584442138672
2011-05-19,102.93038940429688
2011-05-20,102.11261749267578
2011-05-23,100.92802429199219
2011-05-24,100.84398651123047
2011-05-25,101.18025207519531
2011-05-26,101.64643859863281
2011-05-27,102.03620147705078
2011-05-31,103.09854125976562
2011-06-01,100.78280639648438
2011-06-02,100.67583465576172
2011-06-03,99.67463684082031
2011-06-06,98.6199722290039
2011-06-07,98.558837890625
2011-06-08,98.14613342285156
2011-06-09,98.89508819580078
2011-06-10,97.51942443847656
2011-06-13,97.59584045410156
2011-06-14,98.83393859863281
2011-06-15,97.07618713378906
2011-06-16,97.29016876220703
2011-06-17,97.58049011230469
2011-06-20,98.0797119140625
2011-06-21,99.42378997802734
2011-06-22,98.82471466064453
2011-06-23,98.54051971435547
2011-06-24,97.39615631103516
2011-06-27,98.26403045654297
2011-06-28,99.54667663574219
2011-06-29,100.39922332763672
2011-06-30,101.35930633544922
2011-07-01,102.85696411132812
2011-07-05,102.77249908447266
2011-07-06,102.89539337158203
2011-07-07,103.96294403076172
2011-07-08,103.2256088256836
2011-07-11,101.35930633544922
2011-07-12,100.92146301269531
2011-07-13,101.25943756103516
2011-07-14,100.56047058105469
2011-07-15,101.14421844482422
2011-07-18,100.31473541259766
2011-07-19,101.94295501708984
2011-07-20,101.88151550292969
2011-07-21,103.29478454589844
2011-07-22,103.3638687133789
2011-07-25,102.78784942626953
2011-07-26,102.40383911132812
2011-07-27,100.3070297241211
2011-07-28,100.01519012451172
2011-07-29,99.33163452148438
2011-08-01,98.90919494628906
2011-08-02,96.38232421875
2011-08-03,96.90458679199219
2011-08-04,92.36541748046875
2011-08-05,92.22718048095703
2011-08-08,86.22107696533203
2011-08-09,90.23028564453125
2011-08-10,86.24409484863281
2011-08-11,90.11505126953125
2011-08-12,90.72183990478516
2011-08-15,92.64192199707031
2011-08-16,91.85083770751953
2011-08-17,91.91230010986328
2011-08-18,87.94916534423828
2011-08-19,86.512939453125
2011-08-22,86.58203887939453
2011-08-23,89.43148040771484
2011-08-24,90.69110870361328
2011-08-25,89.30859375
2011-08-26,90.60662841796875
2011-08-29,93.21029663085938
2011-08-30,93.45606994628906
2011-08-31,93.87081909179688
2011-09-01,92.88770294189453
2011-09-02,90.51443481445312
2011-09-06,89.85391235351562
2011-09-07,92.38844299316406
2011-09-08,91.4284439086914
2011-09-09,89.0321044921875
2011-09-12,89.60816192626953
2011-09-13,90.42994689941406
2011-09-14,91.68187713623047
2011-09-15,93.2640609741211
2011-09-16,93.8160400390625
2011-09-19,92.88188171386719
2011-09-20,92.7738037109375
2011-09-21,90.04086303710938
2011-09-22,87.13033294677734
2011-09-23,87.65531921386719
2011-09-26,89.7397689819336
2011-09-27,90.7433853149414
2011-09-28,88.89055633544922
2011-09-29,89.59309387207031
2011-09-30,87.35420227050781
2011-10-03,84.86833190917969
2011-10-04,86.72888946533203
2011-10-05,88.33468627929688
2011-10-06,89.9327621459961
2011-10-07,89.33060455322266
2011-10-10,92.31832122802734
2011-10-11,92.41096496582031
2011-10-12,93.2215805053711
2011-10-13,93.03630828857422
2011-10-14,94.62667846679688
2011-10-17,92.8201675415039
2011-10-18,94.63438415527344
2011-10-19,93.51496124267578
2011-10-20,93.92413330078125
2011-10-21,95.7074966430664
2011-10-24,96.88096618652344
2011-10-25,94.99724578857422
2011-10-26,95.96224975585938
2011-10-27,99.30514526367188
2011-10-28,99.28195190429688
2011-10-31,96.8886947631836
2011-11-01,94.1866226196289
2011-11-02,95.72294616699219
2011-11-03,97.46769714355469
2011-11-04,96.87323760986328
2011-11-07,97.47544860839844
2011-11-08,98.72612762451172
2011-11-09,95.08218383789062
2011-11-10,95.97769927978516
2011-11-11,97.78422546386719
2011-11-14,96.85781860351562
2011-11-15,97.33646392822266
2011-11-16,95.79241180419922
2011-11-17,94.27151489257812
2011-11-18,94.17117309570312
2011-11-21,92.38005828857422
2011-11-22,92.01726531982422
2011-11-23,89.98682403564453
2011-11-25,89.81696319580078
2011-11-28,92.41867065429688
2011-11-29,92.68118286132812
2011-11-30,96.49492645263672
2011-12-01,96.47950744628906
2011-12-02,96.39460754394531
2011-12-05,97.44454956054688
2011-12-06,97.47544860839844
2011-12-07,97.83830261230469
2011-12-08,95.69206237792969
2011-12-09,97.3133316040039
2011-12-12,95.89278411865234
2011-12-13,94.99724578857422
2011-12-14,93.98589324951172
2011-12-15,94.32557678222656
2011-12-16,94.46543884277344
2011-12-19,93.4554214477539
2011-12-20,96.28339385986328
2011-12-21,96.46986389160156
2011-12-22,97.32447814941406
2011-12-23,98.19462585449219
2011-12-27,98.27232360839844
2011-12-28,96.98265075683594
2011-12-29,97.9848861694336
2011-12-30,97.5031509399414
2012-01-03,99.0570297241211
2012-01-04,99.21238708496094
2012-01-05,99.4765853881836
2012-01-06,99.22017669677734
2012-01-09,99.46100616455078
2012-01-10,100.3233871459961
2012-01-11,100.37776947021484
2012-01-12,100.61863708496094
2012-01-13,100.09806823730469
2012-01-17,100.48648834228516
2012-01-18,101.59754943847656
2012-01-19,102.13359832763672
2012-01-20,102.51432037353516
2012-01-23,102.25015258789062
2012-01-24,102.13359832763672
2012-01-25,102.98822784423828
2012-01-26,102.45992279052734
2012-01-27,102.41332244873047
2012-01-30,102.06367492675781
2012-01-31,102.02484130859375
2012-02-01,102.91828918457031
2012-02-02,103.0814208984375
2012-02-03,104.52650451660156
2012-02-06,104.45659637451172
2012-02-07,104.72073364257812
2012-02-08,105.03153228759766
2012-02-09,105.16358947753906
2012-02-10,104.38665771484375
2012-02-13,105.16358947753906
2012-02-14,105.03153228759766
2012-02-15,104.54204559326172
2012-02-16,105.6996841430664
2012-02-17,105.97933959960938
2012-02-21,106.02596282958984
2012-02-22,105.68413543701172
2012-02-23,106.15027618408203
2012-02-24,106.38333129882812
2012-02-27,106.56202697753906
2012-02-28,106.87276458740234
2012-02-29,106.4532699584961
2012-03-01,107.00487518310547
2012-03-02,106.67857360839844
2012-03-05,106.24349212646484
2012-03-06,104.68965148925781
2012-03-07,105.41999053955078
2012-03-08,106.46875
2012-03-09,106.88057708740234
2012-03-12,106.88834381103516
2012-03-13,108.81510162353516
2012-03-14,108.69856262207031
2012-03-15,109.3278579711914
2012-03-16,109.47923278808594
2012-03-19,109.908447265625
2012-03-20,109.58847045898438
2012-03-21,109.4090347290039
2012-03-22,108.62088775634766
2012-03-23,108.97205352783203
2012-03-26,110.50145721435547
2012-03-27,110.15811157226562
2012-03-28,109.61190032958984
2012-03-29,109.42461395263672
2012-03-30,109.87725067138672
2012-04-02,110.68098449707031
2012-04-03,110.22831726074219
2012-04-04,109.13591766357422
2012-04-05,109.08123779296875
2012-04-09,107.85616302490234
2012-04-10,106.04583740234375
2012-04-11,106.90420532226562
2012-04-12,108.30094909667969
2012-04-13,107.013427734375
2012-04-16,106.94322204589844
2012-04-17,108.52725982666016
2012-04-18,108.1605224609375
2012-04-19,107.46599578857422
2012-04-20,107.64551544189453
2012-04-23,106.74030303955078
2012-04-24,107.14607238769531
2012-04-25,108.61309051513672
2012-04-26,109.36997985839844
2012-04-27,109.54947662353516
2012-04-30,109.14369201660156
2012-05-01,109.82257843017578
2012-05-02,109.49486541748047
2012-05-03,108.65990447998047
2012-05-04,106.90420532226562
2012-05-07,106.98223114013672
2012-05-08,106.55303955078125
2012-05-09,105.92101287841797
2012-05-10,106.13947296142578
2012-05-11,105.81952667236328
2012-05-14,104.64905548095703
2012-05-15,104.0482177734375
2012-05-16,103.6502685546875
2012-05-17,102.1130142211914
2012-05-18,101.23905181884766
2012-05-21,102.97917938232422
2012-05-22,103.15865325927734
2012-05-23,103.21327209472656
2012-05-24,103.41615295410156
2012-05-25,103.08061218261719
2012-05-29,104.3291244506836
2012-05-30,102.81529998779297
2012-05-31,102.58899688720703
2012-06-01,100.0061264038086
2012-06-04,99.95929718017578
2012-06-05,100.71623229980469
2012-06-06,102.97917938232422
2012-06-07,103.04159545898438
2012-06-08,103.86093139648438
2012-06-11,102.54217529296875
2012-06-12,103.7204818725586
2012-06-13,103.05720520019531
2012-06-14,104.1496353149414
2012-06-15,105.21480560302734
2012-06-18,105.41873168945312
2012-06-19,106.43841552734375
2012-06-20,106.26586151123047
2012-06-21,103.88140106201172
2012-06-22,104.68144989013672
2012-06-25,103.00289154052734
2012-06-26,103.52057647705078
2012-06-27,104.4539794921875
2012-06-28,104.1559066772461
2012-06-29,106.75218963623047
2012-07-02,107.0737533569336
2012-07-03,107.77969360351562
2012-07-05,107.29337310791016
2012-07-06,106.27371978759766
2012-07-09,106.14036560058594
2012-07-10,105.21480560302734
2012-07-11,105.23052215576172
2012-07-12,104.72067260742188
2012-07-13,106.4776382446289
2012-07-16,106.22663879394531
2012-07-17,106.95612335205078
2012-07-18,107.74832153320312
2012-07-19,108.0306625366211
2012-07-20,107.04237365722656
2012-07-23,105.95997619628906
2012-07-24,105.05008697509766
2012-07-25,105.07362365722656
2012-07-26,106.80705261230469
2012-07-27,108.77581787109375
2012-07-30,108.77581787109375
2012-07-31,108.01505279541016
2012-08-01,107.92086791992188
2012-08-02,107.17572784423828
2012-08-03,109.3013687133789
2012-08-06,109.51312255859375
2012-08-07,110.06222534179688
2012-08-08,110.19554901123047
2012-08-09,110.28963470458984
2012-08-10,110.47004699707031
2012-08-13,110.41514587402344
2012-08-14,110.43083190917969
2012-08-15,110.55632019042969
2012-08-16,111.37213897705078
2012-08-17,111.52111053466797
2012-08-20,111.52898406982422
2012-08-21,111.19168853759766
2012-08-22,111.23876190185547
2012-08-23,110.32884979248047
2012-08-24,110.99560546875
2012-08-27,111.01911163330078
2012-08-28,110.9093246459961
2012-08-29,110.99560546875
2012-08-30,110.19554901123047
2012-08-31,110.72106170654297
2012-09-04,110.61908721923828
2012-09-05,110.52493286132812
2012-09-06,112.76822662353516
2012-09-07,113.20747375488281
2012-09-10,112.56430053710938
2012-09-11,112.87810516357422
2012-09-12,113.25456237792969
2012-09-13,114.98017120361328
2012-09-14,115.48997497558594
2012-09-17,115.09783172607422
2012-09-18,115.00370025634766
2012-09-19,115.06643676757812
2012-09-20,115.07425689697266
2012-09-21,115.02619171142578
2012-09-24,114.85270690917969
2012-09-25,113.63045501708984
2012-09-26,112.9917221069336
2012-09-27,114.05622863769531
2012-09-28,113.52793884277344
2012-10-01,113.82759857177734
2012-10-02,113.94590759277344
2012-10-03,114.41112518310547
2012-10-04,115.2311782836914
2012-10-05,115.23908233642578
2012-10-08,114.84481811523438
2012-10-09,113.70934295654297
2012-10-10,112.98383331298828
2012-10-11,113.04695892333984
2012-10-12,112.67626953125
2012-10-15,113.61466979980469
2012-10-16,114.76596069335938
2012-10-17,115.28640747070312
2012-10-18,114.98678588867188
2012-10-19,113.07059478759766
2012-10-22,113.08638000488281
2012-10-23,111.51714324951172
2012-10-24,111.20171356201172
2012-10-25,111.52498626708984
2012-10-26,111.46194458007812
2012-10-31,111.46194458007812
2012-11-01,112.62897491455078
2012-11-02,111.62753295898438
2012-11-05,111.856201171875
2012-11-06,112.73150634765625
2012-11-07,110.17658996582031
2012-11-08,108.85179138183594
2012-11-09,108.94646453857422
2012-11-12,109.0331802368164
2012-11-13,108.65467834472656
2012-11-14,107.1879653930664
2012-11-15,107.00662231445312
2012-11-16,107.5349349975586
2012-11-19,109.71137237548828
2012-11-20,109.75862121582031
2012-11-21,109.96369171142578
2012-11-23,111.46194458007812
2012-11-26,111.22537231445312
2012-11-27,110.6576156616211
2012-11-28,111.54871368408203
2012-11-29,112.06916809082031
2012-11-30,112.09272766113281
2012-12-03,111.54077911376953
2012-12-04,111.38308715820312
2012-12-05,111.58021545410156
2012-12-06,111.95873260498047
2012-12-07,112.29777526855469
2012-12-10,112.3451156616211
2012-12-11,113.1099853515625
2012-12-12,113.16522979736328
2012-12-13,112.47132873535156
2012-12-14,112.05332946777344
2012-12-17,113.37022399902344
2012-12-18,114.63190460205078
2012-12-19,113.78025817871094
2012-12-20,114.43474578857422
2012-12-21,113.3960189819336
2012-12-24,113.04663848876953
2012-12-26,112.57012176513672
2012-12-27,112.41924285888672
2012-12-28,111.20421600341797
2012-12-31,113.09423828125
2013-01-02,115.9928970336914
2013-01-03,115.73081970214844
2013-01-04,116.23909759521484
2013-01-07,115.92146301269531
2013-01-08,115.58792114257812
2013-01-09,115.88174438476562
2013-01-10,116.8029556274414
2013-01-11,116.79495239257812
2013-01-14,116.71552276611328
2013-01-15,116.79495239257812
2013-01-16,116.77906036376953
2013-01-17,117.53357696533203
2013-01-18,117.79558563232422
2013-01-22,118.43091583251953
2013-01-23,118.62153625488281
2013-01-24,118.6533203125
2013-01-25,119.32037353515625
2013-01-28,119.17742156982422
2013-01-29,119.64595794677734
2013-01-30,119.17742156982422
2013-01-31,118.88359069824219
2013-02-01,120.1065444946289
2013-02-04,118.75655364990234
2013-02-05,119.95570373535156
2013-02-06,120.04299926757812
2013-02-07,119.88426208496094
2013-02-08,120.55132293701172
2013-02-11,120.52749633789062
2013-02-12,120.72602844238281
2013-02-13,120.82921600341797
2013-02-14,120.94039916992188
2013-02-15,120.79751586914062
2013-02-19,121.70280456542969
2013-02-20,120.18597412109375
2013-02-21,119.45535278320312
2013-02-22,120.62274932861328
2013-02-25,118.32762145996094
2013-02-26,119.1377182006836
2013-02-27,120.63863372802734
2013-02-28,120.40040588378906
2013-03-01,120.79751586914062
2013-03-04,121.44071960449219
2013-03-05,122.52873992919922
2013-03-06,122.69547271728516
2013-03-07,122.91786193847656
2013-03-08,123.4419937133789
2013-03-11,123.91053771972656
2013-03-12,123.63251495361328
2013-03-13,123.80725860595703
2013-03-14,124.46639251708984
2013-03-15,124.30204010009766
2013-03-18,123.61610412597656
2013-03-19,123.32894134521484
2013-03-20,124.19041442871094
2013-03-21,123.12955474853516
2013-03-22,124.11863708496094
2013-03-25,123.60014343261719
2013-03-26,124.58930206298828
2013-03-27,124.58930206298828
2013-03-28,124.97217559814453
2013-04-01,124.47754669189453
2013-04-02,125.09180450439453
2013-04-03,123.82351684570312
2013-04-04,124.32598876953125
2013-04-05,123.7676773071289
2013-04-08,124.60520935058594
2013-04-09,125.03596496582031
2013-04-10,126.5675048828125
2013-04-11,126.98230743408203
2013-04-12,126.6712417602539
2013-04-15,123.73574829101562
2013-04-16,125.56241607666016
2013-04-17,123.7277603149414
2013-04-18,122.95401000976562
2013-04-19,124.02285766601562
2013-04-22,124.57331848144531
2013-04-23,125.8575668334961
2013-04-24,125.93733978271484
2013-04-25,126.44786834716797
2013-04-26,126.22454071044922
2013-04-29,127.07000732421875
2013-04-30,127.37318420410156
2013-05-01,126.25640106201172
2013-05-02,127.4289779663086
2013-05-03,128.7212677001953
2013-05-06,129.0482635498047
2013-05-07,129.702392578125
2013-05-08,130.2926483154297
2013-05-09,129.9257354736328
2013-05-10,130.34849548339844
2013-05-13,130.4521942138672
2013-05-14,131.80027770996094
2013-05-15,132.51019287109375
2013-05-16,131.8880157470703
2013-05-17,133.16429138183594
2013-05-20,133.15628051757812
2013-05-21,133.34776306152344
2013-05-22,132.35865783691406
2013-05-23,131.97576904296875
2013-05-24,131.8640594482422
2013-05-28,132.65379333496094
2013-05-29,131.7923126220703
2013-05-30,132.2788543701172
2013-05-31,130.38040161132812
2013-06-03,131.0982666015625
2013-06-04,130.46812438964844
2013-06-05,128.6415252685547
2013-06-06,129.80609130859375
2013-06-07,131.45724487304688
2013-06-10,131.45724487304688
2013-06-11,130.10122680664062
2013-06-12,129.02430725097656
2013-06-13,130.98660278320312
2013-06-14,130.16505432128906
2013-06-17,131.1700439453125
2013-06-18,132.2070770263672
2013-06-19,130.38040161132812
2013-06-20,127.1497802734375
2013-06-21,127.55799865722656
2013-06-24,125.94617462158203
2013-06-25,127.15701293945312
2013-06-26,128.41603088378906
2013-06-27,129.1697998046875
2013-06-28,128.64047241210938
2013-07-01,129.39437866210938
2013-07-02,129.27406311035156
2013-07-03,129.33018493652344
2013-07-05,130.72549438476562
2013-07-08,131.4712677001953
2013-07-09,132.4174346923828
2013-07-10,132.46560668945312
2013-07-11,134.26988220214844
2013-07-12,134.32603454589844
2013-07-15,134.8392333984375
2013-07-16,134.33401489257812
2013-07-17,134.6788330078125
2013-07-18,135.4165802001953
2013-07-19,135.6571502685547
2013-07-22,135.92181396484375
2013-07-23,135.63307189941406
2013-07-24,135.13592529296875
2013-07-25,135.46466064453125
2013-07-26,135.60902404785156
2013-07-29,135.19200134277344
2013-07-30,135.19200134277344
2013-07-31,135.28829956054688
2013-08-01,136.85198974609375
2013-08-02,137.08456420898438
2013-08-05,136.88406372070312
2013-08-06,136.106201171875
2013-08-07,135.6651611328125
2013-08-08,136.16233825683594
2013-08-09,135.76943969726562
2013-08-12,135.60902404785156
2013-08-13,136.0099639892578
2013-08-14,135.31231689453125
2013-08-15,133.4198760986328
2013-08-16,132.9788055419922
2013-08-19,132.12884521484375
2013-08-20,132.7783203125
2013-08-21,131.96043395996094
2013-08-22,133.1632537841797
2013-08-23,133.61227416992188
2013-08-26,133.11517333984375
2013-08-27,130.9740753173828
2013-08-28,131.43914794921875
2013-08-29,131.64759826660156
2013-08-30,131.23068237304688
2013-09-03,131.8240509033203
2013-09-04,132.91465759277344
2013-09-05,133.08303833007812
2013-09-06,133.14723205566406
2013-09-09,134.4221649169922
2013-09-10,135.4165802001953
2013-09-11,135.84153747558594
2013-09-12,135.48077392578125
2013-09-13,135.78546142578125
2013-09-16,136.57131958007812
2013-09-17,137.1807403564453
2013-09-18,138.76853942871094
2013-09-19,138.5359649658203
2013-09-20,137.56741333007812
2013-09-23,136.93081665039062
2013-09-24,136.60848999023438
2013-09-25,136.2136688232422
2013-09-26,136.7374267578125
2013-09-27,136.10890197753906
2013-09-30,135.38368225097656
2013-10-01,136.4553985595703
2013-10-02,136.326416015625
2013-10-03,135.0693817138672
2013-10-04,136.09278869628906
2013-10-07,134.916259765625
2013-10-08,133.34498596191406
2013-10-09,133.44163513183594
2013-10-10,136.31837463378906
2013-10-11,137.1967010498047
2013-10-14,137.74465942382812
2013-10-15,136.74542236328125
2013-10-16,138.65518188476562
2013-10-17,139.58192443847656
2013-10-18,140.5247344970703
2013-10-21,140.53274536132812
2013-10-22,141.34664916992188
2013-10-23,140.66976928710938
2013-10-24,141.13714599609375
2013-10-25,141.78179931640625
2013-10-28,142.0074005126953
2013-10-29,142.764892578125
2013-10-30,142.0557403564453
2013-10-31,141.65281677246094
2013-11-01,141.99127197265625
2013-11-04,142.4909210205078
2013-11-05,142.0396270751953
2013-11-06,142.764892578125
2013-11-07,140.9598388671875
2013-11-08,142.8614959716797
2013-11-11,142.8857421875
2013-11-12,142.59567260742188
2013-11-13,143.73989868164062
2013-11-14,144.45701599121094
2013-11-15,145.08551025390625
2013-11-18,144.57789611816406
2013-11-19,144.26364135742188
2013-11-20,143.8124237060547
2013-11-21,144.9727325439453
2013-11-22,145.69798278808594
2013-11-25,145.552978515625
2013-11-26,145.5932159423828
2013-11-27,145.9477996826172
2013-11-29,145.85105895996094
2013-12-02,145.47230529785156
2013-12-03,144.84384155273438
2013-12-04,144.82772827148438
2013-12-05,144.19113159179688
2013-12-06,145.80276489257812
2013-12-09,146.1734161376953
2013-12-10,145.64959716796875
2013-12-11,144.01382446289062
2013-12-12,143.53842163085938
2013-12-13,143.5223388671875
2013-12-16,144.41676330566406
2013-12-17,143.9574737548828
2013-12-18,146.4151611328125
2013-12-19,146.24595642089844
2013-12-20,147.09664916992188
2013-12-23,147.8825225830078
2013-12-24,148.20657348632812
2013-12-26,148.96005249023438
2013-12-27,148.9519500732422
2013-12-30,148.92764282226562
2013-12-31,149.63247680664062
2014-01-02,148.1984405517578
2014-01-03,148.1742401123047
2014-01-06,147.7447509765625
2014-01-07,148.65220642089844
2014-01-08,148.6846160888672
2014-01-09,148.78182983398438
2014-01-10,149.18687438964844
2014-01-13,147.20193481445312
2014-01-14,148.8061065673828
2014-01-15,149.60826110839844
2014-01-16,149.41372680664062
2014-01-17,148.78182983398438
2014-01-21,149.2193145751953
2014-01-22,149.3165283203125
2014-01-23,148.0930938720703
2014-01-24,144.93344116210938
2014-01-27,144.22047424316406
2014-01-28,145.07928466796875
2014-01-29,143.6857147216797
2014-01-30,145.2089080810547
2014-01-31,144.3582000732422
2014-02-03,141.109375
2014-02-04,142.09779357910156
2014-02-05,141.91957092285156
2014-02-06,143.79104614257812
2014-02-07,145.5735321044922
2014-02-10,145.84085083007812
2014-02-11,147.43690490722656
2014-02-12,147.5098114013672
2014-02-13,148.27142333984375
2014-02-14,149.08966064453125
2014-02-18,149.2678680419922
2014-02-19,148.27951049804688
2014-02-20,149.1544647216797
2014-02-21,148.98439025878906
2014-02-24,149.8107147216797
2014-02-25,149.7540283203125
2014-02-26,149.7621307373047
2014-02-27,150.54795837402344
2014-02-28,150.9287567138672
2014-03-03,149.8674774169922
2014-03-04,151.9739227294922
2014-03-05,152.1116485595703
2014-03-06,152.46002197265625
2014-03-07,152.52481079101562
2014-03-10,152.4438018798828
2014-03-11,151.6903839111328
2014-03-12,151.73081970214844
2014-03-13,150.02944946289062
2014-03-14,149.60826110839844
2014-03-17,150.96124267578125
2014-03-18,152.0387725830078
2014-03-19,151.22857666015625
2014-03-20,152.1116485595703
2014-03-21,151.5216064453125
2014-03-24,150.8950653076172
2014-03-25,151.61119079589844
2014-03-26,150.52078247070312
2014-03-27,150.20335388183594
2014-03-28,150.94390869140625
2014-03-31,152.1807861328125
2014-04-01,153.18988037109375
2014-04-02,153.70252990722656
2014-04-03,153.49911499023438
2014-04-04,151.68443298339844
2014-04-07,150.008056640625
2014-04-08,150.6265106201172
2014-04-09,152.24586486816406
2014-04-10,149.04783630371094
2014-04-11,147.70513916015625
2014-04-14,148.8688507080078
2014-04-15,149.89414978027344
2014-04-16,151.46470642089844
2014-04-17,151.67625427246094
2014-04-21,152.20521545410156
2014-04-22,152.89695739746094
2014-04-23,152.5388946533203
2014-04-24,152.84808349609375
2014-04-25,151.59490966796875
2014-04-28,152.07501220703125
2014-04-29,152.782958984375
2014-04-30,153.23870849609375
2014-05-01,153.2550048828125
2014-05-02,153.03524780273438
2014-05-05,153.3282012939453
2014-05-06,151.99365234375
2014-05-07,152.88877868652344
2014-05-08,152.72598266601562
2014-05-09,152.95388793945312
2014-05-12,154.44305419921875
2014-05-13,154.5814208984375
2014-05-14,153.8490753173828
2014-05-15,152.49818420410156
2014-05-16,153.02711486816406
2014-05-19,153.5886993408203
2014-05-20,152.6202392578125
2014-05-21,153.90603637695312
2014-05-22,154.2803192138672
2014-05-23,154.89878845214844
2014-05-27,155.85084533691406
2014-05-28,155.73699951171875
2014-05-29,156.5425567626953
2014-05-30,156.7947998046875
2014-06-02,156.97384643554688
2014-06-03,156.89242553710938
2014-06-04,157.20982360839844
2014-06-05,158.23516845703125
2014-06-06,158.99200439453125
2014-06-09,159.15475463867188
2014-06-10,159.17095947265625
2014-06-11,158.6176300048828
2014-06-12,157.4946746826172
2014-06-13,157.9747772216797
2014-06-16,158.10494995117188
2014-06-17,158.5443878173828
2014-06-18,159.70809936523438
2014-06-19,159.8871307373047
2014-06-20,160.2117156982422
2014-06-23,160.16265869140625
2014-06-24,159.19784545898438
2014-06-25,159.91737365722656
2014-06-26,159.80291748046875
2014-06-27,160.11355590820312
2014-06-30,160.0318603515625
2014-07-01,161.10296630859375
2014-07-02,161.26646423339844
2014-07-03,162.05958557128906
2014-07-07,161.4954071044922
2014-07-08,160.45700073242188
2014-07-09,161.17654418945312
2014-07-10,160.53880310058594
2014-07-11,160.7595977783203
2014-07-14,161.56907653808594
2014-07-15,161.26646423339844
2014-07-16,161.8633575439453
2014-07-17,160.0236053466797
2014-07-18,161.65896606445312
2014-07-21,161.35647583007812
2014-07-22,162.05958557128906
2014-07-23,162.4193878173828
2014-07-24,162.42750549316406
2014-07-25,161.6671600341797
2014-07-28,161.7324981689453
2014-07-29,161.0375213623047
2014-07-30,161.0620880126953
2014-07-31,157.88137817382812
2014-08-01,157.39898681640625
2014-08-04,158.53553771972656
2014-08-05,156.9983367919922
2014-08-06,157.04736328125
2014-08-07,156.19700622558594
2014-08-08,158.0040740966797
2014-08-11,158.4619598388672
2014-08-12,158.2412109375
2014-08-13,159.31227111816406
2014-08-14,160.06451416015625
2014-08-15,160.0318603515625
2014-08-18,161.372802734375
2014-08-19,162.2150115966797
2014-08-20,162.64833068847656
2014-08-21,163.12255859375
2014-08-22,162.86907958984375
2014-08-25,163.6949920654297
2014-08-26,163.8012237548828
2014-08-27,163.7357940673828
2014-08-28,163.6459197998047
2014-08-29,164.11196899414062
2014-09-02,164.03016662597656
2014-09-03,163.940185546875
2014-09-04,163.70309448242188
2014-09-05,164.43902587890625
2014-09-08,164.01380920410156
2014-09-09,162.9753875732422
2014-09-10,163.588623046875
2014-09-11,163.7766876220703
2014-09-12,162.82003784179688
2014-09-15,162.69740295410156
2014-09-16,163.9238739013672
2014-09-17,164.14466857910156
2014-09-18,165.01954650878906
2014-09-19,164.87083435058594
2014-09-22,163.5975341796875
2014-09-23,162.6610870361328
2014-09-24,163.9343719482422
2014-09-25,161.2892303466797
2014-09-26,162.57069396972656
2014-09-29,162.27499389648438
2014-09-30,161.8477783203125
2014-10-01,159.65447998046875
2014-10-02,159.67909240722656
2014-10-03,161.4370574951172
2014-10-06,161.2481231689453
2014-10-07,158.75906372070312
2014-10-08,161.53562927246094
2014-10-09,158.33187866210938
2014-10-10,156.52462768554688
2014-10-13,153.95343017578125
2014-10-14,154.19161987304688
2014-10-15,153.14837646484375
2014-10-16,153.01690673828125
2014-10-17,154.82411193847656
2014-10-20,156.32748413085938
2014-10-21,159.4244842529297
2014-10-22,158.2908477783203
2014-10-23,160.1309051513672
2014-10-24,161.36314392089844
2014-10-27,161.14132690429688
2014-10-28,162.98971557617188
2014-10-29,162.74322509765625
2014-10-30,163.7864990234375
2014-10-31,165.6594696044922
2014-11-03,165.7498321533203
2014-11-04,165.17478942871094
2014-11-05,166.21810913085938
2014-11-06,166.88343811035156
2014-11-07,167.03955078125
2014-11-10,167.5653076171875
2014-11-11,167.7295684814453
2014-11-12,167.54885864257812
2014-11-13,167.73777770996094
2014-11-14,167.77891540527344
2014-11-17,167.8856658935547
2014-11-18,168.8550262451172
2014-11-19,168.5839385986328
2014-11-20,168.879638671875
2014-11-21,169.78329467773438
2014-11-24,170.25965881347656
2014-11-25,170.13650512695312
2014-11-26,170.57191467285156
2014-11-28,170.21041870117188
2014-12-01,169.02755737304688
2014-12-02,170.12010192871094
2014-12-03,170.7772979736328
2014-12-04,170.58837890625
2014-12-05,170.86770629882812
2014-12-08,169.7257537841797
2014-12-09,169.61080932617188
2014-12-10,166.89169311523438
2014-12-11,167.73777770996094
2014-12-12,165.0269317626953
2014-12-15,163.89328002929688
2014-12-16,162.5789031982422
2014-12-17,165.76629638671875
2014-12-18,169.86546325683594
2014-12-19,170.5882110595703
2014-12-22,171.37295532226562
2014-12-23,171.6042022705078
2014-12-24,171.62071228027344
2014-12-26,172.17416381835938
2014-12-29,172.40542602539062
2014-12-30,171.48031616210938
2014-12-31,169.77870178222656
2015-01-02,169.68785095214844
2015-01-05,166.62335205078125
2015-01-06,165.05393981933594
2015-01-07,167.11065673828125
2015-01-08,170.0760498046875
2015-01-09,168.713134765625
2015-01-12,167.39154052734375
2015-01-13,166.92076110839844
2015-01-14,165.9130096435547
2015-01-15,164.39308166503906
2015-01-16,166.54901123046875
2015-01-20,166.9041748046875
2015-01-21,167.74671936035156
2015-01-22,170.24130249023438
2015-01-23,169.30783081054688
2015-01-26,169.70433044433594
2015-01-27,167.46583557128906
2015-01-28,165.31829833984375
2015-01-29,166.84637451171875
2015-01-30,164.74830627441406
2015-02-02,166.7885284423828
2015-02-03,169.20053100585938
2015-02-04,168.55621337890625
2015-02-05,170.25782775878906
2015-02-06,169.78695678710938
2015-02-09,169.02706909179688
2015-02-10,170.8277587890625
2015-02-11,170.9268798828125
2015-02-12,172.57066345214844
2015-02-13,173.28103637695312
2015-02-17,173.5535888671875
2015-02-18,173.5701141357422
2015-02-19,173.44618225097656
2015-02-20,174.4870147705078
2015-02-23,174.46218872070312
2015-02-24,174.95782470703125
2015-02-25,174.80911254882812
2015-02-26,174.60260009765625
2015-02-27,174.0078887939453
2015-03-02,175.1064910888672
2015-03-03,174.38790893554688
2015-03-04,173.6527099609375
2015-03-05,173.8427276611328
2015-03-06,171.39773559570312
2015-03-09,172.10809326171875
2015-03-10,169.31614685058594
2015-03-11,168.91966247558594
2015-03-12,171.06729125976562
2015-03-13,170.0182342529297
2015-03-16,172.2898406982422
2015-03-17,171.7776336669922
2015-03-18,173.8427276611328
2015-03-19,173.04971313476562
2015-03-20,174.5771942138672
2015-03-23,174.23696899414062
2015-03-24,173.25796508789062
2015-03-25,170.71908569335938
2015-03-26,170.31251525878906
2015-03-27,170.7025146484375
2015-03-30,172.78500366210938
2015-03-31,171.27500915527344
2015-04-01,170.66932678222656
2015-04-02,171.28329467773438
2015-04-06,172.4365997314453
2015-04-07,171.98025512695312
2015-04-08,172.5609893798828
2015-04-09,173.32432556152344
2015-04-10,174.2702178955078
2015-04-13,173.48193359375
2015-04-14,173.8138885498047
2015-04-15,174.59375
2015-04-16,174.5439910888672
2015-04-17,172.53610229492188
2015-04-20,174.11256408691406
2015-04-21,173.90518188476562
2015-04-22,174.75973510742188
2015-04-23,175.19947814941406
2015-04-24,175.6060333251953
2015-04-27,174.87588500976562
2015-04-28,175.43177795410156
2015-04-29,174.70997619628906
2015-04-30,172.9593048095703
2015-05-01,174.83438110351562
2015-05-04,175.3321990966797
2015-05-05,173.32432556152344
2015-05-06,172.61077880859375
2015-05-07,173.2994842529297
2015-05-08,175.5811309814453
2015-05-11,174.74314880371094
2015-05-12,174.22042846679688
2015-05-13,174.25360107421875
2015-05-14,176.0706787109375
2015-05-15,176.2615203857422
2015-05-18,176.80909729003906
2015-05-19,176.75106811523438
2015-05-20,176.6265411376953
2015-05-21,177.1409454345703
2015-05-22,176.71778869628906
2015-05-26,174.8178253173828
2015-05-27,176.47723388671875
2015-05-28,176.27809143066406
2015-05-29,175.18287658691406
2015-06-01,175.53968811035156
2015-06-02,175.3654022216797
2015-06-03,175.830078125
2015-06-04,174.3448944091797
2015-06-05,174.0462188720703
2015-06-08,172.97589111328125
2015-06-09,172.9510498046875
2015-06-10,175.02528381347656
2015-06-11,175.58941650390625
2015-06-12,174.24526977539062
2015-06-15,173.49859619140625
2015-06-16,174.44444274902344
2015-06-17,174.72653198242188
2015-06-18,176.5435791015625
2015-06-19,175.75987243652344
2015-06-22,176.6603240966797
2015-06-23,176.78533935546875
2015-06-24,175.5013885498047
2015-06-25,174.9678192138672
2015-06-26,174.93447875976562
2015-06-29,171.26602172851562
2015-06-30,171.62452697753906
2015-07-01,173.00022888183594
2015-07-02,172.84181213378906
2015-07-06,172.34986877441406
2015-07-07,173.4337921142578
2015-07-08,170.5239715576172
2015-07-09,170.83251953125
2015-07-10,172.9835662841797
2015-07-13,174.89280700683594
2015-07-14,175.65147399902344
2015-07-15,175.59315490722656
2015-07-16,177.00216674804688
2015-07-17,177.1522216796875
2015-07-20,177.2439422607422
2015-07-21,176.54360961914062
2015-07-22,176.2267608642578
2015-07-23,175.2345733642578
2015-07-24,173.4171142578125
2015-07-27,172.408203125
2015-07-28,174.52593994140625
2015-07-29,175.72653198242188
2015-07-30,175.76820373535156
2015-07-31,175.5013885498047
2015-08-03,174.90948486328125
2015-08-04,174.56764221191406
2015-08-05,175.1428985595703
2015-08-06,173.70889282226562
2015-08-07,173.3753662109375
2015-08-10,175.5597686767578
2015-08-11,173.9756622314453
2015-08-12,174.1841278076172
2015-08-13,173.9673309326172
2015-08-14,174.60096740722656
2015-08-17,175.57644653320312
2015-08-18,175.06785583496094
2015-08-19,173.68389892578125
2015-08-20,170.05714416503906
2015-08-21,164.93795776367188
2015-08-24,157.99295043945312
2015-08-25,156.1337127685547
2015-08-26,162.12831115722656
2015-08-27,166.13861083984375
2015-08-28,166.14691162109375
2015-08-31,164.80459594726562
2015-09-01,159.88552856445312
2015-09-02,162.92034912109375
2015-09-03,163.03709411621094
2015-09-04,160.56924438476562
2015-09-08,164.6044921875
2015-09-09,162.40338134765625
2015-09-10,163.28721618652344
2015-09-11,164.02920532226562
2015-09-14,163.42062377929688
2015-09-15,165.4632568359375
2015-09-16,166.8972625732422
2015-09-17,166.52207946777344
2015-09-18,163.8008575439453
2015-09-21,164.6472625732422
2015-09-22,162.51023864746094
2015-09-23,162.25045776367188
2015-09-24,161.663818359375
2015-09-25,161.62184143066406
2015-09-28,157.56561279296875
2015-09-29,157.6577911376953
2015-09-30,160.59939575195312
2015-10-01,161.0185089111328
2015-10-02,163.42376708984375
2015-10-05,166.33184814453125
2015-10-06,165.76194763183594
2015-10-07,167.11962890625
2015-10-08,168.628173828125
2015-10-09,168.72874450683594
2015-10-12,168.88792419433594
2015-10-13,167.82363891601562
2015-10-14,167.0189971923828
2015-10-15,169.5835723876953
2015-10-16,170.35459899902344
2015-10-19,170.43836975097656
2015-10-20,170.22052001953125
2015-10-21,169.1644744873047
2015-10-22,172.02236938476562
2015-10-23,173.90802001953125
2015-10-26,173.48056030273438
2015-10-27,173.1453399658203
2015-10-28,175.11483764648438
2015-10-29,175.01426696777344
2015-10-30,174.2599334716797
2015-11-02,176.3216094970703
2015-11-03,176.8328094482422
2015-11-04,176.29652404785156
2015-11-05,176.1204833984375
2015-11-06,176.02828979492188
2015-11-09,174.38571166992188
2015-11-10,174.78794860839844
2015-11-11,174.10076904296875
2015-11-12,171.67031860351562
2015-11-13,169.7427520751953
2015-11-16,172.32406616210938
2015-11-17,172.19834899902344
2015-11-18,174.93043518066406
2015-11-19,174.77960205078125
2015-11-20,175.41651916503906
2015-11-23,175.21542358398438
2015-11-24,175.4500274658203
2015-11-25,175.42489624023438
2015-11-27,175.6260223388672
2015-11-30,174.8968963623047
2015-12-01,176.56463623046875
2015-12-02,174.76284790039062
2015-12-03,172.31561279296875
2015-12-04,175.67633056640625
2015-12-07,174.6119842529297
2015-12-08,173.4386749267578
2015-12-09,172.08941650390625
2015-12-10,172.5336151123047
2015-12-11,169.18968200683594
2015-12-14,170.0445098876953
2015-12-15,171.82958984375
2015-12-16,174.34378051757812
2015-12-17,171.6871337890625
2015-12-18,168.6284637451172
2015-12-21,170.01953125
2015-12-22,171.56234741210938
2015-12-23,173.68685913085938
2015-12-24,173.40023803710938
2015-12-28,173.00396728515625
2015-12-29,174.85023498535156
2015-12-30,173.61093139648438
2015-12-31,171.87423706054688
2016-01-04,169.4716033935547
2016-01-05,169.75820922851562
2016-01-06,167.61683654785156
2016-01-07,163.59542846679688
2016-01-08,161.79971313476562
2016-01-11,161.95994567871094
2016-01-12,163.2666473388672
2016-01-13,159.19467163085938
2016-01-14,161.80816650390625
2016-01-15,158.33474731445312
2016-01-19,158.54547119140625
2016-01-20,156.51373291015625
2016-01-21,157.39051818847656
2016-01-22,160.61941528320312
2016-01-25,158.1914520263672
2016-01-26,160.34963989257812
2016-01-27,158.6045379638672
2016-01-28,159.4307403564453
2016-01-29,163.31727600097656
2016-02-01,163.25820922851562
2016-02-02,160.31593322753906
2016-02-03,161.2770233154297
2016-02-04,161.52993774414062
2016-02-05,158.45277404785156
2016-02-08,156.3199005126953
2016-02-09,156.32830810546875
2016-02-10,156.19334411621094
2016-02-11,154.16163635253906
2016-02-12,157.3399658203125
2016-02-16,159.99557495117188
2016-02-17,162.6090545654297
2016-02-18,161.94302368164062
2016-02-19,161.86715698242188
2016-02-22,164.21087646484375
2016-02-23,162.1369171142578
2016-02-24,162.87884521484375
2016-02-25,164.8516082763672
2016-02-26,164.4722137451172
2016-02-29,163.18231201171875
2016-03-01,167.0182647705078
2016-03-02,167.76858520507812
2016-03-03,168.42617797851562
2016-03-04,168.97412109375
2016-03-07,169.1090087890625
2016-03-08,167.26275634765625
2016-03-09,168.0889434814453
2016-03-10,168.22384643554688
2016-03-11,170.9384765625
2016-03-14,170.71922302246094
2016-03-15,170.44110107421875
2016-03-16,171.42747497558594
2016-03-17,172.51498413085938
2016-03-18,173.19293212890625
2016-03-21,173.4386444091797
2016-03-22,173.34542846679688
2016-03-23,172.20143127441406
2016-03-24,172.1251220703125
2016-03-28,172.226806640625
2016-03-29,173.81997680664062
2016-03-30,174.58267211914062
2016-03-31,174.15895080566406
2016-04-01,175.3452911376953
2016-04-04,174.7775115966797
2016-04-05,173.03189086914062
2016-04-06,174.92161560058594
2016-04-07,172.82852172851562
2016-04-08,173.29464721679688
2016-04-11,172.88783264160156
2016-04-12,174.4978790283203
2016-04-13,176.26052856445312
2016-04-14,176.26901245117188
2016-04-15,176.07408142089844
2016-04-18,177.31137084960938
2016-04-19,177.87057495117188
2016-04-20,178.04005432128906
2016-04-21,177.08255004882812
2016-04-22,177.08255004882812
2016-04-25,176.77740478515625
2016-04-26,177.04013061523438
2016-04-27,177.40451049804688
2016-04-28,175.79441833496094
2016-04-29,174.84536743164062
2016-05-02,176.23513793945312
2016-05-03,174.7012481689453
2016-05-04,173.7267608642578
2016-05-05,173.69290161132812
2016-05-06,174.32843017578125
2016-05-09,174.4724578857422
2016-05-10,176.641845703125
2016-05-11,174.9894256591797
2016-05-12,175.04026794433594
2016-05-13,173.51487731933594
2016-05-16,175.22665405273438
2016-05-17,173.5912628173828
2016-05-18,173.64202880859375
2016-05-19,173.0404052734375
2016-05-20,174.133544921875
2016-05-23,173.89627075195312
2016-05-24,176.15037536621094
2016-05-25,177.34519958496094
2016-05-26,177.39605712890625
2016-05-27,178.15869140625
2016-05-31,177.81976318359375
2016-06-01,178.1841583251953
2016-06-02,178.7264862060547
2016-06-03,178.1926727294922
2016-06-06,179.09938049316406
2016-06-07,179.3789825439453
2016-06-08,179.96371459960938
2016-06-09,179.71795654296875
2016-06-10,178.01467895507812
2016-06-13,176.641845703125
2016-06-14,176.29443359375
2016-06-15,176.0486602783203
2016-06-16,176.57406616210938
2016-06-17,175.91648864746094
2016-06-20,177.04937744140625
2016-06-21,177.5519561767578
2016-06-22,177.26229858398438
2016-06-23,179.57073974609375
2016-06-24,173.12252807617188
2016-06-27,170.0219268798828
2016-06-28,173.08847045898438
2016-06-29,176.03570556640625
2016-06-30,178.43783569335938
2016-07-01,178.81268310546875
2016-07-05,177.5263671875
2016-07-06,178.59117126464844
2016-07-07,178.48043823242188
2016-07-08,181.13807678222656
2016-07-11,181.77694702148438
2016-07-12,183.09722900390625
2016-07-13,183.0717010498047
2016-07-14,184.0938720703125
2016-07-15,183.84686279296875
2016-07-18,184.34092712402344
2016-07-19,184.1534423828125
2016-07-20,184.920166015625
2016-07-21,184.2216339111328
2016-07-22,185.04788208007812
2016-07-25,184.54534912109375
2016-07-26,184.63052368164062
2016-07-27,184.43460083007812
2016-07-28,184.64755249023438
2016-07-29,184.94569396972656
2016-08-01,184.79238891601562
2016-08-02,183.60833740234375
2016-08-03,184.1449432373047
2016-08-04,184.34092712402344
2016-08-05,185.84857177734375
2016-08-08,185.7379150390625
2016-08-09,185.84857177734375
2016-08-10,185.3886260986328
2016-08-11,186.24896240234375
2016-08-12,186.08712768554688
2016-08-15,186.6237335205078
2016-08-16,185.66123962402344
2016-08-17,186.010498046875
2016-08-18,186.42782592773438
2016-08-19,186.15524291992188
2016-08-22,186.1467742919922
2016-08-23,186.5215301513672
2016-08-24,185.56748962402344
2016-08-25,185.43975830078125
2016-08-26,185.0904998779297
2016-08-29,186.00196838378906
2016-08-30,185.69525146484375
2016-08-31,185.1671142578125
2016-09-01,185.1756134033203
2016-09-02,186.010498046875
2016-09-06,186.57266235351562
2016-09-07,186.5556182861328
2016-09-08,186.12973022460938
2016-09-09,181.6746826171875
2016-09-12,184.28123474121094
2016-09-13,181.63211059570312
2016-09-14,181.56394958496094
2016-09-15,183.3783416748047
2016-09-16,182.66946411132812
2016-09-19,182.7037353515625
2016-09-20,182.7122802734375
2016-09-21,184.76698303222656
2016-09-22,185.93125915527344
2016-09-23,184.9125213623047
2016-09-26,183.41429138183594
2016-09-27,184.55294799804688
2016-09-28,185.468994140625
2016-09-29,183.791015625
2016-09-30,185.17794799804688
2016-10-03,184.73269653320312
2016-10-04,183.791015625
2016-10-05,184.60433959960938
2016-10-06,184.73269653320312
2016-10-07,184.0991973876953
2016-10-10,185.05801391601562
2016-10-11,182.72085571289062
2016-10-12,182.9605255126953
2016-10-13,182.36123657226562
2016-10-14,182.4554901123047
2016-10-17,181.82192993164062
2016-10-18,182.9605255126953
2016-10-19,183.44851684570312
2016-10-20,183.1061248779297
2016-10-21,183.19174194335938
2016-10-24,183.97076416015625
2016-10-25,183.35435485839844
2016-10-26,182.98626708984375
2016-10-27,182.49822998046875
2016-10-28,181.9588623046875
2016-10-31,181.96749877929688
2016-11-01,180.6490478515625
2016-11-02,179.56178283691406
2016-11-03,178.7399139404297
2016-11-04,178.54298400878906
2016-11-07,182.48110961914062
2016-11-08,183.302978515625
2016-11-09,185.2463836669922
2016-11-10,185.70867919921875
2016-11-11,185.28065490722656
2016-11-14,185.42613220214844
2016-11-15,186.8730010986328
2016-11-16,186.52200317382812
2016-11-17,187.48085021972656
2016-11-18,187.0613250732422
2016-11-21,188.47393798828125
2016-11-22,188.84210205078125
2016-11-23,188.9447784423828
2016-11-25,189.6468505859375
2016-11-28,188.7564697265625
2016-11-29,189.12460327148438
2016-11-30,188.67091369628906
2016-12-01,187.9774169921875
2016-12-02,188.071533203125
2016-12-05,189.20162963867188
2016-12-06,189.80091857910156
2016-12-07,192.28367614746094
2016-12-08,192.7544708251953
2016-12-09,193.91885375976562
2016-12-12,193.69630432128906
2016-12-13,194.98899841308594
2016-12-14,193.37953186035156
2016-12-15,194.17567443847656
2016-12-16,193.79591369628906
2016-12-19,194.21788024902344
2016-12-20,194.96710205078125
2016-12-21,194.424560546875
2016-12-22,194.0886993408203
2016-12-23,194.37290954589844
2016-12-27,194.85516357421875
2016-12-28,193.24481201171875
2016-12-29,193.2017059326172
2016-12-30,192.4955291748047
2017-01-03,193.96815490722656
2017-01-04,195.12213134765625
2017-01-05,194.96710205078125
2017-01-06,195.66464233398438
2017-01-09,195.01876831054688
2017-01-10,195.01876831054688
2017-01-11,195.56991577148438
2017-01-12,195.07901000976562
2017-01-13,195.52687072753906
2017-01-17,194.8379364013672
2017-01-18,195.26852416992188
2017-01-19,194.54507446289062
2017-01-20,195.2598876953125
2017-01-23,194.75177001953125
2017-01-24,196.00050354003906
2017-01-25,197.6969757080078
2017-01-26,197.49026489257812
2017-01-27,197.1802978515625
2017-01-30,195.95741271972656
2017-01-31,195.94021606445312
2017-02-01,196.01771545410156
2017-02-02,196.14691162109375
2017-02-03,197.49888610839844
2017-02-06,197.14581298828125
2017-02-07,197.1544647216797
2017-02-08,197.4127960205078
2017-02-09,198.58401489257812
2017-02-10,199.36764526367188
2017-02-13,200.4526824951172
2017-02-14,201.25357055664062
2017-02-15,202.30421447753906
2017-02-16,202.13198852539062
2017-02-17,202.45062255859375
2017-02-21,203.65621948242188
2017-02-22,203.475341796875
2017-02-23,203.61314392089844
2017-02-24,203.87152099609375
2017-02-27,204.19015502929688
2017-02-28,203.63900756835938
2017-03-01,206.48944091796875
2017-03-02,205.18910217285156
2017-03-03,205.31822204589844
2017-03-06,204.7068634033203
2017-03-07,204.09539794921875
2017-03-08,203.7165069580078
2017-03-09,203.97483825683594
2017-03-10,204.6896209716797
2017-03-13,204.79296875
2017-03-14,204.0093231201172
2017-03-15,205.7747039794922
2017-03-16,205.3699493408203
2017-03-17,205.0092010498047
2017-03-20,204.78436279296875
2017-03-21,202.15504455566406
2017-03-22,202.63075256347656
2017-03-23,202.41453552246094
2017-03-24,202.2675323486328
2017-03-27,202.0599365234375
2017-03-28,203.53028869628906
2017-03-29,203.72052001953125
2017-03-30,204.36920166015625
2017-03-31,203.8935089111328
2017-04-03,203.53892517089844
2017-04-04,203.6686248779297
2017-04-05,203.063232421875
2017-04-06,203.634033203125
2017-04-07,203.42645263671875
2017-04-10,203.54759216308594
2017-04-11,203.30538940429688
2017-04-12,202.41453552246094
2017-04-13,201.0998992919922
2017-04-17,202.88157653808594
2017-04-18,202.27615356445312
2017-04-19,201.9042510986328
2017-04-20,203.54759216308594
2017-04-21,202.89889526367188
2017-04-24,205.1304168701172
2017-04-25,206.32391357421875
2017-04-26,206.19418334960938
2017-04-27,206.3671875
2017-04-28,205.9174346923828
2017-05-01,206.4363250732422
2017-05-02,206.51419067382812
2017-05-03,206.2633819580078
2017-05-04,206.50550842285156
2017-05-05,207.31854248046875
2017-05-08,207.28399658203125
2017-05-09,207.09365844726562
2017-05-10,207.46566772460938
2017-05-11,207.0418243408203
2017-05-12,206.69583129882812
2017-05-15,207.83753967285156
2017-05-16,207.64723205566406
2017-05-17,203.9626922607422
2017-05-18,204.78436279296875
2017-05-19,206.11634826660156
2017-05-22,207.1629180908203
2017-05-23,207.6212921142578
2017-05-24,208.10560607910156
2017-05-25,209.10025024414062
2017-05-26,209.05706787109375
2017-05-30,208.8753662109375
2017-05-31,208.82351684570312
2017-06-01,210.48411560058594
2017-06-02,211.18470764160156
2017-06-05,211.029052734375
2017-06-06,210.3544158935547
2017-06-07,210.74359130859375
2017-06-08,210.847412109375
2017-06-09,210.52737426757812
2017-06-12,210.48411560058594
2017-06-13,211.51336669921875
2017-06-14,211.24522399902344
2017-06-15,210.83877563476562
2017-06-16,210.88485717773438
2017-06-19,212.64047241210938
2017-06-20,211.20632934570312
2017-06-21,211.15423583984375
2017-06-22,211.05860900878906
2017-06-23,211.31069946289062
2017-06-26,211.44976806640625
2017-06-27,209.7462158203125
2017-06-28,211.62353515625
2017-06-29,209.7635955810547
2017-06-30,210.15478515625
2017-07-03,210.51107788085938
2017-07-05,210.99778747558594
2017-07-06,209.06834411621094
2017-07-07,210.42417907714844
2017-07-10,210.65008544921875
2017-07-11,210.4936981201172
2017-07-12,212.07550048828125
2017-07-13,212.43186950683594
2017-07-14,213.42263793945312
2017-07-17,213.3966064453125
2017-07-18,213.5095672607422
2017-07-19,214.66554260253906
2017-07-20,214.76107788085938
2017-07-21,214.56991577148438
2017-07-24,214.517822265625
2017-07-25,215.0392608642578
2017-07-26,215.0478973388672
2017-07-27,214.84803771972656
2017-07-28,214.59597778320312
2017-07-31,214.4743194580078
2017-08-01,214.95233154296875
2017-08-02,215.0565948486328
2017-08-03,214.639404296875
2017-08-04,215.0305633544922
2017-08-07,215.4303436279297
2017-08-08,214.90020751953125
2017-08-09,214.8915252685547
2017-08-10,211.85821533203125
2017-08-11,212.17111206054688
2017-08-14,214.27444458007812
2017-08-15,214.24830627441406
2017-08-16,214.6220703125
2017-08-17,211.27589416503906
2017-08-18,210.9456787109375
2017-08-21,211.11077880859375
2017-08-22,213.31832885742188
2017-08-23,212.5535125732422
2017-08-24,212.0581512451172
2017-08-25,212.5535125732422
2017-08-28,212.5621795654297
2017-08-29,212.80564880371094
2017-08-30,213.81375122070312
2017-08-31,215.10011291503906
2017-09-01,215.40426635742188
2017-09-05,213.85719299316406
2017-09-06,214.58729553222656
2017-09-07,214.56117248535156
2017-09-08,214.30917358398438
2017-09-11,216.5950164794922
2017-09-12,217.32504272460938
2017-09-13,217.42935180664062
2017-09-14,217.35980224609375
2017-09-15,217.6524200439453
2017-09-18,218.11534118652344
2017-09-19,218.33370971679688
2017-09-20,218.41226196289062
2017-09-21,217.8270721435547
2017-09-22,217.8707733154297
2017-09-25,217.42530822753906
2017-09-26,217.55633544921875
2017-09-27,218.40359497070312
2017-09-28,218.66558837890625
2017-09-29,219.43423461914062
2017-10-02,220.3862762451172
2017-10-03,220.85792541503906
2017-10-04,221.11996459960938
2017-10-05,222.43011474609375
2017-10-06,222.17681884765625
2017-10-09,221.8099365234375
2017-10-10,222.3951416015625
2017-10-11,222.7445526123047
2017-10-12,222.4126434326172
2017-10-13,222.68344116210938
2017-10-16,222.9803924560547
2017-10-17,223.13763427734375
2017-10-18,223.35598754882812
2017-10-19,223.41712951660156
2017-10-20,224.57000732421875
2017-10-23,223.6965789794922
2017-10-24,224.08966064453125
2017-10-25,222.9803924560547
2017-10-26,223.26858520507812
2017-10-27,225.09410095214844
2017-10-30,224.25559997558594
2017-10-31,224.60499572753906
2017-11-01,224.90196228027344
2017-11-02,224.9893035888672
2017-11-03,225.74044799804688
2017-11-06,226.08985900878906
2017-11-07,225.93264770507812
2017-11-08,226.31690979003906
2017-11-09,225.4959716796875
2017-11-10,225.426025390625
2017-11-13,225.63568115234375
2017-11-14,225.1116180419922
2017-11-15,223.98483276367188
2017-11-16,225.8889617919922
2017-11-17,225.22515869140625
2017-11-20,225.60943603515625
2017-11-21,227.0855712890625
2017-11-22,226.88462829589844
2017-11-24,227.40870666503906
2017-11-27,227.2952117919922
2017-11-28,229.6010284423828
2017-11-29,229.4613494873047
2017-11-30,231.47024536132812
2017-12-01,230.98980712890625
2017-12-04,230.71035766601562
2017-12-05,229.88046264648438
2017-12-06,229.92420959472656
2017-12-07,230.6492156982422
2017-12-08,231.906982421875
2017-12-11,232.60568237304688
2017-12-12,233.01620483398438
2017-12-13,232.98997497558594
2017-12-14,232.03797912597656
2017-12-15,233.97023010253906
2017-12-18,235.4539031982422
2017-12-19,234.54969787597656
2017-12-20,234.4267578125
2017-12-21,234.9095458984375
2017-12-22,234.84814453125
2017-12-26,234.5672149658203
2017-12-27,234.68138122558594
2017-12-28,235.16419982910156
2017-12-29,234.2775115966797
2018-01-02,235.95423889160156
2018-01-03,237.44662475585938
2018-01-04,238.44749450683594
2018-01-05,240.0365753173828
2018-01-08,240.4755096435547
2018-01-09,241.0198211669922
2018-01-10,240.65109252929688
2018-01-11,242.40684509277344
2018-01-12,243.98712158203125
2018-01-16,243.15318298339844
2018-01-17,245.4707794189453
2018-01-18,245.05813598632812
2018-01-19,246.173095703125
2018-01-22,248.17477416992188
2018-01-23,248.70143127441406
2018-01-24,248.60496520996094
2018-01-25,248.71026611328125
2018-01-26,251.58975219726562
2018-01-29,249.9217529296875
2018-01-30,247.3583221435547
2018-01-31,247.48126220703125
2018-02-01,247.20018005371094
2018-02-02,241.81874084472656
2018-02-05,231.7052459716797
2018-02-06,236.27037048339844
2018-02-07,234.98867797851562
2018-02-08,226.17445373535156
2018-02-09,229.57196044921875
2018-02-12,232.94308471679688
2018-02-13,233.52252197265625
2018-02-14,236.6741485595703
2018-02-15,239.69418334960938
2018-02-16,239.76438903808594
2018-02-20,238.26318359375
2018-02-21,237.07803344726562
2018-02-22,237.38525390625
2018-02-23,241.1690673828125
2018-02-26,243.9695587158203
2018-02-27,240.9232177734375
2018-02-28,238.482666015625
2018-03-01,235.01495361328125
2018-03-02,236.2264404296875
2018-03-05,238.9567108154297
2018-03-06,239.5625
2018-03-07,239.47470092773438
2018-03-08,240.63351440429688
2018-03-09,244.82118225097656
2018-03-12,244.51385498046875
2018-03-13,242.93360900878906
2018-03-14,241.68695068359375
2018-03-15,241.42367553710938
2018-03-16,241.68544006347656
2018-03-19,238.4153289794922
2018-03-20,238.82077026367188
2018-03-21,238.3624725341797
2018-03-22,232.4040985107422
2018-03-23,227.45045471191406
2018-03-26,233.67330932617188
2018-03-27,229.69810485839844
2018-03-28,229.01939392089844
2018-03-29,231.94570922851562
2018-04-02,226.939208984375
2018-04-03,229.8479766845703
2018-04-04,232.30714416503906
2018-04-05,234.14044189453125
2018-04-06,228.9224395751953
2018-04-09,230.05067443847656
2018-04-10,233.7085418701172
2018-04-11,232.48336791992188
2018-04-12,234.39608764648438
2018-04-13,233.7085418701172
2018-04-16,235.63011169433594
2018-04-17,238.1509246826172
2018-04-18,238.32723999023438
2018-04-19,237.00509643554688
2018-04-20,234.9954376220703
2018-04-23,234.960205078125
2018-04-24,231.7959442138672
2018-04-25,232.36880493164062
2018-04-26,234.73098754882812
2018-04-27,234.9513702392578
2018-04-30,233.14450073242188
2018-05-01,233.55877685546875
2018-05-02,231.98985290527344
2018-05-03,231.47860717773438
2018-05-04,234.47540283203125
2018-05-07,235.26869201660156
2018-05-08,235.26869201660156
2018-05-09,237.542724609375
2018-05-10,239.763916015625
2018-05-11,240.4954833984375
2018-05-14,240.61012268066406
2018-05-15,238.9530029296875
2018-05-16,239.95773315429688
2018-05-17,239.7551727294922
2018-05-18,239.1557159423828
2018-05-21,240.95376586914062
2018-05-22,240.28399658203125
2018-05-23,240.945068359375
2018-05-24,240.45144653320312
2018-05-25,239.87857055664062
2018-05-29,237.1195831298828
2018-05-30,240.28399658203125
2018-05-31,238.81199645996094
2018-06-01,241.15660095214844
2018-06-04,242.3024139404297
2018-06-05,242.47877502441406
2018-06-06,244.50596618652344
2018-06-07,244.4794921875
2018-06-08,245.20223999023438
2018-06-11,245.52835083007812
2018-06-12,245.8456573486328
2018-06-13,245.061279296875
2018-06-14,245.67828369140625
2018-06-15,245.3648223876953
2018-06-18,244.86009216308594
2018-06-19,243.9217071533203
2018-06-20,244.3377685546875
2018-06-21,242.80606079101562
2018-06-22,243.2488250732422
2018-06-25,239.9374542236328
2018-06-26,240.46873474121094
2018-06-27,238.47659301757812
2018-06-28,239.84010314941406
2018-06-29,240.18540954589844
2018-07-02,240.69895935058594
2018-07-03,239.8489227294922
2018-07-05,241.8055419921875
2018-07-06,243.85084533691406
2018-07-09,246.04656982421875
2018-07-10,246.9319610595703
2018-07-11,245.1258087158203
2018-07-12,247.34808349609375
2018-07-13,247.54283142089844
2018-07-16,247.321533203125
2018-07-17,248.3219451904297
2018-07-18,248.84445190429688
2018-07-19,247.9058380126953
2018-07-20,247.62249755859375
2018-07-23,248.08290100097656
2018-07-24,249.33123779296875
2018-07-25,251.4562530517578
2018-07-26,250.86300659179688
2018-07-27,249.16317749023438
2018-07-30,247.8615264892578
2018-07-31,249.08340454101562
2018-08-01,248.66729736328125
2018-08-02,250.02194213867188
2018-08-03,251.0932159423828
2018-08-06,252.01402282714844
2018-08-07,252.84628295898438
2018-08-08,252.7401123046875
2018-08-09,252.39468383789062
2018-08-10,250.70359802246094
2018-08-13,249.76515197753906
2018-08-14,251.35887145996094
2018-08-15,249.48179626464844
2018-08-16,251.50045776367188
2018-08-17,252.3859100341797
2018-08-20,252.9259796142578
2018-08-21,253.5191650390625
2018-08-22,253.36868286132812
2018-08-23,253.03228759765625
2018-08-24,254.55511474609375
2018-08-27,256.5648193359375
2018-08-28,256.6889343261719
2018-08-29,258.0700988769531
2018-08-30,257.0251770019531
2018-08-31,257.0340576171875
2018-09-04,256.5914001464844
2018-09-05,255.90078735351562
2018-09-06,255.13052368164062
2018-09-07,254.6348114013672
2018-09-10,255.07742309570312
2018-09-11,255.9185028076172
2018-09-12,255.98046875
2018-09-13,257.49444580078125
2018-09-14,257.53875732421875
2018-09-17,256.1752624511719
2018-09-18,257.5653381347656
2018-09-19,257.83990478515625
2018-09-20,259.92938232421875
2018-09-21,259.69183349609375
2018-09-24,258.8290710449219
2018-09-25,258.5889892578125
2018-09-26,257.8152160644531
2018-09-27,258.5355529785156
2018-09-28,258.5623474121094
2018-10-01,259.4606018066406
2018-10-02,259.3093566894531
2018-10-03,259.4517517089844
2018-10-04,257.42388916015625
2018-10-05,255.98313903808594
2018-10-08,255.98313903808594
2018-10-09,255.6095733642578
2018-10-10,247.51614379882812
2018-10-11,242.0642547607422
2018-10-12,245.42605590820312
2018-10-15,244.04750061035156
2018-10-16,249.3839111328125
2018-10-17,249.42828369140625
2018-10-18,245.82632446289062
2018-10-19,245.69293212890625
2018-10-22,244.59005737304688
2018-10-23,243.34487915039062
2018-10-24,235.971923828125
2018-10-25,240.20533752441406
2018-10-26,235.9808349609375
2018-10-29,234.6733856201172
2018-10-30,238.1509246826172
2018-10-31,240.6945343017578
2018-11-01,243.25596618652344
2018-11-02,241.81517028808594
2018-11-05,243.14926147460938
2018-11-06,244.68783569335938
2018-11-07,249.92636108398438
2018-11-08,249.47271728515625
2018-11-09,247.03587341308594
2018-11-12,242.4199981689453
2018-11-13,241.9663848876953
2018-11-14,240.3120574951172
2018-11-15,242.82015991210938
2018-11-16,243.4517364501953
2018-11-19,239.33383178710938
2018-11-20,234.9046173095703
2018-11-21,235.70510864257812
2018-11-23,234.130859375
2018-11-26,237.91078186035156
2018-11-27,238.71119689941406
2018-11-28,244.20758056640625
2018-11-29,243.6739959716797
2018-11-30,245.15928649902344
2018-12-03,248.40548706054688
2018-12-04,240.3566131591797
2018-12-06,239.99195861816406
2018-12-07,234.4154815673828
2018-12-10,234.86016845703125
2018-12-11,234.91355895996094
2018-12-12,236.0965118408203
2018-12-13,236.0163116455078
2018-12-14,231.65838623046875
2018-12-17,227.1136474609375
2018-12-18,226.86463928222656
2018-12-19,223.46707153320312
2018-12-20,219.82957458496094
2018-12-21,215.32534790039062
2018-12-24,209.63580322265625
2018-12-26,220.22763061523438
2018-12-27,221.91844177246094
2018-12-28,221.63211059570312
2018-12-31,223.5733642578125
2019-01-02,223.8059539794922
2019-01-03,218.46536254882812
2019-01-04,225.78298950195312
2019-01-07,227.5631561279297
2019-01-08,229.70118713378906
2019-01-09,230.7747344970703
2019-01-10,231.58876037597656
2019-01-11,231.6782684326172
2019-01-14,230.26483154296875
2019-01-15,232.90382385253906
2019-01-16,233.4674072265625
2019-01-17,235.23866271972656
2019-01-18,238.3697052001953
2019-01-22,235.1492156982422
2019-01-23,235.64125061035156
2019-01-24,235.7664794921875
2019-01-25,237.76138305664062
2019-01-28,235.9542694091797
2019-01-29,235.64125061035156
2019-01-30,239.3717041015625
2019-01-31,241.47390747070312
2019-02-01,241.59019470214844
2019-02-04,243.28990173339844
2019-02-05,244.30975341796875
2019-02-06,243.98768615722656
2019-02-07,241.66180419921875
2019-02-08,241.95697021484375
2019-02-11,242.0911102294922
2019-02-12,245.20433044433594
2019-02-13,246.0004119873047
2019-02-14,245.45480346679688
2019-02-15,248.12953186035156
2019-02-19,248.5589141845703
2019-02-20,249.0598907470703
2019-02-21,248.17434692382812
2019-02-22,249.7130126953125
2019-02-25,250.05296325683594
2019-02-26,249.8739776611328
2019-02-27,249.76670837402344
2019-02-28,249.30145263671875
2019-03-01,250.8580322265625
2019-03-04,249.9455108642578
2019-03-05,249.6056365966797
2019-03-06,248.0937957763672
2019-03-07,246.01837158203125
2019-03-08,245.5263671875
2019-03-11,249.0867919921875
2019-03-12,250.02603149414062
2019-03-13,251.68104553222656
2019-03-14,251.52012634277344
2019-03-15,252.7626495361328
2019-03-18,253.67913818359375
2019-03-19,253.74209594726562
2019-03-20,252.9783172607422
2019-03-21,255.83563232421875
2019-03-22,250.91177368164062
2019-03-25,250.72305297851562
2019-03-26,252.5919647216797
2019-03-27,251.27127075195312
2019-03-28,252.2235870361328
2019-03-29,253.81393432617188
2019-04-01,256.823974609375
2019-04-02,256.9497985839844
2019-04-03,257.35406494140625
2019-04-04,258.0368957519531
2019-04-05,259.28594970703125
2019-04-08,259.4836120605469
2019-04-09,258.1539001464844
2019-04-10,259.0343322753906
2019-04-11,258.9624328613281
2019-04-12,260.7145690917969
2019-04-15,260.54388427734375
2019-04-16,260.7145690917969
2019-04-17,260.07666015625
2019-04-18,260.58880615234375
2019-04-22,260.8134460449219
2019-04-23,263.1585693359375
2019-04-24,262.5745544433594
2019-04-25,262.4128112792969
2019-04-26,263.634765625
2019-04-29,264.0481262207031
2019-04-30,264.1828918457031
2019-05-01,262.1971130371094
2019-05-02,261.63104248046875
2019-05-03,264.19189453125
2019-05-06,263.10467529296875
2019-05-07,258.71087646484375
2019-05-08,258.3514404296875
2019-05-09,257.5697937011719
2019-05-10,258.8636779785156
2019-05-13,252.35838317871094
2019-05-14,254.64051818847656
2019-05-15,256.1321716308594
2019-05-16,258.5042724609375
2019-05-17,256.83306884765625
2019-05-20,255.13475036621094
2019-05-21,257.43505859375
2019-05-22,256.6442565917969
2019-05-23,253.5084991455078
2019-05-24,254.08352661132812
2019-05-28,251.72039794921875
2019-05-29,250.0311737060547
2019-05-30,250.71408081054688
2019-05-31,247.335693359375
2019-06-03,246.70672607421875
2019-06-04,252.0618438720703
2019-06-05,254.2451934814453
2019-06-06,255.89854431152344
2019-06-07,258.45941162109375
2019-06-10,259.6453857421875
2019-06-11,259.58251953125
2019-06-12,259.12420654296875
2019-06-13,260.1933898925781
2019-06-14,259.90594482421875
2019-06-17,260.0046691894531
2019-06-18,262.72723388671875
2019-06-19,263.3204345703125
2019-06-20,265.8362121582031
2019-06-21,265.4497375488281
2019-06-24,265.1246643066406
2019-06-25,262.5243835449219
2019-06-26,262.2625732421875
2019-06-27,263.19244384765625
2019-06-28,264.54681396484375
2019-07-01,266.9485778808594
2019-07-02,267.64373779296875
2019-07-03,269.78350830078125
2019-07-05,269.4765625
2019-07-08,267.9959411621094
2019-07-09,268.32989501953125
2019-07-10,269.6120300292969
2019-07-11,270.2440490722656
2019-07-12,271.453857421875
2019-07-15,271.544189453125
2019-07-16,270.6684265136719
2019-07-17,268.8265686035156
2019-07-18,269.8106384277344
2019-07-19,268.3118896484375
2019-07-22,268.9710388183594
2019-07-23,270.8941650390625
2019-07-24,272.1672058105469
2019-07-25,270.8670959472656
2019-07-26,272.6818542480469
2019-07-29,272.1852722167969
2019-07-30,271.5172119140625
2019-07-31,268.54669189453125
2019-08-01,266.2080993652344
2019-08-02,264.2037658691406
2019-08-05,256.2583312988281
2019-08-06,259.8517761230469
2019-08-07,260.0052185058594
2019-08-08,265.1065673828125
2019-08-09,263.3008728027344
2019-08-12,260.0956726074219
2019-08-13,264.1405029296875
2019-08-14,256.3305358886719
2019-08-15,257.0076904296875
2019-08-16,260.7997741699219
2019-08-19,263.9419860839844
2019-08-20,261.91949462890625
2019-08-21,264.0503234863281
2019-08-22,263.9689025878906
2019-08-23,257.1883850097656
2019-08-26,260.0323791503906
2019-08-27,259.0121154785156
2019-08-28,260.8359680175781
2019-08-29,264.1675720214844
2019-08-30,264.0503234863281
2019-09-03,262.50628662109375
2019-09-04,265.48590087890625
2019-09-05,268.898681640625
2019-09-06,269.1064147949219
2019-09-09,269.2417907714844
2019-09-10,269.1786804199219
2019-09-11,271.0927429199219
2019-09-12,272.0318298339844
2019-09-13,271.8511657714844
2019-09-16,271.0115661621094
2019-09-17,271.69775390625
2019-09-18,271.8602294921875
2019-09-19,271.84222412109375
2019-09-20,270.55780029296875
2019-09-23,270.4942626953125
2019-09-24,268.3717346191406
2019-09-25,269.9591369628906
2019-09-26,269.396728515625
2019-09-27,267.9454040527344
2019-09-30,269.1881103515625
2019-10-01,265.98614501953125
2019-10-02,261.2876281738281
2019-10-03,263.4283447265625
2019-10-04,266.9929504394531
2019-10-07,265.8410339355469
2019-10-08,261.7140197753906
2019-10-09,264.1993408203125
2019-10-10,265.98614501953125
2019-10-11,268.7436828613281
2019-10-14,268.4444274902344
2019-10-15,271.1020202636719
2019-10-16,270.6666564941406
2019-10-17,271.4648132324219
2019-10-18,270.2765808105469
2019-10-21,272.1088562011719
2019-10-22,271.2200927734375
2019-10-23,272.0090637207031
2019-10-24,272.45343017578125
2019-10-25,273.5692138671875
2019-10-28,275.1111755371094
2019-10-29,275.0296325683594
2019-10-30,275.87310791015625
2019-10-31,275.13836669921875
2019-11-01,277.6872863769531
2019-11-04,278.8029479980469
2019-11-05,278.4945068359375
2019-11-06,278.5581359863281
2019-11-07,279.5376892089844
2019-11-08,280.2270812988281
2019-11-11,279.6918640136719
2019-11-12,280.2814025878906
2019-11-13,280.3722839355469
2019-11-14,280.7803039550781
2019-11-15,282.8122863769531
2019-11-18,283.0207824707031
2019-11-19,282.9391784667969
2019-11-20,281.8868408203125
2019-11-21,281.4334716796875
2019-11-22,282.059326171875
2019-11-25,284.24530029296875
2019-11-26,284.8893737792969
2019-11-27,286.1592712402344
2019-11-29,285.0979919433594
2019-12-02,282.6761779785156
2019-12-03,280.7803039550781
2019-12-04,282.51287841796875
2019-12-05,283.0207824707031
2019-12-06,285.6059265136719
2019-12-09,284.7078857421875
2019-12-10,284.39044189453125
2019-12-11,285.19769287109375
2019-12-12,287.6558532714844
2019-12-13,287.8281555175781
2019-12-16,289.8056640625
2019-12-17,289.86907958984375
2019-12-18,289.88720703125
2019-12-19,291.0755310058594
2019-12-20,292.3515930175781
2019-12-23,292.7982482910156
2019-12-24,292.80731201171875
2019-12-26,294.3659973144531
2019-12-27,294.2931823730469
2019-12-30,292.6706237792969
2019-12-31,293.3816223144531
2020-01-02,296.1252746582031
2020-01-03,293.8829650878906
2020-01-06,295.004150390625
2020-01-07,294.17462158203125
2020-01-08,295.74249267578125
2020-01-09,297.74774169921875
2020-01-10,296.8909606933594
2020-01-13,298.9327697753906
2020-01-14,298.4770202636719
2020-01-15,299.1515808105469
2020-01-16,301.6399841308594
2020-01-17,302.578857421875
2020-01-21,301.9862976074219
2020-01-22,302.0227966308594
2020-01-23,302.3692626953125
2020-01-24,299.6802978515625
2020-01-27,294.8764953613281
2020-01-28,297.9665832519531
2020-01-29,297.7205505371094
2020-01-30,298.6866760253906
2020-01-31,293.2630920410156
2020-02-03,295.4416198730469
2020-02-04,299.944580078125
2020-02-05,303.4083251953125
2020-02-06,304.42926025390625
2020-02-07,302.8066711425781
2020-02-10,305.0673522949219
2020-02-11,305.595947265625
2020-02-12,307.56494140625
2020-02-13,307.23675537109375
2020-02-14,307.7288818359375
2020-02-18,306.9359436035156
2020-02-19,308.4034729003906
2020-02-20,307.136474609375
2020-02-21,303.9734802246094
2020-02-24,293.89208984375
2020-02-25,284.98651123046875
2020-02-26,283.9382629394531
2020-02-27,271.18609619140625
2020-02-28,270.0467834472656
2020-03-02,281.7415466308594
2020-03-03,273.6745300292969
2020-03-04,285.1778564453125
2020-03-05,275.69818115234375
2020-03-06,271.1405334472656
2020-03-09,249.96591186523438
2020-03-10,262.90045166015625
2020-03-11,250.08447265625
2020-03-12,226.1570587158203
2020-03-13,245.49034118652344
2020-03-16,218.6278839111328
2020-03-17,230.43206787109375
2020-03-18,218.7646484375
2020-03-19,219.22952270507812
2020-03-20,209.78199768066406
2020-03-23,204.41824340820312
2020-03-24,222.93919372558594
2020-03-25,226.27664184570312
2020-03-26,239.48890686035156
2020-03-27,232.3555450439453
2020-03-30,239.90150451660156
2020-03-31,236.32566833496094
2020-04-01,225.68984985351562
2020-04-02,230.897705078125
2020-04-03,227.560302734375
2020-04-06,242.84463500976562
2020-04-07,243.09222412109375
2020-04-08,251.25245666503906
2020-04-09,255.0758514404297
2020-04-13,252.74693298339844
2020-04-14,260.20123291015625
2020-04-15,254.67237854003906
2020-04-16,255.90097045898438
2020-04-17,262.81427001953125
2020-04-20,258.18402099609375
2020-04-21,250.3447723388672
2020-04-22,255.90097045898438
2020-04-23,255.88265991210938
2020-04-24,259.4493408203125
2020-04-27,263.1902160644531
2020-04-28,261.97991943359375
2020-04-29,268.83819580078125
2020-04-30,266.33514404296875
2020-05-01,259.2842712402344
2020-05-04,259.9994812011719
2020-05-05,262.40167236328125
2020-05-06,260.62298583984375
2020-05-07,263.767822265625
2020-05-08,268.1322021484375
2020-05-11,268.1871643066406
2020-05-12,262.84185791015625
2020-05-13,258.1932678222656
2020-05-14,261.2831115722656
2020-05-15,262.48419189453125
2020-05-18,270.4794616699219
2020-05-19,267.70123291015625
2020-05-20,272.2490539550781
2020-05-21,270.3694152832031
2020-05-22,270.8828430175781
2020-05-26,274.2202453613281
2020-05-27,278.30035400390625
2020-05-28,277.78692626953125
2020-05-29,279.02471923828125
2020-06-01,280.1524963378906
2020-06-02,282.47210693359375
2020-06-03,286.23138427734375
2020-06-04,285.47955322265625
2020-06-05,292.7962341308594
2020-06-08,296.33544921875
2020-06-09,294.125732421875
2020-06-10,292.4845275878906
2020-06-11,275.6230773925781
2020-06-12,278.92388916015625
2020-06-15,281.5278625488281
2020-06-16,286.9466247558594
2020-06-17,285.754638671875
2020-06-18,285.8646545410156
2020-06-19,284.2308654785156
2020-06-22,286.0543518066406
2020-06-23,287.3712158203125
2020-06-24,280.040771484375
2020-06-25,283.04296875
2020-06-26,276.32037353515625
2020-06-29,280.38153076171875
2020-06-30,283.97308349609375
2020-07-01,285.9622497558594
2020-07-02,287.5370178222656
2020-07-06,291.9757995605469
2020-07-07,288.9645080566406
2020-07-08,291.1746520996094
2020-07-09,289.5169982910156
2020-07-10,292.4731140136719
2020-07-13,289.9406433105469
2020-07-14,293.6979675292969
2020-07-15,296.396240234375
2020-07-16,295.4200134277344
2020-07-17,296.2765197753906
2020-07-20,298.67083740234375
2020-07-21,299.3064270019531
2020-07-22,301.010009765625
2020-07-23,297.41839599609375
2020-07-24,295.50286865234375
2020-07-27,297.657958984375
2020-07-28,295.7700500488281
2020-07-29,299.4075927734375
2020-07-30,298.33935546875
2020-07-31,300.6968994140625
2020-08-03,302.787353515625
2020-08-04,303.9569396972656
2020-08-05,305.84478759765625
2020-08-06,307.88922119140625
2020-08-07,308.1102294921875
2020-08-10,309.0311584472656
2020-08-11,306.480224609375
2020-08-12,310.7532958984375
2020-08-13,310.19146728515625
2020-08-14,310.20062255859375
2020-08-17,311.18609619140625
2020-08-18,311.8584289550781
2020-08-19,310.55987548828125
2020-08-20,311.5268249511719
2020-08-21,312.6319274902344
2020-08-24,315.7999267578125
2020-08-25,316.9049377441406
2020-08-26,320.0821838378906
2020-08-27,320.7820129394531
2020-08-28,322.85406494140625
2020-08-31,321.6845397949219
2020-09-01,324.7142639160156
2020-09-02,329.4110412597656
2020-09-03,318.0745849609375
2020-09-04,315.47760009765625
2020-09-08,306.8577575683594
2020-09-09,312.9174499511719
2020-09-10,307.4840393066406
2020-09-11,307.640625
2020-09-14,311.6925964355469
2020-09-15,313.2674560546875
2020-09-16,312.0241394042969
2020-09-17,309.27984619140625
2020-09-18,305.7191467285156
2020-09-21,302.3166198730469
2020-09-22,305.3955078125
2020-09-23,298.3132019042969
2020-09-24,299.1083068847656
2020-09-25,303.9438781738281
2020-09-28,308.9922180175781
2020-09-29,307.3095397949219
2020-09-30,309.63946533203125
2020-10-01,311.6274108886719
2020-10-02,308.66864013671875
2020-10-05,314.1423034667969
2020-10-06,309.676513671875
2020-10-07,315.06689453125
2020-10-08,317.859130859375
2020-10-09,320.6977844238281
2020-10-12,325.8569641113281
2020-10-13,323.7303466796875
2020-10-14,321.69622802734375
2020-10-15,321.2986145019531
2020-10-16,321.1045837402344
2020-10-19,316.22265625
2020-10-20,317.4893493652344
2020-10-21,316.8883972167969
2020-10-22,318.6265869140625
2020-10-23,319.7083435058594
2020-10-26,313.8001708984375
2020-10-27,312.7184143066406
2020-10-28,302.02996826171875
2020-10-29,305.0996398925781
2020-10-30,301.9190673828125
2020-11-02,305.3030700683594
2020-11-03,310.6935119628906
2020-11-04,317.6373291015625
2020-11-05,323.8321228027344
2020-11-06,323.75811767578125
2020-11-09,327.82635498046875
2020-11-10,327.34564208984375
2020-11-11,329.7773132324219
2020-11-12,326.578125
2020-11-13,331.0994873046875
2020-11-16,335.2324523925781
2020-11-17,333.42938232421875
2020-11-18,329.4167175292969
2020-11-19,330.8035888671875
2020-11-20,328.53826904296875
2020-11-23,330.5076904296875
2020-11-24,335.8334045410156
2020-11-25,335.3156433105469
2020-11-27,336.2494812011719
2020-11-30,334.7608947753906
2020-12-01,338.4222106933594
2020-12-02,339.13421630859375
2020-12-03,339.04180908203125
2020-12-04,341.96356201171875
2020-12-07,341.2608337402344
2020-12-08,342.2593994140625
2020-12-09,339.18963623046875
2020-12-10,339.07879638671875
2020-12-11,338.6812438964844
2020-12-14,337.1649169921875
2020-12-15,341.7231140136719
2020-12-16,342.2593994140625
2020-12-17,344.1732482910156
2020-12-18,342.799072265625
2020-12-21,341.5733642578125
2020-12-22,340.99761962890625
2020-12-23,341.3041076660156
2020-12-24,342.6319274902344
2020-12-28,345.575439453125
2020-12-29,344.9161071777344
2020-12-30,345.40826416015625
2020-12-31,347.16326904296875
2021-01-04,342.4368896484375
2021-01-05,344.79547119140625
2021-01-06,346.85675048828125
2021-01-07,352.0102233886719
2021-01-08,354.01593017578125
2021-01-11,351.6295166015625
2021-01-12,351.70379638671875
2021-01-13,352.65087890625
2021-01-14,351.41595458984375
2021-01-15,348.8531188964844
2021-01-19,351.5923767089844
2021-01-20,356.4579772949219
2021-01-21,356.78289794921875
2021-01-22,355.5201110839844
2021-01-25,356.9222106933594
2021-01-26,356.364990234375
2021-01-27,347.65533447265625
2021-01-28,350.6452331542969
2021-01-29,343.62554931640625
2021-02-01,349.3453369140625
2021-02-02,354.2850341796875
2021-02-03,354.56365966796875
2021-02-04,358.5935363769531
2021-02-05,360.00494384765625
2021-02-08,362.6048278808594
2021-02-09,362.3633728027344
2021-02-10,362.2056579589844
2021-02-11,362.7905578613281
2021-02-12,364.5826110839844
2021-02-16,364.26690673828125
2021-02-17,364.3505859375
2021-02-18,362.7998352050781
2021-02-19,362.15911865234375
2021-02-22,359.37347412109375
2021-02-23,359.8099365234375
2021-02-24,363.77484130859375
2021-02-25,355.0093688964844
2021-02-26,353.18017578125
2021-03-01,361.7412414550781
2021-03-02,358.91851806640625
2021-03-03,354.1643981933594
2021-03-04,349.78167724609375
2021-03-05,356.2165222167969
2021-03-08,354.4429931640625
2021-03-09,359.5035095214844
2021-03-10,361.7412414550781
2021-03-11,365.4090576171875
2021-03-12,365.9012145996094
2021-03-15,368.0832214355469
2021-03-16,367.61895751953125
2021-03-17,368.87249755859375
2021-03-18,363.5054626464844
2021-03-19,362.8330078125
2021-03-22,365.7301330566406
2021-03-23,362.8515625
2021-03-24,361.0069885253906
2021-03-25,363.03790283203125
2021-03-26,368.8883361816406
2021-03-29,368.70196533203125
2021-03-30,367.7237243652344
2021-03-31,369.2142639160156
2021-04-01,373.201416015625
2021-04-05,378.55804443359375
2021-04-06,378.3345031738281
2021-04-07,378.7723083496094
2021-04-08,380.5703125
2021-04-09,383.33709716796875
2021-04-12,383.476806640625
2021-04-13,384.61334228515625
2021-04-14,383.2997741699219
2021-04-15,387.41741943359375
2021-04-16,388.7123107910156
2021-04-19,386.8026428222656
2021-04-20,383.97052001953125
2021-04-21,387.60369873046875
2021-04-22,384.063720703125
2021-04-23,388.2278747558594
2021-04-26,389.0383605957031
2021-04-27,388.95458984375
2021-04-28,388.8426818847656
2021-04-29,391.32080078125
2021-04-30,388.7495422363281
2021-05-03,389.5880432128906
2021-05-04,387.1845397949219
2021-05-05,387.3056640625
2021-05-06,390.39849853515625
2021-05-07,393.2398376464844
2021-05-10,389.34576416015625
2021-05-11,385.8709716796875
2021-05-12,377.6730041503906
2021-05-13,382.2098388671875
2021-05-14,388.0788269042969
2021-05-17,387.0912780761719
2021-05-18,383.7563781738281
2021-05-19,382.7501525878906
2021-05-20,386.8677062988281
2021-05-21,386.55108642578125
2021-05-24,390.49163818359375
2021-05-25,389.6252746582031
2021-05-26,390.39849853515625
2021-05-27,390.6034851074219
2021-05-28,391.3020935058594
2021-06-01,390.95745849609375
2021-06-02,391.57232666015625
2021-06-03,390.1190185546875
2021-06-04,393.6870422363281
2021-06-07,393.30511474609375
2021-06-08,393.38885498046875
2021-06-09,392.8019104003906
2021-06-10,394.6278381347656
2021-06-11,395.280029296875
2021-06-14,396.1650695800781
2021-06-15,395.4383544921875
2021-06-16,393.2304382324219
2021-06-17,393.1001281738281
2021-06-18,387.7969665527344
2021-06-21,393.34869384765625
2021-06-22,395.45159912109375
2021-06-23,394.9749755859375
2021-06-24,397.3115234375
2021-06-25,398.72271728515625
2021-06-28,399.52655029296875
2021-06-29,399.7416076660156
2021-06-30,400.0780029296875
2021-07-01,402.2930908203125
2021-07-02,405.3680114746094
2021-07-06,404.62969970703125
2021-07-07,406.0596923828125
2021-07-08,402.7511291503906
2021-07-09,407.05035400390625
2021-07-12,408.5083923339844
2021-07-13,407.1158142089844
2021-07-14,407.7232971191406
2021-07-15,406.3306884765625
2021-07-16,403.14361572265625
2021-07-19,397.1900329589844
2021-07-20,402.8819274902344
2021-07-21,406.143798828125
2021-07-22,406.9942932128906
2021-07-23,411.18145751953125
2021-07-26,412.1908874511719
2021-07-27,410.3122253417969
2021-07-28,410.1440124511719
2021-07-29,411.8450622558594
2021-07-30,409.8449401855469
2021-08-02,408.9850158691406
2021-08-03,412.31231689453125
2021-08-04,410.28424072265625
2021-08-05,412.88250732421875
2021-08-06,413.5647277832031
2021-08-09,413.2283020019531
2021-08-10,413.7423400878906
2021-08-11,414.7703857421875
2021-08-12,416.01348876953125
2021-08-13,416.77056884765625
2021-08-16,417.75189208984375
2021-08-17,415.0134582519531
2021-08-18,410.4710998535156
2021-08-19,411.10662841796875
2021-08-20,414.37786865234375
2021-08-23,418.0229187011719
2021-08-24,418.6866149902344
2021-08-25,419.56512451171875
2021-08-26,417.08831787109375
2021-08-27,420.8175048828125
2021-08-30,422.6680603027344
2021-08-31,422.04180908203125
2021-09-01,422.26617431640625
2021-09-02,423.5653381347656
2021-09-03,423.4624328613281
2021-09-07,421.9483642578125
2021-09-08,421.4343566894531
2021-09-09,419.6304626464844
2021-09-10,416.3218994140625
2021-09-13,417.3873596191406
2021-09-14,415.13494873046875
2021-09-15,418.6024169921875
2021-09-16,417.9388732910156
2021-09-17,413.86767578125
2021-09-20,406.966796875
2021-09-21,406.58233642578125
2021-09-22,410.5484619140625
2021-09-23,415.5366516113281
2021-09-24,416.2210998535156
2021-09-27,415.03033447265625
2021-09-28,406.6667175292969
2021-09-29,407.3512268066406
2021-09-30,402.3724060058594
2021-10-01,407.154296875
2021-10-04,401.90362548828125
2021-10-05,406.0853576660156
2021-10-06,407.7731018066406
2021-10-07,411.298583984375
2021-10-08,410.5484619140625
2021-10-11,407.5762023925781
2021-10-12,406.5729675292969
2021-10-13,408.0356750488281
2021-10-14,414.8990783691406
2021-10-15,418.0588073730469
2021-10-18,419.2964172363281
2021-10-19,422.53131103515625
2021-10-20,424.19097900390625
2021-10-21,425.2972412109375
2021-10-22,424.8565979003906
2021-10-25,427.135009765625
2021-10-26,427.51947021484375
2021-10-27,425.6255187988281
2021-10-28,429.7322692871094
2021-10-29,430.60430908203125
2021-11-01,431.3450012207031
2021-11-02,433.0889587402344
2021-11-03,435.7331237792969
2021-11-04,437.7865295410156
2021-11-05,439.30548095703125
2021-11-08,439.68048095703125
2021-11-09,438.2271423339844
2021-11-10,434.7016906738281
2021-11-11,434.84234619140625
2021-11-12,438.1240234375
2021-11-15,438.2740783691406
2021-11-16,440.0086975097656
2021-11-17,438.9398193359375
2021-11-18,440.43060302734375
2021-11-19,439.64306640625
2021-11-22,438.4053039550781
2021-11-23,438.9866943359375
2021-11-24,440.15869140625
2021-11-26,430.3417663574219
2021-11-29,435.6206359863281
2021-11-30,427.1443786621094
2021-12-01,422.4000244140625
2021-12-02,428.86968994140625
2021-12-03,425.1379699707031
2021-12-06,430.1730041503906
2021-12-07,439.071044921875
2021-12-08,440.23370361328125
2021-12-09,437.26141357421875
2021-12-10,441.3775329589844
2021-12-13,437.4676818847656
2021-12-14,434.45794677734375
2021-12-15,441.2463684082031
2021-12-16,437.3552551269531
2021-12-17,432.70050048828125
2021-12-20,428.09942626953125
2021-12-21,435.7020568847656
2021-12-22,440.0584411621094
2021-12-23,442.7965393066406
2021-12-27,449.06304931640625
2021-12-28,448.6960144042969
2021-12-29,449.27001953125
2021-12-30,448.0280456542969
2021-12-31,446.89886474609375
2022-01-03,449.4864196777344
2022-01-04,449.3358459472656
2022-01-05,440.70770263671875
2022-01-06,440.29376220703125
2022-01-07,438.5529479980469
2022-01-10,438.00726318359375
2022-01-11,441.99676513671875
2022-01-12,443.1916809082031
2022-01-13,437.0850830078125
2022-01-14,437.2639465332031
2022-01-18,429.5201721191406
2022-01-19,425.0601806640625
2022-01-20,420.3555603027344
2022-01-21,412.103759765625
2022-01-24,413.8538513183594
2022-01-25,408.8011779785156
2022-01-26,407.7755126953125
2022-01-27,405.7619934082031
2022-01-28,415.8392333984375
2022-01-31,423.32891845703125
2022-02-01,426.1893615722656
2022-02-02,430.3293151855469
2022-02-03,420.2145080566406
2022-02-04,422.1903991699219
2022-02-07,420.83551025390625
2022-02-08,424.29803466796875
2022-02-09,430.50811767578125
2022-02-10,422.7737121582031
2022-02-11,414.437255859375
2022-02-14,413.0823059082031
2022-02-15,419.7439880371094
2022-02-16,420.2145080566406
2022-02-17,411.238037109375
2022-02-18,408.5753173828125
2022-02-22,404.1906433105469
2022-02-23,397.020751953125
2022-02-24,402.99566650390625
2022-02-25,411.8873291015625
2022-02-28,410.83349609375
2022-03-01,404.5763854980469
2022-03-02,412.0190124511719
2022-03-03,409.9678955078125
2022-03-04,406.6369934082031
2022-03-07,394.64971923828125
2022-03-08,391.65753173828125
2022-03-09,402.158203125
2022-03-10,400.3422546386719
2022-03-11,395.2518615722656
2022-03-14,392.3633117675781
2022-03-15,400.9914855957031
2022-03-16,409.8831787109375
2022-03-17,415.01123046875
2022-03-18,419.5567321777344
2022-03-21,419.4339904785156
2022-03-22,424.3419494628906
2022-03-23,418.87713623046875
2022-03-24,425.19146728515625
2022-03-25,427.26788330078125
2022-03-28,430.3070373535156
2022-03-29,435.63037109375
2022-03-30,432.9404296875
2022-03-31,426.2768859863281
2022-04-01,427.48492431640625
2022-04-04,431.1470947265625
2022-04-05,425.70111083984375
2022-04-06,421.4443664550781
2022-04-07,423.56805419921875
2022-04-08,422.4354248046875
2022-04-11,415.2150573730469
2022-04-12,413.6766052246094
2022-04-13,418.4146728515625
2022-04-14,413.2046813964844
2022-04-18,413.37457275390625
2022-04-19,420.0475769042969
2022-04-20,419.73602294921875
2022-04-21,413.4595031738281
2022-04-22,402.114501953125
2022-04-25,404.44586181640625
2022-04-26,392.732666015625
2022-04-27,393.8370056152344
2022-04-28,403.7850646972656
2022-04-29,388.863037109375
2022-05-02,391.2037353515625
2022-05-03,392.99700927734375
2022-05-04,404.96490478515625
2022-05-05,390.57135009765625
2022-05-06,388.24005126953125
2022-05-09,375.8096618652344
2022-05-10,376.6780090332031
2022-05-11,370.6939697265625
2022-05-12,370.3069763183594
2022-05-13,379.1603088378906
2022-05-16,377.6217956542969
2022-05-17,385.3896179199219
2022-05-18,369.8538818359375
2022-05-19,367.5887756347656
2022-05-20,367.74920654296875
2022-05-23,374.6298522949219
2022-05-24,371.77008056640625
2022-05-25,375.05450439453125
2022-05-26,382.5486145019531
2022-05-27,391.9399108886719
2022-05-31,389.7407531738281
2022-06-01,386.5883483886719
2022-06-02,393.9502868652344
2022-06-03,387.4849548339844
2022-06-06,388.664794921875
2022-06-07,392.3929138183594
2022-06-08,388.1268310546875
2022-06-09,378.8960266113281
2022-06-10,367.90972900390625
2022-06-13,353.94085693359375
2022-06-14,352.8742980957031
2022-06-15,357.9049377441406
2022-06-16,346.0597229003906
2022-06-17,346.8057556152344
2022-06-21,355.5361328125
2022-06-22,354.8914794921875
2022-06-23,358.3703918457031
2022-06-24,369.76434326171875
2022-06-27,368.3518981933594
2022-06-28,360.82550048828125
2022-06-29,360.5316162109375
2022-06-30,357.6025695800781
2022-07-01,361.3847351074219
2022-07-05,362.0672607421875
2022-07-06,363.2900390625
2022-07-07,368.7310791015625
2022-07-08,368.42779541015625
2022-07-11,364.21905517578125
2022-07-12,360.9960632324219
2022-07-13,359.1002197265625
2022-07-14,358.22821044921875
2022-07-15,365.0721130371094
2022-07-18,362.0577392578125
2022-07-19,371.84027099609375
2022-07-20,374.2101135253906
2022-07-21,378.020751953125
2022-07-22,374.51348876953125
2022-07-25,374.9684143066406
2022-07-26,370.5321960449219
2022-07-27,380.1535949707031
2022-07-28,384.921630859375
2022-07-29,390.5332336425781
2022-08-01,389.37677001953125
2022-08-02,386.8079528808594
2022-08-03,392.86517333984375
2022-08-04,392.5997314453125
2022-08-05,391.9361267089844
2022-08-08,391.48114013671875
2022-08-09,389.9266052246094
2022-08-10,398.1166076660156
2022-08-11,398.1166076660156
2022-08-12,404.8563232421875
2022-08-15,406.524658203125
2022-08-16,407.32086181640625
2022-08-17,404.4298095703125
2022-08-18,405.6051940917969
2022-08-19,400.15472412109375
2022-08-22,391.8224182128906
2022-08-23,390.8744812011719
2022-08-24,392.125732421875
2022-08-25,397.66162109375
2022-08-26,384.201171875
2022-08-29,381.6607360839844
2022-08-30,377.4709167480469
2022-08-31,374.5987243652344
2022-09-01,375.774169921875
2022-09-02,371.81182861328125
2022-09-06,370.4089660644531
2022-09-07,377.0633239746094
2022-09-08,379.5279541015625
2022-09-09,385.4239807128906
2022-09-12,389.56640625
2022-09-13,372.6269836425781
2022-09-14,374.0489501953125
2022-09-15,369.8022766113281
2022-09-16,366.9811096191406
2022-09-19,369.82696533203125
2022-09-20,365.58197021484375
2022-09-21,359.20477294921875
2022-09-22,356.18756103515625
2022-09-23,350.2196960449219
2022-09-26,346.7549743652344
2022-09-27,345.869873046875
2022-09-28,352.6753845214844
2022-09-29,345.30828857421875
2022-09-30,339.96856689453125
2022-10-03,348.9442443847656
2022-10-04,359.7568664550781
2022-10-05,358.919189453125
2022-10-06,355.216796875
2022-10-07,345.30828857421875
2022-10-10,342.6717834472656
2022-10-11,340.50164794921875
2022-10-12,339.3785400390625
2022-10-13,348.33502197265625
2022-10-14,340.3969421386719
2022-10-17,349.1441650390625
2022-10-18,353.2464294433594
2022-10-19,350.7431335449219
2022-10-20,347.80206298828125
2022-10-21,356.254150390625
2022-10-24,360.6134948730469
2022-10-25,366.3719177246094
2022-10-26,363.6117248535156
2022-10-27,361.6700134277344
2022-10-28,370.27435302734375
2022-10-31,367.5997619628906
2022-11-01,365.9912109375
2022-11-02,356.8061828613281
2022-11-03,353.1322326660156
2022-11-04,358.21490478515625
2022-11-07,361.6414489746094
2022-11-08,363.59271240234375
2022-11-09,356.10186767578125
2022-11-10,375.6711120605469
2022-11-11,379.30706787109375
2022-11-14,376.0804138183594
2022-11-15,379.2879943847656
2022-11-16,376.39453125
2022-11-17,375.2427673339844
2022-11-18,376.9466247558594
2022-11-21,375.575927734375
2022-11-22,380.6300964355469
2022-11-23,383.02862548828125
2022-11-25,382.9429931640625
2022-11-28,376.83233642578125
2022-11-29,376.1851501464844
2022-11-30,388.0351867675781
2022-12-01,387.7496337890625
2022-12-02,387.3023376464844
2022-12-05,380.33502197265625
2022-12-06,374.8525390625
2022-12-07,374.21490478515625
2022-12-08,377.146484375
2022-12-09,374.32904052734375
2022-12-12,379.7257995605469
2022-12-13,382.6003723144531
2022-12-14,380.1542663574219
2022-12-15,370.85498046875
2022-12-16,366.47662353515625
2022-12-19,363.3689880371094
2022-12-20,363.8662109375
2022-12-21,369.3069152832031
2022-12-22,364.0382995605469
2022-12-23,366.13238525390625
2022-12-27,364.6885681152344
2022-12-28,360.15625
2022-12-29,366.63916015625
2022-12-30,365.67340087890625
2023-01-03,364.1339416503906
2023-01-04,366.9450988769531
2023-01-05,362.757080078125
2023-01-06,371.07586669921875
2023-01-09,370.865478515625
2023-01-10,373.46630859375
2023-01-11,378.1898193359375
2023-01-12,379.5667419433594
2023-01-13,381.039306640625
2023-01-17,380.3412780761719
2023-01-18,374.3363952636719
2023-01-19,371.611328125
2023-01-20,378.5340881347656
2023-01-23,383.0759582519531
2023-01-24,382.664794921875
2023-01-25,382.8082580566406
2023-01-26,387.01544189453125
2023-01-27,387.9046325683594
2023-01-30,383.03765869140625
2023-01-31,388.66961669921875
2023-02-01,392.80029296875
2023-02-02,398.51837158203125
2023-02-03,394.282470703125
2023-02-06,391.8728332519531
2023-02-07,396.99798583984375
2023-02-08,392.6569519042969
2023-02-09,389.2528991699219
2023-02-10,390.16131591796875
2023-02-13,394.74139404296875
2023-02-14,394.5596923828125
2023-02-15,395.8410339355469
2023-02-16,390.3907470703125
2023-02-17,389.41546630859375
2023-02-21,381.6034240722656
2023-02-22,381.0775146484375
2023-02-23,383.10467529296875
2023-02-24,379.01220703125
2023-02-27,380.30303955078125
2023-02-28,378.8974609375
2023-03-01,377.44403076171875
2023-03-02,380.3795166015625
2023-03-03,386.4799499511719
2023-03-06,386.7476501464844
2023-03-07,380.8194274902344
2023-03-08,381.44085693359375
2023-03-09,374.40338134765625
2023-03-10,369.0008850097656
2023-03-13,368.4750061035156
2023-03-14,374.5659484863281
2023-03-15,372.2232971191406
2023-03-16,378.7539978027344
2023-03-17,374.3253173828125
2023-03-20,377.9246826171875
2023-03-21,382.88702392578125
2023-03-22,376.3602294921875
2023-03-23,377.377685546875
2023-03-24,379.85400390625
2023-03-27,380.5643005371094
2023-03-28,379.7100524902344
2023-03-29,385.2290954589844
2023-03-30,387.48468017578125
2023-03-31,392.9460754394531
2023-04-03,394.4434814453125
2023-04-04,392.2550048828125
2023-04-05,391.22802734375
2023-04-06,392.7541809082031
2023-04-10,393.1572265625
2023-04-11,393.2628479003906
2023-04-12,391.6599426269531
2023-04-13,396.8622131347656
2023-04-14,395.89276123046875
2023-04-17,397.3133544921875
2023-04-18,397.572509765625
2023-04-19,397.50537109375
2023-04-20,395.33612060546875
2023-04-21,395.64324951171875
2023-04-24,396.0559387207031
2023-04-25,389.7690734863281
2023-04-26,388.1181335449219
2023-04-27,395.84478759765625
2023-04-28,399.223388671875
2023-05-01,398.8202819824219
2023-05-02,394.337890625
2023-05-03,391.6311950683594
2023-05-04,388.85723876953125
2023-05-05,396.0559387207031
2023-05-08,396.16156005859375
2023-05-09,394.4242858886719
2023-05-10,396.2671813964844
2023-05-11,395.5760498046875
2023-05-12,395.0577087402344
2023-05-15,396.420654296875
2023-05-16,393.77154541015625
2023-05-17,398.551513671875
2023-05-18,402.3908386230469
2023-05-19,401.8053283691406
2023-05-22,401.9685363769531
2023-05-23,397.45733642578125
2023-05-24,394.5777893066406
2023-05-25,397.99481201171875
2023-05-26,403.1490783691406
2023-05-30,403.3027038574219
2023-05-31,401.0662841796875
2023-06-01,404.8768005371094
2023-06-02,410.7318115234375
2023-06-05,409.94476318359375
2023-06-06,410.8374328613281
2023-06-07,409.4169006347656
2023-06-08,411.89324951171875
2023-06-09,412.6322937011719
2023-06-12,416.3756408691406
2023-06-13,419.1207275390625
2023-06-14,419.61981201171875
2023-06-15,424.8221740722656
2023-06-16,423.3751220703125
2023-06-20,421.1785888671875
2023-06-21,419.0205993652344
2023-06-22,420.5331115722656
2023-06-23,417.3539123535156
2023-06-26,415.64874267578125
2023-06-27,420.2055358886719
2023-06-28,420.41754150390625
2023-06-29,422.0745544433594
2023-06-30,427.0552673339844
2023-07-03,427.546630859375
2023-07-05,426.91082763671875
2023-07-06,423.5678405761719
2023-07-07,422.4984436035156
2023-07-10,423.5678405761719
2023-07-11,426.265380859375
2023-07-12,429.6950378417969
2023-07-13,433.1054992675781
2023-07-14,432.83575439453125
2023-07-17,434.338623046875
2023-07-18,437.56597900390625
2023-07-19,438.53900146484375
2023-07-20,435.629638671875
2023-07-21,435.629638671875
2023-07-24,437.5756530761719
2023-07-25,438.7702331542969
2023-07-26,438.8376770019531
2023-07-27,435.92822265625
2023-07-28,440.1961364746094
2023-07-31,441.0342712402344
2023-08-01,439.7721862792969
2023-08-02,433.6546325683594
2023-08-03,432.4118347167969
2023-08-04,430.4561462402344
2023-08-07,434.2134094238281
2023-08-08,432.3251037597656
2023-08-09,429.4349060058594
2023-08-10,429.5890808105469
2023-08-11,429.3385009765625
2023-08-14,431.70855712890625
2023-08-15,426.67962646484375
2023-08-16,423.54864501953125
2023-08-17,420.32122802734375
2023-08-18,420.52349853515625
2023-08-21,423.25958251953125
2023-08-22,422.1130676269531
2023-08-23,426.8145751953125
2023-08-24,420.8992614746094
2023-08-25,423.86651611328125
2023-08-28,426.55438232421875
2023-08-29,432.7201232910156
2023-08-30,434.5024108886719
2023-08-31,433.8666076660156
2023-09-01,434.67578125
2023-09-05,432.7972106933594
2023-09-06,429.8876647949219
2023-09-07,428.5679016113281
2023-09-08,429.2133483886719
2023-09-11,432.0361328125
2023-09-12,429.6661071777344
2023-09-13,430.1671142578125
2023-09-14,433.8762512207031
2023-09-15,428.6487121582031
2023-09-18,428.9001159667969
2023-09-19,428.0106201171875
2023-09-20,424.0758361816406
2023-09-21,417.0664978027344
2023-09-22,416.1286926269531
2023-09-25,417.87860107421875
2023-09-26,411.7394104003906
2023-09-27,411.9037780761719
2023-09-28,414.2917175292969
2023-09-29,413.2862548828125
2023-10-02,413.1219787597656
2023-10-03,407.59185791015625
2023-10-04,410.5599670410156
2023-10-05,410.40521240234375
2023-10-06,415.2779235839844
2023-10-09,417.93658447265625
2023-10-10,420.1119079589844
2023-10-11,421.83282470703125
2023-10-12,419.2610778808594
2023-10-13,417.1728210449219
2023-10-16,421.56207275390625
2023-10-17,421.542724609375
2023-10-18,415.9256896972656
2023-10-19,412.27117919921875
2023-10-20,407.2052307128906
2023-10-23,406.4993591308594
2023-10-24,409.56414794921875
2023-10-25,403.68597412109375
2023-10-26,398.85198974609375
2023-10-27,397.04412841796875
2023-10-30,401.7911071777344
2023-10-31,404.314453125
2023-11-01,408.6263732910156
2023-11-02,416.4574279785156
2023-11-03,420.25689697265625
2023-11-06,421.22369384765625
2023-11-07,422.4225769042969
2023-11-08,422.73193359375
2023-11-09,419.4351501464844
2023-11-10,425.98028564453125
2023-11-13,425.5743408203125
2023-11-14,433.83074951171875
2023-11-15,434.7491760253906
2023-11-16,435.2809753417969
2023-11-17,435.8223571777344
2023-11-20,439.1771240234375
2023-11-21,438.2199401855469
2023-11-22,439.911865234375
2023-11-24,440.18255615234375
2023-11-27,439.389892578125
2023-11-28,439.8248291015625
2023-11-29,439.5154724121094
2023-11-30,441.24609375
2023-12-01,443.8564147949219
2023-12-04,441.5264587402344
2023-12-05,441.43939208984375
2023-12-06,439.6605224609375
2023-12-07,443.0152893066406
2023-12-08,444.9198913574219
2023-12-11,446.6504211425781
2023-12-12,448.69036865234375
2023-12-13,454.8778991699219
2023-12-14,456.3377685546875
2023-12-15,455.5863952636719
2023-12-18,458.14910888671875
2023-12-19,460.9350280761719
2023-12-20,454.54779052734375
2023-12-21,458.8577880859375
2023-12-22,459.7799072265625
2023-12-26,461.72137451171875
2023-12-27,462.55621337890625
2023-12-28,462.73089599609375
2023-12-29,461.3913269042969
2024-01-02,458.8092041015625
2024-01-03,455.062255859375
2024-01-04,453.5964660644531
2024-01-05,454.2177734375
2024-01-08,460.70208740234375
2024-01-09,460.00323486328125
2024-01-10,462.6047058105469
2024-01-11,462.4008483886719
2024-01-12,462.7211608886719
2024-01-16,461.0224609375
2024-01-17,458.459716796875
2024-01-18,462.5367736816406
2024-01-19,468.30279541015625
2024-01-22,469.29296875
2024-01-23,470.66162109375
2024-01-24,471.1761169433594
2024-01-25,473.7388000488281
2024-01-26,473.1369934082031
2024-01-29,476.8839416503906
2024-01-30,476.51513671875
2024-01-31,468.7396545410156
2024-02-01,474.8745422363281
2024-02-02,479.873779296875
2024-02-05,478.12646484375
2024-02-06,479.5146179199219
2024-02-07,483.51397705078125
2024-02-08,483.72747802734375
2024-02-09,486.523193359375
2024-02-12,486.30963134765625
2024-02-13,479.6116943359375
2024-02-14,483.9701843261719
2024-02-15,487.3094482421875
2024-02-16,484.8826599121094
2024-02-20,482.2132263183594
2024-02-21,482.64996337890625
2024-02-22,492.638671875
2024-02-23,492.9784240722656
2024-02-26,491.1728515625
2024-02-27,492.0854187011719
2024-02-28,491.43505859375
2024-02-29,493.2016906738281
2024-03-01,497.8320007324219
2024-03-04,497.2981262207031
2024-03-05,492.3280334472656
2024-03-06,494.8227844238281
2024-03-07,499.734619140625
2024-03-08,496.7351379394531
2024-03-11,496.3080139160156
2024-03-12,501.6468811035156
2024-03-13,500.8605651855469
2024-03-14,499.87054443359375
2024-03-15,496.43817138671875
2024-03-18,499.3885192871094
2024-03-19,502.1636962890625
2024-03-20,506.8083801269531
2024-03-21,508.483154296875
2024-03-22,507.5191955566406
2024-03-25,506.11700439453125
2024-03-26,505.1822509765625
2024-03-27,509.4277038574219
2024-03-28,509.3303527832031
2024-04-01,508.4441223144531
2024-04-02,505.21148681640625
2024-04-03,505.7664489746094
2024-04-04,499.5930480957031
2024-04-05,504.8121643066406
2024-04-08,505.0946350097656
2024-04-09,505.6788635253906
2024-04-10,500.6155090332031
2024-04-11,504.3935546875
2024-04-12,497.43133544921875
2024-04-15,491.199462890625
2024-04-16,490.3036193847656
2024-04-17,487.4018859863281
2024-04-18,486.3989562988281
2024-04-19,482.15350341796875
2024-04-22,486.5936584472656
2024-04-23,492.3678894042969
2024-04-24,492.13421630859375
2024-04-25,490.2646484375
2024-04-26,494.90936279296875
2024-04-29,496.662109375
2024-04-30,488.79437255859375
2024-05-01,487.2071228027344
2024-05-02,491.7642517089844
2024-05-03,497.8598327636719
2024-05-06,503.0010681152344
2024-05-07,503.5561218261719
2024-05-08,503.6048278808594
2024-05-09,506.50653076171875
2024-05-10,507.158935546875
2024-05-13,507.22711181640625
2024-05-14,509.5543518066406
2024-05-15,515.8641357421875
2024-05-16,514.8026733398438
2024-05-17,515.542724609375
2024-05-20,516.13671875
2024-05-21,517.4026489257812
2024-05-22,515.9127197265625
2024-05-23,512.14453125
2024-05-24,515.5331420898438
2024-05-28,515.8932495117188
2024-05-29,512.2807006835938
2024-05-30,508.88250732421875
2024-05-31,513.5173950195312
2024-06-03,513.93603515625
2024-06-04,514.5106201171875
2024-06-05,520.6255493164062
2024-06-06,520.6159057617188
2024-06-07,519.9830322265625
2024-06-10,521.5896606445312
2024-06-11,522.8458251953125
2024-06-12,527.1398315429688
2024-06-13,528.2012329101562
2024-06-14,528.5226440429688
2024-06-17,532.7291870117188
2024-06-18,534.0826416015625
2024-06-20,532.6317138671875
2024-06-21,531.9176635742188
2024-06-24,530.1885375976562
2024-06-25,532.230224609375
2024-06-26,532.8945922851562
2024-06-27,533.7346801757812
2024-06-28,531.6343994140625
2024-07-01,532.7285766601562
2024-07-02,536.3136596679688
2024-07-03,538.7069091796875
2024-07-05,541.8134765625
2024-07-08,542.4386596679688
2024-07-09,542.9661865234375
2024-07-10,548.3389892578125
2024-07-11,543.61083984375
2024-07-12,547.0397338867188
2024-07-15,548.5441284179688
2024-07-16,551.7969970703125
2024-07-17,544.0602416992188
2024-07-18,539.879150390625
2024-07-19,536.2941284179688
2024-07-22,541.8232421875
2024-07-23,540.9733276367188
2024-07-24,528.7135620117188
2024-07-25,525.9586791992188
2024-07-26,531.8493041992188
2024-07-29,532.161865234375
2024-07-30,529.4657592773438
2024-07-31,538.0719604492188
2024-08-01,530.452392578125
2024-08-02,520.5762329101562
2024-08-05,505.41510009765625
2024-08-06,510.07489013671875
2024-08-07,506.6654968261719
2024-08-08,518.3782348632812
2024-08-09,520.6640014648438
2024-08-12,520.9376831054688
2024-08-13,529.5047607421875
2024-08-14,531.1752319335938
2024-08-15,540.2798461914062
2024-08-16,541.4910888671875
2024-08-19,546.6683959960938
2024-08-20,545.7796020507812
2024-08-21,547.6550903320312
2024-08-22,543.3568115234375
2024-08-23,549.1302490234375
2024-08-26,547.8211669921875
2024-08-27,548.5734252929688
2024-08-28,545.3887939453125
2024-08-29,545.4376831054688
2024-08-30,550.6444091796875
2024-09-03,539.3126831054688
2024-09-04,538.2088623046875
2024-09-05,536.8997192382812
2024-09-06,527.8636474609375
2024-09-09,533.773681640625
2024-09-10,536.0987548828125
2024-09-11,541.5985107421875
2024-09-12,546.1605834960938
2024-09-13,549.0130004882812
2024-09-16,549.8239135742188
2024-09-17,550.0484619140625
2024-09-18,548.4170532226562
2024-09-19,557.7755126953125
2024-09-20,556.8113403320312
2024-09-23,558.2027587890625
2024-09-24,559.7998657226562
2024-09-25,558.5653076171875
2024-09-26,560.77978515625
2024-09-27,559.9664916992188
2024-09-30,562.2103881835938
2024-10-01,557.1738891601562
2024-10-02,557.4091796875
2024-10-03,556.3899536132812
2024-10-04,561.4459838867188
2024-10-07,556.370361328125
2024-10-08,561.6322631835938
2024-10-09,565.5223999023438
2024-10-10,564.53271484375
2024-10-11,567.9132690429688
2024-10-14,572.557861328125
2024-10-15,568.1093139648438
2024-10-16,570.5784912109375
2024-10-17,570.6276245117188
2024-10-18,572.8223876953125
2024-10-21,571.8817749023438
2024-10-22,571.5780639648438
2024-10-23,566.355224609375
2024-10-24,567.580078125
2024-10-25,567.384033203125
2024-10-28,569.13818359375
2024-10-29,570.0592041015625
2024-10-30,568.3345947265625
2024-10-31,557.1934814453125
2024-11-01,559.5452270507812
2024-11-04,558.3399047851562
2024-11-05,565.0912475585938
2024-11-06,579.1425170898438
2024-11-07,583.6205444335938
2024-11-08,586.148681640625
2024-11-11,586.7072143554688
2024-11-12,584.884765625
2024-11-13,585.1687622070312
2024-11-14,581.4060668945312
2024-11-15,573.9590454101562
2024-11-18,576.310791015625
2024-11-19,578.41748046875
2024-11-20,578.6134033203125
2024-11-21,581.7196655273438
2024-11-22,583.5225830078125
2024-11-25,585.501953125
2024-11-26,588.5592651367188
2024-11-27,586.7758178710938
2024-11-29,590.4208374023438
2024-12-02,591.4791870117188
2024-12-03,591.7535400390625
2024-12-04,595.4280395507812
2024-12-05,594.4481811523438
2024-12-06,595.5750122070312
2024-12-09,592.508056640625
2024-12-10,590.665771484375
2024-12-11,595.2321166992188
2024-12-12,592.1651611328125
2024-12-13,592.0474853515625
2024-12-16,594.575439453125
2024-12-17,592.1259155273438
2024-12-18,574.4784545898438
2024-12-19,574.302001953125
2024-12-20,581.2000122070312
2024-12-23,584.680419921875
2024-12-24,591.1790161132812
2024-12-26,591.2185668945312
2024-12-27,584.9949951171875
2024-12-30,578.3192138671875
2024-12-31,576.2152099609375
2025-01-02,574.799560546875
2025-01-03,581.9865112304688
2025-01-06,585.3389892578125
2025-01-07,578.7222900390625
2025-01-08,579.56787109375
2025-01-10,570.7192993164062
2025-01-13,571.604248046875
2025-01-14,572.3906860351562
2025-01-15,582.8025512695312
2025-01-16,581.6817016601562
2025-01-17,587.5218505859375
2025-01-21,592.8995361328125
2025-01-22,596.2326049804688
2025-01-23,599.4868774414062
2025-01-24,597.7367553710938
2025-01-27,589.2816162109375
2025-01-28,594.344970703125
2025-01-29,591.6805419921875
2025-01-30,594.8560791015625
2025-01-31,591.6902465820312
2025-02-03,587.70849609375
2025-02-04,591.6509399414062
2025-02-05,594.0499267578125
2025-02-06,596.1146240234375
2025-02-07,590.6580200195312
2025-02-10,594.6693115234375
2025-02-11,595.1217041015625
2025-02-12,593.2044067382812
2025-02-13,599.4672241210938
2025-02-14,599.4376831054688
2025-02-18,601.1975708007812
2025-02-19,602.6133422851562
2025-02-20,600.106201171875
2025-02-21,589.8419189453125
2025-02-24,587.157958984375
2025-02-25,584.2379150390625
2025-02-26,584.5328979492188
2025-02-27,575.2025756835938
2025-02-28,584.1788940429688
2025-03-03,573.9441528320312
2025-03-04,567.1505126953125
2025-03-05,573.2460327148438
2025-03-06,563.0702514648438
2025-03-07,566.2262573242188
2025-03-10,551.14453125
2025-03-11,546.5629272460938
2025-03-12,549.4632568359375
2025-03-13,542.1386108398438
2025-03-14,553.3369140625
2025-03-17,557.6039428710938
2025-03-18,551.5770263671875
2025-03-19,557.5842895507812
2025-03-20,555.9718627929688
2025-03-21,556.1553344726562
2025-03-24,566.1151733398438
2025-03-25,567.4759521484375
2025-03-26,560.7013549804688
2025-03-27,559.2122802734375
2025-03-28,547.95068359375
2025-03-31,551.6289672851562
2025-04-01,553.18701171875
2025-04-02,556.6878051757812
2025-04-03,529.2537841796875
2025-04-04,498.2696838378906
2025-04-07,497.3821716308594
2025-04-08,489.591796875
2025-04-09,541.0084838867188
2025-04-10,517.3018798828125
2025-04-11,526.531982421875
2025-04-14,531.64013671875
2025-04-15,530.1511840820312
2025-04-16,518.3668823242188
2025-04-17,519.1064453125
2025-04-21,506.7503356933594
2025-04-22,519.9348754882812
2025-04-23,527.9915161132812
2025-04-24,539.1051635742188
2025-04-25,543.0003662109375
2025-04-28,543.2074584960938
2025-04-29,546.6292724609375
2025-04-30,546.8462524414062
2025-05-01,550.7216796875
2025-05-02,558.8966674804688
2025-05-05,555.6918334960938
2025-05-06,551.0471801757812
2025-05-07,553.364501953125
2025-05-08,557.2203369140625
2025-05-09,556.51025390625
2025-05-12,574.9015502929688
2025-05-13,578.6981201171875
2025-05-14,579.437744140625
2025-05-15,582.2678833007812
2025-05-16,585.9559936523438
2025-05-19,586.5969848632812
2025-05-20,584.6246948242188
2025-05-21,574.7733764648438
2025-05-22,575.0001831054688
2025-05-23,571.0753173828125
2025-05-27,582.9483642578125
2025-05-28,579.5758056640625
2025-05-29,581.8635864257812
2025-05-30,581.2127685546875
2025-06-02,584.4866943359375
2025-06-03,587.8197631835938
2025-06-04,587.6619873046875
2025-06-05,584.8219604492188
2025-06-06,590.8274536132812
2025-06-09,591.3599243164062
2025-06-10,594.7127685546875
2025-06-11,593.0166625976562
2025-06-12,595.3734741210938
2025-06-13,588.7171020507812
2025-06-16,594.318359375
2025-06-17,589.2398681640625
2025-06-18,589.1510009765625
2025-06-20,587.7673950195312
2025-06-23,593.5730590820312
2025-06-24,600.13037109375
2025-06-25,600.4666748046875
2025-06-26,605.1646118164062
2025-06-27,608.1712646484375
2025-06-30,611.0791015625
2025-07-01,610.8812866210938
2025-07-02,613.650634765625
2025-07-03,618.4869995117188
2025-07-07,613.8780517578125
2025-07-08,613.5418090820312
2025-07-09,617.2210083007812
2025-07-10,618.9617309570312
2025-07-11,616.7858276367188
2025-07-14,617.9628295898438
2025-07-15,615.3220825195312
2025-07-16,617.3792724609375
2025-07-17,621.1573486328125
2025-07-18,620.7024536132812
2025-07-21,621.87939453125
2025-07-22,621.9684448242188
2025-07-23,627.2598266601562
2025-07-24,627.4674072265625
2025-07-25,630.1181030273438
2025-07-28,629.9598388671875
2025-07-29,628.29833984375
2025-07-30,627.5070190429688
2025-07-31,625.153076171875
2025-08-01,614.9066162109375
2025-08-04,624.2530517578125
2025-08-05,621.088134765625
2025-08-06,625.845458984375
2025-08-07,625.3212280273438
2025-08-08,630.1972045898438
2025-08-11,628.9510498046875
2025-08-12,635.6468505859375
2025-08-13,637.8228149414062
2025-08-14,637.882080078125
2025-08-15,636.388671875
2025-08-18,636.2501220703125
2025-08-19,632.7984008789062
2025-08-20,631.116943359375
2025-08-21,628.5851440429688
2025-08-22,638.2381591796875
2025-08-25,635.4292602539062
2025-08-26,638.0897827148438
2025-08-27,639.543701171875
2025-08-28,641.80859375
2025-08-29,637.98095703125
2025-09-02,633.25341796875
2025-09-03,636.6853637695312
2025-09-04,642.0064086914062
2025-09-05,640.1469116210938
2025-09-08,641.7196044921875
2025-09-09,643.203125
2025-09-10,645.0625
2025-09-11,650.4231567382812
2025-09-12,650.2054443359375
2025-09-15,653.6671752929688
2025-09-16,652.76708984375
2025-09-17,651.9561157226562
2025-09-18,655.00244140625
2025-09-19,658.2465209960938
2025-09-22,661.3606567382812
2025-09-23,657.7606201171875
2025-09-24,655.6677856445312
2025-09-25,652.6429443359375
2025-09-26,656.3819580078125
2025-09-29,658.2266845703125
2025-09-30,660.7061157226562
2025-10-01,662.95751953125
2025-10-02,663.7210693359375
2025-10-03,663.7112426757812
2025-10-06,666.0914916992188
2025-10-07,663.6219482421875
2025-10-08,667.5791625976562
2025-10-09,665.6452026367188
2025-10-10,647.6542358398438
2025-10-13,657.5919189453125
2025-10-14,656.78857421875
2025-10-15,659.7044067382812
2025-10-16,655.2117309570312
2025-10-17,658.9308471679688
2025-10-20,665.7840576171875
2025-10-21,665.7741088867188
2025-10-22,662.3128051757812
2025-10-23,666.2402954101562
2025-10-24,671.6851806640625
2025-10-27,679.6094970703125
2025-10-28,681.41455078125
2025-10-29,681.7418823242188
2025-10-30,674.2439575195312
2025-10-31,676.4556274414062
2025-11-03,677.7251586914062
2025-11-04,669.6917114257812
2025-11-05,672.0125122070312
2025-11-06,664.8021850585938
2025-11-07,665.4567260742188
2025-11-10,675.8407592773438
2025-11-11,677.3878784179688
2025-11-12,677.7647705078125
2025-11-13,666.5179443359375
2025-11-14,666.408935546875
2025-11-17,660.2002563476562
2025-11-18,654.65625
2025-11-19,657.185302734375
2025-11-20,647.1683349609375
2025-11-21,653.6148681640625
2025-11-24,663.2351684570312
2025-11-25,669.4734497070312
2025-11-26,674.09521484375
2025-11-28,677.7747192382812
2025-12-01,674.6803588867188
2025-12-02,675.9300537109375
2025-12-03,678.2706298828125
2025-12-04,678.7665405273438
2025-12-05,680.0557861328125
2025-12-08,678.0127563476562
2025-12-09,677.4275512695312
2025-12-10,681.92041015625
2025-12-11,683.5072021484375
2025-12-12,676.1580810546875
2025-12-15,675.1365356445312
2025-12-16,673.2918701171875
2025-12-17,665.8832397460938
2025-12-18,670.9114990234375
2025-12-19,676.9923095703125
2025-12-22,681.2098388671875
2025-12-23,684.3233032226562
2025-12-24,686.7305297851562
2025-12-26,686.660888671875
2025-12-29,684.2138671875
2025-12-30,683.3782958984375
2025-12-31,678.3152465820312
2026-01-02,679.55859375
2026-01-05,684.0845947265625
2026-01-06,688.1529541015625
2026-01-07,685.9347534179688
2026-01-08,685.8651123046875
2026-01-09,690.4010009765625
2026-01-12,691.4852294921875
2026-01-13,690.1026000976562
2026-01-14,686.7105712890625
2026-01-15,688.5806884765625
2026-01-16,688.0037231445312
2026-01-20,673.9981689453125
2026-01-21,681.77685546875
2026-01-22,685.3379516601562
2026-01-23,685.5865478515625
2026-01-26,689.068115234375
2026-01-27,691.8134765625
2026-01-28,691.7438354492188
2026-01-29,690.3711547851562
2026-01-30,688.3121337890625
2026-02-02,691.73388671875
2026-02-03,685.885009765625
2026-02-04,682.5626831054688
2026-02-05,674.0379638671875
2026-02-06,686.96923828125
2026-02-09,690.2816162109375
2026-02-10,688.4613037109375
2026-02-11,688.3021850585938
2026-02-12,677.668701171875
2026-02-13,678.1461181640625
2026-02-17,679.2402954101562
2026-02-18,682.662109375
2026-02-19,680.8616943359375
2026-02-20,685.7855834960938
2026-02-23,678.7827758789062
2026-02-24,683.7164916992188
2026-02-25,689.4859008789062
2026-02-26,685.6561889648438
2026-02-27,682.3637084960938
2026-03-02,682.7516479492188
2026-03-03,676.7337036132812
2026-03-04,681.50830078125
2026-03-05,677.7084350585938
2026-03-06,668.8256225585938
2026-03-09,674.6845092773438
2026-03-10,673.6002807617188
2026-03-11,672.7548217773438
2026-03-12,662.5390625
2026-03-13,658.7890014648438
2026-03-16,665.493408203125
2026-03-17,667.2440185546875
2026-03-18,657.9335327148438
2026-03-19,656.3121337890625
2026-03-20,646.9034423828125
2026-03-23,653.6959228515625
2026-03-24,651.5015869140625
2026-03-25,655.1322021484375
2026-03-26,643.432373046875
2026-03-27,632.4606323242188
2026-03-30,630.3460693359375
2026-03-31,648.6688842773438
2026-04-01,653.5562744140625
2026-04-02,654.144775390625
2026-04-06,657.23681640625
2026-04-07,657.5260009765625
2026-04-08,674.27294921875
2026-04-09,678.162841796875
2026-04-10,677.7140502929688
2026-04-13,684.3369750976562
2026-04-14,692.675537109375
2026-04-15,698.1414184570312
2026-04-16,699.8569946289062
2026-04-17,708.3152465820312
2026-04-20,706.8988037109375
2026-04-21,702.2708129882812
2026-04-22,709.3825073242188
2026-04-23,706.6295776367188
2026-04-24,712.10546875
2026-04-27,713.332275390625
2026-04-28,709.8612060546875
2026-04-29,709.7515258789062
2026-04-30,716.8132934570312
2026-05-01,718.7982177734375
2026-05-04,716.1649780273438
2026-05-05,721.9102172851562
2026-05-06,731.9443359375
2026-05-07,729.7001342773438
2026-05-08,735.724609375
2026-05-11,737.4002685546875
2026-05-12,736.2831420898438
2026-05-13,740.4025268554688
2026-05-14,746.2474975585938
2026-05-15,737.2706298828125
2026-05-18,736.751953125
2026-05-19,731.8446044921875
2026-05-20,739.3452758789062
2026-05-21,740.8114624023438
2026-05-22,743.7239990234375
2026-05-26,748.6613159179688
2026-05-27,748.5316162109375
2026-05-28,752.6609497070312
2026-05-29,754.5361328125
2026-06-01,756.5908203125
2026-06-02,757.6182250976562
2026-06-03,752.3018798828125
2026-06-04,755.1445922851562
2026-06-05,735.65478515625
2026-06-08,737.3204345703125
2026-06-09,735.1560668945312
2026-06-10,723.56591796875
2026-06-11,735.8642578125
2026-06-12,739.843994140625
2026-06-15,752.890380859375
2026-06-16,748.4019775390625
2026-06-17,739.0560302734375
2026-06-18,746.739990234375
2026-06-22,744.3900146484375
2026-06-23,733.5800170898438
2026-06-24,733.239990234375
2026-06-25,734.2999877929688
2026-06-26,728.989990234375
2026-06-29,741.0
2026-06-30,746.77001953125
2026-07-01,745.760009765625
2026-07-02,744.780029296875
2026-07-06,751.280029296875
2026-07-07,747.7100219726562
2026-07-08,745.4000244140625
2026-07-09,751.7100219726562
2026-07-10,754.9500122070312
2026-07-13,749.1699829101562
2026-07-14,751.8300170898438
2026-07-15,754.8099975585938
2026-07-16,750.719970703125
2026-07-17,743.2899780273438
2026-07-20,742.0900268554688
2026-07-21,748.280029296875
2026-07-22,747.4099731445312
2026-07-23,738.1799926757812
2026-07-24,738.9299926757812
2026-07-27,739.0900268554688
2026-07-28,740.8599853515625
2026-07-29,729.4600219726562
2026-07-30,741.6900024414062
2026-07-31,747.030029296875
2026-08-03,757.6699829101562
2026-08-04,771.3300170898438
2026-08-05,769.7899780273438
2026-08-06,768.5599975585938
2026-08-07,773.260009765625
2026-08-10,773.030029296875
2026-08-11,770.5599975585938
2026-08-12,772.489990234375
2026-08-13,777.8800048828125
2026-08-14,776.3400268554688
2026-08-17,772.6699829101562
